query_id,condition_id,task,metric,H,ordinal,episode_path,query_index,status,question_name,parsed,parse_error,saved_prediction,saved_ground_truth,official_exact_match_pct,accuracy_pct,original_element_accuracy_pct,unchanged_dimensions,state_dimensions,na_reason,query_elapsed_seconds,request_elapsed_seconds,input_tokens,output_tokens,total_tokens,evaluation_kind,three_class_ground_truth,state_threshold,prompt_allows_unchanged
97dbe00fb5d45c00fe12f82e0c5dcf7ce89dce47e5cae295b1fe6841c8890db4,3.5__MountainCar-v0__next-action__H5,MountainCar-v0,next-action,5,0,data/llmx_data/offline_data/physics_data/raw_transitions/MountainCar-v0/episodes/episode_0.npz,5,match,next_action_prediction,True,,2,2,100.0,100.0,,0,,,4.603190291905776,4.365577875054441,748,117,865,discrete_action_match,,,
a8ad006eb1e741de9d51f18e68c7f53d6a817cbff24bf61d56b06ddb89aa9c09,3.5__MountainCar-v0__next-action__H5,MountainCar-v0,next-action,5,1,data/llmx_data/offline_data/physics_data/raw_transitions/MountainCar-v0/episodes/episode_0.npz,6,match,next_action_prediction,True,,2,2,100.0,100.0,,0,,,3.371738167013973,3.3681747920345515,749,134,883,discrete_action_match,,,
1221f252b8104e113fa6ad37c897edbf38299c2f6592b22065145bc5d0ac5568,3.5__MountainCar-v0__next-action__H5,MountainCar-v0,next-action,5,2,data/llmx_data/offline_data/physics_data/raw_transitions/MountainCar-v0/episodes/episode_0.npz,7,match,next_action_prediction,True,,2,2,100.0,100.0,,0,,,3.1451217910507694,3.141168542089872,749,129,878,discrete_action_match,,,
3a24128ce4530a82a7de5fcf1461f0eac433c1699494a6a6dbb7e97744dbf809,3.5__MountainCar-v0__next-action__H5,MountainCar-v0,next-action,5,3,data/llmx_data/offline_data/physics_data/raw_transitions/MountainCar-v0/episodes/episode_0.npz,8,match,next_action_prediction,True,,2,2,100.0,100.0,,0,,,3.0358419999247417,3.0319876660360023,749,150,899,discrete_action_match,,,
12ed2d6f5ec52f693063feef7741a8494ab97eeb0fbd3af7374901784c536e2c,3.5__MountainCar-v0__next-action__H5,MountainCar-v0,next-action,5,4,data/llmx_data/offline_data/physics_data/raw_transitions/MountainCar-v0/episodes/episode_0.npz,9,mismatch,next_action_prediction,True,,2,1,0.0,0.0,,0,,,3.0765393750043586,3.0728065409930423,748,164,912,discrete_action_match,,,
e3929e7f9efcfc06d6c73c8089057a14f4c280e8bc753725b4e762af4c5ed914,3.5__MountainCar-v0__next-action__H5,MountainCar-v0,next-action,5,5,data/llmx_data/offline_data/physics_data/raw_transitions/MountainCar-v0/episodes/episode_0.npz,10,mismatch,next_action_prediction,True,,2,1,0.0,0.0,,0,,,3.0031723339343444,2.999356957967393,748,142,890,discrete_action_match,,,
7febee3701fb74af105a6b6b84ba62c2407232abc597000282de6f1676d1b3a7,3.5__MountainCar-v0__next-action__H5,MountainCar-v0,next-action,5,6,data/llmx_data/offline_data/physics_data/raw_transitions/MountainCar-v0/episodes/episode_0.npz,11,mismatch,next_action_prediction,True,,2,1,0.0,0.0,,0,,,2.006298833992332,2.001663750037551,748,137,885,discrete_action_match,,,
ad95fa5e1296754a4382e89ebe955650aa8b3799e496ff1fdfb5d9d85de1307f,3.5__MountainCar-v0__next-action__H5,MountainCar-v0,next-action,5,7,data/llmx_data/offline_data/physics_data/raw_transitions/MountainCar-v0/episodes/episode_0.npz,12,mismatch,next_action_prediction,True,,1,0,0.0,0.0,,0,,,2.6034687920473516,2.5992190000833943,748,188,936,discrete_action_match,,,
6688f748c7a56ff8950190d41a0ec457687b6cdd023d5248efec2833515d5fd8,3.5__MountainCar-v0__next-action__H5,MountainCar-v0,next-action,5,8,data/llmx_data/offline_data/physics_data/raw_transitions/MountainCar-v0/episodes/episode_0.npz,13,mismatch,next_action_prediction,True,,2,0,0.0,0.0,,0,,,3.113088332931511,3.108659166027792,748,150,898,discrete_action_match,,,
3f1b68acb77464069a0a0013350371b899d29dfc7e2243f24aa22575606cb60f,3.5__MountainCar-v0__next-action__H5,MountainCar-v0,next-action,5,9,data/llmx_data/offline_data/physics_data/raw_transitions/MountainCar-v0/episodes/episode_0.npz,14,mismatch,next_action_prediction,True,,2,0,0.0,0.0,,0,,,3.3422062089666724,3.3375647499924526,749,190,939,discrete_action_match,,,
7fc49b52cbcc6b59f98dcdc92dd7de9fcd48f2987f659656f77c82b78359a086,3.5__MountainCar-v0__next-action__H5,MountainCar-v0,next-action,5,10,data/llmx_data/offline_data/physics_data/raw_transitions/MountainCar-v0/episodes/episode_0.npz,15,mismatch,next_action_prediction,True,,1,0,0.0,0.0,,0,,,2.437801792053506,2.4342049999395385,755,161,916,discrete_action_match,,,
77795aef42c1fa91057bb0386aa669657ab80e3dbd2823708093adc7a75b7c7d,3.5__MountainCar-v0__next-action__H5,MountainCar-v0,next-action,5,11,data/llmx_data/offline_data/physics_data/raw_transitions/MountainCar-v0/episodes/episode_0.npz,16,mismatch,next_action_prediction,True,,2,0,0.0,0.0,,0,,,1.9409267499577254,1.936877541942522,754,156,910,discrete_action_match,,,
81746dde6cc671c196501f94f947b6471fed70926c791fafe24e9414b7af0962,3.5__MountainCar-v0__next-action__H5,MountainCar-v0,next-action,5,12,data/llmx_data/offline_data/physics_data/raw_transitions/MountainCar-v0/episodes/episode_0.npz,17,match,next_action_prediction,True,,0,0,100.0,100.0,,0,,,3.1885880830232054,3.1842432080302387,753,157,910,discrete_action_match,,,
fe527608087c5afee95c9f6b68de8d3d955cbc6219fda31fdd2fbae72231b517,3.5__MountainCar-v0__next-action__H5,MountainCar-v0,next-action,5,13,data/llmx_data/offline_data/physics_data/raw_transitions/MountainCar-v0/episodes/episode_0.npz,18,match,next_action_prediction,True,,0,0,100.0,100.0,,0,,,2.622194541967474,2.617544166976586,752,153,905,discrete_action_match,,,
c901c50beacf169bc73de501adcab7cb06d70eb5a076eeaa690e638377859b15,3.5__MountainCar-v0__next-action__H5,MountainCar-v0,next-action,5,14,data/llmx_data/offline_data/physics_data/raw_transitions/MountainCar-v0/episodes/episode_0.npz,19,match,next_action_prediction,True,,0,0,100.0,100.0,,0,,,1.8072623340412974,1.8036635420285165,751,153,904,discrete_action_match,,,
9574f51197f958c2c742e11a106c3f7f9abf3907a83e9fc7a990641fcc0b3a99,3.5__MountainCar-v0__next-action__H5,MountainCar-v0,next-action,5,15,data/llmx_data/offline_data/physics_data/raw_transitions/MountainCar-v0/episodes/episode_0.npz,20,match,next_action_prediction,True,,0,0,100.0,100.0,,0,,,2.661534250015393,2.657034375006333,750,183,933,discrete_action_match,,,
4c4882bcb7a568f48b362220b3510cf23578af7d986253b458fa464187a7f90c,3.5__MountainCar-v0__next-action__H5,MountainCar-v0,next-action,5,16,data/llmx_data/offline_data/physics_data/raw_transitions/MountainCar-v0/episodes/episode_0.npz,21,match,next_action_prediction,True,,0,0,100.0,100.0,,0,,,2.260923916939646,2.256343915942125,743,138,881,discrete_action_match,,,
e73a877f3b151e88dde64192c50b516a1c21a698c81e8ee1ccf05cf5f44dbb70,3.5__MountainCar-v0__next-action__H5,MountainCar-v0,next-action,5,17,data/llmx_data/offline_data/physics_data/raw_transitions/MountainCar-v0/episodes/episode_0.npz,22,match,next_action_prediction,True,,0,0,100.0,100.0,,0,,,2.248686417005956,2.244289334048517,742,157,899,discrete_action_match,,,
f4c54e558ab5120076b814f654a13d60af9d0d9e067b9730a23c85931255fe9b,3.5__MountainCar-v0__next-action__H5,MountainCar-v0,next-action,5,18,data/llmx_data/offline_data/physics_data/raw_transitions/MountainCar-v0/episodes/episode_0.npz,23,match,next_action_prediction,True,,0,0,100.0,100.0,,0,,,1.731571916025132,1.7273402080172673,742,146,888,discrete_action_match,,,
9372e55106c97a366c04ff45ba35e4b7b7fec3e4cc34a6b4bea813ceb766d2bb,3.5__MountainCar-v0__next-action__H5,MountainCar-v0,next-action,5,19,data/llmx_data/offline_data/physics_data/raw_transitions/MountainCar-v0/episodes/episode_0.npz,24,match,next_action_prediction,True,,0,0,100.0,100.0,,0,,,2.638805542024784,2.6347076250240207,742,150,892,discrete_action_match,,,
bc25dd5955580f5a4b1d9e72562e18a132cddfc16674cb5ea09c2d59a8b2988b,3.5__MountainCar-v0__next-action__H5,MountainCar-v0,next-action,5,20,data/llmx_data/offline_data/physics_data/raw_transitions/MountainCar-v0/episodes/episode_0.npz,25,match,next_action_prediction,True,,0,0,100.0,100.0,,0,,,3.2295592919690534,3.2253286249469966,742,154,896,discrete_action_match,,,
06f7bdf8fdfcb0aab58426219af6ad3a6881fff3e661cb2b4503a3d4a6c18ad6,3.5__MountainCar-v0__next-action__H5,MountainCar-v0,next-action,5,21,data/llmx_data/offline_data/physics_data/raw_transitions/MountainCar-v0/episodes/episode_0.npz,26,mismatch,next_action_prediction,True,,2,0,0.0,0.0,,0,,,1.5217576249269769,1.5172401670133695,741,173,914,discrete_action_match,,,
eb6c1eea3dc9d861c734f98965a5914852a5287faa16c791ad5f7adf210211ba,3.5__MountainCar-v0__next-action__H5,MountainCar-v0,next-action,5,22,data/llmx_data/offline_data/physics_data/raw_transitions/MountainCar-v0/episodes/episode_0.npz,27,match,next_action_prediction,True,,0,0,100.0,100.0,,0,,,1.9077381249517202,1.903480999986641,742,156,898,discrete_action_match,,,
8195f856d172a305f984dc66e6303972b6884e769ebb96552e3bbd3b9709f645,3.5__MountainCar-v0__next-action__H5,MountainCar-v0,next-action,5,23,data/llmx_data/offline_data/physics_data/raw_transitions/MountainCar-v0/episodes/episode_0.npz,28,mismatch,next_action_prediction,True,,2,0,0.0,0.0,,0,,,2.0647669580066577,2.0603994579287246,741,152,893,discrete_action_match,,,
af73e492cb06927e578a58e0d809a1af7be61c090be9367aa45adf945fc8afce,3.5__MountainCar-v0__next-action__H5,MountainCar-v0,next-action,5,24,data/llmx_data/offline_data/physics_data/raw_transitions/MountainCar-v0/episodes/episode_0.npz,29,match,next_action_prediction,True,,0,0,100.0,100.0,,0,,,4.133253582986072,4.129577041952871,741,147,888,discrete_action_match,,,
1b37f7fb1ac1ea50efa4c004d68e3477beecdd1510486fc6cbad46012df90666,3.5__MountainCar-v0__next-action__H5,MountainCar-v0,next-action,5,25,data/llmx_data/offline_data/physics_data/raw_transitions/MountainCar-v0/episodes/episode_0.npz,30,match,next_action_prediction,True,,0,0,100.0,100.0,,0,,,2.738781000021845,2.7347804580349475,741,151,892,discrete_action_match,,,
3f176d871c387998cb44388bf98e944d542808bdc0bfa329917ef2659dd24646,3.5__MountainCar-v0__next-action__H5,MountainCar-v0,next-action,5,26,data/llmx_data/offline_data/physics_data/raw_transitions/MountainCar-v0/episodes/episode_0.npz,31,match,next_action_prediction,True,,0,0,100.0,100.0,,0,,,3.151944874902256,3.1474124579690397,742,147,889,discrete_action_match,,,
4970813ca05d5b7d2c17723b55fe4c483d50de68e8ee694268a9f04759a269c8,3.5__MountainCar-v0__next-action__H5,MountainCar-v0,next-action,5,27,data/llmx_data/offline_data/physics_data/raw_transitions/MountainCar-v0/episodes/episode_0.npz,32,match,next_action_prediction,True,,0,0,100.0,100.0,,0,,,2.4160515000112355,2.4127498749876395,742,162,904,discrete_action_match,,,
8c9c14b48a06e52607c0ff93a8203692ba7432c037a55813d4783c05c62275d2,3.5__MountainCar-v0__next-action__H5,MountainCar-v0,next-action,5,28,data/llmx_data/offline_data/physics_data/raw_transitions/MountainCar-v0/episodes/episode_0.npz,33,match,next_action_prediction,True,,0,0,100.0,100.0,,0,,,1.8599781249649823,1.8567950410069898,743,158,901,discrete_action_match,,,
64efbe58fd51d617010033ef6ef756df3518a7d4aab5d9dfb3262fe09be7bd0c,3.5__MountainCar-v0__next-action__H5,MountainCar-v0,next-action,5,29,data/llmx_data/offline_data/physics_data/raw_transitions/MountainCar-v0/episodes/episode_0.npz,34,match,next_action_prediction,True,,0,0,100.0,100.0,,0,,,2.580157250049524,2.5772598329931498,742,137,879,discrete_action_match,,,
7ff59fa6b43a8bf8ee588a7a217a8ef0f8b571da95129922c0dbcc68ca14f180,3.5__MountainCar-v0__next-action__H10,MountainCar-v0,next-action,10,0,data/llmx_data/offline_data/physics_data/raw_transitions/MountainCar-v0/episodes/episode_0.npz,10,mismatch,next_action_prediction,True,,2,1,0.0,0.0,,0,,,3.4926759169902653,3.2395606249338016,912,133,1045,discrete_action_match,,,
47f7718021a97898334a16d2c1dcdb09e2ebbaa060b20b6776fca355992837f4,3.5__MountainCar-v0__next-action__H10,MountainCar-v0,next-action,10,1,data/llmx_data/offline_data/physics_data/raw_transitions/MountainCar-v0/episodes/episode_0.npz,11,mismatch,next_action_prediction,True,,2,1,0.0,0.0,,0,,,4.810991458944045,4.806662917020731,913,166,1079,discrete_action_match,,,
ab6724c86c0ef7c569acf124859946974a388c77c53dcc394c11f9b87a30f9f2,3.5__MountainCar-v0__next-action__H10,MountainCar-v0,next-action,10,2,data/llmx_data/offline_data/physics_data/raw_transitions/MountainCar-v0/episodes/episode_0.npz,12,mismatch,next_action_prediction,True,,2,0,0.0,0.0,,0,,,3.3428521249443293,3.3397956249536946,913,166,1079,discrete_action_match,,,
642c42816acde80d611322d50c817f6282e500e2563abde9216b9c3900d752b6,3.5__MountainCar-v0__next-action__H10,MountainCar-v0,next-action,10,3,data/llmx_data/offline_data/physics_data/raw_transitions/MountainCar-v0/episodes/episode_0.npz,13,mismatch,next_action_prediction,True,,1,0,0.0,0.0,,0,,,2.315345791983418,2.3122686250135303,913,145,1058,discrete_action_match,,,
10f1fa5f3051aa3e5c2459feef01a0612c92d0d4e2247865dfadbbd4539fb604,3.5__MountainCar-v0__next-action__H10,MountainCar-v0,next-action,10,4,data/llmx_data/offline_data/physics_data/raw_transitions/MountainCar-v0/episodes/episode_0.npz,14,mismatch,next_action_prediction,True,,1,0,0.0,0.0,,0,,,4.192708041984588,4.188419040990993,913,189,1102,discrete_action_match,,,
0c24ad10bb2b750a67c77fdf43b42bc0dd564748be55974af15cd8dbc1480f42,3.5__MountainCar-v0__next-action__H10,MountainCar-v0,next-action,10,5,data/llmx_data/offline_data/physics_data/raw_transitions/MountainCar-v0/episodes/episode_0.npz,15,mismatch,next_action_prediction,True,,1,0,0.0,0.0,,0,,,3.6688657499616966,3.664402083028108,919,158,1077,discrete_action_match,,,
8f6727bd3d82a2ce5b7b5b68dbf31383ebc0a22e0d4ead5bfc199eeeb06b4dc8,3.5__MountainCar-v0__next-action__H10,MountainCar-v0,next-action,10,6,data/llmx_data/offline_data/physics_data/raw_transitions/MountainCar-v0/episodes/episode_0.npz,16,mismatch,next_action_prediction,True,,1,0,0.0,0.0,,0,,,2.908317666966468,2.9049077921081334,918,138,1056,discrete_action_match,,,
fe413bf9766020f52cf8c9b5f145be2f801518942c8fc154337b44209a7471b6,3.5__MountainCar-v0__next-action__H10,MountainCar-v0,next-action,10,7,data/llmx_data/offline_data/physics_data/raw_transitions/MountainCar-v0/episodes/episode_0.npz,17,match,next_action_prediction,True,,0,0,100.0,100.0,,0,,,2.90553224994801,2.9029963749926537,917,190,1107,discrete_action_match,,,
0182e12e3ff16e79f0403708d8f6979143485413c1a83baf77e2d122e05ec925,3.5__MountainCar-v0__next-action__H10,MountainCar-v0,next-action,10,8,data/llmx_data/offline_data/physics_data/raw_transitions/MountainCar-v0/episodes/episode_0.npz,18,match,next_action_prediction,True,,0,0,100.0,100.0,,0,,,3.3548383329762146,3.3511076669674367,916,131,1047,discrete_action_match,,,
d0e987d99a7baca94350817ef8e739145e7d83c70076e28b3dbe04ada1da37b4,3.5__MountainCar-v0__next-action__H10,MountainCar-v0,next-action,10,9,data/llmx_data/offline_data/physics_data/raw_transitions/MountainCar-v0/episodes/episode_0.npz,19,match,next_action_prediction,True,,0,0,100.0,100.0,,0,,,3.1182650410337374,3.113762208027765,916,177,1093,discrete_action_match,,,
75bb2493f31cb567a3b805981fc88955ae67d89dc44fa71ebc0dd8aa347ed46b,3.5__MountainCar-v0__next-action__H10,MountainCar-v0,next-action,10,10,data/llmx_data/offline_data/physics_data/raw_transitions/MountainCar-v0/episodes/episode_0.npz,20,match,next_action_prediction,True,,0,0,100.0,100.0,,0,,,3.797540250001475,3.7931900409748778,915,166,1081,discrete_action_match,,,
612fa7756c1cd3e1c3aff98fcf26556fa17534326f0b252389bf83502e20d0b7,3.5__MountainCar-v0__next-action__H10,MountainCar-v0,next-action,10,11,data/llmx_data/offline_data/physics_data/raw_transitions/MountainCar-v0/episodes/episode_0.npz,21,match,next_action_prediction,True,,0,0,100.0,100.0,,0,,,2.7813332080841064,2.777089082985185,914,150,1064,discrete_action_match,,,
8a3fbf1ddde8aa49ccda8a8574248acc312ca982eb5a32f460098fa126afc0a7,3.5__MountainCar-v0__next-action__H10,MountainCar-v0,next-action,10,12,data/llmx_data/offline_data/physics_data/raw_transitions/MountainCar-v0/episodes/episode_0.npz,22,match,next_action_prediction,True,,0,0,100.0,100.0,,0,,,2.6394468750804663,2.6355682080611587,912,155,1067,discrete_action_match,,,
8c3efcba0df9dc5883ec0951055fbdd1b1fbf6ee15eb200e857db0a9d6ef87bc,3.5__MountainCar-v0__next-action__H10,MountainCar-v0,next-action,10,13,data/llmx_data/offline_data/physics_data/raw_transitions/MountainCar-v0/episodes/episode_0.npz,23,match,next_action_prediction,True,,0,0,100.0,100.0,,0,,,4.285988499992527,4.281952999997884,911,166,1077,discrete_action_match,,,
710270b2fc1df0bfbb21b10928a7a0c5cc91afae884c7b15c147d626b7ce51b4,3.5__MountainCar-v0__next-action__H10,MountainCar-v0,next-action,10,14,data/llmx_data/offline_data/physics_data/raw_transitions/MountainCar-v0/episodes/episode_0.npz,24,match,next_action_prediction,True,,0,0,100.0,100.0,,0,,,2.584140916937031,2.5800947910174727,910,134,1044,discrete_action_match,,,
e37dc72f912b0244495925fd1b0c1b7655004b68bc9f2492f60f685274c0c124,3.5__MountainCar-v0__next-action__H10,MountainCar-v0,next-action,10,15,data/llmx_data/offline_data/physics_data/raw_transitions/MountainCar-v0/episodes/episode_0.npz,25,match,next_action_prediction,True,,0,0,100.0,100.0,,0,,,3.672446707962081,3.668495832942426,909,153,1062,discrete_action_match,,,
5dc66b8350bbe97687955c658ff758c190f98052a4c5bd869f0903407facea8f,3.5__MountainCar-v0__next-action__H10,MountainCar-v0,next-action,10,16,data/llmx_data/offline_data/physics_data/raw_transitions/MountainCar-v0/episodes/episode_0.npz,26,match,next_action_prediction,True,,0,0,100.0,100.0,,0,,,2.3408750829985365,2.336288957973011,901,152,1053,discrete_action_match,,,
8ca7db4bceb91a634d721bcfecdd54d08b5133b12e37d58615d76643fa4161f3,3.5__MountainCar-v0__next-action__H10,MountainCar-v0,next-action,10,17,data/llmx_data/offline_data/physics_data/raw_transitions/MountainCar-v0/episodes/episode_0.npz,27,match,next_action_prediction,True,,0,0,100.0,100.0,,0,,,2.164312458015047,2.1596973340492696,901,149,1050,discrete_action_match,,,
992606dd2ff9e29fd66bad424032a172088e4f57b304b36b16325aed997a8cca,3.5__MountainCar-v0__next-action__H10,MountainCar-v0,next-action,10,18,data/llmx_data/offline_data/physics_data/raw_transitions/MountainCar-v0/episodes/episode_0.npz,28,match,next_action_prediction,True,,0,0,100.0,100.0,,0,,,2.746771250036545,2.74253645807039,900,181,1081,discrete_action_match,,,
90499d7eed728181d91bfc84b0d23eca522c7a9ba73ba3ab4a5f486440de1c1b,3.5__MountainCar-v0__next-action__H10,MountainCar-v0,next-action,10,19,data/llmx_data/offline_data/physics_data/raw_transitions/MountainCar-v0/episodes/episode_0.npz,29,match,next_action_prediction,True,,0,0,100.0,100.0,,0,,,2.9492234169738367,2.9444613340310752,900,207,1107,discrete_action_match,,,
6b6d80486d65125dbc74c8f408581400467198e6b44724c1631ef2dba4d28a39,3.5__MountainCar-v0__next-action__H10,MountainCar-v0,next-action,10,20,data/llmx_data/offline_data/physics_data/raw_transitions/MountainCar-v0/episodes/episode_0.npz,30,mismatch,next_action_prediction,True,,2,0,0.0,0.0,,0,,,1.8769425409846008,1.8726246251026168,900,130,1030,discrete_action_match,,,
5d9158eb2a2be197936a914c67b1368b1f4ec594ab8c6f6963d9a60f339213cb,3.5__MountainCar-v0__next-action__H10,MountainCar-v0,next-action,10,21,data/llmx_data/offline_data/physics_data/raw_transitions/MountainCar-v0/episodes/episode_0.npz,31,match,next_action_prediction,True,,0,0,100.0,100.0,,0,,,3.444546499988064,3.4405358750373125,900,161,1061,discrete_action_match,,,
6de582b24cdd2034aeaed4b246fb97944c0833f446b8e3746126becd5edcc2e6,3.5__MountainCar-v0__next-action__H10,MountainCar-v0,next-action,10,22,data/llmx_data/offline_data/physics_data/raw_transitions/MountainCar-v0/episodes/episode_0.npz,32,match,next_action_prediction,True,,0,0,100.0,100.0,,0,,,2.4580429579364136,2.4543542080791667,901,138,1039,discrete_action_match,,,
a2b8351a366dfa4f05c61acc3d349834aac03f6efc908143e8c420fea6af0e25,3.5__MountainCar-v0__next-action__H10,MountainCar-v0,next-action,10,23,data/llmx_data/offline_data/physics_data/raw_transitions/MountainCar-v0/episodes/episode_0.npz,33,match,next_action_prediction,True,,0,0,100.0,100.0,,0,,,2.4082326660864055,2.4041399999987334,901,143,1044,discrete_action_match,,,
aadc846ef6ed86cc3e69785b03ec295547a724d1943c3ba8fb732b6a97a773fc,3.5__MountainCar-v0__next-action__H10,MountainCar-v0,next-action,10,24,data/llmx_data/offline_data/physics_data/raw_transitions/MountainCar-v0/episodes/episode_0.npz,34,match,next_action_prediction,True,,0,0,100.0,100.0,,0,,,2.3667939170263708,2.3619824999477714,900,163,1063,discrete_action_match,,,
696901a3cd3f81f551c813d495a0cc29d8c762ce8c0f6729aa070612bb650078,3.5__MountainCar-v0__next-action__H10,MountainCar-v0,next-action,10,25,data/llmx_data/offline_data/physics_data/raw_transitions/MountainCar-v0/episodes/episode_0.npz,35,mismatch,next_action_prediction,True,,2,0,0.0,0.0,,0,,,2.8322590000461787,2.827949499944225,900,153,1053,discrete_action_match,,,
bad320644cf62dd19b13f62badc041eff2db442d9fdfec8c6619b7a7d1506a33,3.5__MountainCar-v0__next-action__H10,MountainCar-v0,next-action,10,26,data/llmx_data/offline_data/physics_data/raw_transitions/MountainCar-v0/episodes/episode_0.npz,36,match,next_action_prediction,True,,0,0,100.0,100.0,,0,,,2.2433867501094937,2.239071166026406,900,154,1054,discrete_action_match,,,
08036a2f9dabfc283bd4fcd0d23469ede5d2e96ce48743432e154c9e82e8bb63,3.5__MountainCar-v0__next-action__H10,MountainCar-v0,next-action,10,27,data/llmx_data/offline_data/physics_data/raw_transitions/MountainCar-v0/episodes/episode_0.npz,37,match,next_action_prediction,True,,0,0,100.0,100.0,,0,,,3.2521256250329316,3.247341167065315,898,155,1053,discrete_action_match,,,
d88febad6e1953d46634e3512dc2b267fa63c3f50b4fde510e3025a920ce4514,3.5__MountainCar-v0__next-action__H10,MountainCar-v0,next-action,10,28,data/llmx_data/offline_data/physics_data/raw_transitions/MountainCar-v0/episodes/episode_0.npz,38,match,next_action_prediction,True,,0,0,100.0,100.0,,0,,,1.8394167919177562,1.8351465420564637,899,146,1045,discrete_action_match,,,
cc8a05f838fa1bcb6288ef3e2b4e416c4db9d2b5990094827ee6df1681eab9c7,3.5__MountainCar-v0__next-action__H10,MountainCar-v0,next-action,10,29,data/llmx_data/offline_data/physics_data/raw_transitions/MountainCar-v0/episodes/episode_0.npz,39,match,next_action_prediction,True,,0,0,100.0,100.0,,0,,,3.6669655420118943,3.662619417067617,899,150,1049,discrete_action_match,,,
5cc97e03d3877e4c9295f39fe5f549517900b8048a0a02a3fa0d130832347b76,3.5__MountainCar-v0__next-action__H20,MountainCar-v0,next-action,20,0,data/llmx_data/offline_data/physics_data/raw_transitions/MountainCar-v0/episodes/episode_0.npz,20,match,next_action_prediction,True,,0,0,100.0,100.0,,0,,,2.1172719589667395,2.1124951250385493,1243,161,1404,discrete_action_match,,,
24b1d7ccec9028e6714fe5f9acd5013092b6ba56516ff5a651fc46b3cae55ef0,3.5__MountainCar-v0__next-action__H20,MountainCar-v0,next-action,20,1,data/llmx_data/offline_data/physics_data/raw_transitions/MountainCar-v0/episodes/episode_0.npz,21,match,next_action_prediction,True,,0,0,100.0,100.0,,0,,,3.043845457956195,3.0402040421031415,1243,163,1406,discrete_action_match,,,
7d3ff6c66702563a0a6f96dd0a4089e4d2c01d70c59c39e12b028274538fd86b,3.5__MountainCar-v0__next-action__H20,MountainCar-v0,next-action,20,2,data/llmx_data/offline_data/physics_data/raw_transitions/MountainCar-v0/episodes/episode_0.npz,22,match,next_action_prediction,True,,0,0,100.0,100.0,,0,,,2.847361584077589,2.843524166964926,1241,144,1385,discrete_action_match,,,
bb16494393458724b48e3cba638d1d4335989e981ea5f22d502761278e58a75b,3.5__MountainCar-v0__next-action__H20,MountainCar-v0,next-action,20,3,data/llmx_data/offline_data/physics_data/raw_transitions/MountainCar-v0/episodes/episode_0.npz,23,match,next_action_prediction,True,,0,0,100.0,100.0,,0,,,1.7344545000232756,1.7298407499911264,1240,147,1387,discrete_action_match,,,
557f419b76da8fff3d3916ac124f9726ab139b0e170412e2d336bf93b68ab0b0,3.5__MountainCar-v0__next-action__H20,MountainCar-v0,next-action,20,4,data/llmx_data/offline_data/physics_data/raw_transitions/MountainCar-v0/episodes/episode_0.npz,24,match,next_action_prediction,True,,0,0,100.0,100.0,,0,,,1.9317046250216663,1.9274874579859897,1239,161,1400,discrete_action_match,,,
e2071ea55424bf3d8c330be7c278a71037eaf3f48cdd69748305ba2e97844b54,3.5__MountainCar-v0__next-action__H20,MountainCar-v0,next-action,20,5,data/llmx_data/offline_data/physics_data/raw_transitions/MountainCar-v0/episodes/episode_0.npz,25,match,next_action_prediction,True,,0,0,100.0,100.0,,0,,,1.969055166002363,1.9651014161063358,1238,156,1394,discrete_action_match,,,
34d4ed83188d855ca725362e28c283b9ee5d75f13b22888937377e2d92edccd2,3.5__MountainCar-v0__next-action__H20,MountainCar-v0,next-action,20,6,data/llmx_data/offline_data/physics_data/raw_transitions/MountainCar-v0/episodes/episode_0.npz,26,match,next_action_prediction,True,,0,0,100.0,100.0,,0,,,1.9869767910568044,1.9831104159820825,1236,144,1380,discrete_action_match,,,
653ca0f56cecfe454daa9bb987fbc28acfebf7141af9067f7b8f11fb4ce7c70c,3.5__MountainCar-v0__next-action__H20,MountainCar-v0,next-action,20,7,data/llmx_data/offline_data/physics_data/raw_transitions/MountainCar-v0/episodes/episode_0.npz,27,match,next_action_prediction,True,,0,0,100.0,100.0,,0,,,3.1419256249209866,3.1378507919143885,1235,176,1411,discrete_action_match,,,
227066a2442ceddcd3a56929eaca83a63c56918544835e5f671357722e9f9d3a,3.5__MountainCar-v0__next-action__H20,MountainCar-v0,next-action,20,8,data/llmx_data/offline_data/physics_data/raw_transitions/MountainCar-v0/episodes/episode_0.npz,28,match,next_action_prediction,True,,0,0,100.0,100.0,,0,,,4.384168250020593,4.380360417068005,1233,136,1369,discrete_action_match,,,
7ed6850855d2c2c48233aebde35f4d1d13774271c4408a96b0d55956aca8d1d1,3.5__MountainCar-v0__next-action__H20,MountainCar-v0,next-action,20,9,data/llmx_data/offline_data/physics_data/raw_transitions/MountainCar-v0/episodes/episode_0.npz,29,match,next_action_prediction,True,,0,0,100.0,100.0,,0,,,1.9380970420315862,1.9340359590714797,1233,158,1391,discrete_action_match,,,
a667e50b180f3ce849b0e84277a9125f12048fea42ed0b9244969c9266f60867,3.5__MountainCar-v0__next-action__H20,MountainCar-v0,next-action,20,10,data/llmx_data/offline_data/physics_data/raw_transitions/MountainCar-v0/episodes/episode_0.npz,30,match,next_action_prediction,True,,0,0,100.0,100.0,,0,,,1.8598467089468613,1.8571967500029132,1232,149,1381,discrete_action_match,,,
f72ccb9c5aa439fa37af80048dd14240f95eecd9316c351d37afd57e3d65aa6a,3.5__MountainCar-v0__next-action__H20,MountainCar-v0,next-action,20,11,data/llmx_data/offline_data/physics_data/raw_transitions/MountainCar-v0/episodes/episode_0.npz,31,match,next_action_prediction,True,,0,0,100.0,100.0,,0,,,2.294796249945648,2.290811625076458,1231,148,1379,discrete_action_match,,,
ebedf1afa1a0486869b43e2c2d3b9cf53767d7711d6fb1133ac9c481f74deb44,3.5__MountainCar-v0__next-action__H20,MountainCar-v0,next-action,20,12,data/llmx_data/offline_data/physics_data/raw_transitions/MountainCar-v0/episodes/episode_0.npz,32,match,next_action_prediction,True,,0,0,100.0,100.0,,0,,,2.154997249948792,2.1510263339150697,1230,152,1382,discrete_action_match,,,
959eebc32e7fd2f65c95517d71d0b2fa6017aa7c64e1a24bcdd6f54d7434b144,3.5__MountainCar-v0__next-action__H20,MountainCar-v0,next-action,20,13,data/llmx_data/offline_data/physics_data/raw_transitions/MountainCar-v0/episodes/episode_0.npz,33,match,next_action_prediction,True,,0,0,100.0,100.0,,0,,,3.4952008340042084,3.4905859159771353,1229,160,1389,discrete_action_match,,,
e3b7de6842f1d1a921e2732f2ac6c7166348ef7eb70fd288be4b28c1c7241668,3.5__MountainCar-v0__next-action__H20,MountainCar-v0,next-action,20,14,data/llmx_data/offline_data/physics_data/raw_transitions/MountainCar-v0/episodes/episode_0.npz,34,match,next_action_prediction,True,,0,0,100.0,100.0,,0,,,1.6803684580372646,1.6767472919309512,1227,136,1363,discrete_action_match,,,
0c6a5c486d1306874570e3012b8952deb8af15a52964421c26761f02ae8e48e7,3.5__MountainCar-v0__next-action__H20,MountainCar-v0,next-action,20,15,data/llmx_data/offline_data/physics_data/raw_transitions/MountainCar-v0/episodes/episode_0.npz,35,mismatch,next_action_prediction,True,,2,0,0.0,0.0,,0,,,3.178013166063465,3.1750517080072314,1226,164,1390,discrete_action_match,,,
32d01f527b8374289a2de586aa9a0cf98c3c8fea6a0229a8fcdccd7042f7f22b,3.5__MountainCar-v0__next-action__H20,MountainCar-v0,next-action,20,16,data/llmx_data/offline_data/physics_data/raw_transitions/MountainCar-v0/episodes/episode_0.npz,36,match,next_action_prediction,True,,0,0,100.0,100.0,,0,,,3.504781457944773,3.5008189999498427,1218,153,1371,discrete_action_match,,,
10b115a45d42859dba20aa008f1de0b8af0d1987cbe55a831b8cfd27eb49dc80,3.5__MountainCar-v0__next-action__H20,MountainCar-v0,next-action,20,17,data/llmx_data/offline_data/physics_data/raw_transitions/MountainCar-v0/episodes/episode_0.npz,37,match,next_action_prediction,True,,0,0,100.0,100.0,,0,,,2.745490500004962,2.742136124987155,1216,140,1356,discrete_action_match,,,
61c54ec45e3566a646325feb126bfdf14ad82344bb7b29d4499c27941d770563,3.5__MountainCar-v0__next-action__H20,MountainCar-v0,next-action,20,18,data/llmx_data/offline_data/physics_data/raw_transitions/MountainCar-v0/episodes/episode_0.npz,38,match,next_action_prediction,True,,0,0,100.0,100.0,,0,,,1.9782662079669535,1.973672250052914,1216,135,1351,discrete_action_match,,,
b15e8584e18bc8540dd246d1311c60e37eb2fcbd76c1c7f04415c4553c3a31d1,3.5__MountainCar-v0__next-action__H20,MountainCar-v0,next-action,20,19,data/llmx_data/offline_data/physics_data/raw_transitions/MountainCar-v0/episodes/episode_0.npz,39,mismatch,next_action_prediction,True,,2,0,0.0,0.0,,0,,,2.2973538750084117,2.2932387080509216,1216,146,1362,discrete_action_match,,,
04a91846935dcd704a1f3060710c75bbca9c167d3eb7a4c49469ee79639f3754,3.5__MountainCar-v0__next-action__H20,MountainCar-v0,next-action,20,20,data/llmx_data/offline_data/physics_data/raw_transitions/MountainCar-v0/episodes/episode_0.npz,40,match,next_action_prediction,True,,0,0,100.0,100.0,,0,,,2.085880541941151,2.0819967499701306,1215,129,1344,discrete_action_match,,,
ff7b4202123e26d6954e7ba79831072da8b44cd416f158cc08635a472a9ae98a,3.5__MountainCar-v0__next-action__H20,MountainCar-v0,next-action,20,21,data/llmx_data/offline_data/physics_data/raw_transitions/MountainCar-v0/episodes/episode_0.npz,41,mismatch,next_action_prediction,True,,2,0,0.0,0.0,,0,,,2.2089984170161188,2.2043820830294862,1215,181,1396,discrete_action_match,,,
94127af68db66b1e7a0ba44806f8036247178ffe0ba327993010f2514178443e,3.5__MountainCar-v0__next-action__H20,MountainCar-v0,next-action,20,22,data/llmx_data/offline_data/physics_data/raw_transitions/MountainCar-v0/episodes/episode_0.npz,42,match,next_action_prediction,True,,0,0,100.0,100.0,,0,,,5.689724000054412,5.685700999922119,1215,132,1347,discrete_action_match,,,
f0959b99f18a4865c97ec4b48ddf0dab118233700699ed16e46a108dcfe897f1,3.5__MountainCar-v0__next-action__H20,MountainCar-v0,next-action,20,23,data/llmx_data/offline_data/physics_data/raw_transitions/MountainCar-v0/episodes/episode_0.npz,43,match,next_action_prediction,True,,0,0,100.0,100.0,,0,,,3.2340290000429377,3.2301702920813113,1215,127,1342,discrete_action_match,,,
d167d950717b116b340774b7f9168260ccd460b361cf6225cf47b3929e3bfae9,3.5__MountainCar-v0__next-action__H20,MountainCar-v0,next-action,20,24,data/llmx_data/offline_data/physics_data/raw_transitions/MountainCar-v0/episodes/episode_0.npz,44,match,next_action_prediction,True,,0,0,100.0,100.0,,0,,,2.707860124995932,2.7038938329787925,1215,138,1353,discrete_action_match,,,
d0606bfcfc7e6e6d638cf57fa948981cb7802910bebcbca6bb09f67ee7a3284d,3.5__MountainCar-v0__next-action__H20,MountainCar-v0,next-action,20,25,data/llmx_data/offline_data/physics_data/raw_transitions/MountainCar-v0/episodes/episode_0.npz,45,match,next_action_prediction,True,,0,0,100.0,100.0,,0,,,1.8272354169748724,1.822522374917753,1215,141,1356,discrete_action_match,,,
df24ee5ae1ab597716375538effd4de64235377572b0ee6eb0a72c54e35031df,3.5__MountainCar-v0__next-action__H20,MountainCar-v0,next-action,20,26,data/llmx_data/offline_data/physics_data/raw_transitions/MountainCar-v0/episodes/episode_0.npz,46,match,next_action_prediction,True,,0,0,100.0,100.0,,0,,,1.5352527499198914,1.5316878330195323,1216,133,1349,discrete_action_match,,,
2fbe439904121b7d524d7ac6c87a08305e8e7975d0c37ab93bdfb9ab7cd168d9,3.5__MountainCar-v0__next-action__H20,MountainCar-v0,next-action,20,27,data/llmx_data/offline_data/physics_data/raw_transitions/MountainCar-v0/episodes/episode_0.npz,47,match,next_action_prediction,True,,0,0,100.0,100.0,,0,,,3.150362708955072,3.1464641670463607,1216,138,1354,discrete_action_match,,,
26d3bb53e7dcdac6cbad9c1988ca823fd093667dabc36b459cbcdaa4130c3981,3.5__MountainCar-v0__next-action__H20,MountainCar-v0,next-action,20,28,data/llmx_data/offline_data/physics_data/raw_transitions/MountainCar-v0/episodes/episode_0.npz,48,match,next_action_prediction,True,,0,0,100.0,100.0,,0,,,1.7021450409665704,1.6980445421067998,1217,140,1357,discrete_action_match,,,
dbb5f745ebe2acdbb567776a44664c13aef480389818941c3483e54a7f1a01d3,3.5__MountainCar-v0__next-action__H20,MountainCar-v0,next-action,20,29,data/llmx_data/offline_data/physics_data/raw_transitions/MountainCar-v0/episodes/episode_0.npz,49,match,next_action_prediction,True,,0,0,100.0,100.0,,0,,,1.9981977919815108,1.994008042034693,1217,155,1372,discrete_action_match,,,
22f563a3c2672a713f398d3f081d603769d0985305abc9a5c09e1558b687773d,3.5__MountainCar-v0__next-action__H30,MountainCar-v0,next-action,30,0,data/llmx_data/offline_data/physics_data/raw_transitions/MountainCar-v0/episodes/episode_0.npz,30,match,next_action_prediction,True,,0,0,100.0,100.0,,0,,,2.366749166045338,2.3630913749802858,1560,136,1696,discrete_action_match,,,
a02d0d99c0453c971d6164964476ff76644bd58c4645c79e3d54c87ab18c18fc,3.5__MountainCar-v0__next-action__H30,MountainCar-v0,next-action,30,1,data/llmx_data/offline_data/physics_data/raw_transitions/MountainCar-v0/episodes/episode_0.npz,31,match,next_action_prediction,True,,0,0,100.0,100.0,,0,,,2.127894749981351,2.1232283329591155,1560,158,1718,discrete_action_match,,,
4680480d6b0563a9cb281fd26fefbe0dc3e0be578ac0b1d2d9741637d99e84df,3.5__MountainCar-v0__next-action__H30,MountainCar-v0,next-action,30,2,data/llmx_data/offline_data/physics_data/raw_transitions/MountainCar-v0/episodes/episode_0.npz,32,match,next_action_prediction,True,,0,0,100.0,100.0,,0,,,2.240995250060223,2.2372919999761507,1559,161,1720,discrete_action_match,,,
a2315aa3a16f811d19ed76825519a0e92247f80595c8c435f070d79cf7568466,3.5__MountainCar-v0__next-action__H30,MountainCar-v0,next-action,30,3,data/llmx_data/offline_data/physics_data/raw_transitions/MountainCar-v0/episodes/episode_0.npz,33,match,next_action_prediction,True,,0,0,100.0,100.0,,0,,,2.1197925000451505,2.116134458919987,1558,159,1717,discrete_action_match,,,
c25c05d9070878be2c4a7e3a59b3b125f87460dd4972641c838286abc8332f9b,3.5__MountainCar-v0__next-action__H30,MountainCar-v0,next-action,30,4,data/llmx_data/offline_data/physics_data/raw_transitions/MountainCar-v0/episodes/episode_0.npz,34,match,next_action_prediction,True,,0,0,100.0,100.0,,0,,,1.8454215829260647,1.8411682499572635,1556,147,1703,discrete_action_match,,,
3b9eaf5ac75ceb9336f81f438bea835fcc338eda3dc36c0e6877c63e58c6c5b9,3.5__MountainCar-v0__next-action__H30,MountainCar-v0,next-action,30,5,data/llmx_data/offline_data/physics_data/raw_transitions/MountainCar-v0/episodes/episode_0.npz,35,match,next_action_prediction,True,,0,0,100.0,100.0,,0,,,2.5162835420342162,2.5115022499812767,1555,171,1726,discrete_action_match,,,
6153b580c81372017b18daff3292c9c9856aa44a753297a963a933997db079ca,3.5__MountainCar-v0__next-action__H30,MountainCar-v0,next-action,30,6,data/llmx_data/offline_data/physics_data/raw_transitions/MountainCar-v0/episodes/episode_0.npz,36,match,next_action_prediction,True,,0,0,100.0,100.0,,0,,,1.3168402500450611,1.3123002500506118,1553,100,1653,discrete_action_match,,,
a0b547fb2a16fd69b318bdc99ab093aa06fc8ac03d34e7967fb1be6e949b1155,3.5__MountainCar-v0__next-action__H30,MountainCar-v0,next-action,30,7,data/llmx_data/offline_data/physics_data/raw_transitions/MountainCar-v0/episodes/episode_0.npz,37,match,next_action_prediction,True,,0,0,100.0,100.0,,0,,,1.588552666013129,1.5835188750643283,1550,101,1651,discrete_action_match,,,
c621ff9df6e5103c7f5ba871448bf8bde15d30bdba900e6d8ca96b006cc3ff82,3.5__MountainCar-v0__next-action__H30,MountainCar-v0,next-action,30,8,data/llmx_data/offline_data/physics_data/raw_transitions/MountainCar-v0/episodes/episode_0.npz,38,match,next_action_prediction,True,,0,0,100.0,100.0,,0,,,2.40251854097005,2.3987434160662815,1549,163,1712,discrete_action_match,,,
0da9a0d1d5ccd47ecc27cbf27469062b7fa4e93fe065e74cbf750ea8ecd574da,3.5__MountainCar-v0__next-action__H30,MountainCar-v0,next-action,30,9,data/llmx_data/offline_data/physics_data/raw_transitions/MountainCar-v0/episodes/episode_0.npz,39,match,next_action_prediction,True,,0,0,100.0,100.0,,0,,,2.3438509589759633,2.3406980839790776,1549,125,1674,discrete_action_match,,,
b5cdfc916d43d123798558ab919e3327250e56842537109fccdd1bbccdc0ff03,3.5__MountainCar-v0__next-action__H30,MountainCar-v0,next-action,30,10,data/llmx_data/offline_data/physics_data/raw_transitions/MountainCar-v0/episodes/episode_0.npz,40,match,next_action_prediction,True,,0,0,100.0,100.0,,0,,,2.2276975420536473,2.2252424580510706,1547,150,1697,discrete_action_match,,,
f89a3af6078db0be8e9ac18c9e2161fa9367b75d1451aede0ecc66a3895a483c,3.5__MountainCar-v0__next-action__H30,MountainCar-v0,next-action,30,11,data/llmx_data/offline_data/physics_data/raw_transitions/MountainCar-v0/episodes/episode_0.npz,41,match,next_action_prediction,True,,0,0,100.0,100.0,,0,,,1.5746242500608787,1.5708586249966174,1546,118,1664,discrete_action_match,,,
cc66f6f4286174330d27a668244d90f9737430a5d333b3e6617b0eb1024c9086,3.5__MountainCar-v0__next-action__H30,MountainCar-v0,next-action,30,12,data/llmx_data/offline_data/physics_data/raw_transitions/MountainCar-v0/episodes/episode_0.npz,42,match,next_action_prediction,True,,0,0,100.0,100.0,,0,,,2.539264459046535,2.5354014170588925,1544,129,1673,discrete_action_match,,,
9468a2e4cedd654106769b8199f56d3e6ea60767cea8d6a2a75df7495fbd0b79,3.5__MountainCar-v0__next-action__H30,MountainCar-v0,next-action,30,13,data/llmx_data/offline_data/physics_data/raw_transitions/MountainCar-v0/episodes/episode_0.npz,43,match,next_action_prediction,True,,0,0,100.0,100.0,,0,,,2.530605166917667,2.526624416001141,1543,159,1702,discrete_action_match,,,
ed418fc4b5d0cbd6a464a800ac109c7f702bb1e1f1d012af1c1ffb7c11fc5daf,3.5__MountainCar-v0__next-action__H30,MountainCar-v0,next-action,30,14,data/llmx_data/offline_data/physics_data/raw_transitions/MountainCar-v0/episodes/episode_0.npz,44,match,next_action_prediction,True,,0,0,100.0,100.0,,0,,,1.9519728340674192,1.94720525003504,1542,153,1695,discrete_action_match,,,
e91be58270b4bdc20cc4d496dc8372994e61498f725b290b92845ee157c04a97,3.5__MountainCar-v0__next-action__H30,MountainCar-v0,next-action,30,15,data/llmx_data/offline_data/physics_data/raw_transitions/MountainCar-v0/episodes/episode_0.npz,45,mismatch,next_action_prediction,True,,2,0,0.0,0.0,,0,,,2.7272793339798227,2.723530290997587,1541,143,1684,discrete_action_match,,,
204c6330c4d69eab68dfa03cee3e3e15f8ef706e992c105cbe230ae77d744c12,3.5__MountainCar-v0__next-action__H30,MountainCar-v0,next-action,30,16,data/llmx_data/offline_data/physics_data/raw_transitions/MountainCar-v0/episodes/episode_0.npz,46,match,next_action_prediction,True,,0,0,100.0,100.0,,0,,,2.6261945000151172,2.622001291019842,1534,120,1654,discrete_action_match,,,
f128bef31db3ca0c723e36367cb38e58823580893a1d12ecc89d9d9132ce46da,3.5__MountainCar-v0__next-action__H30,MountainCar-v0,next-action,30,17,data/llmx_data/offline_data/physics_data/raw_transitions/MountainCar-v0/episodes/episode_0.npz,47,match,next_action_prediction,True,,0,0,100.0,100.0,,0,,,1.5712597919628024,1.56706229201518,1534,128,1662,discrete_action_match,,,
2648de4292481fea735431dc320f95a118492438f810508d987faf9ce551547f,3.5__MountainCar-v0__next-action__H30,MountainCar-v0,next-action,30,18,data/llmx_data/offline_data/physics_data/raw_transitions/MountainCar-v0/episodes/episode_0.npz,48,match,next_action_prediction,True,,0,0,100.0,100.0,,0,,,2.2560052080079913,2.251324541051872,1534,142,1676,discrete_action_match,,,
d96909541f710cd48c0a65789d1556b0dd88b2ac75e429ae1f34be9bb648c0ed,3.5__MountainCar-v0__next-action__H30,MountainCar-v0,next-action,30,19,data/llmx_data/offline_data/physics_data/raw_transitions/MountainCar-v0/episodes/episode_0.npz,49,match,next_action_prediction,True,,0,0,100.0,100.0,,0,,,1.400271208025515,1.396112333983183,1534,142,1676,discrete_action_match,,,
2230f3a34e9eb406ce05b32e28777d49d49eb41111ce60aa48bc9d7bb2a7ddd7,3.5__MountainCar-v0__next-action__H30,MountainCar-v0,next-action,30,20,data/llmx_data/offline_data/physics_data/raw_transitions/MountainCar-v0/episodes/episode_0.npz,50,mismatch,next_action_prediction,True,,0,1,0.0,0.0,,0,,,1.5689658750779927,1.5646353750489652,1534,144,1678,discrete_action_match,,,
f7a6869ff7e5b6adb12b048c65008d18a0025c46f63d16b93a228e479e5b0897,3.5__MountainCar-v0__next-action__H30,MountainCar-v0,next-action,30,21,data/llmx_data/offline_data/physics_data/raw_transitions/MountainCar-v0/episodes/episode_0.npz,51,mismatch,next_action_prediction,True,,0,2,0.0,0.0,,0,,,2.2645398339955136,2.2597874159691855,1534,154,1688,discrete_action_match,,,
9970ab1b7ce63a098d8892d5b8871112c67dfba3376c8982e4bd26890606a4b5,3.5__MountainCar-v0__next-action__H30,MountainCar-v0,next-action,30,22,data/llmx_data/offline_data/physics_data/raw_transitions/MountainCar-v0/episodes/episode_0.npz,52,match,next_action_prediction,True,,2,2,100.0,100.0,,0,,,2.3197824159869924,2.3156987910624593,1541,166,1707,discrete_action_match,,,
ad9ef56a13cead4ab44c22a90d1b247d8548c03e116a8db5e3a71be94113c181,3.5__MountainCar-v0__next-action__H30,MountainCar-v0,next-action,30,23,data/llmx_data/offline_data/physics_data/raw_transitions/MountainCar-v0/episodes/episode_0.npz,53,mismatch,next_action_prediction,True,,0,2,0.0,0.0,,0,,,3.060351665946655,3.05654887505807,1542,154,1696,discrete_action_match,,,
b09454246adf14e94de6d8881edab2ec205a04e16668f104c64c38347eb0215c,3.5__MountainCar-v0__next-action__H30,MountainCar-v0,next-action,30,24,data/llmx_data/offline_data/physics_data/raw_transitions/MountainCar-v0/episodes/episode_0.npz,54,match,next_action_prediction,True,,2,2,100.0,100.0,,0,,,10.310697374981828,10.30660250002984,1543,151,1694,discrete_action_match,,,
969459cddcf91af319fdd80d12e635eab6df5d743ded9bb025c2872863ba2b65,3.5__MountainCar-v0__next-action__H30,MountainCar-v0,next-action,30,25,data/llmx_data/offline_data/physics_data/raw_transitions/MountainCar-v0/episodes/episode_0.npz,55,match,next_action_prediction,True,,2,2,100.0,100.0,,0,,,2.3556390419835225,2.351698457961902,1544,150,1694,discrete_action_match,,,
fbd1817ac58f8f5b56ca99d51a4cc474e8ea0cf9fe625ca9ff9b10fd9b442bd0,3.5__MountainCar-v0__next-action__H30,MountainCar-v0,next-action,30,26,data/llmx_data/offline_data/physics_data/raw_transitions/MountainCar-v0/episodes/episode_0.npz,56,match,next_action_prediction,True,,2,2,100.0,100.0,,0,,,2.580846708966419,2.57609137496911,1546,161,1707,discrete_action_match,,,
adf41eeb8d7ed9dcf7634855caa34dcc231b7fb95b936c329ee067968cadcff9,3.5__MountainCar-v0__next-action__H30,MountainCar-v0,next-action,30,27,data/llmx_data/offline_data/physics_data/raw_transitions/MountainCar-v0/episodes/episode_0.npz,57,match,next_action_prediction,True,,2,2,100.0,100.0,,0,,,2.6495428750058636,2.644756374997087,1547,155,1702,discrete_action_match,,,
312d275c5efa2380c04152443d1b5110a6100fb5f4668233b06f4cf86b659d2e,3.5__MountainCar-v0__next-action__H30,MountainCar-v0,next-action,30,28,data/llmx_data/offline_data/physics_data/raw_transitions/MountainCar-v0/episodes/episode_0.npz,58,match,next_action_prediction,True,,2,2,100.0,100.0,,0,,,1.892000832944177,1.8874750420218334,1549,168,1717,discrete_action_match,,,
9c9d29e44d8b641e91912d197d96aad41b8b6ec79855f33a737eb08bdf14f339,3.5__MountainCar-v0__next-action__H30,MountainCar-v0,next-action,30,29,data/llmx_data/offline_data/physics_data/raw_transitions/MountainCar-v0/episodes/episode_0.npz,59,match,next_action_prediction,True,,2,2,100.0,100.0,,0,,,2.532010707887821,2.5273847909411415,1550,130,1680,discrete_action_match,,,
34bee24da7ff740551242874aedc7cb3560a1691a2d7ad7b5a92c0fe4ebd37b2,3.5__MountainCar-v0__last-action__H5,MountainCar-v0,last-action,5,0,data/llmx_data/offline_data/physics_data/raw_transitions/MountainCar-v0/episodes/episode_0.npz,5,match,last_action_prediction,True,,2,2,100.0,100.0,,0,,,2.191876000026241,2.188389166025445,736,124,860,discrete_action_match,,,
203973e209e88938387b4e1dd109fdd9b0df5c7211f490f181edc07307348f8a,3.5__MountainCar-v0__last-action__H5,MountainCar-v0,last-action,5,1,data/llmx_data/offline_data/physics_data/raw_transitions/MountainCar-v0/episodes/episode_0.npz,6,match,last_action_prediction,True,,2,2,100.0,100.0,,0,,,1.3804763330845162,1.376467707916163,737,113,850,discrete_action_match,,,
50215a77874f7fae44bdd19bc03044b5d4e0a70bcdb228456b0a892848d2402a,3.5__MountainCar-v0__last-action__H5,MountainCar-v0,last-action,5,2,data/llmx_data/offline_data/physics_data/raw_transitions/MountainCar-v0/episodes/episode_0.npz,7,match,last_action_prediction,True,,2,2,100.0,100.0,,0,,,2.247681792010553,2.244157125009224,737,93,830,discrete_action_match,,,
7042b3e504d9a10073782fb30bcee7477f34c4a78b7a0bdf9757b3d6790340d1,3.5__MountainCar-v0__last-action__H5,MountainCar-v0,last-action,5,3,data/llmx_data/offline_data/physics_data/raw_transitions/MountainCar-v0/episodes/episode_0.npz,8,match,last_action_prediction,True,,2,2,100.0,100.0,,0,,,1.998508166987449,1.996743333991617,737,130,867,discrete_action_match,,,
1f175c8345dc957369251a35e717c2044b750f5b2f362e64f30ccf797d37ded6,3.5__MountainCar-v0__last-action__H5,MountainCar-v0,last-action,5,4,data/llmx_data/offline_data/physics_data/raw_transitions/MountainCar-v0/episodes/episode_0.npz,9,mismatch,last_action_prediction,True,,2,1,0.0,0.0,,0,,,1.566248207935132,1.5637334999628365,736,98,834,discrete_action_match,,,
b52f3c9c2e2a42d9ac5198a206bff8eac4e504a4b1bd86b2e37de9c53338b0d8,3.5__MountainCar-v0__last-action__H5,MountainCar-v0,last-action,5,5,data/llmx_data/offline_data/physics_data/raw_transitions/MountainCar-v0/episodes/episode_0.npz,10,mismatch,last_action_prediction,True,,2,1,0.0,0.0,,0,,,3.0594352080952376,3.05724570795428,736,102,838,discrete_action_match,,,
b5580edec244c4f15b5292d858f2c29b2acfe9eafb20a33c6afcf7e3812fb93f,3.5__MountainCar-v0__last-action__H5,MountainCar-v0,last-action,5,6,data/llmx_data/offline_data/physics_data/raw_transitions/MountainCar-v0/episodes/episode_0.npz,11,mismatch,last_action_prediction,True,,2,1,0.0,0.0,,0,,,1.6504673330346122,1.649475208017975,736,79,815,discrete_action_match,,,
a60c5e5e7668e801952f8b405e05e4d11b706bbff268bf8a6d216d25a03a9bfe,3.5__MountainCar-v0__last-action__H5,MountainCar-v0,last-action,5,7,data/llmx_data/offline_data/physics_data/raw_transitions/MountainCar-v0/episodes/episode_0.npz,12,mismatch,last_action_prediction,True,,1,0,0.0,0.0,,0,,,1.6608900419669226,1.6581981669878587,736,90,826,discrete_action_match,,,
aebc87ae2eae6819b7e659605685b6e87397ebb11e9e67ec2aa13e4df9910a88,3.5__MountainCar-v0__last-action__H5,MountainCar-v0,last-action,5,8,data/llmx_data/offline_data/physics_data/raw_transitions/MountainCar-v0/episodes/episode_0.npz,13,match,last_action_prediction,True,,0,0,100.0,100.0,,0,,,8.499866666039452,8.496041000005789,736,167,903,discrete_action_match,,,
8ccc775f430e9e946663c9d8ca364e8de7dd25e015a5d7f5e7c06df030bc70e1,3.5__MountainCar-v0__last-action__H5,MountainCar-v0,last-action,5,9,data/llmx_data/offline_data/physics_data/raw_transitions/MountainCar-v0/episodes/episode_0.npz,14,mismatch,last_action_prediction,True,,2,0,0.0,0.0,,0,,,1.5688994158990681,1.5648369169794023,743,123,866,discrete_action_match,,,
20d6bde292870146a2f779766ccf035658d49792fe072b477515684108c83b89,3.5__MountainCar-v0__last-action__H5,MountainCar-v0,last-action,5,10,data/llmx_data/offline_data/physics_data/raw_transitions/MountainCar-v0/episodes/episode_0.npz,15,match,last_action_prediction,True,,0,0,100.0,100.0,,0,,,1.57870166702196,1.5756787499412894,742,114,856,discrete_action_match,,,
44202f2464cc9ad0cfb9dec34ac8a3831144d356c0b7b12c280509aa958097eb,3.5__MountainCar-v0__last-action__H5,MountainCar-v0,last-action,5,11,data/llmx_data/offline_data/physics_data/raw_transitions/MountainCar-v0/episodes/episode_0.npz,16,match,last_action_prediction,True,,0,0,100.0,100.0,,0,,,1.7828828749479726,1.779575541964732,741,89,830,discrete_action_match,,,
cc162c47c7d3dd0e5f2666a95d5afb3a8d0fd45464b3b3335b6d334c26cad329,3.5__MountainCar-v0__last-action__H5,MountainCar-v0,last-action,5,12,data/llmx_data/offline_data/physics_data/raw_transitions/MountainCar-v0/episodes/episode_0.npz,17,mismatch,last_action_prediction,True,,2,0,0.0,0.0,,0,,,2.049821999971755,2.0465148750226945,740,121,861,discrete_action_match,,,
e9a5cc9ba1a01aa7157a63f3b9313b8c6b5057d9410615b6be01a8176b091d1b,3.5__MountainCar-v0__last-action__H5,MountainCar-v0,last-action,5,13,data/llmx_data/offline_data/physics_data/raw_transitions/MountainCar-v0/episodes/episode_0.npz,18,mismatch,last_action_prediction,True,,2,0,0.0,0.0,,0,,,1.571000708034262,1.5675478749908507,739,93,832,discrete_action_match,,,
85688b9866b191971a22a994ab85f9fd682004c269959c891b8a7c3724950aa0,3.5__MountainCar-v0__last-action__H5,MountainCar-v0,last-action,5,14,data/llmx_data/offline_data/physics_data/raw_transitions/MountainCar-v0/episodes/episode_0.npz,19,match,last_action_prediction,True,,0,0,100.0,100.0,,0,,,2.6206749581033364,2.6168479580665007,738,115,853,discrete_action_match,,,
ad93dc50ca83453477b161cd158641adbaa0835696be83be709c7b21cf48d73d,3.5__MountainCar-v0__last-action__H5,MountainCar-v0,last-action,5,15,data/llmx_data/offline_data/physics_data/raw_transitions/MountainCar-v0/episodes/episode_0.npz,20,match,last_action_prediction,True,,0,0,100.0,100.0,,0,,,1.4729489580495283,1.469597958959639,737,120,857,discrete_action_match,,,
a6fe44db66c0f45899d6c6af5ee9917805d3df929a6e4860120a1d11963c4c10,3.5__MountainCar-v0__last-action__H5,MountainCar-v0,last-action,5,16,data/llmx_data/offline_data/physics_data/raw_transitions/MountainCar-v0/episodes/episode_0.npz,21,match,last_action_prediction,True,,0,0,100.0,100.0,,0,,,3.2413569160271436,3.238015333074145,730,136,866,discrete_action_match,,,
21d93e7d7739f4ac1fe955a18a5d54f311dccfc7dabc3c2032b1a353cb6cfd08,3.5__MountainCar-v0__last-action__H5,MountainCar-v0,last-action,5,17,data/llmx_data/offline_data/physics_data/raw_transitions/MountainCar-v0/episodes/episode_0.npz,22,match,last_action_prediction,True,,0,0,100.0,100.0,,0,,,1.571614042040892,1.5687902920180932,729,102,831,discrete_action_match,,,
da116ef973ccab2ecb059dbe555663ba8d461c367a3a4dc742c1d0d3f37bbbe7,3.5__MountainCar-v0__last-action__H5,MountainCar-v0,last-action,5,18,data/llmx_data/offline_data/physics_data/raw_transitions/MountainCar-v0/episodes/episode_0.npz,23,match,last_action_prediction,True,,0,0,100.0,100.0,,0,,,2.1292949999915436,2.126335874898359,729,105,834,discrete_action_match,,,
52d9497cb0d4f9d43698cb5ff8edf4f0357b1ce9bdb9a4e6df7ac61f82d23d24,3.5__MountainCar-v0__last-action__H5,MountainCar-v0,last-action,5,19,data/llmx_data/offline_data/physics_data/raw_transitions/MountainCar-v0/episodes/episode_0.npz,24,match,last_action_prediction,True,,0,0,100.0,100.0,,0,,,1.3610821249894798,1.3574275840073824,729,99,828,discrete_action_match,,,
e0a0283e50e17e5628e36d85c761a4937fbcb56b2d6ee701554026e4bf6df444,3.5__MountainCar-v0__last-action__H5,MountainCar-v0,last-action,5,20,data/llmx_data/offline_data/physics_data/raw_transitions/MountainCar-v0/episodes/episode_0.npz,25,match,last_action_prediction,True,,0,0,100.0,100.0,,0,,,1.7892658329801634,1.7865502500208095,729,52,781,discrete_action_match,,,
a80463a776e2fd08d51033400844d9a632284ba9d845b9d0a701d35311157e42,3.5__MountainCar-v0__last-action__H5,MountainCar-v0,last-action,5,21,data/llmx_data/offline_data/physics_data/raw_transitions/MountainCar-v0/episodes/episode_0.npz,26,mismatch,last_action_prediction,True,,2,0,0.0,0.0,,0,,,3.264454458025284,3.2613293749745935,728,107,835,discrete_action_match,,,
d24fb2fa8ff8baebb5f4577dd2b4af9c8fdbf602e4c4633ccbcb76d9581f5c87,3.5__MountainCar-v0__last-action__H5,MountainCar-v0,last-action,5,22,data/llmx_data/offline_data/physics_data/raw_transitions/MountainCar-v0/episodes/episode_0.npz,27,match,last_action_prediction,True,,0,0,100.0,100.0,,0,,,2.12427662499249,2.120744041982107,729,133,862,discrete_action_match,,,
4a3370adc1ad746e0cbaad52dd2038b266cba28e09034a7ee9cfdc818c21bcc6,3.5__MountainCar-v0__last-action__H5,MountainCar-v0,last-action,5,23,data/llmx_data/offline_data/physics_data/raw_transitions/MountainCar-v0/episodes/episode_0.npz,28,mismatch,last_action_prediction,True,,2,0,0.0,0.0,,0,,,1.466316333040595,1.4625569169875234,728,110,838,discrete_action_match,,,
d80f5c76a4d4a45976ab80389a0c1893235655cc09d2282ee8c53a0b7b97c31c,3.5__MountainCar-v0__last-action__H5,MountainCar-v0,last-action,5,24,data/llmx_data/offline_data/physics_data/raw_transitions/MountainCar-v0/episodes/episode_0.npz,29,mismatch,last_action_prediction,True,,2,0,0.0,0.0,,0,,,1.1315387919312343,1.1277429999317974,728,96,824,discrete_action_match,,,
fd054a50ef2022a92a0f1bfe4e43d27c8da3b9fafc3897751cac8561ac48d7e6,3.5__MountainCar-v0__last-action__H5,MountainCar-v0,last-action,5,25,data/llmx_data/offline_data/physics_data/raw_transitions/MountainCar-v0/episodes/episode_0.npz,30,mismatch,last_action_prediction,True,,2,0,0.0,0.0,,0,,,1.6587887500645593,1.655419290997088,728,90,818,discrete_action_match,,,
f8d23df882eb89b1efce88fa79ab69b2ef7b5d8735e7d66c0feeeee0b6dc8188,3.5__MountainCar-v0__last-action__H5,MountainCar-v0,last-action,5,26,data/llmx_data/offline_data/physics_data/raw_transitions/MountainCar-v0/episodes/episode_0.npz,31,match,last_action_prediction,True,,0,0,100.0,100.0,,0,,,1.3997442499967292,1.396123499958776,729,97,826,discrete_action_match,,,
2fba2f5f08a809216f399bbf1bee69c6583b30ea897c399c150c0f8dac3c8e89,3.5__MountainCar-v0__last-action__H5,MountainCar-v0,last-action,5,27,data/llmx_data/offline_data/physics_data/raw_transitions/MountainCar-v0/episodes/episode_0.npz,32,match,last_action_prediction,True,,0,0,100.0,100.0,,0,,,2.0136196250095963,2.0104121250333264,729,128,857,discrete_action_match,,,
aea09729db06dd85316af1ce8f5202c8ee8c5d99c6dc94214ca37eafc6e6adc5,3.5__MountainCar-v0__last-action__H5,MountainCar-v0,last-action,5,28,data/llmx_data/offline_data/physics_data/raw_transitions/MountainCar-v0/episodes/episode_0.npz,33,match,last_action_prediction,True,,0,0,100.0,100.0,,0,,,2.124022792093456,2.1203610829543322,729,112,841,discrete_action_match,,,
636a25f4e89a30ff236e5c5a3a689ae403fcdaa2dc873c46dd03f2f45054fb5f,3.5__MountainCar-v0__last-action__H5,MountainCar-v0,last-action,5,29,data/llmx_data/offline_data/physics_data/raw_transitions/MountainCar-v0/episodes/episode_0.npz,34,match,last_action_prediction,True,,0,0,100.0,100.0,,0,,,1.0208373750792816,1.0175463339546695,729,78,807,discrete_action_match,,,
ce0780f289cc038ea25fa4572c4dcd390f23f819451fc42e0543853deca9a078,3.5__MountainCar-v0__last-action__H10,MountainCar-v0,last-action,10,0,data/llmx_data/offline_data/physics_data/raw_transitions/MountainCar-v0/episodes/episode_0.npz,10,mismatch,last_action_prediction,True,,2,1,0.0,0.0,,0,,,2.4072795839747414,2.4036841250490397,900,86,986,discrete_action_match,,,
e2b2c89233b91b2a5daf9697520ca7a4c12bb2500bdd5c6dd96712d978777009,3.5__MountainCar-v0__last-action__H10,MountainCar-v0,last-action,10,1,data/llmx_data/offline_data/physics_data/raw_transitions/MountainCar-v0/episodes/episode_0.npz,11,mismatch,last_action_prediction,True,,2,1,0.0,0.0,,0,,,1.3734379580710083,1.3705304999602959,901,108,1009,discrete_action_match,,,
aa544bd7be4e7c76ab5185eb1afd275bc875d749e73e1d0b140d9e0bbb9944ce,3.5__MountainCar-v0__last-action__H10,MountainCar-v0,last-action,10,2,data/llmx_data/offline_data/physics_data/raw_transitions/MountainCar-v0/episodes/episode_0.npz,12,mismatch,last_action_prediction,True,,2,0,0.0,0.0,,0,,,1.2846314999042079,1.2808432090096176,901,112,1013,discrete_action_match,,,
5722a27925abb1d1ec55da16c90cc31e93ec56f858d674222965e0970fc36dce,3.5__MountainCar-v0__last-action__H10,MountainCar-v0,last-action,10,3,data/llmx_data/offline_data/physics_data/raw_transitions/MountainCar-v0/episodes/episode_0.npz,13,match,last_action_prediction,True,,0,0,100.0,100.0,,0,,,3.045246290974319,3.0407521249726415,901,89,990,discrete_action_match,,,
b04c31dfc50bc6a963de85db06459a1f1acc089d4f2f7ad53bd3a7d31eaa2480,3.5__MountainCar-v0__last-action__H10,MountainCar-v0,last-action,10,4,data/llmx_data/offline_data/physics_data/raw_transitions/MountainCar-v0/episodes/episode_0.npz,14,match,last_action_prediction,True,,0,0,100.0,100.0,,0,,,1.4057072920259088,1.4016659170156345,907,159,1066,discrete_action_match,,,
51f6759c69d6137e265ddce4856dc01b4d3dd41a282f4b05d6a1e14d15444153,3.5__MountainCar-v0__last-action__H10,MountainCar-v0,last-action,10,5,data/llmx_data/offline_data/physics_data/raw_transitions/MountainCar-v0/episodes/episode_0.npz,15,mismatch,last_action_prediction,True,,2,0,0.0,0.0,,0,,,1.472317999927327,1.4681956249987707,906,125,1031,discrete_action_match,,,
09b969bc8adc2398b9d74b9eb0186fc28ca3777a3695b97b98795767bff59098,3.5__MountainCar-v0__last-action__H10,MountainCar-v0,last-action,10,6,data/llmx_data/offline_data/physics_data/raw_transitions/MountainCar-v0/episodes/episode_0.npz,16,match,last_action_prediction,True,,0,0,100.0,100.0,,0,,,1.8639330840669572,1.8598464999813586,905,107,1012,discrete_action_match,,,
8773ee323521eaa2b947b8faf6f26f4d2124df3c1f9461ad43edce5b8ffd32e1,3.5__MountainCar-v0__last-action__H10,MountainCar-v0,last-action,10,7,data/llmx_data/offline_data/physics_data/raw_transitions/MountainCar-v0/episodes/episode_0.npz,17,mismatch,last_action_prediction,True,,2,0,0.0,0.0,,0,,,2.668704916955903,2.6647552920039743,904,106,1010,discrete_action_match,,,
4c9decdc7c8563939ac009a09215de468f4e263601c3983ed7983a2e67f2e66b,3.5__MountainCar-v0__last-action__H10,MountainCar-v0,last-action,10,8,data/llmx_data/offline_data/physics_data/raw_transitions/MountainCar-v0/episodes/episode_0.npz,18,mismatch,last_action_prediction,True,,2,0,0.0,0.0,,0,,,1.3890981669537723,1.385833290987648,903,120,1023,discrete_action_match,,,
681657efe4abf42e575fe19b4131ce613450b7f378992faa379f76620c1b50b9,3.5__MountainCar-v0__last-action__H10,MountainCar-v0,last-action,10,9,data/llmx_data/offline_data/physics_data/raw_transitions/MountainCar-v0/episodes/episode_0.npz,19,mismatch,last_action_prediction,True,,2,0,0.0,0.0,,0,,,1.8863000000128523,1.8824143329402432,903,111,1014,discrete_action_match,,,
71615bdda2b1c847478381da751476955202ccdf8fb61500182430819b520c74,3.5__MountainCar-v0__last-action__H10,MountainCar-v0,last-action,10,10,data/llmx_data/offline_data/physics_data/raw_transitions/MountainCar-v0/episodes/episode_0.npz,20,mismatch,last_action_prediction,True,,2,0,0.0,0.0,,0,,,1.7478456660173833,1.7446040420327336,902,127,1029,discrete_action_match,,,
0eda2262080d13a5d8922bf20a5fd3e7c521b4e4ce5dd0fd90e96cdd02448112,3.5__MountainCar-v0__last-action__H10,MountainCar-v0,last-action,10,11,data/llmx_data/offline_data/physics_data/raw_transitions/MountainCar-v0/episodes/episode_0.npz,21,match,last_action_prediction,True,,0,0,100.0,100.0,,0,,,1.807640083017759,1.803986959042959,901,150,1051,discrete_action_match,,,
9ab3815401542c214d19800afd1365b7c7e3ab767850cdae4f69632ae4c254dc,3.5__MountainCar-v0__last-action__H10,MountainCar-v0,last-action,10,12,data/llmx_data/offline_data/physics_data/raw_transitions/MountainCar-v0/episodes/episode_0.npz,22,match,last_action_prediction,True,,0,0,100.0,100.0,,0,,,1.6647899579256773,1.6612725420854986,899,52,951,discrete_action_match,,,
2d9a3d09af8558d844df79f43d7fb041032ab9c167a0253267977ba9b3c24ba3,3.5__MountainCar-v0__last-action__H10,MountainCar-v0,last-action,10,13,data/llmx_data/offline_data/physics_data/raw_transitions/MountainCar-v0/episodes/episode_0.npz,23,match,last_action_prediction,True,,0,0,100.0,100.0,,0,,,3.366683959029615,3.3627124580089003,898,129,1027,discrete_action_match,,,
10c807924ec4cb97fee656a78a3897ddb5146a3c8f6794f8903ddd0b11982ed4,3.5__MountainCar-v0__last-action__H10,MountainCar-v0,last-action,10,14,data/llmx_data/offline_data/physics_data/raw_transitions/MountainCar-v0/episodes/episode_0.npz,24,match,last_action_prediction,True,,0,0,100.0,100.0,,0,,,2.967272917041555,2.96263279102277,897,135,1032,discrete_action_match,,,
0ae903d3a3fd21578bba22af8efa010e7da5bbdb1e055c73bc502cc85f2f6db9,3.5__MountainCar-v0__last-action__H10,MountainCar-v0,last-action,10,15,data/llmx_data/offline_data/physics_data/raw_transitions/MountainCar-v0/episodes/episode_0.npz,25,match,last_action_prediction,True,,0,0,100.0,100.0,,0,,,1.172110499930568,1.168057041009888,896,99,995,discrete_action_match,,,
8cb2c7f49ddc95418b103d3f990bad80334ed4f56cbc14e85bb8ab79d52dd398,3.5__MountainCar-v0__last-action__H10,MountainCar-v0,last-action,10,16,data/llmx_data/offline_data/physics_data/raw_transitions/MountainCar-v0/episodes/episode_0.npz,26,mismatch,last_action_prediction,True,,2,0,0.0,0.0,,0,,,1.1034008749993518,1.0987457080045715,888,87,975,discrete_action_match,,,
1dc90cd1d1fe4c4acc7518f8643047186751be6492834c5df02193d0cfc2516e,3.5__MountainCar-v0__last-action__H10,MountainCar-v0,last-action,10,17,data/llmx_data/offline_data/physics_data/raw_transitions/MountainCar-v0/episodes/episode_0.npz,27,match,last_action_prediction,True,,0,0,100.0,100.0,,0,,,1.8645033750217408,1.860272082965821,888,94,982,discrete_action_match,,,
12587ac75f85483a1842f273c841912863f85209e9e0df351931e3ffd285a878,3.5__MountainCar-v0__last-action__H10,MountainCar-v0,last-action,10,18,data/llmx_data/offline_data/physics_data/raw_transitions/MountainCar-v0/episodes/episode_0.npz,28,mismatch,last_action_prediction,True,,2,0,0.0,0.0,,0,,,1.0504627499030903,1.0463482500053942,887,81,968,discrete_action_match,,,
115365cd82a914cd1aa9ad5a7b5f9637890f84dfb1349fcd945fc005ce89dfd9,3.5__MountainCar-v0__last-action__H10,MountainCar-v0,last-action,10,19,data/llmx_data/offline_data/physics_data/raw_transitions/MountainCar-v0/episodes/episode_0.npz,29,mismatch,last_action_prediction,True,,2,0,0.0,0.0,,0,,,1.211314250016585,1.2073185419430956,887,88,975,discrete_action_match,,,
a48a943538cf9ade9ef0b67655ea1b3b1b6ce892050703efe093b8c5d094d4d3,3.5__MountainCar-v0__last-action__H10,MountainCar-v0,last-action,10,20,data/llmx_data/offline_data/physics_data/raw_transitions/MountainCar-v0/episodes/episode_0.npz,30,match,last_action_prediction,True,,0,0,100.0,100.0,,0,,,1.5666241670260206,1.5619981670752168,887,76,963,discrete_action_match,,,
d56aef7241a06eb0035440e04c49323817f06130898705258cd0b469be24087b,3.5__MountainCar-v0__last-action__H10,MountainCar-v0,last-action,10,21,data/llmx_data/offline_data/physics_data/raw_transitions/MountainCar-v0/episodes/episode_0.npz,31,mismatch,last_action_prediction,True,,2,0,0.0,0.0,,0,,,1.2918880830984563,1.2882929579354823,887,84,971,discrete_action_match,,,
88e9b7826d0b3e6df61d34a7986155132ba72df6c8ecce4a9bfefc2b3be58a34,3.5__MountainCar-v0__last-action__H10,MountainCar-v0,last-action,10,22,data/llmx_data/offline_data/physics_data/raw_transitions/MountainCar-v0/episodes/episode_0.npz,32,mismatch,last_action_prediction,True,,2,0,0.0,0.0,,0,,,2.2356426659971476,2.231179082999006,888,84,972,discrete_action_match,,,
2685367f6d3f35aa2c28a237b8a346f491d68bc2add1dca21fa93b1d2042e1f0,3.5__MountainCar-v0__last-action__H10,MountainCar-v0,last-action,10,23,data/llmx_data/offline_data/physics_data/raw_transitions/MountainCar-v0/episodes/episode_0.npz,33,match,last_action_prediction,True,,0,0,100.0,100.0,,0,,,1.7848224580520764,1.7802128330804408,887,147,1034,discrete_action_match,,,
cd3791111e5a8f1ef241ac536e7a1f9c574264c48e0fa262ab8d09eb472a60af,3.5__MountainCar-v0__last-action__H10,MountainCar-v0,last-action,10,24,data/llmx_data/offline_data/physics_data/raw_transitions/MountainCar-v0/episodes/episode_0.npz,34,mismatch,last_action_prediction,True,,2,0,0.0,0.0,,0,,,1.2260929170297459,1.2217521669808775,887,74,961,discrete_action_match,,,
00ee2bb9d85d41d7d5a48e4cf47a32c75c70e2ad7101375e1d4398114e19495a,3.5__MountainCar-v0__last-action__H10,MountainCar-v0,last-action,10,25,data/llmx_data/offline_data/physics_data/raw_transitions/MountainCar-v0/episodes/episode_0.npz,35,mismatch,last_action_prediction,True,,2,0,0.0,0.0,,0,,,1.1542205000296235,1.1506005000555888,886,88,974,discrete_action_match,,,
d72a92234a8f881557606d9c5d28b95ed524414dc1074dc38713c4c469bd5fd2,3.5__MountainCar-v0__last-action__H10,MountainCar-v0,last-action,10,26,data/llmx_data/offline_data/physics_data/raw_transitions/MountainCar-v0/episodes/episode_0.npz,36,mismatch,last_action_prediction,True,,2,0,0.0,0.0,,0,,,1.3077466670656577,1.3030832919757813,885,87,972,discrete_action_match,,,
8e2c154916320346a5de5311358109599b4e46f53bddee972d5f43d6ea02bc6b,3.5__MountainCar-v0__last-action__H10,MountainCar-v0,last-action,10,27,data/llmx_data/offline_data/physics_data/raw_transitions/MountainCar-v0/episodes/episode_0.npz,37,match,last_action_prediction,True,,0,0,100.0,100.0,,0,,,1.333858040976338,1.32939458405599,885,89,974,discrete_action_match,,,
4700436a4b20e1ec57ac80768be64e8bdccca71b07618d169e1b43981eee6379,3.5__MountainCar-v0__last-action__H10,MountainCar-v0,last-action,10,28,data/llmx_data/offline_data/physics_data/raw_transitions/MountainCar-v0/episodes/episode_0.npz,38,mismatch,last_action_prediction,True,,2,0,0.0,0.0,,0,,,1.9170216670027003,1.9126714169979095,886,134,1020,discrete_action_match,,,
3170aebd09368239e9aaa3e622d747ac548426790a60efd1a913925f8e785dad,3.5__MountainCar-v0__last-action__H10,MountainCar-v0,last-action,10,29,data/llmx_data/offline_data/physics_data/raw_transitions/MountainCar-v0/episodes/episode_0.npz,39,match,last_action_prediction,True,,0,0,100.0,100.0,,0,,,2.510185332968831,2.5055209998972714,886,97,983,discrete_action_match,,,
a1beef53c3ea60c39b90ef0e1389820e3f204177a1fecbe937b8d8cef637a92b,3.5__MountainCar-v0__last-action__H20,MountainCar-v0,last-action,20,0,data/llmx_data/offline_data/physics_data/raw_transitions/MountainCar-v0/episodes/episode_0.npz,20,match,last_action_prediction,True,,0,0,100.0,100.0,,0,,,1.1241504589561373,1.1208414590219036,1230,110,1340,discrete_action_match,,,
b6320482a895dc6ecebeb4c2be995da0f2d33caf6750a0fd6f3d2efd83373b98,3.5__MountainCar-v0__last-action__H20,MountainCar-v0,last-action,20,1,data/llmx_data/offline_data/physics_data/raw_transitions/MountainCar-v0/episodes/episode_0.npz,21,match,last_action_prediction,True,,0,0,100.0,100.0,,0,,,1.8115464589791372,1.8075870419852436,1230,47,1277,discrete_action_match,,,
568793264ebc6c58c731b81eeea910089bf4a41472bffa3f87904eb5ae32f7d1,3.5__MountainCar-v0__last-action__H20,MountainCar-v0,last-action,20,2,data/llmx_data/offline_data/physics_data/raw_transitions/MountainCar-v0/episodes/episode_0.npz,22,match,last_action_prediction,True,,0,0,100.0,100.0,,0,,,0.9124564999947324,0.9085956250783056,1228,55,1283,discrete_action_match,,,
2972ccb6e6be91bec516a41ec64dfe6ba585032ef2cebc9a47572cf5c8e16d42,3.5__MountainCar-v0__last-action__H20,MountainCar-v0,last-action,20,3,data/llmx_data/offline_data/physics_data/raw_transitions/MountainCar-v0/episodes/episode_0.npz,23,match,last_action_prediction,True,,0,0,100.0,100.0,,0,,,1.4772913339547813,1.472697207937017,1227,47,1274,discrete_action_match,,,
e51491011914b1f0e5d55870224984e3e8c1ddb8e3d2beb3744800cf45b4221a,3.5__MountainCar-v0__last-action__H20,MountainCar-v0,last-action,20,4,data/llmx_data/offline_data/physics_data/raw_transitions/MountainCar-v0/episodes/episode_0.npz,24,match,last_action_prediction,True,,0,0,100.0,100.0,,0,,,1.4922134999651462,1.4876172080403194,1226,47,1273,discrete_action_match,,,
dfc8f1df609bfdf7997afc0687315d4433f336e35687cf2a7bf88f9cef99ec35,3.5__MountainCar-v0__last-action__H20,MountainCar-v0,last-action,20,5,data/llmx_data/offline_data/physics_data/raw_transitions/MountainCar-v0/episodes/episode_0.npz,25,match,last_action_prediction,True,,0,0,100.0,100.0,,0,,,1.2146495420020074,1.210830207914114,1225,53,1278,discrete_action_match,,,
82ba681b90bb28e7d7e65a77a48cf95109661cded9e4afaa37034ae727225655,3.5__MountainCar-v0__last-action__H20,MountainCar-v0,last-action,20,6,data/llmx_data/offline_data/physics_data/raw_transitions/MountainCar-v0/episodes/episode_0.npz,26,match,last_action_prediction,True,,0,0,100.0,100.0,,0,,,6.040225708042271,6.035836874973029,1223,590,1813,discrete_action_match,,,
07a5eb012fcbd16890ccfa3785a32168412e264f029c13110ffc70774da3b0d6,3.5__MountainCar-v0__last-action__H20,MountainCar-v0,last-action,20,7,data/llmx_data/offline_data/physics_data/raw_transitions/MountainCar-v0/episodes/episode_0.npz,27,match,last_action_prediction,True,,0,0,100.0,100.0,,0,,,1.998954207985662,1.9954770000185817,1222,74,1296,discrete_action_match,,,
c0c45270f74033cd28cc5101ab44458ae4de138fd0509ca8c375f5747d7c9856,3.5__MountainCar-v0__last-action__H20,MountainCar-v0,last-action,20,8,data/llmx_data/offline_data/physics_data/raw_transitions/MountainCar-v0/episodes/episode_0.npz,28,match,last_action_prediction,True,,0,0,100.0,100.0,,0,,,4.101273334003054,4.09716424997896,1220,590,1810,discrete_action_match,,,
976ef4b9289588d807b017ff5c414c387e2181f6d5e74e5140d3222e0b18eada,3.5__MountainCar-v0__last-action__H20,MountainCar-v0,last-action,20,9,data/llmx_data/offline_data/physics_data/raw_transitions/MountainCar-v0/episodes/episode_0.npz,29,mismatch,last_action_prediction,True,,2,0,0.0,0.0,,0,,,2.357297540991567,2.3530928749823943,1220,110,1330,discrete_action_match,,,
1a7b346db3c95dfd7f227a62603c1a71a663566c4488f21fba9f8fc0a999e74e,3.5__MountainCar-v0__last-action__H20,MountainCar-v0,last-action,20,10,data/llmx_data/offline_data/physics_data/raw_transitions/MountainCar-v0/episodes/episode_0.npz,30,mismatch,last_action_prediction,True,,2,0,0.0,0.0,,0,,,1.7402289169840515,1.7358951250789687,1219,119,1338,discrete_action_match,,,
6eb23770c726c1a6b566ab5b927cfb14df4350dafbcc1d1d2b60a92c7a29339f,3.5__MountainCar-v0__last-action__H20,MountainCar-v0,last-action,20,11,data/llmx_data/offline_data/physics_data/raw_transitions/MountainCar-v0/episodes/episode_0.npz,31,match,last_action_prediction,True,,0,0,100.0,100.0,,0,,,1.4555732910521328,1.4513060409808531,1218,104,1322,discrete_action_match,,,
08eede48a939c0c8910c6aad5f291ec2921982633f0fcbd6cafa1451b360de4f,3.5__MountainCar-v0__last-action__H20,MountainCar-v0,last-action,20,12,data/llmx_data/offline_data/physics_data/raw_transitions/MountainCar-v0/episodes/episode_0.npz,32,match,last_action_prediction,True,,0,0,100.0,100.0,,0,,,4.133095291093923,4.1284900839673355,1217,96,1313,discrete_action_match,,,
19d9145b5ccfb42ff66f8e89a758c4095283948a715e08fc55094ec4af224d7e,3.5__MountainCar-v0__last-action__H20,MountainCar-v0,last-action,20,13,data/llmx_data/offline_data/physics_data/raw_transitions/MountainCar-v0/episodes/episode_0.npz,33,match,last_action_prediction,True,,0,0,100.0,100.0,,0,,,1.0809538749745116,1.0764877500478178,1215,44,1259,discrete_action_match,,,
42365fac7726bbf7c02d61d1ca7c42e2eee6d3921aabd7df7888dfac150c05b6,3.5__MountainCar-v0__last-action__H20,MountainCar-v0,last-action,20,14,data/llmx_data/offline_data/physics_data/raw_transitions/MountainCar-v0/episodes/episode_0.npz,34,mismatch,last_action_prediction,True,,2,0,0.0,0.0,,0,,,1.8101403749315068,1.8058635829947889,1214,79,1293,discrete_action_match,,,
035fd6ca6039a19f5ce1e85142a6e6becbec21edd89369bdd6864350afb0c6ea,3.5__MountainCar-v0__last-action__H20,MountainCar-v0,last-action,20,15,data/llmx_data/offline_data/physics_data/raw_transitions/MountainCar-v0/episodes/episode_0.npz,35,mismatch,last_action_prediction,True,,2,0,0.0,0.0,,0,,,1.4646012079901993,1.4603797079762444,1212,67,1279,discrete_action_match,,,
ea457c3496905f2af5fed1c9a97933e36df0a1ec384ea6eca0ec9b04a566728d,3.5__MountainCar-v0__last-action__H20,MountainCar-v0,last-action,20,16,data/llmx_data/offline_data/physics_data/raw_transitions/MountainCar-v0/episodes/episode_0.npz,36,match,last_action_prediction,True,,0,0,100.0,100.0,,0,,,1.9383501670090482,1.9338957919972017,1203,125,1328,discrete_action_match,,,
e797195e2d2f1e79ee8b86cfec79203e1676f6b03effbbf837ddc54599d7cf40,3.5__MountainCar-v0__last-action__H20,MountainCar-v0,last-action,20,17,data/llmx_data/offline_data/physics_data/raw_transitions/MountainCar-v0/episodes/episode_0.npz,37,mismatch,last_action_prediction,True,,1,0,0.0,0.0,,0,,,1.3992901659803465,1.3954444589326158,1203,106,1309,discrete_action_match,,,
44db2c33640b1ca7da128568328a35124cc57c047136b937e0acd79dc163f37d,3.5__MountainCar-v0__last-action__H20,MountainCar-v0,last-action,20,18,data/llmx_data/offline_data/physics_data/raw_transitions/MountainCar-v0/episodes/episode_0.npz,38,mismatch,last_action_prediction,True,,2,0,0.0,0.0,,0,,,1.6876180410617962,1.6830662919674069,1203,90,1293,discrete_action_match,,,
5963b129aaf4232c4ee7fb64fcdcb26412dbf295a584fbf5d1d738a38d8b0489,3.5__MountainCar-v0__last-action__H20,MountainCar-v0,last-action,20,19,data/llmx_data/offline_data/physics_data/raw_transitions/MountainCar-v0/episodes/episode_0.npz,39,match,last_action_prediction,True,,0,0,100.0,100.0,,0,,,1.3436072079930454,1.339079459081404,1203,97,1300,discrete_action_match,,,
37cb537526960c1b1955de2c42f0be5a96a29d54910a2141057c9eeebabcd1e3,3.5__MountainCar-v0__last-action__H20,MountainCar-v0,last-action,20,20,data/llmx_data/offline_data/physics_data/raw_transitions/MountainCar-v0/episodes/episode_0.npz,40,mismatch,last_action_prediction,True,,2,0,0.0,0.0,,0,,,1.710317000048235,1.7063218749826774,1202,88,1290,discrete_action_match,,,
c5f3ffbfc0530e1ba3dc155aad5bdb2799817b5134cb07e8bbbcca446ae7cbd8,3.5__MountainCar-v0__last-action__H20,MountainCar-v0,last-action,20,21,data/llmx_data/offline_data/physics_data/raw_transitions/MountainCar-v0/episodes/episode_0.npz,41,mismatch,last_action_prediction,True,,2,0,0.0,0.0,,0,,,2.4456131670158356,2.4409700409742072,1201,88,1289,discrete_action_match,,,
e820d1efa8e94256de01298ca052ffc6bd0464500ec1a8b3fd6b35c73f6a18a7,3.5__MountainCar-v0__last-action__H20,MountainCar-v0,last-action,20,22,data/llmx_data/offline_data/physics_data/raw_transitions/MountainCar-v0/episodes/episode_0.npz,42,match,last_action_prediction,True,,0,0,100.0,100.0,,0,,,2.3036424580495805,2.29968633397948,1202,107,1309,discrete_action_match,,,
e93dc64e940cd83c5a4e15625c595e169dae1cf47e73b0beb61debfc612002e4,3.5__MountainCar-v0__last-action__H20,MountainCar-v0,last-action,20,23,data/llmx_data/offline_data/physics_data/raw_transitions/MountainCar-v0/episodes/episode_0.npz,43,match,last_action_prediction,True,,0,0,100.0,100.0,,0,,,1.6781965409172699,1.6738292910158634,1202,48,1250,discrete_action_match,,,
64eddf2f9cb4d22006b757f468257ea8d75e8ab3abb89f5d9d1bfa920ceb6a8d,3.5__MountainCar-v0__last-action__H20,MountainCar-v0,last-action,20,24,data/llmx_data/offline_data/physics_data/raw_transitions/MountainCar-v0/episodes/episode_0.npz,44,mismatch,last_action_prediction,True,,2,0,0.0,0.0,,0,,,1.7202658749883994,1.7163671660237014,1202,87,1289,discrete_action_match,,,
68853ee0794bafbd00169f37fe84af08c4a145d140cb612d48fc40fc5f82a602,3.5__MountainCar-v0__last-action__H20,MountainCar-v0,last-action,20,25,data/llmx_data/offline_data/physics_data/raw_transitions/MountainCar-v0/episodes/episode_0.npz,45,mismatch,last_action_prediction,True,,2,0,0.0,0.0,,0,,,2.8541364170378074,2.8502672909526154,1202,166,1368,discrete_action_match,,,
840279ccf0ece71b437d97343ec5888f6b52c5d4566b823351a2f1f353b4acfc,3.5__MountainCar-v0__last-action__H20,MountainCar-v0,last-action,20,26,data/llmx_data/offline_data/physics_data/raw_transitions/MountainCar-v0/episodes/episode_0.npz,46,match,last_action_prediction,True,,0,0,100.0,100.0,,0,,,1.2301151250721887,1.2255159170599654,1203,101,1304,discrete_action_match,,,
5e1d0157c93f0544d0167bbb964347586d4f27772906682ee8c5eb837aba49ca,3.5__MountainCar-v0__last-action__H20,MountainCar-v0,last-action,20,27,data/llmx_data/offline_data/physics_data/raw_transitions/MountainCar-v0/episodes/episode_0.npz,47,match,last_action_prediction,True,,0,0,100.0,100.0,,0,,,2.2106605410808697,2.2061931249918416,1203,111,1314,discrete_action_match,,,
d95d42e69d9753acbf092bddf44fb07ea02e87db8fda53f265b995359ee12ae8,3.5__MountainCar-v0__last-action__H20,MountainCar-v0,last-action,20,28,data/llmx_data/offline_data/physics_data/raw_transitions/MountainCar-v0/episodes/episode_0.npz,48,mismatch,last_action_prediction,True,,2,0,0.0,0.0,,0,,,1.3839825419709086,1.3794760000891984,1204,100,1304,discrete_action_match,,,
e6b409ba322971107ea6f5be3a262285168b08976d336c2ea55dab06d600a7e2,3.5__MountainCar-v0__last-action__H20,MountainCar-v0,last-action,20,29,data/llmx_data/offline_data/physics_data/raw_transitions/MountainCar-v0/episodes/episode_0.npz,49,mismatch,last_action_prediction,True,,2,0,0.0,0.0,,0,,,1.2378583329264075,1.2339819169137627,1204,66,1270,discrete_action_match,,,
a4f4fd58b0690252111c3266655dcd22b9a2b0d5767215df9c25d2620b3cdf34,3.5__MountainCar-v0__last-action__H30,MountainCar-v0,last-action,30,0,data/llmx_data/offline_data/physics_data/raw_transitions/MountainCar-v0/episodes/episode_0.npz,30,mismatch,last_action_prediction,True,,2,0,0.0,0.0,,0,,,2.516613084007986,2.513191666919738,1547,118,1665,discrete_action_match,,,
17046d11b87ce3b82a362adb0ebe7c2faaf0012f6851afbf3cd687d9379379e5,3.5__MountainCar-v0__last-action__H30,MountainCar-v0,last-action,30,1,data/llmx_data/offline_data/physics_data/raw_transitions/MountainCar-v0/episodes/episode_0.npz,31,mismatch,last_action_prediction,True,,2,0,0.0,0.0,,0,,,3.2246532920980826,3.221446458948776,1547,74,1621,discrete_action_match,,,
2b4bfdcfc100257c0fc83fd46c612247df9ee56881caa3aedda9659f5969e240,3.5__MountainCar-v0__last-action__H30,MountainCar-v0,last-action,30,2,data/llmx_data/offline_data/physics_data/raw_transitions/MountainCar-v0/episodes/episode_0.npz,32,match,last_action_prediction,True,,0,0,100.0,100.0,,0,,,2.5344028749968857,2.5308548340108246,1546,95,1641,discrete_action_match,,,
ff8618ed9f54db1ce80bf26217183807a29de8b685c6fd095b1e6b34a072c604,3.5__MountainCar-v0__last-action__H30,MountainCar-v0,last-action,30,3,data/llmx_data/offline_data/physics_data/raw_transitions/MountainCar-v0/episodes/episode_0.npz,33,match,last_action_prediction,True,,0,0,100.0,100.0,,0,,,1.1369157920125872,1.1322750840336084,1544,105,1649,discrete_action_match,,,
04096f0c03a43fd4085aeedd3d8dbba88f702f24cb472d92ebabd5a1a35f07e9,3.5__MountainCar-v0__last-action__H30,MountainCar-v0,last-action,30,4,data/llmx_data/offline_data/physics_data/raw_transitions/MountainCar-v0/episodes/episode_0.npz,34,match,last_action_prediction,True,,0,0,100.0,100.0,,0,,,2.059589417069219,2.055619916995056,1543,92,1635,discrete_action_match,,,
b5432fe6d592f123da52ea1de9c97746abebb03e6f257698f5ff0111e66f5817,3.5__MountainCar-v0__last-action__H30,MountainCar-v0,last-action,30,5,data/llmx_data/offline_data/physics_data/raw_transitions/MountainCar-v0/episodes/episode_0.npz,35,mismatch,last_action_prediction,True,,2,0,0.0,0.0,,0,,,1.2524745420087129,1.2479863329790533,1541,113,1654,discrete_action_match,,,
ca4a0838e93cf8aeab0e996e3084f50c6fbfe487f3cee91db325afd513964888,3.5__MountainCar-v0__last-action__H30,MountainCar-v0,last-action,30,6,data/llmx_data/offline_data/physics_data/raw_transitions/MountainCar-v0/episodes/episode_0.npz,36,mismatch,last_action_prediction,True,,2,0,0.0,0.0,,0,,,1.618287416989915,1.61445083306171,1538,87,1625,discrete_action_match,,,
15ff49448c860387cb0a865fd003528beb56280690a01c4e0a488694ced637bd,3.5__MountainCar-v0__last-action__H30,MountainCar-v0,last-action,30,7,data/llmx_data/offline_data/physics_data/raw_transitions/MountainCar-v0/episodes/episode_0.npz,37,match,last_action_prediction,True,,0,0,100.0,100.0,,0,,,0.8546746249776334,0.850496832979843,1537,71,1608,discrete_action_match,,,
44d015c71bf6df99e5ba9feaa5053bfffcfececa123ec94e1a5eb26e6735c869,3.5__MountainCar-v0__last-action__H30,MountainCar-v0,last-action,30,8,data/llmx_data/offline_data/physics_data/raw_transitions/MountainCar-v0/episodes/episode_0.npz,38,mismatch,last_action_prediction,True,,2,0,0.0,0.0,,0,,,1.444344500079751,1.4400969159323722,1536,103,1639,discrete_action_match,,,
9555c10ba858634e4b80b125a5ae689e2f0a67932d43bc0371f197a713bd7f13,3.5__MountainCar-v0__last-action__H30,MountainCar-v0,last-action,30,9,data/llmx_data/offline_data/physics_data/raw_transitions/MountainCar-v0/episodes/episode_0.npz,39,match,last_action_prediction,True,,0,0,100.0,100.0,,0,,,1.185802208026871,1.1818790410179645,1536,76,1612,discrete_action_match,,,
5de2c8c29d8de272b3dc66489c9c39f585ee49bb70c91c7acb5e7127587fb3ef,3.5__MountainCar-v0__last-action__H30,MountainCar-v0,last-action,30,10,data/llmx_data/offline_data/physics_data/raw_transitions/MountainCar-v0/episodes/episode_0.npz,40,match,last_action_prediction,True,,0,0,100.0,100.0,,0,,,1.9509034160291776,1.9468172920169309,1534,48,1582,discrete_action_match,,,
5b99a3785c5fbf9021af5e8f08b51e63424c0f346f653454eb556681b9f61e40,3.5__MountainCar-v0__last-action__H30,MountainCar-v0,last-action,30,11,data/llmx_data/offline_data/physics_data/raw_transitions/MountainCar-v0/episodes/episode_0.npz,41,match,last_action_prediction,True,,0,0,100.0,100.0,,0,,,1.0434279589680955,1.039197082980536,1532,47,1579,discrete_action_match,,,
594e638bd9bf61b0a4eb6b797533b9c340af2f4a39025fc013460a8357e2560f,3.5__MountainCar-v0__last-action__H30,MountainCar-v0,last-action,30,12,data/llmx_data/offline_data/physics_data/raw_transitions/MountainCar-v0/episodes/episode_0.npz,42,match,last_action_prediction,True,,0,0,100.0,100.0,,0,,,1.585227333009243,1.5812217500060797,1531,77,1608,discrete_action_match,,,
b15e9250c0ae07d5c5d2c8819d2f43ea0055a91d4e4bb9a07bd71cbc8b1cffd9,3.5__MountainCar-v0__last-action__H30,MountainCar-v0,last-action,30,13,data/llmx_data/offline_data/physics_data/raw_transitions/MountainCar-v0/episodes/episode_0.npz,43,match,last_action_prediction,True,,0,0,100.0,100.0,,0,,,2.142636040924117,2.1389510839944705,1530,118,1648,discrete_action_match,,,
1bf4618c885a884b3a323379e70edaadfed58f86d9f3830862bbd276039e263f,3.5__MountainCar-v0__last-action__H30,MountainCar-v0,last-action,30,14,data/llmx_data/offline_data/physics_data/raw_transitions/MountainCar-v0/episodes/episode_0.npz,44,mismatch,last_action_prediction,True,,2,0,0.0,0.0,,0,,,2.090819958015345,2.0865444579394534,1529,102,1631,discrete_action_match,,,
23fb862dc7c8056fad43d4674a08575fdca4692f50e0b7ebff536616da365caa,3.5__MountainCar-v0__last-action__H30,MountainCar-v0,last-action,30,15,data/llmx_data/offline_data/physics_data/raw_transitions/MountainCar-v0/episodes/episode_0.npz,45,mismatch,last_action_prediction,True,,2,0,0.0,0.0,,0,,,2.0299441249808297,2.0262339590117335,1528,72,1600,discrete_action_match,,,
197b162a2e047071b6100fd4f5d98480a6873aaac6cbd3e31b74b6849d1fc885,3.5__MountainCar-v0__last-action__H30,MountainCar-v0,last-action,30,16,data/llmx_data/offline_data/physics_data/raw_transitions/MountainCar-v0/episodes/episode_0.npz,46,mismatch,last_action_prediction,True,,2,0,0.0,0.0,,0,,,1.7905336249386892,1.7866040830267593,1521,86,1607,discrete_action_match,,,
d44a106eb0ce59c988ff430f86264cfee073ffd6653490681da96c1d8c7f3fd5,3.5__MountainCar-v0__last-action__H30,MountainCar-v0,last-action,30,17,data/llmx_data/offline_data/physics_data/raw_transitions/MountainCar-v0/episodes/episode_0.npz,47,mismatch,last_action_prediction,True,,2,0,0.0,0.0,,0,,,1.719243458006531,1.7151802910957485,1521,67,1588,discrete_action_match,,,
98598f8920183bbca10b1a710cffcab27e6b4b1aa89eeb9f0224c949958bee29,3.5__MountainCar-v0__last-action__H30,MountainCar-v0,last-action,30,18,data/llmx_data/offline_data/physics_data/raw_transitions/MountainCar-v0/episodes/episode_0.npz,48,mismatch,last_action_prediction,True,,2,0,0.0,0.0,,0,,,1.1979322079569101,1.1942814579233527,1521,118,1639,discrete_action_match,,,
70ea89b390c3147493e2d9f0e8cb68e9a2a73d58c319967d1f164671fecb0795,3.5__MountainCar-v0__last-action__H30,MountainCar-v0,last-action,30,19,data/llmx_data/offline_data/physics_data/raw_transitions/MountainCar-v0/episodes/episode_0.npz,49,mismatch,last_action_prediction,True,,2,0,0.0,0.0,,0,,,1.1495072909165174,1.1457900420064107,1521,114,1635,discrete_action_match,,,
7927b2492f5fc84661d2bb4c6e5acf95325e902b00bb4691c69926343996cb48,3.5__MountainCar-v0__last-action__H30,MountainCar-v0,last-action,30,20,data/llmx_data/offline_data/physics_data/raw_transitions/MountainCar-v0/episodes/episode_0.npz,50,mismatch,last_action_prediction,True,,0,1,0.0,0.0,,0,,,1.2992088749306276,1.2946910000173375,1521,99,1620,discrete_action_match,,,
dba772aca16e07ee1d0efc04567c66e923fa66c59fc7ed614655eeab2324ed7d,3.5__MountainCar-v0__last-action__H30,MountainCar-v0,last-action,30,21,data/llmx_data/offline_data/physics_data/raw_transitions/MountainCar-v0/episodes/episode_0.npz,51,match,last_action_prediction,True,,2,2,100.0,100.0,,0,,,1.5577582080150023,1.554022999946028,1527,113,1640,discrete_action_match,,,
33d9a48a613d49795761f42a60dda73598fff86565a2105f706ccf3a791d6b14,3.5__MountainCar-v0__last-action__H30,MountainCar-v0,last-action,30,22,data/llmx_data/offline_data/physics_data/raw_transitions/MountainCar-v0/episodes/episode_0.npz,52,match,last_action_prediction,True,,2,2,100.0,100.0,,0,,,2.7917801670264453,2.787952500046231,1529,111,1640,discrete_action_match,,,
a79b26d4929de34504d69fc18bcc05ba07215345c03fb6df955dc4a99d5cad89,3.5__MountainCar-v0__last-action__H30,MountainCar-v0,last-action,30,23,data/llmx_data/offline_data/physics_data/raw_transitions/MountainCar-v0/episodes/episode_0.npz,53,match,last_action_prediction,True,,2,2,100.0,100.0,,0,,,1.5704053329536691,1.5664573330432177,1530,125,1655,discrete_action_match,,,
e2b264a0da8ad4a88df09d387791a404326cdd75d9622a2e7442a136532c85cf,3.5__MountainCar-v0__last-action__H30,MountainCar-v0,last-action,30,24,data/llmx_data/offline_data/physics_data/raw_transitions/MountainCar-v0/episodes/episode_0.npz,54,match,last_action_prediction,True,,2,2,100.0,100.0,,0,,,1.105481292004697,1.1010756250470877,1531,107,1638,discrete_action_match,,,
8eb1ae9a74e87e7c14a5c03d1f2f9a45da51a20d768d4d99f0a8c5daa3573a0c,3.5__MountainCar-v0__last-action__H30,MountainCar-v0,last-action,30,25,data/llmx_data/offline_data/physics_data/raw_transitions/MountainCar-v0/episodes/episode_0.npz,55,match,last_action_prediction,True,,2,2,100.0,100.0,,0,,,1.827222374966368,1.8225797500927001,1532,95,1627,discrete_action_match,,,
648a94d6fa30f6d95ea103be76fdfd9f16d51ae6314bd047acf5de5e4dcda235,3.5__MountainCar-v0__last-action__H30,MountainCar-v0,last-action,30,26,data/llmx_data/offline_data/physics_data/raw_transitions/MountainCar-v0/episodes/episode_0.npz,56,match,last_action_prediction,True,,2,2,100.0,100.0,,0,,,1.2865604580147192,1.2825207500718534,1534,106,1640,discrete_action_match,,,
e7e6cfe25559ce9942b53d3a5a20d7a86523d2f13725e5992d6523cf598537fd,3.5__MountainCar-v0__last-action__H30,MountainCar-v0,last-action,30,27,data/llmx_data/offline_data/physics_data/raw_transitions/MountainCar-v0/episodes/episode_0.npz,57,match,last_action_prediction,True,,2,2,100.0,100.0,,0,,,1.8139002081006765,1.8099455420160666,1535,99,1634,discrete_action_match,,,
1be1f21bb98fcfd102638462f117c9b13e4e579e38e173ca23fbbc632f2706ef,3.5__MountainCar-v0__last-action__H30,MountainCar-v0,last-action,30,28,data/llmx_data/offline_data/physics_data/raw_transitions/MountainCar-v0/episodes/episode_0.npz,58,match,last_action_prediction,True,,2,2,100.0,100.0,,0,,,2.6402942910790443,2.6359872500179335,1537,93,1630,discrete_action_match,,,
8379de6edf4d7412fc0f58cdd2c96f08954e6f90cec47afcaab60a99bc6cdb68,3.5__MountainCar-v0__last-action__H30,MountainCar-v0,last-action,30,29,data/llmx_data/offline_data/physics_data/raw_transitions/MountainCar-v0/episodes/episode_0.npz,59,match,last_action_prediction,True,,2,2,100.0,100.0,,0,,,1.6666185000212863,1.6620917080435902,1538,90,1628,discrete_action_match,,,
bc879fa8cc96270d710af43700de9e77cde7d56419a3336affe271fa8538f4a4,3.5__MountainCar-v0__next-state__H5,MountainCar-v0,next-state,5,0,data/llmx_data/offline_data/physics_data/raw_transitions/MountainCar-v0/episodes/episode_0.npz,4,match,next_state_prediction,True,,"[1, 1]","[1, 1]",100.0,100.0,100.0,0,2,,1.8352737500099465,1.8307009170530364,906,142,1048,three_class_state_change_reanalysis,"[1, 1]",0.0001,False
331848edc7d68a42d4e7f66629d7eb092e2f78f0ce4101acc0a799800abe4b63,3.5__MountainCar-v0__next-state__H5,MountainCar-v0,next-state,5,1,data/llmx_data/offline_data/physics_data/raw_transitions/MountainCar-v0/episodes/episode_0.npz,5,match,next_state_prediction,True,,"[1, 1]","[1, 1]",100.0,100.0,100.0,0,2,,1.2407521250424907,1.2367385000688955,907,115,1022,three_class_state_change_reanalysis,"[1, 1]",0.0001,False
5646d6ca898e21fdc72f448eb9f8846562a8a9939a024fb794b6f302a5575768,3.5__MountainCar-v0__next-state__H5,MountainCar-v0,next-state,5,2,data/llmx_data/offline_data/physics_data/raw_transitions/MountainCar-v0/episodes/episode_0.npz,6,mismatch,next_state_prediction,True,,"[1, 0]","[1, 1]",0.0,50.0,50.0,0,2,,1.678803208982572,1.6756103339139372,907,121,1028,three_class_state_change_reanalysis,"[1, 1]",0.0001,False
3d42c495b0ef5f10a041b58ec5d2197550b5973feb5d8e731a1212b1029ac9a5,3.5__MountainCar-v0__next-state__H5,MountainCar-v0,next-state,5,3,data/llmx_data/offline_data/physics_data/raw_transitions/MountainCar-v0/episodes/episode_0.npz,7,match,next_state_prediction,True,,"[1, 1]","[1, 1]",100.0,100.0,100.0,0,2,,1.4159524160204455,1.4126542090671137,907,112,1019,three_class_state_change_reanalysis,"[1, 1]",0.0001,False
a86601ce7cabc24af1304277f3cdcaaeacf1b6c8620b6057253ddde3a24345eb,3.5__MountainCar-v0__next-state__H5,MountainCar-v0,next-state,5,4,data/llmx_data/offline_data/physics_data/raw_transitions/MountainCar-v0/episodes/episode_0.npz,8,match,next_state_prediction,True,,"[1, 1]","[1, 1]",100.0,100.0,100.0,0,2,,2.881468874984421,2.877783708041534,905,192,1097,three_class_state_change_reanalysis,"[1, 1]",0.0001,False
c67e2b38247f5919a9210831b953e31c98de067f57dec95daecacad77cd6dbb0,3.5__MountainCar-v0__next-state__H5,MountainCar-v0,next-state,5,5,data/llmx_data/offline_data/physics_data/raw_transitions/MountainCar-v0/episodes/episode_0.npz,9,mismatch,next_state_prediction,True,,"[1, 1]","[1, 0]",0.0,50.0,50.0,0,2,,1.9904388340655714,1.9859347089659423,906,114,1020,three_class_state_change_reanalysis,"[1, 0]",0.0001,False
6b2613d9364901a66b8a2d79bdf5fb3a173e6d6bc9d2ce59ec7dbfa9d5a24e1e,3.5__MountainCar-v0__next-state__H5,MountainCar-v0,next-state,5,6,data/llmx_data/offline_data/physics_data/raw_transitions/MountainCar-v0/episodes/episode_0.npz,10,mismatch,next_state_prediction,True,,"[0, 0]","[1, 0]",0.0,50.0,50.0,0,2,,1.961877541965805,1.9577554579591379,906,165,1071,three_class_state_change_reanalysis,"[1, 0]",0.0001,False
02976800357556b33b935f7c06651138a66ef0d65159692d610b9eab5084a669,3.5__MountainCar-v0__next-state__H5,MountainCar-v0,next-state,5,7,data/llmx_data/offline_data/physics_data/raw_transitions/MountainCar-v0/episodes/episode_0.npz,11,mismatch,next_state_prediction,True,,"[0, 0]","[1, 0]",0.0,50.0,50.0,0,2,,1.1812952499603853,1.1765225830022246,906,108,1014,three_class_state_change_reanalysis,"[1, 0]",0.0001,False
4d11a745dd1285870edd65c7b7a62f415226a3fc20ea353081985fcc6d2aeeaf,3.5__MountainCar-v0__next-state__H5,MountainCar-v0,next-state,5,8,data/llmx_data/offline_data/physics_data/raw_transitions/MountainCar-v0/episodes/episode_0.npz,12,mismatch,next_state_prediction,True,,"[0, 0]","[1, 0]",0.0,50.0,50.0,0,2,,2.310728708980605,2.3066174999112263,906,141,1047,three_class_state_change_reanalysis,"[1, 0]",0.0001,False
073f9c4ff1593b9a1984ae51cde188c0f8abff0be666759ada42486d82f48ae1,3.5__MountainCar-v0__next-state__H5,MountainCar-v0,next-state,5,9,data/llmx_data/offline_data/physics_data/raw_transitions/MountainCar-v0/episodes/episode_0.npz,13,mismatch,next_state_prediction,True,,"[0, 0]","[1, 0]",0.0,50.0,50.0,0,2,,2.2947790001053363,2.290542208007537,907,99,1006,three_class_state_change_reanalysis,"[1, 0]",0.0001,False
05bbbd5589982049228a67a282678885b93b0d44642182a0476e1325b5c897e9,3.5__MountainCar-v0__next-state__H5,MountainCar-v0,next-state,5,10,data/llmx_data/offline_data/physics_data/raw_transitions/MountainCar-v0/episodes/episode_0.npz,14,mismatch,next_state_prediction,True,,"[0, 0]","[1, 0]",0.0,50.0,50.0,0,2,,2.1038813749328256,2.0994462909875438,907,132,1039,three_class_state_change_reanalysis,"[1, 0]",0.0001,False
366db76e349ce65a4146cd7d6df4ed965c3ca666b14f02b29eb5afbc9ed714ef,3.5__MountainCar-v0__next-state__H5,MountainCar-v0,next-state,5,11,data/llmx_data/offline_data/physics_data/raw_transitions/MountainCar-v0/episodes/episode_0.npz,15,mismatch,next_state_prediction,True,,"[1, 0]","[0, 0]",0.0,50.0,50.0,0,2,,2.1982392909703776,2.1942149590468034,925,141,1066,three_class_state_change_reanalysis,"[0, 0]",0.0001,False
a8321d2885f37cb7579b51ca0ddcf58a6c001814a7d3122385c1e5cadaf57a64,3.5__MountainCar-v0__next-state__H5,MountainCar-v0,next-state,5,12,data/llmx_data/offline_data/physics_data/raw_transitions/MountainCar-v0/episodes/episode_0.npz,16,mismatch,next_state_prediction,True,,"[0, 1]","[0, 0]",0.0,50.0,50.0,0,2,,1.931233541923575,1.9270590419182554,910,166,1076,three_class_state_change_reanalysis,"[0, 0]",0.0001,False
f1fc0d3266c713f7afc1dc59453fa9263bd2d2813aef6a5d8034d4fe8fcdac30,3.5__MountainCar-v0__next-state__H5,MountainCar-v0,next-state,5,13,data/llmx_data/offline_data/physics_data/raw_transitions/MountainCar-v0/episodes/episode_0.npz,17,match,next_state_prediction,True,,"[0, 0]","[0, 0]",100.0,100.0,100.0,0,2,,2.293326166924089,2.291179042076692,909,110,1019,three_class_state_change_reanalysis,"[0, 0]",0.0001,False
6a43800076fb6fb3dab63dd9b18800754d1a8527a48871cef1fc1f306bdf47d1,3.5__MountainCar-v0__next-state__H5,MountainCar-v0,next-state,5,14,data/llmx_data/offline_data/physics_data/raw_transitions/MountainCar-v0/episodes/episode_0.npz,18,match,next_state_prediction,True,,"[0, 0]","[0, 0]",100.0,100.0,100.0,0,2,,1.4112502089701593,1.4078705420251936,908,117,1025,three_class_state_change_reanalysis,"[0, 0]",0.0001,False
c777bf9b318dae217cd1ed9620dbba477e658622fa9863489b7e0affac583cb2,3.5__MountainCar-v0__next-state__H5,MountainCar-v0,next-state,5,15,data/llmx_data/offline_data/physics_data/raw_transitions/MountainCar-v0/episodes/episode_0.npz,19,match,next_state_prediction,True,,"[0, 0]","[0, 0]",100.0,100.0,100.0,0,2,,1.6969978749984875,1.6927467089844868,907,130,1037,three_class_state_change_reanalysis,"[0, 0]",0.0001,False
9fd54f814ebad47abfeb7a37410ec5e0f57ef2ad128ba75fb44b3c2086e777e7,3.5__MountainCar-v0__next-state__H5,MountainCar-v0,next-state,5,16,data/llmx_data/offline_data/physics_data/raw_transitions/MountainCar-v0/episodes/episode_0.npz,20,match,next_state_prediction,True,,"[0, 0]","[0, 0]",100.0,100.0,100.0,0,2,,1.482363292016089,1.4771910830168054,900,111,1011,three_class_state_change_reanalysis,"[0, 0]",0.0001,False
9cd1b6580f48a0770742d003f3fa0d6f8ec303e8ff2a85278a227abb43196e03,3.5__MountainCar-v0__next-state__H5,MountainCar-v0,next-state,5,17,data/llmx_data/offline_data/physics_data/raw_transitions/MountainCar-v0/episodes/episode_0.npz,21,match,next_state_prediction,True,,"[0, 0]","[0, 0]",100.0,100.0,100.0,0,2,,1.2791127500822768,1.275027250056155,898,128,1026,three_class_state_change_reanalysis,"[0, 0]",0.0001,False
eefc87f2d7f766c1043beda8944bff5b698b38578dcbee0073a9d0019c154b29,3.5__MountainCar-v0__next-state__H5,MountainCar-v0,next-state,5,18,data/llmx_data/offline_data/physics_data/raw_transitions/MountainCar-v0/episodes/episode_0.npz,22,match,next_state_prediction,True,,"[0, 0]","[0, 0]",100.0,100.0,100.0,0,2,,1.4742304579121992,1.4709204999962822,899,135,1034,three_class_state_change_reanalysis,"[0, 0]",0.0001,False
02ff3bf9672e3404d19e7878244d2ca0b72b1afb0482fd8abc09b71a665027b5,3.5__MountainCar-v0__next-state__H5,MountainCar-v0,next-state,5,19,data/llmx_data/offline_data/physics_data/raw_transitions/MountainCar-v0/episodes/episode_0.npz,23,match,next_state_prediction,True,,"[0, 0]","[0, 0]",100.0,100.0,100.0,0,2,,2.192789916996844,2.18935362494085,899,148,1047,three_class_state_change_reanalysis,"[0, 0]",0.0001,False
c97f56e53a8431d77b6ec9e5c2f565e5fe4799830b562e6214f7864d7df5d975,3.5__MountainCar-v0__next-state__H5,MountainCar-v0,next-state,5,20,data/llmx_data/offline_data/physics_data/raw_transitions/MountainCar-v0/episodes/episode_0.npz,24,match,next_state_prediction,True,,"[0, 0]","[0, 0]",100.0,100.0,100.0,0,2,,1.6927702079992741,1.6888113339664415,899,160,1059,three_class_state_change_reanalysis,"[0, 0]",0.0001,False
ab55126de43acc85b95bf5c726c15c7b51df7e67fe7986f205963b2d46881209,3.5__MountainCar-v0__next-state__H5,MountainCar-v0,next-state,5,21,data/llmx_data/offline_data/physics_data/raw_transitions/MountainCar-v0/episodes/episode_0.npz,25,match,next_state_prediction,True,,"[0, 0]","[0, 0]",100.0,100.0,100.0,0,2,,1.4296228329185396,1.425547541002743,897,98,995,three_class_state_change_reanalysis,"[0, 0]",0.0001,False
b1e6ab5c4ac91e3074fc32e5a859a8b3a227aa64de693a9c5429dbbb66cc5526,3.5__MountainCar-v0__next-state__H5,MountainCar-v0,next-state,5,22,data/llmx_data/offline_data/physics_data/raw_transitions/MountainCar-v0/episodes/episode_0.npz,26,match,next_state_prediction,True,,"[0, 0]","[0, 0]",100.0,100.0,100.0,0,2,,2.237600834108889,2.2337436659727246,899,146,1045,three_class_state_change_reanalysis,"[0, 0]",0.0001,False
335b5d6151a8b202c0552bd41aaf422dc7bdb46feb9b189eb3b0da5627fb693c,3.5__MountainCar-v0__next-state__H5,MountainCar-v0,next-state,5,23,data/llmx_data/offline_data/physics_data/raw_transitions/MountainCar-v0/episodes/episode_0.npz,27,match,next_state_prediction,True,,"[0, 0]","[0, 0]",100.0,100.0,100.0,0,2,,2.4754817909561098,2.4706397079862654,897,130,1027,three_class_state_change_reanalysis,"[0, 0]",0.0001,False
499af693dc8647e1a2b375f52d40b45c7dd26e52b16aede2652d07982eb9a1c8,3.5__MountainCar-v0__next-state__H5,MountainCar-v0,next-state,5,24,data/llmx_data/offline_data/physics_data/raw_transitions/MountainCar-v0/episodes/episode_0.npz,28,match,next_state_prediction,True,,"[0, 0]","[0, 0]",100.0,100.0,100.0,0,2,,2.2913736250484362,2.286217167042196,898,183,1081,three_class_state_change_reanalysis,"[0, 0]",0.0001,False
01b00c94b0b793518d71c291c9e7c46a3c228dc23e976dac390d36b6f5868950,3.5__MountainCar-v0__next-state__H5,MountainCar-v0,next-state,5,25,data/llmx_data/offline_data/physics_data/raw_transitions/MountainCar-v0/episodes/episode_0.npz,29,match,next_state_prediction,True,,"[0, 0]","[0, 0]",100.0,100.0,100.0,0,2,,2.458696582936682,2.454554249998182,898,163,1061,three_class_state_change_reanalysis,"[0, 0]",0.0001,False
37259be937e8ac0693c1c37f2ecc2cb9fbef87e8625890d321ae3c2c2c826bcf,3.5__MountainCar-v0__next-state__H5,MountainCar-v0,next-state,5,26,data/llmx_data/offline_data/physics_data/raw_transitions/MountainCar-v0/episodes/episode_0.npz,30,match,next_state_prediction,True,,"[0, 0]","[0, 0]",100.0,100.0,100.0,0,2,,1.4988711250480264,1.4958103749668226,899,130,1029,three_class_state_change_reanalysis,"[0, 0]",0.0001,False
077eb9c8eb73e62192493ef02992357be0f9ab4ffdc5576536fd222c09d26f66,3.5__MountainCar-v0__next-state__H5,MountainCar-v0,next-state,5,27,data/llmx_data/offline_data/physics_data/raw_transitions/MountainCar-v0/episodes/episode_0.npz,31,match,next_state_prediction,True,,"[0, 0]","[0, 0]",100.0,100.0,100.0,0,2,,2.3129984999541193,2.3092058330075815,899,106,1005,three_class_state_change_reanalysis,"[0, 0]",0.0001,False
481be5760327b5d95257a70f8b6526533eef30aff0368691f51b265e84c5b900,3.5__MountainCar-v0__next-state__H5,MountainCar-v0,next-state,5,28,data/llmx_data/offline_data/physics_data/raw_transitions/MountainCar-v0/episodes/episode_0.npz,32,match,next_state_prediction,True,,"[0, 0]","[0, 0]",100.0,100.0,100.0,0,2,,1.2738267090171576,1.2708558340091258,900,108,1008,three_class_state_change_reanalysis,"[0, 0]",0.0001,False
6362c9bed8a2ce7137626408b46ffe2f23ce4f32da23f37ffcf8c7b6513ebab7,3.5__MountainCar-v0__next-state__H5,MountainCar-v0,next-state,5,29,data/llmx_data/offline_data/physics_data/raw_transitions/MountainCar-v0/episodes/episode_0.npz,33,match,next_state_prediction,True,,"[0, 0]","[0, 0]",100.0,50.0,100.0,1,2,,1.1483678749063984,1.144468207960017,900,105,1005,three_class_state_change_reanalysis,"[0, 2]",0.0001,False
d1aa35620709a47b0e30c9ddc777a272ccfeb9a57ec6ccac0f6595d290778f0a,3.5__MountainCar-v0__next-state__H10,MountainCar-v0,next-state,10,0,data/llmx_data/offline_data/physics_data/raw_transitions/MountainCar-v0/episodes/episode_0.npz,9,mismatch,next_state_prediction,True,,"[1, 1]","[1, 0]",0.0,50.0,50.0,0,2,,1.4225426249904558,1.4181851660832763,1070,115,1185,three_class_state_change_reanalysis,"[1, 0]",0.0001,False
319a9bc4f50b1900c84a9c23bf1ab629e8570ca02abd6262ef338fbfc468a7b4,3.5__MountainCar-v0__next-state__H10,MountainCar-v0,next-state,10,1,data/llmx_data/offline_data/physics_data/raw_transitions/MountainCar-v0/episodes/episode_0.npz,10,mismatch,next_state_prediction,True,,"[0, 0]","[1, 0]",0.0,50.0,50.0,0,2,,1.8704022499732673,1.8662641670089215,1071,117,1188,three_class_state_change_reanalysis,"[1, 0]",0.0001,False
694e9976b9a493cf136f5eebe16f95e0f9fae59bc24e66f875a00bb49c6b1be9,3.5__MountainCar-v0__next-state__H10,MountainCar-v0,next-state,10,2,data/llmx_data/offline_data/physics_data/raw_transitions/MountainCar-v0/episodes/episode_0.npz,11,match,next_state_prediction,True,,"[1, 0]","[1, 0]",100.0,100.0,100.0,0,2,,2.3013989590108395,2.296945499954745,1071,183,1254,three_class_state_change_reanalysis,"[1, 0]",0.0001,False
a8ea216db1025c172ac5e197c86b92ccd3a50cc56210624ff06b3ce138b809df,3.5__MountainCar-v0__next-state__H10,MountainCar-v0,next-state,10,3,data/llmx_data/offline_data/physics_data/raw_transitions/MountainCar-v0/episodes/episode_0.npz,12,mismatch,next_state_prediction,True,,"[0, 0]","[1, 0]",0.0,50.0,50.0,0,2,,1.821945667034015,1.8178577501093969,1071,172,1243,three_class_state_change_reanalysis,"[1, 0]",0.0001,False
51818b770a5ac6657c497a0ffb08022f01a9a53db1c02ac9898841fde11c4909,3.5__MountainCar-v0__next-state__H10,MountainCar-v0,next-state,10,4,data/llmx_data/offline_data/physics_data/raw_transitions/MountainCar-v0/episodes/episode_0.npz,13,mismatch,next_state_prediction,True,,"[0, 0]","[1, 0]",0.0,50.0,50.0,0,2,,2.0596905830316246,2.0548899159766734,1071,143,1214,three_class_state_change_reanalysis,"[1, 0]",0.0001,False
7633928a340f36e08d9a173076528203c9d8dbd5f3a7cf3ff1401c65f65cc0d4,3.5__MountainCar-v0__next-state__H10,MountainCar-v0,next-state,10,5,data/llmx_data/offline_data/physics_data/raw_transitions/MountainCar-v0/episodes/episode_0.npz,14,mismatch,next_state_prediction,True,,"[0, 0]","[1, 0]",0.0,50.0,50.0,0,2,,1.5890637910924852,1.5846247089793906,1071,137,1208,three_class_state_change_reanalysis,"[1, 0]",0.0001,False
78acb5011bacd822bd25db68e1ada97d47440f2991d6b6a868cb646e4fab455f,3.5__MountainCar-v0__next-state__H10,MountainCar-v0,next-state,10,6,data/llmx_data/offline_data/physics_data/raw_transitions/MountainCar-v0/episodes/episode_0.npz,15,mismatch,next_state_prediction,True,,"[1, 0]","[0, 0]",0.0,50.0,50.0,0,2,,1.4592737919883803,1.45560383296106,1089,119,1208,three_class_state_change_reanalysis,"[0, 0]",0.0001,False
10cba989a25a94ee0a8e3eaeb3340a9a25028fc65541bb29ea82d23d08604e19,3.5__MountainCar-v0__next-state__H10,MountainCar-v0,next-state,10,7,data/llmx_data/offline_data/physics_data/raw_transitions/MountainCar-v0/episodes/episode_0.npz,16,match,next_state_prediction,True,,"[0, 0]","[0, 0]",100.0,100.0,100.0,0,2,,1.9615134589839727,1.9579249999951571,1074,104,1178,three_class_state_change_reanalysis,"[0, 0]",0.0001,False
3be6330022cc5e20411ec45b7d5fb12a30eba943aee3a9fa8a035db57e53abb4,3.5__MountainCar-v0__next-state__H10,MountainCar-v0,next-state,10,8,data/llmx_data/offline_data/physics_data/raw_transitions/MountainCar-v0/episodes/episode_0.npz,17,match,next_state_prediction,True,,"[0, 0]","[0, 0]",100.0,100.0,100.0,0,2,,1.7596380840986967,1.7545889579923823,1073,140,1213,three_class_state_change_reanalysis,"[0, 0]",0.0001,False
c8f2cca58b1893d7b627087e6ac221ccb931cdb789267979eeb4c82b7bcedf25,3.5__MountainCar-v0__next-state__H10,MountainCar-v0,next-state,10,9,data/llmx_data/offline_data/physics_data/raw_transitions/MountainCar-v0/episodes/episode_0.npz,18,mismatch,next_state_prediction,True,,"[0, 1]","[0, 0]",0.0,50.0,50.0,0,2,,1.9067177909892052,1.902790250023827,1073,136,1209,three_class_state_change_reanalysis,"[0, 0]",0.0001,False
d6a3b17366165c12355084025466287674258df3bca085758612abdd31e2195f,3.5__MountainCar-v0__next-state__H10,MountainCar-v0,next-state,10,10,data/llmx_data/offline_data/physics_data/raw_transitions/MountainCar-v0/episodes/episode_0.npz,19,mismatch,next_state_prediction,True,,"[1, 0]","[0, 0]",0.0,50.0,50.0,0,2,,1.7848437920911238,1.7801488749682903,1072,142,1214,three_class_state_change_reanalysis,"[0, 0]",0.0001,False
2be7b2aee62bc62fcc65bb99c0bb75a1473e1aa089f3110a03bf0fb4858f2d94,3.5__MountainCar-v0__next-state__H10,MountainCar-v0,next-state,10,11,data/llmx_data/offline_data/physics_data/raw_transitions/MountainCar-v0/episodes/episode_0.npz,20,mismatch,next_state_prediction,True,,"[1, 0]","[0, 0]",0.0,50.0,50.0,0,2,,1.4145519169978797,1.4104694171110168,1071,117,1188,three_class_state_change_reanalysis,"[0, 0]",0.0001,False
923e44c0a3daeb818af727d4f8597f8f6fe79f5cc501dc304915c4326d3b3e92,3.5__MountainCar-v0__next-state__H10,MountainCar-v0,next-state,10,12,data/llmx_data/offline_data/physics_data/raw_transitions/MountainCar-v0/episodes/episode_0.npz,21,match,next_state_prediction,True,,"[0, 0]","[0, 0]",100.0,100.0,100.0,0,2,,1.512370250071399,1.5085160830058157,1068,132,1200,three_class_state_change_reanalysis,"[0, 0]",0.0001,False
77b143b07a76231a66e1e1da350dd2a29b29942388e807d9a6b5f8a9d182a59c,3.5__MountainCar-v0__next-state__H10,MountainCar-v0,next-state,10,13,data/llmx_data/offline_data/physics_data/raw_transitions/MountainCar-v0/episodes/episode_0.npz,22,match,next_state_prediction,True,,"[0, 0]","[0, 0]",100.0,100.0,100.0,0,2,,1.4387299169320613,1.4346766250673681,1068,143,1211,three_class_state_change_reanalysis,"[0, 0]",0.0001,False
7354ef39d8dc6e6569a7bf8dea2703e2c538756c0cba05373956a33711c980dc,3.5__MountainCar-v0__next-state__H10,MountainCar-v0,next-state,10,14,data/llmx_data/offline_data/physics_data/raw_transitions/MountainCar-v0/episodes/episode_0.npz,23,match,next_state_prediction,True,,"[0, 0]","[0, 0]",100.0,100.0,100.0,0,2,,2.3299201669869944,2.325263666920364,1067,116,1183,three_class_state_change_reanalysis,"[0, 0]",0.0001,False
e86d2ed4f7285c7d1a633f80139fd27b5a85895dfb0003a0385fa8206cc68c9f,3.5__MountainCar-v0__next-state__H10,MountainCar-v0,next-state,10,15,data/llmx_data/offline_data/physics_data/raw_transitions/MountainCar-v0/episodes/episode_0.npz,24,match,next_state_prediction,True,,"[0, 0]","[0, 0]",100.0,100.0,100.0,0,2,,1.7413777500623837,1.7366849581012502,1066,160,1226,three_class_state_change_reanalysis,"[0, 0]",0.0001,False
3f63c67079de2bbbb75192703fc9b0d7fae126e8b383c4fcebcf000e86b706c8,3.5__MountainCar-v0__next-state__H10,MountainCar-v0,next-state,10,16,data/llmx_data/offline_data/physics_data/raw_transitions/MountainCar-v0/episodes/episode_0.npz,25,mismatch,next_state_prediction,True,,"[0, 1]","[0, 0]",0.0,50.0,50.0,0,2,,2.2347730409819633,2.2309377500787377,1057,138,1195,three_class_state_change_reanalysis,"[0, 0]",0.0001,False
340ff9d67cf50728aef10c852e73f5dd3f02ed7e5e5ef571176aa5bfab34abc7,3.5__MountainCar-v0__next-state__H10,MountainCar-v0,next-state,10,17,data/llmx_data/offline_data/physics_data/raw_transitions/MountainCar-v0/episodes/episode_0.npz,26,match,next_state_prediction,True,,"[0, 0]","[0, 0]",100.0,100.0,100.0,0,2,,2.205432250048034,2.2010942499618977,1058,118,1176,three_class_state_change_reanalysis,"[0, 0]",0.0001,False
fcbf2c879e780a29f073ce15717c61a28f8dca038e8a81e61a649bd795949ffd,3.5__MountainCar-v0__next-state__H10,MountainCar-v0,next-state,10,18,data/llmx_data/offline_data/physics_data/raw_transitions/MountainCar-v0/episodes/episode_0.npz,27,match,next_state_prediction,True,,"[0, 0]","[0, 0]",100.0,100.0,100.0,0,2,,1.4081712500192225,1.4039049160201102,1056,142,1198,three_class_state_change_reanalysis,"[0, 0]",0.0001,False
6be39cb1cd6768fed57c55600d39982ed1ac273cd82d2606a5eaf36a20a1ab66,3.5__MountainCar-v0__next-state__H10,MountainCar-v0,next-state,10,19,data/llmx_data/offline_data/physics_data/raw_transitions/MountainCar-v0/episodes/episode_0.npz,28,match,next_state_prediction,True,,"[0, 0]","[0, 0]",100.0,100.0,100.0,0,2,,2.046407292014919,2.04224741703365,1057,121,1178,three_class_state_change_reanalysis,"[0, 0]",0.0001,False
aa79aaeee5fc77dc6fb1fb54e68c7b40aa18f926de22db815a85cc638e02ca2c,3.5__MountainCar-v0__next-state__H10,MountainCar-v0,next-state,10,20,data/llmx_data/offline_data/physics_data/raw_transitions/MountainCar-v0/episodes/episode_0.npz,29,match,next_state_prediction,True,,"[0, 0]","[0, 0]",100.0,100.0,100.0,0,2,,2.1724184580380097,2.1683321250602603,1057,194,1251,three_class_state_change_reanalysis,"[0, 0]",0.0001,False
fea51ec01f7a99c0710705fcaf31ac5b9c2a44f67a4ef5a30821f08d94aba4f9,3.5__MountainCar-v0__next-state__H10,MountainCar-v0,next-state,10,21,data/llmx_data/offline_data/physics_data/raw_transitions/MountainCar-v0/episodes/episode_0.npz,30,match,next_state_prediction,True,,"[0, 0]","[0, 0]",100.0,100.0,100.0,0,2,,2.2823374579893425,2.2781305420212448,1057,177,1234,three_class_state_change_reanalysis,"[0, 0]",0.0001,False
042a543b5c5bf86444113990486e10fe1ac7782b8ef02ad34069d59c1b45326e,3.5__MountainCar-v0__next-state__H10,MountainCar-v0,next-state,10,22,data/llmx_data/offline_data/physics_data/raw_transitions/MountainCar-v0/episodes/episode_0.npz,31,match,next_state_prediction,True,,"[0, 0]","[0, 0]",100.0,100.0,100.0,0,2,,2.2928317909827456,2.289389832993038,1058,125,1183,three_class_state_change_reanalysis,"[0, 0]",0.0001,False
56fae94a80d407d33c5a2cf9111adc43a1432dad070f0684602a9650b1483ccb,3.5__MountainCar-v0__next-state__H10,MountainCar-v0,next-state,10,23,data/llmx_data/offline_data/physics_data/raw_transitions/MountainCar-v0/episodes/episode_0.npz,32,match,next_state_prediction,True,,"[0, 0]","[0, 0]",100.0,100.0,100.0,0,2,,2.368121667066589,2.364565124968067,1058,185,1243,three_class_state_change_reanalysis,"[0, 0]",0.0001,False
64954478b0cc5b44bcce0cdfe2b681d1e2d8e1a3025da12ef570ca1d7378aca9,3.5__MountainCar-v0__next-state__H10,MountainCar-v0,next-state,10,24,data/llmx_data/offline_data/physics_data/raw_transitions/MountainCar-v0/episodes/episode_0.npz,33,mismatch,next_state_prediction,True,,"[0, 1]","[0, 0]",0.0,50.0,50.0,1,2,,2.4553703339770436,2.4510294169886038,1058,136,1194,three_class_state_change_reanalysis,"[0, 2]",0.0001,False
7d0edb7c50dc6477d1ce4f38cd30fb33d7d0422bea823e7f6ad1c88e34a6a90a,3.5__MountainCar-v0__next-state__H10,MountainCar-v0,next-state,10,25,data/llmx_data/offline_data/physics_data/raw_transitions/MountainCar-v0/episodes/episode_0.npz,34,mismatch,next_state_prediction,True,,"[0, 0]","[0, 1]",0.0,50.0,50.0,0,2,,1.8659351660171524,1.8615952919935808,1055,123,1178,three_class_state_change_reanalysis,"[0, 1]",0.0001,False
3ade0b764385e8eff0c9ebc1b53139f9eb408137baf357654745e35aa161a1e6,3.5__MountainCar-v0__next-state__H10,MountainCar-v0,next-state,10,26,data/llmx_data/offline_data/physics_data/raw_transitions/MountainCar-v0/episodes/episode_0.npz,35,mismatch,next_state_prediction,True,,"[0, 0]","[0, 1]",0.0,50.0,50.0,0,2,,1.6036910419352353,1.5996958329342306,1058,104,1162,three_class_state_change_reanalysis,"[0, 1]",0.0001,False
2d2cc8812569467aa34500345538481da6c3f20998e999cf3af926d2201fa1ed,3.5__MountainCar-v0__next-state__H10,MountainCar-v0,next-state,10,27,data/llmx_data/offline_data/physics_data/raw_transitions/MountainCar-v0/episodes/episode_0.npz,36,mismatch,next_state_prediction,True,,"[0, 0]","[0, 1]",0.0,50.0,50.0,0,2,,1.933454875019379,1.929731374955736,1055,122,1177,three_class_state_change_reanalysis,"[0, 1]",0.0001,False
defa4aac6368352fb0fb78335529c917d28b7b9d7e0ef4b06d9f253af211e081,3.5__MountainCar-v0__next-state__H10,MountainCar-v0,next-state,10,28,data/llmx_data/offline_data/physics_data/raw_transitions/MountainCar-v0/episodes/episode_0.npz,37,mismatch,next_state_prediction,True,,"[0, 0]","[0, 1]",0.0,50.0,50.0,0,2,,2.325623375014402,2.321724458015524,1052,110,1162,three_class_state_change_reanalysis,"[0, 1]",0.0001,False
8c13ae8824204e9679f38eef6012956c5b36531c418b302e1b89a274898a0cf7,3.5__MountainCar-v0__next-state__H10,MountainCar-v0,next-state,10,29,data/llmx_data/offline_data/physics_data/raw_transitions/MountainCar-v0/episodes/episode_0.npz,38,mismatch,next_state_prediction,True,,"[0, 0]","[0, 1]",0.0,50.0,50.0,0,2,,1.5287170839728788,1.5242875840049237,1056,128,1184,three_class_state_change_reanalysis,"[0, 1]",0.0001,False
f2e1ce031484bf0ca87ba0b2c35cda60d3f890cc94a15121aa58f62e0dbc1d43,3.5__MountainCar-v0__next-state__H20,MountainCar-v0,next-state,20,0,data/llmx_data/offline_data/physics_data/raw_transitions/MountainCar-v0/episodes/episode_0.npz,19,match,next_state_prediction,True,,"[0, 0]","[0, 0]",100.0,100.0,100.0,0,2,,2.3434392089257017,2.3396376250311732,1400,150,1550,three_class_state_change_reanalysis,"[0, 0]",0.0001,False
c295f6f4358d4b6c1d4897e2787fa2bccc566bb955450db848cc33ce8102fc45,3.5__MountainCar-v0__next-state__H20,MountainCar-v0,next-state,20,1,data/llmx_data/offline_data/physics_data/raw_transitions/MountainCar-v0/episodes/episode_0.npz,20,match,next_state_prediction,True,,"[0, 0]","[0, 0]",100.0,100.0,100.0,0,2,,1.7094398330664262,1.7067965409951285,1400,126,1526,three_class_state_change_reanalysis,"[0, 0]",0.0001,False
db851b339cf75a71f10d1db77055b069e209087ef4011908ba7ea15e0aa6f598,3.5__MountainCar-v0__next-state__H20,MountainCar-v0,next-state,20,2,data/llmx_data/offline_data/physics_data/raw_transitions/MountainCar-v0/episodes/episode_0.npz,21,match,next_state_prediction,True,,"[0, 0]","[0, 0]",100.0,100.0,100.0,0,2,,2.0469108329853043,2.043175833998248,1397,98,1495,three_class_state_change_reanalysis,"[0, 0]",0.0001,False
cb1aa1b5110b56d470559796c24e90c0606a13a02cde0f027b62b7f3a8447cdd,3.5__MountainCar-v0__next-state__H20,MountainCar-v0,next-state,20,3,data/llmx_data/offline_data/physics_data/raw_transitions/MountainCar-v0/episodes/episode_0.npz,22,mismatch,next_state_prediction,True,,"[1, 0]","[0, 0]",0.0,50.0,50.0,0,2,,1.6318582079838961,1.62794566701632,1397,93,1490,three_class_state_change_reanalysis,"[0, 0]",0.0001,False
134dfbdac2a1f32fc0cddc4a7fe9c4dbc2b0b179ada464b7b636a63f5e4575f7,3.5__MountainCar-v0__next-state__H20,MountainCar-v0,next-state,20,4,data/llmx_data/offline_data/physics_data/raw_transitions/MountainCar-v0/episodes/episode_0.npz,23,mismatch,next_state_prediction,True,,"[1, 0]","[0, 0]",0.0,50.0,50.0,0,2,,1.4504968749824911,1.4461931670084596,1396,118,1514,three_class_state_change_reanalysis,"[0, 0]",0.0001,False
002617dc65524a49939a290dbee73e2010c2c97c13451e3c118c1ce201cafa2a,3.5__MountainCar-v0__next-state__H20,MountainCar-v0,next-state,20,5,data/llmx_data/offline_data/physics_data/raw_transitions/MountainCar-v0/episodes/episode_0.npz,24,match,next_state_prediction,True,,"[0, 0]","[0, 0]",100.0,100.0,100.0,0,2,,3.141533999936655,3.1381052499637008,1395,133,1528,three_class_state_change_reanalysis,"[0, 0]",0.0001,False
181cecf3ba8dfce2a65e2848e2262e1945581d37dfdcb75aa91aa266fa5de572,3.5__MountainCar-v0__next-state__H20,MountainCar-v0,next-state,20,6,data/llmx_data/offline_data/physics_data/raw_transitions/MountainCar-v0/episodes/episode_0.npz,25,match,next_state_prediction,True,,"[0, 0]","[0, 0]",100.0,100.0,100.0,0,2,,2.381404458079487,2.3775128750130534,1392,123,1515,three_class_state_change_reanalysis,"[0, 0]",0.0001,False
674186351eee2b31022e69d267f6bb9e9703a8a2a9111a282b53b9120a8cc43f,3.5__MountainCar-v0__next-state__H20,MountainCar-v0,next-state,20,7,data/llmx_data/offline_data/physics_data/raw_transitions/MountainCar-v0/episodes/episode_0.npz,26,match,next_state_prediction,True,,"[0, 0]","[0, 0]",100.0,100.0,100.0,0,2,,1.440828041988425,1.436761499964632,1392,143,1535,three_class_state_change_reanalysis,"[0, 0]",0.0001,False
fc3cd658db4e44490fa94e71e5aaeacd00082ffa068e1f8d1fc8a7a879a6ddb1,3.5__MountainCar-v0__next-state__H20,MountainCar-v0,next-state,20,8,data/llmx_data/offline_data/physics_data/raw_transitions/MountainCar-v0/episodes/episode_0.npz,27,mismatch,next_state_prediction,True,,"[0, 1]","[0, 0]",0.0,50.0,50.0,0,2,,1.0533373330254108,1.048961458960548,1389,96,1485,three_class_state_change_reanalysis,"[0, 0]",0.0001,False
2d4339183b1fc376a7c9f93bc0c3d512c85de4bcd9082630d9d9d2d363f249b7,3.5__MountainCar-v0__next-state__H20,MountainCar-v0,next-state,20,9,data/llmx_data/offline_data/physics_data/raw_transitions/MountainCar-v0/episodes/episode_0.npz,28,match,next_state_prediction,True,,"[0, 0]","[0, 0]",100.0,100.0,100.0,0,2,,2.075750165968202,2.0711229579756036,1390,142,1532,three_class_state_change_reanalysis,"[0, 0]",0.0001,False
cda73e136e0ee3d4618d5cee44cfd59d1e5125d8494f59c7a966927e302b72ad,3.5__MountainCar-v0__next-state__H20,MountainCar-v0,next-state,20,10,data/llmx_data/offline_data/physics_data/raw_transitions/MountainCar-v0/episodes/episode_0.npz,29,match,next_state_prediction,True,,"[0, 0]","[0, 0]",100.0,100.0,100.0,0,2,,1.5552272499771789,1.551084167091176,1389,131,1520,three_class_state_change_reanalysis,"[0, 0]",0.0001,False
7dc3447ff85a4e54eb32e97d0ebd3dd2534ed542a12a50d2a1987595bd3c0ce5,3.5__MountainCar-v0__next-state__H20,MountainCar-v0,next-state,20,11,data/llmx_data/offline_data/physics_data/raw_transitions/MountainCar-v0/episodes/episode_0.npz,30,match,next_state_prediction,True,,"[0, 0]","[0, 0]",100.0,100.0,100.0,0,2,,2.012106916983612,2.008765959064476,1388,99,1487,three_class_state_change_reanalysis,"[0, 0]",0.0001,False
ed6396ed12660f86ad112368bceed09232f939ec4b91a8467f5579bb33646208,3.5__MountainCar-v0__next-state__H20,MountainCar-v0,next-state,20,12,data/llmx_data/offline_data/physics_data/raw_transitions/MountainCar-v0/episodes/episode_0.npz,31,mismatch,next_state_prediction,True,,"[0, 1]","[0, 0]",0.0,50.0,50.0,0,2,,1.6138705420307815,1.6100908330408856,1387,142,1529,three_class_state_change_reanalysis,"[0, 0]",0.0001,False
f8c7b8bcd8a7962faec0a8b6371255b601d1ec5d807f6a8ac95ff7b94123c7df,3.5__MountainCar-v0__next-state__H20,MountainCar-v0,next-state,20,13,data/llmx_data/offline_data/physics_data/raw_transitions/MountainCar-v0/episodes/episode_0.npz,32,match,next_state_prediction,True,,"[0, 0]","[0, 0]",100.0,100.0,100.0,0,2,,2.910725333960727,2.906390333082527,1386,141,1527,three_class_state_change_reanalysis,"[0, 0]",0.0001,False
94a5e2493bc95fde6a8fd8302c04b2d2ee96e8d2924cae5d20a905b0d518bf46,3.5__MountainCar-v0__next-state__H20,MountainCar-v0,next-state,20,14,data/llmx_data/offline_data/physics_data/raw_transitions/MountainCar-v0/episodes/episode_0.npz,33,match,next_state_prediction,True,,"[0, 0]","[0, 0]",100.0,50.0,100.0,1,2,,1.4982159589417279,1.493750625057146,1385,115,1500,three_class_state_change_reanalysis,"[0, 2]",0.0001,False
0163464618bb411044b3b5ed11cbbe722ccc3d5cf19534252933ca038c0765a7,3.5__MountainCar-v0__next-state__H20,MountainCar-v0,next-state,20,15,data/llmx_data/offline_data/physics_data/raw_transitions/MountainCar-v0/episodes/episode_0.npz,34,mismatch,next_state_prediction,True,,"[0, 0]","[0, 1]",0.0,50.0,50.0,0,2,,1.4689595829695463,1.4643351250560954,1381,147,1528,three_class_state_change_reanalysis,"[0, 1]",0.0001,False
c4a50e33a5c286b9dcca60b3146c8fa448b6d09cb6556debdc834b5828eecafb,3.5__MountainCar-v0__next-state__H20,MountainCar-v0,next-state,20,16,data/llmx_data/offline_data/physics_data/raw_transitions/MountainCar-v0/episodes/episode_0.npz,35,mismatch,next_state_prediction,True,,"[1, 1]","[0, 1]",0.0,50.0,50.0,0,2,,2.028990958002396,2.0249604580458254,1376,118,1494,three_class_state_change_reanalysis,"[0, 1]",0.0001,False
1af07874ddbb539854fb027879db3fd5ee4ec4b0423aa2d2deceb95aa5ccf777,3.5__MountainCar-v0__next-state__H20,MountainCar-v0,next-state,20,17,data/llmx_data/offline_data/physics_data/raw_transitions/MountainCar-v0/episodes/episode_0.npz,36,mismatch,next_state_prediction,True,,"[1, 1]","[0, 1]",0.0,50.0,50.0,0,2,,1.149146958021447,1.1445594580145553,1373,133,1506,three_class_state_change_reanalysis,"[0, 1]",0.0001,False
127837755eb11e5511fbe4d18a2d6ae374c4aa12fc5fb241b7916e19922db32f,3.5__MountainCar-v0__next-state__H20,MountainCar-v0,next-state,20,18,data/llmx_data/offline_data/physics_data/raw_transitions/MountainCar-v0/episodes/episode_0.npz,37,mismatch,next_state_prediction,True,,"[0, 0]","[0, 1]",0.0,50.0,50.0,0,2,,2.1922771671088412,2.1875893329270184,1369,137,1506,three_class_state_change_reanalysis,"[0, 1]",0.0001,False
42b6db00eb0d6ac31af9ecd0fd436fe6b7fb660cc75c2a884afe42a6b871cd1d,3.5__MountainCar-v0__next-state__H20,MountainCar-v0,next-state,20,19,data/llmx_data/offline_data/physics_data/raw_transitions/MountainCar-v0/episodes/episode_0.npz,38,mismatch,next_state_prediction,True,,"[0, 0]","[0, 1]",0.0,50.0,50.0,0,2,,1.3038186660269275,1.2991006660740823,1373,143,1516,three_class_state_change_reanalysis,"[0, 1]",0.0001,False
db69ea21a71798c4f320864c55ef590b77edf9fa76b7a05dfd17bc028d47e8b5,3.5__MountainCar-v0__next-state__H20,MountainCar-v0,next-state,20,20,data/llmx_data/offline_data/physics_data/raw_transitions/MountainCar-v0/episodes/episode_0.npz,39,mismatch,next_state_prediction,True,,"[0, 0]","[0, 1]",0.0,50.0,50.0,0,2,,1.6399492080090567,1.636040790937841,1371,117,1488,three_class_state_change_reanalysis,"[0, 1]",0.0001,False
bbc38e5c5c01ff22cf386f5559d3eb54b4fd8988090876c14769b23463cc2d92,3.5__MountainCar-v0__next-state__H20,MountainCar-v0,next-state,20,21,data/llmx_data/offline_data/physics_data/raw_transitions/MountainCar-v0/episodes/episode_0.npz,40,mismatch,next_state_prediction,True,,"[1, 0]","[0, 1]",0.0,0.0,0.0,0,2,,1.8972134999930859,1.8928671670146286,1372,111,1483,three_class_state_change_reanalysis,"[0, 1]",0.0001,False
70b44073358050430b54498b9da385ff5b3d96efb0dfb5485522f88ab49e636f,3.5__MountainCar-v0__next-state__H20,MountainCar-v0,next-state,20,22,data/llmx_data/offline_data/physics_data/raw_transitions/MountainCar-v0/episodes/episode_0.npz,41,mismatch,next_state_prediction,True,,"[0, 0]","[0, 1]",0.0,50.0,50.0,0,2,,1.7395390000892803,1.7356180000351742,1373,99,1472,three_class_state_change_reanalysis,"[0, 1]",0.0001,False
cbe583b987ac3206d4547e833795164e30e89b7f761c179bad92a16abb8981d4,3.5__MountainCar-v0__next-state__H20,MountainCar-v0,next-state,20,23,data/llmx_data/offline_data/physics_data/raw_transitions/MountainCar-v0/episodes/episode_0.npz,42,mismatch,next_state_prediction,True,,"[0, 0]","[0, 1]",0.0,50.0,50.0,0,2,,1.4023844170151278,1.3986715000355616,1370,140,1510,three_class_state_change_reanalysis,"[0, 1]",0.0001,False
566d5a69169580613511cbef7d07a3ff621aa3c01df2610b63d9ade7d1debeab,3.5__MountainCar-v0__next-state__H20,MountainCar-v0,next-state,20,24,data/llmx_data/offline_data/physics_data/raw_transitions/MountainCar-v0/episodes/episode_0.npz,43,mismatch,next_state_prediction,True,,"[1, 0]","[0, 1]",0.0,0.0,0.0,0,2,,1.4143854170106351,1.4098331670975313,1372,160,1532,three_class_state_change_reanalysis,"[0, 1]",0.0001,False
82c1cd7e0ed904f10458719eb10238360bdb5eb24376fb6453a3021111722619,3.5__MountainCar-v0__next-state__H20,MountainCar-v0,next-state,20,25,data/llmx_data/offline_data/physics_data/raw_transitions/MountainCar-v0/episodes/episode_0.npz,44,mismatch,next_state_prediction,True,,"[0, 0]","[0, 1]",0.0,50.0,50.0,0,2,,1.5880709580378607,1.5838984999572858,1372,163,1535,three_class_state_change_reanalysis,"[0, 1]",0.0001,False
88ce48e8acaa67c083c62052e637ac8a4e468713c6bd6bfc9431a0cd20ab3730,3.5__MountainCar-v0__next-state__H20,MountainCar-v0,next-state,20,26,data/llmx_data/offline_data/physics_data/raw_transitions/MountainCar-v0/episodes/episode_0.npz,45,mismatch,next_state_prediction,True,,"[0, 0]","[0, 1]",0.0,50.0,50.0,0,2,,2.231732124928385,2.2280650000320747,1373,123,1496,three_class_state_change_reanalysis,"[0, 1]",0.0001,False
11afed02b8219aae7ea3dfeb54d3a96024011b094a6e48e543523d2a4e6714d8,3.5__MountainCar-v0__next-state__H20,MountainCar-v0,next-state,20,27,data/llmx_data/offline_data/physics_data/raw_transitions/MountainCar-v0/episodes/episode_0.npz,46,mismatch,next_state_prediction,True,,"[0, 0]","[0, 1]",0.0,50.0,50.0,0,2,,1.3969690420199186,1.392416707938537,1373,153,1526,three_class_state_change_reanalysis,"[0, 1]",0.0001,False
b97063b1b6766ac8f9ee93d33910d78cf203c6087e541fc39beac4e27cd0cad1,3.5__MountainCar-v0__next-state__H20,MountainCar-v0,next-state,20,28,data/llmx_data/offline_data/physics_data/raw_transitions/MountainCar-v0/episodes/episode_0.npz,47,mismatch,next_state_prediction,True,,"[0, 0]","[0, 1]",0.0,50.0,50.0,0,2,,1.7412252079229802,1.7375307079637423,1374,118,1492,three_class_state_change_reanalysis,"[0, 1]",0.0001,False
43cd556a812211d10f418e9b975410a157fc77ab963e98266b5717476fe89463,3.5__MountainCar-v0__next-state__H20,MountainCar-v0,next-state,20,29,data/llmx_data/offline_data/physics_data/raw_transitions/MountainCar-v0/episodes/episode_0.npz,48,mismatch,next_state_prediction,True,,"[0, 0]","[0, 1]",0.0,50.0,50.0,0,2,,1.3970920001156628,1.392905000015162,1374,107,1481,three_class_state_change_reanalysis,"[0, 1]",0.0001,False
1b50d0df3bb5428bcb3483803ad6a474b75ecc31fbf10c85d1b6f525279473a3,3.5__MountainCar-v0__next-state__H30,MountainCar-v0,next-state,30,0,data/llmx_data/offline_data/physics_data/raw_transitions/MountainCar-v0/episodes/episode_0.npz,29,mismatch,next_state_prediction,True,,"[0, 1]","[0, 0]",0.0,50.0,50.0,0,2,,1.9089445000281557,1.9048004590440542,1717,158,1875,three_class_state_change_reanalysis,"[0, 0]",0.0001,False
3b45936d682be9cd1dad7712b5dc71aedfd9d4da4b7cb8765718c5d0fffdbc96,3.5__MountainCar-v0__next-state__H30,MountainCar-v0,next-state,30,1,data/llmx_data/offline_data/physics_data/raw_transitions/MountainCar-v0/episodes/episode_0.npz,30,match,next_state_prediction,True,,"[0, 0]","[0, 0]",100.0,100.0,100.0,0,2,,2.5621130000799894,2.5582252079620957,1717,123,1840,three_class_state_change_reanalysis,"[0, 0]",0.0001,False
ebae5306fc656f47bb44ae8a97749d265eea49a37ee5468cb271a8c39d6ca565,3.5__MountainCar-v0__next-state__H30,MountainCar-v0,next-state,30,2,data/llmx_data/offline_data/physics_data/raw_transitions/MountainCar-v0/episodes/episode_0.npz,31,match,next_state_prediction,True,,"[0, 0]","[0, 0]",100.0,100.0,100.0,0,2,,1.1691262499662116,1.1645627079997212,1716,98,1814,three_class_state_change_reanalysis,"[0, 0]",0.0001,False
592967152cc0adfb5b0d81d5df77d02c272e26e4ee253c82c0a0cd799d975cf4,3.5__MountainCar-v0__next-state__H30,MountainCar-v0,next-state,30,3,data/llmx_data/offline_data/physics_data/raw_transitions/MountainCar-v0/episodes/episode_0.npz,32,match,next_state_prediction,True,,"[0, 0]","[0, 0]",100.0,100.0,100.0,0,2,,1.5475333340000361,1.5432957080192864,1715,155,1870,three_class_state_change_reanalysis,"[0, 0]",0.0001,False
2bef3c4b356e1378d6b4f9248687228ed5fcd25358d66b1b943733adef122130,3.5__MountainCar-v0__next-state__H30,MountainCar-v0,next-state,30,4,data/llmx_data/offline_data/physics_data/raw_transitions/MountainCar-v0/episodes/episode_0.npz,33,match,next_state_prediction,True,,"[0, 0]","[0, 0]",100.0,50.0,100.0,1,2,,2.5357145000016317,2.5318738750647753,1714,161,1875,three_class_state_change_reanalysis,"[0, 2]",0.0001,False
e96964ec198cfb6f6f68c027577dd9ed04cc5280f1ee2ea690d0c135ba73bfef,3.5__MountainCar-v0__next-state__H30,MountainCar-v0,next-state,30,5,data/llmx_data/offline_data/physics_data/raw_transitions/MountainCar-v0/episodes/episode_0.npz,34,mismatch,next_state_prediction,True,,"[0, 0]","[0, 1]",0.0,50.0,50.0,0,2,,1.5837657919619232,1.5798114169156179,1710,126,1836,three_class_state_change_reanalysis,"[0, 1]",0.0001,False
a6f86cb0cef0dab75ffbe5a746149c349ad0c82a4fda3849d5cf7bf1c9672c1b,3.5__MountainCar-v0__next-state__H30,MountainCar-v0,next-state,30,6,data/llmx_data/offline_data/physics_data/raw_transitions/MountainCar-v0/episodes/episode_0.npz,35,mismatch,next_state_prediction,True,,"[1, 1]","[0, 1]",0.0,50.0,50.0,0,2,,1.3707696669735014,1.366111750015989,1711,155,1866,three_class_state_change_reanalysis,"[0, 1]",0.0001,False
943d93d388ab873eca758a14fade696b54b6839db3889bc2987a081867c3fab7,3.5__MountainCar-v0__next-state__H30,MountainCar-v0,next-state,30,7,data/llmx_data/offline_data/physics_data/raw_transitions/MountainCar-v0/episodes/episode_0.npz,36,mismatch,next_state_prediction,True,,"[0, 0]","[0, 1]",0.0,50.0,50.0,0,2,,1.3983345420565456,1.3944739169673994,1707,168,1875,three_class_state_change_reanalysis,"[0, 1]",0.0001,False
bdb73e7cd8397c8f78b7b507149a4940ec8c5fddb8a440a2b5808ad83469b311,3.5__MountainCar-v0__next-state__H30,MountainCar-v0,next-state,30,8,data/llmx_data/offline_data/physics_data/raw_transitions/MountainCar-v0/episodes/episode_0.npz,37,mismatch,next_state_prediction,True,,"[1, 0]","[0, 1]",0.0,0.0,0.0,0,2,,1.5253913330379874,1.5219708340009674,1702,152,1854,three_class_state_change_reanalysis,"[0, 1]",0.0001,False
d9ea50bef718c863568489abc154206dcf14d694046c16242dc4af72237d5904,3.5__MountainCar-v0__next-state__H30,MountainCar-v0,next-state,30,9,data/llmx_data/offline_data/physics_data/raw_transitions/MountainCar-v0/episodes/episode_0.npz,38,match,next_state_prediction,True,,"[0, 1]","[0, 1]",100.0,100.0,100.0,0,2,,2.3076044999761507,2.30329604097642,1706,100,1806,three_class_state_change_reanalysis,"[0, 1]",0.0001,False
33c7f500c5547e07229b5981984abfae347854c60d26faf620c00f63179e1e7c,3.5__MountainCar-v0__next-state__H30,MountainCar-v0,next-state,30,10,data/llmx_data/offline_data/physics_data/raw_transitions/MountainCar-v0/episodes/episode_0.npz,39,ignored,next_state_prediction,False,"directions must be one of ['DEC', 'INC']",,"[0, 1]",0.0,,,0,2,parse_failure_state_prediction,1.5377421249868348,1.5335592079209164,1703,113,1816,three_class_state_change_reanalysis,"[0, 1]",0.0001,False
e75c5303331a5380d47b59764eb5d4a63e3315b165cfa744e3b32cf8f2d1b8f3,3.5__MountainCar-v0__next-state__H30,MountainCar-v0,next-state,30,11,data/llmx_data/offline_data/physics_data/raw_transitions/MountainCar-v0/episodes/episode_0.npz,40,mismatch,next_state_prediction,True,,"[0, 0]","[0, 1]",0.0,50.0,50.0,0,2,,1.2812671669526026,1.276986166019924,1703,138,1841,three_class_state_change_reanalysis,"[0, 1]",0.0001,False
e02c510401f230832c9935de03e2389257c954ad11995516e52a63b2b7a6d2e2,3.5__MountainCar-v0__next-state__H30,MountainCar-v0,next-state,30,12,data/llmx_data/offline_data/physics_data/raw_transitions/MountainCar-v0/episodes/episode_0.npz,41,mismatch,next_state_prediction,True,,"[0, 0]","[0, 1]",0.0,50.0,50.0,0,2,,1.1585616250522435,1.1552826670231298,1702,131,1833,three_class_state_change_reanalysis,"[0, 1]",0.0001,False
c288dabfec158e75310cf38d1bdafcc21c3b6dbd893d32673c3558eaaf335413,3.5__MountainCar-v0__next-state__H30,MountainCar-v0,next-state,30,13,data/llmx_data/offline_data/physics_data/raw_transitions/MountainCar-v0/episodes/episode_0.npz,42,mismatch,next_state_prediction,True,,"[0, 0]","[0, 1]",0.0,50.0,50.0,0,2,,1.290885541937314,1.286744000040926,1698,152,1850,three_class_state_change_reanalysis,"[0, 1]",0.0001,False
7e709e3940b087ec96473ad460b158a3c5f982d1705cd5b69fe4a150412b2f20,3.5__MountainCar-v0__next-state__H30,MountainCar-v0,next-state,30,14,data/llmx_data/offline_data/physics_data/raw_transitions/MountainCar-v0/episodes/episode_0.npz,43,match,next_state_prediction,True,,"[0, 1]","[0, 1]",100.0,100.0,100.0,0,2,,2.3784265409922227,2.375257832929492,1699,165,1864,three_class_state_change_reanalysis,"[0, 1]",0.0001,False
125f3d0f4531d0cee292de562a037e407d56e3b1acea7a0533ebfa84f46816e1,3.5__MountainCar-v0__next-state__H30,MountainCar-v0,next-state,30,15,data/llmx_data/offline_data/physics_data/raw_transitions/MountainCar-v0/episodes/episode_0.npz,44,match,next_state_prediction,True,,"[0, 1]","[0, 1]",100.0,100.0,100.0,0,2,,1.357745209010318,1.3537711249664426,1698,102,1800,three_class_state_change_reanalysis,"[0, 1]",0.0001,False
9814e2f0abb2d7ad64b91badc65d1775bd688eaaf10f2a55cab53839759c2586,3.5__MountainCar-v0__next-state__H30,MountainCar-v0,next-state,30,16,data/llmx_data/offline_data/physics_data/raw_transitions/MountainCar-v0/episodes/episode_0.npz,45,mismatch,next_state_prediction,True,,"[0, 0]","[0, 1]",0.0,50.0,50.0,0,2,,1.1832886249758303,1.1785531669156626,1691,119,1810,three_class_state_change_reanalysis,"[0, 1]",0.0001,False
995bb47b4e63a0c544cddf6b0d64608199a816b177b6b1d0e676482daba26677,3.5__MountainCar-v0__next-state__H30,MountainCar-v0,next-state,30,17,data/llmx_data/offline_data/physics_data/raw_transitions/MountainCar-v0/episodes/episode_0.npz,46,match,next_state_prediction,True,,"[0, 1]","[0, 1]",100.0,100.0,100.0,0,2,,2.0179816249292344,2.013941750046797,1691,131,1822,three_class_state_change_reanalysis,"[0, 1]",0.0001,False
1042272ac99c67ff80b2e3fd542f2a3960680cc2fd66dd986fd7460b8e8fb910,3.5__MountainCar-v0__next-state__H30,MountainCar-v0,next-state,30,18,data/llmx_data/offline_data/physics_data/raw_transitions/MountainCar-v0/episodes/episode_0.npz,47,mismatch,next_state_prediction,True,,"[1, 1]","[0, 1]",0.0,50.0,50.0,0,2,,1.5402865420328453,1.5359646249562502,1691,115,1806,three_class_state_change_reanalysis,"[0, 1]",0.0001,False
587768cf8ee612fc27fcd7fa736108572655275e210a245e4be2261fcbee1b56,3.5__MountainCar-v0__next-state__H30,MountainCar-v0,next-state,30,19,data/llmx_data/offline_data/physics_data/raw_transitions/MountainCar-v0/episodes/episode_0.npz,48,mismatch,next_state_prediction,True,,"[0, 0]","[0, 1]",0.0,50.0,50.0,0,2,,1.3819053750485182,1.3783273749286309,1691,146,1837,three_class_state_change_reanalysis,"[0, 1]",0.0001,False
4e83f5704b796307985fcc7e946a52bbcb7a02e9fa23a1da742779a59d79c1bf,3.5__MountainCar-v0__next-state__H30,MountainCar-v0,next-state,30,20,data/llmx_data/offline_data/physics_data/raw_transitions/MountainCar-v0/episodes/episode_0.npz,49,mismatch,next_state_prediction,True,,"[0, 0]","[0, 1]",0.0,50.0,50.0,0,2,,1.227957582916133,1.223374416003935,1691,105,1796,three_class_state_change_reanalysis,"[0, 1]",0.0001,False
5bf8e51d80997caad61d127ff5debc958eca7d0ad09896b738010191b45f5006,3.5__MountainCar-v0__next-state__H30,MountainCar-v0,next-state,30,21,data/llmx_data/offline_data/physics_data/raw_transitions/MountainCar-v0/episodes/episode_0.npz,50,mismatch,next_state_prediction,True,,"[0, 0]","[0, 1]",0.0,50.0,50.0,0,2,,1.1825946249300614,1.178264999995008,1691,124,1815,three_class_state_change_reanalysis,"[0, 1]",0.0001,False
e86934e9194406e0cd0b6950b1e17606cc8f3d28855fba3824e5e719f3fea393,3.5__MountainCar-v0__next-state__H30,MountainCar-v0,next-state,30,22,data/llmx_data/offline_data/physics_data/raw_transitions/MountainCar-v0/episodes/episode_0.npz,51,mismatch,next_state_prediction,True,,"[1, 1]","[0, 1]",0.0,50.0,50.0,0,2,,2.0149264170322567,2.0106019580271095,1692,158,1850,three_class_state_change_reanalysis,"[0, 1]",0.0001,False
b6aa97ca8f1a80393c531a6ecc2196a15f3c5715077671877efddccd01581270,3.5__MountainCar-v0__next-state__H30,MountainCar-v0,next-state,30,23,data/llmx_data/offline_data/physics_data/raw_transitions/MountainCar-v0/episodes/episode_0.npz,52,match,next_state_prediction,True,,"[1, 1]","[1, 1]",100.0,100.0,100.0,0,2,,1.3580997500102967,1.353866457939148,1710,104,1814,three_class_state_change_reanalysis,"[1, 1]",0.0001,False
22550c5a19d3eb9d8659f8e461a2c4552c37d7071daaab5450c8e370e4a63975,3.5__MountainCar-v0__next-state__H30,MountainCar-v0,next-state,30,24,data/llmx_data/offline_data/physics_data/raw_transitions/MountainCar-v0/episodes/episode_0.npz,53,match,next_state_prediction,True,,"[1, 1]","[1, 1]",100.0,100.0,100.0,0,2,,1.6154609159566462,1.6112417909316719,1701,109,1810,three_class_state_change_reanalysis,"[1, 1]",0.0001,False
7b8f0f1624212a766655bcbb4db8337449b1b12778f896f2456987d3c6e10181,3.5__MountainCar-v0__next-state__H30,MountainCar-v0,next-state,30,25,data/llmx_data/offline_data/physics_data/raw_transitions/MountainCar-v0/episodes/episode_0.npz,54,match,next_state_prediction,True,,"[1, 1]","[1, 1]",100.0,100.0,100.0,0,2,,1.2189079580130056,1.214947666041553,1702,132,1834,three_class_state_change_reanalysis,"[1, 1]",0.0001,False
257887f8b9745e34c4d98a1a18427279311f0fffead22d2a6bf9ba9cc14a57ec,3.5__MountainCar-v0__next-state__H30,MountainCar-v0,next-state,30,26,data/llmx_data/offline_data/physics_data/raw_transitions/MountainCar-v0/episodes/episode_0.npz,55,match,next_state_prediction,True,,"[1, 1]","[1, 1]",100.0,100.0,100.0,0,2,,1.3155819999519736,1.3110066669760272,1704,100,1804,three_class_state_change_reanalysis,"[1, 1]",0.0001,False
05ebc79d1da7224e5a7cc03cf2a0bcd6073e362b69af1b61ce8782126d51824d,3.5__MountainCar-v0__next-state__H30,MountainCar-v0,next-state,30,27,data/llmx_data/offline_data/physics_data/raw_transitions/MountainCar-v0/episodes/episode_0.npz,56,match,next_state_prediction,True,,"[1, 1]","[1, 1]",100.0,100.0,100.0,0,2,,3.13984125002753,3.135693749994971,1705,140,1845,three_class_state_change_reanalysis,"[1, 1]",0.0001,False
e55dfa54bb68cd08e6d934bb0d03325dbaccfecc79761fdc93b401e2590ce808,3.5__MountainCar-v0__next-state__H30,MountainCar-v0,next-state,30,28,data/llmx_data/offline_data/physics_data/raw_transitions/MountainCar-v0/episodes/episode_0.npz,57,match,next_state_prediction,True,,"[1, 1]","[1, 1]",100.0,100.0,100.0,0,2,,2.9918231250485405,2.987522666924633,1707,126,1833,three_class_state_change_reanalysis,"[1, 1]",0.0001,False
2829a373ef43a5b965870f1a92c4fd65bfc621d3397b439d28f48f0c8cbf33fc,3.5__MountainCar-v0__next-state__H30,MountainCar-v0,next-state,30,29,data/llmx_data/offline_data/physics_data/raw_transitions/MountainCar-v0/episodes/episode_0.npz,58,mismatch,next_state_prediction,True,,"[1, 0]","[1, 1]",0.0,50.0,50.0,0,2,,1.4298190829576924,1.4254407500848174,1708,151,1859,three_class_state_change_reanalysis,"[1, 1]",0.0001,False
96d03e365b6a6c364c84d78dcd6dc9ca0a0e5298b75079bde1e7ac7984390e1d,3.5__MountainCar-v0__last-state__H5,MountainCar-v0,last-state,5,0,data/llmx_data/offline_data/physics_data/raw_transitions/MountainCar-v0/episodes/episode_0.npz,5,mismatch,last_state_prediction,True,,"[0, 1]","[1, 1]",0.0,50.0,50.0,0,2,,6.065378749975935,6.061118749901652,912,165,1077,three_class_state_change_reanalysis,"[1, 1]",0.0001,False
e40da64ed7376e29627deb8031e402a93fd118e9c399a58d4982a89d105fda34,3.5__MountainCar-v0__last-state__H5,MountainCar-v0,last-state,5,1,data/llmx_data/offline_data/physics_data/raw_transitions/MountainCar-v0/episodes/episode_0.npz,6,match,last_state_prediction,True,,"[1, 1]","[1, 1]",100.0,100.0,100.0,0,2,,1.6520691249752417,1.6481825000373647,913,124,1037,three_class_state_change_reanalysis,"[1, 1]",0.0001,False
6068ba10fd933be2e714e292e5a99d09144212431abab71a4028c276420d24de,3.5__MountainCar-v0__last-state__H5,MountainCar-v0,last-state,5,2,data/llmx_data/offline_data/physics_data/raw_transitions/MountainCar-v0/episodes/episode_0.npz,7,mismatch,last_state_prediction,True,,"[0, 1]","[1, 1]",0.0,50.0,50.0,0,2,,1.6262247499544173,1.622232333989814,912,146,1058,three_class_state_change_reanalysis,"[1, 1]",0.0001,False
f66f3e5cfe75229544e55a64f9fbb8db1653eb4d1d7d18b7e517e3e0d0e57696,3.5__MountainCar-v0__last-state__H5,MountainCar-v0,last-state,5,3,data/llmx_data/offline_data/physics_data/raw_transitions/MountainCar-v0/episodes/episode_0.npz,8,match,last_state_prediction,True,,"[1, 1]","[1, 1]",100.0,100.0,100.0,0,2,,3.02389812504407,3.01968345802743,913,133,1046,three_class_state_change_reanalysis,"[1, 1]",0.0001,False
458408b32164af13e7a60be5718708609de9f367d364c015b53922273f299d89,3.5__MountainCar-v0__last-state__H5,MountainCar-v0,last-state,5,4,data/llmx_data/offline_data/physics_data/raw_transitions/MountainCar-v0/episodes/episode_0.npz,9,mismatch,last_state_prediction,True,,"[0, 0]","[1, 0]",0.0,50.0,50.0,0,2,,1.896950374939479,1.8928515830775723,912,161,1073,three_class_state_change_reanalysis,"[1, 0]",0.0001,False
1e9a6a4ef0cd546248977f90fa375de3af60a6acbf51e4138b7ded58f51d82e4,3.5__MountainCar-v0__last-state__H5,MountainCar-v0,last-state,5,5,data/llmx_data/offline_data/physics_data/raw_transitions/MountainCar-v0/episodes/episode_0.npz,10,match,last_state_prediction,True,,"[1, 0]","[1, 0]",100.0,100.0,100.0,0,2,,1.9482488330686465,1.9441389170242473,912,174,1086,three_class_state_change_reanalysis,"[1, 0]",0.0001,False
6b52a2afe46035a40ac45bc85b931c48992d3df51b6ab2f9614ab682f419f2a4,3.5__MountainCar-v0__last-state__H5,MountainCar-v0,last-state,5,6,data/llmx_data/offline_data/physics_data/raw_transitions/MountainCar-v0/episodes/episode_0.npz,11,mismatch,last_state_prediction,True,,"[0, 1]","[1, 0]",0.0,0.0,0.0,0,2,,1.5323929589940235,1.528393542044796,912,186,1098,three_class_state_change_reanalysis,"[1, 0]",0.0001,False
6e4310a35685ce377154bb2b5225653004a3ae113de622059f9125e67bbab653,3.5__MountainCar-v0__last-state__H5,MountainCar-v0,last-state,5,7,data/llmx_data/offline_data/physics_data/raw_transitions/MountainCar-v0/episodes/episode_0.npz,12,mismatch,last_state_prediction,True,,"[0, 1]","[1, 0]",0.0,0.0,0.0,0,2,,1.5227752500213683,1.5181512909475714,912,176,1088,three_class_state_change_reanalysis,"[1, 0]",0.0001,False
2c9e7ca10f5f047bee3a866aa336e7aebef067c194fdb35fab39fe7891b753aa,3.5__MountainCar-v0__last-state__H5,MountainCar-v0,last-state,5,8,data/llmx_data/offline_data/physics_data/raw_transitions/MountainCar-v0/episodes/episode_0.npz,13,ignored,last_state_prediction,False,"directions must be one of ['DEC', 'INC']",,"[1, 0]",0.0,,,0,2,parse_failure_state_prediction,1.9098627920029685,1.905447208089754,912,182,1094,three_class_state_change_reanalysis,"[1, 0]",0.0001,False
6d3711c8ea943c7a03d40bf579ac2d96e5396007f80286b2a189dd5d7abe1eba,3.5__MountainCar-v0__last-state__H5,MountainCar-v0,last-state,5,9,data/llmx_data/offline_data/physics_data/raw_transitions/MountainCar-v0/episodes/episode_0.npz,14,mismatch,last_state_prediction,True,,"[0, 0]","[1, 0]",0.0,50.0,50.0,0,2,,3.135361332911998,3.131069542025216,919,180,1099,three_class_state_change_reanalysis,"[1, 0]",0.0001,False
43852709ae08a4afd0ee95bfd318f0588ada2f3b91e09a28767552acb5169395,3.5__MountainCar-v0__last-state__H5,MountainCar-v0,last-state,5,10,data/llmx_data/offline_data/physics_data/raw_transitions/MountainCar-v0/episodes/episode_0.npz,15,mismatch,last_state_prediction,True,,"[0, 1]","[0, 0]",0.0,50.0,50.0,0,2,,1.2605867499951273,1.2561528340447694,912,145,1057,three_class_state_change_reanalysis,"[0, 0]",0.0001,False
7692576fee0b0fe7b58e84307c14af66df8ead903d580787104fa9ccdfbea077,3.5__MountainCar-v0__last-state__H5,MountainCar-v0,last-state,5,11,data/llmx_data/offline_data/physics_data/raw_transitions/MountainCar-v0/episodes/episode_0.npz,16,match,last_state_prediction,True,,"[0, 0]","[0, 0]",100.0,100.0,100.0,0,2,,2.0327391249593347,2.028708708938211,918,166,1084,three_class_state_change_reanalysis,"[0, 0]",0.0001,False
8bd9371f7a6656f159b23529487ab5676a7b34ef753a2c2b42331dab481181d2,3.5__MountainCar-v0__last-state__H5,MountainCar-v0,last-state,5,12,data/llmx_data/offline_data/physics_data/raw_transitions/MountainCar-v0/episodes/episode_0.npz,17,mismatch,last_state_prediction,True,,"[0, 1]","[0, 0]",0.0,50.0,50.0,0,2,,1.7012668329989538,1.696903832955286,917,136,1053,three_class_state_change_reanalysis,"[0, 0]",0.0001,False
20348a6ab2867fd9d65a8e34bdffb9c521c545392bb0a0a7af567910e5c2ed00,3.5__MountainCar-v0__last-state__H5,MountainCar-v0,last-state,5,13,data/llmx_data/offline_data/physics_data/raw_transitions/MountainCar-v0/episodes/episode_0.npz,18,mismatch,last_state_prediction,True,,"[0, 1]","[0, 0]",0.0,50.0,50.0,0,2,,1.8579201250104234,1.853641040972434,916,180,1096,three_class_state_change_reanalysis,"[0, 0]",0.0001,False
da1fb232172b26b9f49469bc0c1d3b8b678acc56ccd7669094b763854efab211,3.5__MountainCar-v0__last-state__H5,MountainCar-v0,last-state,5,14,data/llmx_data/offline_data/physics_data/raw_transitions/MountainCar-v0/episodes/episode_0.npz,19,match,last_state_prediction,True,,"[0, 0]","[0, 0]",100.0,100.0,100.0,0,2,,1.905714666005224,1.9018212920054793,915,124,1039,three_class_state_change_reanalysis,"[0, 0]",0.0001,False
655e57a50516f1f0e97dca60bc6e4b8dc18c434c2193d5174f7f7f9c830bf087,3.5__MountainCar-v0__last-state__H5,MountainCar-v0,last-state,5,15,data/llmx_data/offline_data/physics_data/raw_transitions/MountainCar-v0/episodes/episode_0.npz,20,match,last_state_prediction,True,,"[0, 0]","[0, 0]",100.0,100.0,100.0,0,2,,1.3387971250340343,1.3346520829945803,913,144,1057,three_class_state_change_reanalysis,"[0, 0]",0.0001,False
cc40ee6bd78a8b3ccf5995db1dc8e9e3463c92582af8e9155d21591e3437852f,3.5__MountainCar-v0__last-state__H5,MountainCar-v0,last-state,5,16,data/llmx_data/offline_data/physics_data/raw_transitions/MountainCar-v0/episodes/episode_0.npz,21,match,last_state_prediction,True,,"[0, 0]","[0, 0]",100.0,100.0,100.0,0,2,,1.4256529590347782,1.4221170410746709,907,135,1042,three_class_state_change_reanalysis,"[0, 0]",0.0001,False
8d6f3cbf3b76728e3d26eb849a4fd8e6b85d64b92419a8b33edbe618e2bc86d3,3.5__MountainCar-v0__last-state__H5,MountainCar-v0,last-state,5,17,data/llmx_data/offline_data/physics_data/raw_transitions/MountainCar-v0/episodes/episode_0.npz,22,mismatch,last_state_prediction,True,,"[1, 1]","[0, 0]",0.0,0.0,0.0,0,2,,1.814307541004382,1.8096281250473112,906,167,1073,three_class_state_change_reanalysis,"[0, 0]",0.0001,False
b553cbdd0ae4400a77661c01600528e151ab9a3e16039e31252af48922eb22ce,3.5__MountainCar-v0__last-state__H5,MountainCar-v0,last-state,5,18,data/llmx_data/offline_data/physics_data/raw_transitions/MountainCar-v0/episodes/episode_0.npz,23,mismatch,last_state_prediction,True,,"[1, 1]","[0, 0]",0.0,0.0,0.0,0,2,,3.4248252919642255,3.42057679197751,906,215,1121,three_class_state_change_reanalysis,"[0, 0]",0.0001,False
7566c1c3050fdd71bbb2c14fd641c070cd6da25f6972d83c32e840205e2bde73,3.5__MountainCar-v0__last-state__H5,MountainCar-v0,last-state,5,19,data/llmx_data/offline_data/physics_data/raw_transitions/MountainCar-v0/episodes/episode_0.npz,24,match,last_state_prediction,True,,"[0, 0]","[0, 0]",100.0,100.0,100.0,0,2,,1.5734966250602156,1.5692023750161752,905,123,1028,three_class_state_change_reanalysis,"[0, 0]",0.0001,False
b1d02a8e7bb16c7f4f3e25bf9ea04df54d18686616d20fe4de7a4712325640bd,3.5__MountainCar-v0__last-state__H5,MountainCar-v0,last-state,5,20,data/llmx_data/offline_data/physics_data/raw_transitions/MountainCar-v0/episodes/episode_0.npz,25,match,last_state_prediction,True,,"[0, 0]","[0, 0]",100.0,100.0,100.0,0,2,,1.656214916962199,1.6517146250698715,906,130,1036,three_class_state_change_reanalysis,"[0, 0]",0.0001,False
e7a5d774eb094a845e61534b3afef847faa588fc1daf4632cf7de90136cf6566,3.5__MountainCar-v0__last-state__H5,MountainCar-v0,last-state,5,21,data/llmx_data/offline_data/physics_data/raw_transitions/MountainCar-v0/episodes/episode_0.npz,26,match,last_state_prediction,True,,"[0, 0]","[0, 0]",100.0,100.0,100.0,0,2,,1.1337333329720423,1.1287315409863368,904,113,1017,three_class_state_change_reanalysis,"[0, 0]",0.0001,False
79f6a11d59aeead08fc0ae6300d98646733a366370a60cbd0e9450710c3d8285,3.5__MountainCar-v0__last-state__H5,MountainCar-v0,last-state,5,22,data/llmx_data/offline_data/physics_data/raw_transitions/MountainCar-v0/episodes/episode_0.npz,27,match,last_state_prediction,True,,"[0, 0]","[0, 0]",100.0,100.0,100.0,0,2,,1.1283718339400366,1.1234905000310391,906,128,1034,three_class_state_change_reanalysis,"[0, 0]",0.0001,False
d925816742795cefefe7c1ebd418186fb2b5bbc8b6d1d9d6966d9e3265b51c2e,3.5__MountainCar-v0__last-state__H5,MountainCar-v0,last-state,5,23,data/llmx_data/offline_data/physics_data/raw_transitions/MountainCar-v0/episodes/episode_0.npz,28,match,last_state_prediction,True,,"[0, 0]","[0, 0]",100.0,100.0,100.0,0,2,,1.8653523330576718,1.86034804105293,905,125,1030,three_class_state_change_reanalysis,"[0, 0]",0.0001,False
dbb409a32702cca188fd528f829193dfb96822dc174911b48aff5a6f6a93f2db,3.5__MountainCar-v0__last-state__H5,MountainCar-v0,last-state,5,24,data/llmx_data/offline_data/physics_data/raw_transitions/MountainCar-v0/episodes/episode_0.npz,29,match,last_state_prediction,True,,"[0, 0]","[0, 0]",100.0,100.0,100.0,0,2,,1.7949484580894932,1.7907096670242026,905,120,1025,three_class_state_change_reanalysis,"[0, 0]",0.0001,False
3a36c5f13323e8161e492450a1ddd8d121a79389c1c1f6626524dfd862dc3bbf,3.5__MountainCar-v0__last-state__H5,MountainCar-v0,last-state,5,25,data/llmx_data/offline_data/physics_data/raw_transitions/MountainCar-v0/episodes/episode_0.npz,30,mismatch,last_state_prediction,True,,"[0, 1]","[0, 0]",0.0,50.0,50.0,0,2,,1.4069791659712791,1.4029777909163386,905,156,1061,three_class_state_change_reanalysis,"[0, 0]",0.0001,False
69f5524e1aceb688cbe91fd68b731c2f3bd0e8f8224423320415ef83a7357a63,3.5__MountainCar-v0__last-state__H5,MountainCar-v0,last-state,5,26,data/llmx_data/offline_data/physics_data/raw_transitions/MountainCar-v0/episodes/episode_0.npz,31,match,last_state_prediction,True,,"[0, 0]","[0, 0]",100.0,100.0,100.0,0,2,,1.486774916993454,1.482821249985136,906,146,1052,three_class_state_change_reanalysis,"[0, 0]",0.0001,False
a4b8f0a8ec73a7a5761229e2e238bfbfc0e3877f992b7b156ac45597e4038c4b,3.5__MountainCar-v0__last-state__H5,MountainCar-v0,last-state,5,27,data/llmx_data/offline_data/physics_data/raw_transitions/MountainCar-v0/episodes/episode_0.npz,32,match,last_state_prediction,True,,"[0, 0]","[0, 0]",100.0,100.0,100.0,0,2,,2.6622664170572534,2.658269500010647,906,146,1052,three_class_state_change_reanalysis,"[0, 0]",0.0001,False
23565235f344623cf5de89b1835d3c873c7f3418909b27102680c30eb9e9f230,3.5__MountainCar-v0__last-state__H5,MountainCar-v0,last-state,5,28,data/llmx_data/offline_data/physics_data/raw_transitions/MountainCar-v0/episodes/episode_0.npz,33,match,last_state_prediction,True,,"[0, 0]","[0, 0]",100.0,50.0,100.0,1,2,,2.067297750036232,2.0632712499937043,906,137,1043,three_class_state_change_reanalysis,"[0, 2]",0.0001,False
1381e02136a168649db83e3d9715e3d39958f1e0121aa35de50167478b7c6cc0,3.5__MountainCar-v0__last-state__H5,MountainCar-v0,last-state,5,29,data/llmx_data/offline_data/physics_data/raw_transitions/MountainCar-v0/episodes/episode_0.npz,34,match,last_state_prediction,True,,"[0, 1]","[0, 1]",100.0,100.0,100.0,0,2,,1.9848207500763237,1.9800382910761982,907,128,1035,three_class_state_change_reanalysis,"[0, 1]",0.0001,False
1cc5c5ddeab5928ee9f797f323df2b9753e19fd08ba2954ae7bd0e665c8aba04,3.5__MountainCar-v0__last-state__H10,MountainCar-v0,last-state,10,0,data/llmx_data/offline_data/physics_data/raw_transitions/MountainCar-v0/episodes/episode_0.npz,10,mismatch,last_state_prediction,True,,"[0, 0]","[1, 0]",0.0,50.0,50.0,0,2,,2.6356725419173017,2.631591916899197,1076,118,1194,three_class_state_change_reanalysis,"[1, 0]",0.0001,False
5d78f76b5828a1716c8aa6665c943e508b588fb404c95dcae6cad053ba620d1a,3.5__MountainCar-v0__last-state__H10,MountainCar-v0,last-state,10,1,data/llmx_data/offline_data/physics_data/raw_transitions/MountainCar-v0/episodes/episode_0.npz,11,mismatch,last_state_prediction,True,,"[1, 1]","[1, 0]",0.0,50.0,50.0,0,2,,2.20406933396589,2.199343292042613,1077,152,1229,three_class_state_change_reanalysis,"[1, 0]",0.0001,False
70a894ed6b9aa85a866ac7ea380621e384c0e3d6752f80d7ebfaa9386a4af188,3.5__MountainCar-v0__last-state__H10,MountainCar-v0,last-state,10,2,data/llmx_data/offline_data/physics_data/raw_transitions/MountainCar-v0/episodes/episode_0.npz,12,mismatch,last_state_prediction,True,,"[0, 1]","[1, 0]",0.0,0.0,0.0,0,2,,3.0338083339156583,3.0300896250410005,1077,186,1263,three_class_state_change_reanalysis,"[1, 0]",0.0001,False
ee9d0ae8009475a24658f12e48783bae706493712e0ca4adcef1c7933b51b84a,3.5__MountainCar-v0__last-state__H10,MountainCar-v0,last-state,10,3,data/llmx_data/offline_data/physics_data/raw_transitions/MountainCar-v0/episodes/episode_0.npz,13,mismatch,last_state_prediction,True,,"[0, 1]","[1, 0]",0.0,0.0,0.0,0,2,,1.4031341249356046,1.399106541997753,1077,161,1238,three_class_state_change_reanalysis,"[1, 0]",0.0001,False
0835a605c545a0c405cd739ac1af7fcbe4a8d0e6bf30e09e1cdc11b2d26f4a28,3.5__MountainCar-v0__last-state__H10,MountainCar-v0,last-state,10,4,data/llmx_data/offline_data/physics_data/raw_transitions/MountainCar-v0/episodes/episode_0.npz,14,match,last_state_prediction,True,,"[1, 0]","[1, 0]",100.0,100.0,100.0,0,2,,2.0306064169853926,2.026145000010729,1083,169,1252,three_class_state_change_reanalysis,"[1, 0]",0.0001,False
786788e4e9054287b5abaff01c3d9f7d718221f4798e485bde4a124e412c2ddf,3.5__MountainCar-v0__last-state__H10,MountainCar-v0,last-state,10,5,data/llmx_data/offline_data/physics_data/raw_transitions/MountainCar-v0/episodes/episode_0.npz,15,match,last_state_prediction,True,,"[0, 0]","[0, 0]",100.0,100.0,100.0,0,2,,1.3516093749785796,1.347080665989779,1076,166,1242,three_class_state_change_reanalysis,"[0, 0]",0.0001,False
d512a252515a78ec323f17db1e91b6a7d5bb92fe39aeb4c748436b9f1520004c,3.5__MountainCar-v0__last-state__H10,MountainCar-v0,last-state,10,6,data/llmx_data/offline_data/physics_data/raw_transitions/MountainCar-v0/episodes/episode_0.npz,16,mismatch,last_state_prediction,True,,"[1, 1]","[0, 0]",0.0,0.0,0.0,0,2,,1.7303826669231057,1.7257541250437498,1082,151,1233,three_class_state_change_reanalysis,"[0, 0]",0.0001,False
f6100de6a5bce95073d31333cc2ec72d786da1487c01c2f714441facfef049dc,3.5__MountainCar-v0__last-state__H10,MountainCar-v0,last-state,10,7,data/llmx_data/offline_data/physics_data/raw_transitions/MountainCar-v0/episodes/episode_0.npz,17,mismatch,last_state_prediction,True,,"[1, 1]","[0, 0]",0.0,0.0,0.0,0,2,,1.3541370000457391,1.3498219170141965,1081,143,1224,three_class_state_change_reanalysis,"[0, 0]",0.0001,False
944461939600b052ba5f8dc74f8c18b3e745c95a8c22ae276a7f232b47e0956e,3.5__MountainCar-v0__last-state__H10,MountainCar-v0,last-state,10,8,data/llmx_data/offline_data/physics_data/raw_transitions/MountainCar-v0/episodes/episode_0.npz,18,mismatch,last_state_prediction,True,,"[1, 0]","[0, 0]",0.0,50.0,50.0,0,2,,1.3686729590408504,1.3645019159885123,1080,156,1236,three_class_state_change_reanalysis,"[0, 0]",0.0001,False
975616c5f837f9046fa5b900de73ed715a352a45ff591ac9e46a4b0d57b4775a,3.5__MountainCar-v0__last-state__H10,MountainCar-v0,last-state,10,9,data/llmx_data/offline_data/physics_data/raw_transitions/MountainCar-v0/episodes/episode_0.npz,19,match,last_state_prediction,True,,"[0, 0]","[0, 0]",100.0,100.0,100.0,0,2,,2.0461492500035092,2.0415506249992177,1080,139,1219,three_class_state_change_reanalysis,"[0, 0]",0.0001,False
e88144d107d04db3b1b86fe11b55b90424f34c088070e75e2b34a9bbb86e01aa,3.5__MountainCar-v0__last-state__H10,MountainCar-v0,last-state,10,10,data/llmx_data/offline_data/physics_data/raw_transitions/MountainCar-v0/episodes/episode_0.npz,20,match,last_state_prediction,True,,"[0, 0]","[0, 0]",100.0,100.0,100.0,0,2,,1.675209708046168,1.6709795420756564,1078,151,1229,three_class_state_change_reanalysis,"[0, 0]",0.0001,False
cd70c8fac8786785ef619ad1a8ce565e4e5ab786ae5429ef3c0a6e7a10d47992,3.5__MountainCar-v0__last-state__H10,MountainCar-v0,last-state,10,11,data/llmx_data/offline_data/physics_data/raw_transitions/MountainCar-v0/episodes/episode_0.npz,21,match,last_state_prediction,True,,"[0, 0]","[0, 0]",100.0,100.0,100.0,0,2,,1.5976577919209376,1.594835916068405,1078,164,1242,three_class_state_change_reanalysis,"[0, 0]",0.0001,False
b93803130328e91ea52e9edf3f28c8d0e74a0016c11ea5a39b60044fcb1684fe,3.5__MountainCar-v0__last-state__H10,MountainCar-v0,last-state,10,12,data/llmx_data/offline_data/physics_data/raw_transitions/MountainCar-v0/episodes/episode_0.npz,22,mismatch,last_state_prediction,True,,"[0, 1]","[0, 0]",0.0,50.0,50.0,0,2,,1.3891873749671504,1.385241208015941,1076,117,1193,three_class_state_change_reanalysis,"[0, 0]",0.0001,False
32cece37bd02f06eb681b74be607aadf6c2df96c3f6e9b504f6b618ba0a2a24a,3.5__MountainCar-v0__last-state__H10,MountainCar-v0,last-state,10,13,data/llmx_data/offline_data/physics_data/raw_transitions/MountainCar-v0/episodes/episode_0.npz,23,match,last_state_prediction,True,,"[0, 0]","[0, 0]",100.0,100.0,100.0,0,2,,1.2234767499612644,1.2197688330197707,1075,133,1208,three_class_state_change_reanalysis,"[0, 0]",0.0001,False
a36c428a790b7052c0980310d79446eb8b9b44423431b19341a7bdd9f83b67a7,3.5__MountainCar-v0__last-state__H10,MountainCar-v0,last-state,10,14,data/llmx_data/offline_data/physics_data/raw_transitions/MountainCar-v0/episodes/episode_0.npz,24,mismatch,last_state_prediction,True,,"[0, 1]","[0, 0]",0.0,50.0,50.0,0,2,,1.3782943750265986,1.3740601659519598,1073,137,1210,three_class_state_change_reanalysis,"[0, 0]",0.0001,False
9edf59dec5572dab3c95fbd49de3486dbbbbf5734191e351455a61f345cc897d,3.5__MountainCar-v0__last-state__H10,MountainCar-v0,last-state,10,15,data/llmx_data/offline_data/physics_data/raw_transitions/MountainCar-v0/episodes/episode_0.npz,25,mismatch,last_state_prediction,True,,"[0, 1]","[0, 0]",0.0,50.0,50.0,0,2,,1.7293104999698699,1.7251118329586461,1073,144,1217,three_class_state_change_reanalysis,"[0, 0]",0.0001,False
1f6d7bdcdc6d44d6746104bc010e00a9a72fc606fa629f92ea69948185e160dc,3.5__MountainCar-v0__last-state__H10,MountainCar-v0,last-state,10,16,data/llmx_data/offline_data/physics_data/raw_transitions/MountainCar-v0/episodes/episode_0.npz,26,mismatch,last_state_prediction,True,,"[1, 0]","[0, 0]",0.0,50.0,50.0,0,2,,1.9530254999408498,1.949024457950145,1064,170,1234,three_class_state_change_reanalysis,"[0, 0]",0.0001,False
77f64bcc03d20443243f9a1746f3634b7ed2fc876f00fc158553fd2ed8f7df19,3.5__MountainCar-v0__last-state__H10,MountainCar-v0,last-state,10,17,data/llmx_data/offline_data/physics_data/raw_transitions/MountainCar-v0/episodes/episode_0.npz,27,mismatch,last_state_prediction,True,,"[0, 1]","[0, 0]",0.0,50.0,50.0,0,2,,2.7230748750735074,2.7190755830379203,1065,143,1208,three_class_state_change_reanalysis,"[0, 0]",0.0001,False
f610ccace85dc9513117814ba1661fb30fbec70481608496e58699759001a08e,3.5__MountainCar-v0__last-state__H10,MountainCar-v0,last-state,10,18,data/llmx_data/offline_data/physics_data/raw_transitions/MountainCar-v0/episodes/episode_0.npz,28,mismatch,last_state_prediction,True,,"[0, 1]","[0, 0]",0.0,50.0,50.0,0,2,,3.165791540988721,3.1612528749974445,1064,119,1183,three_class_state_change_reanalysis,"[0, 0]",0.0001,False
e181952eb598b01874a5d13ad7a7141dd3575929d50baffb22684dbc0ce1a16b,3.5__MountainCar-v0__last-state__H10,MountainCar-v0,last-state,10,19,data/llmx_data/offline_data/physics_data/raw_transitions/MountainCar-v0/episodes/episode_0.npz,29,match,last_state_prediction,True,,"[0, 0]","[0, 0]",100.0,100.0,100.0,0,2,,1.4620126669760793,1.4580045839538798,1064,129,1193,three_class_state_change_reanalysis,"[0, 0]",0.0001,False
fa0335752a097176bbec2e0d3eb44e4cdf5d59f9f1451b182972aab939238d14,3.5__MountainCar-v0__last-state__H10,MountainCar-v0,last-state,10,20,data/llmx_data/offline_data/physics_data/raw_transitions/MountainCar-v0/episodes/episode_0.npz,30,match,last_state_prediction,True,,"[0, 0]","[0, 0]",100.0,100.0,100.0,0,2,,1.3128432090161368,1.3087867909343913,1064,126,1190,three_class_state_change_reanalysis,"[0, 0]",0.0001,False
2a39da3065a486a2485b2adddc02f31edc959f37911c8ac0910c87cf0f3d3048,3.5__MountainCar-v0__last-state__H10,MountainCar-v0,last-state,10,21,data/llmx_data/offline_data/physics_data/raw_transitions/MountainCar-v0/episodes/episode_0.npz,31,mismatch,last_state_prediction,True,,"[1, 1]","[0, 0]",0.0,0.0,0.0,0,2,,2.004331999924034,1.9999678750755265,1064,190,1254,three_class_state_change_reanalysis,"[0, 0]",0.0001,False
61e8dd8ff91aeebfa92056e334d13fbbdddf2e0fc20db78583043b708273661c,3.5__MountainCar-v0__last-state__H10,MountainCar-v0,last-state,10,22,data/llmx_data/offline_data/physics_data/raw_transitions/MountainCar-v0/episodes/episode_0.npz,32,match,last_state_prediction,True,,"[0, 0]","[0, 0]",100.0,100.0,100.0,0,2,,1.985717042000033,1.9811268339399248,1065,106,1171,three_class_state_change_reanalysis,"[0, 0]",0.0001,False
c13bf4f2cca22b06474c3e933575fb702b9fe4c5f0a1ca89a7b49aba7ff2808b,3.5__MountainCar-v0__last-state__H10,MountainCar-v0,last-state,10,23,data/llmx_data/offline_data/physics_data/raw_transitions/MountainCar-v0/episodes/episode_0.npz,33,mismatch,last_state_prediction,True,,"[1, 1]","[0, 0]",0.0,0.0,0.0,1,2,,2.8630270829889923,2.85857408400625,1064,164,1228,three_class_state_change_reanalysis,"[0, 2]",0.0001,False
2de747d2c98074b4f8036eb1723c4d74a21ee8115fb2e3e99406b549d305e6b1,3.5__MountainCar-v0__last-state__H10,MountainCar-v0,last-state,10,24,data/llmx_data/offline_data/physics_data/raw_transitions/MountainCar-v0/episodes/episode_0.npz,34,mismatch,last_state_prediction,True,,"[0, 0]","[0, 1]",0.0,50.0,50.0,0,2,,2.2724508329993114,2.2684407921042293,1065,135,1200,three_class_state_change_reanalysis,"[0, 1]",0.0001,False
fcd11c47c9483139bb0a568170b34ab656fb8d8c38800ac6860d17e582951346,3.5__MountainCar-v0__last-state__H10,MountainCar-v0,last-state,10,25,data/llmx_data/offline_data/physics_data/raw_transitions/MountainCar-v0/episodes/episode_0.npz,35,mismatch,last_state_prediction,True,,"[0, 0]","[0, 1]",0.0,50.0,50.0,0,2,,1.3762319169472903,1.3719549590023234,1063,137,1200,three_class_state_change_reanalysis,"[0, 1]",0.0001,False
0ba00a20cf58d3ae293395564b9cd6b66e506cb00fc4bfd6b74e01eac60a5855,3.5__MountainCar-v0__last-state__H10,MountainCar-v0,last-state,10,26,data/llmx_data/offline_data/physics_data/raw_transitions/MountainCar-v0/episodes/episode_0.npz,36,mismatch,last_state_prediction,True,,"[0, 0]","[0, 1]",0.0,50.0,50.0,0,2,,2.070274249999784,2.0668224999681115,1063,126,1189,three_class_state_change_reanalysis,"[0, 1]",0.0001,False
350b3e411667be60e0de4bce8163825f4a491d49ce7858a3136ae54b348c70af,3.5__MountainCar-v0__last-state__H10,MountainCar-v0,last-state,10,27,data/llmx_data/offline_data/physics_data/raw_transitions/MountainCar-v0/episodes/episode_0.npz,37,mismatch,last_state_prediction,True,,"[0, 0]","[0, 1]",0.0,50.0,50.0,0,2,,1.8758969170739874,1.8717750839423388,1064,140,1204,three_class_state_change_reanalysis,"[0, 1]",0.0001,False
213d412bd35f4911c0effc3adb4ac40c845ae12d3fb03bb94c692d61b4189abd,3.5__MountainCar-v0__last-state__H10,MountainCar-v0,last-state,10,28,data/llmx_data/offline_data/physics_data/raw_transitions/MountainCar-v0/episodes/episode_0.npz,38,mismatch,last_state_prediction,True,,"[0, 0]","[0, 1]",0.0,50.0,50.0,0,2,,1.2940100830746815,1.2912091249600053,1062,135,1197,three_class_state_change_reanalysis,"[0, 1]",0.0001,False
262dd92751a4be336eeb754c770b0088a45156ef03be0242dc6a98cc983f988e,3.5__MountainCar-v0__last-state__H10,MountainCar-v0,last-state,10,29,data/llmx_data/offline_data/physics_data/raw_transitions/MountainCar-v0/episodes/episode_0.npz,39,mismatch,last_state_prediction,True,,"[0, 0]","[0, 1]",0.0,50.0,50.0,0,2,,1.2169124579522759,1.2135117079596967,1063,122,1185,three_class_state_change_reanalysis,"[0, 1]",0.0001,False
b05c36d233e0d63d1f46fe0667cdcae4162755091b100a8fa941801e3470dd0c,3.5__MountainCar-v0__last-state__H20,MountainCar-v0,last-state,20,0,data/llmx_data/offline_data/physics_data/raw_transitions/MountainCar-v0/episodes/episode_0.npz,20,match,last_state_prediction,True,,"[0, 0]","[0, 0]",100.0,100.0,100.0,0,2,,1.4366915000136942,1.4323474579723552,1406,143,1549,three_class_state_change_reanalysis,"[0, 0]",0.0001,False
b26084da92655da19d6e5e155279c8c33e12770b40b7988715d4efed4155f415,3.5__MountainCar-v0__last-state__H20,MountainCar-v0,last-state,20,1,data/llmx_data/offline_data/physics_data/raw_transitions/MountainCar-v0/episodes/episode_0.npz,21,match,last_state_prediction,True,,"[0, 0]","[0, 0]",100.0,100.0,100.0,0,2,,2.6247179999481887,2.6207157919416204,1407,133,1540,three_class_state_change_reanalysis,"[0, 0]",0.0001,False
fef6b1e8c99859856b1d264e73d41253aacda7314b3cfe50d4b8a57999dcc6e0,3.5__MountainCar-v0__last-state__H20,MountainCar-v0,last-state,20,2,data/llmx_data/offline_data/physics_data/raw_transitions/MountainCar-v0/episodes/episode_0.npz,22,match,last_state_prediction,True,,"[0, 0]","[0, 0]",100.0,100.0,100.0,0,2,,1.5808199170278385,1.5761114590568468,1405,137,1542,three_class_state_change_reanalysis,"[0, 0]",0.0001,False
c54daf88a7edf4b9d27eb0382bb5ad5c719024c6ef7c4ce5a4f2b17ef006bf17,3.5__MountainCar-v0__last-state__H20,MountainCar-v0,last-state,20,3,data/llmx_data/offline_data/physics_data/raw_transitions/MountainCar-v0/episodes/episode_0.npz,23,match,last_state_prediction,True,,"[0, 0]","[0, 0]",100.0,100.0,100.0,0,2,,2.2289260000688955,2.2271872910205275,1404,150,1554,three_class_state_change_reanalysis,"[0, 0]",0.0001,False
ab50e18477508305c11da1537debe15c6fafb343c425059d548fb066230ea6a4,3.5__MountainCar-v0__last-state__H20,MountainCar-v0,last-state,20,4,data/llmx_data/offline_data/physics_data/raw_transitions/MountainCar-v0/episodes/episode_0.npz,24,match,last_state_prediction,True,,"[0, 0]","[0, 0]",100.0,100.0,100.0,0,2,,2.327755874954164,2.326384416082874,1402,151,1553,three_class_state_change_reanalysis,"[0, 0]",0.0001,False
2022e908739171e46b4d926381f58f67e9fdc6a5fdd1c5db43c7012b1f49561e,3.5__MountainCar-v0__last-state__H20,MountainCar-v0,last-state,20,5,data/llmx_data/offline_data/physics_data/raw_transitions/MountainCar-v0/episodes/episode_0.npz,25,match,last_state_prediction,True,,"[0, 0]","[0, 0]",100.0,100.0,100.0,0,2,,2.7143838750198483,2.7113172920653597,1402,168,1570,three_class_state_change_reanalysis,"[0, 0]",0.0001,False
9d0777060c12c0b5565bfc73c29b12eb2ecf21cb22c371fbe3c1720139aa32ad,3.5__MountainCar-v0__last-state__H20,MountainCar-v0,last-state,20,6,data/llmx_data/offline_data/physics_data/raw_transitions/MountainCar-v0/episodes/episode_0.npz,26,mismatch,last_state_prediction,True,,"[1, 0]","[0, 0]",0.0,50.0,50.0,0,2,,1.1735113329486921,1.170151500031352,1399,110,1509,three_class_state_change_reanalysis,"[0, 0]",0.0001,False
43ec58fa6f5bebcabb92e4e005d782b7bc465a037095be3823b8d27744712cbe,3.5__MountainCar-v0__last-state__H20,MountainCar-v0,last-state,20,7,data/llmx_data/offline_data/physics_data/raw_transitions/MountainCar-v0/episodes/episode_0.npz,27,match,last_state_prediction,True,,"[0, 0]","[0, 0]",100.0,100.0,100.0,0,2,,1.6301083751022816,1.6280996659770608,1399,129,1528,three_class_state_change_reanalysis,"[0, 0]",0.0001,False
0517f43ff7a15467647ad491004f54858b5aa4f02cca60f87969d5579b6126b8,3.5__MountainCar-v0__last-state__H20,MountainCar-v0,last-state,20,8,data/llmx_data/offline_data/physics_data/raw_transitions/MountainCar-v0/episodes/episode_0.npz,28,match,last_state_prediction,True,,"[0, 0]","[0, 0]",100.0,100.0,100.0,0,2,,1.8378328329417855,1.8349640000378713,1397,163,1560,three_class_state_change_reanalysis,"[0, 0]",0.0001,False
402f1e9a91f49de7a7baf2fcceaa84b5d875b3a7cafd7fdf199cb1213122d353,3.5__MountainCar-v0__last-state__H20,MountainCar-v0,last-state,20,9,data/llmx_data/offline_data/physics_data/raw_transitions/MountainCar-v0/episodes/episode_0.npz,29,match,last_state_prediction,True,,"[0, 0]","[0, 0]",100.0,100.0,100.0,0,2,,1.619658000068739,1.6155197500484064,1397,153,1550,three_class_state_change_reanalysis,"[0, 0]",0.0001,False
5babd721813bf6cba16d3bf370c9ad800b53c85cede467c572a35184cb33f2e1,3.5__MountainCar-v0__last-state__H20,MountainCar-v0,last-state,20,10,data/llmx_data/offline_data/physics_data/raw_transitions/MountainCar-v0/episodes/episode_0.npz,30,match,last_state_prediction,True,,"[0, 0]","[0, 0]",100.0,100.0,100.0,0,2,,1.1664649160811678,1.1624058749293908,1396,126,1522,three_class_state_change_reanalysis,"[0, 0]",0.0001,False
84e58e56d1f1d61eb159f4949d292db9876e32d98b30e960448a403e6c2764f8,3.5__MountainCar-v0__last-state__H20,MountainCar-v0,last-state,20,11,data/llmx_data/offline_data/physics_data/raw_transitions/MountainCar-v0/episodes/episode_0.npz,31,match,last_state_prediction,True,,"[0, 0]","[0, 0]",100.0,100.0,100.0,0,2,,1.1964365410385653,1.1927503329934552,1395,120,1515,three_class_state_change_reanalysis,"[0, 0]",0.0001,False
25d2351052c721b2b1b05ec48d9aab2294ad893193dab2fc827cdaf7998047e9,3.5__MountainCar-v0__last-state__H20,MountainCar-v0,last-state,20,12,data/llmx_data/offline_data/physics_data/raw_transitions/MountainCar-v0/episodes/episode_0.npz,32,match,last_state_prediction,True,,"[0, 0]","[0, 0]",100.0,100.0,100.0,0,2,,1.793478542007506,1.7893273750087246,1394,133,1527,three_class_state_change_reanalysis,"[0, 0]",0.0001,False
98b7b91daa7bf7b5e303201cdbca1e0fe2d78490f2e3f3162cfface3a7bde487,3.5__MountainCar-v0__last-state__H20,MountainCar-v0,last-state,20,13,data/llmx_data/offline_data/physics_data/raw_transitions/MountainCar-v0/episodes/episode_0.npz,33,mismatch,last_state_prediction,True,,"[1, 1]","[0, 0]",0.0,0.0,0.0,1,2,,2.3142321669729427,2.310880000004545,1392,156,1548,three_class_state_change_reanalysis,"[0, 2]",0.0001,False
9df15b2ab280170c4cf59d40abc0323753ed854c7fbc8bf84a8bde3bafb6b4cc,3.5__MountainCar-v0__last-state__H20,MountainCar-v0,last-state,20,14,data/llmx_data/offline_data/physics_data/raw_transitions/MountainCar-v0/episodes/episode_0.npz,34,mismatch,last_state_prediction,True,,"[0, 0]","[0, 1]",0.0,50.0,50.0,0,2,,2.078214457957074,2.0738829580368474,1392,120,1512,three_class_state_change_reanalysis,"[0, 1]",0.0001,False
bf4e1e533a6338e36f5c36aa149f09326fdc786ee71fbd4ac8b66c10b25cb95d,3.5__MountainCar-v0__last-state__H20,MountainCar-v0,last-state,20,15,data/llmx_data/offline_data/physics_data/raw_transitions/MountainCar-v0/episodes/episode_0.npz,35,mismatch,last_state_prediction,True,,"[0, 0]","[0, 1]",0.0,50.0,50.0,0,2,,1.8818422090262175,1.8783677089959383,1389,131,1520,three_class_state_change_reanalysis,"[0, 1]",0.0001,False
552cd5711be882b3cee4c427769b712c19775cfdbad78152141c07fffbef67a3,3.5__MountainCar-v0__last-state__H20,MountainCar-v0,last-state,20,16,data/llmx_data/offline_data/physics_data/raw_transitions/MountainCar-v0/episodes/episode_0.npz,36,mismatch,last_state_prediction,True,,"[0, 0]","[0, 1]",0.0,50.0,50.0,0,2,,2.409973540925421,2.406115415971726,1381,155,1536,three_class_state_change_reanalysis,"[0, 1]",0.0001,False
02ca962e5c4611128e62ac058cd0966a54215629aabb34a5fdef5f1faccc1ba7,3.5__MountainCar-v0__last-state__H20,MountainCar-v0,last-state,20,17,data/llmx_data/offline_data/physics_data/raw_transitions/MountainCar-v0/episodes/episode_0.npz,37,mismatch,last_state_prediction,True,,"[0, 0]","[0, 1]",0.0,50.0,50.0,0,2,,2.081822916981764,2.0771162090823054,1382,134,1516,three_class_state_change_reanalysis,"[0, 1]",0.0001,False
ee5512afdd2b92ab467d43745243602b91e12e4f34bc2c9910a9ffd1debb7256,3.5__MountainCar-v0__last-state__H20,MountainCar-v0,last-state,20,18,data/llmx_data/offline_data/physics_data/raw_transitions/MountainCar-v0/episodes/episode_0.npz,38,mismatch,last_state_prediction,True,,"[0, 0]","[0, 1]",0.0,50.0,50.0,0,2,,1.9615198749816045,1.9578000840265304,1379,147,1526,three_class_state_change_reanalysis,"[0, 1]",0.0001,False
0927bcc3f0fac768193cd863c77e1df5d78ed2be0b7d7d4e741ea4dbd2a82f2b,3.5__MountainCar-v0__last-state__H20,MountainCar-v0,last-state,20,19,data/llmx_data/offline_data/physics_data/raw_transitions/MountainCar-v0/episodes/episode_0.npz,39,mismatch,last_state_prediction,True,,"[0, 0]","[0, 1]",0.0,50.0,50.0,0,2,,1.3598589580506086,1.3562507920432836,1380,141,1521,three_class_state_change_reanalysis,"[0, 1]",0.0001,False
c175c8aa1d7d3e44112d5b36555dfa9a6f04437b881bdad4640aa6e1c5ac39b4,3.5__MountainCar-v0__last-state__H20,MountainCar-v0,last-state,20,20,data/llmx_data/offline_data/physics_data/raw_transitions/MountainCar-v0/episodes/episode_0.npz,40,mismatch,last_state_prediction,True,,"[1, 1]","[0, 1]",0.0,50.0,50.0,0,2,,1.4135793750174344,1.4095934580545872,1379,105,1484,three_class_state_change_reanalysis,"[0, 1]",0.0001,False
35dfe3631308e155707cbb29ad2a154609281599d299e887e3d95ad8bb1c6c4f,3.5__MountainCar-v0__last-state__H20,MountainCar-v0,last-state,20,21,data/llmx_data/offline_data/physics_data/raw_transitions/MountainCar-v0/episodes/episode_0.npz,41,mismatch,last_state_prediction,True,,"[1, 0]","[0, 1]",0.0,0.0,0.0,0,2,,1.7243410839000717,1.7209937080042437,1378,242,1620,three_class_state_change_reanalysis,"[0, 1]",0.0001,False
81c183906d3fc1f8dea9d83c119a74b91f57d266af824150e7e7b06585096ae3,3.5__MountainCar-v0__last-state__H20,MountainCar-v0,last-state,20,22,data/llmx_data/offline_data/physics_data/raw_transitions/MountainCar-v0/episodes/episode_0.npz,42,mismatch,last_state_prediction,True,,"[0, 0]","[0, 1]",0.0,50.0,50.0,0,2,,1.768752250005491,1.7645140419481322,1380,118,1498,three_class_state_change_reanalysis,"[0, 1]",0.0001,False
8c0b1daeb10199249e7ce50db64e54e1572ffd892370b0a67ec0a2390f779394,3.5__MountainCar-v0__last-state__H20,MountainCar-v0,last-state,20,23,data/llmx_data/offline_data/physics_data/raw_transitions/MountainCar-v0/episodes/episode_0.npz,43,mismatch,last_state_prediction,True,,"[1, 0]","[0, 1]",0.0,0.0,0.0,0,2,,2.396945666987449,2.3927819170057774,1379,209,1588,three_class_state_change_reanalysis,"[0, 1]",0.0001,False
0470c164cab75fb24f9a270e80414f8bc982a16f52528686e700dae86fcc81dc,3.5__MountainCar-v0__last-state__H20,MountainCar-v0,last-state,20,24,data/llmx_data/offline_data/physics_data/raw_transitions/MountainCar-v0/episodes/episode_0.npz,44,mismatch,last_state_prediction,True,,"[0, 0]","[0, 1]",0.0,50.0,50.0,0,2,,1.7311581670073792,1.7273900840664282,1379,114,1493,three_class_state_change_reanalysis,"[0, 1]",0.0001,False
3e4969d83660f0e0daa6416404691c3972fb8fb5d1ea3c36e9139435fca1d628,3.5__MountainCar-v0__last-state__H20,MountainCar-v0,last-state,20,25,data/llmx_data/offline_data/physics_data/raw_transitions/MountainCar-v0/episodes/episode_0.npz,45,mismatch,last_state_prediction,True,,"[0, 0]","[0, 1]",0.0,50.0,50.0,0,2,,1.7545387499267235,1.750237000058405,1379,123,1502,three_class_state_change_reanalysis,"[0, 1]",0.0001,False
127311b2e77ed3f96f384d39d26ef0683da8cfafd5506e95259f954141b7ca68,3.5__MountainCar-v0__last-state__H20,MountainCar-v0,last-state,20,26,data/llmx_data/offline_data/physics_data/raw_transitions/MountainCar-v0/episodes/episode_0.npz,46,mismatch,last_state_prediction,True,,"[0, 0]","[0, 1]",0.0,50.0,50.0,0,2,,2.295721083995886,2.291871333029121,1380,141,1521,three_class_state_change_reanalysis,"[0, 1]",0.0001,False
9f51fbf7d37ae0e72eafde6d4c3291bcfaf53d98d94c247677592904fa8e0e7e,3.5__MountainCar-v0__last-state__H20,MountainCar-v0,last-state,20,27,data/llmx_data/offline_data/physics_data/raw_transitions/MountainCar-v0/episodes/episode_0.npz,47,mismatch,last_state_prediction,True,,"[1, 1]","[0, 1]",0.0,50.0,50.0,0,2,,1.1521254170220345,1.1492700000526384,1380,111,1491,three_class_state_change_reanalysis,"[0, 1]",0.0001,False
d0a4e85440c7c317b6ccd0249713a936570877bcf32d69e0532325c5326dcbc5,3.5__MountainCar-v0__last-state__H20,MountainCar-v0,last-state,20,28,data/llmx_data/offline_data/physics_data/raw_transitions/MountainCar-v0/episodes/episode_0.npz,48,mismatch,last_state_prediction,True,,"[0, 0]","[0, 1]",0.0,50.0,50.0,0,2,,2.1438588749151677,2.140059416065924,1381,107,1488,three_class_state_change_reanalysis,"[0, 1]",0.0001,False
6c641d2cda0c92a8239d99ca7ee1a448189ddd4a7ed090a95200289e87be8bb6,3.5__MountainCar-v0__last-state__H20,MountainCar-v0,last-state,20,29,data/llmx_data/offline_data/physics_data/raw_transitions/MountainCar-v0/episodes/episode_0.npz,49,mismatch,last_state_prediction,True,,"[0, 0]","[0, 1]",0.0,50.0,50.0,0,2,,1.6473419580142945,1.6432266669580713,1381,106,1487,three_class_state_change_reanalysis,"[0, 1]",0.0001,False
8eaa97560ba47648a8e4f37b4c88939a9c88f9e6641d2893bcf611f7496389dc,3.5__MountainCar-v0__last-state__H30,MountainCar-v0,last-state,30,0,data/llmx_data/offline_data/physics_data/raw_transitions/MountainCar-v0/episodes/episode_0.npz,30,match,last_state_prediction,True,,"[0, 0]","[0, 0]",100.0,100.0,100.0,0,2,,1.4948534170398489,1.4907456670189276,1724,145,1869,three_class_state_change_reanalysis,"[0, 0]",0.0001,False
89923ccbd9701fd82ca95600bd7419c910b9b9315cd7c819014def05520fc9f3,3.5__MountainCar-v0__last-state__H30,MountainCar-v0,last-state,30,1,data/llmx_data/offline_data/physics_data/raw_transitions/MountainCar-v0/episodes/episode_0.npz,31,mismatch,last_state_prediction,True,,"[1, 1]","[0, 0]",0.0,0.0,0.0,0,2,,1.4214954590424895,1.4172440419206396,1724,157,1881,three_class_state_change_reanalysis,"[0, 0]",0.0001,False
151d6c0e69f7e749fab18ccf6d07ba61bee2b30221fe43166663beafc3fe5f04,3.5__MountainCar-v0__last-state__H30,MountainCar-v0,last-state,30,2,data/llmx_data/offline_data/physics_data/raw_transitions/MountainCar-v0/episodes/episode_0.npz,32,match,last_state_prediction,True,,"[0, 0]","[0, 0]",100.0,100.0,100.0,0,2,,2.3030358330579475,2.298235750058666,1723,162,1885,three_class_state_change_reanalysis,"[0, 0]",0.0001,False
71cdb7655724631e93278e45a0393eec1697957380fb621d99a22798dd1601e1,3.5__MountainCar-v0__last-state__H30,MountainCar-v0,last-state,30,3,data/llmx_data/offline_data/physics_data/raw_transitions/MountainCar-v0/episodes/episode_0.npz,33,mismatch,last_state_prediction,True,,"[1, 1]","[0, 0]",0.0,0.0,0.0,1,2,,2.736669250065461,2.731788291945122,1721,232,1953,three_class_state_change_reanalysis,"[0, 2]",0.0001,False
8f11a1bb68871d8b8475a8098aa0533b803cc303373e03d811a24b3176b7ff43,3.5__MountainCar-v0__last-state__H30,MountainCar-v0,last-state,30,4,data/llmx_data/offline_data/physics_data/raw_transitions/MountainCar-v0/episodes/episode_0.npz,34,mismatch,last_state_prediction,True,,"[1, 0]","[0, 1]",0.0,0.0,0.0,0,2,,2.6051553750876337,2.6016385840484872,1721,107,1828,three_class_state_change_reanalysis,"[0, 1]",0.0001,False
8c13fce15ee6ec7a9fb6b18883c3b7c229db60a00838d92a127932f90b759743,3.5__MountainCar-v0__last-state__H30,MountainCar-v0,last-state,30,5,data/llmx_data/offline_data/physics_data/raw_transitions/MountainCar-v0/episodes/episode_0.npz,35,mismatch,last_state_prediction,True,,"[1, 0]","[0, 1]",0.0,0.0,0.0,0,2,,1.907495416002348,1.903366000042297,1718,131,1849,three_class_state_change_reanalysis,"[0, 1]",0.0001,False
5f93864b983ec56cc1e0b5a8d0f51d16cd26f4c5032ad9dafd977c5ec7462fb6,3.5__MountainCar-v0__last-state__H30,MountainCar-v0,last-state,30,6,data/llmx_data/offline_data/physics_data/raw_transitions/MountainCar-v0/episodes/episode_0.npz,36,mismatch,last_state_prediction,True,,"[0, 0]","[0, 1]",0.0,50.0,50.0,0,2,,1.5543054579757154,1.5504877080675215,1716,134,1850,three_class_state_change_reanalysis,"[0, 1]",0.0001,False
b0cf834921f9c98d3b7590f787676eef5026ebfa1bd1ff9df90d9c0951fa5f28,3.5__MountainCar-v0__last-state__H30,MountainCar-v0,last-state,30,7,data/llmx_data/offline_data/physics_data/raw_transitions/MountainCar-v0/episodes/episode_0.npz,37,mismatch,last_state_prediction,True,,"[0, 0]","[0, 1]",0.0,50.0,50.0,0,2,,1.6515253339894116,1.6485087500186637,1716,150,1866,three_class_state_change_reanalysis,"[0, 1]",0.0001,False
bff8c45f572f7db3b68c21db596fb9e58a16154f6696ec44b5f5dd13b818a897,3.5__MountainCar-v0__last-state__H30,MountainCar-v0,last-state,30,8,data/llmx_data/offline_data/physics_data/raw_transitions/MountainCar-v0/episodes/episode_0.npz,38,mismatch,last_state_prediction,True,,"[1, 0]","[0, 1]",0.0,0.0,0.0,0,2,,3.223978291032836,3.2201346249785274,1712,110,1822,three_class_state_change_reanalysis,"[0, 1]",0.0001,False
87d6cdf7e399aca16a5ef7f900bd0bdd73b14000b8c36d6d953556c88c417c2c,3.5__MountainCar-v0__last-state__H30,MountainCar-v0,last-state,30,9,data/llmx_data/offline_data/physics_data/raw_transitions/MountainCar-v0/episodes/episode_0.npz,39,mismatch,last_state_prediction,True,,"[0, 0]","[0, 1]",0.0,50.0,50.0,0,2,,2.0117546250112355,2.007486665970646,1713,150,1863,three_class_state_change_reanalysis,"[0, 1]",0.0001,False
ab69e4ef53a80ed5aed455cc03daa64f7deeabfd79eacb1fda39d243d61e241a,3.5__MountainCar-v0__last-state__H30,MountainCar-v0,last-state,30,10,data/llmx_data/offline_data/physics_data/raw_transitions/MountainCar-v0/episodes/episode_0.npz,40,mismatch,last_state_prediction,True,,"[0, 0]","[0, 1]",0.0,50.0,50.0,0,2,,2.20786995801609,2.203675084048882,1711,124,1835,three_class_state_change_reanalysis,"[0, 1]",0.0001,False
14726be3fbb77c0662b5429706b11036f3b48f35946b8ebe02f4cebea41114c6,3.5__MountainCar-v0__last-state__H30,MountainCar-v0,last-state,30,11,data/llmx_data/offline_data/physics_data/raw_transitions/MountainCar-v0/episodes/episode_0.npz,41,mismatch,last_state_prediction,True,,"[1, 0]","[0, 1]",0.0,0.0,0.0,0,2,,1.2092848339816555,1.2045471250312403,1709,137,1846,three_class_state_change_reanalysis,"[0, 1]",0.0001,False
5b25dab28c4dfb6a5af2d0af6ec714f6a30440046028cb0a85ff8a113158df5f,3.5__MountainCar-v0__last-state__H30,MountainCar-v0,last-state,30,12,data/llmx_data/offline_data/physics_data/raw_transitions/MountainCar-v0/episodes/episode_0.npz,42,match,last_state_prediction,True,,"[0, 1]","[0, 1]",100.0,100.0,100.0,0,2,,2.0349272919120267,2.031650625052862,1709,155,1864,three_class_state_change_reanalysis,"[0, 1]",0.0001,False
f2309f9de37cfad6f9af0226c4e9f5e0e1c1e9096e3c0fb5e31f0236b783a891,3.5__MountainCar-v0__last-state__H30,MountainCar-v0,last-state,30,13,data/llmx_data/offline_data/physics_data/raw_transitions/MountainCar-v0/episodes/episode_0.npz,43,mismatch,last_state_prediction,True,,"[1, 0]","[0, 1]",0.0,0.0,0.0,0,2,,1.2006767919519916,1.196955707971938,1707,92,1799,three_class_state_change_reanalysis,"[0, 1]",0.0001,False
bbab434b88305d6f8fd6cec673cb4719d11c44c99f28bac193b267133b5ab263,3.5__MountainCar-v0__last-state__H30,MountainCar-v0,last-state,30,14,data/llmx_data/offline_data/physics_data/raw_transitions/MountainCar-v0/episodes/episode_0.npz,44,mismatch,last_state_prediction,True,,"[0, 0]","[0, 1]",0.0,50.0,50.0,0,2,,1.5833255829056725,1.5792600830318406,1706,121,1827,three_class_state_change_reanalysis,"[0, 1]",0.0001,False
7484aa77e7d0db6be21f861beeea6a557c5691392f04d23c248b0e3f94e87519,3.5__MountainCar-v0__last-state__H30,MountainCar-v0,last-state,30,15,data/llmx_data/offline_data/physics_data/raw_transitions/MountainCar-v0/episodes/episode_0.npz,45,mismatch,last_state_prediction,True,,"[0, 0]","[0, 1]",0.0,50.0,50.0,0,2,,3.6788010830059648,3.674243582994677,1705,142,1847,three_class_state_change_reanalysis,"[0, 1]",0.0001,False
0a4d89fb64cc2ccc865148c8dbec009746836e1a35935078d394affe8ab18f7d,3.5__MountainCar-v0__last-state__H30,MountainCar-v0,last-state,30,16,data/llmx_data/offline_data/physics_data/raw_transitions/MountainCar-v0/episodes/episode_0.npz,46,mismatch,last_state_prediction,True,,"[0, 0]","[0, 1]",0.0,50.0,50.0,0,2,,1.9110579170519486,1.9072397500276566,1698,168,1866,three_class_state_change_reanalysis,"[0, 1]",0.0001,False
4ab05d7f4b3fa8fa782cd654e898129a31a7b4aba3dd4dabb6878aad40f6cee8,3.5__MountainCar-v0__last-state__H30,MountainCar-v0,last-state,30,17,data/llmx_data/offline_data/physics_data/raw_transitions/MountainCar-v0/episodes/episode_0.npz,47,mismatch,last_state_prediction,True,,"[1, 1]","[0, 1]",0.0,50.0,50.0,0,2,,2.3459975000005215,2.341433082940057,1698,181,1879,three_class_state_change_reanalysis,"[0, 1]",0.0001,False
674043e9fab16efc97ccbfec6af1d9ac58dcfa2f934ed5b0046329c727977953,3.5__MountainCar-v0__last-state__H30,MountainCar-v0,last-state,30,18,data/llmx_data/offline_data/physics_data/raw_transitions/MountainCar-v0/episodes/episode_0.npz,48,mismatch,last_state_prediction,True,,"[0, 0]","[0, 1]",0.0,50.0,50.0,0,2,,1.8385913749225438,1.834569958038628,1698,135,1833,three_class_state_change_reanalysis,"[0, 1]",0.0001,False
9233b1d26a6be5f8bfcdd9007d19ae6ac60b4f0c8962cbe946f2f0756471e4dd,3.5__MountainCar-v0__last-state__H30,MountainCar-v0,last-state,30,19,data/llmx_data/offline_data/physics_data/raw_transitions/MountainCar-v0/episodes/episode_0.npz,49,mismatch,last_state_prediction,True,,"[1, 1]","[0, 1]",0.0,50.0,50.0,0,2,,1.2640024999855086,1.2601674160687253,1698,146,1844,three_class_state_change_reanalysis,"[0, 1]",0.0001,False
858ab5689731c6565b1026dd8ad60669c10bed125001552853cccb6fc530d6de,3.5__MountainCar-v0__last-state__H30,MountainCar-v0,last-state,30,20,data/llmx_data/offline_data/physics_data/raw_transitions/MountainCar-v0/episodes/episode_0.npz,50,mismatch,last_state_prediction,True,,"[0, 0]","[0, 1]",0.0,50.0,50.0,0,2,,1.87404033401981,1.8702028749976307,1698,173,1871,three_class_state_change_reanalysis,"[0, 1]",0.0001,False
41c700764d563dc52f0bec124f393ce3e9d66e0d2aaddc6b125c6aabb3a4f796,3.5__MountainCar-v0__last-state__H30,MountainCar-v0,last-state,30,21,data/llmx_data/offline_data/physics_data/raw_transitions/MountainCar-v0/episodes/episode_0.npz,51,mismatch,last_state_prediction,True,,"[1, 0]","[0, 1]",0.0,0.0,0.0,0,2,,1.8517620420316234,1.8470157079864293,1704,124,1828,three_class_state_change_reanalysis,"[0, 1]",0.0001,False
60f75d326fda039aaa410aae430a91828fb093046b2ec8f1d213d7887cf097f2,3.5__MountainCar-v0__last-state__H30,MountainCar-v0,last-state,30,22,data/llmx_data/offline_data/physics_data/raw_transitions/MountainCar-v0/episodes/episode_0.npz,52,mismatch,last_state_prediction,True,,"[1, 0]","[1, 1]",0.0,50.0,50.0,0,2,,1.8811190000269562,1.876570958062075,1700,202,1902,three_class_state_change_reanalysis,"[1, 1]",0.0001,False
08626593c3957f454b043db7684212c119d179eff82182e29cd19678ff33c66d,3.5__MountainCar-v0__last-state__H30,MountainCar-v0,last-state,30,23,data/llmx_data/offline_data/physics_data/raw_transitions/MountainCar-v0/episodes/episode_0.npz,53,mismatch,last_state_prediction,True,,"[0, 1]","[1, 1]",0.0,50.0,50.0,0,2,,1.6000937500502914,1.5959818749688566,1706,89,1795,three_class_state_change_reanalysis,"[1, 1]",0.0001,False
d9183e28f0619beedd188f57aefdc283cdb08e817da6ecdb62aeb3f2ffcaa2fb,3.5__MountainCar-v0__last-state__H30,MountainCar-v0,last-state,30,24,data/llmx_data/offline_data/physics_data/raw_transitions/MountainCar-v0/episodes/episode_0.npz,54,match,last_state_prediction,True,,"[1, 1]","[1, 1]",100.0,100.0,100.0,0,2,,1.7947871249634773,1.7899212919874117,1707,105,1812,three_class_state_change_reanalysis,"[1, 1]",0.0001,False
4f6bf05ce2988ff423e1cacd99c61c2fa7fe4d6f62f6f76de0a084d35f447936,3.5__MountainCar-v0__last-state__H30,MountainCar-v0,last-state,30,25,data/llmx_data/offline_data/physics_data/raw_transitions/MountainCar-v0/episodes/episode_0.npz,55,mismatch,last_state_prediction,True,,"[0, 1]","[1, 1]",0.0,50.0,50.0,0,2,,1.2387497089803219,1.2349554999964312,1708,133,1841,three_class_state_change_reanalysis,"[1, 1]",0.0001,False
53f6c456b140c5fb67a3d73ab2a9c51a6b7f6555455456dce792e82537087db3,3.5__MountainCar-v0__last-state__H30,MountainCar-v0,last-state,30,26,data/llmx_data/offline_data/physics_data/raw_transitions/MountainCar-v0/episodes/episode_0.npz,56,mismatch,last_state_prediction,True,,"[0, 1]","[1, 1]",0.0,50.0,50.0,0,2,,1.8835127499187365,1.8798101249849424,1710,151,1861,three_class_state_change_reanalysis,"[1, 1]",0.0001,False
23258c3bc276cd3c978e570a0ec2b7d2d60c98eb772ddbecd014dc475b581083,3.5__MountainCar-v0__last-state__H30,MountainCar-v0,last-state,30,27,data/llmx_data/offline_data/physics_data/raw_transitions/MountainCar-v0/episodes/episode_0.npz,57,match,last_state_prediction,True,,"[1, 1]","[1, 1]",100.0,100.0,100.0,0,2,,1.1347243749769405,1.1310389579739422,1711,116,1827,three_class_state_change_reanalysis,"[1, 1]",0.0001,False
e4955621f70d21fb69bc3359073a6e24cc5aab53882ba81210642994e3b34d6f,3.5__MountainCar-v0__last-state__H30,MountainCar-v0,last-state,30,28,data/llmx_data/offline_data/physics_data/raw_transitions/MountainCar-v0/episodes/episode_0.npz,58,match,last_state_prediction,True,,"[1, 1]","[1, 1]",100.0,100.0,100.0,0,2,,1.7279732910683379,1.7238199579296634,1713,153,1866,three_class_state_change_reanalysis,"[1, 1]",0.0001,False
fbcd92ee329286c061a0eecd4f895bc4767aa839a20fec77da79227f7fca2e68,3.5__MountainCar-v0__last-state__H30,MountainCar-v0,last-state,30,29,data/llmx_data/offline_data/physics_data/raw_transitions/MountainCar-v0/episodes/episode_0.npz,59,match,last_state_prediction,True,,"[1, 1]","[1, 1]",100.0,100.0,100.0,0,2,,1.6045294579816982,1.601565167075023,1714,164,1878,three_class_state_change_reanalysis,"[1, 1]",0.0001,False
8d1457c50d1ec9094f2494fd20f766ac59cf1a9900c0443123837883081c8811,3.5__Pendulum-v1__next-action__H5,Pendulum-v1,next-action,5,0,data/llmx_data/offline_data/physics_data/raw_transitions/Pendulum-v1/episodes/episode_0.npz,5,match,next_action_prediction_continuous_bins,True,,[0],[0],100.0,100.0,,0,,,1.4712436669506133,1.4683992499485612,1237,182,1419,direct_bin_action_match,,,
6eb4e97eb3bc9a327f31c593f19cc3f41bb8d79114908ba5585e54433a09b2ce,3.5__Pendulum-v1__next-action__H5,Pendulum-v1,next-action,5,1,data/llmx_data/offline_data/physics_data/raw_transitions/Pendulum-v1/episodes/episode_0.npz,6,mismatch,next_action_prediction_continuous_bins,True,,[2],[1],0.0,0.0,,0,,,1.4050702089443803,1.4013157919980586,1241,142,1383,direct_bin_action_match,,,
833b487991ddb8d638d413954c70b3944422f7119ded1939771c641a563ca3e6,3.5__Pendulum-v1__next-action__H5,Pendulum-v1,next-action,5,2,data/llmx_data/offline_data/physics_data/raw_transitions/Pendulum-v1/episodes/episode_0.npz,7,mismatch,next_action_prediction_continuous_bins,True,,[0],[2],0.0,0.0,,0,,,1.5505738330539316,1.5452638330170885,1244,185,1429,direct_bin_action_match,,,
c4738d90a6b7056100a9730709c312621bbc297e7a4571093653c4311af45cba,3.5__Pendulum-v1__next-action__H5,Pendulum-v1,next-action,5,3,data/llmx_data/offline_data/physics_data/raw_transitions/Pendulum-v1/episodes/episode_0.npz,8,mismatch,next_action_prediction_continuous_bins,True,,[5],[0],0.0,0.0,,0,,,1.9853936249855906,1.98142370802816,1247,164,1411,direct_bin_action_match,,,
07a9a93198b77472f4955e238b1217d75dd1010ea720450285d7d5b21dbcf3b2,3.5__Pendulum-v1__next-action__H5,Pendulum-v1,next-action,5,4,data/llmx_data/offline_data/physics_data/raw_transitions/Pendulum-v1/episodes/episode_0.npz,9,mismatch,next_action_prediction_continuous_bins,True,,[5],[9],0.0,0.0,,0,,,2.2616343339905143,2.258009457960725,1247,282,1529,direct_bin_action_match,,,
c12f9259a8ace3a2c482a5b3ac78c962c6fb811eedcc334dfbd98892789802f1,3.5__Pendulum-v1__next-action__H5,Pendulum-v1,next-action,5,5,data/llmx_data/offline_data/physics_data/raw_transitions/Pendulum-v1/episodes/episode_0.npz,10,mismatch,next_action_prediction_continuous_bins,True,,[5],[9],0.0,0.0,,0,,,2.3792136249830946,2.3763333749957383,1251,140,1391,direct_bin_action_match,,,
f89bc4f718188984a58140f4fc2fb1a854c5b841babf54a54cf8662712a866fe,3.5__Pendulum-v1__next-action__H5,Pendulum-v1,next-action,5,6,data/llmx_data/offline_data/physics_data/raw_transitions/Pendulum-v1/episodes/episode_0.npz,11,mismatch,next_action_prediction_continuous_bins,True,,[5],[4],0.0,0.0,,0,,,1.957011292106472,1.9531045840121806,1249,180,1429,direct_bin_action_match,,,
a591f8ba8feb1fdb9a1d83383307dbd8482f3ee03c8df2c9049837862feb79a1,3.5__Pendulum-v1__next-action__H5,Pendulum-v1,next-action,5,7,data/llmx_data/offline_data/physics_data/raw_transitions/Pendulum-v1/episodes/episode_0.npz,12,mismatch,next_action_prediction_continuous_bins,True,,[0],[8],0.0,0.0,,0,,,2.833489542012103,2.8310775000136346,1247,244,1491,direct_bin_action_match,,,
0ccd21f37c651608caa7969535a7afff811c953f90c4ece58cc7d3b070dfa138,3.5__Pendulum-v1__next-action__H5,Pendulum-v1,next-action,5,8,data/llmx_data/offline_data/physics_data/raw_transitions/Pendulum-v1/episodes/episode_0.npz,13,mismatch,next_action_prediction_continuous_bins,True,,[4],[1],0.0,0.0,,0,,,1.8963556670350954,1.8945748750120401,1244,254,1498,direct_bin_action_match,,,
874b9a3e56f61cb91332cffc2f972138b8b39e298ce0756113be68f8d1096a36,3.5__Pendulum-v1__next-action__H5,Pendulum-v1,next-action,5,9,data/llmx_data/offline_data/physics_data/raw_transitions/Pendulum-v1/episodes/episode_0.npz,14,ignored,next_action_prediction_continuous_bins,False,predictions list not found,,[9],0.0,0.0,,0,,,2.5987641250249,2.596055833972059,1246,243,1489,direct_bin_action_match,,,
dd3664850d7ea05bde7bb464feeaebffd1d45469c2f9663eacadf9fca751ae65,3.5__Pendulum-v1__next-action__H5,Pendulum-v1,next-action,5,10,data/llmx_data/offline_data/physics_data/raw_transitions/Pendulum-v1/episodes/episode_0.npz,15,mismatch,next_action_prediction_continuous_bins,True,,[6],[2],0.0,0.0,,0,,,1.918689209036529,1.9157362499972805,1246,171,1417,direct_bin_action_match,,,
2c0dc528da6da58457be8e499f93efaf363e701c959a4678520dad4b7611ccaa,3.5__Pendulum-v1__next-action__H5,Pendulum-v1,next-action,5,11,data/llmx_data/offline_data/physics_data/raw_transitions/Pendulum-v1/episodes/episode_0.npz,16,mismatch,next_action_prediction_continuous_bins,True,,[5],[6],0.0,0.0,,0,,,2.250921417027712,2.2475870420457795,1245,263,1508,direct_bin_action_match,,,
ba95520f7d770197f397e31d4cc7f13d5ed213e673dcc09f688afa732423b256,3.5__Pendulum-v1__next-action__H5,Pendulum-v1,next-action,5,12,data/llmx_data/offline_data/physics_data/raw_transitions/Pendulum-v1/episodes/episode_0.npz,17,match,next_action_prediction_continuous_bins,True,,[5],[5],100.0,100.0,,0,,,2.1919461669167504,2.1888260839041322,1243,188,1431,direct_bin_action_match,,,
681abe5e869a991a5e1ff88af7e8c9208c3de9b10c2c74a8449397c580750746,3.5__Pendulum-v1__next-action__H5,Pendulum-v1,next-action,5,13,data/llmx_data/offline_data/physics_data/raw_transitions/Pendulum-v1/episodes/episode_0.npz,18,ignored,next_action_prediction_continuous_bins,False,predictions list not found,,[6],0.0,0.0,,0,,,1.5514743749517947,1.5472203340614215,1244,203,1447,direct_bin_action_match,,,
c467ed319a39330ac1ff1f194ce38724521fcb9e169abeb0c8a2d0af383c5110,3.5__Pendulum-v1__next-action__H5,Pendulum-v1,next-action,5,14,data/llmx_data/offline_data/physics_data/raw_transitions/Pendulum-v1/episodes/episode_0.npz,19,mismatch,next_action_prediction_continuous_bins,True,,[4],[6],0.0,0.0,,0,,,3.1765900420723483,3.1730228329543024,1244,297,1541,direct_bin_action_match,,,
c9350d4c97c62932764557a646e237f8255365bb1e245c779f7d7fe7712b5829,3.5__Pendulum-v1__next-action__H5,Pendulum-v1,next-action,5,15,data/llmx_data/offline_data/physics_data/raw_transitions/Pendulum-v1/episodes/episode_0.npz,20,match,next_action_prediction_continuous_bins,True,,[5],[5],100.0,100.0,,0,,,1.3566684999968857,1.3537946250289679,1245,170,1415,direct_bin_action_match,,,
4c1fe8ff50e16fbd5bd0f8c2794a098dd7f9085540235fe39c9ed65ebe7c1175,3.5__Pendulum-v1__next-action__H5,Pendulum-v1,next-action,5,16,data/llmx_data/offline_data/physics_data/raw_transitions/Pendulum-v1/episodes/episode_0.npz,21,mismatch,next_action_prediction_continuous_bins,True,,[5],[6],0.0,0.0,,0,,,2.4891103750560433,2.4864380420185626,1243,199,1442,direct_bin_action_match,,,
6ad16e42535bc8277b00d09479d5e9624d73323d68c6338e461ba006c7bbe56b,3.5__Pendulum-v1__next-action__H5,Pendulum-v1,next-action,5,17,data/llmx_data/offline_data/physics_data/raw_transitions/Pendulum-v1/episodes/episode_0.npz,22,mismatch,next_action_prediction_continuous_bins,True,,[7],[2],0.0,0.0,,0,,,1.8065489999717101,1.8038083330029622,1245,170,1415,direct_bin_action_match,,,
47b4a89e8d8f0e2721f5dd7d3a88607aa765ce411a6a1100838a6ab57dbd7b7f,3.5__Pendulum-v1__next-action__H5,Pendulum-v1,next-action,5,18,data/llmx_data/offline_data/physics_data/raw_transitions/Pendulum-v1/episodes/episode_0.npz,23,ignored,next_action_prediction_continuous_bins,False,predictions list not found,,[8],0.0,0.0,,0,,,2.7854531250195578,2.783027624944225,1247,459,1706,direct_bin_action_match,,,
d93054b8445cc5af3b45684e71ecc5c2103644f4e3eceb9814ac4ae50cfa0a02,3.5__Pendulum-v1__next-action__H5,Pendulum-v1,next-action,5,19,data/llmx_data/offline_data/physics_data/raw_transitions/Pendulum-v1/episodes/episode_0.npz,24,match,next_action_prediction_continuous_bins,True,,[5],[5],100.0,100.0,,0,,,1.6193213340593502,1.617611875059083,1248,230,1478,direct_bin_action_match,,,
6b2428587482368e91268625df7162a562f22d7a96eadc423ab94038ac55c3ae,3.5__Pendulum-v1__next-action__H5,Pendulum-v1,next-action,5,20,data/llmx_data/offline_data/physics_data/raw_transitions/Pendulum-v1/episodes/episode_0.npz,25,ignored,next_action_prediction_continuous_bins,False,predictions list not found,,[3],0.0,0.0,,0,,,2.683148792013526,2.6805400419980288,1248,289,1537,direct_bin_action_match,,,
f561765e3f942842705dfdb98cf1ddfeb76da289882e2244d01d6091e986137b,3.5__Pendulum-v1__next-action__H5,Pendulum-v1,next-action,5,21,data/llmx_data/offline_data/physics_data/raw_transitions/Pendulum-v1/episodes/episode_0.npz,26,mismatch,next_action_prediction_continuous_bins,True,,[3],[6],0.0,0.0,,0,,,1.976321083959192,1.9735248748911545,1248,265,1513,direct_bin_action_match,,,
e3e1ae8a4a4e83cac859eef5aee4abede216262201786b75b6359c2b179975be,3.5__Pendulum-v1__next-action__H5,Pendulum-v1,next-action,5,22,data/llmx_data/offline_data/physics_data/raw_transitions/Pendulum-v1/episodes/episode_0.npz,27,mismatch,next_action_prediction_continuous_bins,True,,[5],[6],0.0,0.0,,0,,,2.14580483303871,2.141101541928947,1259,202,1461,direct_bin_action_match,,,
de3650da35d32f68f49591b90c3ea3751b3a48183ec075dca27b168e6f86e723,3.5__Pendulum-v1__next-action__H5,Pendulum-v1,next-action,5,23,data/llmx_data/offline_data/physics_data/raw_transitions/Pendulum-v1/episodes/episode_0.npz,28,mismatch,next_action_prediction_continuous_bins,True,,[7],[1],0.0,0.0,,0,,,2.611797249992378,2.6063029170036316,1256,205,1461,direct_bin_action_match,,,
e996208cf1c1ff7567097557ed7e9f8f02ab84feadb5351a3a56fe719ac80e7d,3.5__Pendulum-v1__next-action__H5,Pendulum-v1,next-action,5,24,data/llmx_data/offline_data/physics_data/raw_transitions/Pendulum-v1/episodes/episode_0.npz,29,mismatch,next_action_prediction_continuous_bins,True,,[5],[9],0.0,0.0,,0,,,2.1827405829681084,2.1794763749931008,1257,213,1470,direct_bin_action_match,,,
60cd44bc33bbaa2337eb227fe24e01296729256beb5f116db52a5bd3074aa3b6,3.5__Pendulum-v1__next-action__H5,Pendulum-v1,next-action,5,25,data/llmx_data/offline_data/physics_data/raw_transitions/Pendulum-v1/episodes/episode_0.npz,30,mismatch,next_action_prediction_continuous_bins,True,,[4],[2],0.0,0.0,,0,,,1.8543341669719666,1.85215725004673,1257,266,1523,direct_bin_action_match,,,
ab32d84377356bc3e560a5676b7a18144ca3539bc875161456b2c4a20121a92c,3.5__Pendulum-v1__next-action__H5,Pendulum-v1,next-action,5,26,data/llmx_data/offline_data/physics_data/raw_transitions/Pendulum-v1/episodes/episode_0.npz,31,mismatch,next_action_prediction_continuous_bins,True,,[4],[8],0.0,0.0,,0,,,3.1019930000184104,3.0984687919262797,1257,285,1542,direct_bin_action_match,,,
3d34e48040694cd9022194f2fddd889d1a2148e2deb5f831ce90cde4a4c03f33,3.5__Pendulum-v1__next-action__H5,Pendulum-v1,next-action,5,27,data/llmx_data/offline_data/physics_data/raw_transitions/Pendulum-v1/episodes/episode_0.npz,32,mismatch,next_action_prediction_continuous_bins,True,,[8],[2],0.0,0.0,,0,,,1.8539146250113845,1.8501721249194816,1258,141,1399,direct_bin_action_match,,,
f80d9c029b4cf7fac51c61eb284f0c256e643ba30f0f945ec558f412367a3d76,3.5__Pendulum-v1__next-action__H5,Pendulum-v1,next-action,5,28,data/llmx_data/offline_data/physics_data/raw_transitions/Pendulum-v1/episodes/episode_0.npz,33,mismatch,next_action_prediction_continuous_bins,True,,[0],[8],0.0,0.0,,0,,,1.449982792022638,1.4456198330735788,1250,124,1374,direct_bin_action_match,,,
354fe5857cdf268ff499c07f03591fa455d4cdfbc4aec04bbafc3dd016ae431e,3.5__Pendulum-v1__next-action__H5,Pendulum-v1,next-action,5,29,data/llmx_data/offline_data/physics_data/raw_transitions/Pendulum-v1/episodes/episode_0.npz,34,match,next_action_prediction_continuous_bins,True,,[5],[5],100.0,100.0,,0,,,2.6560904579237103,2.651220125029795,1249,171,1420,direct_bin_action_match,,,
8b5bfcee7bfa75d9b32d1fef0f4f18ff9dbeb7884cf1a2b8b9adc8f4cba9bee8,3.5__Pendulum-v1__next-action__H10,Pendulum-v1,next-action,10,0,data/llmx_data/offline_data/physics_data/raw_transitions/Pendulum-v1/episodes/episode_0.npz,10,mismatch,next_action_prediction_continuous_bins,True,,[5],[9],0.0,0.0,,0,,,2.3392785839969292,2.3366205419879407,1462,175,1637,direct_bin_action_match,,,
89da311b10c3a01f97a1b9e0e04a1560ce71227ea0cec8427d9807564ebac319,3.5__Pendulum-v1__next-action__H10,Pendulum-v1,next-action,10,1,data/llmx_data/offline_data/physics_data/raw_transitions/Pendulum-v1/episodes/episode_0.npz,11,mismatch,next_action_prediction_continuous_bins,True,,[5],[4],0.0,0.0,,0,,,2.621671041008085,2.617505667032674,1464,177,1641,direct_bin_action_match,,,
e0f77999aa55242886b7513868ea7fef880b1f3372e1f2b3e55ea5a273a14f3a,3.5__Pendulum-v1__next-action__H10,Pendulum-v1,next-action,10,2,data/llmx_data/offline_data/physics_data/raw_transitions/Pendulum-v1/episodes/episode_0.npz,12,mismatch,next_action_prediction_continuous_bins,True,,[5],[8],0.0,0.0,,0,,,2.818706625024788,2.815283292089589,1466,279,1745,direct_bin_action_match,,,
7bd7f5bed81eba24b985fdbd72ee3bb39dc37d82c61b490ac2040d4854ade70c,3.5__Pendulum-v1__next-action__H10,Pendulum-v1,next-action,10,3,data/llmx_data/offline_data/physics_data/raw_transitions/Pendulum-v1/episodes/episode_0.npz,13,mismatch,next_action_prediction_continuous_bins,True,,[4],[1],0.0,0.0,,0,,,2.4672005409374833,2.4637531669577584,1466,192,1658,direct_bin_action_match,,,
0db6c14378e3ef747c916362e998ea38104754896c9d285fb6cc80db1e8a52cb,3.5__Pendulum-v1__next-action__H10,Pendulum-v1,next-action,10,4,data/llmx_data/offline_data/physics_data/raw_transitions/Pendulum-v1/episodes/episode_0.npz,14,mismatch,next_action_prediction_continuous_bins,True,,[5],[9],0.0,0.0,,0,,,1.5793654159642756,1.5744209580589086,1467,122,1589,direct_bin_action_match,,,
be0abe1a030f36fcfcd067c34a6cdc00ecec0b30c39557fec45abf758401b18c,3.5__Pendulum-v1__next-action__H10,Pendulum-v1,next-action,10,5,data/llmx_data/offline_data/physics_data/raw_transitions/Pendulum-v1/episodes/episode_0.npz,15,mismatch,next_action_prediction_continuous_bins,True,,[6],[2],0.0,0.0,,0,,,1.717901958967559,1.714170292019844,1471,200,1671,direct_bin_action_match,,,
57c2da7dfea012098392c5bfcb2f1edf13440324675d1190e1b27324cb526e40,3.5__Pendulum-v1__next-action__H10,Pendulum-v1,next-action,10,6,data/llmx_data/offline_data/physics_data/raw_transitions/Pendulum-v1/episodes/episode_0.npz,16,ignored,next_action_prediction_continuous_bins,False,predictions list not found,,[6],0.0,0.0,,0,,,1.888771791011095,1.8840032500447705,1469,232,1701,direct_bin_action_match,,,
02b2abd59455283ce876974a3a5956600208eeb51466067e207eba9c971c309b,3.5__Pendulum-v1__next-action__H10,Pendulum-v1,next-action,10,7,data/llmx_data/offline_data/physics_data/raw_transitions/Pendulum-v1/episodes/episode_0.npz,17,mismatch,next_action_prediction_continuous_bins,True,,[8],[5],0.0,0.0,,0,,,1.5897070410428569,1.5859639999689534,1466,224,1690,direct_bin_action_match,,,
491ae40d6d7388526bbc3e15fa9779f4a832cef30e0c300f0ae7f7ce9b9bccff,3.5__Pendulum-v1__next-action__H10,Pendulum-v1,next-action,10,8,data/llmx_data/offline_data/physics_data/raw_transitions/Pendulum-v1/episodes/episode_0.npz,18,mismatch,next_action_prediction_continuous_bins,True,,[7],[6],0.0,0.0,,0,,,2.791665291064419,2.7862835420528427,1464,266,1730,direct_bin_action_match,,,
dabff81666501f7bcf56ac118a2b5f3866d58b202a4390503eefa74da23e867a,3.5__Pendulum-v1__next-action__H10,Pendulum-v1,next-action,10,9,data/llmx_data/offline_data/physics_data/raw_transitions/Pendulum-v1/episodes/episode_0.npz,19,match,next_action_prediction_continuous_bins,True,,[6],[6],100.0,100.0,,0,,,1.804776708013378,1.8010950830066577,1465,243,1708,direct_bin_action_match,,,
0ee39fa6c84305ff64b8efd9ea61d54617d2f771972f47756f8fd5b98397803f,3.5__Pendulum-v1__next-action__H10,Pendulum-v1,next-action,10,10,data/llmx_data/offline_data/physics_data/raw_transitions/Pendulum-v1/episodes/episode_0.npz,20,match,next_action_prediction_continuous_bins,True,,[5],[5],100.0,100.0,,0,,,1.3983640839578584,1.3953712499933317,1465,151,1616,direct_bin_action_match,,,
593aaea71c12c046a3c179a575d554faffbd07a43edda8281b731d951c1c0b2a,3.5__Pendulum-v1__next-action__H10,Pendulum-v1,next-action,10,11,data/llmx_data/offline_data/physics_data/raw_transitions/Pendulum-v1/episodes/episode_0.npz,21,mismatch,next_action_prediction_continuous_bins,True,,[5],[6],0.0,0.0,,0,,,1.7370171250076964,1.7335500000044703,1463,213,1676,direct_bin_action_match,,,
964a356afe08d4b1896323f3c0c2a57e0f15a826c66f99fe9caa6a40678d976b,3.5__Pendulum-v1__next-action__H10,Pendulum-v1,next-action,10,12,data/llmx_data/offline_data/physics_data/raw_transitions/Pendulum-v1/episodes/episode_0.npz,22,mismatch,next_action_prediction_continuous_bins,True,,[5],[2],0.0,0.0,,0,,,1.4330511670559645,1.429297582944855,1463,152,1615,direct_bin_action_match,,,
52982ed040a7ec0dae6e98d8e7bb42dd32cb7c35b2482ba5a4ad61949321f7c7,3.5__Pendulum-v1__next-action__H10,Pendulum-v1,next-action,10,13,data/llmx_data/offline_data/physics_data/raw_transitions/Pendulum-v1/episodes/episode_0.npz,23,mismatch,next_action_prediction_continuous_bins,True,,[5],[8],0.0,0.0,,0,,,2.337790083955042,2.3341922090621665,1466,173,1639,direct_bin_action_match,,,
af9b21e6018519c0f828898259eacec5a7abd00f31b5b6478dccc2089925f399,3.5__Pendulum-v1__next-action__H10,Pendulum-v1,next-action,10,14,data/llmx_data/offline_data/physics_data/raw_transitions/Pendulum-v1/episodes/episode_0.npz,24,match,next_action_prediction_continuous_bins,True,,[5],[5],100.0,100.0,,0,,,2.351651291945018,2.3490744590526447,1467,150,1617,direct_bin_action_match,,,
12bed1c78c9aec1cb10505e77d880b4776c987f66b057128c9253bbcb9358727,3.5__Pendulum-v1__next-action__H10,Pendulum-v1,next-action,10,15,data/llmx_data/offline_data/physics_data/raw_transitions/Pendulum-v1/episodes/episode_0.npz,25,mismatch,next_action_prediction_continuous_bins,True,,[6],[3],0.0,0.0,,0,,,2.7183560830308124,2.7149650420760736,1467,241,1708,direct_bin_action_match,,,
fedde289cd9221be985538819a7f8b47a910df6312a03d042995ea9ef2200df6,3.5__Pendulum-v1__next-action__H10,Pendulum-v1,next-action,10,16,data/llmx_data/offline_data/physics_data/raw_transitions/Pendulum-v1/episodes/episode_0.npz,26,ignored,next_action_prediction_continuous_bins,False,predictions list not found,,[6],0.0,0.0,,0,,,2.089338207966648,2.084615833009593,1467,260,1727,direct_bin_action_match,,,
cac7fd1e5259fe733bdb1a97b0540f2ce912715f7d02c42d4464efefa1daf099,3.5__Pendulum-v1__next-action__H10,Pendulum-v1,next-action,10,17,data/llmx_data/offline_data/physics_data/raw_transitions/Pendulum-v1/episodes/episode_0.npz,27,mismatch,next_action_prediction_continuous_bins,True,,[5],[6],0.0,0.0,,0,,,2.3236824580235407,2.319303166004829,1478,191,1669,direct_bin_action_match,,,
8f59033a248edc1895333133f982f10cc5f4c8182a83ea2398611ff60726fd02,3.5__Pendulum-v1__next-action__H10,Pendulum-v1,next-action,10,18,data/llmx_data/offline_data/physics_data/raw_transitions/Pendulum-v1/episodes/episode_0.npz,28,mismatch,next_action_prediction_continuous_bins,True,,[4],[1],0.0,0.0,,0,,,2.729377583018504,2.7259512919699773,1478,175,1653,direct_bin_action_match,,,
37b6583633f96f0239abbbe7348c2f79c23914fb5933fdad8028b1d2dcb41d4e,3.5__Pendulum-v1__next-action__H10,Pendulum-v1,next-action,10,19,data/llmx_data/offline_data/physics_data/raw_transitions/Pendulum-v1/episodes/episode_0.npz,29,mismatch,next_action_prediction_continuous_bins,True,,[6],[9],0.0,0.0,,0,,,2.457250750041567,2.4529406669316813,1479,203,1682,direct_bin_action_match,,,
6c84fe70a1aac05420ec10ce81b818f0ec258dfc8a4564f890b69c7a7b4a11c3,3.5__Pendulum-v1__next-action__H10,Pendulum-v1,next-action,10,20,data/llmx_data/offline_data/physics_data/raw_transitions/Pendulum-v1/episodes/episode_0.npz,30,mismatch,next_action_prediction_continuous_bins,True,,[8],[2],0.0,0.0,,0,,,1.7311079589417204,1.7266900420654565,1480,204,1684,direct_bin_action_match,,,
5fcc914257ac1849fa21ce9dd7c46687ea1299089d28835c162e69ed332c48ba,3.5__Pendulum-v1__next-action__H10,Pendulum-v1,next-action,10,21,data/llmx_data/offline_data/physics_data/raw_transitions/Pendulum-v1/episodes/episode_0.npz,31,match,next_action_prediction_continuous_bins,True,,[8],[8],100.0,100.0,,0,,,2.12231983395759,2.119084334000945,1480,209,1689,direct_bin_action_match,,,
10ce2969796b20e8b7f9b8a7472998a6aa70f5e3bf79631d3800def67ba83143,3.5__Pendulum-v1__next-action__H10,Pendulum-v1,next-action,10,22,data/llmx_data/offline_data/physics_data/raw_transitions/Pendulum-v1/episodes/episode_0.npz,32,mismatch,next_action_prediction_continuous_bins,True,,[0],[2],0.0,0.0,,0,,,3.711511499946937,3.70825079199858,1482,269,1751,direct_bin_action_match,,,
49eccf64bbd98cbeebf815ce990d9bd66e9ffc37c8a2fc517707a0064295ba12,3.5__Pendulum-v1__next-action__H10,Pendulum-v1,next-action,10,23,data/llmx_data/offline_data/physics_data/raw_transitions/Pendulum-v1/episodes/episode_0.npz,33,mismatch,next_action_prediction_continuous_bins,True,,[6],[8],0.0,0.0,,0,,,3.4971333330031484,3.4938621659530327,1481,256,1737,direct_bin_action_match,,,
36126cab8a2fb1adedc49bd6af9a4359b5f97de3130e62006043f820b9f370c8,3.5__Pendulum-v1__next-action__H10,Pendulum-v1,next-action,10,24,data/llmx_data/offline_data/physics_data/raw_transitions/Pendulum-v1/episodes/episode_0.npz,34,ignored,next_action_prediction_continuous_bins,False,predictions list not found,,[5],0.0,0.0,,0,,,3.1902921670116484,3.1879598749801517,1481,247,1728,direct_bin_action_match,,,
9aae8ac4e4a34c5267bf4540a9044844f7144d500a6374befc587c11ea1dd466,3.5__Pendulum-v1__next-action__H10,Pendulum-v1,next-action,10,25,data/llmx_data/offline_data/physics_data/raw_transitions/Pendulum-v1/episodes/episode_0.npz,35,mismatch,next_action_prediction_continuous_bins,True,,[6],[1],0.0,0.0,,0,,,2.3465153749566525,2.3435576669871807,1481,164,1645,direct_bin_action_match,,,
c52192a9cea4b8238706cab1c0ea5a6faf934dea71495ca6ae942a56fb673ed4,3.5__Pendulum-v1__next-action__H10,Pendulum-v1,next-action,10,26,data/llmx_data/offline_data/physics_data/raw_transitions/Pendulum-v1/episodes/episode_0.npz,36,mismatch,next_action_prediction_continuous_bins,True,,[7],[9],0.0,0.0,,0,,,2.99010024999734,2.9873881250387058,1480,237,1717,direct_bin_action_match,,,
699dc81eeae8e78820fade3fcd2c7f04ad3877311dffaca26c59157fe4737940,3.5__Pendulum-v1__next-action__H10,Pendulum-v1,next-action,10,27,data/llmx_data/offline_data/physics_data/raw_transitions/Pendulum-v1/episodes/episode_0.npz,37,mismatch,next_action_prediction_continuous_bins,True,,[6],[0],0.0,0.0,,0,,,2.499350250000134,2.496809000032954,1481,202,1683,direct_bin_action_match,,,
296050b5f4db0e51720111072dd946d8b82766dc058edd041278530d523025ef,3.5__Pendulum-v1__next-action__H10,Pendulum-v1,next-action,10,28,data/llmx_data/offline_data/physics_data/raw_transitions/Pendulum-v1/episodes/episode_0.npz,38,mismatch,next_action_prediction_continuous_bins,True,,[8],[9],0.0,0.0,,0,,,2.2259851249400526,2.2208537919213995,1473,255,1728,direct_bin_action_match,,,
b1d382b3e594ae11ff3de8e233221078182bcc6204a917d681c0108b21ccc609,3.5__Pendulum-v1__next-action__H10,Pendulum-v1,next-action,10,29,data/llmx_data/offline_data/physics_data/raw_transitions/Pendulum-v1/episodes/episode_0.npz,39,mismatch,next_action_prediction_continuous_bins,True,,[5],[7],0.0,0.0,,0,,,1.2627000409411266,1.2596288750646636,1471,130,1601,direct_bin_action_match,,,
4690e3d2793b031e8b18be67d1619fd922c34e62eedbfa66ff6a6eed4af56937,3.5__Pendulum-v1__next-action__H20,Pendulum-v1,next-action,20,0,data/llmx_data/offline_data/physics_data/raw_transitions/Pendulum-v1/episodes/episode_0.npz,20,mismatch,next_action_prediction_continuous_bins,True,,[3],[5],0.0,0.0,,0,,,3.290863874950446,3.287445625057444,1901,162,2063,direct_bin_action_match,,,
453ab706d8c11a6f3a66cd2787d9a51f1620dc5dcfd34abc3b0ac5216976320d,3.5__Pendulum-v1__next-action__H20,Pendulum-v1,next-action,20,1,data/llmx_data/offline_data/physics_data/raw_transitions/Pendulum-v1/episodes/episode_0.npz,21,mismatch,next_action_prediction_continuous_bins,True,,[5],[6],0.0,0.0,,0,,,2.277391708921641,2.2737635410157964,1902,139,2041,direct_bin_action_match,,,
4c671321ce205bf3e830c8df2c566cbf8e7531cffccc0db283e81ab6709ae17f,3.5__Pendulum-v1__next-action__H20,Pendulum-v1,next-action,20,2,data/llmx_data/offline_data/physics_data/raw_transitions/Pendulum-v1/episodes/episode_0.npz,22,mismatch,next_action_prediction_continuous_bins,True,,[6],[2],0.0,0.0,,0,,,2.379137375042774,2.3754178339149803,1905,198,2103,direct_bin_action_match,,,
cfd523af5de8b3330580f85621feca085a442f3389466ffc1b282fbec9852075,3.5__Pendulum-v1__next-action__H20,Pendulum-v1,next-action,20,3,data/llmx_data/offline_data/physics_data/raw_transitions/Pendulum-v1/episodes/episode_0.npz,23,ignored,next_action_prediction_continuous_bins,False,predictions list not found,,[8],0.0,0.0,,0,,,2.437957499991171,2.4340854169568047,1908,222,2130,direct_bin_action_match,,,
6f7332db89346a22ce4284135726fb2ec1f276efb31a5d824b7b9f66b62cfb54,3.5__Pendulum-v1__next-action__H20,Pendulum-v1,next-action,20,4,data/llmx_data/offline_data/physics_data/raw_transitions/Pendulum-v1/episodes/episode_0.npz,24,match,next_action_prediction_continuous_bins,True,,[5],[5],100.0,100.0,,0,,,2.204286167048849,2.2010214590700343,1909,143,2052,direct_bin_action_match,,,
4e47ba0e1170bf59bc1c7728da32af3e50683478e150372e92439a239f64197b,3.5__Pendulum-v1__next-action__H20,Pendulum-v1,next-action,20,5,data/llmx_data/offline_data/physics_data/raw_transitions/Pendulum-v1/episodes/episode_0.npz,25,mismatch,next_action_prediction_continuous_bins,True,,[5],[3],0.0,0.0,,0,,,1.5704847500892356,1.566478333901614,1912,192,2104,direct_bin_action_match,,,
7179bdcee5c3f90ae6a3358c5741ba26d1640c50150f8dc2ffa5b53d204fe432,3.5__Pendulum-v1__next-action__H20,Pendulum-v1,next-action,20,6,data/llmx_data/offline_data/physics_data/raw_transitions/Pendulum-v1/episodes/episode_0.npz,26,mismatch,next_action_prediction_continuous_bins,True,,[5],[6],0.0,0.0,,0,,,2.914749249932356,2.9123189999954775,1911,198,2109,direct_bin_action_match,,,
cd416c52bf952956fe20dc496950b3a66ad6d77029393084b6ce7ee60e79a41e,3.5__Pendulum-v1__next-action__H20,Pendulum-v1,next-action,20,7,data/llmx_data/offline_data/physics_data/raw_transitions/Pendulum-v1/episodes/episode_0.npz,27,mismatch,next_action_prediction_continuous_bins,True,,[5],[6],0.0,0.0,,0,,,1.6649349170038477,1.6613868339918554,1919,198,2117,direct_bin_action_match,,,
31acbd82dd6922f7473b685301fe327bc6b8c030a03f61bce116e7df3cf076b5,3.5__Pendulum-v1__next-action__H20,Pendulum-v1,next-action,20,8,data/llmx_data/offline_data/physics_data/raw_transitions/Pendulum-v1/episodes/episode_0.npz,28,mismatch,next_action_prediction_continuous_bins,True,,[5],[1],0.0,0.0,,0,,,1.4572826250223443,1.4532525830436498,1917,191,2108,direct_bin_action_match,,,
e740fe468bea7a71159b9f80d00512b3b9e13be02e300591f4b2c856d96a0b84,3.5__Pendulum-v1__next-action__H20,Pendulum-v1,next-action,20,9,data/llmx_data/offline_data/physics_data/raw_transitions/Pendulum-v1/episodes/episode_0.npz,29,mismatch,next_action_prediction_continuous_bins,True,,[8],[9],0.0,0.0,,0,,,1.4309499160153791,1.4265740420669317,1919,154,2073,direct_bin_action_match,,,
ae5e348b453c5deb54f624b20a767992292122b12f4d38be0db5e062de8260f4,3.5__Pendulum-v1__next-action__H20,Pendulum-v1,next-action,20,10,data/llmx_data/offline_data/physics_data/raw_transitions/Pendulum-v1/episodes/episode_0.npz,30,mismatch,next_action_prediction_continuous_bins,True,,[5],[2],0.0,0.0,,0,,,1.8385165840154514,1.8345400420948863,1919,232,2151,direct_bin_action_match,,,
e3a86cc836823aec1227a44c7ed52cbbde0996780994749edd55301b411f8d80,3.5__Pendulum-v1__next-action__H20,Pendulum-v1,next-action,20,11,data/llmx_data/offline_data/physics_data/raw_transitions/Pendulum-v1/episodes/episode_0.npz,31,mismatch,next_action_prediction_continuous_bins,True,,[6],[8],0.0,0.0,,0,,,2.33334220899269,2.3296623749192804,1919,176,2095,direct_bin_action_match,,,
56e23dbdec50bf619e73cf7f7fb2ba9416b0c3c1b20fe34885c74ae0e7de5da6,3.5__Pendulum-v1__next-action__H20,Pendulum-v1,next-action,20,12,data/llmx_data/offline_data/physics_data/raw_transitions/Pendulum-v1/episodes/episode_0.npz,32,mismatch,next_action_prediction_continuous_bins,True,,[8],[2],0.0,0.0,,0,,,3.152010624995455,3.1489472499815747,1919,203,2122,direct_bin_action_match,,,
e98ddffdf379a97e84015ae34ed097836182da3875ef009e27b7868b2712c8c2,3.5__Pendulum-v1__next-action__H20,Pendulum-v1,next-action,20,13,data/llmx_data/offline_data/physics_data/raw_transitions/Pendulum-v1/episodes/episode_0.npz,33,match,next_action_prediction_continuous_bins,True,,[8],[8],100.0,100.0,,0,,,2.295155707979575,2.2902309169294313,1922,179,2101,direct_bin_action_match,,,
5647ddd2a5ef1af9e258f7fd61e22897c3cdb40554107b10fca418b2385649d4,3.5__Pendulum-v1__next-action__H20,Pendulum-v1,next-action,20,14,data/llmx_data/offline_data/physics_data/raw_transitions/Pendulum-v1/episodes/episode_0.npz,34,mismatch,next_action_prediction_continuous_bins,True,,[4],[5],0.0,0.0,,0,,,1.2786647079046816,1.2743842079071328,1922,147,2069,direct_bin_action_match,,,
456bea8cda76a658c329e3f459ce5ac6b4b0ed6d29027561666d9df1d27e91b7,3.5__Pendulum-v1__next-action__H20,Pendulum-v1,next-action,20,15,data/llmx_data/offline_data/physics_data/raw_transitions/Pendulum-v1/episodes/episode_0.npz,35,mismatch,next_action_prediction_continuous_bins,True,,[4],[1],0.0,0.0,,0,,,2.4481459580129012,2.4444442079402506,1923,175,2098,direct_bin_action_match,,,
f957ac7c703b4ef6d78f313e7be6a10eea72c6efb6f6f89f47512bd30ec9ae2f,3.5__Pendulum-v1__next-action__H20,Pendulum-v1,next-action,20,16,data/llmx_data/offline_data/physics_data/raw_transitions/Pendulum-v1/episodes/episode_0.npz,36,mismatch,next_action_prediction_continuous_bins,True,,[4],[9],0.0,0.0,,0,,,1.7396636249031872,1.7347728749737144,1922,152,2074,direct_bin_action_match,,,
e0e371c8190403f1c445e80e55417d98a503a7057ee02109e70cec9aa950c3ba,3.5__Pendulum-v1__next-action__H20,Pendulum-v1,next-action,20,17,data/llmx_data/offline_data/physics_data/raw_transitions/Pendulum-v1/episodes/episode_0.npz,37,mismatch,next_action_prediction_continuous_bins,True,,[6],[0],0.0,0.0,,0,,,2.0472069999668747,2.0435309590538964,1924,280,2204,direct_bin_action_match,,,
be2268e2421803e585d3c8089418a73b00cc6053fdf4fabae6dc03244842cd08,3.5__Pendulum-v1__next-action__H20,Pendulum-v1,next-action,20,18,data/llmx_data/offline_data/physics_data/raw_transitions/Pendulum-v1/episodes/episode_0.npz,38,mismatch,next_action_prediction_continuous_bins,True,,[7],[9],0.0,0.0,,0,,,1.2507498339982703,1.2465790829155594,1926,148,2074,direct_bin_action_match,,,
ac89eef07a3452706e4961d958fb3e6214d92781c5fa33d53dd59b226573557e,3.5__Pendulum-v1__next-action__H20,Pendulum-v1,next-action,20,19,data/llmx_data/offline_data/physics_data/raw_transitions/Pendulum-v1/episodes/episode_0.npz,39,mismatch,next_action_prediction_continuous_bins,True,,[5],[7],0.0,0.0,,0,,,2.291149290977046,2.2870231670094654,1925,234,2159,direct_bin_action_match,,,
1272b1ca8ff13c9772b54056aca8d38543cc25ae5a2a7bc6de7f6419e475a359,3.5__Pendulum-v1__next-action__H20,Pendulum-v1,next-action,20,20,data/llmx_data/offline_data/physics_data/raw_transitions/Pendulum-v1/episodes/episode_0.npz,40,mismatch,next_action_prediction_continuous_bins,True,,[7],[5],0.0,0.0,,0,,,2.9799419580958784,2.975107542006299,1925,267,2192,direct_bin_action_match,,,
ab5e9f4698ce387193f0167d3dc1dbab6d8ce89b7f18fdbf10f9cb57cda0f852,3.5__Pendulum-v1__next-action__H20,Pendulum-v1,next-action,20,21,data/llmx_data/offline_data/physics_data/raw_transitions/Pendulum-v1/episodes/episode_0.npz,41,mismatch,next_action_prediction_continuous_bins,True,,[5],[6],0.0,0.0,,0,,,2.1105546669568866,2.1068234579870477,1924,219,2143,direct_bin_action_match,,,
917cd4deabeb9b4d38466048742538d25a36ffa827a65127dd95bc6733b400c8,3.5__Pendulum-v1__next-action__H20,Pendulum-v1,next-action,20,22,data/llmx_data/offline_data/physics_data/raw_transitions/Pendulum-v1/episodes/episode_0.npz,42,mismatch,next_action_prediction_continuous_bins,True,,[6],[4],0.0,0.0,,0,,,3.1887337079970166,3.183943207957782,1926,258,2184,direct_bin_action_match,,,
03c3f9ef77c11c9dd519530c5995a3e16b0f6b659e89e509ef66c4002cb55dbc,3.5__Pendulum-v1__next-action__H20,Pendulum-v1,next-action,20,23,data/llmx_data/offline_data/physics_data/raw_transitions/Pendulum-v1/episodes/episode_0.npz,43,mismatch,next_action_prediction_continuous_bins,True,,[7],[1],0.0,0.0,,0,,,2.5953655840130523,2.5912920830305666,1926,195,2121,direct_bin_action_match,,,
c79b573f3f95f46a645bc1ab03d498fa244dc50b175bae403ba0db783faecb7d,3.5__Pendulum-v1__next-action__H20,Pendulum-v1,next-action,20,24,data/llmx_data/offline_data/physics_data/raw_transitions/Pendulum-v1/episodes/episode_0.npz,44,match,next_action_prediction_continuous_bins,True,,[6],[6],100.0,100.0,,0,,,2.3373735420173034,2.3338109999895096,1927,221,2148,direct_bin_action_match,,,
98fd70b86d6d6e9614fc7b25c26b16ea34ada8a33fe999a7b872756419da79b4,3.5__Pendulum-v1__next-action__H20,Pendulum-v1,next-action,20,25,data/llmx_data/offline_data/physics_data/raw_transitions/Pendulum-v1/episodes/episode_0.npz,45,mismatch,next_action_prediction_continuous_bins,True,,[4],[5],0.0,0.0,,0,,,1.3934780000708997,1.388715749955736,1926,165,2091,direct_bin_action_match,,,
c97a55431598a447e3492a30d73e9ff4022fac30d945a8ea51880caee30920a2,3.5__Pendulum-v1__next-action__H20,Pendulum-v1,next-action,20,26,data/llmx_data/offline_data/physics_data/raw_transitions/Pendulum-v1/episodes/episode_0.npz,46,mismatch,next_action_prediction_continuous_bins,True,,[0],[5],0.0,0.0,,0,,,2.0085390839958563,2.0037404579343274,1924,145,2069,direct_bin_action_match,,,
6feee5ec33221a3a6e75c2a3d51d1e151cb43dcc6c5f7c2a4af4fe59fff07db6,3.5__Pendulum-v1__next-action__H20,Pendulum-v1,next-action,20,27,data/llmx_data/offline_data/physics_data/raw_transitions/Pendulum-v1/episodes/episode_0.npz,47,mismatch,next_action_prediction_continuous_bins,True,,[5],[6],0.0,0.0,,0,,,1.8312734588980675,1.8278299589874223,1923,218,2141,direct_bin_action_match,,,
d1e7a7f9b96b38896133f55128398fa6e9e804a42c703ae75cb36080a708e2d1,3.5__Pendulum-v1__next-action__H20,Pendulum-v1,next-action,20,28,data/llmx_data/offline_data/physics_data/raw_transitions/Pendulum-v1/episodes/episode_0.npz,48,mismatch,next_action_prediction_continuous_bins,True,,[5],[4],0.0,0.0,,0,,,2.618542750016786,2.614817082998343,1914,204,2118,direct_bin_action_match,,,
c116ba6c94444519f818712612d64e5cb05d493cc048c7c596c4c59f08d0751b,3.5__Pendulum-v1__next-action__H20,Pendulum-v1,next-action,20,29,data/llmx_data/offline_data/physics_data/raw_transitions/Pendulum-v1/episodes/episode_0.npz,49,match,next_action_prediction_continuous_bins,True,,[6],[6],100.0,100.0,,0,,,1.8399079169612378,1.8351646669907495,1913,129,2042,direct_bin_action_match,,,
593a0d39374ae41ae1ab02a65d8a93b2e5588cb8b1e478b394d79bfe8b2a9145,3.5__Pendulum-v1__next-action__H30,Pendulum-v1,next-action,30,0,data/llmx_data/offline_data/physics_data/raw_transitions/Pendulum-v1/episodes/episode_0.npz,30,mismatch,next_action_prediction_continuous_bins,True,,[7],[2],0.0,0.0,,0,,,1.7995763330254704,1.7959292499581352,2355,181,2536,direct_bin_action_match,,,
2b0867b4d84a20f9a9a742ee5475cc7d4eba76b2e033bc20f7141a4f2b61da22,3.5__Pendulum-v1__next-action__H30,Pendulum-v1,next-action,30,1,data/llmx_data/offline_data/physics_data/raw_transitions/Pendulum-v1/episodes/episode_0.npz,31,mismatch,next_action_prediction_continuous_bins,True,,[6],[8],0.0,0.0,,0,,,2.1193412910215557,2.116338499938138,2358,265,2623,direct_bin_action_match,,,
0805679b27df14283ea3de8a11ec7c9f2ba673a0926b8ec98237cdaea1a2b4a3,3.5__Pendulum-v1__next-action__H30,Pendulum-v1,next-action,30,2,data/llmx_data/offline_data/physics_data/raw_transitions/Pendulum-v1/episodes/episode_0.npz,32,mismatch,next_action_prediction_continuous_bins,True,,[0],[2],0.0,0.0,,0,,,2.693680000025779,2.6894127919804305,2361,223,2584,direct_bin_action_match,,,
3c5a55f12311989b79a2d14a957e67ca6112bb969d4e799c9524c52addb61d70,3.5__Pendulum-v1__next-action__H30,Pendulum-v1,next-action,30,3,data/llmx_data/offline_data/physics_data/raw_transitions/Pendulum-v1/episodes/episode_0.npz,33,match,next_action_prediction_continuous_bins,True,,[8],[8],100.0,100.0,,0,,,1.4630359170259908,1.4596772079821676,2364,181,2545,direct_bin_action_match,,,
3a1f98c804f0f2ca6a9683706be999155ac1741871c25d6760243fe5c0b4504c,3.5__Pendulum-v1__next-action__H30,Pendulum-v1,next-action,30,4,data/llmx_data/offline_data/physics_data/raw_transitions/Pendulum-v1/episodes/episode_0.npz,34,mismatch,next_action_prediction_continuous_bins,True,,[8],[5],0.0,0.0,,0,,,1.5047464160015807,1.5007250410271809,2364,147,2511,direct_bin_action_match,,,
ecb24fddee3fcdbc1b9ed2dee6458bb04b3714e226436823d79e2cdb73c13eb8,3.5__Pendulum-v1__next-action__H30,Pendulum-v1,next-action,30,5,data/llmx_data/offline_data/physics_data/raw_transitions/Pendulum-v1/episodes/episode_0.npz,35,mismatch,next_action_prediction_continuous_bins,True,,[5],[1],0.0,0.0,,0,,,2.367751416983083,2.363461458007805,2368,161,2529,direct_bin_action_match,,,
53a1ede7b70a58ee1c8095d6700e9f614b8cae84d62cd3f9e1f3ce6a05278274,3.5__Pendulum-v1__next-action__H30,Pendulum-v1,next-action,30,6,data/llmx_data/offline_data/physics_data/raw_transitions/Pendulum-v1/episodes/episode_0.npz,36,mismatch,next_action_prediction_continuous_bins,True,,[6],[9],0.0,0.0,,0,,,2.7286132079316303,2.7237309999763966,2366,207,2573,direct_bin_action_match,,,
987781c220b024d1b874917f681c8184a57862c7a252879dd3c1ec067afbfd8a,3.5__Pendulum-v1__next-action__H30,Pendulum-v1,next-action,30,7,data/llmx_data/offline_data/physics_data/raw_transitions/Pendulum-v1/episodes/episode_0.npz,37,mismatch,next_action_prediction_continuous_bins,True,,[8],[0],0.0,0.0,,0,,,1.5301021670456976,1.5260634169680998,2365,128,2493,direct_bin_action_match,,,
6e716a576a406256961fee4f003e30e94c37d5433df8e3aef88de1cc0a47faee,3.5__Pendulum-v1__next-action__H30,Pendulum-v1,next-action,30,8,data/llmx_data/offline_data/physics_data/raw_transitions/Pendulum-v1/episodes/episode_0.npz,38,mismatch,next_action_prediction_continuous_bins,True,,[6],[9],0.0,0.0,,0,,,2.7917824999894947,2.7879272090503946,2365,181,2546,direct_bin_action_match,,,
fb755913d3ffcf463933e72ce7d2e0a8e9c5e7504c8ad8ac26a82fcc650bddd0,3.5__Pendulum-v1__next-action__H30,Pendulum-v1,next-action,30,9,data/llmx_data/offline_data/physics_data/raw_transitions/Pendulum-v1/episodes/episode_0.npz,39,mismatch,next_action_prediction_continuous_bins,True,,[5],[7],0.0,0.0,,0,,,1.5704515830148011,1.5655237910104915,2365,169,2534,direct_bin_action_match,,,
b15bcc93ea0e2becc5d68e540ef6ceea95f24faba1ae1b0f366dee5e1cd3180b,3.5__Pendulum-v1__next-action__H30,Pendulum-v1,next-action,30,10,data/llmx_data/offline_data/physics_data/raw_transitions/Pendulum-v1/episodes/episode_0.npz,40,mismatch,next_action_prediction_continuous_bins,True,,[7],[5],0.0,0.0,,0,,,2.8991327499970794,2.8946540410397574,2364,217,2581,direct_bin_action_match,,,
bd0fdc81cab338bb505a44ab230619394bfcf44bc163b9b4a260e04b8cd98a36,3.5__Pendulum-v1__next-action__H30,Pendulum-v1,next-action,30,11,data/llmx_data/offline_data/physics_data/raw_transitions/Pendulum-v1/episodes/episode_0.npz,41,match,next_action_prediction_continuous_bins,True,,[6],[6],100.0,100.0,,0,,,4.609731624950655,4.605498334043659,2363,527,2890,direct_bin_action_match,,,
ac17dcdd27ed0f6e559e3f4a89d1246db0a9ce801cbfe7d9bd5335e03f72af19,3.5__Pendulum-v1__next-action__H30,Pendulum-v1,next-action,30,12,data/llmx_data/offline_data/physics_data/raw_transitions/Pendulum-v1/episodes/episode_0.npz,42,ignored,next_action_prediction_continuous_bins,False,predictions list not found,,[4],0.0,0.0,,0,,,2.9660459170117974,2.961488457978703,2363,257,2620,direct_bin_action_match,,,
6267350d6ac891571f2c6c28e0f71911fdcdad7ce90e84820fa18ffb7a1d2535,3.5__Pendulum-v1__next-action__H30,Pendulum-v1,next-action,30,13,data/llmx_data/offline_data/physics_data/raw_transitions/Pendulum-v1/episodes/episode_0.npz,43,mismatch,next_action_prediction_continuous_bins,True,,[3],[1],0.0,0.0,,0,,,1.5983505001058802,1.5941072090063244,2367,132,2499,direct_bin_action_match,,,
2fbcecc06353a067a449d1be67ca28b5b0526427db148391daad5cf09517709e,3.5__Pendulum-v1__next-action__H30,Pendulum-v1,next-action,30,14,data/llmx_data/offline_data/physics_data/raw_transitions/Pendulum-v1/episodes/episode_0.npz,44,match,next_action_prediction_continuous_bins,True,,[6],[6],100.0,100.0,,0,,,3.912036041961983,3.9079309169901535,2368,188,2556,direct_bin_action_match,,,
9abba152aee9e39dd842244885d760a890aa149c3c20bc5d2a0d5adc511e1009,3.5__Pendulum-v1__next-action__H30,Pendulum-v1,next-action,30,15,data/llmx_data/offline_data/physics_data/raw_transitions/Pendulum-v1/episodes/episode_0.npz,45,match,next_action_prediction_continuous_bins,True,,[5],[5],100.0,100.0,,0,,,1.649175832979381,1.644384166924283,2368,195,2563,direct_bin_action_match,,,
e9b952c08f383f2fc3887c22fe7d8319f500ad6b5760596d79885ba3e864c544,3.5__Pendulum-v1__next-action__H30,Pendulum-v1,next-action,30,16,data/llmx_data/offline_data/physics_data/raw_transitions/Pendulum-v1/episodes/episode_0.npz,46,mismatch,next_action_prediction_continuous_bins,True,,[6],[5],0.0,0.0,,0,,,2.8246536660008132,2.819823749945499,2366,198,2564,direct_bin_action_match,,,
6cb1a8fb2e89835d22f38c8d5578c98eab0adb7a4047d24b00925f7e64eb077f,3.5__Pendulum-v1__next-action__H30,Pendulum-v1,next-action,30,17,data/llmx_data/offline_data/physics_data/raw_transitions/Pendulum-v1/episodes/episode_0.npz,47,mismatch,next_action_prediction_continuous_bins,True,,[4],[6],0.0,0.0,,0,,,1.5208371669286862,1.5162899589631706,2366,186,2552,direct_bin_action_match,,,
8dd182f2a99886047b85351c58c0f26cfa5c652b1c039cc169b37827c303eed1,3.5__Pendulum-v1__next-action__H30,Pendulum-v1,next-action,30,18,data/llmx_data/offline_data/physics_data/raw_transitions/Pendulum-v1/episodes/episode_0.npz,48,mismatch,next_action_prediction_continuous_bins,True,,[8],[4],0.0,0.0,,0,,,2.27243166603148,2.2673053750768304,2367,193,2560,direct_bin_action_match,,,
07169e8c4aebef749b4f68ae405e812a7f20fe7317f9d744dc37135e873837ee,3.5__Pendulum-v1__next-action__H30,Pendulum-v1,next-action,30,19,data/llmx_data/offline_data/physics_data/raw_transitions/Pendulum-v1/episodes/episode_0.npz,49,match,next_action_prediction_continuous_bins,True,,[6],[6],100.0,100.0,,0,,,2.4531401250278577,2.448548667016439,2367,213,2580,direct_bin_action_match,,,
34cb03b46f227fe905503bd8c490569ab90631122ebd7d0ee3c62f344a348d4d,3.5__Pendulum-v1__next-action__H30,Pendulum-v1,next-action,30,20,data/llmx_data/offline_data/physics_data/raw_transitions/Pendulum-v1/episodes/episode_0.npz,50,match,next_action_prediction_continuous_bins,True,,[5],[5],100.0,100.0,,0,,,2.3571812090231106,2.353383416077122,2367,141,2508,direct_bin_action_match,,,
8eab2f48aeab0d2dff3f16cc64feb1b72d6119697aa5147e8302179eeab2182f,3.5__Pendulum-v1__next-action__H30,Pendulum-v1,next-action,30,21,data/llmx_data/offline_data/physics_data/raw_transitions/Pendulum-v1/episodes/episode_0.npz,51,match,next_action_prediction_continuous_bins,True,,[5],[5],100.0,100.0,,0,,,3.1260065409587696,3.1223996250191703,2366,190,2556,direct_bin_action_match,,,
0e73ff98a49e69421487939a225669aa512ac3736b7f0953ecbd1081313512d6,3.5__Pendulum-v1__next-action__H30,Pendulum-v1,next-action,30,22,data/llmx_data/offline_data/physics_data/raw_transitions/Pendulum-v1/episodes/episode_0.npz,52,mismatch,next_action_prediction_continuous_bins,True,,[4],[6],0.0,0.0,,0,,,2.1703809580067173,2.165595082915388,2366,131,2497,direct_bin_action_match,,,
b5f87727e433b60f326d60408419f7818e17c8cb762fbfa5b38296135de522a1,3.5__Pendulum-v1__next-action__H30,Pendulum-v1,next-action,30,23,data/llmx_data/offline_data/physics_data/raw_transitions/Pendulum-v1/episodes/episode_0.npz,53,mismatch,next_action_prediction_continuous_bins,True,,[4],[1],0.0,0.0,,0,,,1.9244173329789191,1.9217805420048535,2365,119,2484,direct_bin_action_match,,,
876a6ce65c6ef170ae34692a34d29db34563d59c602640fc9705c634a338732c,3.5__Pendulum-v1__next-action__H30,Pendulum-v1,next-action,30,24,data/llmx_data/offline_data/physics_data/raw_transitions/Pendulum-v1/episodes/episode_0.npz,54,mismatch,next_action_prediction_continuous_bins,True,,[8],[9],0.0,0.0,,0,,,2.2382916659116745,2.234185874927789,2365,189,2554,direct_bin_action_match,,,
95aa2228c65a07421d664f76ad3c27502c803b72b77151a73507d8c3f9f88d2c,3.5__Pendulum-v1__next-action__H30,Pendulum-v1,next-action,30,25,data/llmx_data/offline_data/physics_data/raw_transitions/Pendulum-v1/episodes/episode_0.npz,55,mismatch,next_action_prediction_continuous_bins,True,,[3],[2],0.0,0.0,,0,,,3.4768556670751423,3.471986124990508,2362,202,2564,direct_bin_action_match,,,
0d8e596204e0874e0295c1f1a733c692bbd590bfa348e311e924cd29b05ff6c7,3.5__Pendulum-v1__next-action__H30,Pendulum-v1,next-action,30,26,data/llmx_data/offline_data/physics_data/raw_transitions/Pendulum-v1/episodes/episode_0.npz,56,mismatch,next_action_prediction_continuous_bins,True,,[8],[9],0.0,0.0,,0,,,3.0132892499677837,3.0100957499817014,2362,211,2573,direct_bin_action_match,,,
6a749476c7cb594d5db683dfef926c4bf2821030192bbf5af7c0c2b5e06c7c6c,3.5__Pendulum-v1__next-action__H30,Pendulum-v1,next-action,30,27,data/llmx_data/offline_data/physics_data/raw_transitions/Pendulum-v1/episodes/episode_0.npz,57,mismatch,next_action_prediction_continuous_bins,True,,[5],[4],0.0,0.0,,0,,,1.6856978749856353,1.681846166960895,2362,186,2548,direct_bin_action_match,,,
ffcbfb59cd47468a660e46b460dafe673b7fa6db7c3540aabd2ec1b0a5b470b9,3.5__Pendulum-v1__next-action__H30,Pendulum-v1,next-action,30,28,data/llmx_data/offline_data/physics_data/raw_transitions/Pendulum-v1/episodes/episode_0.npz,58,mismatch,next_action_prediction_continuous_bins,True,,[4],[5],0.0,0.0,,0,,,1.606306416913867,1.6012019170448184,2354,188,2542,direct_bin_action_match,,,
d97b8f679fd848de875da1d50cad7432e98c328a4a8f7ba78ebf498e8d4c17db,3.5__Pendulum-v1__next-action__H30,Pendulum-v1,next-action,30,29,data/llmx_data/offline_data/physics_data/raw_transitions/Pendulum-v1/episodes/episode_0.npz,59,mismatch,next_action_prediction_continuous_bins,True,,[6],[5],0.0,0.0,,0,,,1.8294179160147905,1.8251420409651473,2354,213,2567,direct_bin_action_match,,,
e22b63feb8eb63c116f020dd264089ee806db1d7abc36ff344d958d7374ba15a,3.5__Pendulum-v1__last-action__H5,Pendulum-v1,last-action,5,0,data/llmx_data/offline_data/physics_data/raw_transitions/Pendulum-v1/episodes/episode_0.npz,5,mismatch,last_action_prediction_continuous_bins,True,,[5],[0],0.0,0.0,,0,,,2.2421820419840515,2.237528207944706,1265,180,1445,direct_bin_action_match,,,
065d82fe8eba9a4e4729b08dbe820e08f69935ce8285bb81c80dd394e49e1c29,3.5__Pendulum-v1__last-action__H5,Pendulum-v1,last-action,5,1,data/llmx_data/offline_data/physics_data/raw_transitions/Pendulum-v1/episodes/episode_0.npz,6,mismatch,last_action_prediction_continuous_bins,True,,[5],[1],0.0,0.0,,0,,,2.1815334169659764,2.1772470829309896,1268,154,1422,direct_bin_action_match,,,
648c6e2994e512d52e0d7aa58f544415e6e637ef0f571efca7026ec0d748bfe8,3.5__Pendulum-v1__last-action__H5,Pendulum-v1,last-action,5,2,data/llmx_data/offline_data/physics_data/raw_transitions/Pendulum-v1/episodes/episode_0.npz,7,ignored,last_action_prediction_continuous_bins,False,predictions list not found,,[2],0.0,0.0,,0,,,1.9506588340736926,1.9464711250038818,1271,292,1563,direct_bin_action_match,,,
f4e686fa49e25b23d06bf18f4d58155ef87de007d8fcb1b105a87310f2dd6482,3.5__Pendulum-v1__last-action__H5,Pendulum-v1,last-action,5,3,data/llmx_data/offline_data/physics_data/raw_transitions/Pendulum-v1/episodes/episode_0.npz,8,mismatch,last_action_prediction_continuous_bins,True,,[5],[0],0.0,0.0,,0,,,1.3107895000139251,1.3063794580521062,1275,158,1433,direct_bin_action_match,,,
bf0c00c9c5e3e57fa4bafa9977810c50763107a70e931c5e43c6b0365dce0e32,3.5__Pendulum-v1__last-action__H5,Pendulum-v1,last-action,5,4,data/llmx_data/offline_data/physics_data/raw_transitions/Pendulum-v1/episodes/episode_0.npz,9,mismatch,last_action_prediction_continuous_bins,True,,[6],[9],0.0,0.0,,0,,,2.3494944580597803,2.3461352500598878,1275,218,1493,direct_bin_action_match,,,
a707810bd96a1531b036d9583c369dffb828a922d5a911de64ccf24fda682321,3.5__Pendulum-v1__last-action__H5,Pendulum-v1,last-action,5,5,data/llmx_data/offline_data/physics_data/raw_transitions/Pendulum-v1/episodes/episode_0.npz,10,mismatch,last_action_prediction_continuous_bins,True,,[6],[9],0.0,0.0,,0,,,1.1782536660321057,1.1757755419239402,1278,137,1415,direct_bin_action_match,,,
c9924c978500ccb98d4d45e89f649e48043fe6824378ce526f4086528ef363c0,3.5__Pendulum-v1__last-action__H5,Pendulum-v1,last-action,5,6,data/llmx_data/offline_data/physics_data/raw_transitions/Pendulum-v1/episodes/episode_0.npz,11,match,last_action_prediction_continuous_bins,True,,[4],[4],100.0,100.0,,0,,,1.9649051659507677,1.9611906670033932,1275,185,1460,direct_bin_action_match,,,
86abfc710d2497a45799c44fd7f10ae9907f451d561008db0a12a6ab5f76472d,3.5__Pendulum-v1__last-action__H5,Pendulum-v1,last-action,5,7,data/llmx_data/offline_data/physics_data/raw_transitions/Pendulum-v1/episodes/episode_0.npz,12,mismatch,last_action_prediction_continuous_bins,True,,[5],[8],0.0,0.0,,0,,,1.5078472919994965,1.5034428330836818,1273,131,1404,direct_bin_action_match,,,
7bd39d3a9feac57598056ebcbb240b2381b6e4fb6f8732582bc3ee85c59c257b,3.5__Pendulum-v1__last-action__H5,Pendulum-v1,last-action,5,8,data/llmx_data/offline_data/physics_data/raw_transitions/Pendulum-v1/episodes/episode_0.npz,13,ignored,last_action_prediction_continuous_bins,False,predictions list not found,,[1],0.0,0.0,,0,,,2.19817787501961,2.1933055840199813,1271,204,1475,direct_bin_action_match,,,
96e30299090ed2ecad28d7bb30c8cd10afbe590e4331d87405468069061d355f,3.5__Pendulum-v1__last-action__H5,Pendulum-v1,last-action,5,9,data/llmx_data/offline_data/physics_data/raw_transitions/Pendulum-v1/episodes/episode_0.npz,14,mismatch,last_action_prediction_continuous_bins,True,,[8],[9],0.0,0.0,,0,,,2.9247096249600872,2.9212756250053644,1274,300,1574,direct_bin_action_match,,,
8c9118dbdd574c816fd639c36225afc9b9f12f64053e8cd9edc4d4eb84a02b64,3.5__Pendulum-v1__last-action__H5,Pendulum-v1,last-action,5,10,data/llmx_data/offline_data/physics_data/raw_transitions/Pendulum-v1/episodes/episode_0.npz,15,mismatch,last_action_prediction_continuous_bins,True,,[7],[2],0.0,0.0,,0,,,2.4073845840757713,2.402710665948689,1273,214,1487,direct_bin_action_match,,,
217f9b82466c563328d52ccbb5ff941b7cbc23bbdaef540c4128343087330274,3.5__Pendulum-v1__last-action__H5,Pendulum-v1,last-action,5,11,data/llmx_data/offline_data/physics_data/raw_transitions/Pendulum-v1/episodes/episode_0.npz,16,mismatch,last_action_prediction_continuous_bins,True,,[0],[6],0.0,0.0,,0,,,1.3812377919675782,1.3761217918945476,1272,141,1413,direct_bin_action_match,,,
7895607776301ea75622afc547272c0f6543f5b7e24856468cb9b9db3a17b460,3.5__Pendulum-v1__last-action__H5,Pendulum-v1,last-action,5,12,data/llmx_data/offline_data/physics_data/raw_transitions/Pendulum-v1/episodes/episode_0.npz,17,mismatch,last_action_prediction_continuous_bins,True,,[8],[5],0.0,0.0,,0,,,3.495772875030525,3.491065250011161,1270,256,1526,direct_bin_action_match,,,
8b7db31731030fe6ee5919545c133a1f1e12f16276a5cb0d1eeafd550f5bb4be,3.5__Pendulum-v1__last-action__H5,Pendulum-v1,last-action,5,13,data/llmx_data/offline_data/physics_data/raw_transitions/Pendulum-v1/episodes/episode_0.npz,18,match,last_action_prediction_continuous_bins,True,,[6],[6],100.0,100.0,,0,,,2.0311711670365185,2.026852666051127,1271,173,1444,direct_bin_action_match,,,
d30429a1dee00f1434acff351e7ace45ae9faca77b7ee10fc241d0826098bb47,3.5__Pendulum-v1__last-action__H5,Pendulum-v1,last-action,5,14,data/llmx_data/offline_data/physics_data/raw_transitions/Pendulum-v1/episodes/episode_0.npz,19,ignored,last_action_prediction_continuous_bins,False,predictions list not found,,[6],0.0,0.0,,0,,,3.19902783294674,3.1945107919164,1272,297,1569,direct_bin_action_match,,,
b3e507a727a36ad7d763db44cab4597732b57cb41861ce027533c64451c98f62,3.5__Pendulum-v1__last-action__H5,Pendulum-v1,last-action,5,15,data/llmx_data/offline_data/physics_data/raw_transitions/Pendulum-v1/episodes/episode_0.npz,20,match,last_action_prediction_continuous_bins,True,,[5],[5],100.0,100.0,,0,,,1.8890570839866996,1.8845975829754025,1271,239,1510,direct_bin_action_match,,,
8a88c502087238ccfaf9550beb5f17c8247d9c52de80cdd5ac82a843843ed2cc,3.5__Pendulum-v1__last-action__H5,Pendulum-v1,last-action,5,16,data/llmx_data/offline_data/physics_data/raw_transitions/Pendulum-v1/episodes/episode_0.npz,21,ignored,last_action_prediction_continuous_bins,False,"expected 1 values, received 2",,[6],0.0,0.0,,0,,,2.4778598330449313,2.473742250003852,1271,379,1650,direct_bin_action_match,,,
cadf6ecccaa14ea42d46502656af5431bef4cfadeba24bb657c2ed0b5083dfaf,3.5__Pendulum-v1__last-action__H5,Pendulum-v1,last-action,5,17,data/llmx_data/offline_data/physics_data/raw_transitions/Pendulum-v1/episodes/episode_0.npz,22,mismatch,last_action_prediction_continuous_bins,True,,[5],[2],0.0,0.0,,0,,,1.2229150000493973,1.2192688749637455,1272,134,1406,direct_bin_action_match,,,
8eac81229d4f177fbfc7f3c2ba7d4ea1c3bd2d2baa709d66c88d1fb326fd0f78,3.5__Pendulum-v1__last-action__H5,Pendulum-v1,last-action,5,18,data/llmx_data/offline_data/physics_data/raw_transitions/Pendulum-v1/episodes/episode_0.npz,23,mismatch,last_action_prediction_continuous_bins,True,,[6],[8],0.0,0.0,,0,,,2.2202227090019733,2.2167924580862746,1275,190,1465,direct_bin_action_match,,,
2657ee986b1e28ae8b32eab584ad9ec9fc0d1747f3bb2b0327472bc115340af8,3.5__Pendulum-v1__last-action__H5,Pendulum-v1,last-action,5,19,data/llmx_data/offline_data/physics_data/raw_transitions/Pendulum-v1/episodes/episode_0.npz,24,mismatch,last_action_prediction_continuous_bins,True,,[6],[5],0.0,0.0,,0,,,2.3998415829846635,2.3954620000440627,1275,163,1438,direct_bin_action_match,,,
3bbec80f89351adeb249bf7902d31f2f4668afd15e7d4dc99837af59c928e39a,3.5__Pendulum-v1__last-action__H5,Pendulum-v1,last-action,5,20,data/llmx_data/offline_data/physics_data/raw_transitions/Pendulum-v1/episodes/episode_0.npz,25,mismatch,last_action_prediction_continuous_bins,True,,[5],[3],0.0,0.0,,0,,,1.8644480829825625,1.8609331659972668,1275,244,1519,direct_bin_action_match,,,
c5907146f7ffe4262050f72f3468f584e3ce264116546fa273a0d2d772b63d9e,3.5__Pendulum-v1__last-action__H5,Pendulum-v1,last-action,5,21,data/llmx_data/offline_data/physics_data/raw_transitions/Pendulum-v1/episodes/episode_0.npz,26,mismatch,last_action_prediction_continuous_bins,True,,[4],[6],0.0,0.0,,0,,,1.737549834069796,1.7335009999806061,1285,157,1442,direct_bin_action_match,,,
23c97ca98cf318f840a6d7308b0cc0181e3f5555f0fb70a2c1c7cba9f91da0ef,3.5__Pendulum-v1__last-action__H5,Pendulum-v1,last-action,5,22,data/llmx_data/offline_data/physics_data/raw_transitions/Pendulum-v1/episodes/episode_0.npz,27,mismatch,last_action_prediction_continuous_bins,True,,[4],[6],0.0,0.0,,0,,,2.65866333397571,2.6549275839934126,1286,374,1660,direct_bin_action_match,,,
382b46875ffad3898881e03b0fcd8b5f027e9fed5aeda1e1250d54589c126f25,3.5__Pendulum-v1__last-action__H5,Pendulum-v1,last-action,5,23,data/llmx_data/offline_data/physics_data/raw_transitions/Pendulum-v1/episodes/episode_0.npz,28,mismatch,last_action_prediction_continuous_bins,True,,[8],[1],0.0,0.0,,0,,,2.2043962499592453,2.2011228339979425,1283,212,1495,direct_bin_action_match,,,
6dfc13db74bead0fd80a0830ca3e39a6999545e53b5a11e2c08060751a19c654,3.5__Pendulum-v1__last-action__H5,Pendulum-v1,last-action,5,24,data/llmx_data/offline_data/physics_data/raw_transitions/Pendulum-v1/episodes/episode_0.npz,29,mismatch,last_action_prediction_continuous_bins,True,,[5],[9],0.0,0.0,,0,,,1.9326775830704719,1.929383665905334,1285,185,1470,direct_bin_action_match,,,
0d55d729f964012d7bfea045497be1692b03b984ba1f56f0b78041e80f7926bc,3.5__Pendulum-v1__last-action__H5,Pendulum-v1,last-action,5,25,data/llmx_data/offline_data/physics_data/raw_transitions/Pendulum-v1/episodes/episode_0.npz,30,mismatch,last_action_prediction_continuous_bins,True,,[5],[2],0.0,0.0,,0,,,3.478299167007208,3.475572666968219,1284,379,1663,direct_bin_action_match,,,
86f3cbc0728a506f865c198cad984245f19a89ed65d7e30f906287178eea0919,3.5__Pendulum-v1__last-action__H5,Pendulum-v1,last-action,5,26,data/llmx_data/offline_data/physics_data/raw_transitions/Pendulum-v1/episodes/episode_0.npz,31,mismatch,last_action_prediction_continuous_bins,True,,[6],[8],0.0,0.0,,0,,,1.9294932499760762,1.924144749995321,1285,209,1494,direct_bin_action_match,,,
ccc664c14e89c9145625389eb0456d8710974b63755184173e278a3d3cb86201,3.5__Pendulum-v1__last-action__H5,Pendulum-v1,last-action,5,27,data/llmx_data/offline_data/physics_data/raw_transitions/Pendulum-v1/episodes/episode_0.npz,32,mismatch,last_action_prediction_continuous_bins,True,,[7],[2],0.0,0.0,,0,,,2.515818624990061,2.5124864579411224,1285,231,1516,direct_bin_action_match,,,
5c854c520f5e4dc11481bbdc0eb5d1eaf8ea0f1970b75b3d377d5df1d87e5463,3.5__Pendulum-v1__last-action__H5,Pendulum-v1,last-action,5,28,data/llmx_data/offline_data/physics_data/raw_transitions/Pendulum-v1/episodes/episode_0.npz,33,mismatch,last_action_prediction_continuous_bins,True,,[5],[8],0.0,0.0,,0,,,2.2473684169817716,2.243862875038758,1277,148,1425,direct_bin_action_match,,,
242306bdb8631a33712c0f514b48ae940571c073276e267ca592baef1fe1bc18,3.5__Pendulum-v1__last-action__H5,Pendulum-v1,last-action,5,29,data/llmx_data/offline_data/physics_data/raw_transitions/Pendulum-v1/episodes/episode_0.npz,34,mismatch,last_action_prediction_continuous_bins,True,,[6],[5],0.0,0.0,,0,,,1.4563723750179633,1.4532455829903483,1277,167,1444,direct_bin_action_match,,,
9472bda8db3212d9f4be656668e266448fb7a70fa534544efb4ffe2177fad939,3.5__Pendulum-v1__last-action__H10,Pendulum-v1,last-action,10,0,data/llmx_data/offline_data/physics_data/raw_transitions/Pendulum-v1/episodes/episode_0.npz,10,mismatch,last_action_prediction_continuous_bins,True,,[4],[9],0.0,0.0,,0,,,2.295850459020585,2.2927886670222506,1489,180,1669,direct_bin_action_match,,,
7e99958c2a52402c8c116fa689c4cb50332db2849f8eea32efdf14572d0aac4f,3.5__Pendulum-v1__last-action__H10,Pendulum-v1,last-action,10,1,data/llmx_data/offline_data/physics_data/raw_transitions/Pendulum-v1/episodes/episode_0.npz,11,mismatch,last_action_prediction_continuous_bins,True,,[5],[4],0.0,0.0,,0,,,2.7826234999811277,2.778811791096814,1490,176,1666,direct_bin_action_match,,,
60d2bf9a60949197ed9503e34eb237e71d5ed21391e217c358bfb99bd7311cd5,3.5__Pendulum-v1__last-action__H10,Pendulum-v1,last-action,10,2,data/llmx_data/offline_data/physics_data/raw_transitions/Pendulum-v1/episodes/episode_0.npz,12,mismatch,last_action_prediction_continuous_bins,True,,[5],[8],0.0,0.0,,0,,,2.9951889170333743,2.992478874977678,1492,197,1689,direct_bin_action_match,,,
13d148aa53f7ad639f8e130d806164dca41df07de6caa3b81570b16d6c039b96,3.5__Pendulum-v1__last-action__H10,Pendulum-v1,last-action,10,3,data/llmx_data/offline_data/physics_data/raw_transitions/Pendulum-v1/episodes/episode_0.npz,13,mismatch,last_action_prediction_continuous_bins,True,,[5],[1],0.0,0.0,,0,,,1.970176958013326,1.966674541006796,1493,156,1649,direct_bin_action_match,,,
9123e17b337a4d637ec05ad63e9bafb855b1ac12928cdaaca764dd2a87573d62,3.5__Pendulum-v1__last-action__H10,Pendulum-v1,last-action,10,4,data/llmx_data/offline_data/physics_data/raw_transitions/Pendulum-v1/episodes/episode_0.npz,14,mismatch,last_action_prediction_continuous_bins,True,,[6],[9],0.0,0.0,,0,,,2.384531000046991,2.3804155830293894,1495,149,1644,direct_bin_action_match,,,
31cc8a6afc2eddf6aad45df55b473b1144e5fd184496645d841b180382c44ae0,3.5__Pendulum-v1__last-action__H10,Pendulum-v1,last-action,10,5,data/llmx_data/offline_data/physics_data/raw_transitions/Pendulum-v1/episodes/episode_0.npz,15,mismatch,last_action_prediction_continuous_bins,True,,[6],[2],0.0,0.0,,0,,,1.763126750010997,1.7599939580541104,1498,237,1735,direct_bin_action_match,,,
3a2c9afb6709be31951f59937b89ef438e51491109331c32d4bd199f400cbe52,3.5__Pendulum-v1__last-action__H10,Pendulum-v1,last-action,10,6,data/llmx_data/offline_data/physics_data/raw_transitions/Pendulum-v1/episodes/episode_0.npz,16,mismatch,last_action_prediction_continuous_bins,True,,[4],[6],0.0,0.0,,0,,,1.9878201669780537,1.9837989578954875,1496,137,1633,direct_bin_action_match,,,
4ef6278e24a1ede8182555e45c73637421f378d48bc4993abdbe80d99c31d76a,3.5__Pendulum-v1__last-action__H10,Pendulum-v1,last-action,10,7,data/llmx_data/offline_data/physics_data/raw_transitions/Pendulum-v1/episodes/episode_0.npz,17,match,last_action_prediction_continuous_bins,True,,[5],[5],100.0,100.0,,0,,,1.746222082991153,1.7427412079414353,1493,164,1657,direct_bin_action_match,,,
eed954c2e0b68441ee4facecac71067215a425eeff29cbe5e7857ec4c0a86943,3.5__Pendulum-v1__last-action__H10,Pendulum-v1,last-action,10,8,data/llmx_data/offline_data/physics_data/raw_transitions/Pendulum-v1/episodes/episode_0.npz,18,mismatch,last_action_prediction_continuous_bins,True,,[8],[6],0.0,0.0,,0,,,1.615942083997652,1.6132918751100078,1491,161,1652,direct_bin_action_match,,,
872efd7615adca68512ce4b317da03be9238c4a5214ad406b0df8752aa49dd97,3.5__Pendulum-v1__last-action__H10,Pendulum-v1,last-action,10,9,data/llmx_data/offline_data/physics_data/raw_transitions/Pendulum-v1/episodes/episode_0.npz,19,match,last_action_prediction_continuous_bins,True,,[6],[6],100.0,100.0,,0,,,2.110948165995069,2.1082192080793902,1493,194,1687,direct_bin_action_match,,,
ce4e1231311559422b744220cb308763b111086c278cedca3ceff1e6e46596aa,3.5__Pendulum-v1__last-action__H10,Pendulum-v1,last-action,10,10,data/llmx_data/offline_data/physics_data/raw_transitions/Pendulum-v1/episodes/episode_0.npz,20,ignored,last_action_prediction_continuous_bins,False,predictions list not found,,[5],0.0,0.0,,0,,,3.0594464170280844,3.056096417014487,1491,271,1762,direct_bin_action_match,,,
bfa935ba188e03db7f820dfb7ca28426baa9013a4f4076eb39a34e04ca04eb81,3.5__Pendulum-v1__last-action__H10,Pendulum-v1,last-action,10,11,data/llmx_data/offline_data/physics_data/raw_transitions/Pendulum-v1/episodes/episode_0.npz,21,ignored,last_action_prediction_continuous_bins,False,predictions list not found,,[6],0.0,0.0,,0,,,2.8909569169627503,2.887426041997969,1491,214,1705,direct_bin_action_match,,,
fd3547dc90bfd2b891a73cb8ef7fd81fbcea711deb12a2f1ebbe5fe2644d4da3,3.5__Pendulum-v1__last-action__H10,Pendulum-v1,last-action,10,12,data/llmx_data/offline_data/physics_data/raw_transitions/Pendulum-v1/episodes/episode_0.npz,22,ignored,last_action_prediction_continuous_bins,False,predictions list not found,,[2],0.0,0.0,,0,,,2.347751709050499,2.3440459159901366,1490,204,1694,direct_bin_action_match,,,
4512592a77971751525d594a3836aabbf7023b2de203b710371b15964a5032c8,3.5__Pendulum-v1__last-action__H10,Pendulum-v1,last-action,10,13,data/llmx_data/offline_data/physics_data/raw_transitions/Pendulum-v1/episodes/episode_0.npz,23,mismatch,last_action_prediction_continuous_bins,True,,[6],[8],0.0,0.0,,0,,,1.5913578750332817,1.5875316249439493,1494,122,1616,direct_bin_action_match,,,
5d28c627579e92f3f8c618f1345ed064a4b1bb6e3ab891f636432402c37a065a,3.5__Pendulum-v1__last-action__H10,Pendulum-v1,last-action,10,14,data/llmx_data/offline_data/physics_data/raw_transitions/Pendulum-v1/episodes/episode_0.npz,24,ignored,last_action_prediction_continuous_bins,False,predictions list not found,,[5],0.0,0.0,,0,,,3.1002259579254314,3.0961472920607775,1494,224,1718,direct_bin_action_match,,,
7b36fe60a4875d886f25c06850758e57f3639cd0ee488c0bbbfb066b5c658b1f,3.5__Pendulum-v1__last-action__H10,Pendulum-v1,last-action,10,15,data/llmx_data/offline_data/physics_data/raw_transitions/Pendulum-v1/episodes/episode_0.npz,25,ignored,last_action_prediction_continuous_bins,False,predictions list not found,,[3],0.0,0.0,,0,,,3.8344301669858396,3.8307456249604,1494,273,1767,direct_bin_action_match,,,
044f9d881e85dee381e19055cd849bab3dc039e92d7e6651d51267afbe8dd86d,3.5__Pendulum-v1__last-action__H10,Pendulum-v1,last-action,10,16,data/llmx_data/offline_data/physics_data/raw_transitions/Pendulum-v1/episodes/episode_0.npz,26,mismatch,last_action_prediction_continuous_bins,True,,[7],[6],0.0,0.0,,0,,,2.0737059159437194,2.0695865829475224,1504,239,1743,direct_bin_action_match,,,
2b368a41905f11571358c7bf1ea4c597432d95e53e5d74f31a3cfe5472dad28d,3.5__Pendulum-v1__last-action__H10,Pendulum-v1,last-action,10,17,data/llmx_data/offline_data/physics_data/raw_transitions/Pendulum-v1/episodes/episode_0.npz,27,mismatch,last_action_prediction_continuous_bins,True,,[5],[6],0.0,0.0,,0,,,1.3455513750668615,1.3412436249200255,1505,155,1660,direct_bin_action_match,,,
40390964d93b46960565642dfcc4a34ea8815ed75b76eb2b799e2bc891559948,3.5__Pendulum-v1__last-action__H10,Pendulum-v1,last-action,10,18,data/llmx_data/offline_data/physics_data/raw_transitions/Pendulum-v1/episodes/episode_0.npz,28,ignored,last_action_prediction_continuous_bins,False,predictions list not found,,[1],0.0,0.0,,0,,,1.9464035829296336,1.9424459170550108,1505,265,1770,direct_bin_action_match,,,
ed8a870d12d20d8c1cb222c29127c160627f9323bb3f085e4aa51870c81ff283,3.5__Pendulum-v1__last-action__H10,Pendulum-v1,last-action,10,19,data/llmx_data/offline_data/physics_data/raw_transitions/Pendulum-v1/episodes/episode_0.npz,29,mismatch,last_action_prediction_continuous_bins,True,,[8],[9],0.0,0.0,,0,,,3.2984860830474645,3.294019083958119,1507,265,1772,direct_bin_action_match,,,
b702fec28319c3518da860f38bc5d806dfca4a280ca5a1a7713a08d3c1f8694d,3.5__Pendulum-v1__last-action__H10,Pendulum-v1,last-action,10,20,data/llmx_data/offline_data/physics_data/raw_transitions/Pendulum-v1/episodes/episode_0.npz,30,mismatch,last_action_prediction_continuous_bins,True,,[8],[2],0.0,0.0,,0,,,3.875477417022921,3.871801041997969,1507,298,1805,direct_bin_action_match,,,
8c972692cb58c34f0d0084e892d65ca296478461e43409720da91f1fe7c496e0,3.5__Pendulum-v1__last-action__H10,Pendulum-v1,last-action,10,21,data/llmx_data/offline_data/physics_data/raw_transitions/Pendulum-v1/episodes/episode_0.npz,31,mismatch,last_action_prediction_continuous_bins,True,,[7],[8],0.0,0.0,,0,,,1.8278158340835944,1.8235486669000238,1508,204,1712,direct_bin_action_match,,,
628e5a73793744dd6dd7c5db5889c0db7cd495bcb4671d76787269a05c268aaa,3.5__Pendulum-v1__last-action__H10,Pendulum-v1,last-action,10,22,data/llmx_data/offline_data/physics_data/raw_transitions/Pendulum-v1/episodes/episode_0.npz,32,mismatch,last_action_prediction_continuous_bins,True,,[5],[2],0.0,0.0,,0,,,2.570408375002444,2.5665134999435395,1509,191,1700,direct_bin_action_match,,,
4add521e341678e1e0cd20b9f2867ebb199e543503ec741ffd6946591a29449e,3.5__Pendulum-v1__last-action__H10,Pendulum-v1,last-action,10,23,data/llmx_data/offline_data/physics_data/raw_transitions/Pendulum-v1/episodes/episode_0.npz,33,match,last_action_prediction_continuous_bins,True,,[8],[8],100.0,100.0,,0,,,2.307723749894649,2.3035884590353817,1508,339,1847,direct_bin_action_match,,,
e6f3a5bf56bc934209b67676e74a494bf5e530a56d0c08444c034d8d2b34a275,3.5__Pendulum-v1__last-action__H10,Pendulum-v1,last-action,10,24,data/llmx_data/offline_data/physics_data/raw_transitions/Pendulum-v1/episodes/episode_0.npz,34,ignored,last_action_prediction_continuous_bins,False,predictions list not found,,[5],0.0,0.0,,0,,,2.3598974159685895,2.355907000019215,1509,251,1760,direct_bin_action_match,,,
a9d24f542ac149a147a7609cf984ed686bf709746842b612c19a1d20c64b5c0c,3.5__Pendulum-v1__last-action__H10,Pendulum-v1,last-action,10,25,data/llmx_data/offline_data/physics_data/raw_transitions/Pendulum-v1/episodes/episode_0.npz,35,mismatch,last_action_prediction_continuous_bins,True,,[5],[1],0.0,0.0,,0,,,1.5881995409727097,1.5848105419427156,1508,177,1685,direct_bin_action_match,,,
f76970b1f56ec73d8b5f5157709e4229955a3ff0c19da4ea588e7f8d50881099,3.5__Pendulum-v1__last-action__H10,Pendulum-v1,last-action,10,26,data/llmx_data/offline_data/physics_data/raw_transitions/Pendulum-v1/episodes/episode_0.npz,36,mismatch,last_action_prediction_continuous_bins,True,,[4],[9],0.0,0.0,,0,,,2.6024570419685915,2.599356333957985,1508,246,1754,direct_bin_action_match,,,
18166e283e094e93c3e7362621ba0d0dac0ad190fa280d8ce363a247dbf8bbb8,3.5__Pendulum-v1__last-action__H10,Pendulum-v1,last-action,10,27,data/llmx_data/offline_data/physics_data/raw_transitions/Pendulum-v1/episodes/episode_0.npz,37,mismatch,last_action_prediction_continuous_bins,True,,[8],[0],0.0,0.0,,0,,,4.452621708973311,4.448352750041522,1508,456,1964,direct_bin_action_match,,,
a2f0066d42bf8229c6d04e7d2b2c0338a4d1904ba9f01ed1a19b6a5a47d242be,3.5__Pendulum-v1__last-action__H10,Pendulum-v1,last-action,10,28,data/llmx_data/offline_data/physics_data/raw_transitions/Pendulum-v1/episodes/episode_0.npz,38,ignored,last_action_prediction_continuous_bins,False,predictions list not found,,[9],0.0,0.0,,0,,,3.037700999993831,3.034022332984023,1501,207,1708,direct_bin_action_match,,,
65d7abd8fa0d1443d817460328d252d410331ad214e4d10ceba2c68f96a21f22,3.5__Pendulum-v1__last-action__H10,Pendulum-v1,last-action,10,29,data/llmx_data/offline_data/physics_data/raw_transitions/Pendulum-v1/episodes/episode_0.npz,39,ignored,last_action_prediction_continuous_bins,False,predictions list not found,,[7],0.0,0.0,,0,,,3.792983458028175,3.788887375034392,1499,264,1763,direct_bin_action_match,,,
53808bde499f468cbc0a5f1263166266ed36b03cd78b0aa0f252c56b157180d9,3.5__Pendulum-v1__last-action__H20,Pendulum-v1,last-action,20,0,data/llmx_data/offline_data/physics_data/raw_transitions/Pendulum-v1/episodes/episode_0.npz,20,mismatch,last_action_prediction_continuous_bins,True,,[6],[5],0.0,0.0,,0,,,1.9066717920359224,1.9029299999820068,1927,155,2082,direct_bin_action_match,,,
93f24eb36e64a9440682b5fd8c959cd88d5da5f701274c0b63a6f0703d6af4ad,3.5__Pendulum-v1__last-action__H20,Pendulum-v1,last-action,20,1,data/llmx_data/offline_data/physics_data/raw_transitions/Pendulum-v1/episodes/episode_0.npz,21,mismatch,last_action_prediction_continuous_bins,True,,[4],[6],0.0,0.0,,0,,,2.439135167049244,2.4346295840805396,1930,153,2083,direct_bin_action_match,,,
0c000fb5534616df2836ff7878a60965802dc2857b6a34e166b76d3f4d9ca699,3.5__Pendulum-v1__last-action__H20,Pendulum-v1,last-action,20,2,data/llmx_data/offline_data/physics_data/raw_transitions/Pendulum-v1/episodes/episode_0.npz,22,mismatch,last_action_prediction_continuous_bins,True,,[8],[2],0.0,0.0,,0,,,1.3470087919849902,1.34243320801761,1932,134,2066,direct_bin_action_match,,,
da6e4a92de3283f3d79df098134d09f46ca0ddb3814d8d61148004c784a78c5f,3.5__Pendulum-v1__last-action__H20,Pendulum-v1,last-action,20,3,data/llmx_data/offline_data/physics_data/raw_transitions/Pendulum-v1/episodes/episode_0.npz,23,mismatch,last_action_prediction_continuous_bins,True,,[5],[8],0.0,0.0,,0,,,2.314393958891742,2.3104457090375945,1936,189,2125,direct_bin_action_match,,,
c7f5ec3a60f521ad92738373ff1bebfe07039de3fde391154edc1c902beeece3,3.5__Pendulum-v1__last-action__H20,Pendulum-v1,last-action,20,4,data/llmx_data/offline_data/physics_data/raw_transitions/Pendulum-v1/episodes/episode_0.npz,24,match,last_action_prediction_continuous_bins,True,,[5],[5],100.0,100.0,,0,,,1.4343225409975275,1.430615375051275,1936,164,2100,direct_bin_action_match,,,
4385663cd347e0e544b72c8174c42e17122544f8f45f9a836383c4555464e816,3.5__Pendulum-v1__last-action__H20,Pendulum-v1,last-action,20,5,data/llmx_data/offline_data/physics_data/raw_transitions/Pendulum-v1/episodes/episode_0.npz,25,mismatch,last_action_prediction_continuous_bins,True,,[9],[3],0.0,0.0,,0,,,1.9276197089347988,1.9240612500580028,1939,180,2119,direct_bin_action_match,,,
83349bf1cd063818791cd7622e581e660980ae9779e168c5af7e88fff6de5f03,3.5__Pendulum-v1__last-action__H20,Pendulum-v1,last-action,20,6,data/llmx_data/offline_data/physics_data/raw_transitions/Pendulum-v1/episodes/episode_0.npz,26,match,last_action_prediction_continuous_bins,True,,[6],[6],100.0,100.0,,0,,,3.1428362920414656,3.138606292079203,1948,302,2250,direct_bin_action_match,,,
843da42f861ee694f0af0af76acddb8a261b52578d7dc288c1c62c32e2c6713f,3.5__Pendulum-v1__last-action__H20,Pendulum-v1,last-action,20,7,data/llmx_data/offline_data/physics_data/raw_transitions/Pendulum-v1/episodes/episode_0.npz,27,match,last_action_prediction_continuous_bins,True,,[6],[6],100.0,100.0,,0,,,1.4040186249185354,1.4007372920168564,1946,160,2106,direct_bin_action_match,,,
c731311dd61dafa39bf5fd191a3ce55f295231bcf6eafa26f2c7750b23857611,3.5__Pendulum-v1__last-action__H20,Pendulum-v1,last-action,20,8,data/llmx_data/offline_data/physics_data/raw_transitions/Pendulum-v1/episodes/episode_0.npz,28,mismatch,last_action_prediction_continuous_bins,True,,[0],[1],0.0,0.0,,0,,,2.450306208920665,2.4460203329799697,1944,233,2177,direct_bin_action_match,,,
f138843bc20d3fc5c83820413612401e032beec17ba57cfbb2ad34bbc2a8ad65,3.5__Pendulum-v1__last-action__H20,Pendulum-v1,last-action,20,9,data/llmx_data/offline_data/physics_data/raw_transitions/Pendulum-v1/episodes/episode_0.npz,29,mismatch,last_action_prediction_continuous_bins,True,,[8],[9],0.0,0.0,,0,,,2.0457145411055535,2.040767209022306,1947,147,2094,direct_bin_action_match,,,
08be4f4fa2f81fe81c918b899fa91798f4b7c77eeb63f09f89ef9dd0a8224576,3.5__Pendulum-v1__last-action__H20,Pendulum-v1,last-action,20,10,data/llmx_data/offline_data/physics_data/raw_transitions/Pendulum-v1/episodes/episode_0.npz,30,ignored,last_action_prediction_continuous_bins,False,predictions list not found,,[2],0.0,0.0,,0,,,2.4787382079521194,2.4753642909927294,1946,213,2159,direct_bin_action_match,,,
d292fbc527cb7bf240024f62252827438051758b4af1f55b1e00d2944c619d7f,3.5__Pendulum-v1__last-action__H20,Pendulum-v1,last-action,20,11,data/llmx_data/offline_data/physics_data/raw_transitions/Pendulum-v1/episodes/episode_0.npz,31,mismatch,last_action_prediction_continuous_bins,True,,[0],[8],0.0,0.0,,0,,,2.542331875069067,2.538495208020322,1947,189,2136,direct_bin_action_match,,,
0567c620af6935b0fa478d6db5c50a0f0bed47e9635de428ec28e4db1baaeb00,3.5__Pendulum-v1__last-action__H20,Pendulum-v1,last-action,20,12,data/llmx_data/offline_data/physics_data/raw_transitions/Pendulum-v1/episodes/episode_0.npz,32,mismatch,last_action_prediction_continuous_bins,True,,[6],[2],0.0,0.0,,0,,,1.943776416941546,1.9401052499888465,1946,226,2172,direct_bin_action_match,,,
0fb03286e0e8ea2546c5b86cdf28a7ad704697dc9fec937f4a494e734cdefee0,3.5__Pendulum-v1__last-action__H20,Pendulum-v1,last-action,20,13,data/llmx_data/offline_data/physics_data/raw_transitions/Pendulum-v1/episodes/episode_0.npz,33,mismatch,last_action_prediction_continuous_bins,True,,[5],[8],0.0,0.0,,0,,,1.9502609999617562,1.946583207929507,1949,131,2080,direct_bin_action_match,,,
46c5624ff24cebc12d787090a23677df25ad996de4e9712b2f4cf395e8b5f5da,3.5__Pendulum-v1__last-action__H20,Pendulum-v1,last-action,20,14,data/llmx_data/offline_data/physics_data/raw_transitions/Pendulum-v1/episodes/episode_0.npz,34,match,last_action_prediction_continuous_bins,True,,[5],[5],100.0,100.0,,0,,,1.2540242499671876,1.2501579999225214,1950,140,2090,direct_bin_action_match,,,
c7a90bcb06dca7e1916838400582fc0fdfdd1915599eed3425ae228fdfefd971,3.5__Pendulum-v1__last-action__H20,Pendulum-v1,last-action,20,15,data/llmx_data/offline_data/physics_data/raw_transitions/Pendulum-v1/episodes/episode_0.npz,35,mismatch,last_action_prediction_continuous_bins,True,,[7],[1],0.0,0.0,,0,,,3.5995493329828605,3.5967618339927867,1950,273,2223,direct_bin_action_match,,,
f8cd64ec781efa233fd613de48d09cb9e60421c459a1566dc30028bc5e41b316,3.5__Pendulum-v1__last-action__H20,Pendulum-v1,last-action,20,16,data/llmx_data/offline_data/physics_data/raw_transitions/Pendulum-v1/episodes/episode_0.npz,36,mismatch,last_action_prediction_continuous_bins,True,,[7],[9],0.0,0.0,,0,,,2.3751642500283197,2.3708409999962896,1950,283,2233,direct_bin_action_match,,,
a6e62b0b5ee14e5b929cf37c6bd2df273262a244deb07e205e2c06c080364a12,3.5__Pendulum-v1__last-action__H20,Pendulum-v1,last-action,20,17,data/llmx_data/offline_data/physics_data/raw_transitions/Pendulum-v1/episodes/episode_0.npz,37,mismatch,last_action_prediction_continuous_bins,True,,[9],[0],0.0,0.0,,0,,,1.5883068749681115,1.5844491249881685,1951,132,2083,direct_bin_action_match,,,
8efe6ba237d4170521af0391687964d216a907aadc324f326afd4dea35c64dde,3.5__Pendulum-v1__last-action__H20,Pendulum-v1,last-action,20,18,data/llmx_data/offline_data/physics_data/raw_transitions/Pendulum-v1/episodes/episode_0.npz,38,mismatch,last_action_prediction_continuous_bins,True,,[7],[9],0.0,0.0,,0,,,2.475612875074148,2.471727541065775,1954,199,2153,direct_bin_action_match,,,
27aff1b88903012a8f096818a921cfbba61e0f68c20ebb861f48be5479985a25,3.5__Pendulum-v1__last-action__H20,Pendulum-v1,last-action,20,19,data/llmx_data/offline_data/physics_data/raw_transitions/Pendulum-v1/episodes/episode_0.npz,39,mismatch,last_action_prediction_continuous_bins,True,,[0],[7],0.0,0.0,,0,,,2.465405000024475,2.460905041079968,1953,230,2183,direct_bin_action_match,,,
2684017895719db29133ea96878913d2f3abfb50c7297063158314c7fa828782,3.5__Pendulum-v1__last-action__H20,Pendulum-v1,last-action,20,20,data/llmx_data/offline_data/physics_data/raw_transitions/Pendulum-v1/episodes/episode_0.npz,40,mismatch,last_action_prediction_continuous_bins,True,,[8],[5],0.0,0.0,,0,,,1.6049471669830382,1.6011344169965014,1953,161,2114,direct_bin_action_match,,,
e38af32442a5769888185cd68ce9a631d80fcd2c76f8cdf2daebea2b3416193d,3.5__Pendulum-v1__last-action__H20,Pendulum-v1,last-action,20,21,data/llmx_data/offline_data/physics_data/raw_transitions/Pendulum-v1/episodes/episode_0.npz,41,match,last_action_prediction_continuous_bins,True,,[6],[6],100.0,100.0,,0,,,1.7859014999121428,1.7810072080465034,1952,183,2135,direct_bin_action_match,,,
1af01525267714c0df0f12e405d6bfeb7212e6aa9adb95844f9d0cb3a7c6e095,3.5__Pendulum-v1__last-action__H20,Pendulum-v1,last-action,20,22,data/llmx_data/offline_data/physics_data/raw_transitions/Pendulum-v1/episodes/episode_0.npz,42,mismatch,last_action_prediction_continuous_bins,True,,[6],[4],0.0,0.0,,0,,,2.583811542019248,2.5795872079906985,1954,179,2133,direct_bin_action_match,,,
d26069b0b6e2cbf3df22fcf7ccade992d3cca00132628f56d3ad6d18fdfcfca8,3.5__Pendulum-v1__last-action__H20,Pendulum-v1,last-action,20,23,data/llmx_data/offline_data/physics_data/raw_transitions/Pendulum-v1/episodes/episode_0.npz,43,mismatch,last_action_prediction_continuous_bins,True,,[5],[1],0.0,0.0,,0,,,2.440830875071697,2.436156417010352,1953,205,2158,direct_bin_action_match,,,
6a840c8aadb05152ec4b67b44d42236702c0c9faa036977aa6b8f7b55c7dccaf,3.5__Pendulum-v1__last-action__H20,Pendulum-v1,last-action,20,24,data/llmx_data/offline_data/physics_data/raw_transitions/Pendulum-v1/episodes/episode_0.npz,44,ignored,last_action_prediction_continuous_bins,False,"expected 1 values, received 2",,[6],0.0,0.0,,0,,,2.1506863749818876,2.1477104580262676,1954,275,2229,direct_bin_action_match,,,
b452024e9c26d2fe93481e47a4bbab9351d0197349884f097c16d809104c7d6e,3.5__Pendulum-v1__last-action__H20,Pendulum-v1,last-action,20,25,data/llmx_data/offline_data/physics_data/raw_transitions/Pendulum-v1/episodes/episode_0.npz,45,mismatch,last_action_prediction_continuous_bins,True,,[6],[5],0.0,0.0,,0,,,2.886415999964811,2.882838415913284,1953,292,2245,direct_bin_action_match,,,
30b3dd4b97ab909f37779429cf4e71f88d65e00b32da84bc3a678b11947c0f0b,3.5__Pendulum-v1__last-action__H20,Pendulum-v1,last-action,20,26,data/llmx_data/offline_data/physics_data/raw_transitions/Pendulum-v1/episodes/episode_0.npz,46,mismatch,last_action_prediction_continuous_bins,True,,[8],[5],0.0,0.0,,0,,,1.5644594579935074,1.5600068750791252,1950,190,2140,direct_bin_action_match,,,
c74141ecf87eb99694076bf8b5e9d1c0715e35e9e4a000c4a9605d76f91abf52,3.5__Pendulum-v1__last-action__H20,Pendulum-v1,last-action,20,27,data/llmx_data/offline_data/physics_data/raw_transitions/Pendulum-v1/episodes/episode_0.npz,47,mismatch,last_action_prediction_continuous_bins,True,,[5],[6],0.0,0.0,,0,,,2.811862500035204,2.808052125037648,1950,358,2308,direct_bin_action_match,,,
2032c33afcdf1ef6ee138dc6f31a0ef6efedd6d52e1dc5f803597182feed613a,3.5__Pendulum-v1__last-action__H20,Pendulum-v1,last-action,20,28,data/llmx_data/offline_data/physics_data/raw_transitions/Pendulum-v1/episodes/episode_0.npz,48,mismatch,last_action_prediction_continuous_bins,True,,[5],[4],0.0,0.0,,0,,,2.2836675830185413,2.279882958973758,1941,224,2165,direct_bin_action_match,,,
4b2d85186b72fdbc7088cc589ac5b443b4a69a64aa297ee92135cd4cb729fcec,3.5__Pendulum-v1__last-action__H20,Pendulum-v1,last-action,20,29,data/llmx_data/offline_data/physics_data/raw_transitions/Pendulum-v1/episodes/episode_0.npz,49,mismatch,last_action_prediction_continuous_bins,True,,[5],[6],0.0,0.0,,0,,,1.703148416010663,1.6995761250145733,1941,200,2141,direct_bin_action_match,,,
e9c17e4972797acb9bba4c3a1720c7c9b717f5f8d0787ef463892a6d49ba34f3,3.5__Pendulum-v1__last-action__H30,Pendulum-v1,last-action,30,0,data/llmx_data/offline_data/physics_data/raw_transitions/Pendulum-v1/episodes/episode_0.npz,30,mismatch,last_action_prediction_continuous_bins,True,,[6],[2],0.0,0.0,,0,,,3.487112457980402,3.483811957994476,2382,176,2558,direct_bin_action_match,,,
667c373d099ac86e54235bfcb1ed6c0132940487709982e524e957132b75ecc7,3.5__Pendulum-v1__last-action__H30,Pendulum-v1,last-action,30,1,data/llmx_data/offline_data/physics_data/raw_transitions/Pendulum-v1/episodes/episode_0.npz,31,mismatch,last_action_prediction_continuous_bins,True,,[7],[8],0.0,0.0,,0,,,1.350281749968417,1.34676095796749,2386,161,2547,direct_bin_action_match,,,
8013148ab18d58bac9e1f938963385fa1fdc313dbdcd0993a39e606045ae5560,3.5__Pendulum-v1__last-action__H30,Pendulum-v1,last-action,30,2,data/llmx_data/offline_data/physics_data/raw_transitions/Pendulum-v1/episodes/episode_0.npz,32,mismatch,last_action_prediction_continuous_bins,True,,[0],[2],0.0,0.0,,0,,,2.4434466250240803,2.4394004170317203,2388,180,2568,direct_bin_action_match,,,
b9971048fe517765f118faef9f98f071c19d18327d288d11b74fb25c5e34a1be,3.5__Pendulum-v1__last-action__H30,Pendulum-v1,last-action,30,3,data/llmx_data/offline_data/physics_data/raw_transitions/Pendulum-v1/episodes/episode_0.npz,33,mismatch,last_action_prediction_continuous_bins,True,,[0],[8],0.0,0.0,,0,,,3.1454184169415385,3.141133291996084,2391,198,2589,direct_bin_action_match,,,
cf220cbcbcd46c3d992e786835744e298eb2ac4639d8a31ad2db032d062866de,3.5__Pendulum-v1__last-action__H30,Pendulum-v1,last-action,30,4,data/llmx_data/offline_data/physics_data/raw_transitions/Pendulum-v1/episodes/episode_0.npz,34,mismatch,last_action_prediction_continuous_bins,True,,[8],[5],0.0,0.0,,0,,,2.3477876669494435,2.344559582998045,2392,201,2593,direct_bin_action_match,,,
bc5e7c5b147d680b40c3ae3934e8e72dd58dfb8435ea1065eaf4da09a8066dda,3.5__Pendulum-v1__last-action__H30,Pendulum-v1,last-action,30,5,data/llmx_data/offline_data/physics_data/raw_transitions/Pendulum-v1/episodes/episode_0.npz,35,mismatch,last_action_prediction_continuous_bins,True,,[0],[1],0.0,0.0,,0,,,2.305133374989964,2.3015369169879705,2395,186,2581,direct_bin_action_match,,,
478ade4638c89533ff320951ec7abc188f5c9905fe86eb3118012c79710f8d25,3.5__Pendulum-v1__last-action__H30,Pendulum-v1,last-action,30,6,data/llmx_data/offline_data/physics_data/raw_transitions/Pendulum-v1/episodes/episode_0.npz,36,mismatch,last_action_prediction_continuous_bins,True,,[0],[9],0.0,0.0,,0,,,2.396492541069165,2.3934104579966515,2394,255,2649,direct_bin_action_match,,,
0aeffe497abb308f701f8ab0a995300a5f05b619304ad111203bae9625a89e79,3.5__Pendulum-v1__last-action__H30,Pendulum-v1,last-action,30,7,data/llmx_data/offline_data/physics_data/raw_transitions/Pendulum-v1/episodes/episode_0.npz,37,mismatch,last_action_prediction_continuous_bins,True,,[8],[0],0.0,0.0,,0,,,1.5555174999171868,1.551823916961439,2392,153,2545,direct_bin_action_match,,,
9cbcbecfac645f265905d88da5f95faafea3be83d073746510930025a4c6fb61,3.5__Pendulum-v1__last-action__H30,Pendulum-v1,last-action,30,8,data/llmx_data/offline_data/physics_data/raw_transitions/Pendulum-v1/episodes/episode_0.npz,38,ignored,last_action_prediction_continuous_bins,False,predictions list not found,,[9],0.0,0.0,,0,,,2.014627166907303,2.0100908339954913,2393,274,2667,direct_bin_action_match,,,
a0f5d95b3b06b2f3a2ea1749a934ea388a1d0ae3ba3c27ae667c374932128e71,3.5__Pendulum-v1__last-action__H30,Pendulum-v1,last-action,30,9,data/llmx_data/offline_data/physics_data/raw_transitions/Pendulum-v1/episodes/episode_0.npz,39,mismatch,last_action_prediction_continuous_bins,True,,[8],[7],0.0,0.0,,0,,,1.9457611250691116,1.9419252501102164,2393,251,2644,direct_bin_action_match,,,
2bbb4742356ac3c16874e955893ddce55bb00a38498444b7ceba18f65af54a1c,3.5__Pendulum-v1__last-action__H30,Pendulum-v1,last-action,30,10,data/llmx_data/offline_data/physics_data/raw_transitions/Pendulum-v1/episodes/episode_0.npz,40,ignored,last_action_prediction_continuous_bins,False,"expected 1 values, received 2",,[5],0.0,0.0,,0,,,2.491942791035399,2.4873086670413613,2392,159,2551,direct_bin_action_match,,,
fe7133bf0007325e80c54ffdc05b68f021f5dce19db487f1a64268df154892d3,3.5__Pendulum-v1__last-action__H30,Pendulum-v1,last-action,30,11,data/llmx_data/offline_data/physics_data/raw_transitions/Pendulum-v1/episodes/episode_0.npz,41,mismatch,last_action_prediction_continuous_bins,True,,[8],[6],0.0,0.0,,0,,,3.306121959001757,3.3024400839349255,2391,270,2661,direct_bin_action_match,,,
da16ca8e45bab97320b035e1d375df8ae40e3e7b3999c5ba47e6d82f57aea952,3.5__Pendulum-v1__last-action__H30,Pendulum-v1,last-action,30,12,data/llmx_data/offline_data/physics_data/raw_transitions/Pendulum-v1/episodes/episode_0.npz,42,ignored,last_action_prediction_continuous_bins,False,predictions list not found,,[4],0.0,0.0,,0,,,3.9626975000137463,3.958656625007279,2391,310,2701,direct_bin_action_match,,,
197aacdb31d7747b56f405b5f28f6bbcaf6a81d27233b042b61751e9d2ea1fb9,3.5__Pendulum-v1__last-action__H30,Pendulum-v1,last-action,30,13,data/llmx_data/offline_data/physics_data/raw_transitions/Pendulum-v1/episodes/episode_0.npz,43,mismatch,last_action_prediction_continuous_bins,True,,[8],[1],0.0,0.0,,0,,,1.896974541945383,1.8931197921046987,2394,172,2566,direct_bin_action_match,,,
e15926f4b6b36b25eb86b667b179c784b3bce03a131fcd62545702a7095d4c79,3.5__Pendulum-v1__last-action__H30,Pendulum-v1,last-action,30,14,data/llmx_data/offline_data/physics_data/raw_transitions/Pendulum-v1/episodes/episode_0.npz,44,match,last_action_prediction_continuous_bins,True,,[6],[6],100.0,100.0,,0,,,2.333499166998081,2.3292512089246884,2395,207,2602,direct_bin_action_match,,,
047630117a968a8a34b235da838303eb2b3436705f7f1cb8b70e8e5e5c77ceaa,3.5__Pendulum-v1__last-action__H30,Pendulum-v1,last-action,30,15,data/llmx_data/offline_data/physics_data/raw_transitions/Pendulum-v1/episodes/episode_0.npz,45,mismatch,last_action_prediction_continuous_bins,True,,[8],[5],0.0,0.0,,0,,,1.3600199999054894,1.3558895000023767,2395,176,2571,direct_bin_action_match,,,
9ee5595a3ac29f3cdf9a7309434f292cb5bf4312997b03dbe7a052a29a341bd7,3.5__Pendulum-v1__last-action__H30,Pendulum-v1,last-action,30,16,data/llmx_data/offline_data/physics_data/raw_transitions/Pendulum-v1/episodes/episode_0.npz,46,match,last_action_prediction_continuous_bins,True,,[5],[5],100.0,100.0,,0,,,2.453216499998234,2.449276708997786,2392,170,2562,direct_bin_action_match,,,
5f748bfba4fb7203c6979f4211ed1c9ddf1cc4dbcd057da0b872e886b6235070,3.5__Pendulum-v1__last-action__H30,Pendulum-v1,last-action,30,17,data/llmx_data/offline_data/physics_data/raw_transitions/Pendulum-v1/episodes/episode_0.npz,47,ignored,last_action_prediction_continuous_bins,False,"expected 1 values, received 2",,[6],0.0,0.0,,0,,,3.281732707982883,3.2780289590591565,2393,258,2651,direct_bin_action_match,,,
4f7dd4c7316473f163ca80678cc88d8d60cd48eff411c7b42b87de9411fcd0a8,3.5__Pendulum-v1__last-action__H30,Pendulum-v1,last-action,30,18,data/llmx_data/offline_data/physics_data/raw_transitions/Pendulum-v1/episodes/episode_0.npz,48,mismatch,last_action_prediction_continuous_bins,True,,[5],[4],0.0,0.0,,0,,,1.2684800419956446,1.26470029191114,2394,126,2520,direct_bin_action_match,,,
ef30e46a0c2a4384f308ef70e310f034e35d2c09c2ac1e3574571635d43b3d96,3.5__Pendulum-v1__last-action__H30,Pendulum-v1,last-action,30,19,data/llmx_data/offline_data/physics_data/raw_transitions/Pendulum-v1/episodes/episode_0.npz,49,mismatch,last_action_prediction_continuous_bins,True,,[5],[6],0.0,0.0,,0,,,1.9013817500090227,1.896933792042546,2395,266,2661,direct_bin_action_match,,,
4eccefa4b8d33306d99b76745727e506991eedaec0160b7aca8f686e356790d9,3.5__Pendulum-v1__last-action__H30,Pendulum-v1,last-action,30,20,data/llmx_data/offline_data/physics_data/raw_transitions/Pendulum-v1/episodes/episode_0.npz,50,match,last_action_prediction_continuous_bins,True,,[5],[5],100.0,100.0,,0,,,3.841575875063427,3.838119541062042,2394,261,2655,direct_bin_action_match,,,
2de601ae1524d3daf5b2f475dedbdce93a094841bd3f4ed367e3db2254bebe03,3.5__Pendulum-v1__last-action__H30,Pendulum-v1,last-action,30,21,data/llmx_data/offline_data/physics_data/raw_transitions/Pendulum-v1/episodes/episode_0.npz,51,mismatch,last_action_prediction_continuous_bins,True,,[6],[5],0.0,0.0,,0,,,2.02464858291205,2.0208056669216603,2393,137,2530,direct_bin_action_match,,,
ea8bdb73fe36b94e65ad93797c889a84f93b6ca115de3c201544c7ea30857849,3.5__Pendulum-v1__last-action__H30,Pendulum-v1,last-action,30,22,data/llmx_data/offline_data/physics_data/raw_transitions/Pendulum-v1/episodes/episode_0.npz,52,mismatch,last_action_prediction_continuous_bins,True,,[4],[6],0.0,0.0,,0,,,2.31169737491291,2.3066091670189053,2394,209,2603,direct_bin_action_match,,,
6d043cb9bf08ff5f61a74220f4bfd65549b821ec9bc2a8bda7f470daa601099f,3.5__Pendulum-v1__last-action__H30,Pendulum-v1,last-action,30,23,data/llmx_data/offline_data/physics_data/raw_transitions/Pendulum-v1/episodes/episode_0.npz,53,mismatch,last_action_prediction_continuous_bins,True,,[6],[1],0.0,0.0,,0,,,2.777178833959624,2.7694535419577733,2392,179,2571,direct_bin_action_match,,,
a4f4b27d3c7ba820d590e9ba1c707fe2c3ae1e99e2e859e592558bba6f109879,3.5__Pendulum-v1__last-action__H30,Pendulum-v1,last-action,30,24,data/llmx_data/offline_data/physics_data/raw_transitions/Pendulum-v1/episodes/episode_0.npz,54,mismatch,last_action_prediction_continuous_bins,True,,[5],[9],0.0,0.0,,0,,,1.1752288750139996,1.1712105419719592,2393,119,2512,direct_bin_action_match,,,
cd8ff8d2fbfb512354e099be34c67913b9e96e76562e08370b15c4bb316dbe5e,3.5__Pendulum-v1__last-action__H30,Pendulum-v1,last-action,30,25,data/llmx_data/offline_data/physics_data/raw_transitions/Pendulum-v1/episodes/episode_0.npz,55,mismatch,last_action_prediction_continuous_bins,True,,[6],[2],0.0,0.0,,0,,,2.0576914160046726,2.054154291981831,2389,205,2594,direct_bin_action_match,,,
de1ac9aa14f168a3a77fbaf753b707592f46d17567d4a9c566e4ca331e6c5345,3.5__Pendulum-v1__last-action__H30,Pendulum-v1,last-action,30,26,data/llmx_data/offline_data/physics_data/raw_transitions/Pendulum-v1/episodes/episode_0.npz,56,mismatch,last_action_prediction_continuous_bins,True,,[7],[9],0.0,0.0,,0,,,1.6994981670286506,1.6958338329568505,2390,139,2529,direct_bin_action_match,,,
9f68a55a191431ebd8e049602cf6d68d752efdc2409c6ab67f6a135232a7353d,3.5__Pendulum-v1__last-action__H30,Pendulum-v1,last-action,30,27,data/llmx_data/offline_data/physics_data/raw_transitions/Pendulum-v1/episodes/episode_0.npz,57,mismatch,last_action_prediction_continuous_bins,True,,[6],[4],0.0,0.0,,0,,,1.871890209033154,1.8673498330172151,2389,177,2566,direct_bin_action_match,,,
2ea6bb5f623c2285a8113f52d44e01ba71b7094cdd875665cb9c6c6cd17541d1,3.5__Pendulum-v1__last-action__H30,Pendulum-v1,last-action,30,28,data/llmx_data/offline_data/physics_data/raw_transitions/Pendulum-v1/episodes/episode_0.npz,58,match,last_action_prediction_continuous_bins,True,,[5],[5],100.0,100.0,,0,,,1.5536026660120115,1.549908958026208,2382,181,2563,direct_bin_action_match,,,
d0d419f094c9c6cec4e0fd52c10331a8ae36e9a563ad7c31a82038766e08b8f1,3.5__Pendulum-v1__last-action__H30,Pendulum-v1,last-action,30,29,data/llmx_data/offline_data/physics_data/raw_transitions/Pendulum-v1/episodes/episode_0.npz,59,mismatch,last_action_prediction_continuous_bins,True,,[8],[5],0.0,0.0,,0,,,2.1040076669305563,2.1005557500757277,2382,146,2528,direct_bin_action_match,,,
4c5f53d14757c2c6c13d661a89c9b138ba124a8dca1e88337e0fc73d8b3181fb,3.5__Pendulum-v1__next-state__H5,Pendulum-v1,next-state,5,0,data/llmx_data/offline_data/physics_data/raw_transitions/Pendulum-v1/episodes/episode_0.npz,4,mismatch,next_state_prediction,True,,"[1, 1, 1]","[1, 0, 0]",0.0,33.33333333333333,33.33333333333333,0,3,,2.3418345829704776,2.338395499973558,1103,190,1293,three_class_state_change_reanalysis,"[1, 0, 0]",0.0001,False
495cb35e3e8dc96b2e8dde909dd82dd862c1137d4f01a17785bbd9de34c69fcb,3.5__Pendulum-v1__next-state__H5,Pendulum-v1,next-state,5,1,data/llmx_data/offline_data/physics_data/raw_transitions/Pendulum-v1/episodes/episode_0.npz,5,mismatch,next_state_prediction,True,,"[0, 0, 1]","[1, 0, 0]",0.0,33.33333333333333,33.33333333333333,0,3,,1.8512648340547457,1.8468407499603927,1113,183,1296,three_class_state_change_reanalysis,"[1, 0, 0]",0.0001,False
f022caa98daac467fa6e6610df1da000d8f9f584bbd5612a4bc40c11b7df9e03,3.5__Pendulum-v1__next-state__H5,Pendulum-v1,next-state,5,2,data/llmx_data/offline_data/physics_data/raw_transitions/Pendulum-v1/episodes/episode_0.npz,6,match,next_state_prediction,True,,"[1, 0, 0]","[1, 0, 0]",100.0,100.0,100.0,0,3,,3.5686986250802875,3.5654525839490816,1117,178,1295,three_class_state_change_reanalysis,"[1, 0, 0]",0.0001,False
038d020417d0cc2b3570320821c4201d1b34563cde632e53ec85482f99406516,3.5__Pendulum-v1__next-state__H5,Pendulum-v1,next-state,5,3,data/llmx_data/offline_data/physics_data/raw_transitions/Pendulum-v1/episodes/episode_0.npz,7,mismatch,next_state_prediction,True,,"[0, 0, 0]","[1, 0, 0]",0.0,66.66666666666666,66.66666666666666,0,3,,1.8482289999956265,1.8437741659581661,1118,215,1333,three_class_state_change_reanalysis,"[1, 0, 0]",0.0001,False
6bfd9ac72fe30e016749be5bbc67f7624d541b49848f52f3dc4c26832aca8842,3.5__Pendulum-v1__next-state__H5,Pendulum-v1,next-state,5,4,data/llmx_data/offline_data/physics_data/raw_transitions/Pendulum-v1/episodes/episode_0.npz,8,mismatch,next_state_prediction,True,,"[0, 0, 1]","[1, 0, 0]",0.0,33.33333333333333,33.33333333333333,0,3,,2.4842635829700157,2.478984749992378,1115,196,1311,three_class_state_change_reanalysis,"[1, 0, 0]",0.0001,False
4a368e28717e091d262d402d29e445e16d3102b7d75f081ba3dbdc3b19e72023,3.5__Pendulum-v1__next-state__H5,Pendulum-v1,next-state,5,5,data/llmx_data/offline_data/physics_data/raw_transitions/Pendulum-v1/episodes/episode_0.npz,9,mismatch,next_state_prediction,True,,"[0, 0, 0]","[1, 0, 1]",0.0,33.33333333333333,33.33333333333333,0,3,,1.7148724580183625,1.7118438329780474,1122,195,1317,three_class_state_change_reanalysis,"[1, 0, 1]",0.0001,False
147e5dc99b722a733003fabe918b21b650b4d8ba8557914213bae45cb5a83dc3,3.5__Pendulum-v1__next-state__H5,Pendulum-v1,next-state,5,6,data/llmx_data/offline_data/physics_data/raw_transitions/Pendulum-v1/episodes/episode_0.npz,10,mismatch,next_state_prediction,True,,"[1, 0, 0]","[1, 0, 1]",0.0,33.33333333333333,66.66666666666666,1,3,,2.5125906250905246,2.507430666941218,1121,181,1302,three_class_state_change_reanalysis,"[2, 0, 1]",0.0001,False
3fe551f994b29192bf86e9133d249150ee20d1b9d444163a1dfde537ea363f93,3.5__Pendulum-v1__next-state__H5,Pendulum-v1,next-state,5,7,data/llmx_data/offline_data/physics_data/raw_transitions/Pendulum-v1/episodes/episode_0.npz,11,mismatch,next_state_prediction,True,,"[0, 0, 1]","[0, 0, 0]",0.0,33.33333333333333,66.66666666666666,1,3,,1.939791165990755,1.9364610840566456,1119,218,1337,three_class_state_change_reanalysis,"[2, 0, 0]",0.0001,False
8c335924d65bb7f3f98341fbff7c9ea957386a2c06bda0aa10795a06480d2bce,3.5__Pendulum-v1__next-state__H5,Pendulum-v1,next-state,5,8,data/llmx_data/offline_data/physics_data/raw_transitions/Pendulum-v1/episodes/episode_0.npz,12,mismatch,next_state_prediction,True,,"[1, 1, 1]","[0, 0, 1]",0.0,33.33333333333333,33.33333333333333,1,3,,1.43185616703704,1.4277287919539958,1112,186,1298,three_class_state_change_reanalysis,"[2, 0, 1]",0.0001,False
977145a0d1c514eab2955742b92997130352b1f999de5103cc4697571d16f338,3.5__Pendulum-v1__next-state__H5,Pendulum-v1,next-state,5,9,data/llmx_data/offline_data/physics_data/raw_transitions/Pendulum-v1/episodes/episode_0.npz,13,mismatch,next_state_prediction,True,,"[1, 0, 0]","[0, 0, 0]",0.0,66.66666666666666,66.66666666666666,0,3,,2.212102000019513,2.208440832910128,1116,173,1289,three_class_state_change_reanalysis,"[0, 0, 0]",0.0001,False
971fe089aabc226d26c7723f0d6f7b956c1b4f28cc2105644186faf0db023177,3.5__Pendulum-v1__next-state__H5,Pendulum-v1,next-state,5,10,data/llmx_data/offline_data/physics_data/raw_transitions/Pendulum-v1/episodes/episode_0.npz,14,mismatch,next_state_prediction,True,,"[1, 0, 1]","[0, 0, 1]",0.0,66.66666666666666,66.66666666666666,1,3,,2.468015458085574,2.4647167079383507,1115,183,1298,three_class_state_change_reanalysis,"[2, 0, 1]",0.0001,False
159e6e83e775872dd08362229738dfdf2ebdd72d65aabcedda271e4a2089ca4b,3.5__Pendulum-v1__next-state__H5,Pendulum-v1,next-state,5,11,data/llmx_data/offline_data/physics_data/raw_transitions/Pendulum-v1/episodes/episode_0.npz,15,mismatch,next_state_prediction,True,,"[0, 1, 1]","[0, 0, 0]",0.0,33.33333333333333,33.33333333333333,0,3,,1.757011666893959,1.7528481669723988,1118,152,1270,three_class_state_change_reanalysis,"[0, 0, 0]",0.0001,False
09e0e5569d3df67796564258ea8e9aece2f9414210faee7f1292359a6d137707,3.5__Pendulum-v1__next-state__H5,Pendulum-v1,next-state,5,12,data/llmx_data/offline_data/physics_data/raw_transitions/Pendulum-v1/episodes/episode_0.npz,16,mismatch,next_state_prediction,True,,"[1, 0, 0]","[0, 0, 1]",0.0,33.33333333333333,33.33333333333333,0,3,,3.2013419999275357,3.1967629159335047,1112,182,1294,three_class_state_change_reanalysis,"[0, 0, 1]",0.0001,False
33abad7f46cd06efbf4217f7f4f2449ab0554b68e26488b6b42ace39c9fa2f0d,3.5__Pendulum-v1__next-state__H5,Pendulum-v1,next-state,5,13,data/llmx_data/offline_data/physics_data/raw_transitions/Pendulum-v1/episodes/episode_0.npz,17,mismatch,next_state_prediction,True,,"[1, 0, 0]","[0, 0, 0]",0.0,66.66666666666666,66.66666666666666,0,3,,1.712568833027035,1.7080585829680786,1113,238,1351,three_class_state_change_reanalysis,"[0, 0, 0]",0.0001,False
fa43750dfa23a6a2bc282e6ec875748e64a40a6bf2dec8ae420b6b85a43cf142,3.5__Pendulum-v1__next-state__H5,Pendulum-v1,next-state,5,14,data/llmx_data/offline_data/physics_data/raw_transitions/Pendulum-v1/episodes/episode_0.npz,18,mismatch,next_state_prediction,True,,"[1, 0, 1]","[0, 0, 1]",0.0,66.66666666666666,66.66666666666666,0,3,,1.9143447079695761,1.9096227920381352,1114,228,1342,three_class_state_change_reanalysis,"[0, 0, 1]",0.0001,False
78b4149a5e0e865724e630f20f052a487506a3158e42ab06b9b320faa8a0f0d7,3.5__Pendulum-v1__next-state__H5,Pendulum-v1,next-state,5,15,data/llmx_data/offline_data/physics_data/raw_transitions/Pendulum-v1/episodes/episode_0.npz,19,mismatch,next_state_prediction,True,,"[0, 0, 0]","[0, 1, 1]",0.0,0.0,33.33333333333333,1,3,,1.6574649160029367,1.654333832906559,1114,212,1326,three_class_state_change_reanalysis,"[2, 1, 1]",0.0001,False
28dc031950235b50fdff2d282d4713c1fed406cc1fc17e2deca5cbbb57cf000c,3.5__Pendulum-v1__next-state__H5,Pendulum-v1,next-state,5,16,data/llmx_data/offline_data/physics_data/raw_transitions/Pendulum-v1/episodes/episode_0.npz,20,mismatch,next_state_prediction,True,,"[1, 0, 1]","[0, 0, 0]",0.0,33.33333333333333,33.33333333333333,1,3,,3.0068124590907246,3.003183374996297,1116,198,1314,three_class_state_change_reanalysis,"[2, 0, 0]",0.0001,False
10b3586b7c5fad6ba0ca011f513a30aae04740f87782c02642efd775b73ff2a6,3.5__Pendulum-v1__next-state__H5,Pendulum-v1,next-state,5,17,data/llmx_data/offline_data/physics_data/raw_transitions/Pendulum-v1/episodes/episode_0.npz,21,mismatch,next_state_prediction,True,,"[0, 1, 0]","[1, 1, 1]",0.0,33.33333333333333,33.33333333333333,1,3,,3.385692041949369,3.382927250000648,1112,240,1352,three_class_state_change_reanalysis,"[2, 1, 1]",0.0001,False
ebe19d6e917fa0b2ff77a39e7180e4bad939c84b2e933d4d9136daa96bd4b595,3.5__Pendulum-v1__next-state__H5,Pendulum-v1,next-state,5,18,data/llmx_data/offline_data/physics_data/raw_transitions/Pendulum-v1/episodes/episode_0.npz,22,mismatch,next_state_prediction,True,,"[0, 1, 0]","[0, 0, 0]",0.0,66.66666666666666,66.66666666666666,0,3,,2.4049375830218196,2.4028826659778133,1121,231,1352,three_class_state_change_reanalysis,"[0, 0, 0]",0.0001,False
3e0e0db435f782832a568a3daadce380f2b9e42b937b548ef0b9634a1a10615e,3.5__Pendulum-v1__next-state__H5,Pendulum-v1,next-state,5,19,data/llmx_data/offline_data/physics_data/raw_transitions/Pendulum-v1/episodes/episode_0.npz,23,mismatch,next_state_prediction,True,,"[0, 1, 1]","[1, 1, 1]",0.0,66.66666666666666,66.66666666666666,1,3,,2.156852334039286,2.1550757499644533,1117,160,1277,three_class_state_change_reanalysis,"[2, 1, 1]",0.0001,False
1b593ac0e6bca983c2cec9574586f1de764d1d1d6a0bf3229f34d65d1277a513,3.5__Pendulum-v1__next-state__H5,Pendulum-v1,next-state,5,20,data/llmx_data/offline_data/physics_data/raw_transitions/Pendulum-v1/episodes/episode_0.npz,24,mismatch,next_state_prediction,True,,"[1, 0, 1]","[1, 1, 1]",0.0,33.33333333333333,66.66666666666666,1,3,,1.7104179160669446,1.7092246660031378,1120,188,1308,three_class_state_change_reanalysis,"[2, 1, 1]",0.0001,False
ff31e6af5464a35f54bd2053584a875501de8eb443286d2ad65e9d2220200e05,3.5__Pendulum-v1__next-state__H5,Pendulum-v1,next-state,5,21,data/llmx_data/offline_data/physics_data/raw_transitions/Pendulum-v1/episodes/episode_0.npz,25,mismatch,next_state_prediction,True,,"[1, 0, 1]","[0, 0, 0]",0.0,33.33333333333333,33.33333333333333,0,3,,2.1322576249949634,2.1299485840136185,1120,202,1322,three_class_state_change_reanalysis,"[0, 0, 0]",0.0001,False
231769aef22db1c4d27f5b1ea27014f6ee289370df9acd821b912f304ebc3bc1,3.5__Pendulum-v1__next-state__H5,Pendulum-v1,next-state,5,22,data/llmx_data/offline_data/physics_data/raw_transitions/Pendulum-v1/episodes/episode_0.npz,26,mismatch,next_state_prediction,True,,"[1, 0, 1]","[0, 0, 1]",0.0,33.33333333333333,66.66666666666666,2,3,,2.7743617079686373,2.7715732499491423,1120,189,1309,three_class_state_change_reanalysis,"[2, 2, 1]",0.0001,False
826051698a87a260f359ae074b72fa04c7e2aecda657e12661989085d2083645,3.5__Pendulum-v1__next-state__H5,Pendulum-v1,next-state,5,23,data/llmx_data/offline_data/physics_data/raw_transitions/Pendulum-v1/episodes/episode_0.npz,27,mismatch,next_state_prediction,True,,"[1, 0, 1]","[1, 1, 1]",0.0,66.66666666666666,66.66666666666666,0,3,,2.918540333979763,2.914714082959108,1146,176,1322,three_class_state_change_reanalysis,"[1, 1, 1]",0.0001,False
bb6aba0f18f8e587ead6412ade092c5bfef876e140d500f6a1600e57bec78ec1,3.5__Pendulum-v1__next-state__H5,Pendulum-v1,next-state,5,24,data/llmx_data/offline_data/physics_data/raw_transitions/Pendulum-v1/episodes/episode_0.npz,28,mismatch,next_state_prediction,True,,"[0, 1, 0]","[0, 0, 0]",0.0,66.66666666666666,66.66666666666666,0,3,,2.20372537500225,2.1992568330606446,1128,202,1330,three_class_state_change_reanalysis,"[0, 0, 0]",0.0001,False
2c74ef840d738357a4bb4fb3a609c5dd3e77a478513b8a5bda11f194d502e270,3.5__Pendulum-v1__next-state__H5,Pendulum-v1,next-state,5,25,data/llmx_data/offline_data/physics_data/raw_transitions/Pendulum-v1/episodes/episode_0.npz,29,mismatch,next_state_prediction,True,,"[0, 1, 1]","[1, 1, 1]",0.0,66.66666666666666,66.66666666666666,0,3,,2.453519874950871,2.448592209024355,1126,170,1296,three_class_state_change_reanalysis,"[1, 1, 1]",0.0001,False
6da9f470972b7e9e0df28405de22fad39cc601ee04098b9333759afca801d083,3.5__Pendulum-v1__next-state__H5,Pendulum-v1,next-state,5,26,data/llmx_data/offline_data/physics_data/raw_transitions/Pendulum-v1/episodes/episode_0.npz,30,mismatch,next_state_prediction,True,,"[0, 1, 0]","[0, 0, 0]",0.0,66.66666666666666,66.66666666666666,0,3,,3.6629021250410005,3.659205083968118,1130,222,1352,three_class_state_change_reanalysis,"[0, 0, 0]",0.0001,False
b23510307a62801bed2cd3b19ecae4fecce38c3234defd1ee9471f295b2eccc3,3.5__Pendulum-v1__next-state__H5,Pendulum-v1,next-state,5,27,data/llmx_data/offline_data/physics_data/raw_transitions/Pendulum-v1/episodes/episode_0.npz,31,ignored,next_state_prediction,False,"directions must be one of ['DEC', 'INC']",,"[1, 1, 1]",0.0,,,0,3,parse_failure_state_prediction,3.0634210830321535,3.0597033329540864,1128,235,1363,three_class_state_change_reanalysis,"[1, 1, 1]",0.0001,False
12e31f03598ec6093719cf264fe0c47bcddd8890dc0a96cea2d215a9bdf7556f,3.5__Pendulum-v1__next-state__H5,Pendulum-v1,next-state,5,28,data/llmx_data/offline_data/physics_data/raw_transitions/Pendulum-v1/episodes/episode_0.npz,32,mismatch,next_state_prediction,True,,"[0, 1, 1]","[0, 0, 0]",0.0,33.33333333333333,33.33333333333333,0,3,,2.43980300007388,2.4362215410219505,1123,254,1377,three_class_state_change_reanalysis,"[0, 0, 0]",0.0001,False
18d9abe6218a35cd0ed2d3a9d14321bce809b05b62f59f73e209cd8abc705fa7,3.5__Pendulum-v1__next-state__H5,Pendulum-v1,next-state,5,29,data/llmx_data/offline_data/physics_data/raw_transitions/Pendulum-v1/episodes/episode_0.npz,33,mismatch,next_state_prediction,True,,"[0, 1, 0]","[1, 1, 1]",0.0,33.33333333333333,33.33333333333333,0,3,,2.4329741669353098,2.42699987499509,1119,270,1389,three_class_state_change_reanalysis,"[1, 1, 1]",0.0001,False
6b858023cd4051620f906a27b2454a3cff37c18411aead52b19e67def47a6f69,3.5__Pendulum-v1__next-state__H10,Pendulum-v1,next-state,10,0,data/llmx_data/offline_data/physics_data/raw_transitions/Pendulum-v1/episodes/episode_0.npz,9,mismatch,next_state_prediction,True,,"[0, 0, 0]","[1, 0, 1]",0.0,33.33333333333333,33.33333333333333,0,3,,3.0439747910713777,3.0413367920555174,1333,157,1490,three_class_state_change_reanalysis,"[1, 0, 1]",0.0001,False
6bf945f9ab0ba94478fb2be16299bade2d263faa53a62a789b2aaf846b7cb0e0,3.5__Pendulum-v1__next-state__H10,Pendulum-v1,next-state,10,1,data/llmx_data/offline_data/physics_data/raw_transitions/Pendulum-v1/episodes/episode_0.npz,10,mismatch,next_state_prediction,True,,"[1, 0, 0]","[1, 0, 1]",0.0,33.33333333333333,66.66666666666666,1,3,,2.286444167024456,2.2818292500451207,1336,175,1511,three_class_state_change_reanalysis,"[2, 0, 1]",0.0001,False
ce0287482437c9a48879ddf030eb76ca3ae321b07f038108efd7fffde2759b97,3.5__Pendulum-v1__next-state__H10,Pendulum-v1,next-state,10,2,data/llmx_data/offline_data/physics_data/raw_transitions/Pendulum-v1/episodes/episode_0.npz,11,mismatch,next_state_prediction,True,,"[1, 0, 1]","[0, 0, 0]",0.0,33.33333333333333,33.33333333333333,1,3,,1.467265082988888,1.4629704169929028,1338,188,1526,three_class_state_change_reanalysis,"[2, 0, 0]",0.0001,False
00b1dbf2da8b4fb6fc2c4a49dacd2e22a80b32f967f97a017a6e6cd6dccf5822,3.5__Pendulum-v1__next-state__H10,Pendulum-v1,next-state,10,3,data/llmx_data/offline_data/physics_data/raw_transitions/Pendulum-v1/episodes/episode_0.npz,12,mismatch,next_state_prediction,True,,"[0, 0, 0]","[0, 0, 1]",0.0,33.33333333333333,66.66666666666666,1,3,,2.2034633338917047,2.1995767910266295,1334,190,1524,three_class_state_change_reanalysis,"[2, 0, 1]",0.0001,False
0353489de34bf7aa4a41b539be0f62f2f074c6c403ab971d689a68da26c7942e,3.5__Pendulum-v1__next-state__H10,Pendulum-v1,next-state,10,4,data/llmx_data/offline_data/physics_data/raw_transitions/Pendulum-v1/episodes/episode_0.npz,13,ignored,next_state_prediction,False,"directions must be one of ['DEC', 'INC']",,"[0, 0, 0]",0.0,,,0,3,parse_failure_state_prediction,1.8129907079273835,1.809584208065644,1337,234,1571,three_class_state_change_reanalysis,"[0, 0, 0]",0.0001,False
485d6c0d674108ca687b2ad5c097e70af6c5f6e79fa3ab92923b1abd9de9c095,3.5__Pendulum-v1__next-state__H10,Pendulum-v1,next-state,10,5,data/llmx_data/offline_data/physics_data/raw_transitions/Pendulum-v1/episodes/episode_0.npz,14,mismatch,next_state_prediction,True,,"[1, 0, 0]","[0, 0, 1]",0.0,33.33333333333333,33.33333333333333,1,3,,1.7217974580125883,1.718621916952543,1340,151,1491,three_class_state_change_reanalysis,"[2, 0, 1]",0.0001,False
dffc26b053f865e96deb38a297dc8048d99c7cb7b07a3c09e5676fab7282b3a3,3.5__Pendulum-v1__next-state__H10,Pendulum-v1,next-state,10,6,data/llmx_data/offline_data/physics_data/raw_transitions/Pendulum-v1/episodes/episode_0.npz,15,mismatch,next_state_prediction,True,,"[1, 0, 0]","[0, 0, 0]",0.0,66.66666666666666,66.66666666666666,0,3,,2.3786085420288146,2.3748170839389786,1342,185,1527,three_class_state_change_reanalysis,"[0, 0, 0]",0.0001,False
c9e2dc02874176f2752b6962461c77293527d50b7549ba35a71416ae5e70b33b,3.5__Pendulum-v1__next-state__H10,Pendulum-v1,next-state,10,7,data/llmx_data/offline_data/physics_data/raw_transitions/Pendulum-v1/episodes/episode_0.npz,16,mismatch,next_state_prediction,True,,"[1, 0, 1]","[0, 0, 1]",0.0,66.66666666666666,66.66666666666666,0,3,,2.2271483750082552,2.223074125009589,1335,163,1498,three_class_state_change_reanalysis,"[0, 0, 1]",0.0001,False
89c145ef9e5197e6b64b43fd0f5b54e417264d39673484c17967501cd83a41e6,3.5__Pendulum-v1__next-state__H10,Pendulum-v1,next-state,10,8,data/llmx_data/offline_data/physics_data/raw_transitions/Pendulum-v1/episodes/episode_0.npz,17,mismatch,next_state_prediction,True,,"[1, 0, 0]","[0, 0, 0]",0.0,66.66666666666666,66.66666666666666,0,3,,2.1860042919870466,2.1823785830056295,1333,163,1496,three_class_state_change_reanalysis,"[0, 0, 0]",0.0001,False
e336c20f86fc6d58358e4b9b8cac05a706968c124368460ba6f817a7426f54d3,3.5__Pendulum-v1__next-state__H10,Pendulum-v1,next-state,10,9,data/llmx_data/offline_data/physics_data/raw_transitions/Pendulum-v1/episodes/episode_0.npz,18,mismatch,next_state_prediction,True,,"[0, 0, 0]","[0, 0, 1]",0.0,66.66666666666666,66.66666666666666,0,3,,2.9540832500206307,2.951267416938208,1335,236,1571,three_class_state_change_reanalysis,"[0, 0, 1]",0.0001,False
67145ca07fb2e0e979c0a5a1ad12d4b879f06716430884f6179033db37b43d1a,3.5__Pendulum-v1__next-state__H10,Pendulum-v1,next-state,10,10,data/llmx_data/offline_data/physics_data/raw_transitions/Pendulum-v1/episodes/episode_0.npz,19,mismatch,next_state_prediction,True,,"[0, 0, 1]","[0, 1, 1]",0.0,33.33333333333333,66.66666666666666,1,3,,1.8445277499267831,1.8411799169844016,1334,163,1497,three_class_state_change_reanalysis,"[2, 1, 1]",0.0001,False
900b3011b534fbe46043baa5adc7434eb4a5e4098417a0726132a67087f6fd67,3.5__Pendulum-v1__next-state__H10,Pendulum-v1,next-state,10,11,data/llmx_data/offline_data/physics_data/raw_transitions/Pendulum-v1/episodes/episode_0.npz,20,match,next_state_prediction,True,,"[0, 0, 0]","[0, 0, 0]",100.0,66.66666666666666,100.0,1,3,,2.5201457090443,2.5166028330568224,1336,231,1567,three_class_state_change_reanalysis,"[2, 0, 0]",0.0001,False
68f2c45666ebf09babc35df5a93890d16a2fde2e2c0de36f207d490d5cce7194,3.5__Pendulum-v1__next-state__H10,Pendulum-v1,next-state,10,12,data/llmx_data/offline_data/physics_data/raw_transitions/Pendulum-v1/episodes/episode_0.npz,21,mismatch,next_state_prediction,True,,"[0, 0, 0]","[1, 1, 1]",0.0,0.0,0.0,1,3,,1.4892454999499023,1.4845058750361204,1330,189,1519,three_class_state_change_reanalysis,"[2, 1, 1]",0.0001,False
46aacf6e9a545d8f3a01b736d60b2c76d9ce283cb269d017dda6385d6722459c,3.5__Pendulum-v1__next-state__H10,Pendulum-v1,next-state,10,13,data/llmx_data/offline_data/physics_data/raw_transitions/Pendulum-v1/episodes/episode_0.npz,22,mismatch,next_state_prediction,True,,"[0, 0, 1]","[0, 0, 0]",0.0,66.66666666666666,66.66666666666666,0,3,,2.2153280000202358,2.2109435830498114,1340,156,1496,three_class_state_change_reanalysis,"[0, 0, 0]",0.0001,False
24c0f6f7268e96dfcf1ca7cce32083fa2d742b9731f24e8c8578d649a6c4d544,3.5__Pendulum-v1__next-state__H10,Pendulum-v1,next-state,10,14,data/llmx_data/offline_data/physics_data/raw_transitions/Pendulum-v1/episodes/episode_0.npz,23,mismatch,next_state_prediction,True,,"[0, 0, 1]","[1, 1, 1]",0.0,33.33333333333333,33.33333333333333,1,3,,2.4175065000308678,2.412707583978772,1336,174,1510,three_class_state_change_reanalysis,"[2, 1, 1]",0.0001,False
22d95b883e70919cb8de7eb529161a17bb394aa9e2ac02140a8098d5a7123b5c,3.5__Pendulum-v1__next-state__H10,Pendulum-v1,next-state,10,15,data/llmx_data/offline_data/physics_data/raw_transitions/Pendulum-v1/episodes/episode_0.npz,24,mismatch,next_state_prediction,True,,"[0, 1, 0]","[1, 1, 1]",0.0,33.33333333333333,33.33333333333333,1,3,,2.7626726661110297,2.7591307089896873,1339,217,1556,three_class_state_change_reanalysis,"[2, 1, 1]",0.0001,False
f8ac8f14bafe054debb3f70a244535b7d9fb3b878c91037af374519911e086e8,3.5__Pendulum-v1__next-state__H10,Pendulum-v1,next-state,10,16,data/llmx_data/offline_data/physics_data/raw_transitions/Pendulum-v1/episodes/episode_0.npz,25,mismatch,next_state_prediction,True,,"[0, 1, 0]","[0, 0, 0]",0.0,66.66666666666666,66.66666666666666,0,3,,1.7262548330472782,1.7224813339998946,1339,187,1526,three_class_state_change_reanalysis,"[0, 0, 0]",0.0001,False
3d2e697ae41dd29d1c739fc6610a97ecaefc1aefc1194586a1979093b69d4b6c,3.5__Pendulum-v1__next-state__H10,Pendulum-v1,next-state,10,17,data/llmx_data/offline_data/physics_data/raw_transitions/Pendulum-v1/episodes/episode_0.npz,26,mismatch,next_state_prediction,True,,"[0, 1, 0]","[0, 0, 1]",0.0,0.0,33.33333333333333,2,3,,2.4591072499752045,2.454514291952364,1339,200,1539,three_class_state_change_reanalysis,"[2, 2, 1]",0.0001,False
e931c1ba3cbb92a48d65a1059b3614522c88c75aa004f8e9e145302a0a64f084,3.5__Pendulum-v1__next-state__H10,Pendulum-v1,next-state,10,18,data/llmx_data/offline_data/physics_data/raw_transitions/Pendulum-v1/episodes/episode_0.npz,27,mismatch,next_state_prediction,True,,"[0, 1, 0]","[1, 1, 1]",0.0,33.33333333333333,33.33333333333333,0,3,,1.9123784579569474,1.9080588750075549,1368,208,1576,three_class_state_change_reanalysis,"[1, 1, 1]",0.0001,False
682f086821277bb54c679ea6f25eef68e1bc7a2e88cf19970d8b94ae3aa34e2e,3.5__Pendulum-v1__next-state__H10,Pendulum-v1,next-state,10,19,data/llmx_data/offline_data/physics_data/raw_transitions/Pendulum-v1/episodes/episode_0.npz,28,mismatch,next_state_prediction,True,,"[0, 1, 0]","[0, 0, 0]",0.0,66.66666666666666,66.66666666666666,0,3,,2.690932583063841,2.6880571669898927,1350,222,1572,three_class_state_change_reanalysis,"[0, 0, 0]",0.0001,False
19e660bf80f8c9f940544dca1b322b865cb06daebb84b3d7a7429c73302af593,3.5__Pendulum-v1__next-state__H10,Pendulum-v1,next-state,10,20,data/llmx_data/offline_data/physics_data/raw_transitions/Pendulum-v1/episodes/episode_0.npz,29,mismatch,next_state_prediction,True,,"[0, 1, 1]","[1, 1, 1]",0.0,66.66666666666666,66.66666666666666,0,3,,2.0432764169527218,2.0384859580080956,1349,182,1531,three_class_state_change_reanalysis,"[1, 1, 1]",0.0001,False
89f8dca5e13f151c5efe75ebaec9daef9f23e62b1329835d17df7585863b2ba6,3.5__Pendulum-v1__next-state__H10,Pendulum-v1,next-state,10,21,data/llmx_data/offline_data/physics_data/raw_transitions/Pendulum-v1/episodes/episode_0.npz,30,mismatch,next_state_prediction,True,,"[1, 0, 1]","[0, 0, 0]",0.0,33.33333333333333,33.33333333333333,0,3,,1.8616575000341982,1.8568323329091072,1353,198,1551,three_class_state_change_reanalysis,"[0, 0, 0]",0.0001,False
f54ce7ceb83b2cb0443bc644b17c2ede2267ecf8f060d38048a181c616f8f121,3.5__Pendulum-v1__next-state__H10,Pendulum-v1,next-state,10,22,data/llmx_data/offline_data/physics_data/raw_transitions/Pendulum-v1/episodes/episode_0.npz,31,ignored,next_state_prediction,False,"directions must be one of ['DEC', 'INC']",,"[1, 1, 1]",0.0,,,0,3,parse_failure_state_prediction,1.9503292500739917,1.9462402500212193,1352,135,1487,three_class_state_change_reanalysis,"[1, 1, 1]",0.0001,False
e4547ead19fed68f9a40a732148ef737c8218320e4417e45004b37d1fdcffeeb,3.5__Pendulum-v1__next-state__H10,Pendulum-v1,next-state,10,23,data/llmx_data/offline_data/physics_data/raw_transitions/Pendulum-v1/episodes/episode_0.npz,32,ignored,next_state_prediction,False,"directions must be one of ['DEC', 'INC']",,"[0, 0, 0]",0.0,,,0,3,parse_failure_state_prediction,2.000974834081717,1.9974612920777872,1354,128,1482,three_class_state_change_reanalysis,"[0, 0, 0]",0.0001,False
99826cf8ff8098f3d08933a7ccb533cac56d4360fec4f88d59ef0673cbebd79f,3.5__Pendulum-v1__next-state__H10,Pendulum-v1,next-state,10,24,data/llmx_data/offline_data/physics_data/raw_transitions/Pendulum-v1/episodes/episode_0.npz,33,match,next_state_prediction,True,,"[1, 1, 1]","[1, 1, 1]",100.0,100.0,100.0,0,3,,2.1094277090160176,2.10640766704455,1351,216,1567,three_class_state_change_reanalysis,"[1, 1, 1]",0.0001,False
5ddbf0a4fa59bfb1a3ba785c94f5af2cb96d7dbe8be4ff2fc98ebc7cdbe0a3b3,3.5__Pendulum-v1__next-state__H10,Pendulum-v1,next-state,10,25,data/llmx_data/offline_data/physics_data/raw_transitions/Pendulum-v1/episodes/episode_0.npz,34,mismatch,next_state_prediction,True,,"[0, 1, 0]","[1, 1, 0]",0.0,66.66666666666666,66.66666666666666,0,3,,2.118812916916795,2.116432875045575,1351,187,1538,three_class_state_change_reanalysis,"[1, 1, 0]",0.0001,False
58323663aaa9f60f3ade99e7b56c2391470dc34bda4246665c8a488f13197fbd,3.5__Pendulum-v1__next-state__H10,Pendulum-v1,next-state,10,26,data/llmx_data/offline_data/physics_data/raw_transitions/Pendulum-v1/episodes/episode_0.npz,35,mismatch,next_state_prediction,True,,"[1, 0, 1]","[0, 0, 0]",0.0,33.33333333333333,33.33333333333333,0,3,,2.8746676249429584,2.8709581249859184,1354,169,1523,three_class_state_change_reanalysis,"[0, 0, 0]",0.0001,False
20bfd8c735eefad45cd71f7373223cc2c1e421c97abe6a505b0352d54ee25bcd,3.5__Pendulum-v1__next-state__H10,Pendulum-v1,next-state,10,27,data/llmx_data/offline_data/physics_data/raw_transitions/Pendulum-v1/episodes/episode_0.npz,36,mismatch,next_state_prediction,True,,"[1, 0, 1]","[1, 1, 1]",0.0,66.66666666666666,66.66666666666666,0,3,,2.2003083339659497,2.1959487500134856,1350,186,1536,three_class_state_change_reanalysis,"[1, 1, 1]",0.0001,False
84775ffc8d94810923141f6db6b007d8b43f760332673d90f181968b03851e37,3.5__Pendulum-v1__next-state__H10,Pendulum-v1,next-state,10,28,data/llmx_data/offline_data/physics_data/raw_transitions/Pendulum-v1/episodes/episode_0.npz,37,mismatch,next_state_prediction,True,,"[0, 1, 0]","[0, 0, 0]",0.0,66.66666666666666,66.66666666666666,0,3,,2.957982416031882,2.9539208749774843,1346,228,1574,three_class_state_change_reanalysis,"[0, 0, 0]",0.0001,False
544fefe19222a873ed89ec06f5b3cbd6e112064d6a5ec408e9daeb49bcd33551,3.5__Pendulum-v1__next-state__H10,Pendulum-v1,next-state,10,29,data/llmx_data/offline_data/physics_data/raw_transitions/Pendulum-v1/episodes/episode_0.npz,38,mismatch,next_state_prediction,True,,"[1, 0, 1]","[1, 1, 1]",0.0,33.33333333333333,66.66666666666666,1,3,,2.416161125060171,2.411561749991961,1338,176,1514,three_class_state_change_reanalysis,"[2, 1, 1]",0.0001,False
df5b2bef76f9d5e01a05f99c881a9510dd9df4d0cac9dd73badb54c7b9c6fb1b,3.5__Pendulum-v1__next-state__H20,Pendulum-v1,next-state,20,0,data/llmx_data/offline_data/physics_data/raw_transitions/Pendulum-v1/episodes/episode_0.npz,19,mismatch,next_state_prediction,True,,"[1, 0, 0]","[0, 1, 1]",0.0,0.0,0.0,1,3,,2.9787537079537287,2.975734040956013,1770,118,1888,three_class_state_change_reanalysis,"[2, 1, 1]",0.0001,False
e7a50709a757be587dcbe7333b361c0098f105dedff8292043524e3dbe8aa828,3.5__Pendulum-v1__next-state__H20,Pendulum-v1,next-state,20,1,data/llmx_data/offline_data/physics_data/raw_transitions/Pendulum-v1/episodes/episode_0.npz,20,mismatch,next_state_prediction,True,,"[0, 0, 1]","[0, 0, 0]",0.0,33.33333333333333,66.66666666666666,1,3,,1.801854332908988,1.7981661249650642,1775,185,1960,three_class_state_change_reanalysis,"[2, 0, 0]",0.0001,False
0ad89993760dbf3b3e70b0c09fda5441956fc9523464bff71a18369be2f7cc5b,3.5__Pendulum-v1__next-state__H20,Pendulum-v1,next-state,20,2,data/llmx_data/offline_data/physics_data/raw_transitions/Pendulum-v1/episodes/episode_0.npz,21,mismatch,next_state_prediction,True,,"[1, 0, 1]","[1, 1, 1]",0.0,33.33333333333333,66.66666666666666,1,3,,1.7589077079901472,1.7562384170014411,1772,161,1933,three_class_state_change_reanalysis,"[2, 1, 1]",0.0001,False
52b36559ae70edb538154462ac13fb8b432bc8c941d6d1d578a39952db206076,3.5__Pendulum-v1__next-state__H20,Pendulum-v1,next-state,20,3,data/llmx_data/offline_data/physics_data/raw_transitions/Pendulum-v1/episodes/episode_0.npz,22,mismatch,next_state_prediction,True,,"[0, 0, 1]","[0, 0, 0]",0.0,66.66666666666666,66.66666666666666,0,3,,1.950034083914943,1.946615875000134,1782,188,1970,three_class_state_change_reanalysis,"[0, 0, 0]",0.0001,False
259494cebf647b65d102890980385dc5b37063accd44195b253c80c6682e2950,3.5__Pendulum-v1__next-state__H20,Pendulum-v1,next-state,20,4,data/llmx_data/offline_data/physics_data/raw_transitions/Pendulum-v1/episodes/episode_0.npz,23,ignored,next_state_prediction,False,"directions must be one of ['DEC', 'INC']",,"[1, 1, 1]",0.0,,,1,3,parse_failure_state_prediction,1.1968938329955563,1.1935844169929624,1778,127,1905,three_class_state_change_reanalysis,"[2, 1, 1]",0.0001,False
c18f0e7145aec45ca3790e50c2bfcabf435b50cec4641c0e9bd9b916980c7cb9,3.5__Pendulum-v1__next-state__H20,Pendulum-v1,next-state,20,5,data/llmx_data/offline_data/physics_data/raw_transitions/Pendulum-v1/episodes/episode_0.npz,24,mismatch,next_state_prediction,True,,"[0, 0, 0]","[1, 1, 1]",0.0,0.0,0.0,1,3,,2.0193001669831574,2.015328958048485,1784,196,1980,three_class_state_change_reanalysis,"[2, 1, 1]",0.0001,False
1607588e6d264264d9ccacdc51008c3d2c3fdad611057876f4cb11beec2104ca,3.5__Pendulum-v1__next-state__H20,Pendulum-v1,next-state,20,6,data/llmx_data/offline_data/physics_data/raw_transitions/Pendulum-v1/episodes/episode_0.npz,25,mismatch,next_state_prediction,True,,"[1, 0, 1]","[0, 0, 0]",0.0,33.33333333333333,33.33333333333333,0,3,,3.534623417071998,3.5303655839525163,1783,365,2148,three_class_state_change_reanalysis,"[0, 0, 0]",0.0001,False
a96fc0252ded9fea3e66116c89d2c26a92256b0afe97333a27d328b68fea1835,3.5__Pendulum-v1__next-state__H20,Pendulum-v1,next-state,20,7,data/llmx_data/offline_data/physics_data/raw_transitions/Pendulum-v1/episodes/episode_0.npz,26,mismatch,next_state_prediction,True,,"[1, 0, 1]","[0, 0, 1]",0.0,33.33333333333333,66.66666666666666,2,3,,1.5142397080780938,1.509878957993351,1780,134,1914,three_class_state_change_reanalysis,"[2, 2, 1]",0.0001,False
dc04f4d265136240638d9728d8d51848fbbe33b2fbb82266de1e5de505f272b9,3.5__Pendulum-v1__next-state__H20,Pendulum-v1,next-state,20,8,data/llmx_data/offline_data/physics_data/raw_transitions/Pendulum-v1/episodes/episode_0.npz,27,ignored,next_state_prediction,False,"directions must be one of ['DEC', 'INC']",,"[1, 1, 1]",0.0,,,0,3,parse_failure_state_prediction,1.4155166670680046,1.411895208992064,1807,160,1967,three_class_state_change_reanalysis,"[1, 1, 1]",0.0001,False
f41c533184c6c012365d20d3caadced3e23f39e3aebef5eb6878ee6a3241c7ea,3.5__Pendulum-v1__next-state__H20,Pendulum-v1,next-state,20,9,data/llmx_data/offline_data/physics_data/raw_transitions/Pendulum-v1/episodes/episode_0.npz,28,ignored,next_state_prediction,False,"directions must be one of ['DEC', 'INC']",,"[0, 0, 0]",0.0,,,0,3,parse_failure_state_prediction,2.097204082994722,2.0945141250267625,1790,135,1925,three_class_state_change_reanalysis,"[0, 0, 0]",0.0001,False
cce9e7763aece79e20c897a1e4257a02c456ecea5b82ea42c80b04dedead514d,3.5__Pendulum-v1__next-state__H20,Pendulum-v1,next-state,20,10,data/llmx_data/offline_data/physics_data/raw_transitions/Pendulum-v1/episodes/episode_0.npz,29,mismatch,next_state_prediction,True,,"[1, 0, 1]","[1, 1, 1]",0.0,66.66666666666666,66.66666666666666,0,3,,4.595595083083026,4.592449250048958,1788,252,2040,three_class_state_change_reanalysis,"[1, 1, 1]",0.0001,False
de42c5efde05a69f2e0f4c9ec3b0351b8819d9e0e858ceaa3a099347e5adeca4,3.5__Pendulum-v1__next-state__H20,Pendulum-v1,next-state,20,11,data/llmx_data/offline_data/physics_data/raw_transitions/Pendulum-v1/episodes/episode_0.npz,30,mismatch,next_state_prediction,True,,"[1, 0, 1]","[0, 0, 0]",0.0,33.33333333333333,33.33333333333333,0,3,,2.3172895000316203,2.3137929160147905,1792,170,1962,three_class_state_change_reanalysis,"[0, 0, 0]",0.0001,False
fe584deaab167a43af3a5f0816836cf76edd4dd48bca65002df8cb0853ddbf3a,3.5__Pendulum-v1__next-state__H20,Pendulum-v1,next-state,20,12,data/llmx_data/offline_data/physics_data/raw_transitions/Pendulum-v1/episodes/episode_0.npz,31,mismatch,next_state_prediction,True,,"[1, 0, 1]","[1, 1, 1]",0.0,66.66666666666666,66.66666666666666,0,3,,1.55198066693265,1.5492462499532849,1789,207,1996,three_class_state_change_reanalysis,"[1, 1, 1]",0.0001,False
380fecaa8952cd595b38e1e78bfd77d9ba97588910fb923a5f8c29e758d083ac,3.5__Pendulum-v1__next-state__H20,Pendulum-v1,next-state,20,13,data/llmx_data/offline_data/physics_data/raw_transitions/Pendulum-v1/episodes/episode_0.npz,32,ignored,next_state_prediction,False,"directions must be one of ['DEC', 'INC']",,"[0, 0, 0]",0.0,,,0,3,parse_failure_state_prediction,1.304920042050071,1.3023549169301987,1795,162,1957,three_class_state_change_reanalysis,"[0, 0, 0]",0.0001,False
4b4e6e3bec2ebce3b6797d9e7100a9845d8743e5d23a6e31def703cdc731f5ef,3.5__Pendulum-v1__next-state__H20,Pendulum-v1,next-state,20,14,data/llmx_data/offline_data/physics_data/raw_transitions/Pendulum-v1/episodes/episode_0.npz,33,mismatch,next_state_prediction,True,,"[1, 0, 1]","[1, 1, 1]",0.0,66.66666666666666,66.66666666666666,0,3,,1.6426111661130562,1.6390629580710083,1792,178,1970,three_class_state_change_reanalysis,"[1, 1, 1]",0.0001,False
9364a857ac315f5e37971e9697ab7b263e44091596ba7f176db883a5959e8361,3.5__Pendulum-v1__next-state__H20,Pendulum-v1,next-state,20,15,data/llmx_data/offline_data/physics_data/raw_transitions/Pendulum-v1/episodes/episode_0.npz,34,mismatch,next_state_prediction,True,,"[0, 1, 1]","[1, 1, 0]",0.0,33.33333333333333,33.33333333333333,0,3,,1.85265270806849,1.8447382500162348,1793,155,1948,three_class_state_change_reanalysis,"[1, 1, 0]",0.0001,False
4ed6607dfb4960ed9872e9edfdb28c8f1c905635ba13e3c1be6cd8519ca25a23,3.5__Pendulum-v1__next-state__H20,Pendulum-v1,next-state,20,16,data/llmx_data/offline_data/physics_data/raw_transitions/Pendulum-v1/episodes/episode_0.npz,35,mismatch,next_state_prediction,True,,"[0, 1, 1]","[0, 0, 0]",0.0,33.33333333333333,33.33333333333333,0,3,,2.3103215829469264,2.3063283329829574,1796,167,1963,three_class_state_change_reanalysis,"[0, 0, 0]",0.0001,False
ca10851e6db582cf45ba2e1c84e761f5e0f27b65a27adcc23ecd5b4807a63d7b,3.5__Pendulum-v1__next-state__H20,Pendulum-v1,next-state,20,17,data/llmx_data/offline_data/physics_data/raw_transitions/Pendulum-v1/episodes/episode_0.npz,36,mismatch,next_state_prediction,True,,"[1, 0, 1]","[1, 1, 1]",0.0,66.66666666666666,66.66666666666666,0,3,,2.4267855419311672,2.4228232089662924,1793,187,1980,three_class_state_change_reanalysis,"[1, 1, 1]",0.0001,False
659f7e2cc93d0255ce17f2cea8376bc8ff6901f216d7df2a41c880f884c84a8d,3.5__Pendulum-v1__next-state__H20,Pendulum-v1,next-state,20,18,data/llmx_data/offline_data/physics_data/raw_transitions/Pendulum-v1/episodes/episode_0.npz,37,mismatch,next_state_prediction,True,,"[1, 0, 1]","[0, 0, 0]",0.0,33.33333333333333,33.33333333333333,0,3,,2.67432520899456,2.6700581659097224,1799,234,2033,three_class_state_change_reanalysis,"[0, 0, 0]",0.0001,False
5fc7389b053cebabae3f0359dfd18ffd7394785ef376c383450fad7a1ba791d6,3.5__Pendulum-v1__next-state__H20,Pendulum-v1,next-state,20,19,data/llmx_data/offline_data/physics_data/raw_transitions/Pendulum-v1/episodes/episode_0.npz,38,mismatch,next_state_prediction,True,,"[0, 1, 0]","[1, 1, 1]",0.0,33.33333333333333,33.33333333333333,1,3,,1.6411102500278503,1.6370638329535723,1792,205,1997,three_class_state_change_reanalysis,"[2, 1, 1]",0.0001,False
ebc501e5f86de815a2ad6f938b1c20d5c27c9f4b7a792139b590b4a026c9e236,3.5__Pendulum-v1__next-state__H20,Pendulum-v1,next-state,20,20,data/llmx_data/offline_data/physics_data/raw_transitions/Pendulum-v1/episodes/episode_0.npz,39,mismatch,next_state_prediction,True,,"[1, 0, 1]","[1, 1, 1]",0.0,66.66666666666666,66.66666666666666,0,3,,2.687583666993305,2.6851594590116292,1797,236,2033,three_class_state_change_reanalysis,"[1, 1, 1]",0.0001,False
542eabca3ae1a610aba139a032b55dfe5275b3a2a24a8a8baeb76ab1faeed761,3.5__Pendulum-v1__next-state__H20,Pendulum-v1,next-state,20,21,data/llmx_data/offline_data/physics_data/raw_transitions/Pendulum-v1/episodes/episode_0.npz,40,mismatch,next_state_prediction,True,,"[1, 0, 1]","[1, 1, 1]",0.0,66.66666666666666,66.66666666666666,0,3,,2.4356471250066534,2.431752208038233,1795,259,2054,three_class_state_change_reanalysis,"[1, 1, 1]",0.0001,False
1225765a465d581776aab86588a2de78b4fe83c8792a46f86a8a14509f73bc58,3.5__Pendulum-v1__next-state__H20,Pendulum-v1,next-state,20,22,data/llmx_data/offline_data/physics_data/raw_transitions/Pendulum-v1/episodes/episode_0.npz,41,mismatch,next_state_prediction,True,,"[1, 0, 1]","[1, 1, 1]",0.0,66.66666666666666,66.66666666666666,0,3,,1.5208564170170575,1.5160459589678794,1798,185,1983,three_class_state_change_reanalysis,"[1, 1, 1]",0.0001,False
56d4eb5d80c077ae25270b05bf74787bb5409d6ae31f8b5c25afd6f7cf757909,3.5__Pendulum-v1__next-state__H20,Pendulum-v1,next-state,20,23,data/llmx_data/offline_data/physics_data/raw_transitions/Pendulum-v1/episodes/episode_0.npz,42,mismatch,next_state_prediction,True,,"[1, 0, 1]","[1, 1, 0]",0.0,33.33333333333333,33.33333333333333,0,3,,2.3175199170364067,2.3130251669790596,1799,152,1951,three_class_state_change_reanalysis,"[1, 1, 0]",0.0001,False
a33f26e29f47f10d6c0fb89fa67fba1a4ca19c3a80e7b716f094821a01fa4e94,3.5__Pendulum-v1__next-state__H20,Pendulum-v1,next-state,20,24,data/llmx_data/offline_data/physics_data/raw_transitions/Pendulum-v1/episodes/episode_0.npz,43,mismatch,next_state_prediction,True,,"[1, 0, 1]","[0, 0, 0]",0.0,33.33333333333333,33.33333333333333,0,3,,2.6391787910833955,2.635319499997422,1800,167,1967,three_class_state_change_reanalysis,"[0, 0, 0]",0.0001,False
66aabb90dbca43db7bebeccfbd76e78fa77de463863f314701f36ad2ed2993a9,3.5__Pendulum-v1__next-state__H20,Pendulum-v1,next-state,20,25,data/llmx_data/offline_data/physics_data/raw_transitions/Pendulum-v1/episodes/episode_0.npz,44,mismatch,next_state_prediction,True,,"[1, 0, 1]","[0, 0, 1]",0.0,66.66666666666666,66.66666666666666,0,3,,3.557477541966364,3.5541527499444783,1797,355,2152,three_class_state_change_reanalysis,"[0, 0, 1]",0.0001,False
d382001f39b98655b3210181f411310265ca627dfde98e84ff7e6e48547a31ab,3.5__Pendulum-v1__next-state__H20,Pendulum-v1,next-state,20,26,data/llmx_data/offline_data/physics_data/raw_transitions/Pendulum-v1/episodes/episode_0.npz,45,mismatch,next_state_prediction,True,,"[1, 0, 0]","[0, 0, 0]",0.0,66.66666666666666,66.66666666666666,0,3,,1.9553102500503883,1.951119125005789,1795,177,1972,three_class_state_change_reanalysis,"[0, 0, 0]",0.0001,False
c28a7131b8efe8e17381fab59f3e09aea73d070c6c62f648712e58c8d79bcf2a,3.5__Pendulum-v1__next-state__H20,Pendulum-v1,next-state,20,27,data/llmx_data/offline_data/physics_data/raw_transitions/Pendulum-v1/episodes/episode_0.npz,46,mismatch,next_state_prediction,True,,"[1, 0, 1]","[0, 0, 1]",0.0,66.66666666666666,66.66666666666666,0,3,,1.6803599999984726,1.6764602910261601,1795,167,1962,three_class_state_change_reanalysis,"[0, 0, 1]",0.0001,False
82dace8deb2967aa43db0f0f6de7f854605755192b20570fc090d0b5bd4948db,3.5__Pendulum-v1__next-state__H20,Pendulum-v1,next-state,20,28,data/llmx_data/offline_data/physics_data/raw_transitions/Pendulum-v1/episodes/episode_0.npz,47,mismatch,next_state_prediction,True,,"[1, 0, 1]","[1, 1, 1]",0.0,33.33333333333333,66.66666666666666,1,3,,2.8770994999213144,2.873518167063594,1783,251,2034,three_class_state_change_reanalysis,"[2, 1, 1]",0.0001,False
f58f845037471866a6932427be5192beb67332c0b6d86b31da2cd3b85b4183ec,3.5__Pendulum-v1__next-state__H20,Pendulum-v1,next-state,20,29,data/llmx_data/offline_data/physics_data/raw_transitions/Pendulum-v1/episodes/episode_0.npz,48,mismatch,next_state_prediction,True,,"[0, 1, 1]","[0, 0, 0]",0.0,33.33333333333333,33.33333333333333,0,3,,1.224834791966714,1.2215459580766037,1785,135,1920,three_class_state_change_reanalysis,"[0, 0, 0]",0.0001,False
5d760d1512c615bf3922af6021c3cd212453cd23bc53276990fe229ff4e144f1,3.5__Pendulum-v1__next-state__H30,Pendulum-v1,next-state,30,0,data/llmx_data/offline_data/physics_data/raw_transitions/Pendulum-v1/episodes/episode_0.npz,29,mismatch,next_state_prediction,True,,"[0, 1, 0]","[1, 1, 1]",0.0,33.33333333333333,33.33333333333333,0,3,,2.194804708007723,2.1912967499811202,2224,199,2423,three_class_state_change_reanalysis,"[1, 1, 1]",0.0001,False
04a9aac5270ee7a0b9c03888995d0526e4a4bd200fb6065872c0a14269c07b78,3.5__Pendulum-v1__next-state__H30,Pendulum-v1,next-state,30,1,data/llmx_data/offline_data/physics_data/raw_transitions/Pendulum-v1/episodes/episode_0.npz,30,mismatch,next_state_prediction,True,,"[1, 0, 0]","[0, 0, 0]",0.0,66.66666666666666,66.66666666666666,0,3,,1.4947641249746084,1.490821584011428,2231,147,2378,three_class_state_change_reanalysis,"[0, 0, 0]",0.0001,False
56779d9f985324968b827e3f283624e9ef781c5560e2c55738dd5327432eb08e,3.5__Pendulum-v1__next-state__H30,Pendulum-v1,next-state,30,2,data/llmx_data/offline_data/physics_data/raw_transitions/Pendulum-v1/episodes/episode_0.npz,31,mismatch,next_state_prediction,True,,"[1, 0, 1]","[1, 1, 1]",0.0,66.66666666666666,66.66666666666666,0,3,,4.739748916006647,4.735156167065725,2231,401,2632,three_class_state_change_reanalysis,"[1, 1, 1]",0.0001,False
f81bb0d8c754eb6810f8f7c4f9919aeb763042049b8b5d81acf9310e467af4b2,3.5__Pendulum-v1__next-state__H30,Pendulum-v1,next-state,30,3,data/llmx_data/offline_data/physics_data/raw_transitions/Pendulum-v1/episodes/episode_0.npz,32,mismatch,next_state_prediction,True,,"[1, 0, 0]","[0, 0, 0]",0.0,66.66666666666666,66.66666666666666,0,3,,2.8939686249941587,2.8905499579850584,2237,220,2457,three_class_state_change_reanalysis,"[0, 0, 0]",0.0001,False
0c96e00c3c5e5b395c76ca6a19131780eb75e20363aa87cd3a2bdd509e63ed53,3.5__Pendulum-v1__next-state__H30,Pendulum-v1,next-state,30,4,data/llmx_data/offline_data/physics_data/raw_transitions/Pendulum-v1/episodes/episode_0.npz,33,mismatch,next_state_prediction,True,,"[1, 0, 1]","[1, 1, 1]",0.0,66.66666666666666,66.66666666666666,0,3,,2.0047723340103403,2.0010042500216514,2234,118,2352,three_class_state_change_reanalysis,"[1, 1, 1]",0.0001,False
a22ef766cc741ff25da16d5057addbf1d7fcc4312874a62146c46cd5ba258cfb,3.5__Pendulum-v1__next-state__H30,Pendulum-v1,next-state,30,5,data/llmx_data/offline_data/physics_data/raw_transitions/Pendulum-v1/episodes/episode_0.npz,34,mismatch,next_state_prediction,True,,"[1, 0, 1]","[1, 1, 0]",0.0,33.33333333333333,33.33333333333333,0,3,,1.56957329204306,1.5660047919955105,2238,186,2424,three_class_state_change_reanalysis,"[1, 1, 0]",0.0001,False
3388dcbd4e4cc40888d95b7a5c2ca8ede20bf360fa605795847cda607d125d30,3.5__Pendulum-v1__next-state__H30,Pendulum-v1,next-state,30,6,data/llmx_data/offline_data/physics_data/raw_transitions/Pendulum-v1/episodes/episode_0.npz,35,mismatch,next_state_prediction,True,,"[1, 0, 1]","[0, 0, 0]",0.0,33.33333333333333,33.33333333333333,0,3,,1.6188073749653995,1.614268833072856,2240,182,2422,three_class_state_change_reanalysis,"[0, 0, 0]",0.0001,False
91c7c75610fe9295a371bcc663dc6e52c56fa07a25df8aeace8d03cf94c8dac3,3.5__Pendulum-v1__next-state__H30,Pendulum-v1,next-state,30,7,data/llmx_data/offline_data/physics_data/raw_transitions/Pendulum-v1/episodes/episode_0.npz,36,ignored,next_state_prediction,False,"directions must be one of ['DEC', 'INC']",,"[1, 1, 1]",0.0,,,0,3,parse_failure_state_prediction,2.4424092080444098,2.4388188750017434,2234,196,2430,three_class_state_change_reanalysis,"[1, 1, 1]",0.0001,False
df9a164ab3eb1887bf3045ca84a09b119c1c29c86653f2d9fd296d9f227dabe0,3.5__Pendulum-v1__next-state__H30,Pendulum-v1,next-state,30,8,data/llmx_data/offline_data/physics_data/raw_transitions/Pendulum-v1/episodes/episode_0.npz,37,mismatch,next_state_prediction,True,,"[1, 0, 1]","[0, 0, 0]",0.0,33.33333333333333,33.33333333333333,0,3,,3.3079315829090774,3.3032917079981416,2238,170,2408,three_class_state_change_reanalysis,"[0, 0, 0]",0.0001,False
cb58180eb730511b28aa26a91748e7e4ef7480ccf7da7182c51cb5f1b11a8280,3.5__Pendulum-v1__next-state__H30,Pendulum-v1,next-state,30,9,data/llmx_data/offline_data/physics_data/raw_transitions/Pendulum-v1/episodes/episode_0.npz,38,mismatch,next_state_prediction,True,,"[1, 0, 1]","[1, 1, 1]",0.0,33.33333333333333,66.66666666666666,1,3,,2.4574785419972613,2.4538500000489876,2232,185,2417,three_class_state_change_reanalysis,"[2, 1, 1]",0.0001,False
93a31abe0281cb418d33ed63211c76d3d3e41f29952f6c145f18dec1fb805b1e,3.5__Pendulum-v1__next-state__H30,Pendulum-v1,next-state,30,10,data/llmx_data/offline_data/physics_data/raw_transitions/Pendulum-v1/episodes/episode_0.npz,39,mismatch,next_state_prediction,True,,"[1, 0, 0]","[1, 1, 1]",0.0,33.33333333333333,33.33333333333333,0,3,,2.4025504579767585,2.399183416971937,2236,171,2407,three_class_state_change_reanalysis,"[1, 1, 1]",0.0001,False
3301723671d11f916c44b1407eefa5996378b408f73a4ece21fd9a2ed92ec39a,3.5__Pendulum-v1__next-state__H30,Pendulum-v1,next-state,30,11,data/llmx_data/offline_data/physics_data/raw_transitions/Pendulum-v1/episodes/episode_0.npz,40,mismatch,next_state_prediction,True,,"[1, 0, 1]","[1, 1, 1]",0.0,66.66666666666666,66.66666666666666,0,3,,2.4228455409174785,2.4196547920582816,2234,246,2480,three_class_state_change_reanalysis,"[1, 1, 1]",0.0001,False
0d97fd0df28f038831563f204ad10b8473cbc5911b428cf9cc76ddf94a233277,3.5__Pendulum-v1__next-state__H30,Pendulum-v1,next-state,30,12,data/llmx_data/offline_data/physics_data/raw_transitions/Pendulum-v1/episodes/episode_0.npz,41,mismatch,next_state_prediction,True,,"[1, 0, 1]","[1, 1, 1]",0.0,66.66666666666666,66.66666666666666,0,3,,2.617339374963194,2.613367708050646,2235,175,2410,three_class_state_change_reanalysis,"[1, 1, 1]",0.0001,False
0e7585b8a835d4eda95e361aafef5baa433e1143f7e5a7a5d9dbd035923d87e5,3.5__Pendulum-v1__next-state__H30,Pendulum-v1,next-state,30,13,data/llmx_data/offline_data/physics_data/raw_transitions/Pendulum-v1/episodes/episode_0.npz,42,mismatch,next_state_prediction,True,,"[1, 0, 1]","[1, 1, 0]",0.0,33.33333333333333,33.33333333333333,0,3,,1.945038750069216,1.941557125071995,2240,164,2404,three_class_state_change_reanalysis,"[1, 1, 0]",0.0001,False
cd8fcf3195c72d30ce0ece540b7e769eda5ef7abc8328a066456923bc3f568c8,3.5__Pendulum-v1__next-state__H30,Pendulum-v1,next-state,30,14,data/llmx_data/offline_data/physics_data/raw_transitions/Pendulum-v1/episodes/episode_0.npz,43,mismatch,next_state_prediction,True,,"[1, 0, 1]","[0, 0, 0]",0.0,33.33333333333333,33.33333333333333,0,3,,2.485985500039533,2.4820144589757547,2241,168,2409,three_class_state_change_reanalysis,"[0, 0, 0]",0.0001,False
65846e0f3e1778e10e81c30d978226d2760b4aa1be3a8607b6d8357d736589b2,3.5__Pendulum-v1__next-state__H30,Pendulum-v1,next-state,30,15,data/llmx_data/offline_data/physics_data/raw_transitions/Pendulum-v1/episodes/episode_0.npz,44,mismatch,next_state_prediction,True,,"[1, 0, 0]","[0, 0, 1]",0.0,33.33333333333333,33.33333333333333,0,3,,2.411539833061397,2.4080847080331296,2239,188,2427,three_class_state_change_reanalysis,"[0, 0, 1]",0.0001,False
580b0ef6d871ca9ca9698ffb89f304ad1e6d985f34c0b28ba43c8054ce074894,3.5__Pendulum-v1__next-state__H30,Pendulum-v1,next-state,30,16,data/llmx_data/offline_data/physics_data/raw_transitions/Pendulum-v1/episodes/episode_0.npz,45,mismatch,next_state_prediction,True,,"[0, 0, 1]","[0, 0, 0]",0.0,66.66666666666666,66.66666666666666,0,3,,2.419918042025529,2.415811249986291,2237,217,2454,three_class_state_change_reanalysis,"[0, 0, 0]",0.0001,False
a247c1afc907158e2a3a0894108d9188145d011c0efc9adbd85831adeadfdd6a,3.5__Pendulum-v1__next-state__H30,Pendulum-v1,next-state,30,17,data/llmx_data/offline_data/physics_data/raw_transitions/Pendulum-v1/episodes/episode_0.npz,46,mismatch,next_state_prediction,True,,"[1, 0, 1]","[0, 0, 1]",0.0,66.66666666666666,66.66666666666666,0,3,,3.0882142500486225,3.0850121250841767,2238,178,2416,three_class_state_change_reanalysis,"[0, 0, 1]",0.0001,False
3c2f2785915bf9013bf501a952141efa42455e41b63e7cfb24be4d164d48c84f,3.5__Pendulum-v1__next-state__H30,Pendulum-v1,next-state,30,18,data/llmx_data/offline_data/physics_data/raw_transitions/Pendulum-v1/episodes/episode_0.npz,47,mismatch,next_state_prediction,True,,"[1, 0, 1]","[1, 1, 1]",0.0,33.33333333333333,66.66666666666666,1,3,,2.1459147919667885,2.142368583008647,2236,155,2391,three_class_state_change_reanalysis,"[2, 1, 1]",0.0001,False
9167b89662aac875a5b3351bf17c378ed43972a380c4e37e31503875f3ad8e1b,3.5__Pendulum-v1__next-state__H30,Pendulum-v1,next-state,30,19,data/llmx_data/offline_data/physics_data/raw_transitions/Pendulum-v1/episodes/episode_0.npz,48,mismatch,next_state_prediction,True,,"[0, 1, 0]","[0, 0, 0]",0.0,66.66666666666666,66.66666666666666,0,3,,2.361462709028274,2.357937708031386,2239,163,2402,three_class_state_change_reanalysis,"[0, 0, 0]",0.0001,False
f4f6f6b30bcb60c84c0b82dbbaa29fa43ac6bf97ca1109f68deddc6b052cb816,3.5__Pendulum-v1__next-state__H30,Pendulum-v1,next-state,30,20,data/llmx_data/offline_data/physics_data/raw_transitions/Pendulum-v1/episodes/episode_0.npz,49,mismatch,next_state_prediction,True,,"[1, 0, 1]","[1, 1, 1]",0.0,33.33333333333333,66.66666666666666,1,3,,1.8328307080082595,1.8280872920295224,2237,118,2355,three_class_state_change_reanalysis,"[2, 1, 1]",0.0001,False
e274996be233a26532ed21cddb9ba6ee5c5a63066dfff8866aca8e5a193f53ea,3.5__Pendulum-v1__next-state__H30,Pendulum-v1,next-state,30,21,data/llmx_data/offline_data/physics_data/raw_transitions/Pendulum-v1/episodes/episode_0.npz,50,mismatch,next_state_prediction,True,,"[1, 0, 1]","[1, 1, 0]",0.0,0.0,33.33333333333333,1,3,,3.2881307910429314,3.283289499930106,2239,227,2466,three_class_state_change_reanalysis,"[2, 1, 0]",0.0001,False
71732fd01afd9f41d324419a69c3b4dfdd5ae66150d13dce3f4ba701a09edb2e,3.5__Pendulum-v1__next-state__H30,Pendulum-v1,next-state,30,22,data/llmx_data/offline_data/physics_data/raw_transitions/Pendulum-v1/episodes/episode_0.npz,51,mismatch,next_state_prediction,True,,"[1, 0, 1]","[0, 0, 0]",0.0,33.33333333333333,33.33333333333333,1,3,,1.3803597500082105,1.3763223749119788,2236,116,2352,three_class_state_change_reanalysis,"[2, 0, 0]",0.0001,False
9c596f5a52dc2a86169db02838d22a2ed6713d9274d3a3c06134f462bed778b4,3.5__Pendulum-v1__next-state__H30,Pendulum-v1,next-state,30,23,data/llmx_data/offline_data/physics_data/raw_transitions/Pendulum-v1/episodes/episode_0.npz,52,mismatch,next_state_prediction,True,,"[1, 0, 0]","[1, 1, 1]",0.0,33.33333333333333,33.33333333333333,0,3,,3.3307675420073792,3.3262855410575867,2235,235,2470,three_class_state_change_reanalysis,"[1, 1, 1]",0.0001,False
611d341a8510f3315108dd5400a1e52495f24721bc16d7200b4dd9c032b765ac,3.5__Pendulum-v1__next-state__H30,Pendulum-v1,next-state,30,24,data/llmx_data/offline_data/physics_data/raw_transitions/Pendulum-v1/episodes/episode_0.npz,53,mismatch,next_state_prediction,True,,"[0, 1, 0]","[0, 0, 0]",0.0,66.66666666666666,66.66666666666666,0,3,,1.9450071660103276,1.9404995419317856,2238,109,2347,three_class_state_change_reanalysis,"[0, 0, 0]",0.0001,False
19adf0bb1d1a801100f7ac7f4acae26d516e81030e4518ec801a061c4e2fbdc1,3.5__Pendulum-v1__next-state__H30,Pendulum-v1,next-state,30,25,data/llmx_data/offline_data/physics_data/raw_transitions/Pendulum-v1/episodes/episode_0.npz,54,mismatch,next_state_prediction,True,,"[0, 1, 0]","[1, 1, 1]",0.0,33.33333333333333,33.33333333333333,0,3,,2.3266572499414906,2.322685040999204,2228,191,2419,three_class_state_change_reanalysis,"[1, 1, 1]",0.0001,False
ac0b66767cc86de69f661a6945ef4a6d0667cf0c6a12e9d9878f308db0720340,3.5__Pendulum-v1__next-state__H30,Pendulum-v1,next-state,30,26,data/llmx_data/offline_data/physics_data/raw_transitions/Pendulum-v1/episodes/episode_0.npz,55,mismatch,next_state_prediction,True,,"[1, 0, 1]","[0, 0, 0]",0.0,33.33333333333333,33.33333333333333,0,3,,1.6088034579297528,1.6040052910102531,2235,113,2348,three_class_state_change_reanalysis,"[0, 0, 0]",0.0001,False
36d5efa798f789226c71308929a038dbae54eb3d1d1f0351c62cb6e30e0ddbf9,3.5__Pendulum-v1__next-state__H30,Pendulum-v1,next-state,30,27,data/llmx_data/offline_data/physics_data/raw_transitions/Pendulum-v1/episodes/episode_0.npz,56,mismatch,next_state_prediction,True,,"[0, 1, 0]","[1, 1, 1]",0.0,33.33333333333333,33.33333333333333,0,3,,1.2611942089861259,1.2570567090297118,2231,131,2362,three_class_state_change_reanalysis,"[1, 1, 1]",0.0001,False
2b403b1caeb60b1aad866e85e556faf52e1ee35ee69cc1fb15c559110edc75a4,3.5__Pendulum-v1__next-state__H30,Pendulum-v1,next-state,30,28,data/llmx_data/offline_data/physics_data/raw_transitions/Pendulum-v1/episodes/episode_0.npz,57,mismatch,next_state_prediction,True,,"[1, 0, 1]","[1, 1, 0]",0.0,0.0,33.33333333333333,1,3,,1.7835071670124307,1.780029832967557,2228,134,2362,three_class_state_change_reanalysis,"[2, 1, 0]",0.0001,False
64b645cebf0c126ab7d737901d12e8d6806a1c1608550ef6fa1c588b4d0567aa,3.5__Pendulum-v1__next-state__H30,Pendulum-v1,next-state,30,29,data/llmx_data/offline_data/physics_data/raw_transitions/Pendulum-v1/episodes/episode_0.npz,58,mismatch,next_state_prediction,True,,"[1, 0, 1]","[1, 1, 0]",0.0,0.0,33.33333333333333,1,3,,1.7127253339858726,1.7080776249058545,2223,208,2431,three_class_state_change_reanalysis,"[2, 1, 0]",0.0001,False
72611c3374d1b6f3782cbcf240c19b01539206d3d5f42f6ce87214bbeec608b2,3.5__Pendulum-v1__last-state__H5,Pendulum-v1,last-state,5,0,data/llmx_data/offline_data/physics_data/raw_transitions/Pendulum-v1/episodes/episode_0.npz,5,mismatch,last_state_prediction,True,,"[0, 0, 1]","[1, 0, 0]",0.0,33.33333333333333,33.33333333333333,0,3,,3.639888959005475,3.635432541021146,1104,185,1289,three_class_state_change_reanalysis,"[1, 0, 0]",0.0001,False
08d761001241f63b26df2eda5ed543fbb941f8aee9cabcdd03d1565d26ae4d9e,3.5__Pendulum-v1__last-state__H5,Pendulum-v1,last-state,5,1,data/llmx_data/offline_data/physics_data/raw_transitions/Pendulum-v1/episodes/episode_0.npz,6,mismatch,last_state_prediction,True,,"[0, 1, 0]","[1, 0, 0]",0.0,33.33333333333333,33.33333333333333,0,3,,1.3272374999942258,1.323950625024736,1107,137,1244,three_class_state_change_reanalysis,"[1, 0, 0]",0.0001,False
571166f9b7481e626cfe8c7cc2cc49c9de3ac7b01db1b57e552a7e6be2368d7d,3.5__Pendulum-v1__last-state__H5,Pendulum-v1,last-state,5,2,data/llmx_data/offline_data/physics_data/raw_transitions/Pendulum-v1/episodes/episode_0.npz,7,mismatch,last_state_prediction,True,,"[0, 1, 0]","[1, 0, 0]",0.0,33.33333333333333,33.33333333333333,0,3,,1.3739597080275416,1.3696273340610787,1111,172,1283,three_class_state_change_reanalysis,"[1, 0, 0]",0.0001,False
67e6f12a2354de36a7ae799b09dc581b5aacc39dba6d2898283cd31cec3befcd,3.5__Pendulum-v1__last-state__H5,Pendulum-v1,last-state,5,3,data/llmx_data/offline_data/physics_data/raw_transitions/Pendulum-v1/episodes/episode_0.npz,8,mismatch,last_state_prediction,True,,"[0, 1, 0]","[1, 0, 0]",0.0,33.33333333333333,33.33333333333333,0,3,,1.8468260419322178,1.8437916249968112,1113,167,1280,three_class_state_change_reanalysis,"[1, 0, 0]",0.0001,False
9f46fa6dd3a7839cda3597f3ed0015e99fb827f99f2f0c283d395e3df7954cc3,3.5__Pendulum-v1__last-state__H5,Pendulum-v1,last-state,5,4,data/llmx_data/offline_data/physics_data/raw_transitions/Pendulum-v1/episodes/episode_0.npz,9,mismatch,last_state_prediction,True,,"[1, 0, 0]","[1, 0, 1]",0.0,66.66666666666666,66.66666666666666,0,3,,1.2454141250345856,1.2418578750221059,1113,140,1253,three_class_state_change_reanalysis,"[1, 0, 1]",0.0001,False
6774b749e4bd8df8a96c667c1d86ac39c727417716602331fa30bcc0d9626027,3.5__Pendulum-v1__last-state__H5,Pendulum-v1,last-state,5,5,data/llmx_data/offline_data/physics_data/raw_transitions/Pendulum-v1/episodes/episode_0.npz,10,mismatch,last_state_prediction,True,,"[1, 0, 0]","[1, 0, 1]",0.0,33.33333333333333,66.66666666666666,1,3,,5.336647208081558,5.332173666916788,1116,177,1293,three_class_state_change_reanalysis,"[2, 0, 1]",0.0001,False
f76266878a1c3824dec8864f4bb440d78eb3d132c56484f37008fdaecbef181f,3.5__Pendulum-v1__last-state__H5,Pendulum-v1,last-state,5,6,data/llmx_data/offline_data/physics_data/raw_transitions/Pendulum-v1/episodes/episode_0.npz,11,mismatch,last_state_prediction,True,,"[0, 1, 0]","[0, 0, 0]",0.0,33.33333333333333,66.66666666666666,1,3,,2.0132239169906825,2.0084957500221208,1114,184,1298,three_class_state_change_reanalysis,"[2, 0, 0]",0.0001,False
4a93705dc048a39278250b46083923a1d2b8ce86959486d33988e19d0fd84512,3.5__Pendulum-v1__last-state__H5,Pendulum-v1,last-state,5,7,data/llmx_data/offline_data/physics_data/raw_transitions/Pendulum-v1/episodes/episode_0.npz,12,mismatch,last_state_prediction,True,,"[1, 0, 1]","[0, 0, 1]",0.0,66.66666666666666,66.66666666666666,1,3,,1.5748002090258524,1.5717918330337852,1113,186,1299,three_class_state_change_reanalysis,"[2, 0, 1]",0.0001,False
cfe35bbcbb7ba57ea48de672a14209b59a169751cda8ff1d4d51241d6361070d,3.5__Pendulum-v1__last-state__H5,Pendulum-v1,last-state,5,8,data/llmx_data/offline_data/physics_data/raw_transitions/Pendulum-v1/episodes/episode_0.npz,13,mismatch,last_state_prediction,True,,"[0, 0, 1]","[0, 0, 0]",0.0,66.66666666666666,66.66666666666666,0,3,,2.220049708033912,2.2161973339971155,1112,167,1279,three_class_state_change_reanalysis,"[0, 0, 0]",0.0001,False
dec16775d242d14715250e64ab4ae4ee8c4369bded71931665e03d5e3b01abaf,3.5__Pendulum-v1__last-state__H5,Pendulum-v1,last-state,5,9,data/llmx_data/offline_data/physics_data/raw_transitions/Pendulum-v1/episodes/episode_0.npz,14,mismatch,last_state_prediction,True,,"[1, 0, 1]","[0, 0, 1]",0.0,66.66666666666666,66.66666666666666,1,3,,2.7904062080197036,2.7856677500531077,1112,197,1309,three_class_state_change_reanalysis,"[2, 0, 1]",0.0001,False
960e67f662d2f51f2911a3d0c4bf9f624211106f9df3bb8c2702a88368817a0d,3.5__Pendulum-v1__last-state__H5,Pendulum-v1,last-state,5,10,data/llmx_data/offline_data/physics_data/raw_transitions/Pendulum-v1/episodes/episode_0.npz,15,mismatch,last_state_prediction,True,,"[0, 1, 0]","[0, 0, 0]",0.0,66.66666666666666,66.66666666666666,0,3,,1.509423958021216,1.5055025829933584,1112,159,1271,three_class_state_change_reanalysis,"[0, 0, 0]",0.0001,False
e1c5984fbfdb185bf072d847520169881e70c2fc5f32427cdd6ac76cae5dfdca,3.5__Pendulum-v1__last-state__H5,Pendulum-v1,last-state,5,11,data/llmx_data/offline_data/physics_data/raw_transitions/Pendulum-v1/episodes/episode_0.npz,16,mismatch,last_state_prediction,True,,"[1, 0, 1]","[0, 0, 1]",0.0,66.66666666666666,66.66666666666666,0,3,,2.3273877919418737,2.3226113750133663,1110,180,1290,three_class_state_change_reanalysis,"[0, 0, 1]",0.0001,False
5929d7d8b1022fa87d6233207f4bbca934e1c89e0411d86f3ae09b888cf49f23,3.5__Pendulum-v1__last-state__H5,Pendulum-v1,last-state,5,12,data/llmx_data/offline_data/physics_data/raw_transitions/Pendulum-v1/episodes/episode_0.npz,17,mismatch,last_state_prediction,True,,"[1, 1, 0]","[0, 0, 0]",0.0,33.33333333333333,33.33333333333333,0,3,,1.5361542080063373,1.5323392909485847,1108,178,1286,three_class_state_change_reanalysis,"[0, 0, 0]",0.0001,False
021334cc082ed24f1470b0d86ad8666420508e0fbb39a08c66ceb702818d94e9,3.5__Pendulum-v1__last-state__H5,Pendulum-v1,last-state,5,13,data/llmx_data/offline_data/physics_data/raw_transitions/Pendulum-v1/episodes/episode_0.npz,18,mismatch,last_state_prediction,True,,"[0, 1, 0]","[0, 0, 1]",0.0,33.33333333333333,33.33333333333333,0,3,,1.9003205840708688,1.8971987080294639,1110,151,1261,three_class_state_change_reanalysis,"[0, 0, 1]",0.0001,False
2d71b4fe6c276cd3cca7864cf175aa880d4c546310283321fbe07d183adfce8d,3.5__Pendulum-v1__last-state__H5,Pendulum-v1,last-state,5,14,data/llmx_data/offline_data/physics_data/raw_transitions/Pendulum-v1/episodes/episode_0.npz,19,match,last_state_prediction,True,,"[0, 1, 1]","[0, 1, 1]",100.0,66.66666666666666,100.0,1,3,,2.3199523329967633,2.3170201670145616,1111,149,1260,three_class_state_change_reanalysis,"[2, 1, 1]",0.0001,False
b427be03f978af44ddde7d5fe4caa642dc62ef473867724c6f988ab76e81269c,3.5__Pendulum-v1__last-state__H5,Pendulum-v1,last-state,5,15,data/llmx_data/offline_data/physics_data/raw_transitions/Pendulum-v1/episodes/episode_0.npz,20,mismatch,last_state_prediction,True,,"[0, 0, 1]","[0, 0, 0]",0.0,33.33333333333333,66.66666666666666,1,3,,1.8703056250233203,1.866580333095044,1109,160,1269,three_class_state_change_reanalysis,"[2, 0, 0]",0.0001,False
efaac10a56476100a2906d0337f4cccc841d4212fb3d07bd1f4fc090457c60f1,3.5__Pendulum-v1__last-state__H5,Pendulum-v1,last-state,5,16,data/llmx_data/offline_data/physics_data/raw_transitions/Pendulum-v1/episodes/episode_0.npz,21,mismatch,last_state_prediction,True,,"[0, 1, 1]","[1, 1, 1]",0.0,66.66666666666666,66.66666666666666,1,3,,2.127062959014438,2.124337333953008,1111,188,1299,three_class_state_change_reanalysis,"[2, 1, 1]",0.0001,False
fc939cc379ab161e5f4f328b74ae89a87a98135ca30cb975eade416578f5dcba,3.5__Pendulum-v1__last-state__H5,Pendulum-v1,last-state,5,17,data/llmx_data/offline_data/physics_data/raw_transitions/Pendulum-v1/episodes/episode_0.npz,22,mismatch,last_state_prediction,True,,"[1, 1, 0]","[0, 0, 0]",0.0,33.33333333333333,33.33333333333333,0,3,,2.588909166981466,2.585769791970961,1111,200,1311,three_class_state_change_reanalysis,"[0, 0, 0]",0.0001,False
51fae3f34364fc2193f1706e9a3e381fd33637a939710cf96e1e437f28cf2064,3.5__Pendulum-v1__last-state__H5,Pendulum-v1,last-state,5,18,data/llmx_data/offline_data/physics_data/raw_transitions/Pendulum-v1/episodes/episode_0.npz,23,ignored,last_state_prediction,False,"directions must be one of ['DEC', 'INC']",,"[1, 1, 1]",0.0,,,1,3,parse_failure_state_prediction,2.985222875024192,2.980953917023726,1114,222,1336,three_class_state_change_reanalysis,"[2, 1, 1]",0.0001,False
a279957e3aff88d35074926f94b9246b1b0cbd7227a104649bee16cb93466916,3.5__Pendulum-v1__last-state__H5,Pendulum-v1,last-state,5,19,data/llmx_data/offline_data/physics_data/raw_transitions/Pendulum-v1/episodes/episode_0.npz,24,mismatch,last_state_prediction,True,,"[0, 1, 0]","[1, 1, 1]",0.0,33.33333333333333,33.33333333333333,1,3,,1.3374324580654502,1.3326698750024661,1113,150,1263,three_class_state_change_reanalysis,"[2, 1, 1]",0.0001,False
e7876e3670c4ad20a489401320a269fb4a45729331dd1290a6ff53fbe1301747,3.5__Pendulum-v1__last-state__H5,Pendulum-v1,last-state,5,20,data/llmx_data/offline_data/physics_data/raw_transitions/Pendulum-v1/episodes/episode_0.npz,25,mismatch,last_state_prediction,True,,"[0, 1, 0]","[0, 0, 0]",0.0,66.66666666666666,66.66666666666666,0,3,,1.5813085000263527,1.5777230000821874,1115,157,1272,three_class_state_change_reanalysis,"[0, 0, 0]",0.0001,False
d71cc9594bbe2c3fa461412190dd77053b70a044dfe4a6bac07713d9fe691c23,3.5__Pendulum-v1__last-state__H5,Pendulum-v1,last-state,5,21,data/llmx_data/offline_data/physics_data/raw_transitions/Pendulum-v1/episodes/episode_0.npz,26,mismatch,last_state_prediction,True,,"[0, 1, 0]","[0, 0, 1]",0.0,0.0,33.33333333333333,2,3,,1.7263652919791639,1.7230728750582784,1124,181,1305,three_class_state_change_reanalysis,"[2, 2, 1]",0.0001,False
2772cdde35acdd5b43826bab768c77f78584b278e0ccef65d0fdb84d1f39baaf,3.5__Pendulum-v1__last-state__H5,Pendulum-v1,last-state,5,22,data/llmx_data/offline_data/physics_data/raw_transitions/Pendulum-v1/episodes/episode_0.npz,27,mismatch,last_state_prediction,True,,"[0, 1, 0]","[1, 1, 1]",0.0,33.33333333333333,33.33333333333333,0,3,,1.5914039160124958,1.5875417919596657,1115,146,1261,three_class_state_change_reanalysis,"[1, 1, 1]",0.0001,False
498c01339a55c7f007dc2035db99771a4c710b6aaf4af33cc139fd83c43a7045,3.5__Pendulum-v1__last-state__H5,Pendulum-v1,last-state,5,23,data/llmx_data/offline_data/physics_data/raw_transitions/Pendulum-v1/episodes/episode_0.npz,28,mismatch,last_state_prediction,True,,"[0, 1, 1]","[0, 0, 0]",0.0,33.33333333333333,33.33333333333333,0,3,,2.476720582926646,2.472793290973641,1123,177,1300,three_class_state_change_reanalysis,"[0, 0, 0]",0.0001,False
c9d0fe44a7a0b0d6088b23369c6b3d81fff042b062ef75b4aad1df783fbf95bc,3.5__Pendulum-v1__last-state__H5,Pendulum-v1,last-state,5,24,data/llmx_data/offline_data/physics_data/raw_transitions/Pendulum-v1/episodes/episode_0.npz,29,mismatch,last_state_prediction,True,,"[1, 0, 1]","[1, 1, 1]",0.0,66.66666666666666,66.66666666666666,0,3,,1.4682803329778835,1.4647784170228988,1124,163,1287,three_class_state_change_reanalysis,"[1, 1, 1]",0.0001,False
7f63c2612a885b4017bdc01c46785698b60e011cd890c68314a9e129f2e1cb0f,3.5__Pendulum-v1__last-state__H5,Pendulum-v1,last-state,5,25,data/llmx_data/offline_data/physics_data/raw_transitions/Pendulum-v1/episodes/episode_0.npz,30,mismatch,last_state_prediction,True,,"[1, 0, 1]","[0, 0, 0]",0.0,33.33333333333333,33.33333333333333,0,3,,2.11705041595269,2.113316791015677,1123,182,1305,three_class_state_change_reanalysis,"[0, 0, 0]",0.0001,False
f41455d3bcb7b752608480688acf5148a13d1926543fb0b4833a8f37abbb16af,3.5__Pendulum-v1__last-state__H5,Pendulum-v1,last-state,5,26,data/llmx_data/offline_data/physics_data/raw_transitions/Pendulum-v1/episodes/episode_0.npz,31,mismatch,last_state_prediction,True,,"[1, 0, 1]","[1, 1, 1]",0.0,66.66666666666666,66.66666666666666,0,3,,1.6744521670043468,1.6711050420999527,1124,171,1295,three_class_state_change_reanalysis,"[1, 1, 1]",0.0001,False
a06bb8bcb2838f28c596e8205924c1d83e21c2635793fc3f6fb00cd5aa70aabc,3.5__Pendulum-v1__last-state__H5,Pendulum-v1,last-state,5,27,data/llmx_data/offline_data/physics_data/raw_transitions/Pendulum-v1/episodes/episode_0.npz,32,mismatch,last_state_prediction,True,,"[0, 1, 0]","[0, 0, 0]",0.0,66.66666666666666,66.66666666666666,0,3,,1.42061879101675,1.4162949579767883,1124,166,1290,three_class_state_change_reanalysis,"[0, 0, 0]",0.0001,False
096d60fc1fd0f5b18b5a47a0bad78c08f0f16551055cd1abaf6f320ad8b325bc,3.5__Pendulum-v1__last-state__H5,Pendulum-v1,last-state,5,28,data/llmx_data/offline_data/physics_data/raw_transitions/Pendulum-v1/episodes/episode_0.npz,33,mismatch,last_state_prediction,True,,"[0, 1, 1]","[1, 1, 1]",0.0,66.66666666666666,66.66666666666666,0,3,,1.4338487499626353,1.431219374993816,1116,132,1248,three_class_state_change_reanalysis,"[1, 1, 1]",0.0001,False
e048d98b14ed7feb9489165eaa003322a40f523dc9b19a226a296737574f6076,3.5__Pendulum-v1__last-state__H5,Pendulum-v1,last-state,5,29,data/llmx_data/offline_data/physics_data/raw_transitions/Pendulum-v1/episodes/episode_0.npz,34,mismatch,last_state_prediction,True,,"[1, 0, 1]","[1, 1, 0]",0.0,33.33333333333333,33.33333333333333,0,3,,2.501197332981974,2.4976861249888316,1116,181,1297,three_class_state_change_reanalysis,"[1, 1, 0]",0.0001,False
0812ed166835795a571f80a357b97152209cabfe07818670bd28d53fe1705dad,3.5__Pendulum-v1__last-state__H10,Pendulum-v1,last-state,10,0,data/llmx_data/offline_data/physics_data/raw_transitions/Pendulum-v1/episodes/episode_0.npz,10,mismatch,last_state_prediction,True,,"[0, 1, 1]","[1, 0, 1]",0.0,33.33333333333333,33.33333333333333,1,3,,2.425715917022899,2.4217568340245634,1327,158,1485,three_class_state_change_reanalysis,"[2, 0, 1]",0.0001,False
7be9d9e116939b9096554913a22714cd9a0961ed8928feaa295ee8e24111415b,3.5__Pendulum-v1__last-state__H10,Pendulum-v1,last-state,10,1,data/llmx_data/offline_data/physics_data/raw_transitions/Pendulum-v1/episodes/episode_0.npz,11,mismatch,last_state_prediction,True,,"[1, 0, 0]","[0, 0, 0]",0.0,66.66666666666666,66.66666666666666,1,3,,2.4870604590978473,2.483328374917619,1329,146,1475,three_class_state_change_reanalysis,"[2, 0, 0]",0.0001,False
6c9475cf67291bdc3a97b446c34a7fd5cc2d8093d8306337d19a1922f46eba36,3.5__Pendulum-v1__last-state__H10,Pendulum-v1,last-state,10,2,data/llmx_data/offline_data/physics_data/raw_transitions/Pendulum-v1/episodes/episode_0.npz,12,mismatch,last_state_prediction,True,,"[1, 0, 1]","[0, 0, 1]",0.0,66.66666666666666,66.66666666666666,1,3,,2.348095583030954,2.3434046250768006,1332,196,1528,three_class_state_change_reanalysis,"[2, 0, 1]",0.0001,False
37070260ce569e19c65d347514538a7b6b9fdf0374b760410c9df5f53fbe1fd8,3.5__Pendulum-v1__last-state__H10,Pendulum-v1,last-state,10,3,data/llmx_data/offline_data/physics_data/raw_transitions/Pendulum-v1/episodes/episode_0.npz,13,ignored,last_state_prediction,False,"expected 3 directions, received 4",,"[0, 0, 0]",0.0,,,0,3,parse_failure_state_prediction,3.548363290959969,3.543729832977988,1334,187,1521,three_class_state_change_reanalysis,"[0, 0, 0]",0.0001,False
9f5f38fe17bd60bd337aac84cbc702e02786fbcba8e3d4820c4a93d24dcd1fc3,3.5__Pendulum-v1__last-state__H10,Pendulum-v1,last-state,10,4,data/llmx_data/offline_data/physics_data/raw_transitions/Pendulum-v1/episodes/episode_0.npz,14,mismatch,last_state_prediction,True,,"[0, 1, 1]","[0, 0, 1]",0.0,33.33333333333333,66.66666666666666,1,3,,1.902065375004895,1.898628249997273,1333,121,1454,three_class_state_change_reanalysis,"[2, 0, 1]",0.0001,False
fe0df125cbfbd1e7374ad10007ce9d76aac19649e9203668dcf7a46ac486a2e5,3.5__Pendulum-v1__last-state__H10,Pendulum-v1,last-state,10,5,data/llmx_data/offline_data/physics_data/raw_transitions/Pendulum-v1/episodes/episode_0.npz,15,mismatch,last_state_prediction,True,,"[1, 0, 1]","[0, 0, 0]",0.0,33.33333333333333,33.33333333333333,0,3,,3.3305909580085427,3.3269916250137612,1337,185,1522,three_class_state_change_reanalysis,"[0, 0, 0]",0.0001,False
50bb165b17959f69dc2d51ff2e2e0042b59f200421f0d911703cc3b8fb80f5f3,3.5__Pendulum-v1__last-state__H10,Pendulum-v1,last-state,10,6,data/llmx_data/offline_data/physics_data/raw_transitions/Pendulum-v1/episodes/episode_0.npz,16,mismatch,last_state_prediction,True,,"[0, 1, 0]","[0, 0, 1]",0.0,33.33333333333333,33.33333333333333,0,3,,1.5649239170597866,1.5619997499743477,1334,149,1483,three_class_state_change_reanalysis,"[0, 0, 1]",0.0001,False
0d410996dd8f94d6f578012ba8217c4748b6a3484e55c97f31a74fbefcdb1edd,3.5__Pendulum-v1__last-state__H10,Pendulum-v1,last-state,10,7,data/llmx_data/offline_data/physics_data/raw_transitions/Pendulum-v1/episodes/episode_0.npz,17,mismatch,last_state_prediction,True,,"[1, 0, 1]","[0, 0, 0]",0.0,33.33333333333333,33.33333333333333,0,3,,2.4380242079496384,2.4350863749859855,1331,187,1518,three_class_state_change_reanalysis,"[0, 0, 0]",0.0001,False
12bc2b4ad335ce6f2fa8b155b2e06459fd84b41601d0e15b5f572c00159523c0,3.5__Pendulum-v1__last-state__H10,Pendulum-v1,last-state,10,8,data/llmx_data/offline_data/physics_data/raw_transitions/Pendulum-v1/episodes/episode_0.npz,18,ignored,last_state_prediction,False,"directions must be one of ['DEC', 'INC']",,"[0, 0, 1]",0.0,,,0,3,parse_failure_state_prediction,2.4059483340242878,2.4026047920342535,1330,188,1518,three_class_state_change_reanalysis,"[0, 0, 1]",0.0001,False
3e1b2b1d6e68739ce79084164ecab9ab99da6d2b081fcae42b732e86aa1ef5f5,3.5__Pendulum-v1__last-state__H10,Pendulum-v1,last-state,10,9,data/llmx_data/offline_data/physics_data/raw_transitions/Pendulum-v1/episodes/episode_0.npz,19,mismatch,last_state_prediction,True,,"[1, 0, 1]","[0, 1, 1]",0.0,33.33333333333333,33.33333333333333,1,3,,1.9444630410289392,1.9392164999153465,1332,178,1510,three_class_state_change_reanalysis,"[2, 1, 1]",0.0001,False
3ed38c155ec62df00c924c91308c7a8a77dda903e4df6d4ce9fa702a7501cbe8,3.5__Pendulum-v1__last-state__H10,Pendulum-v1,last-state,10,10,data/llmx_data/offline_data/physics_data/raw_transitions/Pendulum-v1/episodes/episode_0.npz,20,mismatch,last_state_prediction,True,,"[1, 0, 1]","[0, 0, 0]",0.0,33.33333333333333,33.33333333333333,1,3,,2.4845037090126425,2.4811693750089034,1329,183,1512,three_class_state_change_reanalysis,"[2, 0, 0]",0.0001,False
51d3bc5e01453e33113dbbfc3042bbd9658985fe1185c3fa0df1bab6b2bc4e4c,3.5__Pendulum-v1__last-state__H10,Pendulum-v1,last-state,10,11,data/llmx_data/offline_data/physics_data/raw_transitions/Pendulum-v1/episodes/episode_0.npz,21,mismatch,last_state_prediction,True,,"[1, 0, 1]","[1, 1, 1]",0.0,33.33333333333333,66.66666666666666,1,3,,2.383372874930501,2.380760125000961,1331,183,1514,three_class_state_change_reanalysis,"[2, 1, 1]",0.0001,False
71a8ee2a307c5c2f7f66ef9ea7f48a32ad03e6424516dcd4bcbc02f5adb7e739,3.5__Pendulum-v1__last-state__H10,Pendulum-v1,last-state,10,12,data/llmx_data/offline_data/physics_data/raw_transitions/Pendulum-v1/episodes/episode_0.npz,22,mismatch,last_state_prediction,True,,"[1, 1, 0]","[0, 0, 0]",0.0,33.33333333333333,33.33333333333333,0,3,,2.6510857499670237,2.64743841602467,1329,187,1516,three_class_state_change_reanalysis,"[0, 0, 0]",0.0001,False
b7e04bfaf3292bd08a88817da4ff34a827bfc3f1ca08b0494cc2a03ee3e57e7b,3.5__Pendulum-v1__last-state__H10,Pendulum-v1,last-state,10,13,data/llmx_data/offline_data/physics_data/raw_transitions/Pendulum-v1/episodes/episode_0.npz,23,mismatch,last_state_prediction,True,,"[1, 1, 0]","[1, 1, 1]",0.0,33.33333333333333,66.66666666666666,1,3,,2.7055569590302184,2.7017481660004705,1333,191,1524,three_class_state_change_reanalysis,"[2, 1, 1]",0.0001,False
9a99a78d8cb9b482948fd82532283ba1aaca12cdbbce065a683aad19472ce414,3.5__Pendulum-v1__last-state__H10,Pendulum-v1,last-state,10,14,data/llmx_data/offline_data/physics_data/raw_transitions/Pendulum-v1/episodes/episode_0.npz,24,mismatch,last_state_prediction,True,,"[1, 0, 1]","[1, 1, 1]",0.0,33.33333333333333,66.66666666666666,1,3,,2.7142369160428643,2.7107677089516073,1332,184,1516,three_class_state_change_reanalysis,"[2, 1, 1]",0.0001,False
d47b03a0dad3cc62779add8c360f9ce1370a60b0a814243c62f14bf260b0b15b,3.5__Pendulum-v1__last-state__H10,Pendulum-v1,last-state,10,15,data/llmx_data/offline_data/physics_data/raw_transitions/Pendulum-v1/episodes/episode_0.npz,25,mismatch,last_state_prediction,True,,"[0, 1, 0]","[0, 0, 0]",0.0,66.66666666666666,66.66666666666666,0,3,,2.275640417006798,2.271670125075616,1334,148,1482,three_class_state_change_reanalysis,"[0, 0, 0]",0.0001,False
4bcbe0924fcc40b7786c7b84ac73722987f93ec433a66ae868e0ec8459a9e7bc,3.5__Pendulum-v1__last-state__H10,Pendulum-v1,last-state,10,16,data/llmx_data/offline_data/physics_data/raw_transitions/Pendulum-v1/episodes/episode_0.npz,26,mismatch,last_state_prediction,True,,"[0, 0, 0]","[0, 0, 1]",0.0,0.0,66.66666666666666,2,3,,2.417385832988657,2.4132380839437246,1343,177,1520,three_class_state_change_reanalysis,"[2, 2, 1]",0.0001,False
6d3adba7933290f44635266d1a5a7df67269288573cdea91cd0969f834c1deea,3.5__Pendulum-v1__last-state__H10,Pendulum-v1,last-state,10,17,data/llmx_data/offline_data/physics_data/raw_transitions/Pendulum-v1/episodes/episode_0.npz,27,mismatch,last_state_prediction,True,,"[1, 0, 1]","[1, 1, 1]",0.0,66.66666666666666,66.66666666666666,0,3,,2.1522844169521704,2.1495933750411496,1334,152,1486,three_class_state_change_reanalysis,"[1, 1, 1]",0.0001,False
853005dbb93fa7dcf0160e14f404337d9ff69dd67c04a5fb023f3b21304ba7a2,3.5__Pendulum-v1__last-state__H10,Pendulum-v1,last-state,10,18,data/llmx_data/offline_data/physics_data/raw_transitions/Pendulum-v1/episodes/episode_0.npz,28,mismatch,last_state_prediction,True,,"[0, 1, 0]","[0, 0, 0]",0.0,66.66666666666666,66.66666666666666,0,3,,1.2944638330955058,1.290019541978836,1345,144,1489,three_class_state_change_reanalysis,"[0, 0, 0]",0.0001,False
446eae96afe6f918faa7bc37cfc606293dba2d67473200353b8243015d69ab79,3.5__Pendulum-v1__last-state__H10,Pendulum-v1,last-state,10,19,data/llmx_data/offline_data/physics_data/raw_transitions/Pendulum-v1/episodes/episode_0.npz,29,mismatch,last_state_prediction,True,,"[0, 1, 1]","[1, 1, 1]",0.0,66.66666666666666,66.66666666666666,0,3,,1.433340375078842,1.429160000057891,1346,155,1501,three_class_state_change_reanalysis,"[1, 1, 1]",0.0001,False
f3dda54b2aa3be965e19929d55a7556ba4d47c52e48e42fb169a8bfd1dbdb45d,3.5__Pendulum-v1__last-state__H10,Pendulum-v1,last-state,10,20,data/llmx_data/offline_data/physics_data/raw_transitions/Pendulum-v1/episodes/episode_0.npz,30,mismatch,last_state_prediction,True,,"[0, 0, 1]","[0, 0, 0]",0.0,66.66666666666666,66.66666666666666,0,3,,2.1889275410212576,2.1856232080608606,1346,158,1504,three_class_state_change_reanalysis,"[0, 0, 0]",0.0001,False
dcb934dc7fd53b2a382fe1d527e189e0a6ea457d848e0f8693c967dbf5365a8c,3.5__Pendulum-v1__last-state__H10,Pendulum-v1,last-state,10,21,data/llmx_data/offline_data/physics_data/raw_transitions/Pendulum-v1/episodes/episode_0.npz,31,mismatch,last_state_prediction,True,,"[0, 1, 1]","[1, 1, 1]",0.0,66.66666666666666,66.66666666666666,0,3,,1.4410096660722047,1.437268792069517,1347,149,1496,three_class_state_change_reanalysis,"[1, 1, 1]",0.0001,False
43c22db07c0f40da1052b1a0d7d4e7c1c2f3fc252361a3f6c745328732deeedf,3.5__Pendulum-v1__last-state__H10,Pendulum-v1,last-state,10,22,data/llmx_data/offline_data/physics_data/raw_transitions/Pendulum-v1/episodes/episode_0.npz,32,mismatch,last_state_prediction,True,,"[0, 1, 1]","[0, 0, 0]",0.0,33.33333333333333,33.33333333333333,0,3,,1.4599610839504749,1.455910750082694,1348,168,1516,three_class_state_change_reanalysis,"[0, 0, 0]",0.0001,False
cf61adc50bcbd514f545de79f3c0330c601b32c4142a58a2f175b9b7695a7aa6,3.5__Pendulum-v1__last-state__H10,Pendulum-v1,last-state,10,23,data/llmx_data/offline_data/physics_data/raw_transitions/Pendulum-v1/episodes/episode_0.npz,33,mismatch,last_state_prediction,True,,"[0, 0, 1]","[1, 1, 1]",0.0,33.33333333333333,33.33333333333333,0,3,,3.0329783339984715,3.0292661250568926,1347,173,1520,three_class_state_change_reanalysis,"[1, 1, 1]",0.0001,False
c7f8014861f53181ca9eee162d0d1bc4c653a47a9bcf3e5662b534f967c92898,3.5__Pendulum-v1__last-state__H10,Pendulum-v1,last-state,10,24,data/llmx_data/offline_data/physics_data/raw_transitions/Pendulum-v1/episodes/episode_0.npz,34,mismatch,last_state_prediction,True,,"[1, 0, 1]","[1, 1, 0]",0.0,33.33333333333333,33.33333333333333,0,3,,2.081428666948341,2.0789498750818893,1348,179,1527,three_class_state_change_reanalysis,"[1, 1, 0]",0.0001,False
ce2be98e1f877ca374cbb07bd6e5308be518b5547b637f8c45c2ac8a35e2bece,3.5__Pendulum-v1__last-state__H10,Pendulum-v1,last-state,10,25,data/llmx_data/offline_data/physics_data/raw_transitions/Pendulum-v1/episodes/episode_0.npz,35,mismatch,last_state_prediction,True,,"[0, 1, 1]","[0, 0, 0]",0.0,33.33333333333333,33.33333333333333,0,3,,1.586448875023052,1.5842067500343546,1347,172,1519,three_class_state_change_reanalysis,"[0, 0, 0]",0.0001,False
a53d5e7fa3643f86d0095cc642dedc7abe6917f61fa3838fce6e14fd6a4f87a5,3.5__Pendulum-v1__last-state__H10,Pendulum-v1,last-state,10,26,data/llmx_data/offline_data/physics_data/raw_transitions/Pendulum-v1/episodes/episode_0.npz,36,mismatch,last_state_prediction,True,,"[1, 0, 1]","[1, 1, 1]",0.0,66.66666666666666,66.66666666666666,0,3,,1.792337791994214,1.7891657090513036,1347,190,1537,three_class_state_change_reanalysis,"[1, 1, 1]",0.0001,False
3700ef6533757b504e5eae804baebca41e09db4da3b5e3e3a9b52a519961e9ca,3.5__Pendulum-v1__last-state__H10,Pendulum-v1,last-state,10,27,data/llmx_data/offline_data/physics_data/raw_transitions/Pendulum-v1/episodes/episode_0.npz,37,mismatch,last_state_prediction,True,,"[0, 1, 1]","[0, 0, 0]",0.0,33.33333333333333,33.33333333333333,0,3,,2.1681922079296783,2.164890957996249,1347,150,1497,three_class_state_change_reanalysis,"[0, 0, 0]",0.0001,False
faf6f22fa69b9a19f36a10cb75a9a5a672d6b7f3e5f8d31835af89e4f4a8e620,3.5__Pendulum-v1__last-state__H10,Pendulum-v1,last-state,10,28,data/llmx_data/offline_data/physics_data/raw_transitions/Pendulum-v1/episodes/episode_0.npz,38,mismatch,last_state_prediction,True,,"[0, 1, 1]","[1, 1, 1]",0.0,66.66666666666666,66.66666666666666,1,3,,1.4267983749741688,1.4226876669563353,1338,160,1498,three_class_state_change_reanalysis,"[2, 1, 1]",0.0001,False
a29a22fe0804710b5186948be34aa2d38ee2c850745d58416e87bc967bff9764,3.5__Pendulum-v1__last-state__H10,Pendulum-v1,last-state,10,29,data/llmx_data/offline_data/physics_data/raw_transitions/Pendulum-v1/episodes/episode_0.npz,39,mismatch,last_state_prediction,True,,"[0, 1, 1]","[1, 1, 1]",0.0,66.66666666666666,66.66666666666666,0,3,,1.5272330000298098,1.5239533330313861,1337,171,1508,three_class_state_change_reanalysis,"[1, 1, 1]",0.0001,False
13e571e08af8c18da7eb013749185849c1c6d1ac5f762f7b9b9f86ba896b611b,3.5__Pendulum-v1__last-state__H20,Pendulum-v1,last-state,20,0,data/llmx_data/offline_data/physics_data/raw_transitions/Pendulum-v1/episodes/episode_0.npz,20,mismatch,last_state_prediction,True,,"[1, 0, 1]","[0, 0, 0]",0.0,33.33333333333333,33.33333333333333,1,3,,2.020870208973065,2.018312666914426,1765,214,1979,three_class_state_change_reanalysis,"[2, 0, 0]",0.0001,False
60b4ec2082cbca5894c106e93d79ade05070fa8ed7c5a36a121e81d6df55f18f,3.5__Pendulum-v1__last-state__H20,Pendulum-v1,last-state,20,1,data/llmx_data/offline_data/physics_data/raw_transitions/Pendulum-v1/episodes/episode_0.npz,21,mismatch,last_state_prediction,True,,"[1, 0, 1]","[1, 1, 1]",0.0,33.33333333333333,66.66666666666666,1,3,,2.6172439579386264,2.6140458749141544,1770,204,1974,three_class_state_change_reanalysis,"[2, 1, 1]",0.0001,False
11e0e6dd3ce433d0c3a533da5246d804d48ed4a17555d38c2829d365cf207f57,3.5__Pendulum-v1__last-state__H20,Pendulum-v1,last-state,20,2,data/llmx_data/offline_data/physics_data/raw_transitions/Pendulum-v1/episodes/episode_0.npz,22,mismatch,last_state_prediction,True,,"[0, 0, 1]","[0, 0, 0]",0.0,66.66666666666666,66.66666666666666,0,3,,1.4212600419996306,1.4180004160152748,1771,149,1920,three_class_state_change_reanalysis,"[0, 0, 0]",0.0001,False
fd226497613c1aa1ca9fcb7abf13cbbc28b88756ea659b51f7ff1b73e8be5073,3.5__Pendulum-v1__last-state__H20,Pendulum-v1,last-state,20,3,data/llmx_data/offline_data/physics_data/raw_transitions/Pendulum-v1/episodes/episode_0.npz,23,mismatch,last_state_prediction,True,,"[0, 1, 0]","[1, 1, 1]",0.0,33.33333333333333,33.33333333333333,1,3,,2.4950541659491137,2.490754499915056,1775,150,1925,three_class_state_change_reanalysis,"[2, 1, 1]",0.0001,False
d444fe20b7ff10d48d433bd542ee273f07a67759e2feda95c76451c3b49f61b3,3.5__Pendulum-v1__last-state__H20,Pendulum-v1,last-state,20,4,data/llmx_data/offline_data/physics_data/raw_transitions/Pendulum-v1/episodes/episode_0.npz,24,ignored,last_state_prediction,False,"directions must be one of ['DEC', 'INC']",,"[1, 1, 1]",0.0,,,1,3,parse_failure_state_prediction,2.254926166962832,2.2500226669944823,1774,176,1950,three_class_state_change_reanalysis,"[2, 1, 1]",0.0001,False
a7c8418ff8e4adeca3d607cfc965756524bdefe7a758adc0a1d9e9e9b432d8d3,3.5__Pendulum-v1__last-state__H20,Pendulum-v1,last-state,20,5,data/llmx_data/offline_data/physics_data/raw_transitions/Pendulum-v1/episodes/episode_0.npz,25,mismatch,last_state_prediction,True,,"[1, 0, 1]","[0, 0, 0]",0.0,33.33333333333333,33.33333333333333,0,3,,1.932627166970633,1.929756333003752,1779,158,1937,three_class_state_change_reanalysis,"[0, 0, 0]",0.0001,False
e39223f788d44f1ae2ae5cf2c09c4cf0ebf10e41ea706e169de370128cdac7a8,3.5__Pendulum-v1__last-state__H20,Pendulum-v1,last-state,20,6,data/llmx_data/offline_data/physics_data/raw_transitions/Pendulum-v1/episodes/episode_0.npz,26,mismatch,last_state_prediction,True,,"[1, 0, 1]","[0, 0, 1]",0.0,33.33333333333333,66.66666666666666,2,3,,2.4936277080560103,2.4902729579480365,1787,175,1962,three_class_state_change_reanalysis,"[2, 2, 1]",0.0001,False
b127d5f6c4a22a4af57c22ae985f51687791e73b251e24526b2a4ac9562eb8fb,3.5__Pendulum-v1__last-state__H20,Pendulum-v1,last-state,20,7,data/llmx_data/offline_data/physics_data/raw_transitions/Pendulum-v1/episodes/episode_0.npz,27,mismatch,last_state_prediction,True,,"[1, 0, 1]","[1, 1, 1]",0.0,66.66666666666666,66.66666666666666,0,3,,2.30933570896741,2.305258124950342,1775,156,1931,three_class_state_change_reanalysis,"[1, 1, 1]",0.0001,False
2f8b3f028adec262cac5c98d535ad4cc30d289d1b915292e0dcacad8a3ed19ab,3.5__Pendulum-v1__last-state__H20,Pendulum-v1,last-state,20,8,data/llmx_data/offline_data/physics_data/raw_transitions/Pendulum-v1/episodes/episode_0.npz,28,mismatch,last_state_prediction,True,,"[0, 1, 1]","[0, 0, 0]",0.0,33.33333333333333,33.33333333333333,0,3,,1.7558831250062212,1.7515507499920204,1784,143,1927,three_class_state_change_reanalysis,"[0, 0, 0]",0.0001,False
89aa4d94378a773df79416b5dc5b58e9dbebd9c81cc7b8d0cfb8d3f088d42a5e,3.5__Pendulum-v1__last-state__H20,Pendulum-v1,last-state,20,9,data/llmx_data/offline_data/physics_data/raw_transitions/Pendulum-v1/episodes/episode_0.npz,29,mismatch,last_state_prediction,True,,"[1, 0, 1]","[1, 1, 1]",0.0,66.66666666666666,66.66666666666666,0,3,,2.2746157499495894,2.271538041997701,1786,178,1964,three_class_state_change_reanalysis,"[1, 1, 1]",0.0001,False
159763445a0be5e206b6cadb12707cd93ca27ba431da5fc5de29dc228f80f218,3.5__Pendulum-v1__last-state__H20,Pendulum-v1,last-state,20,10,data/llmx_data/offline_data/physics_data/raw_transitions/Pendulum-v1/episodes/episode_0.npz,30,mismatch,last_state_prediction,True,,"[1, 1, 0]","[0, 0, 0]",0.0,33.33333333333333,33.33333333333333,0,3,,2.027690583956428,2.024543583043851,1785,188,1973,three_class_state_change_reanalysis,"[0, 0, 0]",0.0001,False
30c84de70a415688143aedbcceece849231e9e745a7390909d4652d1fbea65cd,3.5__Pendulum-v1__last-state__H20,Pendulum-v1,last-state,20,11,data/llmx_data/offline_data/physics_data/raw_transitions/Pendulum-v1/episodes/episode_0.npz,31,mismatch,last_state_prediction,True,,"[1, 0, 1]","[1, 1, 1]",0.0,66.66666666666666,66.66666666666666,0,3,,1.8606663749087602,1.8564573749899864,1786,166,1952,three_class_state_change_reanalysis,"[1, 1, 1]",0.0001,False
73f8cc8d2d6880ed5dd9d7249e861caabd7254d7a3dfae44557b9976d0e90b99,3.5__Pendulum-v1__last-state__H20,Pendulum-v1,last-state,20,12,data/llmx_data/offline_data/physics_data/raw_transitions/Pendulum-v1/episodes/episode_0.npz,32,mismatch,last_state_prediction,True,,"[0, 1, 1]","[0, 0, 0]",0.0,33.33333333333333,33.33333333333333,0,3,,1.8949867920018733,1.890941874939017,1785,187,1972,three_class_state_change_reanalysis,"[0, 0, 0]",0.0001,False
21d9aefb0436bbd2e0231cb7809e74e4f343b7ec904560f898f9b8cbe5108cd2,3.5__Pendulum-v1__last-state__H20,Pendulum-v1,last-state,20,13,data/llmx_data/offline_data/physics_data/raw_transitions/Pendulum-v1/episodes/episode_0.npz,33,mismatch,last_state_prediction,True,,"[1, 0, 1]","[1, 1, 1]",0.0,66.66666666666666,66.66666666666666,0,3,,1.9231505419593304,1.9197947500506416,1788,179,1967,three_class_state_change_reanalysis,"[1, 1, 1]",0.0001,False
6b219aa3beac0c73da6e104b7944f3a04b9f38c95f1f63a23baabdb4490cf936,3.5__Pendulum-v1__last-state__H20,Pendulum-v1,last-state,20,14,data/llmx_data/offline_data/physics_data/raw_transitions/Pendulum-v1/episodes/episode_0.npz,34,mismatch,last_state_prediction,True,,"[1, 0, 1]","[1, 1, 0]",0.0,33.33333333333333,33.33333333333333,0,3,,2.581304791965522,2.577662792056799,1789,167,1956,three_class_state_change_reanalysis,"[1, 1, 0]",0.0001,False
37d102a2978c3c7806c50b33d702495babe2682151740d5bd82c2a56b6ebbf84,3.5__Pendulum-v1__last-state__H20,Pendulum-v1,last-state,20,15,data/llmx_data/offline_data/physics_data/raw_transitions/Pendulum-v1/episodes/episode_0.npz,35,mismatch,last_state_prediction,True,,"[1, 0, 1]","[0, 0, 0]",0.0,33.33333333333333,33.33333333333333,0,3,,2.170927583007142,2.1673206250416115,1789,184,1973,three_class_state_change_reanalysis,"[0, 0, 0]",0.0001,False
21a3762211d22dda0207d860d0be87b1ffb924725f92002e816c94fa7a7c3e57,3.5__Pendulum-v1__last-state__H20,Pendulum-v1,last-state,20,16,data/llmx_data/offline_data/physics_data/raw_transitions/Pendulum-v1/episodes/episode_0.npz,36,mismatch,last_state_prediction,True,,"[1, 0, 1]","[1, 1, 1]",0.0,66.66666666666666,66.66666666666666,0,3,,2.6441890840651467,2.640473415958695,1789,190,1979,three_class_state_change_reanalysis,"[1, 1, 1]",0.0001,False
a4cbc3d5196d4712b59bf17af6e55c8dfb6b94b8d716e560a856b1508f244ef9,3.5__Pendulum-v1__last-state__H20,Pendulum-v1,last-state,20,17,data/llmx_data/offline_data/physics_data/raw_transitions/Pendulum-v1/episodes/episode_0.npz,37,mismatch,last_state_prediction,True,,"[0, 1, 1]","[0, 0, 0]",0.0,33.33333333333333,33.33333333333333,0,3,,2.287060584058054,2.2838667079340667,1790,149,1939,three_class_state_change_reanalysis,"[0, 0, 0]",0.0001,False
c8de0e4d636497db8c70a6d29425a7118697a4502384c87515ac54a8cbc1aebd,3.5__Pendulum-v1__last-state__H20,Pendulum-v1,last-state,20,18,data/llmx_data/offline_data/physics_data/raw_transitions/Pendulum-v1/episodes/episode_0.npz,38,mismatch,last_state_prediction,True,,"[1, 1, 0]","[1, 1, 1]",0.0,33.33333333333333,66.66666666666666,1,3,,2.3217307080049068,2.317327833035961,1791,187,1978,three_class_state_change_reanalysis,"[2, 1, 1]",0.0001,False
fb73074ebeafd643054011afaceb6b338d54bd46dd4554f218dc480b5337f9c0,3.5__Pendulum-v1__last-state__H20,Pendulum-v1,last-state,20,19,data/llmx_data/offline_data/physics_data/raw_transitions/Pendulum-v1/episodes/episode_0.npz,39,mismatch,last_state_prediction,True,,"[1, 0, 1]","[1, 1, 1]",0.0,66.66666666666666,66.66666666666666,0,3,,1.3542345829773694,1.349967374932021,1791,167,1958,three_class_state_change_reanalysis,"[1, 1, 1]",0.0001,False
752e52a27227e16dba7f16cf51e507ea9bf360f8159dd3d861d3ef89f7746da7,3.5__Pendulum-v1__last-state__H20,Pendulum-v1,last-state,20,20,data/llmx_data/offline_data/physics_data/raw_transitions/Pendulum-v1/episodes/episode_0.npz,40,mismatch,last_state_prediction,True,,"[1, 0, 1]","[1, 1, 1]",0.0,66.66666666666666,66.66666666666666,0,3,,1.4012673750985414,1.3971915000583977,1791,150,1941,three_class_state_change_reanalysis,"[1, 1, 1]",0.0001,False
2df5db176d1dd316c73608346a7c6c967e8c278187a747e7cde79a7b57cfdbe3,3.5__Pendulum-v1__last-state__H20,Pendulum-v1,last-state,20,21,data/llmx_data/offline_data/physics_data/raw_transitions/Pendulum-v1/episodes/episode_0.npz,41,mismatch,last_state_prediction,True,,"[1, 0, 1]","[1, 1, 1]",0.0,66.66666666666666,66.66666666666666,0,3,,1.9691147910198197,1.9642137080663815,1790,144,1934,three_class_state_change_reanalysis,"[1, 1, 1]",0.0001,False
4f254f7d37d8372ef1dfac2f7298af396b1f549c0aea20627c90c0c0188a5d17,3.5__Pendulum-v1__last-state__H20,Pendulum-v1,last-state,20,22,data/llmx_data/offline_data/physics_data/raw_transitions/Pendulum-v1/episodes/episode_0.npz,42,mismatch,last_state_prediction,True,,"[0, 1, 1]","[1, 1, 0]",0.0,33.33333333333333,33.33333333333333,0,3,,2.141846791957505,2.1371923750266433,1793,146,1939,three_class_state_change_reanalysis,"[1, 1, 0]",0.0001,False
b8b0c1d373635b8d9c1b0379d7e1f229c880217bbf3cec6d2615acaa75af9356,3.5__Pendulum-v1__last-state__H20,Pendulum-v1,last-state,20,23,data/llmx_data/offline_data/physics_data/raw_transitions/Pendulum-v1/episodes/episode_0.npz,43,mismatch,last_state_prediction,True,,"[1, 0, 0]","[0, 0, 0]",0.0,66.66666666666666,66.66666666666666,0,3,,2.310286874999292,2.3073741249972954,1792,186,1978,three_class_state_change_reanalysis,"[0, 0, 0]",0.0001,False
985c41ac950aadefa92d480ff3633b448bc7e066bb8092b4af3fd45b5516c362,3.5__Pendulum-v1__last-state__H20,Pendulum-v1,last-state,20,24,data/llmx_data/offline_data/physics_data/raw_transitions/Pendulum-v1/episodes/episode_0.npz,44,mismatch,last_state_prediction,True,,"[1, 0, 1]","[0, 0, 1]",0.0,66.66666666666666,66.66666666666666,0,3,,2.3327523329062387,2.3284385829465464,1793,183,1976,three_class_state_change_reanalysis,"[0, 0, 1]",0.0001,False
4e0c53250655ab56b4352b4ed74705f2c685bbd8fa7ba4ed21be59da421189f8,3.5__Pendulum-v1__last-state__H20,Pendulum-v1,last-state,20,25,data/llmx_data/offline_data/physics_data/raw_transitions/Pendulum-v1/episodes/episode_0.npz,45,mismatch,last_state_prediction,True,,"[1, 0, 0]","[0, 0, 0]",0.0,66.66666666666666,66.66666666666666,0,3,,2.6198654579930007,2.6157090419437736,1792,157,1949,three_class_state_change_reanalysis,"[0, 0, 0]",0.0001,False
e98f5454520130230d7bfed36c289d4ccf6db4cb3e86d1aba8d3eb825b8d3ea3,3.5__Pendulum-v1__last-state__H20,Pendulum-v1,last-state,20,26,data/llmx_data/offline_data/physics_data/raw_transitions/Pendulum-v1/episodes/episode_0.npz,46,mismatch,last_state_prediction,True,,"[1, 0, 1]","[0, 0, 1]",0.0,66.66666666666666,66.66666666666666,0,3,,2.497225958039053,2.4933304170845076,1789,185,1974,three_class_state_change_reanalysis,"[0, 0, 1]",0.0001,False
a6e5468c1c6d10932acc20e4645483281c5c8a32894042a6fdfca1127691e80e,3.5__Pendulum-v1__last-state__H20,Pendulum-v1,last-state,20,27,data/llmx_data/offline_data/physics_data/raw_transitions/Pendulum-v1/episodes/episode_0.npz,47,mismatch,last_state_prediction,True,,"[1, 0, 1]","[1, 1, 1]",0.0,33.33333333333333,66.66666666666666,1,3,,2.7354607079178095,2.731021707993932,1790,166,1956,three_class_state_change_reanalysis,"[2, 1, 1]",0.0001,False
e89445b8c149172edb7cc38da46b5938d3be37ef61f451c986aa2d7fbf066088,3.5__Pendulum-v1__last-state__H20,Pendulum-v1,last-state,20,28,data/llmx_data/offline_data/physics_data/raw_transitions/Pendulum-v1/episodes/episode_0.npz,48,ignored,last_state_prediction,False,"directions must be one of ['DEC', 'INC']",,"[0, 0, 0]",0.0,,,0,3,parse_failure_state_prediction,2.6620972919045016,2.6600315839750692,1781,194,1975,three_class_state_change_reanalysis,"[0, 0, 0]",0.0001,False
124c3d79630e4cfeb7541429b32c45c427efa4703ba375ce0b0da7d6a64207eb,3.5__Pendulum-v1__last-state__H20,Pendulum-v1,last-state,20,29,data/llmx_data/offline_data/physics_data/raw_transitions/Pendulum-v1/episodes/episode_0.npz,49,mismatch,last_state_prediction,True,,"[1, 0, 1]","[1, 1, 1]",0.0,33.33333333333333,66.66666666666666,1,3,,1.879347832989879,1.8755404169205576,1780,183,1963,three_class_state_change_reanalysis,"[2, 1, 1]",0.0001,False
7694ef2bb8f7b3d128f879716a43166e7607b3cc0a06d492c54480a9c058ecaf,3.5__Pendulum-v1__last-state__H30,Pendulum-v1,last-state,30,0,data/llmx_data/offline_data/physics_data/raw_transitions/Pendulum-v1/episodes/episode_0.npz,30,mismatch,last_state_prediction,True,,"[1, 0, 1]","[0, 0, 0]",0.0,33.33333333333333,33.33333333333333,0,3,,2.528496125014499,2.5248222920345142,2221,208,2429,three_class_state_change_reanalysis,"[0, 0, 0]",0.0001,False
3f0f05fe1b6eca15e54ceb182a232c5085055a2c03dfd52361aac44ad8ef8165,3.5__Pendulum-v1__last-state__H30,Pendulum-v1,last-state,30,1,data/llmx_data/offline_data/physics_data/raw_transitions/Pendulum-v1/episodes/episode_0.npz,31,mismatch,last_state_prediction,True,,"[1, 0, 1]","[1, 1, 1]",0.0,66.66666666666666,66.66666666666666,0,3,,3.0778070419328287,3.073149541974999,2225,189,2414,three_class_state_change_reanalysis,"[1, 1, 1]",0.0001,False
9e8fe8a4d29d23121d8b002b70f68cbcad991c2d4a08f5a57290d102d86b8769,3.5__Pendulum-v1__last-state__H30,Pendulum-v1,last-state,30,2,data/llmx_data/offline_data/physics_data/raw_transitions/Pendulum-v1/episodes/episode_0.npz,32,match,last_state_prediction,True,,"[0, 0, 0]","[0, 0, 0]",100.0,100.0,100.0,0,3,,2.383445999934338,2.3792468750616536,2227,177,2404,three_class_state_change_reanalysis,"[0, 0, 0]",0.0001,False
731c852b02794b2172acdfb3851b02a10bffa2b92e52286fa7c155edb2bd19a8,3.5__Pendulum-v1__last-state__H30,Pendulum-v1,last-state,30,3,data/llmx_data/offline_data/physics_data/raw_transitions/Pendulum-v1/episodes/episode_0.npz,33,mismatch,last_state_prediction,True,,"[1, 0, 1]","[1, 1, 1]",0.0,66.66666666666666,66.66666666666666,0,3,,2.439443250070326,2.4355997090460733,2230,200,2430,three_class_state_change_reanalysis,"[1, 1, 1]",0.0001,False
4ba2c08b0300e8e416bc3e1207787e366a5b75aaedcc2f8e23c5cd772889e881,3.5__Pendulum-v1__last-state__H30,Pendulum-v1,last-state,30,4,data/llmx_data/offline_data/physics_data/raw_transitions/Pendulum-v1/episodes/episode_0.npz,34,mismatch,last_state_prediction,True,,"[1, 0, 1]","[1, 1, 0]",0.0,33.33333333333333,33.33333333333333,0,3,,2.2664343329379335,2.2626242919359356,2231,129,2360,three_class_state_change_reanalysis,"[1, 1, 0]",0.0001,False
f6e6f0c8c67ee7eb6e8244cd9bbc7cb97f7271d77a08e22d222e23a64aa32846,3.5__Pendulum-v1__last-state__H30,Pendulum-v1,last-state,30,5,data/llmx_data/offline_data/physics_data/raw_transitions/Pendulum-v1/episodes/episode_0.npz,35,mismatch,last_state_prediction,True,,"[1, 0, 0]","[0, 0, 0]",0.0,66.66666666666666,66.66666666666666,0,3,,2.040928333066404,2.0370511249639094,2234,183,2417,three_class_state_change_reanalysis,"[0, 0, 0]",0.0001,False
e0c355f4a8453f8a8bc6f083f5dd9d0d860b54877c79b0274da4d42f09ea32ba,3.5__Pendulum-v1__last-state__H30,Pendulum-v1,last-state,30,6,data/llmx_data/offline_data/physics_data/raw_transitions/Pendulum-v1/episodes/episode_0.npz,36,mismatch,last_state_prediction,True,,"[1, 0, 1]","[1, 1, 1]",0.0,66.66666666666666,66.66666666666666,0,3,,1.9085167089942843,1.9048702910076827,2233,175,2408,three_class_state_change_reanalysis,"[1, 1, 1]",0.0001,False
5766c2b923c2ae226ef254fe2fde3febca11b3f5288793609cbf970fe012aede,3.5__Pendulum-v1__last-state__H30,Pendulum-v1,last-state,30,7,data/llmx_data/offline_data/physics_data/raw_transitions/Pendulum-v1/episodes/episode_0.npz,37,mismatch,last_state_prediction,True,,"[0, 1, 1]","[0, 0, 0]",0.0,33.33333333333333,33.33333333333333,0,3,,1.4638548749499023,1.4603045000694692,2231,133,2364,three_class_state_change_reanalysis,"[0, 0, 0]",0.0001,False
dc7fe1739a3024eb8abf131cefadde4f0ff04d455420b68423e1e0f08dc8e142,3.5__Pendulum-v1__last-state__H30,Pendulum-v1,last-state,30,8,data/llmx_data/offline_data/physics_data/raw_transitions/Pendulum-v1/episodes/episode_0.npz,38,mismatch,last_state_prediction,True,,"[1, 0, 1]","[1, 1, 1]",0.0,33.33333333333333,66.66666666666666,1,3,,2.2770657090004534,2.2726697500329465,2230,167,2397,three_class_state_change_reanalysis,"[2, 1, 1]",0.0001,False
5d8c1d5e88fbb4da91fbc75a062f4bdf392ececd4bdd79e2d80a48eee72d3704,3.5__Pendulum-v1__last-state__H30,Pendulum-v1,last-state,30,9,data/llmx_data/offline_data/physics_data/raw_transitions/Pendulum-v1/episodes/episode_0.npz,39,mismatch,last_state_prediction,True,,"[1, 0, 1]","[1, 1, 1]",0.0,66.66666666666666,66.66666666666666,0,3,,3.568250457989052,3.565563707961701,2231,196,2427,three_class_state_change_reanalysis,"[1, 1, 1]",0.0001,False
314b07af853a61d566ee7d02be0f45381e46720ede0e210e12379813f08faf82,3.5__Pendulum-v1__last-state__H30,Pendulum-v1,last-state,30,10,data/llmx_data/offline_data/physics_data/raw_transitions/Pendulum-v1/episodes/episode_0.npz,40,mismatch,last_state_prediction,True,,"[0, 0, 1]","[1, 1, 1]",0.0,33.33333333333333,33.33333333333333,0,3,,1.6292509579798207,1.6257369170198217,2230,151,2381,three_class_state_change_reanalysis,"[1, 1, 1]",0.0001,False
e7bb682da910eb1cb7b06cb4b0d5fe0ef57dc77420279cac6625e0c79084d7ad,3.5__Pendulum-v1__last-state__H30,Pendulum-v1,last-state,30,11,data/llmx_data/offline_data/physics_data/raw_transitions/Pendulum-v1/episodes/episode_0.npz,41,mismatch,last_state_prediction,True,,"[1, 0, 1]","[1, 1, 1]",0.0,66.66666666666666,66.66666666666666,0,3,,2.310307916952297,2.305757457972504,2229,175,2404,three_class_state_change_reanalysis,"[1, 1, 1]",0.0001,False
12a060b9f25bb12ecde3f27d28843be9b1b1fc232980149021d5daebcd728c1f,3.5__Pendulum-v1__last-state__H30,Pendulum-v1,last-state,30,12,data/llmx_data/offline_data/physics_data/raw_transitions/Pendulum-v1/episodes/episode_0.npz,42,mismatch,last_state_prediction,True,,"[1, 0, 1]","[1, 1, 0]",0.0,33.33333333333333,33.33333333333333,0,3,,2.869825416011736,2.8657762500224635,2230,202,2432,three_class_state_change_reanalysis,"[1, 1, 0]",0.0001,False
a6f31d07a94e7a5a5d9bef58251b99c1683c3ffc219eeaf180f6efaee2b09eeb,3.5__Pendulum-v1__last-state__H30,Pendulum-v1,last-state,30,13,data/llmx_data/offline_data/physics_data/raw_transitions/Pendulum-v1/episodes/episode_0.npz,43,mismatch,last_state_prediction,True,,"[1, 0, 1]","[0, 0, 0]",0.0,33.33333333333333,33.33333333333333,0,3,,2.5991587080061436,2.595304667018354,2233,181,2414,three_class_state_change_reanalysis,"[0, 0, 0]",0.0001,False
82ceda02eb2b3722fcd0821492731efcda6184f1e41446001acb6f33067cf2b3,3.5__Pendulum-v1__last-state__H30,Pendulum-v1,last-state,30,14,data/llmx_data/offline_data/physics_data/raw_transitions/Pendulum-v1/episodes/episode_0.npz,44,mismatch,last_state_prediction,True,,"[1, 0, 1]","[0, 0, 1]",0.0,66.66666666666666,66.66666666666666,0,3,,2.8293245000531897,2.825892625027336,2234,191,2425,three_class_state_change_reanalysis,"[0, 0, 1]",0.0001,False
101847937877518e695f0c9348cf6d14dcc551e463b739b9fe23b0305f961f8a,3.5__Pendulum-v1__last-state__H30,Pendulum-v1,last-state,30,15,data/llmx_data/offline_data/physics_data/raw_transitions/Pendulum-v1/episodes/episode_0.npz,45,mismatch,last_state_prediction,True,,"[1, 0, 1]","[0, 0, 0]",0.0,33.33333333333333,33.33333333333333,0,3,,2.4001222499646246,2.396418874966912,2234,202,2436,three_class_state_change_reanalysis,"[0, 0, 0]",0.0001,False
23ff5c0fc73e9b6c87980c38d418c9bf4d3977bdb93fc9e93e9870f923245ecf,3.5__Pendulum-v1__last-state__H30,Pendulum-v1,last-state,30,16,data/llmx_data/offline_data/physics_data/raw_transitions/Pendulum-v1/episodes/episode_0.npz,46,mismatch,last_state_prediction,True,,"[1, 0, 0]","[0, 0, 1]",0.0,33.33333333333333,33.33333333333333,0,3,,2.497394457925111,2.493757375050336,2231,187,2418,three_class_state_change_reanalysis,"[0, 0, 1]",0.0001,False
dec03025067caa78006b0246197c20f6e0adfabe8b2c537845570dbe42053e26,3.5__Pendulum-v1__last-state__H30,Pendulum-v1,last-state,30,17,data/llmx_data/offline_data/physics_data/raw_transitions/Pendulum-v1/episodes/episode_0.npz,47,mismatch,last_state_prediction,True,,"[1, 0, 1]","[1, 1, 1]",0.0,33.33333333333333,66.66666666666666,1,3,,2.710775332991034,2.7072171249892563,2233,183,2416,three_class_state_change_reanalysis,"[2, 1, 1]",0.0001,False
6e7c75124feaad2b473c43b6899895b84e85afd6e925a48405a8093a3cdcc21a,3.5__Pendulum-v1__last-state__H30,Pendulum-v1,last-state,30,18,data/llmx_data/offline_data/physics_data/raw_transitions/Pendulum-v1/episodes/episode_0.npz,48,mismatch,last_state_prediction,True,,"[1, 0, 0]","[0, 0, 0]",0.0,66.66666666666666,66.66666666666666,0,3,,1.814240290899761,1.809686667053029,2234,175,2409,three_class_state_change_reanalysis,"[0, 0, 0]",0.0001,False
f72f76ac9c1d7c5282cdd4e053f90dcce348e7c30874260c9bbfae887de39855,3.5__Pendulum-v1__last-state__H30,Pendulum-v1,last-state,30,19,data/llmx_data/offline_data/physics_data/raw_transitions/Pendulum-v1/episodes/episode_0.npz,49,mismatch,last_state_prediction,True,,"[1, 0, 1]","[1, 1, 1]",0.0,33.33333333333333,66.66666666666666,1,3,,2.2885687079979107,2.2857828750275075,2234,183,2417,three_class_state_change_reanalysis,"[2, 1, 1]",0.0001,False
64c40645eaffa5a79b44afb428712e52d8aad609a137275710e550596931bec8,3.5__Pendulum-v1__last-state__H30,Pendulum-v1,last-state,30,20,data/llmx_data/offline_data/physics_data/raw_transitions/Pendulum-v1/episodes/episode_0.npz,50,mismatch,last_state_prediction,True,,"[1, 0, 1]","[1, 1, 0]",0.0,0.0,33.33333333333333,1,3,,2.981447375030257,2.9778907080180943,2232,188,2420,three_class_state_change_reanalysis,"[2, 1, 0]",0.0001,False
abe7d070741661e97baec2803e9bcc74e840e3b6a4c3f56e6b7f041d048091e3,3.5__Pendulum-v1__last-state__H30,Pendulum-v1,last-state,30,21,data/llmx_data/offline_data/physics_data/raw_transitions/Pendulum-v1/episodes/episode_0.npz,51,mismatch,last_state_prediction,True,,"[1, 0, 1]","[0, 0, 0]",0.0,33.33333333333333,33.33333333333333,1,3,,1.5639977090759203,1.5602840000065044,2231,202,2433,three_class_state_change_reanalysis,"[2, 0, 0]",0.0001,False
20d1509ff3650cb50d7ebfb2dd143ad3d22f9a69c85f6fd4206b78ab0a3f3468,3.5__Pendulum-v1__last-state__H30,Pendulum-v1,last-state,30,22,data/llmx_data/offline_data/physics_data/raw_transitions/Pendulum-v1/episodes/episode_0.npz,52,mismatch,last_state_prediction,True,,"[0, 1, 0]","[1, 1, 1]",0.0,33.33333333333333,33.33333333333333,0,3,,1.7649904999416322,1.7604034589603543,2233,140,2373,three_class_state_change_reanalysis,"[1, 1, 1]",0.0001,False
9bcb03573e70f6cb17120c836f6aa100109af8157d62876bbd2de224929b2c33,3.5__Pendulum-v1__last-state__H30,Pendulum-v1,last-state,30,23,data/llmx_data/offline_data/physics_data/raw_transitions/Pendulum-v1/episodes/episode_0.npz,53,mismatch,last_state_prediction,True,,"[1, 1, 0]","[0, 0, 0]",0.0,33.33333333333333,33.33333333333333,0,3,,2.5280992089537904,2.5241808750433847,2230,180,2410,three_class_state_change_reanalysis,"[0, 0, 0]",0.0001,False
cda595e233b38a202e7947c657cbe52abb815d85a5a608a14cd29a410ba49af8,3.5__Pendulum-v1__last-state__H30,Pendulum-v1,last-state,30,24,data/llmx_data/offline_data/physics_data/raw_transitions/Pendulum-v1/episodes/episode_0.npz,54,mismatch,last_state_prediction,True,,"[1, 0, 1]","[1, 1, 1]",0.0,66.66666666666666,66.66666666666666,0,3,,2.0058369169710204,2.001557374955155,2230,180,2410,three_class_state_change_reanalysis,"[1, 1, 1]",0.0001,False
256ad20585a677a1491e8d23ee9875cd0ce2ddcf03042a51af4c780870924ac3,3.5__Pendulum-v1__last-state__H30,Pendulum-v1,last-state,30,25,data/llmx_data/offline_data/physics_data/raw_transitions/Pendulum-v1/episodes/episode_0.npz,55,mismatch,last_state_prediction,True,,"[1, 0, 1]","[0, 0, 0]",0.0,33.33333333333333,33.33333333333333,0,3,,1.5125222080387175,1.508727667038329,2227,158,2385,three_class_state_change_reanalysis,"[0, 0, 0]",0.0001,False
89c23b56e32cc3dfa40a77cd06abe320d50091b9ccf6951d10f3cd89148dba79,3.5__Pendulum-v1__last-state__H30,Pendulum-v1,last-state,30,26,data/llmx_data/offline_data/physics_data/raw_transitions/Pendulum-v1/episodes/episode_0.npz,56,mismatch,last_state_prediction,True,,"[0, 1, 1]","[1, 1, 1]",0.0,66.66666666666666,66.66666666666666,0,3,,1.5855391670484096,1.5811677080346271,2229,139,2368,three_class_state_change_reanalysis,"[1, 1, 1]",0.0001,False
8e825b93ad725b97fe8cc4393b4ee26f83792be9255466f2a4d8297bdaa01d36,3.5__Pendulum-v1__last-state__H30,Pendulum-v1,last-state,30,27,data/llmx_data/offline_data/physics_data/raw_transitions/Pendulum-v1/episodes/episode_0.npz,57,mismatch,last_state_prediction,True,,"[0, 1, 0]","[1, 1, 0]",0.0,66.66666666666666,66.66666666666666,1,3,,1.5529604170005769,1.5491494169691578,2228,171,2399,three_class_state_change_reanalysis,"[2, 1, 0]",0.0001,False
255558d76a315778dbdc45db205010f24a4c924a8c4799c8b4299b7b2c277c9f,3.5__Pendulum-v1__last-state__H30,Pendulum-v1,last-state,30,28,data/llmx_data/offline_data/physics_data/raw_transitions/Pendulum-v1/episodes/episode_0.npz,58,mismatch,last_state_prediction,True,,"[1, 0, 1]","[1, 1, 0]",0.0,0.0,33.33333333333333,1,3,,2.090548916021362,2.0859899590723217,2221,192,2413,three_class_state_change_reanalysis,"[2, 1, 0]",0.0001,False
da22dce6dd1a106c8ec728b94a2f83e66f1300b7b16c5178bef452924c6fff2c,3.5__Pendulum-v1__last-state__H30,Pendulum-v1,last-state,30,29,data/llmx_data/offline_data/physics_data/raw_transitions/Pendulum-v1/episodes/episode_0.npz,59,mismatch,last_state_prediction,True,,"[0, 1, 0]","[1, 1, 0]",0.0,66.66666666666666,66.66666666666666,1,3,,1.2643771659350023,1.261819792096503,2220,153,2373,three_class_state_change_reanalysis,"[2, 1, 0]",0.0001,False
