query_id,condition_id,task,metric,H,ordinal,dimension,parsed,prediction_class,ground_truth_class,saved_ground_truth_class,accuracy_pct
bc879fa8cc96270d710af43700de9e77cde7d56419a3336affe271fa8538f4a4,3.5__MountainCar-v0__next-state__H5,MountainCar-v0,next-state,5,0,0,True,1,1,1,100.0
bc879fa8cc96270d710af43700de9e77cde7d56419a3336affe271fa8538f4a4,3.5__MountainCar-v0__next-state__H5,MountainCar-v0,next-state,5,0,1,True,1,1,1,100.0
331848edc7d68a42d4e7f66629d7eb092e2f78f0ce4101acc0a799800abe4b63,3.5__MountainCar-v0__next-state__H5,MountainCar-v0,next-state,5,1,0,True,1,1,1,100.0
331848edc7d68a42d4e7f66629d7eb092e2f78f0ce4101acc0a799800abe4b63,3.5__MountainCar-v0__next-state__H5,MountainCar-v0,next-state,5,1,1,True,1,1,1,100.0
5646d6ca898e21fdc72f448eb9f8846562a8a9939a024fb794b6f302a5575768,3.5__MountainCar-v0__next-state__H5,MountainCar-v0,next-state,5,2,0,True,1,1,1,100.0
5646d6ca898e21fdc72f448eb9f8846562a8a9939a024fb794b6f302a5575768,3.5__MountainCar-v0__next-state__H5,MountainCar-v0,next-state,5,2,1,True,0,1,1,0.0
3d42c495b0ef5f10a041b58ec5d2197550b5973feb5d8e731a1212b1029ac9a5,3.5__MountainCar-v0__next-state__H5,MountainCar-v0,next-state,5,3,0,True,1,1,1,100.0
3d42c495b0ef5f10a041b58ec5d2197550b5973feb5d8e731a1212b1029ac9a5,3.5__MountainCar-v0__next-state__H5,MountainCar-v0,next-state,5,3,1,True,1,1,1,100.0
a86601ce7cabc24af1304277f3cdcaaeacf1b6c8620b6057253ddde3a24345eb,3.5__MountainCar-v0__next-state__H5,MountainCar-v0,next-state,5,4,0,True,1,1,1,100.0
a86601ce7cabc24af1304277f3cdcaaeacf1b6c8620b6057253ddde3a24345eb,3.5__MountainCar-v0__next-state__H5,MountainCar-v0,next-state,5,4,1,True,1,1,1,100.0
c67e2b38247f5919a9210831b953e31c98de067f57dec95daecacad77cd6dbb0,3.5__MountainCar-v0__next-state__H5,MountainCar-v0,next-state,5,5,0,True,1,1,1,100.0
c67e2b38247f5919a9210831b953e31c98de067f57dec95daecacad77cd6dbb0,3.5__MountainCar-v0__next-state__H5,MountainCar-v0,next-state,5,5,1,True,1,0,0,0.0
6b2613d9364901a66b8a2d79bdf5fb3a173e6d6bc9d2ce59ec7dbfa9d5a24e1e,3.5__MountainCar-v0__next-state__H5,MountainCar-v0,next-state,5,6,0,True,0,1,1,0.0
6b2613d9364901a66b8a2d79bdf5fb3a173e6d6bc9d2ce59ec7dbfa9d5a24e1e,3.5__MountainCar-v0__next-state__H5,MountainCar-v0,next-state,5,6,1,True,0,0,0,100.0
02976800357556b33b935f7c06651138a66ef0d65159692d610b9eab5084a669,3.5__MountainCar-v0__next-state__H5,MountainCar-v0,next-state,5,7,0,True,0,1,1,0.0
02976800357556b33b935f7c06651138a66ef0d65159692d610b9eab5084a669,3.5__MountainCar-v0__next-state__H5,MountainCar-v0,next-state,5,7,1,True,0,0,0,100.0
4d11a745dd1285870edd65c7b7a62f415226a3fc20ea353081985fcc6d2aeeaf,3.5__MountainCar-v0__next-state__H5,MountainCar-v0,next-state,5,8,0,True,0,1,1,0.0
4d11a745dd1285870edd65c7b7a62f415226a3fc20ea353081985fcc6d2aeeaf,3.5__MountainCar-v0__next-state__H5,MountainCar-v0,next-state,5,8,1,True,0,0,0,100.0
073f9c4ff1593b9a1984ae51cde188c0f8abff0be666759ada42486d82f48ae1,3.5__MountainCar-v0__next-state__H5,MountainCar-v0,next-state,5,9,0,True,0,1,1,0.0
073f9c4ff1593b9a1984ae51cde188c0f8abff0be666759ada42486d82f48ae1,3.5__MountainCar-v0__next-state__H5,MountainCar-v0,next-state,5,9,1,True,0,0,0,100.0
05bbbd5589982049228a67a282678885b93b0d44642182a0476e1325b5c897e9,3.5__MountainCar-v0__next-state__H5,MountainCar-v0,next-state,5,10,0,True,0,1,1,0.0
05bbbd5589982049228a67a282678885b93b0d44642182a0476e1325b5c897e9,3.5__MountainCar-v0__next-state__H5,MountainCar-v0,next-state,5,10,1,True,0,0,0,100.0
366db76e349ce65a4146cd7d6df4ed965c3ca666b14f02b29eb5afbc9ed714ef,3.5__MountainCar-v0__next-state__H5,MountainCar-v0,next-state,5,11,0,True,1,0,0,0.0
366db76e349ce65a4146cd7d6df4ed965c3ca666b14f02b29eb5afbc9ed714ef,3.5__MountainCar-v0__next-state__H5,MountainCar-v0,next-state,5,11,1,True,0,0,0,100.0
a8321d2885f37cb7579b51ca0ddcf58a6c001814a7d3122385c1e5cadaf57a64,3.5__MountainCar-v0__next-state__H5,MountainCar-v0,next-state,5,12,0,True,0,0,0,100.0
a8321d2885f37cb7579b51ca0ddcf58a6c001814a7d3122385c1e5cadaf57a64,3.5__MountainCar-v0__next-state__H5,MountainCar-v0,next-state,5,12,1,True,1,0,0,0.0
f1fc0d3266c713f7afc1dc59453fa9263bd2d2813aef6a5d8034d4fe8fcdac30,3.5__MountainCar-v0__next-state__H5,MountainCar-v0,next-state,5,13,0,True,0,0,0,100.0
f1fc0d3266c713f7afc1dc59453fa9263bd2d2813aef6a5d8034d4fe8fcdac30,3.5__MountainCar-v0__next-state__H5,MountainCar-v0,next-state,5,13,1,True,0,0,0,100.0
6a43800076fb6fb3dab63dd9b18800754d1a8527a48871cef1fc1f306bdf47d1,3.5__MountainCar-v0__next-state__H5,MountainCar-v0,next-state,5,14,0,True,0,0,0,100.0
6a43800076fb6fb3dab63dd9b18800754d1a8527a48871cef1fc1f306bdf47d1,3.5__MountainCar-v0__next-state__H5,MountainCar-v0,next-state,5,14,1,True,0,0,0,100.0
c777bf9b318dae217cd1ed9620dbba477e658622fa9863489b7e0affac583cb2,3.5__MountainCar-v0__next-state__H5,MountainCar-v0,next-state,5,15,0,True,0,0,0,100.0
c777bf9b318dae217cd1ed9620dbba477e658622fa9863489b7e0affac583cb2,3.5__MountainCar-v0__next-state__H5,MountainCar-v0,next-state,5,15,1,True,0,0,0,100.0
9fd54f814ebad47abfeb7a37410ec5e0f57ef2ad128ba75fb44b3c2086e777e7,3.5__MountainCar-v0__next-state__H5,MountainCar-v0,next-state,5,16,0,True,0,0,0,100.0
9fd54f814ebad47abfeb7a37410ec5e0f57ef2ad128ba75fb44b3c2086e777e7,3.5__MountainCar-v0__next-state__H5,MountainCar-v0,next-state,5,16,1,True,0,0,0,100.0
9cd1b6580f48a0770742d003f3fa0d6f8ec303e8ff2a85278a227abb43196e03,3.5__MountainCar-v0__next-state__H5,MountainCar-v0,next-state,5,17,0,True,0,0,0,100.0
9cd1b6580f48a0770742d003f3fa0d6f8ec303e8ff2a85278a227abb43196e03,3.5__MountainCar-v0__next-state__H5,MountainCar-v0,next-state,5,17,1,True,0,0,0,100.0
eefc87f2d7f766c1043beda8944bff5b698b38578dcbee0073a9d0019c154b29,3.5__MountainCar-v0__next-state__H5,MountainCar-v0,next-state,5,18,0,True,0,0,0,100.0
eefc87f2d7f766c1043beda8944bff5b698b38578dcbee0073a9d0019c154b29,3.5__MountainCar-v0__next-state__H5,MountainCar-v0,next-state,5,18,1,True,0,0,0,100.0
02ff3bf9672e3404d19e7878244d2ca0b72b1afb0482fd8abc09b71a665027b5,3.5__MountainCar-v0__next-state__H5,MountainCar-v0,next-state,5,19,0,True,0,0,0,100.0
02ff3bf9672e3404d19e7878244d2ca0b72b1afb0482fd8abc09b71a665027b5,3.5__MountainCar-v0__next-state__H5,MountainCar-v0,next-state,5,19,1,True,0,0,0,100.0
c97f56e53a8431d77b6ec9e5c2f565e5fe4799830b562e6214f7864d7df5d975,3.5__MountainCar-v0__next-state__H5,MountainCar-v0,next-state,5,20,0,True,0,0,0,100.0
c97f56e53a8431d77b6ec9e5c2f565e5fe4799830b562e6214f7864d7df5d975,3.5__MountainCar-v0__next-state__H5,MountainCar-v0,next-state,5,20,1,True,0,0,0,100.0
ab55126de43acc85b95bf5c726c15c7b51df7e67fe7986f205963b2d46881209,3.5__MountainCar-v0__next-state__H5,MountainCar-v0,next-state,5,21,0,True,0,0,0,100.0
ab55126de43acc85b95bf5c726c15c7b51df7e67fe7986f205963b2d46881209,3.5__MountainCar-v0__next-state__H5,MountainCar-v0,next-state,5,21,1,True,0,0,0,100.0
b1e6ab5c4ac91e3074fc32e5a859a8b3a227aa64de693a9c5429dbbb66cc5526,3.5__MountainCar-v0__next-state__H5,MountainCar-v0,next-state,5,22,0,True,0,0,0,100.0
b1e6ab5c4ac91e3074fc32e5a859a8b3a227aa64de693a9c5429dbbb66cc5526,3.5__MountainCar-v0__next-state__H5,MountainCar-v0,next-state,5,22,1,True,0,0,0,100.0
335b5d6151a8b202c0552bd41aaf422dc7bdb46feb9b189eb3b0da5627fb693c,3.5__MountainCar-v0__next-state__H5,MountainCar-v0,next-state,5,23,0,True,0,0,0,100.0
335b5d6151a8b202c0552bd41aaf422dc7bdb46feb9b189eb3b0da5627fb693c,3.5__MountainCar-v0__next-state__H5,MountainCar-v0,next-state,5,23,1,True,0,0,0,100.0
499af693dc8647e1a2b375f52d40b45c7dd26e52b16aede2652d07982eb9a1c8,3.5__MountainCar-v0__next-state__H5,MountainCar-v0,next-state,5,24,0,True,0,0,0,100.0
499af693dc8647e1a2b375f52d40b45c7dd26e52b16aede2652d07982eb9a1c8,3.5__MountainCar-v0__next-state__H5,MountainCar-v0,next-state,5,24,1,True,0,0,0,100.0
01b00c94b0b793518d71c291c9e7c46a3c228dc23e976dac390d36b6f5868950,3.5__MountainCar-v0__next-state__H5,MountainCar-v0,next-state,5,25,0,True,0,0,0,100.0
01b00c94b0b793518d71c291c9e7c46a3c228dc23e976dac390d36b6f5868950,3.5__MountainCar-v0__next-state__H5,MountainCar-v0,next-state,5,25,1,True,0,0,0,100.0
37259be937e8ac0693c1c37f2ecc2cb9fbef87e8625890d321ae3c2c2c826bcf,3.5__MountainCar-v0__next-state__H5,MountainCar-v0,next-state,5,26,0,True,0,0,0,100.0
37259be937e8ac0693c1c37f2ecc2cb9fbef87e8625890d321ae3c2c2c826bcf,3.5__MountainCar-v0__next-state__H5,MountainCar-v0,next-state,5,26,1,True,0,0,0,100.0
077eb9c8eb73e62192493ef02992357be0f9ab4ffdc5576536fd222c09d26f66,3.5__MountainCar-v0__next-state__H5,MountainCar-v0,next-state,5,27,0,True,0,0,0,100.0
077eb9c8eb73e62192493ef02992357be0f9ab4ffdc5576536fd222c09d26f66,3.5__MountainCar-v0__next-state__H5,MountainCar-v0,next-state,5,27,1,True,0,0,0,100.0
481be5760327b5d95257a70f8b6526533eef30aff0368691f51b265e84c5b900,3.5__MountainCar-v0__next-state__H5,MountainCar-v0,next-state,5,28,0,True,0,0,0,100.0
481be5760327b5d95257a70f8b6526533eef30aff0368691f51b265e84c5b900,3.5__MountainCar-v0__next-state__H5,MountainCar-v0,next-state,5,28,1,True,0,0,0,100.0
6362c9bed8a2ce7137626408b46ffe2f23ce4f32da23f37ffcf8c7b6513ebab7,3.5__MountainCar-v0__next-state__H5,MountainCar-v0,next-state,5,29,0,True,0,0,0,100.0
6362c9bed8a2ce7137626408b46ffe2f23ce4f32da23f37ffcf8c7b6513ebab7,3.5__MountainCar-v0__next-state__H5,MountainCar-v0,next-state,5,29,1,True,0,2,0,0.0
d1aa35620709a47b0e30c9ddc777a272ccfeb9a57ec6ccac0f6595d290778f0a,3.5__MountainCar-v0__next-state__H10,MountainCar-v0,next-state,10,0,0,True,1,1,1,100.0
d1aa35620709a47b0e30c9ddc777a272ccfeb9a57ec6ccac0f6595d290778f0a,3.5__MountainCar-v0__next-state__H10,MountainCar-v0,next-state,10,0,1,True,1,0,0,0.0
319a9bc4f50b1900c84a9c23bf1ab629e8570ca02abd6262ef338fbfc468a7b4,3.5__MountainCar-v0__next-state__H10,MountainCar-v0,next-state,10,1,0,True,0,1,1,0.0
319a9bc4f50b1900c84a9c23bf1ab629e8570ca02abd6262ef338fbfc468a7b4,3.5__MountainCar-v0__next-state__H10,MountainCar-v0,next-state,10,1,1,True,0,0,0,100.0
694e9976b9a493cf136f5eebe16f95e0f9fae59bc24e66f875a00bb49c6b1be9,3.5__MountainCar-v0__next-state__H10,MountainCar-v0,next-state,10,2,0,True,1,1,1,100.0
694e9976b9a493cf136f5eebe16f95e0f9fae59bc24e66f875a00bb49c6b1be9,3.5__MountainCar-v0__next-state__H10,MountainCar-v0,next-state,10,2,1,True,0,0,0,100.0
a8ea216db1025c172ac5e197c86b92ccd3a50cc56210624ff06b3ce138b809df,3.5__MountainCar-v0__next-state__H10,MountainCar-v0,next-state,10,3,0,True,0,1,1,0.0
a8ea216db1025c172ac5e197c86b92ccd3a50cc56210624ff06b3ce138b809df,3.5__MountainCar-v0__next-state__H10,MountainCar-v0,next-state,10,3,1,True,0,0,0,100.0
51818b770a5ac6657c497a0ffb08022f01a9a53db1c02ac9898841fde11c4909,3.5__MountainCar-v0__next-state__H10,MountainCar-v0,next-state,10,4,0,True,0,1,1,0.0
51818b770a5ac6657c497a0ffb08022f01a9a53db1c02ac9898841fde11c4909,3.5__MountainCar-v0__next-state__H10,MountainCar-v0,next-state,10,4,1,True,0,0,0,100.0
7633928a340f36e08d9a173076528203c9d8dbd5f3a7cf3ff1401c65f65cc0d4,3.5__MountainCar-v0__next-state__H10,MountainCar-v0,next-state,10,5,0,True,0,1,1,0.0
7633928a340f36e08d9a173076528203c9d8dbd5f3a7cf3ff1401c65f65cc0d4,3.5__MountainCar-v0__next-state__H10,MountainCar-v0,next-state,10,5,1,True,0,0,0,100.0
78acb5011bacd822bd25db68e1ada97d47440f2991d6b6a868cb646e4fab455f,3.5__MountainCar-v0__next-state__H10,MountainCar-v0,next-state,10,6,0,True,1,0,0,0.0
78acb5011bacd822bd25db68e1ada97d47440f2991d6b6a868cb646e4fab455f,3.5__MountainCar-v0__next-state__H10,MountainCar-v0,next-state,10,6,1,True,0,0,0,100.0
10cba989a25a94ee0a8e3eaeb3340a9a25028fc65541bb29ea82d23d08604e19,3.5__MountainCar-v0__next-state__H10,MountainCar-v0,next-state,10,7,0,True,0,0,0,100.0
10cba989a25a94ee0a8e3eaeb3340a9a25028fc65541bb29ea82d23d08604e19,3.5__MountainCar-v0__next-state__H10,MountainCar-v0,next-state,10,7,1,True,0,0,0,100.0
3be6330022cc5e20411ec45b7d5fb12a30eba943aee3a9fa8a035db57e53abb4,3.5__MountainCar-v0__next-state__H10,MountainCar-v0,next-state,10,8,0,True,0,0,0,100.0
3be6330022cc5e20411ec45b7d5fb12a30eba943aee3a9fa8a035db57e53abb4,3.5__MountainCar-v0__next-state__H10,MountainCar-v0,next-state,10,8,1,True,0,0,0,100.0
c8f2cca58b1893d7b627087e6ac221ccb931cdb789267979eeb4c82b7bcedf25,3.5__MountainCar-v0__next-state__H10,MountainCar-v0,next-state,10,9,0,True,0,0,0,100.0
c8f2cca58b1893d7b627087e6ac221ccb931cdb789267979eeb4c82b7bcedf25,3.5__MountainCar-v0__next-state__H10,MountainCar-v0,next-state,10,9,1,True,1,0,0,0.0
d6a3b17366165c12355084025466287674258df3bca085758612abdd31e2195f,3.5__MountainCar-v0__next-state__H10,MountainCar-v0,next-state,10,10,0,True,1,0,0,0.0
d6a3b17366165c12355084025466287674258df3bca085758612abdd31e2195f,3.5__MountainCar-v0__next-state__H10,MountainCar-v0,next-state,10,10,1,True,0,0,0,100.0
2be7b2aee62bc62fcc65bb99c0bb75a1473e1aa089f3110a03bf0fb4858f2d94,3.5__MountainCar-v0__next-state__H10,MountainCar-v0,next-state,10,11,0,True,1,0,0,0.0
2be7b2aee62bc62fcc65bb99c0bb75a1473e1aa089f3110a03bf0fb4858f2d94,3.5__MountainCar-v0__next-state__H10,MountainCar-v0,next-state,10,11,1,True,0,0,0,100.0
923e44c0a3daeb818af727d4f8597f8f6fe79f5cc501dc304915c4326d3b3e92,3.5__MountainCar-v0__next-state__H10,MountainCar-v0,next-state,10,12,0,True,0,0,0,100.0
923e44c0a3daeb818af727d4f8597f8f6fe79f5cc501dc304915c4326d3b3e92,3.5__MountainCar-v0__next-state__H10,MountainCar-v0,next-state,10,12,1,True,0,0,0,100.0
77b143b07a76231a66e1e1da350dd2a29b29942388e807d9a6b5f8a9d182a59c,3.5__MountainCar-v0__next-state__H10,MountainCar-v0,next-state,10,13,0,True,0,0,0,100.0
77b143b07a76231a66e1e1da350dd2a29b29942388e807d9a6b5f8a9d182a59c,3.5__MountainCar-v0__next-state__H10,MountainCar-v0,next-state,10,13,1,True,0,0,0,100.0
7354ef39d8dc6e6569a7bf8dea2703e2c538756c0cba05373956a33711c980dc,3.5__MountainCar-v0__next-state__H10,MountainCar-v0,next-state,10,14,0,True,0,0,0,100.0
7354ef39d8dc6e6569a7bf8dea2703e2c538756c0cba05373956a33711c980dc,3.5__MountainCar-v0__next-state__H10,MountainCar-v0,next-state,10,14,1,True,0,0,0,100.0
e86d2ed4f7285c7d1a633f80139fd27b5a85895dfb0003a0385fa8206cc68c9f,3.5__MountainCar-v0__next-state__H10,MountainCar-v0,next-state,10,15,0,True,0,0,0,100.0
e86d2ed4f7285c7d1a633f80139fd27b5a85895dfb0003a0385fa8206cc68c9f,3.5__MountainCar-v0__next-state__H10,MountainCar-v0,next-state,10,15,1,True,0,0,0,100.0
3f63c67079de2bbbb75192703fc9b0d7fae126e8b383c4fcebcf000e86b706c8,3.5__MountainCar-v0__next-state__H10,MountainCar-v0,next-state,10,16,0,True,0,0,0,100.0
3f63c67079de2bbbb75192703fc9b0d7fae126e8b383c4fcebcf000e86b706c8,3.5__MountainCar-v0__next-state__H10,MountainCar-v0,next-state,10,16,1,True,1,0,0,0.0
340ff9d67cf50728aef10c852e73f5dd3f02ed7e5e5ef571176aa5bfab34abc7,3.5__MountainCar-v0__next-state__H10,MountainCar-v0,next-state,10,17,0,True,0,0,0,100.0
340ff9d67cf50728aef10c852e73f5dd3f02ed7e5e5ef571176aa5bfab34abc7,3.5__MountainCar-v0__next-state__H10,MountainCar-v0,next-state,10,17,1,True,0,0,0,100.0
fcbf2c879e780a29f073ce15717c61a28f8dca038e8a81e61a649bd795949ffd,3.5__MountainCar-v0__next-state__H10,MountainCar-v0,next-state,10,18,0,True,0,0,0,100.0
fcbf2c879e780a29f073ce15717c61a28f8dca038e8a81e61a649bd795949ffd,3.5__MountainCar-v0__next-state__H10,MountainCar-v0,next-state,10,18,1,True,0,0,0,100.0
6be39cb1cd6768fed57c55600d39982ed1ac273cd82d2606a5eaf36a20a1ab66,3.5__MountainCar-v0__next-state__H10,MountainCar-v0,next-state,10,19,0,True,0,0,0,100.0
6be39cb1cd6768fed57c55600d39982ed1ac273cd82d2606a5eaf36a20a1ab66,3.5__MountainCar-v0__next-state__H10,MountainCar-v0,next-state,10,19,1,True,0,0,0,100.0
aa79aaeee5fc77dc6fb1fb54e68c7b40aa18f926de22db815a85cc638e02ca2c,3.5__MountainCar-v0__next-state__H10,MountainCar-v0,next-state,10,20,0,True,0,0,0,100.0
aa79aaeee5fc77dc6fb1fb54e68c7b40aa18f926de22db815a85cc638e02ca2c,3.5__MountainCar-v0__next-state__H10,MountainCar-v0,next-state,10,20,1,True,0,0,0,100.0
fea51ec01f7a99c0710705fcaf31ac5b9c2a44f67a4ef5a30821f08d94aba4f9,3.5__MountainCar-v0__next-state__H10,MountainCar-v0,next-state,10,21,0,True,0,0,0,100.0
fea51ec01f7a99c0710705fcaf31ac5b9c2a44f67a4ef5a30821f08d94aba4f9,3.5__MountainCar-v0__next-state__H10,MountainCar-v0,next-state,10,21,1,True,0,0,0,100.0
042a543b5c5bf86444113990486e10fe1ac7782b8ef02ad34069d59c1b45326e,3.5__MountainCar-v0__next-state__H10,MountainCar-v0,next-state,10,22,0,True,0,0,0,100.0
042a543b5c5bf86444113990486e10fe1ac7782b8ef02ad34069d59c1b45326e,3.5__MountainCar-v0__next-state__H10,MountainCar-v0,next-state,10,22,1,True,0,0,0,100.0
56fae94a80d407d33c5a2cf9111adc43a1432dad070f0684602a9650b1483ccb,3.5__MountainCar-v0__next-state__H10,MountainCar-v0,next-state,10,23,0,True,0,0,0,100.0
56fae94a80d407d33c5a2cf9111adc43a1432dad070f0684602a9650b1483ccb,3.5__MountainCar-v0__next-state__H10,MountainCar-v0,next-state,10,23,1,True,0,0,0,100.0
64954478b0cc5b44bcce0cdfe2b681d1e2d8e1a3025da12ef570ca1d7378aca9,3.5__MountainCar-v0__next-state__H10,MountainCar-v0,next-state,10,24,0,True,0,0,0,100.0
64954478b0cc5b44bcce0cdfe2b681d1e2d8e1a3025da12ef570ca1d7378aca9,3.5__MountainCar-v0__next-state__H10,MountainCar-v0,next-state,10,24,1,True,1,2,0,0.0
7d0edb7c50dc6477d1ce4f38cd30fb33d7d0422bea823e7f6ad1c88e34a6a90a,3.5__MountainCar-v0__next-state__H10,MountainCar-v0,next-state,10,25,0,True,0,0,0,100.0
7d0edb7c50dc6477d1ce4f38cd30fb33d7d0422bea823e7f6ad1c88e34a6a90a,3.5__MountainCar-v0__next-state__H10,MountainCar-v0,next-state,10,25,1,True,0,1,1,0.0
3ade0b764385e8eff0c9ebc1b53139f9eb408137baf357654745e35aa161a1e6,3.5__MountainCar-v0__next-state__H10,MountainCar-v0,next-state,10,26,0,True,0,0,0,100.0
3ade0b764385e8eff0c9ebc1b53139f9eb408137baf357654745e35aa161a1e6,3.5__MountainCar-v0__next-state__H10,MountainCar-v0,next-state,10,26,1,True,0,1,1,0.0
2d2cc8812569467aa34500345538481da6c3f20998e999cf3af926d2201fa1ed,3.5__MountainCar-v0__next-state__H10,MountainCar-v0,next-state,10,27,0,True,0,0,0,100.0
2d2cc8812569467aa34500345538481da6c3f20998e999cf3af926d2201fa1ed,3.5__MountainCar-v0__next-state__H10,MountainCar-v0,next-state,10,27,1,True,0,1,1,0.0
defa4aac6368352fb0fb78335529c917d28b7b9d7e0ef4b06d9f253af211e081,3.5__MountainCar-v0__next-state__H10,MountainCar-v0,next-state,10,28,0,True,0,0,0,100.0
defa4aac6368352fb0fb78335529c917d28b7b9d7e0ef4b06d9f253af211e081,3.5__MountainCar-v0__next-state__H10,MountainCar-v0,next-state,10,28,1,True,0,1,1,0.0
8c13ae8824204e9679f38eef6012956c5b36531c418b302e1b89a274898a0cf7,3.5__MountainCar-v0__next-state__H10,MountainCar-v0,next-state,10,29,0,True,0,0,0,100.0
8c13ae8824204e9679f38eef6012956c5b36531c418b302e1b89a274898a0cf7,3.5__MountainCar-v0__next-state__H10,MountainCar-v0,next-state,10,29,1,True,0,1,1,0.0
f2e1ce031484bf0ca87ba0b2c35cda60d3f890cc94a15121aa58f62e0dbc1d43,3.5__MountainCar-v0__next-state__H20,MountainCar-v0,next-state,20,0,0,True,0,0,0,100.0
f2e1ce031484bf0ca87ba0b2c35cda60d3f890cc94a15121aa58f62e0dbc1d43,3.5__MountainCar-v0__next-state__H20,MountainCar-v0,next-state,20,0,1,True,0,0,0,100.0
c295f6f4358d4b6c1d4897e2787fa2bccc566bb955450db848cc33ce8102fc45,3.5__MountainCar-v0__next-state__H20,MountainCar-v0,next-state,20,1,0,True,0,0,0,100.0
c295f6f4358d4b6c1d4897e2787fa2bccc566bb955450db848cc33ce8102fc45,3.5__MountainCar-v0__next-state__H20,MountainCar-v0,next-state,20,1,1,True,0,0,0,100.0
db851b339cf75a71f10d1db77055b069e209087ef4011908ba7ea15e0aa6f598,3.5__MountainCar-v0__next-state__H20,MountainCar-v0,next-state,20,2,0,True,0,0,0,100.0
db851b339cf75a71f10d1db77055b069e209087ef4011908ba7ea15e0aa6f598,3.5__MountainCar-v0__next-state__H20,MountainCar-v0,next-state,20,2,1,True,0,0,0,100.0
cb1aa1b5110b56d470559796c24e90c0606a13a02cde0f027b62b7f3a8447cdd,3.5__MountainCar-v0__next-state__H20,MountainCar-v0,next-state,20,3,0,True,1,0,0,0.0
cb1aa1b5110b56d470559796c24e90c0606a13a02cde0f027b62b7f3a8447cdd,3.5__MountainCar-v0__next-state__H20,MountainCar-v0,next-state,20,3,1,True,0,0,0,100.0
134dfbdac2a1f32fc0cddc4a7fe9c4dbc2b0b179ada464b7b636a63f5e4575f7,3.5__MountainCar-v0__next-state__H20,MountainCar-v0,next-state,20,4,0,True,1,0,0,0.0
134dfbdac2a1f32fc0cddc4a7fe9c4dbc2b0b179ada464b7b636a63f5e4575f7,3.5__MountainCar-v0__next-state__H20,MountainCar-v0,next-state,20,4,1,True,0,0,0,100.0
002617dc65524a49939a290dbee73e2010c2c97c13451e3c118c1ce201cafa2a,3.5__MountainCar-v0__next-state__H20,MountainCar-v0,next-state,20,5,0,True,0,0,0,100.0
002617dc65524a49939a290dbee73e2010c2c97c13451e3c118c1ce201cafa2a,3.5__MountainCar-v0__next-state__H20,MountainCar-v0,next-state,20,5,1,True,0,0,0,100.0
181cecf3ba8dfce2a65e2848e2262e1945581d37dfdcb75aa91aa266fa5de572,3.5__MountainCar-v0__next-state__H20,MountainCar-v0,next-state,20,6,0,True,0,0,0,100.0
181cecf3ba8dfce2a65e2848e2262e1945581d37dfdcb75aa91aa266fa5de572,3.5__MountainCar-v0__next-state__H20,MountainCar-v0,next-state,20,6,1,True,0,0,0,100.0
674186351eee2b31022e69d267f6bb9e9703a8a2a9111a282b53b9120a8cc43f,3.5__MountainCar-v0__next-state__H20,MountainCar-v0,next-state,20,7,0,True,0,0,0,100.0
674186351eee2b31022e69d267f6bb9e9703a8a2a9111a282b53b9120a8cc43f,3.5__MountainCar-v0__next-state__H20,MountainCar-v0,next-state,20,7,1,True,0,0,0,100.0
fc3cd658db4e44490fa94e71e5aaeacd00082ffa068e1f8d1fc8a7a879a6ddb1,3.5__MountainCar-v0__next-state__H20,MountainCar-v0,next-state,20,8,0,True,0,0,0,100.0
fc3cd658db4e44490fa94e71e5aaeacd00082ffa068e1f8d1fc8a7a879a6ddb1,3.5__MountainCar-v0__next-state__H20,MountainCar-v0,next-state,20,8,1,True,1,0,0,0.0
2d4339183b1fc376a7c9f93bc0c3d512c85de4bcd9082630d9d9d2d363f249b7,3.5__MountainCar-v0__next-state__H20,MountainCar-v0,next-state,20,9,0,True,0,0,0,100.0
2d4339183b1fc376a7c9f93bc0c3d512c85de4bcd9082630d9d9d2d363f249b7,3.5__MountainCar-v0__next-state__H20,MountainCar-v0,next-state,20,9,1,True,0,0,0,100.0
cda73e136e0ee3d4618d5cee44cfd59d1e5125d8494f59c7a966927e302b72ad,3.5__MountainCar-v0__next-state__H20,MountainCar-v0,next-state,20,10,0,True,0,0,0,100.0
cda73e136e0ee3d4618d5cee44cfd59d1e5125d8494f59c7a966927e302b72ad,3.5__MountainCar-v0__next-state__H20,MountainCar-v0,next-state,20,10,1,True,0,0,0,100.0
7dc3447ff85a4e54eb32e97d0ebd3dd2534ed542a12a50d2a1987595bd3c0ce5,3.5__MountainCar-v0__next-state__H20,MountainCar-v0,next-state,20,11,0,True,0,0,0,100.0
7dc3447ff85a4e54eb32e97d0ebd3dd2534ed542a12a50d2a1987595bd3c0ce5,3.5__MountainCar-v0__next-state__H20,MountainCar-v0,next-state,20,11,1,True,0,0,0,100.0
ed6396ed12660f86ad112368bceed09232f939ec4b91a8467f5579bb33646208,3.5__MountainCar-v0__next-state__H20,MountainCar-v0,next-state,20,12,0,True,0,0,0,100.0
ed6396ed12660f86ad112368bceed09232f939ec4b91a8467f5579bb33646208,3.5__MountainCar-v0__next-state__H20,MountainCar-v0,next-state,20,12,1,True,1,0,0,0.0
f8c7b8bcd8a7962faec0a8b6371255b601d1ec5d807f6a8ac95ff7b94123c7df,3.5__MountainCar-v0__next-state__H20,MountainCar-v0,next-state,20,13,0,True,0,0,0,100.0
f8c7b8bcd8a7962faec0a8b6371255b601d1ec5d807f6a8ac95ff7b94123c7df,3.5__MountainCar-v0__next-state__H20,MountainCar-v0,next-state,20,13,1,True,0,0,0,100.0
94a5e2493bc95fde6a8fd8302c04b2d2ee96e8d2924cae5d20a905b0d518bf46,3.5__MountainCar-v0__next-state__H20,MountainCar-v0,next-state,20,14,0,True,0,0,0,100.0
94a5e2493bc95fde6a8fd8302c04b2d2ee96e8d2924cae5d20a905b0d518bf46,3.5__MountainCar-v0__next-state__H20,MountainCar-v0,next-state,20,14,1,True,0,2,0,0.0
0163464618bb411044b3b5ed11cbbe722ccc3d5cf19534252933ca038c0765a7,3.5__MountainCar-v0__next-state__H20,MountainCar-v0,next-state,20,15,0,True,0,0,0,100.0
0163464618bb411044b3b5ed11cbbe722ccc3d5cf19534252933ca038c0765a7,3.5__MountainCar-v0__next-state__H20,MountainCar-v0,next-state,20,15,1,True,0,1,1,0.0
c4a50e33a5c286b9dcca60b3146c8fa448b6d09cb6556debdc834b5828eecafb,3.5__MountainCar-v0__next-state__H20,MountainCar-v0,next-state,20,16,0,True,1,0,0,0.0
c4a50e33a5c286b9dcca60b3146c8fa448b6d09cb6556debdc834b5828eecafb,3.5__MountainCar-v0__next-state__H20,MountainCar-v0,next-state,20,16,1,True,1,1,1,100.0
1af07874ddbb539854fb027879db3fd5ee4ec4b0423aa2d2deceb95aa5ccf777,3.5__MountainCar-v0__next-state__H20,MountainCar-v0,next-state,20,17,0,True,1,0,0,0.0
1af07874ddbb539854fb027879db3fd5ee4ec4b0423aa2d2deceb95aa5ccf777,3.5__MountainCar-v0__next-state__H20,MountainCar-v0,next-state,20,17,1,True,1,1,1,100.0
127837755eb11e5511fbe4d18a2d6ae374c4aa12fc5fb241b7916e19922db32f,3.5__MountainCar-v0__next-state__H20,MountainCar-v0,next-state,20,18,0,True,0,0,0,100.0
127837755eb11e5511fbe4d18a2d6ae374c4aa12fc5fb241b7916e19922db32f,3.5__MountainCar-v0__next-state__H20,MountainCar-v0,next-state,20,18,1,True,0,1,1,0.0
42b6db00eb0d6ac31af9ecd0fd436fe6b7fb660cc75c2a884afe42a6b871cd1d,3.5__MountainCar-v0__next-state__H20,MountainCar-v0,next-state,20,19,0,True,0,0,0,100.0
42b6db00eb0d6ac31af9ecd0fd436fe6b7fb660cc75c2a884afe42a6b871cd1d,3.5__MountainCar-v0__next-state__H20,MountainCar-v0,next-state,20,19,1,True,0,1,1,0.0
db69ea21a71798c4f320864c55ef590b77edf9fa76b7a05dfd17bc028d47e8b5,3.5__MountainCar-v0__next-state__H20,MountainCar-v0,next-state,20,20,0,True,0,0,0,100.0
db69ea21a71798c4f320864c55ef590b77edf9fa76b7a05dfd17bc028d47e8b5,3.5__MountainCar-v0__next-state__H20,MountainCar-v0,next-state,20,20,1,True,0,1,1,0.0
bbc38e5c5c01ff22cf386f5559d3eb54b4fd8988090876c14769b23463cc2d92,3.5__MountainCar-v0__next-state__H20,MountainCar-v0,next-state,20,21,0,True,1,0,0,0.0
bbc38e5c5c01ff22cf386f5559d3eb54b4fd8988090876c14769b23463cc2d92,3.5__MountainCar-v0__next-state__H20,MountainCar-v0,next-state,20,21,1,True,0,1,1,0.0
70b44073358050430b54498b9da385ff5b3d96efb0dfb5485522f88ab49e636f,3.5__MountainCar-v0__next-state__H20,MountainCar-v0,next-state,20,22,0,True,0,0,0,100.0
70b44073358050430b54498b9da385ff5b3d96efb0dfb5485522f88ab49e636f,3.5__MountainCar-v0__next-state__H20,MountainCar-v0,next-state,20,22,1,True,0,1,1,0.0
cbe583b987ac3206d4547e833795164e30e89b7f761c179bad92a16abb8981d4,3.5__MountainCar-v0__next-state__H20,MountainCar-v0,next-state,20,23,0,True,0,0,0,100.0
cbe583b987ac3206d4547e833795164e30e89b7f761c179bad92a16abb8981d4,3.5__MountainCar-v0__next-state__H20,MountainCar-v0,next-state,20,23,1,True,0,1,1,0.0
566d5a69169580613511cbef7d07a3ff621aa3c01df2610b63d9ade7d1debeab,3.5__MountainCar-v0__next-state__H20,MountainCar-v0,next-state,20,24,0,True,1,0,0,0.0
566d5a69169580613511cbef7d07a3ff621aa3c01df2610b63d9ade7d1debeab,3.5__MountainCar-v0__next-state__H20,MountainCar-v0,next-state,20,24,1,True,0,1,1,0.0
82c1cd7e0ed904f10458719eb10238360bdb5eb24376fb6453a3021111722619,3.5__MountainCar-v0__next-state__H20,MountainCar-v0,next-state,20,25,0,True,0,0,0,100.0
82c1cd7e0ed904f10458719eb10238360bdb5eb24376fb6453a3021111722619,3.5__MountainCar-v0__next-state__H20,MountainCar-v0,next-state,20,25,1,True,0,1,1,0.0
88ce48e8acaa67c083c62052e637ac8a4e468713c6bd6bfc9431a0cd20ab3730,3.5__MountainCar-v0__next-state__H20,MountainCar-v0,next-state,20,26,0,True,0,0,0,100.0
88ce48e8acaa67c083c62052e637ac8a4e468713c6bd6bfc9431a0cd20ab3730,3.5__MountainCar-v0__next-state__H20,MountainCar-v0,next-state,20,26,1,True,0,1,1,0.0
11afed02b8219aae7ea3dfeb54d3a96024011b094a6e48e543523d2a4e6714d8,3.5__MountainCar-v0__next-state__H20,MountainCar-v0,next-state,20,27,0,True,0,0,0,100.0
11afed02b8219aae7ea3dfeb54d3a96024011b094a6e48e543523d2a4e6714d8,3.5__MountainCar-v0__next-state__H20,MountainCar-v0,next-state,20,27,1,True,0,1,1,0.0
b97063b1b6766ac8f9ee93d33910d78cf203c6087e541fc39beac4e27cd0cad1,3.5__MountainCar-v0__next-state__H20,MountainCar-v0,next-state,20,28,0,True,0,0,0,100.0
b97063b1b6766ac8f9ee93d33910d78cf203c6087e541fc39beac4e27cd0cad1,3.5__MountainCar-v0__next-state__H20,MountainCar-v0,next-state,20,28,1,True,0,1,1,0.0
43cd556a812211d10f418e9b975410a157fc77ab963e98266b5717476fe89463,3.5__MountainCar-v0__next-state__H20,MountainCar-v0,next-state,20,29,0,True,0,0,0,100.0
43cd556a812211d10f418e9b975410a157fc77ab963e98266b5717476fe89463,3.5__MountainCar-v0__next-state__H20,MountainCar-v0,next-state,20,29,1,True,0,1,1,0.0
1b50d0df3bb5428bcb3483803ad6a474b75ecc31fbf10c85d1b6f525279473a3,3.5__MountainCar-v0__next-state__H30,MountainCar-v0,next-state,30,0,0,True,0,0,0,100.0
1b50d0df3bb5428bcb3483803ad6a474b75ecc31fbf10c85d1b6f525279473a3,3.5__MountainCar-v0__next-state__H30,MountainCar-v0,next-state,30,0,1,True,1,0,0,0.0
3b45936d682be9cd1dad7712b5dc71aedfd9d4da4b7cb8765718c5d0fffdbc96,3.5__MountainCar-v0__next-state__H30,MountainCar-v0,next-state,30,1,0,True,0,0,0,100.0
3b45936d682be9cd1dad7712b5dc71aedfd9d4da4b7cb8765718c5d0fffdbc96,3.5__MountainCar-v0__next-state__H30,MountainCar-v0,next-state,30,1,1,True,0,0,0,100.0
ebae5306fc656f47bb44ae8a97749d265eea49a37ee5468cb271a8c39d6ca565,3.5__MountainCar-v0__next-state__H30,MountainCar-v0,next-state,30,2,0,True,0,0,0,100.0
ebae5306fc656f47bb44ae8a97749d265eea49a37ee5468cb271a8c39d6ca565,3.5__MountainCar-v0__next-state__H30,MountainCar-v0,next-state,30,2,1,True,0,0,0,100.0
592967152cc0adfb5b0d81d5df77d02c272e26e4ee253c82c0a0cd799d975cf4,3.5__MountainCar-v0__next-state__H30,MountainCar-v0,next-state,30,3,0,True,0,0,0,100.0
592967152cc0adfb5b0d81d5df77d02c272e26e4ee253c82c0a0cd799d975cf4,3.5__MountainCar-v0__next-state__H30,MountainCar-v0,next-state,30,3,1,True,0,0,0,100.0
2bef3c4b356e1378d6b4f9248687228ed5fcd25358d66b1b943733adef122130,3.5__MountainCar-v0__next-state__H30,MountainCar-v0,next-state,30,4,0,True,0,0,0,100.0
2bef3c4b356e1378d6b4f9248687228ed5fcd25358d66b1b943733adef122130,3.5__MountainCar-v0__next-state__H30,MountainCar-v0,next-state,30,4,1,True,0,2,0,0.0
e96964ec198cfb6f6f68c027577dd9ed04cc5280f1ee2ea690d0c135ba73bfef,3.5__MountainCar-v0__next-state__H30,MountainCar-v0,next-state,30,5,0,True,0,0,0,100.0
e96964ec198cfb6f6f68c027577dd9ed04cc5280f1ee2ea690d0c135ba73bfef,3.5__MountainCar-v0__next-state__H30,MountainCar-v0,next-state,30,5,1,True,0,1,1,0.0
a6f86cb0cef0dab75ffbe5a746149c349ad0c82a4fda3849d5cf7bf1c9672c1b,3.5__MountainCar-v0__next-state__H30,MountainCar-v0,next-state,30,6,0,True,1,0,0,0.0
a6f86cb0cef0dab75ffbe5a746149c349ad0c82a4fda3849d5cf7bf1c9672c1b,3.5__MountainCar-v0__next-state__H30,MountainCar-v0,next-state,30,6,1,True,1,1,1,100.0
943d93d388ab873eca758a14fade696b54b6839db3889bc2987a081867c3fab7,3.5__MountainCar-v0__next-state__H30,MountainCar-v0,next-state,30,7,0,True,0,0,0,100.0
943d93d388ab873eca758a14fade696b54b6839db3889bc2987a081867c3fab7,3.5__MountainCar-v0__next-state__H30,MountainCar-v0,next-state,30,7,1,True,0,1,1,0.0
bdb73e7cd8397c8f78b7b507149a4940ec8c5fddb8a440a2b5808ad83469b311,3.5__MountainCar-v0__next-state__H30,MountainCar-v0,next-state,30,8,0,True,1,0,0,0.0
bdb73e7cd8397c8f78b7b507149a4940ec8c5fddb8a440a2b5808ad83469b311,3.5__MountainCar-v0__next-state__H30,MountainCar-v0,next-state,30,8,1,True,0,1,1,0.0
d9ea50bef718c863568489abc154206dcf14d694046c16242dc4af72237d5904,3.5__MountainCar-v0__next-state__H30,MountainCar-v0,next-state,30,9,0,True,0,0,0,100.0
d9ea50bef718c863568489abc154206dcf14d694046c16242dc4af72237d5904,3.5__MountainCar-v0__next-state__H30,MountainCar-v0,next-state,30,9,1,True,1,1,1,100.0
33c7f500c5547e07229b5981984abfae347854c60d26faf620c00f63179e1e7c,3.5__MountainCar-v0__next-state__H30,MountainCar-v0,next-state,30,10,0,False,,0,0,
33c7f500c5547e07229b5981984abfae347854c60d26faf620c00f63179e1e7c,3.5__MountainCar-v0__next-state__H30,MountainCar-v0,next-state,30,10,1,False,,1,1,
e75c5303331a5380d47b59764eb5d4a63e3315b165cfa744e3b32cf8f2d1b8f3,3.5__MountainCar-v0__next-state__H30,MountainCar-v0,next-state,30,11,0,True,0,0,0,100.0
e75c5303331a5380d47b59764eb5d4a63e3315b165cfa744e3b32cf8f2d1b8f3,3.5__MountainCar-v0__next-state__H30,MountainCar-v0,next-state,30,11,1,True,0,1,1,0.0
e02c510401f230832c9935de03e2389257c954ad11995516e52a63b2b7a6d2e2,3.5__MountainCar-v0__next-state__H30,MountainCar-v0,next-state,30,12,0,True,0,0,0,100.0
e02c510401f230832c9935de03e2389257c954ad11995516e52a63b2b7a6d2e2,3.5__MountainCar-v0__next-state__H30,MountainCar-v0,next-state,30,12,1,True,0,1,1,0.0
c288dabfec158e75310cf38d1bdafcc21c3b6dbd893d32673c3558eaaf335413,3.5__MountainCar-v0__next-state__H30,MountainCar-v0,next-state,30,13,0,True,0,0,0,100.0
c288dabfec158e75310cf38d1bdafcc21c3b6dbd893d32673c3558eaaf335413,3.5__MountainCar-v0__next-state__H30,MountainCar-v0,next-state,30,13,1,True,0,1,1,0.0
7e709e3940b087ec96473ad460b158a3c5f982d1705cd5b69fe4a150412b2f20,3.5__MountainCar-v0__next-state__H30,MountainCar-v0,next-state,30,14,0,True,0,0,0,100.0
7e709e3940b087ec96473ad460b158a3c5f982d1705cd5b69fe4a150412b2f20,3.5__MountainCar-v0__next-state__H30,MountainCar-v0,next-state,30,14,1,True,1,1,1,100.0
125f3d0f4531d0cee292de562a037e407d56e3b1acea7a0533ebfa84f46816e1,3.5__MountainCar-v0__next-state__H30,MountainCar-v0,next-state,30,15,0,True,0,0,0,100.0
125f3d0f4531d0cee292de562a037e407d56e3b1acea7a0533ebfa84f46816e1,3.5__MountainCar-v0__next-state__H30,MountainCar-v0,next-state,30,15,1,True,1,1,1,100.0
9814e2f0abb2d7ad64b91badc65d1775bd688eaaf10f2a55cab53839759c2586,3.5__MountainCar-v0__next-state__H30,MountainCar-v0,next-state,30,16,0,True,0,0,0,100.0
9814e2f0abb2d7ad64b91badc65d1775bd688eaaf10f2a55cab53839759c2586,3.5__MountainCar-v0__next-state__H30,MountainCar-v0,next-state,30,16,1,True,0,1,1,0.0
995bb47b4e63a0c544cddf6b0d64608199a816b177b6b1d0e676482daba26677,3.5__MountainCar-v0__next-state__H30,MountainCar-v0,next-state,30,17,0,True,0,0,0,100.0
995bb47b4e63a0c544cddf6b0d64608199a816b177b6b1d0e676482daba26677,3.5__MountainCar-v0__next-state__H30,MountainCar-v0,next-state,30,17,1,True,1,1,1,100.0
1042272ac99c67ff80b2e3fd542f2a3960680cc2fd66dd986fd7460b8e8fb910,3.5__MountainCar-v0__next-state__H30,MountainCar-v0,next-state,30,18,0,True,1,0,0,0.0
1042272ac99c67ff80b2e3fd542f2a3960680cc2fd66dd986fd7460b8e8fb910,3.5__MountainCar-v0__next-state__H30,MountainCar-v0,next-state,30,18,1,True,1,1,1,100.0
587768cf8ee612fc27fcd7fa736108572655275e210a245e4be2261fcbee1b56,3.5__MountainCar-v0__next-state__H30,MountainCar-v0,next-state,30,19,0,True,0,0,0,100.0
587768cf8ee612fc27fcd7fa736108572655275e210a245e4be2261fcbee1b56,3.5__MountainCar-v0__next-state__H30,MountainCar-v0,next-state,30,19,1,True,0,1,1,0.0
4e83f5704b796307985fcc7e946a52bbcb7a02e9fa23a1da742779a59d79c1bf,3.5__MountainCar-v0__next-state__H30,MountainCar-v0,next-state,30,20,0,True,0,0,0,100.0
4e83f5704b796307985fcc7e946a52bbcb7a02e9fa23a1da742779a59d79c1bf,3.5__MountainCar-v0__next-state__H30,MountainCar-v0,next-state,30,20,1,True,0,1,1,0.0
5bf8e51d80997caad61d127ff5debc958eca7d0ad09896b738010191b45f5006,3.5__MountainCar-v0__next-state__H30,MountainCar-v0,next-state,30,21,0,True,0,0,0,100.0
5bf8e51d80997caad61d127ff5debc958eca7d0ad09896b738010191b45f5006,3.5__MountainCar-v0__next-state__H30,MountainCar-v0,next-state,30,21,1,True,0,1,1,0.0
e86934e9194406e0cd0b6950b1e17606cc8f3d28855fba3824e5e719f3fea393,3.5__MountainCar-v0__next-state__H30,MountainCar-v0,next-state,30,22,0,True,1,0,0,0.0
e86934e9194406e0cd0b6950b1e17606cc8f3d28855fba3824e5e719f3fea393,3.5__MountainCar-v0__next-state__H30,MountainCar-v0,next-state,30,22,1,True,1,1,1,100.0
b6aa97ca8f1a80393c531a6ecc2196a15f3c5715077671877efddccd01581270,3.5__MountainCar-v0__next-state__H30,MountainCar-v0,next-state,30,23,0,True,1,1,1,100.0
b6aa97ca8f1a80393c531a6ecc2196a15f3c5715077671877efddccd01581270,3.5__MountainCar-v0__next-state__H30,MountainCar-v0,next-state,30,23,1,True,1,1,1,100.0
22550c5a19d3eb9d8659f8e461a2c4552c37d7071daaab5450c8e370e4a63975,3.5__MountainCar-v0__next-state__H30,MountainCar-v0,next-state,30,24,0,True,1,1,1,100.0
22550c5a19d3eb9d8659f8e461a2c4552c37d7071daaab5450c8e370e4a63975,3.5__MountainCar-v0__next-state__H30,MountainCar-v0,next-state,30,24,1,True,1,1,1,100.0
7b8f0f1624212a766655bcbb4db8337449b1b12778f896f2456987d3c6e10181,3.5__MountainCar-v0__next-state__H30,MountainCar-v0,next-state,30,25,0,True,1,1,1,100.0
7b8f0f1624212a766655bcbb4db8337449b1b12778f896f2456987d3c6e10181,3.5__MountainCar-v0__next-state__H30,MountainCar-v0,next-state,30,25,1,True,1,1,1,100.0
257887f8b9745e34c4d98a1a18427279311f0fffead22d2a6bf9ba9cc14a57ec,3.5__MountainCar-v0__next-state__H30,MountainCar-v0,next-state,30,26,0,True,1,1,1,100.0
257887f8b9745e34c4d98a1a18427279311f0fffead22d2a6bf9ba9cc14a57ec,3.5__MountainCar-v0__next-state__H30,MountainCar-v0,next-state,30,26,1,True,1,1,1,100.0
05ebc79d1da7224e5a7cc03cf2a0bcd6073e362b69af1b61ce8782126d51824d,3.5__MountainCar-v0__next-state__H30,MountainCar-v0,next-state,30,27,0,True,1,1,1,100.0
05ebc79d1da7224e5a7cc03cf2a0bcd6073e362b69af1b61ce8782126d51824d,3.5__MountainCar-v0__next-state__H30,MountainCar-v0,next-state,30,27,1,True,1,1,1,100.0
e55dfa54bb68cd08e6d934bb0d03325dbaccfecc79761fdc93b401e2590ce808,3.5__MountainCar-v0__next-state__H30,MountainCar-v0,next-state,30,28,0,True,1,1,1,100.0
e55dfa54bb68cd08e6d934bb0d03325dbaccfecc79761fdc93b401e2590ce808,3.5__MountainCar-v0__next-state__H30,MountainCar-v0,next-state,30,28,1,True,1,1,1,100.0
2829a373ef43a5b965870f1a92c4fd65bfc621d3397b439d28f48f0c8cbf33fc,3.5__MountainCar-v0__next-state__H30,MountainCar-v0,next-state,30,29,0,True,1,1,1,100.0
2829a373ef43a5b965870f1a92c4fd65bfc621d3397b439d28f48f0c8cbf33fc,3.5__MountainCar-v0__next-state__H30,MountainCar-v0,next-state,30,29,1,True,0,1,1,0.0
96d03e365b6a6c364c84d78dcd6dc9ca0a0e5298b75079bde1e7ac7984390e1d,3.5__MountainCar-v0__last-state__H5,MountainCar-v0,last-state,5,0,0,True,0,1,1,0.0
96d03e365b6a6c364c84d78dcd6dc9ca0a0e5298b75079bde1e7ac7984390e1d,3.5__MountainCar-v0__last-state__H5,MountainCar-v0,last-state,5,0,1,True,1,1,1,100.0
e40da64ed7376e29627deb8031e402a93fd118e9c399a58d4982a89d105fda34,3.5__MountainCar-v0__last-state__H5,MountainCar-v0,last-state,5,1,0,True,1,1,1,100.0
e40da64ed7376e29627deb8031e402a93fd118e9c399a58d4982a89d105fda34,3.5__MountainCar-v0__last-state__H5,MountainCar-v0,last-state,5,1,1,True,1,1,1,100.0
6068ba10fd933be2e714e292e5a99d09144212431abab71a4028c276420d24de,3.5__MountainCar-v0__last-state__H5,MountainCar-v0,last-state,5,2,0,True,0,1,1,0.0
6068ba10fd933be2e714e292e5a99d09144212431abab71a4028c276420d24de,3.5__MountainCar-v0__last-state__H5,MountainCar-v0,last-state,5,2,1,True,1,1,1,100.0
f66f3e5cfe75229544e55a64f9fbb8db1653eb4d1d7d18b7e517e3e0d0e57696,3.5__MountainCar-v0__last-state__H5,MountainCar-v0,last-state,5,3,0,True,1,1,1,100.0
f66f3e5cfe75229544e55a64f9fbb8db1653eb4d1d7d18b7e517e3e0d0e57696,3.5__MountainCar-v0__last-state__H5,MountainCar-v0,last-state,5,3,1,True,1,1,1,100.0
458408b32164af13e7a60be5718708609de9f367d364c015b53922273f299d89,3.5__MountainCar-v0__last-state__H5,MountainCar-v0,last-state,5,4,0,True,0,1,1,0.0
458408b32164af13e7a60be5718708609de9f367d364c015b53922273f299d89,3.5__MountainCar-v0__last-state__H5,MountainCar-v0,last-state,5,4,1,True,0,0,0,100.0
1e9a6a4ef0cd546248977f90fa375de3af60a6acbf51e4138b7ded58f51d82e4,3.5__MountainCar-v0__last-state__H5,MountainCar-v0,last-state,5,5,0,True,1,1,1,100.0
1e9a6a4ef0cd546248977f90fa375de3af60a6acbf51e4138b7ded58f51d82e4,3.5__MountainCar-v0__last-state__H5,MountainCar-v0,last-state,5,5,1,True,0,0,0,100.0
6b52a2afe46035a40ac45bc85b931c48992d3df51b6ab2f9614ab682f419f2a4,3.5__MountainCar-v0__last-state__H5,MountainCar-v0,last-state,5,6,0,True,0,1,1,0.0
6b52a2afe46035a40ac45bc85b931c48992d3df51b6ab2f9614ab682f419f2a4,3.5__MountainCar-v0__last-state__H5,MountainCar-v0,last-state,5,6,1,True,1,0,0,0.0
6e4310a35685ce377154bb2b5225653004a3ae113de622059f9125e67bbab653,3.5__MountainCar-v0__last-state__H5,MountainCar-v0,last-state,5,7,0,True,0,1,1,0.0
6e4310a35685ce377154bb2b5225653004a3ae113de622059f9125e67bbab653,3.5__MountainCar-v0__last-state__H5,MountainCar-v0,last-state,5,7,1,True,1,0,0,0.0
2c9e7ca10f5f047bee3a866aa336e7aebef067c194fdb35fab39fe7891b753aa,3.5__MountainCar-v0__last-state__H5,MountainCar-v0,last-state,5,8,0,False,,1,1,
2c9e7ca10f5f047bee3a866aa336e7aebef067c194fdb35fab39fe7891b753aa,3.5__MountainCar-v0__last-state__H5,MountainCar-v0,last-state,5,8,1,False,,0,0,
6d3711c8ea943c7a03d40bf579ac2d96e5396007f80286b2a189dd5d7abe1eba,3.5__MountainCar-v0__last-state__H5,MountainCar-v0,last-state,5,9,0,True,0,1,1,0.0
6d3711c8ea943c7a03d40bf579ac2d96e5396007f80286b2a189dd5d7abe1eba,3.5__MountainCar-v0__last-state__H5,MountainCar-v0,last-state,5,9,1,True,0,0,0,100.0
43852709ae08a4afd0ee95bfd318f0588ada2f3b91e09a28767552acb5169395,3.5__MountainCar-v0__last-state__H5,MountainCar-v0,last-state,5,10,0,True,0,0,0,100.0
43852709ae08a4afd0ee95bfd318f0588ada2f3b91e09a28767552acb5169395,3.5__MountainCar-v0__last-state__H5,MountainCar-v0,last-state,5,10,1,True,1,0,0,0.0
7692576fee0b0fe7b58e84307c14af66df8ead903d580787104fa9ccdfbea077,3.5__MountainCar-v0__last-state__H5,MountainCar-v0,last-state,5,11,0,True,0,0,0,100.0
7692576fee0b0fe7b58e84307c14af66df8ead903d580787104fa9ccdfbea077,3.5__MountainCar-v0__last-state__H5,MountainCar-v0,last-state,5,11,1,True,0,0,0,100.0
8bd9371f7a6656f159b23529487ab5676a7b34ef753a2c2b42331dab481181d2,3.5__MountainCar-v0__last-state__H5,MountainCar-v0,last-state,5,12,0,True,0,0,0,100.0
8bd9371f7a6656f159b23529487ab5676a7b34ef753a2c2b42331dab481181d2,3.5__MountainCar-v0__last-state__H5,MountainCar-v0,last-state,5,12,1,True,1,0,0,0.0
20348a6ab2867fd9d65a8e34bdffb9c521c545392bb0a0a7af567910e5c2ed00,3.5__MountainCar-v0__last-state__H5,MountainCar-v0,last-state,5,13,0,True,0,0,0,100.0
20348a6ab2867fd9d65a8e34bdffb9c521c545392bb0a0a7af567910e5c2ed00,3.5__MountainCar-v0__last-state__H5,MountainCar-v0,last-state,5,13,1,True,1,0,0,0.0
da1fb232172b26b9f49469bc0c1d3b8b678acc56ccd7669094b763854efab211,3.5__MountainCar-v0__last-state__H5,MountainCar-v0,last-state,5,14,0,True,0,0,0,100.0
da1fb232172b26b9f49469bc0c1d3b8b678acc56ccd7669094b763854efab211,3.5__MountainCar-v0__last-state__H5,MountainCar-v0,last-state,5,14,1,True,0,0,0,100.0
655e57a50516f1f0e97dca60bc6e4b8dc18c434c2193d5174f7f7f9c830bf087,3.5__MountainCar-v0__last-state__H5,MountainCar-v0,last-state,5,15,0,True,0,0,0,100.0
655e57a50516f1f0e97dca60bc6e4b8dc18c434c2193d5174f7f7f9c830bf087,3.5__MountainCar-v0__last-state__H5,MountainCar-v0,last-state,5,15,1,True,0,0,0,100.0
cc40ee6bd78a8b3ccf5995db1dc8e9e3463c92582af8e9155d21591e3437852f,3.5__MountainCar-v0__last-state__H5,MountainCar-v0,last-state,5,16,0,True,0,0,0,100.0
cc40ee6bd78a8b3ccf5995db1dc8e9e3463c92582af8e9155d21591e3437852f,3.5__MountainCar-v0__last-state__H5,MountainCar-v0,last-state,5,16,1,True,0,0,0,100.0
8d6f3cbf3b76728e3d26eb849a4fd8e6b85d64b92419a8b33edbe618e2bc86d3,3.5__MountainCar-v0__last-state__H5,MountainCar-v0,last-state,5,17,0,True,1,0,0,0.0
8d6f3cbf3b76728e3d26eb849a4fd8e6b85d64b92419a8b33edbe618e2bc86d3,3.5__MountainCar-v0__last-state__H5,MountainCar-v0,last-state,5,17,1,True,1,0,0,0.0
b553cbdd0ae4400a77661c01600528e151ab9a3e16039e31252af48922eb22ce,3.5__MountainCar-v0__last-state__H5,MountainCar-v0,last-state,5,18,0,True,1,0,0,0.0
b553cbdd0ae4400a77661c01600528e151ab9a3e16039e31252af48922eb22ce,3.5__MountainCar-v0__last-state__H5,MountainCar-v0,last-state,5,18,1,True,1,0,0,0.0
7566c1c3050fdd71bbb2c14fd641c070cd6da25f6972d83c32e840205e2bde73,3.5__MountainCar-v0__last-state__H5,MountainCar-v0,last-state,5,19,0,True,0,0,0,100.0
7566c1c3050fdd71bbb2c14fd641c070cd6da25f6972d83c32e840205e2bde73,3.5__MountainCar-v0__last-state__H5,MountainCar-v0,last-state,5,19,1,True,0,0,0,100.0
b1d02a8e7bb16c7f4f3e25bf9ea04df54d18686616d20fe4de7a4712325640bd,3.5__MountainCar-v0__last-state__H5,MountainCar-v0,last-state,5,20,0,True,0,0,0,100.0
b1d02a8e7bb16c7f4f3e25bf9ea04df54d18686616d20fe4de7a4712325640bd,3.5__MountainCar-v0__last-state__H5,MountainCar-v0,last-state,5,20,1,True,0,0,0,100.0
e7a5d774eb094a845e61534b3afef847faa588fc1daf4632cf7de90136cf6566,3.5__MountainCar-v0__last-state__H5,MountainCar-v0,last-state,5,21,0,True,0,0,0,100.0
e7a5d774eb094a845e61534b3afef847faa588fc1daf4632cf7de90136cf6566,3.5__MountainCar-v0__last-state__H5,MountainCar-v0,last-state,5,21,1,True,0,0,0,100.0
79f6a11d59aeead08fc0ae6300d98646733a366370a60cbd0e9450710c3d8285,3.5__MountainCar-v0__last-state__H5,MountainCar-v0,last-state,5,22,0,True,0,0,0,100.0
79f6a11d59aeead08fc0ae6300d98646733a366370a60cbd0e9450710c3d8285,3.5__MountainCar-v0__last-state__H5,MountainCar-v0,last-state,5,22,1,True,0,0,0,100.0
d925816742795cefefe7c1ebd418186fb2b5bbc8b6d1d9d6966d9e3265b51c2e,3.5__MountainCar-v0__last-state__H5,MountainCar-v0,last-state,5,23,0,True,0,0,0,100.0
d925816742795cefefe7c1ebd418186fb2b5bbc8b6d1d9d6966d9e3265b51c2e,3.5__MountainCar-v0__last-state__H5,MountainCar-v0,last-state,5,23,1,True,0,0,0,100.0
dbb409a32702cca188fd528f829193dfb96822dc174911b48aff5a6f6a93f2db,3.5__MountainCar-v0__last-state__H5,MountainCar-v0,last-state,5,24,0,True,0,0,0,100.0
dbb409a32702cca188fd528f829193dfb96822dc174911b48aff5a6f6a93f2db,3.5__MountainCar-v0__last-state__H5,MountainCar-v0,last-state,5,24,1,True,0,0,0,100.0
3a36c5f13323e8161e492450a1ddd8d121a79389c1c1f6626524dfd862dc3bbf,3.5__MountainCar-v0__last-state__H5,MountainCar-v0,last-state,5,25,0,True,0,0,0,100.0
3a36c5f13323e8161e492450a1ddd8d121a79389c1c1f6626524dfd862dc3bbf,3.5__MountainCar-v0__last-state__H5,MountainCar-v0,last-state,5,25,1,True,1,0,0,0.0
69f5524e1aceb688cbe91fd68b731c2f3bd0e8f8224423320415ef83a7357a63,3.5__MountainCar-v0__last-state__H5,MountainCar-v0,last-state,5,26,0,True,0,0,0,100.0
69f5524e1aceb688cbe91fd68b731c2f3bd0e8f8224423320415ef83a7357a63,3.5__MountainCar-v0__last-state__H5,MountainCar-v0,last-state,5,26,1,True,0,0,0,100.0
a4b8f0a8ec73a7a5761229e2e238bfbfc0e3877f992b7b156ac45597e4038c4b,3.5__MountainCar-v0__last-state__H5,MountainCar-v0,last-state,5,27,0,True,0,0,0,100.0
a4b8f0a8ec73a7a5761229e2e238bfbfc0e3877f992b7b156ac45597e4038c4b,3.5__MountainCar-v0__last-state__H5,MountainCar-v0,last-state,5,27,1,True,0,0,0,100.0
23565235f344623cf5de89b1835d3c873c7f3418909b27102680c30eb9e9f230,3.5__MountainCar-v0__last-state__H5,MountainCar-v0,last-state,5,28,0,True,0,0,0,100.0
23565235f344623cf5de89b1835d3c873c7f3418909b27102680c30eb9e9f230,3.5__MountainCar-v0__last-state__H5,MountainCar-v0,last-state,5,28,1,True,0,2,0,0.0
1381e02136a168649db83e3d9715e3d39958f1e0121aa35de50167478b7c6cc0,3.5__MountainCar-v0__last-state__H5,MountainCar-v0,last-state,5,29,0,True,0,0,0,100.0
1381e02136a168649db83e3d9715e3d39958f1e0121aa35de50167478b7c6cc0,3.5__MountainCar-v0__last-state__H5,MountainCar-v0,last-state,5,29,1,True,1,1,1,100.0
1cc5c5ddeab5928ee9f797f323df2b9753e19fd08ba2954ae7bd0e665c8aba04,3.5__MountainCar-v0__last-state__H10,MountainCar-v0,last-state,10,0,0,True,0,1,1,0.0
1cc5c5ddeab5928ee9f797f323df2b9753e19fd08ba2954ae7bd0e665c8aba04,3.5__MountainCar-v0__last-state__H10,MountainCar-v0,last-state,10,0,1,True,0,0,0,100.0
5d78f76b5828a1716c8aa6665c943e508b588fb404c95dcae6cad053ba620d1a,3.5__MountainCar-v0__last-state__H10,MountainCar-v0,last-state,10,1,0,True,1,1,1,100.0
5d78f76b5828a1716c8aa6665c943e508b588fb404c95dcae6cad053ba620d1a,3.5__MountainCar-v0__last-state__H10,MountainCar-v0,last-state,10,1,1,True,1,0,0,0.0
70a894ed6b9aa85a866ac7ea380621e384c0e3d6752f80d7ebfaa9386a4af188,3.5__MountainCar-v0__last-state__H10,MountainCar-v0,last-state,10,2,0,True,0,1,1,0.0
70a894ed6b9aa85a866ac7ea380621e384c0e3d6752f80d7ebfaa9386a4af188,3.5__MountainCar-v0__last-state__H10,MountainCar-v0,last-state,10,2,1,True,1,0,0,0.0
ee9d0ae8009475a24658f12e48783bae706493712e0ca4adcef1c7933b51b84a,3.5__MountainCar-v0__last-state__H10,MountainCar-v0,last-state,10,3,0,True,0,1,1,0.0
ee9d0ae8009475a24658f12e48783bae706493712e0ca4adcef1c7933b51b84a,3.5__MountainCar-v0__last-state__H10,MountainCar-v0,last-state,10,3,1,True,1,0,0,0.0
0835a605c545a0c405cd739ac1af7fcbe4a8d0e6bf30e09e1cdc11b2d26f4a28,3.5__MountainCar-v0__last-state__H10,MountainCar-v0,last-state,10,4,0,True,1,1,1,100.0
0835a605c545a0c405cd739ac1af7fcbe4a8d0e6bf30e09e1cdc11b2d26f4a28,3.5__MountainCar-v0__last-state__H10,MountainCar-v0,last-state,10,4,1,True,0,0,0,100.0
786788e4e9054287b5abaff01c3d9f7d718221f4798e485bde4a124e412c2ddf,3.5__MountainCar-v0__last-state__H10,MountainCar-v0,last-state,10,5,0,True,0,0,0,100.0
786788e4e9054287b5abaff01c3d9f7d718221f4798e485bde4a124e412c2ddf,3.5__MountainCar-v0__last-state__H10,MountainCar-v0,last-state,10,5,1,True,0,0,0,100.0
d512a252515a78ec323f17db1e91b6a7d5bb92fe39aeb4c748436b9f1520004c,3.5__MountainCar-v0__last-state__H10,MountainCar-v0,last-state,10,6,0,True,1,0,0,0.0
d512a252515a78ec323f17db1e91b6a7d5bb92fe39aeb4c748436b9f1520004c,3.5__MountainCar-v0__last-state__H10,MountainCar-v0,last-state,10,6,1,True,1,0,0,0.0
f6100de6a5bce95073d31333cc2ec72d786da1487c01c2f714441facfef049dc,3.5__MountainCar-v0__last-state__H10,MountainCar-v0,last-state,10,7,0,True,1,0,0,0.0
f6100de6a5bce95073d31333cc2ec72d786da1487c01c2f714441facfef049dc,3.5__MountainCar-v0__last-state__H10,MountainCar-v0,last-state,10,7,1,True,1,0,0,0.0
944461939600b052ba5f8dc74f8c18b3e745c95a8c22ae276a7f232b47e0956e,3.5__MountainCar-v0__last-state__H10,MountainCar-v0,last-state,10,8,0,True,1,0,0,0.0
944461939600b052ba5f8dc74f8c18b3e745c95a8c22ae276a7f232b47e0956e,3.5__MountainCar-v0__last-state__H10,MountainCar-v0,last-state,10,8,1,True,0,0,0,100.0
975616c5f837f9046fa5b900de73ed715a352a45ff591ac9e46a4b0d57b4775a,3.5__MountainCar-v0__last-state__H10,MountainCar-v0,last-state,10,9,0,True,0,0,0,100.0
975616c5f837f9046fa5b900de73ed715a352a45ff591ac9e46a4b0d57b4775a,3.5__MountainCar-v0__last-state__H10,MountainCar-v0,last-state,10,9,1,True,0,0,0,100.0
e88144d107d04db3b1b86fe11b55b90424f34c088070e75e2b34a9bbb86e01aa,3.5__MountainCar-v0__last-state__H10,MountainCar-v0,last-state,10,10,0,True,0,0,0,100.0
e88144d107d04db3b1b86fe11b55b90424f34c088070e75e2b34a9bbb86e01aa,3.5__MountainCar-v0__last-state__H10,MountainCar-v0,last-state,10,10,1,True,0,0,0,100.0
cd70c8fac8786785ef619ad1a8ce565e4e5ab786ae5429ef3c0a6e7a10d47992,3.5__MountainCar-v0__last-state__H10,MountainCar-v0,last-state,10,11,0,True,0,0,0,100.0
cd70c8fac8786785ef619ad1a8ce565e4e5ab786ae5429ef3c0a6e7a10d47992,3.5__MountainCar-v0__last-state__H10,MountainCar-v0,last-state,10,11,1,True,0,0,0,100.0
b93803130328e91ea52e9edf3f28c8d0e74a0016c11ea5a39b60044fcb1684fe,3.5__MountainCar-v0__last-state__H10,MountainCar-v0,last-state,10,12,0,True,0,0,0,100.0
b93803130328e91ea52e9edf3f28c8d0e74a0016c11ea5a39b60044fcb1684fe,3.5__MountainCar-v0__last-state__H10,MountainCar-v0,last-state,10,12,1,True,1,0,0,0.0
32cece37bd02f06eb681b74be607aadf6c2df96c3f6e9b504f6b618ba0a2a24a,3.5__MountainCar-v0__last-state__H10,MountainCar-v0,last-state,10,13,0,True,0,0,0,100.0
32cece37bd02f06eb681b74be607aadf6c2df96c3f6e9b504f6b618ba0a2a24a,3.5__MountainCar-v0__last-state__H10,MountainCar-v0,last-state,10,13,1,True,0,0,0,100.0
a36c428a790b7052c0980310d79446eb8b9b44423431b19341a7bdd9f83b67a7,3.5__MountainCar-v0__last-state__H10,MountainCar-v0,last-state,10,14,0,True,0,0,0,100.0
a36c428a790b7052c0980310d79446eb8b9b44423431b19341a7bdd9f83b67a7,3.5__MountainCar-v0__last-state__H10,MountainCar-v0,last-state,10,14,1,True,1,0,0,0.0
9edf59dec5572dab3c95fbd49de3486dbbbbf5734191e351455a61f345cc897d,3.5__MountainCar-v0__last-state__H10,MountainCar-v0,last-state,10,15,0,True,0,0,0,100.0
9edf59dec5572dab3c95fbd49de3486dbbbbf5734191e351455a61f345cc897d,3.5__MountainCar-v0__last-state__H10,MountainCar-v0,last-state,10,15,1,True,1,0,0,0.0
1f6d7bdcdc6d44d6746104bc010e00a9a72fc606fa629f92ea69948185e160dc,3.5__MountainCar-v0__last-state__H10,MountainCar-v0,last-state,10,16,0,True,1,0,0,0.0
1f6d7bdcdc6d44d6746104bc010e00a9a72fc606fa629f92ea69948185e160dc,3.5__MountainCar-v0__last-state__H10,MountainCar-v0,last-state,10,16,1,True,0,0,0,100.0
77f64bcc03d20443243f9a1746f3634b7ed2fc876f00fc158553fd2ed8f7df19,3.5__MountainCar-v0__last-state__H10,MountainCar-v0,last-state,10,17,0,True,0,0,0,100.0
77f64bcc03d20443243f9a1746f3634b7ed2fc876f00fc158553fd2ed8f7df19,3.5__MountainCar-v0__last-state__H10,MountainCar-v0,last-state,10,17,1,True,1,0,0,0.0
f610ccace85dc9513117814ba1661fb30fbec70481608496e58699759001a08e,3.5__MountainCar-v0__last-state__H10,MountainCar-v0,last-state,10,18,0,True,0,0,0,100.0
f610ccace85dc9513117814ba1661fb30fbec70481608496e58699759001a08e,3.5__MountainCar-v0__last-state__H10,MountainCar-v0,last-state,10,18,1,True,1,0,0,0.0
e181952eb598b01874a5d13ad7a7141dd3575929d50baffb22684dbc0ce1a16b,3.5__MountainCar-v0__last-state__H10,MountainCar-v0,last-state,10,19,0,True,0,0,0,100.0
e181952eb598b01874a5d13ad7a7141dd3575929d50baffb22684dbc0ce1a16b,3.5__MountainCar-v0__last-state__H10,MountainCar-v0,last-state,10,19,1,True,0,0,0,100.0
fa0335752a097176bbec2e0d3eb44e4cdf5d59f9f1451b182972aab939238d14,3.5__MountainCar-v0__last-state__H10,MountainCar-v0,last-state,10,20,0,True,0,0,0,100.0
fa0335752a097176bbec2e0d3eb44e4cdf5d59f9f1451b182972aab939238d14,3.5__MountainCar-v0__last-state__H10,MountainCar-v0,last-state,10,20,1,True,0,0,0,100.0
2a39da3065a486a2485b2adddc02f31edc959f37911c8ac0910c87cf0f3d3048,3.5__MountainCar-v0__last-state__H10,MountainCar-v0,last-state,10,21,0,True,1,0,0,0.0
2a39da3065a486a2485b2adddc02f31edc959f37911c8ac0910c87cf0f3d3048,3.5__MountainCar-v0__last-state__H10,MountainCar-v0,last-state,10,21,1,True,1,0,0,0.0
61e8dd8ff91aeebfa92056e334d13fbbdddf2e0fc20db78583043b708273661c,3.5__MountainCar-v0__last-state__H10,MountainCar-v0,last-state,10,22,0,True,0,0,0,100.0
61e8dd8ff91aeebfa92056e334d13fbbdddf2e0fc20db78583043b708273661c,3.5__MountainCar-v0__last-state__H10,MountainCar-v0,last-state,10,22,1,True,0,0,0,100.0
c13bf4f2cca22b06474c3e933575fb702b9fe4c5f0a1ca89a7b49aba7ff2808b,3.5__MountainCar-v0__last-state__H10,MountainCar-v0,last-state,10,23,0,True,1,0,0,0.0
c13bf4f2cca22b06474c3e933575fb702b9fe4c5f0a1ca89a7b49aba7ff2808b,3.5__MountainCar-v0__last-state__H10,MountainCar-v0,last-state,10,23,1,True,1,2,0,0.0
2de747d2c98074b4f8036eb1723c4d74a21ee8115fb2e3e99406b549d305e6b1,3.5__MountainCar-v0__last-state__H10,MountainCar-v0,last-state,10,24,0,True,0,0,0,100.0
2de747d2c98074b4f8036eb1723c4d74a21ee8115fb2e3e99406b549d305e6b1,3.5__MountainCar-v0__last-state__H10,MountainCar-v0,last-state,10,24,1,True,0,1,1,0.0
fcd11c47c9483139bb0a568170b34ab656fb8d8c38800ac6860d17e582951346,3.5__MountainCar-v0__last-state__H10,MountainCar-v0,last-state,10,25,0,True,0,0,0,100.0
fcd11c47c9483139bb0a568170b34ab656fb8d8c38800ac6860d17e582951346,3.5__MountainCar-v0__last-state__H10,MountainCar-v0,last-state,10,25,1,True,0,1,1,0.0
0ba00a20cf58d3ae293395564b9cd6b66e506cb00fc4bfd6b74e01eac60a5855,3.5__MountainCar-v0__last-state__H10,MountainCar-v0,last-state,10,26,0,True,0,0,0,100.0
0ba00a20cf58d3ae293395564b9cd6b66e506cb00fc4bfd6b74e01eac60a5855,3.5__MountainCar-v0__last-state__H10,MountainCar-v0,last-state,10,26,1,True,0,1,1,0.0
350b3e411667be60e0de4bce8163825f4a491d49ce7858a3136ae54b348c70af,3.5__MountainCar-v0__last-state__H10,MountainCar-v0,last-state,10,27,0,True,0,0,0,100.0
350b3e411667be60e0de4bce8163825f4a491d49ce7858a3136ae54b348c70af,3.5__MountainCar-v0__last-state__H10,MountainCar-v0,last-state,10,27,1,True,0,1,1,0.0
213d412bd35f4911c0effc3adb4ac40c845ae12d3fb03bb94c692d61b4189abd,3.5__MountainCar-v0__last-state__H10,MountainCar-v0,last-state,10,28,0,True,0,0,0,100.0
213d412bd35f4911c0effc3adb4ac40c845ae12d3fb03bb94c692d61b4189abd,3.5__MountainCar-v0__last-state__H10,MountainCar-v0,last-state,10,28,1,True,0,1,1,0.0
262dd92751a4be336eeb754c770b0088a45156ef03be0242dc6a98cc983f988e,3.5__MountainCar-v0__last-state__H10,MountainCar-v0,last-state,10,29,0,True,0,0,0,100.0
262dd92751a4be336eeb754c770b0088a45156ef03be0242dc6a98cc983f988e,3.5__MountainCar-v0__last-state__H10,MountainCar-v0,last-state,10,29,1,True,0,1,1,0.0
b05c36d233e0d63d1f46fe0667cdcae4162755091b100a8fa941801e3470dd0c,3.5__MountainCar-v0__last-state__H20,MountainCar-v0,last-state,20,0,0,True,0,0,0,100.0
b05c36d233e0d63d1f46fe0667cdcae4162755091b100a8fa941801e3470dd0c,3.5__MountainCar-v0__last-state__H20,MountainCar-v0,last-state,20,0,1,True,0,0,0,100.0
b26084da92655da19d6e5e155279c8c33e12770b40b7988715d4efed4155f415,3.5__MountainCar-v0__last-state__H20,MountainCar-v0,last-state,20,1,0,True,0,0,0,100.0
b26084da92655da19d6e5e155279c8c33e12770b40b7988715d4efed4155f415,3.5__MountainCar-v0__last-state__H20,MountainCar-v0,last-state,20,1,1,True,0,0,0,100.0
fef6b1e8c99859856b1d264e73d41253aacda7314b3cfe50d4b8a57999dcc6e0,3.5__MountainCar-v0__last-state__H20,MountainCar-v0,last-state,20,2,0,True,0,0,0,100.0
fef6b1e8c99859856b1d264e73d41253aacda7314b3cfe50d4b8a57999dcc6e0,3.5__MountainCar-v0__last-state__H20,MountainCar-v0,last-state,20,2,1,True,0,0,0,100.0
c54daf88a7edf4b9d27eb0382bb5ad5c719024c6ef7c4ce5a4f2b17ef006bf17,3.5__MountainCar-v0__last-state__H20,MountainCar-v0,last-state,20,3,0,True,0,0,0,100.0
c54daf88a7edf4b9d27eb0382bb5ad5c719024c6ef7c4ce5a4f2b17ef006bf17,3.5__MountainCar-v0__last-state__H20,MountainCar-v0,last-state,20,3,1,True,0,0,0,100.0
ab50e18477508305c11da1537debe15c6fafb343c425059d548fb066230ea6a4,3.5__MountainCar-v0__last-state__H20,MountainCar-v0,last-state,20,4,0,True,0,0,0,100.0
ab50e18477508305c11da1537debe15c6fafb343c425059d548fb066230ea6a4,3.5__MountainCar-v0__last-state__H20,MountainCar-v0,last-state,20,4,1,True,0,0,0,100.0
2022e908739171e46b4d926381f58f67e9fdc6a5fdd1c5db43c7012b1f49561e,3.5__MountainCar-v0__last-state__H20,MountainCar-v0,last-state,20,5,0,True,0,0,0,100.0
2022e908739171e46b4d926381f58f67e9fdc6a5fdd1c5db43c7012b1f49561e,3.5__MountainCar-v0__last-state__H20,MountainCar-v0,last-state,20,5,1,True,0,0,0,100.0
9d0777060c12c0b5565bfc73c29b12eb2ecf21cb22c371fbe3c1720139aa32ad,3.5__MountainCar-v0__last-state__H20,MountainCar-v0,last-state,20,6,0,True,1,0,0,0.0
9d0777060c12c0b5565bfc73c29b12eb2ecf21cb22c371fbe3c1720139aa32ad,3.5__MountainCar-v0__last-state__H20,MountainCar-v0,last-state,20,6,1,True,0,0,0,100.0
43ec58fa6f5bebcabb92e4e005d782b7bc465a037095be3823b8d27744712cbe,3.5__MountainCar-v0__last-state__H20,MountainCar-v0,last-state,20,7,0,True,0,0,0,100.0
43ec58fa6f5bebcabb92e4e005d782b7bc465a037095be3823b8d27744712cbe,3.5__MountainCar-v0__last-state__H20,MountainCar-v0,last-state,20,7,1,True,0,0,0,100.0
0517f43ff7a15467647ad491004f54858b5aa4f02cca60f87969d5579b6126b8,3.5__MountainCar-v0__last-state__H20,MountainCar-v0,last-state,20,8,0,True,0,0,0,100.0
0517f43ff7a15467647ad491004f54858b5aa4f02cca60f87969d5579b6126b8,3.5__MountainCar-v0__last-state__H20,MountainCar-v0,last-state,20,8,1,True,0,0,0,100.0
402f1e9a91f49de7a7baf2fcceaa84b5d875b3a7cafd7fdf199cb1213122d353,3.5__MountainCar-v0__last-state__H20,MountainCar-v0,last-state,20,9,0,True,0,0,0,100.0
402f1e9a91f49de7a7baf2fcceaa84b5d875b3a7cafd7fdf199cb1213122d353,3.5__MountainCar-v0__last-state__H20,MountainCar-v0,last-state,20,9,1,True,0,0,0,100.0
5babd721813bf6cba16d3bf370c9ad800b53c85cede467c572a35184cb33f2e1,3.5__MountainCar-v0__last-state__H20,MountainCar-v0,last-state,20,10,0,True,0,0,0,100.0
5babd721813bf6cba16d3bf370c9ad800b53c85cede467c572a35184cb33f2e1,3.5__MountainCar-v0__last-state__H20,MountainCar-v0,last-state,20,10,1,True,0,0,0,100.0
84e58e56d1f1d61eb159f4949d292db9876e32d98b30e960448a403e6c2764f8,3.5__MountainCar-v0__last-state__H20,MountainCar-v0,last-state,20,11,0,True,0,0,0,100.0
84e58e56d1f1d61eb159f4949d292db9876e32d98b30e960448a403e6c2764f8,3.5__MountainCar-v0__last-state__H20,MountainCar-v0,last-state,20,11,1,True,0,0,0,100.0
25d2351052c721b2b1b05ec48d9aab2294ad893193dab2fc827cdaf7998047e9,3.5__MountainCar-v0__last-state__H20,MountainCar-v0,last-state,20,12,0,True,0,0,0,100.0
25d2351052c721b2b1b05ec48d9aab2294ad893193dab2fc827cdaf7998047e9,3.5__MountainCar-v0__last-state__H20,MountainCar-v0,last-state,20,12,1,True,0,0,0,100.0
98b7b91daa7bf7b5e303201cdbca1e0fe2d78490f2e3f3162cfface3a7bde487,3.5__MountainCar-v0__last-state__H20,MountainCar-v0,last-state,20,13,0,True,1,0,0,0.0
98b7b91daa7bf7b5e303201cdbca1e0fe2d78490f2e3f3162cfface3a7bde487,3.5__MountainCar-v0__last-state__H20,MountainCar-v0,last-state,20,13,1,True,1,2,0,0.0
9df15b2ab280170c4cf59d40abc0323753ed854c7fbc8bf84a8bde3bafb6b4cc,3.5__MountainCar-v0__last-state__H20,MountainCar-v0,last-state,20,14,0,True,0,0,0,100.0
9df15b2ab280170c4cf59d40abc0323753ed854c7fbc8bf84a8bde3bafb6b4cc,3.5__MountainCar-v0__last-state__H20,MountainCar-v0,last-state,20,14,1,True,0,1,1,0.0
bf4e1e533a6338e36f5c36aa149f09326fdc786ee71fbd4ac8b66c10b25cb95d,3.5__MountainCar-v0__last-state__H20,MountainCar-v0,last-state,20,15,0,True,0,0,0,100.0
bf4e1e533a6338e36f5c36aa149f09326fdc786ee71fbd4ac8b66c10b25cb95d,3.5__MountainCar-v0__last-state__H20,MountainCar-v0,last-state,20,15,1,True,0,1,1,0.0
552cd5711be882b3cee4c427769b712c19775cfdbad78152141c07fffbef67a3,3.5__MountainCar-v0__last-state__H20,MountainCar-v0,last-state,20,16,0,True,0,0,0,100.0
552cd5711be882b3cee4c427769b712c19775cfdbad78152141c07fffbef67a3,3.5__MountainCar-v0__last-state__H20,MountainCar-v0,last-state,20,16,1,True,0,1,1,0.0
02ca962e5c4611128e62ac058cd0966a54215629aabb34a5fdef5f1faccc1ba7,3.5__MountainCar-v0__last-state__H20,MountainCar-v0,last-state,20,17,0,True,0,0,0,100.0
02ca962e5c4611128e62ac058cd0966a54215629aabb34a5fdef5f1faccc1ba7,3.5__MountainCar-v0__last-state__H20,MountainCar-v0,last-state,20,17,1,True,0,1,1,0.0
ee5512afdd2b92ab467d43745243602b91e12e4f34bc2c9910a9ffd1debb7256,3.5__MountainCar-v0__last-state__H20,MountainCar-v0,last-state,20,18,0,True,0,0,0,100.0
ee5512afdd2b92ab467d43745243602b91e12e4f34bc2c9910a9ffd1debb7256,3.5__MountainCar-v0__last-state__H20,MountainCar-v0,last-state,20,18,1,True,0,1,1,0.0
0927bcc3f0fac768193cd863c77e1df5d78ed2be0b7d7d4e741ea4dbd2a82f2b,3.5__MountainCar-v0__last-state__H20,MountainCar-v0,last-state,20,19,0,True,0,0,0,100.0
0927bcc3f0fac768193cd863c77e1df5d78ed2be0b7d7d4e741ea4dbd2a82f2b,3.5__MountainCar-v0__last-state__H20,MountainCar-v0,last-state,20,19,1,True,0,1,1,0.0
c175c8aa1d7d3e44112d5b36555dfa9a6f04437b881bdad4640aa6e1c5ac39b4,3.5__MountainCar-v0__last-state__H20,MountainCar-v0,last-state,20,20,0,True,1,0,0,0.0
c175c8aa1d7d3e44112d5b36555dfa9a6f04437b881bdad4640aa6e1c5ac39b4,3.5__MountainCar-v0__last-state__H20,MountainCar-v0,last-state,20,20,1,True,1,1,1,100.0
35dfe3631308e155707cbb29ad2a154609281599d299e887e3d95ad8bb1c6c4f,3.5__MountainCar-v0__last-state__H20,MountainCar-v0,last-state,20,21,0,True,1,0,0,0.0
35dfe3631308e155707cbb29ad2a154609281599d299e887e3d95ad8bb1c6c4f,3.5__MountainCar-v0__last-state__H20,MountainCar-v0,last-state,20,21,1,True,0,1,1,0.0
81c183906d3fc1f8dea9d83c119a74b91f57d266af824150e7e7b06585096ae3,3.5__MountainCar-v0__last-state__H20,MountainCar-v0,last-state,20,22,0,True,0,0,0,100.0
81c183906d3fc1f8dea9d83c119a74b91f57d266af824150e7e7b06585096ae3,3.5__MountainCar-v0__last-state__H20,MountainCar-v0,last-state,20,22,1,True,0,1,1,0.0
8c0b1daeb10199249e7ce50db64e54e1572ffd892370b0a67ec0a2390f779394,3.5__MountainCar-v0__last-state__H20,MountainCar-v0,last-state,20,23,0,True,1,0,0,0.0
8c0b1daeb10199249e7ce50db64e54e1572ffd892370b0a67ec0a2390f779394,3.5__MountainCar-v0__last-state__H20,MountainCar-v0,last-state,20,23,1,True,0,1,1,0.0
0470c164cab75fb24f9a270e80414f8bc982a16f52528686e700dae86fcc81dc,3.5__MountainCar-v0__last-state__H20,MountainCar-v0,last-state,20,24,0,True,0,0,0,100.0
0470c164cab75fb24f9a270e80414f8bc982a16f52528686e700dae86fcc81dc,3.5__MountainCar-v0__last-state__H20,MountainCar-v0,last-state,20,24,1,True,0,1,1,0.0
3e4969d83660f0e0daa6416404691c3972fb8fb5d1ea3c36e9139435fca1d628,3.5__MountainCar-v0__last-state__H20,MountainCar-v0,last-state,20,25,0,True,0,0,0,100.0
3e4969d83660f0e0daa6416404691c3972fb8fb5d1ea3c36e9139435fca1d628,3.5__MountainCar-v0__last-state__H20,MountainCar-v0,last-state,20,25,1,True,0,1,1,0.0
127311b2e77ed3f96f384d39d26ef0683da8cfafd5506e95259f954141b7ca68,3.5__MountainCar-v0__last-state__H20,MountainCar-v0,last-state,20,26,0,True,0,0,0,100.0
127311b2e77ed3f96f384d39d26ef0683da8cfafd5506e95259f954141b7ca68,3.5__MountainCar-v0__last-state__H20,MountainCar-v0,last-state,20,26,1,True,0,1,1,0.0
9f51fbf7d37ae0e72eafde6d4c3291bcfaf53d98d94c247677592904fa8e0e7e,3.5__MountainCar-v0__last-state__H20,MountainCar-v0,last-state,20,27,0,True,1,0,0,0.0
9f51fbf7d37ae0e72eafde6d4c3291bcfaf53d98d94c247677592904fa8e0e7e,3.5__MountainCar-v0__last-state__H20,MountainCar-v0,last-state,20,27,1,True,1,1,1,100.0
d0a4e85440c7c317b6ccd0249713a936570877bcf32d69e0532325c5326dcbc5,3.5__MountainCar-v0__last-state__H20,MountainCar-v0,last-state,20,28,0,True,0,0,0,100.0
d0a4e85440c7c317b6ccd0249713a936570877bcf32d69e0532325c5326dcbc5,3.5__MountainCar-v0__last-state__H20,MountainCar-v0,last-state,20,28,1,True,0,1,1,0.0
6c641d2cda0c92a8239d99ca7ee1a448189ddd4a7ed090a95200289e87be8bb6,3.5__MountainCar-v0__last-state__H20,MountainCar-v0,last-state,20,29,0,True,0,0,0,100.0
6c641d2cda0c92a8239d99ca7ee1a448189ddd4a7ed090a95200289e87be8bb6,3.5__MountainCar-v0__last-state__H20,MountainCar-v0,last-state,20,29,1,True,0,1,1,0.0
8eaa97560ba47648a8e4f37b4c88939a9c88f9e6641d2893bcf611f7496389dc,3.5__MountainCar-v0__last-state__H30,MountainCar-v0,last-state,30,0,0,True,0,0,0,100.0
8eaa97560ba47648a8e4f37b4c88939a9c88f9e6641d2893bcf611f7496389dc,3.5__MountainCar-v0__last-state__H30,MountainCar-v0,last-state,30,0,1,True,0,0,0,100.0
89923ccbd9701fd82ca95600bd7419c910b9b9315cd7c819014def05520fc9f3,3.5__MountainCar-v0__last-state__H30,MountainCar-v0,last-state,30,1,0,True,1,0,0,0.0
89923ccbd9701fd82ca95600bd7419c910b9b9315cd7c819014def05520fc9f3,3.5__MountainCar-v0__last-state__H30,MountainCar-v0,last-state,30,1,1,True,1,0,0,0.0
151d6c0e69f7e749fab18ccf6d07ba61bee2b30221fe43166663beafc3fe5f04,3.5__MountainCar-v0__last-state__H30,MountainCar-v0,last-state,30,2,0,True,0,0,0,100.0
151d6c0e69f7e749fab18ccf6d07ba61bee2b30221fe43166663beafc3fe5f04,3.5__MountainCar-v0__last-state__H30,MountainCar-v0,last-state,30,2,1,True,0,0,0,100.0
71cdb7655724631e93278e45a0393eec1697957380fb621d99a22798dd1601e1,3.5__MountainCar-v0__last-state__H30,MountainCar-v0,last-state,30,3,0,True,1,0,0,0.0
71cdb7655724631e93278e45a0393eec1697957380fb621d99a22798dd1601e1,3.5__MountainCar-v0__last-state__H30,MountainCar-v0,last-state,30,3,1,True,1,2,0,0.0
8f11a1bb68871d8b8475a8098aa0533b803cc303373e03d811a24b3176b7ff43,3.5__MountainCar-v0__last-state__H30,MountainCar-v0,last-state,30,4,0,True,1,0,0,0.0
8f11a1bb68871d8b8475a8098aa0533b803cc303373e03d811a24b3176b7ff43,3.5__MountainCar-v0__last-state__H30,MountainCar-v0,last-state,30,4,1,True,0,1,1,0.0
8c13fce15ee6ec7a9fb6b18883c3b7c229db60a00838d92a127932f90b759743,3.5__MountainCar-v0__last-state__H30,MountainCar-v0,last-state,30,5,0,True,1,0,0,0.0
8c13fce15ee6ec7a9fb6b18883c3b7c229db60a00838d92a127932f90b759743,3.5__MountainCar-v0__last-state__H30,MountainCar-v0,last-state,30,5,1,True,0,1,1,0.0
5f93864b983ec56cc1e0b5a8d0f51d16cd26f4c5032ad9dafd977c5ec7462fb6,3.5__MountainCar-v0__last-state__H30,MountainCar-v0,last-state,30,6,0,True,0,0,0,100.0
5f93864b983ec56cc1e0b5a8d0f51d16cd26f4c5032ad9dafd977c5ec7462fb6,3.5__MountainCar-v0__last-state__H30,MountainCar-v0,last-state,30,6,1,True,0,1,1,0.0
b0cf834921f9c98d3b7590f787676eef5026ebfa1bd1ff9df90d9c0951fa5f28,3.5__MountainCar-v0__last-state__H30,MountainCar-v0,last-state,30,7,0,True,0,0,0,100.0
b0cf834921f9c98d3b7590f787676eef5026ebfa1bd1ff9df90d9c0951fa5f28,3.5__MountainCar-v0__last-state__H30,MountainCar-v0,last-state,30,7,1,True,0,1,1,0.0
bff8c45f572f7db3b68c21db596fb9e58a16154f6696ec44b5f5dd13b818a897,3.5__MountainCar-v0__last-state__H30,MountainCar-v0,last-state,30,8,0,True,1,0,0,0.0
bff8c45f572f7db3b68c21db596fb9e58a16154f6696ec44b5f5dd13b818a897,3.5__MountainCar-v0__last-state__H30,MountainCar-v0,last-state,30,8,1,True,0,1,1,0.0
87d6cdf7e399aca16a5ef7f900bd0bdd73b14000b8c36d6d953556c88c417c2c,3.5__MountainCar-v0__last-state__H30,MountainCar-v0,last-state,30,9,0,True,0,0,0,100.0
87d6cdf7e399aca16a5ef7f900bd0bdd73b14000b8c36d6d953556c88c417c2c,3.5__MountainCar-v0__last-state__H30,MountainCar-v0,last-state,30,9,1,True,0,1,1,0.0
ab69e4ef53a80ed5aed455cc03daa64f7deeabfd79eacb1fda39d243d61e241a,3.5__MountainCar-v0__last-state__H30,MountainCar-v0,last-state,30,10,0,True,0,0,0,100.0
ab69e4ef53a80ed5aed455cc03daa64f7deeabfd79eacb1fda39d243d61e241a,3.5__MountainCar-v0__last-state__H30,MountainCar-v0,last-state,30,10,1,True,0,1,1,0.0
14726be3fbb77c0662b5429706b11036f3b48f35946b8ebe02f4cebea41114c6,3.5__MountainCar-v0__last-state__H30,MountainCar-v0,last-state,30,11,0,True,1,0,0,0.0
14726be3fbb77c0662b5429706b11036f3b48f35946b8ebe02f4cebea41114c6,3.5__MountainCar-v0__last-state__H30,MountainCar-v0,last-state,30,11,1,True,0,1,1,0.0
5b25dab28c4dfb6a5af2d0af6ec714f6a30440046028cb0a85ff8a113158df5f,3.5__MountainCar-v0__last-state__H30,MountainCar-v0,last-state,30,12,0,True,0,0,0,100.0
5b25dab28c4dfb6a5af2d0af6ec714f6a30440046028cb0a85ff8a113158df5f,3.5__MountainCar-v0__last-state__H30,MountainCar-v0,last-state,30,12,1,True,1,1,1,100.0
f2309f9de37cfad6f9af0226c4e9f5e0e1c1e9096e3c0fb5e31f0236b783a891,3.5__MountainCar-v0__last-state__H30,MountainCar-v0,last-state,30,13,0,True,1,0,0,0.0
f2309f9de37cfad6f9af0226c4e9f5e0e1c1e9096e3c0fb5e31f0236b783a891,3.5__MountainCar-v0__last-state__H30,MountainCar-v0,last-state,30,13,1,True,0,1,1,0.0
bbab434b88305d6f8fd6cec673cb4719d11c44c99f28bac193b267133b5ab263,3.5__MountainCar-v0__last-state__H30,MountainCar-v0,last-state,30,14,0,True,0,0,0,100.0
bbab434b88305d6f8fd6cec673cb4719d11c44c99f28bac193b267133b5ab263,3.5__MountainCar-v0__last-state__H30,MountainCar-v0,last-state,30,14,1,True,0,1,1,0.0
7484aa77e7d0db6be21f861beeea6a557c5691392f04d23c248b0e3f94e87519,3.5__MountainCar-v0__last-state__H30,MountainCar-v0,last-state,30,15,0,True,0,0,0,100.0
7484aa77e7d0db6be21f861beeea6a557c5691392f04d23c248b0e3f94e87519,3.5__MountainCar-v0__last-state__H30,MountainCar-v0,last-state,30,15,1,True,0,1,1,0.0
0a4d89fb64cc2ccc865148c8dbec009746836e1a35935078d394affe8ab18f7d,3.5__MountainCar-v0__last-state__H30,MountainCar-v0,last-state,30,16,0,True,0,0,0,100.0
0a4d89fb64cc2ccc865148c8dbec009746836e1a35935078d394affe8ab18f7d,3.5__MountainCar-v0__last-state__H30,MountainCar-v0,last-state,30,16,1,True,0,1,1,0.0
4ab05d7f4b3fa8fa782cd654e898129a31a7b4aba3dd4dabb6878aad40f6cee8,3.5__MountainCar-v0__last-state__H30,MountainCar-v0,last-state,30,17,0,True,1,0,0,0.0
4ab05d7f4b3fa8fa782cd654e898129a31a7b4aba3dd4dabb6878aad40f6cee8,3.5__MountainCar-v0__last-state__H30,MountainCar-v0,last-state,30,17,1,True,1,1,1,100.0
674043e9fab16efc97ccbfec6af1d9ac58dcfa2f934ed5b0046329c727977953,3.5__MountainCar-v0__last-state__H30,MountainCar-v0,last-state,30,18,0,True,0,0,0,100.0
674043e9fab16efc97ccbfec6af1d9ac58dcfa2f934ed5b0046329c727977953,3.5__MountainCar-v0__last-state__H30,MountainCar-v0,last-state,30,18,1,True,0,1,1,0.0
9233b1d26a6be5f8bfcdd9007d19ae6ac60b4f0c8962cbe946f2f0756471e4dd,3.5__MountainCar-v0__last-state__H30,MountainCar-v0,last-state,30,19,0,True,1,0,0,0.0
9233b1d26a6be5f8bfcdd9007d19ae6ac60b4f0c8962cbe946f2f0756471e4dd,3.5__MountainCar-v0__last-state__H30,MountainCar-v0,last-state,30,19,1,True,1,1,1,100.0
858ab5689731c6565b1026dd8ad60669c10bed125001552853cccb6fc530d6de,3.5__MountainCar-v0__last-state__H30,MountainCar-v0,last-state,30,20,0,True,0,0,0,100.0
858ab5689731c6565b1026dd8ad60669c10bed125001552853cccb6fc530d6de,3.5__MountainCar-v0__last-state__H30,MountainCar-v0,last-state,30,20,1,True,0,1,1,0.0
41c700764d563dc52f0bec124f393ce3e9d66e0d2aaddc6b125c6aabb3a4f796,3.5__MountainCar-v0__last-state__H30,MountainCar-v0,last-state,30,21,0,True,1,0,0,0.0
41c700764d563dc52f0bec124f393ce3e9d66e0d2aaddc6b125c6aabb3a4f796,3.5__MountainCar-v0__last-state__H30,MountainCar-v0,last-state,30,21,1,True,0,1,1,0.0
60f75d326fda039aaa410aae430a91828fb093046b2ec8f1d213d7887cf097f2,3.5__MountainCar-v0__last-state__H30,MountainCar-v0,last-state,30,22,0,True,1,1,1,100.0
60f75d326fda039aaa410aae430a91828fb093046b2ec8f1d213d7887cf097f2,3.5__MountainCar-v0__last-state__H30,MountainCar-v0,last-state,30,22,1,True,0,1,1,0.0
08626593c3957f454b043db7684212c119d179eff82182e29cd19678ff33c66d,3.5__MountainCar-v0__last-state__H30,MountainCar-v0,last-state,30,23,0,True,0,1,1,0.0
08626593c3957f454b043db7684212c119d179eff82182e29cd19678ff33c66d,3.5__MountainCar-v0__last-state__H30,MountainCar-v0,last-state,30,23,1,True,1,1,1,100.0
d9183e28f0619beedd188f57aefdc283cdb08e817da6ecdb62aeb3f2ffcaa2fb,3.5__MountainCar-v0__last-state__H30,MountainCar-v0,last-state,30,24,0,True,1,1,1,100.0
d9183e28f0619beedd188f57aefdc283cdb08e817da6ecdb62aeb3f2ffcaa2fb,3.5__MountainCar-v0__last-state__H30,MountainCar-v0,last-state,30,24,1,True,1,1,1,100.0
4f6bf05ce2988ff423e1cacd99c61c2fa7fe4d6f62f6f76de0a084d35f447936,3.5__MountainCar-v0__last-state__H30,MountainCar-v0,last-state,30,25,0,True,0,1,1,0.0
4f6bf05ce2988ff423e1cacd99c61c2fa7fe4d6f62f6f76de0a084d35f447936,3.5__MountainCar-v0__last-state__H30,MountainCar-v0,last-state,30,25,1,True,1,1,1,100.0
53f6c456b140c5fb67a3d73ab2a9c51a6b7f6555455456dce792e82537087db3,3.5__MountainCar-v0__last-state__H30,MountainCar-v0,last-state,30,26,0,True,0,1,1,0.0
53f6c456b140c5fb67a3d73ab2a9c51a6b7f6555455456dce792e82537087db3,3.5__MountainCar-v0__last-state__H30,MountainCar-v0,last-state,30,26,1,True,1,1,1,100.0
23258c3bc276cd3c978e570a0ec2b7d2d60c98eb772ddbecd014dc475b581083,3.5__MountainCar-v0__last-state__H30,MountainCar-v0,last-state,30,27,0,True,1,1,1,100.0
23258c3bc276cd3c978e570a0ec2b7d2d60c98eb772ddbecd014dc475b581083,3.5__MountainCar-v0__last-state__H30,MountainCar-v0,last-state,30,27,1,True,1,1,1,100.0
e4955621f70d21fb69bc3359073a6e24cc5aab53882ba81210642994e3b34d6f,3.5__MountainCar-v0__last-state__H30,MountainCar-v0,last-state,30,28,0,True,1,1,1,100.0
e4955621f70d21fb69bc3359073a6e24cc5aab53882ba81210642994e3b34d6f,3.5__MountainCar-v0__last-state__H30,MountainCar-v0,last-state,30,28,1,True,1,1,1,100.0
fbcd92ee329286c061a0eecd4f895bc4767aa839a20fec77da79227f7fca2e68,3.5__MountainCar-v0__last-state__H30,MountainCar-v0,last-state,30,29,0,True,1,1,1,100.0
fbcd92ee329286c061a0eecd4f895bc4767aa839a20fec77da79227f7fca2e68,3.5__MountainCar-v0__last-state__H30,MountainCar-v0,last-state,30,29,1,True,1,1,1,100.0
4c5f53d14757c2c6c13d661a89c9b138ba124a8dca1e88337e0fc73d8b3181fb,3.5__Pendulum-v1__next-state__H5,Pendulum-v1,next-state,5,0,0,True,1,1,1,100.0
4c5f53d14757c2c6c13d661a89c9b138ba124a8dca1e88337e0fc73d8b3181fb,3.5__Pendulum-v1__next-state__H5,Pendulum-v1,next-state,5,0,1,True,1,0,0,0.0
4c5f53d14757c2c6c13d661a89c9b138ba124a8dca1e88337e0fc73d8b3181fb,3.5__Pendulum-v1__next-state__H5,Pendulum-v1,next-state,5,0,2,True,1,0,0,0.0
495cb35e3e8dc96b2e8dde909dd82dd862c1137d4f01a17785bbd9de34c69fcb,3.5__Pendulum-v1__next-state__H5,Pendulum-v1,next-state,5,1,0,True,0,1,1,0.0
495cb35e3e8dc96b2e8dde909dd82dd862c1137d4f01a17785bbd9de34c69fcb,3.5__Pendulum-v1__next-state__H5,Pendulum-v1,next-state,5,1,1,True,0,0,0,100.0
495cb35e3e8dc96b2e8dde909dd82dd862c1137d4f01a17785bbd9de34c69fcb,3.5__Pendulum-v1__next-state__H5,Pendulum-v1,next-state,5,1,2,True,1,0,0,0.0
f022caa98daac467fa6e6610df1da000d8f9f584bbd5612a4bc40c11b7df9e03,3.5__Pendulum-v1__next-state__H5,Pendulum-v1,next-state,5,2,0,True,1,1,1,100.0
f022caa98daac467fa6e6610df1da000d8f9f584bbd5612a4bc40c11b7df9e03,3.5__Pendulum-v1__next-state__H5,Pendulum-v1,next-state,5,2,1,True,0,0,0,100.0
f022caa98daac467fa6e6610df1da000d8f9f584bbd5612a4bc40c11b7df9e03,3.5__Pendulum-v1__next-state__H5,Pendulum-v1,next-state,5,2,2,True,0,0,0,100.0
038d020417d0cc2b3570320821c4201d1b34563cde632e53ec85482f99406516,3.5__Pendulum-v1__next-state__H5,Pendulum-v1,next-state,5,3,0,True,0,1,1,0.0
038d020417d0cc2b3570320821c4201d1b34563cde632e53ec85482f99406516,3.5__Pendulum-v1__next-state__H5,Pendulum-v1,next-state,5,3,1,True,0,0,0,100.0
038d020417d0cc2b3570320821c4201d1b34563cde632e53ec85482f99406516,3.5__Pendulum-v1__next-state__H5,Pendulum-v1,next-state,5,3,2,True,0,0,0,100.0
6bfd9ac72fe30e016749be5bbc67f7624d541b49848f52f3dc4c26832aca8842,3.5__Pendulum-v1__next-state__H5,Pendulum-v1,next-state,5,4,0,True,0,1,1,0.0
6bfd9ac72fe30e016749be5bbc67f7624d541b49848f52f3dc4c26832aca8842,3.5__Pendulum-v1__next-state__H5,Pendulum-v1,next-state,5,4,1,True,0,0,0,100.0
6bfd9ac72fe30e016749be5bbc67f7624d541b49848f52f3dc4c26832aca8842,3.5__Pendulum-v1__next-state__H5,Pendulum-v1,next-state,5,4,2,True,1,0,0,0.0
4a368e28717e091d262d402d29e445e16d3102b7d75f081ba3dbdc3b19e72023,3.5__Pendulum-v1__next-state__H5,Pendulum-v1,next-state,5,5,0,True,0,1,1,0.0
4a368e28717e091d262d402d29e445e16d3102b7d75f081ba3dbdc3b19e72023,3.5__Pendulum-v1__next-state__H5,Pendulum-v1,next-state,5,5,1,True,0,0,0,100.0
4a368e28717e091d262d402d29e445e16d3102b7d75f081ba3dbdc3b19e72023,3.5__Pendulum-v1__next-state__H5,Pendulum-v1,next-state,5,5,2,True,0,1,1,0.0
147e5dc99b722a733003fabe918b21b650b4d8ba8557914213bae45cb5a83dc3,3.5__Pendulum-v1__next-state__H5,Pendulum-v1,next-state,5,6,0,True,1,2,1,0.0
147e5dc99b722a733003fabe918b21b650b4d8ba8557914213bae45cb5a83dc3,3.5__Pendulum-v1__next-state__H5,Pendulum-v1,next-state,5,6,1,True,0,0,0,100.0
147e5dc99b722a733003fabe918b21b650b4d8ba8557914213bae45cb5a83dc3,3.5__Pendulum-v1__next-state__H5,Pendulum-v1,next-state,5,6,2,True,0,1,1,0.0
3fe551f994b29192bf86e9133d249150ee20d1b9d444163a1dfde537ea363f93,3.5__Pendulum-v1__next-state__H5,Pendulum-v1,next-state,5,7,0,True,0,2,0,0.0
3fe551f994b29192bf86e9133d249150ee20d1b9d444163a1dfde537ea363f93,3.5__Pendulum-v1__next-state__H5,Pendulum-v1,next-state,5,7,1,True,0,0,0,100.0
3fe551f994b29192bf86e9133d249150ee20d1b9d444163a1dfde537ea363f93,3.5__Pendulum-v1__next-state__H5,Pendulum-v1,next-state,5,7,2,True,1,0,0,0.0
8c335924d65bb7f3f98341fbff7c9ea957386a2c06bda0aa10795a06480d2bce,3.5__Pendulum-v1__next-state__H5,Pendulum-v1,next-state,5,8,0,True,1,2,0,0.0
8c335924d65bb7f3f98341fbff7c9ea957386a2c06bda0aa10795a06480d2bce,3.5__Pendulum-v1__next-state__H5,Pendulum-v1,next-state,5,8,1,True,1,0,0,0.0
8c335924d65bb7f3f98341fbff7c9ea957386a2c06bda0aa10795a06480d2bce,3.5__Pendulum-v1__next-state__H5,Pendulum-v1,next-state,5,8,2,True,1,1,1,100.0
977145a0d1c514eab2955742b92997130352b1f999de5103cc4697571d16f338,3.5__Pendulum-v1__next-state__H5,Pendulum-v1,next-state,5,9,0,True,1,0,0,0.0
977145a0d1c514eab2955742b92997130352b1f999de5103cc4697571d16f338,3.5__Pendulum-v1__next-state__H5,Pendulum-v1,next-state,5,9,1,True,0,0,0,100.0
977145a0d1c514eab2955742b92997130352b1f999de5103cc4697571d16f338,3.5__Pendulum-v1__next-state__H5,Pendulum-v1,next-state,5,9,2,True,0,0,0,100.0
971fe089aabc226d26c7723f0d6f7b956c1b4f28cc2105644186faf0db023177,3.5__Pendulum-v1__next-state__H5,Pendulum-v1,next-state,5,10,0,True,1,2,0,0.0
971fe089aabc226d26c7723f0d6f7b956c1b4f28cc2105644186faf0db023177,3.5__Pendulum-v1__next-state__H5,Pendulum-v1,next-state,5,10,1,True,0,0,0,100.0
971fe089aabc226d26c7723f0d6f7b956c1b4f28cc2105644186faf0db023177,3.5__Pendulum-v1__next-state__H5,Pendulum-v1,next-state,5,10,2,True,1,1,1,100.0
159e6e83e775872dd08362229738dfdf2ebdd72d65aabcedda271e4a2089ca4b,3.5__Pendulum-v1__next-state__H5,Pendulum-v1,next-state,5,11,0,True,0,0,0,100.0
159e6e83e775872dd08362229738dfdf2ebdd72d65aabcedda271e4a2089ca4b,3.5__Pendulum-v1__next-state__H5,Pendulum-v1,next-state,5,11,1,True,1,0,0,0.0
159e6e83e775872dd08362229738dfdf2ebdd72d65aabcedda271e4a2089ca4b,3.5__Pendulum-v1__next-state__H5,Pendulum-v1,next-state,5,11,2,True,1,0,0,0.0
09e0e5569d3df67796564258ea8e9aece2f9414210faee7f1292359a6d137707,3.5__Pendulum-v1__next-state__H5,Pendulum-v1,next-state,5,12,0,True,1,0,0,0.0
09e0e5569d3df67796564258ea8e9aece2f9414210faee7f1292359a6d137707,3.5__Pendulum-v1__next-state__H5,Pendulum-v1,next-state,5,12,1,True,0,0,0,100.0
09e0e5569d3df67796564258ea8e9aece2f9414210faee7f1292359a6d137707,3.5__Pendulum-v1__next-state__H5,Pendulum-v1,next-state,5,12,2,True,0,1,1,0.0
33abad7f46cd06efbf4217f7f4f2449ab0554b68e26488b6b42ace39c9fa2f0d,3.5__Pendulum-v1__next-state__H5,Pendulum-v1,next-state,5,13,0,True,1,0,0,0.0
33abad7f46cd06efbf4217f7f4f2449ab0554b68e26488b6b42ace39c9fa2f0d,3.5__Pendulum-v1__next-state__H5,Pendulum-v1,next-state,5,13,1,True,0,0,0,100.0
33abad7f46cd06efbf4217f7f4f2449ab0554b68e26488b6b42ace39c9fa2f0d,3.5__Pendulum-v1__next-state__H5,Pendulum-v1,next-state,5,13,2,True,0,0,0,100.0
fa43750dfa23a6a2bc282e6ec875748e64a40a6bf2dec8ae420b6b85a43cf142,3.5__Pendulum-v1__next-state__H5,Pendulum-v1,next-state,5,14,0,True,1,0,0,0.0
fa43750dfa23a6a2bc282e6ec875748e64a40a6bf2dec8ae420b6b85a43cf142,3.5__Pendulum-v1__next-state__H5,Pendulum-v1,next-state,5,14,1,True,0,0,0,100.0
fa43750dfa23a6a2bc282e6ec875748e64a40a6bf2dec8ae420b6b85a43cf142,3.5__Pendulum-v1__next-state__H5,Pendulum-v1,next-state,5,14,2,True,1,1,1,100.0
78b4149a5e0e865724e630f20f052a487506a3158e42ab06b9b320faa8a0f0d7,3.5__Pendulum-v1__next-state__H5,Pendulum-v1,next-state,5,15,0,True,0,2,0,0.0
78b4149a5e0e865724e630f20f052a487506a3158e42ab06b9b320faa8a0f0d7,3.5__Pendulum-v1__next-state__H5,Pendulum-v1,next-state,5,15,1,True,0,1,1,0.0
78b4149a5e0e865724e630f20f052a487506a3158e42ab06b9b320faa8a0f0d7,3.5__Pendulum-v1__next-state__H5,Pendulum-v1,next-state,5,15,2,True,0,1,1,0.0
28dc031950235b50fdff2d282d4713c1fed406cc1fc17e2deca5cbbb57cf000c,3.5__Pendulum-v1__next-state__H5,Pendulum-v1,next-state,5,16,0,True,1,2,0,0.0
28dc031950235b50fdff2d282d4713c1fed406cc1fc17e2deca5cbbb57cf000c,3.5__Pendulum-v1__next-state__H5,Pendulum-v1,next-state,5,16,1,True,0,0,0,100.0
28dc031950235b50fdff2d282d4713c1fed406cc1fc17e2deca5cbbb57cf000c,3.5__Pendulum-v1__next-state__H5,Pendulum-v1,next-state,5,16,2,True,1,0,0,0.0
10b3586b7c5fad6ba0ca011f513a30aae04740f87782c02642efd775b73ff2a6,3.5__Pendulum-v1__next-state__H5,Pendulum-v1,next-state,5,17,0,True,0,2,1,0.0
10b3586b7c5fad6ba0ca011f513a30aae04740f87782c02642efd775b73ff2a6,3.5__Pendulum-v1__next-state__H5,Pendulum-v1,next-state,5,17,1,True,1,1,1,100.0
10b3586b7c5fad6ba0ca011f513a30aae04740f87782c02642efd775b73ff2a6,3.5__Pendulum-v1__next-state__H5,Pendulum-v1,next-state,5,17,2,True,0,1,1,0.0
ebe19d6e917fa0b2ff77a39e7180e4bad939c84b2e933d4d9136daa96bd4b595,3.5__Pendulum-v1__next-state__H5,Pendulum-v1,next-state,5,18,0,True,0,0,0,100.0
ebe19d6e917fa0b2ff77a39e7180e4bad939c84b2e933d4d9136daa96bd4b595,3.5__Pendulum-v1__next-state__H5,Pendulum-v1,next-state,5,18,1,True,1,0,0,0.0
ebe19d6e917fa0b2ff77a39e7180e4bad939c84b2e933d4d9136daa96bd4b595,3.5__Pendulum-v1__next-state__H5,Pendulum-v1,next-state,5,18,2,True,0,0,0,100.0
3e0e0db435f782832a568a3daadce380f2b9e42b937b548ef0b9634a1a10615e,3.5__Pendulum-v1__next-state__H5,Pendulum-v1,next-state,5,19,0,True,0,2,1,0.0
3e0e0db435f782832a568a3daadce380f2b9e42b937b548ef0b9634a1a10615e,3.5__Pendulum-v1__next-state__H5,Pendulum-v1,next-state,5,19,1,True,1,1,1,100.0
3e0e0db435f782832a568a3daadce380f2b9e42b937b548ef0b9634a1a10615e,3.5__Pendulum-v1__next-state__H5,Pendulum-v1,next-state,5,19,2,True,1,1,1,100.0
1b593ac0e6bca983c2cec9574586f1de764d1d1d6a0bf3229f34d65d1277a513,3.5__Pendulum-v1__next-state__H5,Pendulum-v1,next-state,5,20,0,True,1,2,1,0.0
1b593ac0e6bca983c2cec9574586f1de764d1d1d6a0bf3229f34d65d1277a513,3.5__Pendulum-v1__next-state__H5,Pendulum-v1,next-state,5,20,1,True,0,1,1,0.0
1b593ac0e6bca983c2cec9574586f1de764d1d1d6a0bf3229f34d65d1277a513,3.5__Pendulum-v1__next-state__H5,Pendulum-v1,next-state,5,20,2,True,1,1,1,100.0
ff31e6af5464a35f54bd2053584a875501de8eb443286d2ad65e9d2220200e05,3.5__Pendulum-v1__next-state__H5,Pendulum-v1,next-state,5,21,0,True,1,0,0,0.0
ff31e6af5464a35f54bd2053584a875501de8eb443286d2ad65e9d2220200e05,3.5__Pendulum-v1__next-state__H5,Pendulum-v1,next-state,5,21,1,True,0,0,0,100.0
ff31e6af5464a35f54bd2053584a875501de8eb443286d2ad65e9d2220200e05,3.5__Pendulum-v1__next-state__H5,Pendulum-v1,next-state,5,21,2,True,1,0,0,0.0
231769aef22db1c4d27f5b1ea27014f6ee289370df9acd821b912f304ebc3bc1,3.5__Pendulum-v1__next-state__H5,Pendulum-v1,next-state,5,22,0,True,1,2,0,0.0
231769aef22db1c4d27f5b1ea27014f6ee289370df9acd821b912f304ebc3bc1,3.5__Pendulum-v1__next-state__H5,Pendulum-v1,next-state,5,22,1,True,0,2,0,0.0
231769aef22db1c4d27f5b1ea27014f6ee289370df9acd821b912f304ebc3bc1,3.5__Pendulum-v1__next-state__H5,Pendulum-v1,next-state,5,22,2,True,1,1,1,100.0
826051698a87a260f359ae074b72fa04c7e2aecda657e12661989085d2083645,3.5__Pendulum-v1__next-state__H5,Pendulum-v1,next-state,5,23,0,True,1,1,1,100.0
826051698a87a260f359ae074b72fa04c7e2aecda657e12661989085d2083645,3.5__Pendulum-v1__next-state__H5,Pendulum-v1,next-state,5,23,1,True,0,1,1,0.0
826051698a87a260f359ae074b72fa04c7e2aecda657e12661989085d2083645,3.5__Pendulum-v1__next-state__H5,Pendulum-v1,next-state,5,23,2,True,1,1,1,100.0
bb6aba0f18f8e587ead6412ade092c5bfef876e140d500f6a1600e57bec78ec1,3.5__Pendulum-v1__next-state__H5,Pendulum-v1,next-state,5,24,0,True,0,0,0,100.0
bb6aba0f18f8e587ead6412ade092c5bfef876e140d500f6a1600e57bec78ec1,3.5__Pendulum-v1__next-state__H5,Pendulum-v1,next-state,5,24,1,True,1,0,0,0.0
bb6aba0f18f8e587ead6412ade092c5bfef876e140d500f6a1600e57bec78ec1,3.5__Pendulum-v1__next-state__H5,Pendulum-v1,next-state,5,24,2,True,0,0,0,100.0
2c74ef840d738357a4bb4fb3a609c5dd3e77a478513b8a5bda11f194d502e270,3.5__Pendulum-v1__next-state__H5,Pendulum-v1,next-state,5,25,0,True,0,1,1,0.0
2c74ef840d738357a4bb4fb3a609c5dd3e77a478513b8a5bda11f194d502e270,3.5__Pendulum-v1__next-state__H5,Pendulum-v1,next-state,5,25,1,True,1,1,1,100.0
2c74ef840d738357a4bb4fb3a609c5dd3e77a478513b8a5bda11f194d502e270,3.5__Pendulum-v1__next-state__H5,Pendulum-v1,next-state,5,25,2,True,1,1,1,100.0
6da9f470972b7e9e0df28405de22fad39cc601ee04098b9333759afca801d083,3.5__Pendulum-v1__next-state__H5,Pendulum-v1,next-state,5,26,0,True,0,0,0,100.0
6da9f470972b7e9e0df28405de22fad39cc601ee04098b9333759afca801d083,3.5__Pendulum-v1__next-state__H5,Pendulum-v1,next-state,5,26,1,True,1,0,0,0.0
6da9f470972b7e9e0df28405de22fad39cc601ee04098b9333759afca801d083,3.5__Pendulum-v1__next-state__H5,Pendulum-v1,next-state,5,26,2,True,0,0,0,100.0
b23510307a62801bed2cd3b19ecae4fecce38c3234defd1ee9471f295b2eccc3,3.5__Pendulum-v1__next-state__H5,Pendulum-v1,next-state,5,27,0,False,,1,1,
b23510307a62801bed2cd3b19ecae4fecce38c3234defd1ee9471f295b2eccc3,3.5__Pendulum-v1__next-state__H5,Pendulum-v1,next-state,5,27,1,False,,1,1,
b23510307a62801bed2cd3b19ecae4fecce38c3234defd1ee9471f295b2eccc3,3.5__Pendulum-v1__next-state__H5,Pendulum-v1,next-state,5,27,2,False,,1,1,
12e31f03598ec6093719cf264fe0c47bcddd8890dc0a96cea2d215a9bdf7556f,3.5__Pendulum-v1__next-state__H5,Pendulum-v1,next-state,5,28,0,True,0,0,0,100.0
12e31f03598ec6093719cf264fe0c47bcddd8890dc0a96cea2d215a9bdf7556f,3.5__Pendulum-v1__next-state__H5,Pendulum-v1,next-state,5,28,1,True,1,0,0,0.0
12e31f03598ec6093719cf264fe0c47bcddd8890dc0a96cea2d215a9bdf7556f,3.5__Pendulum-v1__next-state__H5,Pendulum-v1,next-state,5,28,2,True,1,0,0,0.0
18d9abe6218a35cd0ed2d3a9d14321bce809b05b62f59f73e209cd8abc705fa7,3.5__Pendulum-v1__next-state__H5,Pendulum-v1,next-state,5,29,0,True,0,1,1,0.0
18d9abe6218a35cd0ed2d3a9d14321bce809b05b62f59f73e209cd8abc705fa7,3.5__Pendulum-v1__next-state__H5,Pendulum-v1,next-state,5,29,1,True,1,1,1,100.0
18d9abe6218a35cd0ed2d3a9d14321bce809b05b62f59f73e209cd8abc705fa7,3.5__Pendulum-v1__next-state__H5,Pendulum-v1,next-state,5,29,2,True,0,1,1,0.0
6b858023cd4051620f906a27b2454a3cff37c18411aead52b19e67def47a6f69,3.5__Pendulum-v1__next-state__H10,Pendulum-v1,next-state,10,0,0,True,0,1,1,0.0
6b858023cd4051620f906a27b2454a3cff37c18411aead52b19e67def47a6f69,3.5__Pendulum-v1__next-state__H10,Pendulum-v1,next-state,10,0,1,True,0,0,0,100.0
6b858023cd4051620f906a27b2454a3cff37c18411aead52b19e67def47a6f69,3.5__Pendulum-v1__next-state__H10,Pendulum-v1,next-state,10,0,2,True,0,1,1,0.0
6bf945f9ab0ba94478fb2be16299bade2d263faa53a62a789b2aaf846b7cb0e0,3.5__Pendulum-v1__next-state__H10,Pendulum-v1,next-state,10,1,0,True,1,2,1,0.0
6bf945f9ab0ba94478fb2be16299bade2d263faa53a62a789b2aaf846b7cb0e0,3.5__Pendulum-v1__next-state__H10,Pendulum-v1,next-state,10,1,1,True,0,0,0,100.0
6bf945f9ab0ba94478fb2be16299bade2d263faa53a62a789b2aaf846b7cb0e0,3.5__Pendulum-v1__next-state__H10,Pendulum-v1,next-state,10,1,2,True,0,1,1,0.0
ce0287482437c9a48879ddf030eb76ca3ae321b07f038108efd7fffde2759b97,3.5__Pendulum-v1__next-state__H10,Pendulum-v1,next-state,10,2,0,True,1,2,0,0.0
ce0287482437c9a48879ddf030eb76ca3ae321b07f038108efd7fffde2759b97,3.5__Pendulum-v1__next-state__H10,Pendulum-v1,next-state,10,2,1,True,0,0,0,100.0
ce0287482437c9a48879ddf030eb76ca3ae321b07f038108efd7fffde2759b97,3.5__Pendulum-v1__next-state__H10,Pendulum-v1,next-state,10,2,2,True,1,0,0,0.0
00b1dbf2da8b4fb6fc2c4a49dacd2e22a80b32f967f97a017a6e6cd6dccf5822,3.5__Pendulum-v1__next-state__H10,Pendulum-v1,next-state,10,3,0,True,0,2,0,0.0
00b1dbf2da8b4fb6fc2c4a49dacd2e22a80b32f967f97a017a6e6cd6dccf5822,3.5__Pendulum-v1__next-state__H10,Pendulum-v1,next-state,10,3,1,True,0,0,0,100.0
00b1dbf2da8b4fb6fc2c4a49dacd2e22a80b32f967f97a017a6e6cd6dccf5822,3.5__Pendulum-v1__next-state__H10,Pendulum-v1,next-state,10,3,2,True,0,1,1,0.0
0353489de34bf7aa4a41b539be0f62f2f074c6c403ab971d689a68da26c7942e,3.5__Pendulum-v1__next-state__H10,Pendulum-v1,next-state,10,4,0,False,,0,0,
0353489de34bf7aa4a41b539be0f62f2f074c6c403ab971d689a68da26c7942e,3.5__Pendulum-v1__next-state__H10,Pendulum-v1,next-state,10,4,1,False,,0,0,
0353489de34bf7aa4a41b539be0f62f2f074c6c403ab971d689a68da26c7942e,3.5__Pendulum-v1__next-state__H10,Pendulum-v1,next-state,10,4,2,False,,0,0,
485d6c0d674108ca687b2ad5c097e70af6c5f6e79fa3ab92923b1abd9de9c095,3.5__Pendulum-v1__next-state__H10,Pendulum-v1,next-state,10,5,0,True,1,2,0,0.0
485d6c0d674108ca687b2ad5c097e70af6c5f6e79fa3ab92923b1abd9de9c095,3.5__Pendulum-v1__next-state__H10,Pendulum-v1,next-state,10,5,1,True,0,0,0,100.0
485d6c0d674108ca687b2ad5c097e70af6c5f6e79fa3ab92923b1abd9de9c095,3.5__Pendulum-v1__next-state__H10,Pendulum-v1,next-state,10,5,2,True,0,1,1,0.0
dffc26b053f865e96deb38a297dc8048d99c7cb7b07a3c09e5676fab7282b3a3,3.5__Pendulum-v1__next-state__H10,Pendulum-v1,next-state,10,6,0,True,1,0,0,0.0
dffc26b053f865e96deb38a297dc8048d99c7cb7b07a3c09e5676fab7282b3a3,3.5__Pendulum-v1__next-state__H10,Pendulum-v1,next-state,10,6,1,True,0,0,0,100.0
dffc26b053f865e96deb38a297dc8048d99c7cb7b07a3c09e5676fab7282b3a3,3.5__Pendulum-v1__next-state__H10,Pendulum-v1,next-state,10,6,2,True,0,0,0,100.0
c9e2dc02874176f2752b6962461c77293527d50b7549ba35a71416ae5e70b33b,3.5__Pendulum-v1__next-state__H10,Pendulum-v1,next-state,10,7,0,True,1,0,0,0.0
c9e2dc02874176f2752b6962461c77293527d50b7549ba35a71416ae5e70b33b,3.5__Pendulum-v1__next-state__H10,Pendulum-v1,next-state,10,7,1,True,0,0,0,100.0
c9e2dc02874176f2752b6962461c77293527d50b7549ba35a71416ae5e70b33b,3.5__Pendulum-v1__next-state__H10,Pendulum-v1,next-state,10,7,2,True,1,1,1,100.0
89c145ef9e5197e6b64b43fd0f5b54e417264d39673484c17967501cd83a41e6,3.5__Pendulum-v1__next-state__H10,Pendulum-v1,next-state,10,8,0,True,1,0,0,0.0
89c145ef9e5197e6b64b43fd0f5b54e417264d39673484c17967501cd83a41e6,3.5__Pendulum-v1__next-state__H10,Pendulum-v1,next-state,10,8,1,True,0,0,0,100.0
89c145ef9e5197e6b64b43fd0f5b54e417264d39673484c17967501cd83a41e6,3.5__Pendulum-v1__next-state__H10,Pendulum-v1,next-state,10,8,2,True,0,0,0,100.0
e336c20f86fc6d58358e4b9b8cac05a706968c124368460ba6f817a7426f54d3,3.5__Pendulum-v1__next-state__H10,Pendulum-v1,next-state,10,9,0,True,0,0,0,100.0
e336c20f86fc6d58358e4b9b8cac05a706968c124368460ba6f817a7426f54d3,3.5__Pendulum-v1__next-state__H10,Pendulum-v1,next-state,10,9,1,True,0,0,0,100.0
e336c20f86fc6d58358e4b9b8cac05a706968c124368460ba6f817a7426f54d3,3.5__Pendulum-v1__next-state__H10,Pendulum-v1,next-state,10,9,2,True,0,1,1,0.0
67145ca07fb2e0e979c0a5a1ad12d4b879f06716430884f6179033db37b43d1a,3.5__Pendulum-v1__next-state__H10,Pendulum-v1,next-state,10,10,0,True,0,2,0,0.0
67145ca07fb2e0e979c0a5a1ad12d4b879f06716430884f6179033db37b43d1a,3.5__Pendulum-v1__next-state__H10,Pendulum-v1,next-state,10,10,1,True,0,1,1,0.0
67145ca07fb2e0e979c0a5a1ad12d4b879f06716430884f6179033db37b43d1a,3.5__Pendulum-v1__next-state__H10,Pendulum-v1,next-state,10,10,2,True,1,1,1,100.0
900b3011b534fbe46043baa5adc7434eb4a5e4098417a0726132a67087f6fd67,3.5__Pendulum-v1__next-state__H10,Pendulum-v1,next-state,10,11,0,True,0,2,0,0.0
900b3011b534fbe46043baa5adc7434eb4a5e4098417a0726132a67087f6fd67,3.5__Pendulum-v1__next-state__H10,Pendulum-v1,next-state,10,11,1,True,0,0,0,100.0
900b3011b534fbe46043baa5adc7434eb4a5e4098417a0726132a67087f6fd67,3.5__Pendulum-v1__next-state__H10,Pendulum-v1,next-state,10,11,2,True,0,0,0,100.0
68f2c45666ebf09babc35df5a93890d16a2fde2e2c0de36f207d490d5cce7194,3.5__Pendulum-v1__next-state__H10,Pendulum-v1,next-state,10,12,0,True,0,2,1,0.0
68f2c45666ebf09babc35df5a93890d16a2fde2e2c0de36f207d490d5cce7194,3.5__Pendulum-v1__next-state__H10,Pendulum-v1,next-state,10,12,1,True,0,1,1,0.0
68f2c45666ebf09babc35df5a93890d16a2fde2e2c0de36f207d490d5cce7194,3.5__Pendulum-v1__next-state__H10,Pendulum-v1,next-state,10,12,2,True,0,1,1,0.0
46aacf6e9a545d8f3a01b736d60b2c76d9ce283cb269d017dda6385d6722459c,3.5__Pendulum-v1__next-state__H10,Pendulum-v1,next-state,10,13,0,True,0,0,0,100.0
46aacf6e9a545d8f3a01b736d60b2c76d9ce283cb269d017dda6385d6722459c,3.5__Pendulum-v1__next-state__H10,Pendulum-v1,next-state,10,13,1,True,0,0,0,100.0
46aacf6e9a545d8f3a01b736d60b2c76d9ce283cb269d017dda6385d6722459c,3.5__Pendulum-v1__next-state__H10,Pendulum-v1,next-state,10,13,2,True,1,0,0,0.0
24c0f6f7268e96dfcf1ca7cce32083fa2d742b9731f24e8c8578d649a6c4d544,3.5__Pendulum-v1__next-state__H10,Pendulum-v1,next-state,10,14,0,True,0,2,1,0.0
24c0f6f7268e96dfcf1ca7cce32083fa2d742b9731f24e8c8578d649a6c4d544,3.5__Pendulum-v1__next-state__H10,Pendulum-v1,next-state,10,14,1,True,0,1,1,0.0
24c0f6f7268e96dfcf1ca7cce32083fa2d742b9731f24e8c8578d649a6c4d544,3.5__Pendulum-v1__next-state__H10,Pendulum-v1,next-state,10,14,2,True,1,1,1,100.0
22d95b883e70919cb8de7eb529161a17bb394aa9e2ac02140a8098d5a7123b5c,3.5__Pendulum-v1__next-state__H10,Pendulum-v1,next-state,10,15,0,True,0,2,1,0.0
22d95b883e70919cb8de7eb529161a17bb394aa9e2ac02140a8098d5a7123b5c,3.5__Pendulum-v1__next-state__H10,Pendulum-v1,next-state,10,15,1,True,1,1,1,100.0
22d95b883e70919cb8de7eb529161a17bb394aa9e2ac02140a8098d5a7123b5c,3.5__Pendulum-v1__next-state__H10,Pendulum-v1,next-state,10,15,2,True,0,1,1,0.0
f8ac8f14bafe054debb3f70a244535b7d9fb3b878c91037af374519911e086e8,3.5__Pendulum-v1__next-state__H10,Pendulum-v1,next-state,10,16,0,True,0,0,0,100.0
f8ac8f14bafe054debb3f70a244535b7d9fb3b878c91037af374519911e086e8,3.5__Pendulum-v1__next-state__H10,Pendulum-v1,next-state,10,16,1,True,1,0,0,0.0
f8ac8f14bafe054debb3f70a244535b7d9fb3b878c91037af374519911e086e8,3.5__Pendulum-v1__next-state__H10,Pendulum-v1,next-state,10,16,2,True,0,0,0,100.0
3d2e697ae41dd29d1c739fc6610a97ecaefc1aefc1194586a1979093b69d4b6c,3.5__Pendulum-v1__next-state__H10,Pendulum-v1,next-state,10,17,0,True,0,2,0,0.0
3d2e697ae41dd29d1c739fc6610a97ecaefc1aefc1194586a1979093b69d4b6c,3.5__Pendulum-v1__next-state__H10,Pendulum-v1,next-state,10,17,1,True,1,2,0,0.0
3d2e697ae41dd29d1c739fc6610a97ecaefc1aefc1194586a1979093b69d4b6c,3.5__Pendulum-v1__next-state__H10,Pendulum-v1,next-state,10,17,2,True,0,1,1,0.0
e931c1ba3cbb92a48d65a1059b3614522c88c75aa004f8e9e145302a0a64f084,3.5__Pendulum-v1__next-state__H10,Pendulum-v1,next-state,10,18,0,True,0,1,1,0.0
e931c1ba3cbb92a48d65a1059b3614522c88c75aa004f8e9e145302a0a64f084,3.5__Pendulum-v1__next-state__H10,Pendulum-v1,next-state,10,18,1,True,1,1,1,100.0
e931c1ba3cbb92a48d65a1059b3614522c88c75aa004f8e9e145302a0a64f084,3.5__Pendulum-v1__next-state__H10,Pendulum-v1,next-state,10,18,2,True,0,1,1,0.0
682f086821277bb54c679ea6f25eef68e1bc7a2e88cf19970d8b94ae3aa34e2e,3.5__Pendulum-v1__next-state__H10,Pendulum-v1,next-state,10,19,0,True,0,0,0,100.0
682f086821277bb54c679ea6f25eef68e1bc7a2e88cf19970d8b94ae3aa34e2e,3.5__Pendulum-v1__next-state__H10,Pendulum-v1,next-state,10,19,1,True,1,0,0,0.0
682f086821277bb54c679ea6f25eef68e1bc7a2e88cf19970d8b94ae3aa34e2e,3.5__Pendulum-v1__next-state__H10,Pendulum-v1,next-state,10,19,2,True,0,0,0,100.0
19e660bf80f8c9f940544dca1b322b865cb06daebb84b3d7a7429c73302af593,3.5__Pendulum-v1__next-state__H10,Pendulum-v1,next-state,10,20,0,True,0,1,1,0.0
19e660bf80f8c9f940544dca1b322b865cb06daebb84b3d7a7429c73302af593,3.5__Pendulum-v1__next-state__H10,Pendulum-v1,next-state,10,20,1,True,1,1,1,100.0
19e660bf80f8c9f940544dca1b322b865cb06daebb84b3d7a7429c73302af593,3.5__Pendulum-v1__next-state__H10,Pendulum-v1,next-state,10,20,2,True,1,1,1,100.0
89f8dca5e13f151c5efe75ebaec9daef9f23e62b1329835d17df7585863b2ba6,3.5__Pendulum-v1__next-state__H10,Pendulum-v1,next-state,10,21,0,True,1,0,0,0.0
89f8dca5e13f151c5efe75ebaec9daef9f23e62b1329835d17df7585863b2ba6,3.5__Pendulum-v1__next-state__H10,Pendulum-v1,next-state,10,21,1,True,0,0,0,100.0
89f8dca5e13f151c5efe75ebaec9daef9f23e62b1329835d17df7585863b2ba6,3.5__Pendulum-v1__next-state__H10,Pendulum-v1,next-state,10,21,2,True,1,0,0,0.0
f54ce7ceb83b2cb0443bc644b17c2ede2267ecf8f060d38048a181c616f8f121,3.5__Pendulum-v1__next-state__H10,Pendulum-v1,next-state,10,22,0,False,,1,1,
f54ce7ceb83b2cb0443bc644b17c2ede2267ecf8f060d38048a181c616f8f121,3.5__Pendulum-v1__next-state__H10,Pendulum-v1,next-state,10,22,1,False,,1,1,
f54ce7ceb83b2cb0443bc644b17c2ede2267ecf8f060d38048a181c616f8f121,3.5__Pendulum-v1__next-state__H10,Pendulum-v1,next-state,10,22,2,False,,1,1,
e4547ead19fed68f9a40a732148ef737c8218320e4417e45004b37d1fdcffeeb,3.5__Pendulum-v1__next-state__H10,Pendulum-v1,next-state,10,23,0,False,,0,0,
e4547ead19fed68f9a40a732148ef737c8218320e4417e45004b37d1fdcffeeb,3.5__Pendulum-v1__next-state__H10,Pendulum-v1,next-state,10,23,1,False,,0,0,
e4547ead19fed68f9a40a732148ef737c8218320e4417e45004b37d1fdcffeeb,3.5__Pendulum-v1__next-state__H10,Pendulum-v1,next-state,10,23,2,False,,0,0,
99826cf8ff8098f3d08933a7ccb533cac56d4360fec4f88d59ef0673cbebd79f,3.5__Pendulum-v1__next-state__H10,Pendulum-v1,next-state,10,24,0,True,1,1,1,100.0
99826cf8ff8098f3d08933a7ccb533cac56d4360fec4f88d59ef0673cbebd79f,3.5__Pendulum-v1__next-state__H10,Pendulum-v1,next-state,10,24,1,True,1,1,1,100.0
99826cf8ff8098f3d08933a7ccb533cac56d4360fec4f88d59ef0673cbebd79f,3.5__Pendulum-v1__next-state__H10,Pendulum-v1,next-state,10,24,2,True,1,1,1,100.0
5ddbf0a4fa59bfb1a3ba785c94f5af2cb96d7dbe8be4ff2fc98ebc7cdbe0a3b3,3.5__Pendulum-v1__next-state__H10,Pendulum-v1,next-state,10,25,0,True,0,1,1,0.0
5ddbf0a4fa59bfb1a3ba785c94f5af2cb96d7dbe8be4ff2fc98ebc7cdbe0a3b3,3.5__Pendulum-v1__next-state__H10,Pendulum-v1,next-state,10,25,1,True,1,1,1,100.0
5ddbf0a4fa59bfb1a3ba785c94f5af2cb96d7dbe8be4ff2fc98ebc7cdbe0a3b3,3.5__Pendulum-v1__next-state__H10,Pendulum-v1,next-state,10,25,2,True,0,0,0,100.0
58323663aaa9f60f3ade99e7b56c2391470dc34bda4246665c8a488f13197fbd,3.5__Pendulum-v1__next-state__H10,Pendulum-v1,next-state,10,26,0,True,1,0,0,0.0
58323663aaa9f60f3ade99e7b56c2391470dc34bda4246665c8a488f13197fbd,3.5__Pendulum-v1__next-state__H10,Pendulum-v1,next-state,10,26,1,True,0,0,0,100.0
58323663aaa9f60f3ade99e7b56c2391470dc34bda4246665c8a488f13197fbd,3.5__Pendulum-v1__next-state__H10,Pendulum-v1,next-state,10,26,2,True,1,0,0,0.0
20bfd8c735eefad45cd71f7373223cc2c1e421c97abe6a505b0352d54ee25bcd,3.5__Pendulum-v1__next-state__H10,Pendulum-v1,next-state,10,27,0,True,1,1,1,100.0
20bfd8c735eefad45cd71f7373223cc2c1e421c97abe6a505b0352d54ee25bcd,3.5__Pendulum-v1__next-state__H10,Pendulum-v1,next-state,10,27,1,True,0,1,1,0.0
20bfd8c735eefad45cd71f7373223cc2c1e421c97abe6a505b0352d54ee25bcd,3.5__Pendulum-v1__next-state__H10,Pendulum-v1,next-state,10,27,2,True,1,1,1,100.0
84775ffc8d94810923141f6db6b007d8b43f760332673d90f181968b03851e37,3.5__Pendulum-v1__next-state__H10,Pendulum-v1,next-state,10,28,0,True,0,0,0,100.0
84775ffc8d94810923141f6db6b007d8b43f760332673d90f181968b03851e37,3.5__Pendulum-v1__next-state__H10,Pendulum-v1,next-state,10,28,1,True,1,0,0,0.0
84775ffc8d94810923141f6db6b007d8b43f760332673d90f181968b03851e37,3.5__Pendulum-v1__next-state__H10,Pendulum-v1,next-state,10,28,2,True,0,0,0,100.0
544fefe19222a873ed89ec06f5b3cbd6e112064d6a5ec408e9daeb49bcd33551,3.5__Pendulum-v1__next-state__H10,Pendulum-v1,next-state,10,29,0,True,1,2,1,0.0
544fefe19222a873ed89ec06f5b3cbd6e112064d6a5ec408e9daeb49bcd33551,3.5__Pendulum-v1__next-state__H10,Pendulum-v1,next-state,10,29,1,True,0,1,1,0.0
544fefe19222a873ed89ec06f5b3cbd6e112064d6a5ec408e9daeb49bcd33551,3.5__Pendulum-v1__next-state__H10,Pendulum-v1,next-state,10,29,2,True,1,1,1,100.0
df5b2bef76f9d5e01a05f99c881a9510dd9df4d0cac9dd73badb54c7b9c6fb1b,3.5__Pendulum-v1__next-state__H20,Pendulum-v1,next-state,20,0,0,True,1,2,0,0.0
df5b2bef76f9d5e01a05f99c881a9510dd9df4d0cac9dd73badb54c7b9c6fb1b,3.5__Pendulum-v1__next-state__H20,Pendulum-v1,next-state,20,0,1,True,0,1,1,0.0
df5b2bef76f9d5e01a05f99c881a9510dd9df4d0cac9dd73badb54c7b9c6fb1b,3.5__Pendulum-v1__next-state__H20,Pendulum-v1,next-state,20,0,2,True,0,1,1,0.0
e7a50709a757be587dcbe7333b361c0098f105dedff8292043524e3dbe8aa828,3.5__Pendulum-v1__next-state__H20,Pendulum-v1,next-state,20,1,0,True,0,2,0,0.0
e7a50709a757be587dcbe7333b361c0098f105dedff8292043524e3dbe8aa828,3.5__Pendulum-v1__next-state__H20,Pendulum-v1,next-state,20,1,1,True,0,0,0,100.0
e7a50709a757be587dcbe7333b361c0098f105dedff8292043524e3dbe8aa828,3.5__Pendulum-v1__next-state__H20,Pendulum-v1,next-state,20,1,2,True,1,0,0,0.0
0ad89993760dbf3b3e70b0c09fda5441956fc9523464bff71a18369be2f7cc5b,3.5__Pendulum-v1__next-state__H20,Pendulum-v1,next-state,20,2,0,True,1,2,1,0.0
0ad89993760dbf3b3e70b0c09fda5441956fc9523464bff71a18369be2f7cc5b,3.5__Pendulum-v1__next-state__H20,Pendulum-v1,next-state,20,2,1,True,0,1,1,0.0
0ad89993760dbf3b3e70b0c09fda5441956fc9523464bff71a18369be2f7cc5b,3.5__Pendulum-v1__next-state__H20,Pendulum-v1,next-state,20,2,2,True,1,1,1,100.0
52b36559ae70edb538154462ac13fb8b432bc8c941d6d1d578a39952db206076,3.5__Pendulum-v1__next-state__H20,Pendulum-v1,next-state,20,3,0,True,0,0,0,100.0
52b36559ae70edb538154462ac13fb8b432bc8c941d6d1d578a39952db206076,3.5__Pendulum-v1__next-state__H20,Pendulum-v1,next-state,20,3,1,True,0,0,0,100.0
52b36559ae70edb538154462ac13fb8b432bc8c941d6d1d578a39952db206076,3.5__Pendulum-v1__next-state__H20,Pendulum-v1,next-state,20,3,2,True,1,0,0,0.0
259494cebf647b65d102890980385dc5b37063accd44195b253c80c6682e2950,3.5__Pendulum-v1__next-state__H20,Pendulum-v1,next-state,20,4,0,False,,2,1,
259494cebf647b65d102890980385dc5b37063accd44195b253c80c6682e2950,3.5__Pendulum-v1__next-state__H20,Pendulum-v1,next-state,20,4,1,False,,1,1,
259494cebf647b65d102890980385dc5b37063accd44195b253c80c6682e2950,3.5__Pendulum-v1__next-state__H20,Pendulum-v1,next-state,20,4,2,False,,1,1,
c18f0e7145aec45ca3790e50c2bfcabf435b50cec4641c0e9bd9b916980c7cb9,3.5__Pendulum-v1__next-state__H20,Pendulum-v1,next-state,20,5,0,True,0,2,1,0.0
c18f0e7145aec45ca3790e50c2bfcabf435b50cec4641c0e9bd9b916980c7cb9,3.5__Pendulum-v1__next-state__H20,Pendulum-v1,next-state,20,5,1,True,0,1,1,0.0
c18f0e7145aec45ca3790e50c2bfcabf435b50cec4641c0e9bd9b916980c7cb9,3.5__Pendulum-v1__next-state__H20,Pendulum-v1,next-state,20,5,2,True,0,1,1,0.0
1607588e6d264264d9ccacdc51008c3d2c3fdad611057876f4cb11beec2104ca,3.5__Pendulum-v1__next-state__H20,Pendulum-v1,next-state,20,6,0,True,1,0,0,0.0
1607588e6d264264d9ccacdc51008c3d2c3fdad611057876f4cb11beec2104ca,3.5__Pendulum-v1__next-state__H20,Pendulum-v1,next-state,20,6,1,True,0,0,0,100.0
1607588e6d264264d9ccacdc51008c3d2c3fdad611057876f4cb11beec2104ca,3.5__Pendulum-v1__next-state__H20,Pendulum-v1,next-state,20,6,2,True,1,0,0,0.0
a96fc0252ded9fea3e66116c89d2c26a92256b0afe97333a27d328b68fea1835,3.5__Pendulum-v1__next-state__H20,Pendulum-v1,next-state,20,7,0,True,1,2,0,0.0
a96fc0252ded9fea3e66116c89d2c26a92256b0afe97333a27d328b68fea1835,3.5__Pendulum-v1__next-state__H20,Pendulum-v1,next-state,20,7,1,True,0,2,0,0.0
a96fc0252ded9fea3e66116c89d2c26a92256b0afe97333a27d328b68fea1835,3.5__Pendulum-v1__next-state__H20,Pendulum-v1,next-state,20,7,2,True,1,1,1,100.0
dc04f4d265136240638d9728d8d51848fbbe33b2fbb82266de1e5de505f272b9,3.5__Pendulum-v1__next-state__H20,Pendulum-v1,next-state,20,8,0,False,,1,1,
dc04f4d265136240638d9728d8d51848fbbe33b2fbb82266de1e5de505f272b9,3.5__Pendulum-v1__next-state__H20,Pendulum-v1,next-state,20,8,1,False,,1,1,
dc04f4d265136240638d9728d8d51848fbbe33b2fbb82266de1e5de505f272b9,3.5__Pendulum-v1__next-state__H20,Pendulum-v1,next-state,20,8,2,False,,1,1,
f41c533184c6c012365d20d3caadced3e23f39e3aebef5eb6878ee6a3241c7ea,3.5__Pendulum-v1__next-state__H20,Pendulum-v1,next-state,20,9,0,False,,0,0,
f41c533184c6c012365d20d3caadced3e23f39e3aebef5eb6878ee6a3241c7ea,3.5__Pendulum-v1__next-state__H20,Pendulum-v1,next-state,20,9,1,False,,0,0,
f41c533184c6c012365d20d3caadced3e23f39e3aebef5eb6878ee6a3241c7ea,3.5__Pendulum-v1__next-state__H20,Pendulum-v1,next-state,20,9,2,False,,0,0,
cce9e7763aece79e20c897a1e4257a02c456ecea5b82ea42c80b04dedead514d,3.5__Pendulum-v1__next-state__H20,Pendulum-v1,next-state,20,10,0,True,1,1,1,100.0
cce9e7763aece79e20c897a1e4257a02c456ecea5b82ea42c80b04dedead514d,3.5__Pendulum-v1__next-state__H20,Pendulum-v1,next-state,20,10,1,True,0,1,1,0.0
cce9e7763aece79e20c897a1e4257a02c456ecea5b82ea42c80b04dedead514d,3.5__Pendulum-v1__next-state__H20,Pendulum-v1,next-state,20,10,2,True,1,1,1,100.0
de42c5efde05a69f2e0f4c9ec3b0351b8819d9e0e858ceaa3a099347e5adeca4,3.5__Pendulum-v1__next-state__H20,Pendulum-v1,next-state,20,11,0,True,1,0,0,0.0
de42c5efde05a69f2e0f4c9ec3b0351b8819d9e0e858ceaa3a099347e5adeca4,3.5__Pendulum-v1__next-state__H20,Pendulum-v1,next-state,20,11,1,True,0,0,0,100.0
de42c5efde05a69f2e0f4c9ec3b0351b8819d9e0e858ceaa3a099347e5adeca4,3.5__Pendulum-v1__next-state__H20,Pendulum-v1,next-state,20,11,2,True,1,0,0,0.0
fe584deaab167a43af3a5f0816836cf76edd4dd48bca65002df8cb0853ddbf3a,3.5__Pendulum-v1__next-state__H20,Pendulum-v1,next-state,20,12,0,True,1,1,1,100.0
fe584deaab167a43af3a5f0816836cf76edd4dd48bca65002df8cb0853ddbf3a,3.5__Pendulum-v1__next-state__H20,Pendulum-v1,next-state,20,12,1,True,0,1,1,0.0
fe584deaab167a43af3a5f0816836cf76edd4dd48bca65002df8cb0853ddbf3a,3.5__Pendulum-v1__next-state__H20,Pendulum-v1,next-state,20,12,2,True,1,1,1,100.0
380fecaa8952cd595b38e1e78bfd77d9ba97588910fb923a5f8c29e758d083ac,3.5__Pendulum-v1__next-state__H20,Pendulum-v1,next-state,20,13,0,False,,0,0,
380fecaa8952cd595b38e1e78bfd77d9ba97588910fb923a5f8c29e758d083ac,3.5__Pendulum-v1__next-state__H20,Pendulum-v1,next-state,20,13,1,False,,0,0,
380fecaa8952cd595b38e1e78bfd77d9ba97588910fb923a5f8c29e758d083ac,3.5__Pendulum-v1__next-state__H20,Pendulum-v1,next-state,20,13,2,False,,0,0,
4b4e6e3bec2ebce3b6797d9e7100a9845d8743e5d23a6e31def703cdc731f5ef,3.5__Pendulum-v1__next-state__H20,Pendulum-v1,next-state,20,14,0,True,1,1,1,100.0
4b4e6e3bec2ebce3b6797d9e7100a9845d8743e5d23a6e31def703cdc731f5ef,3.5__Pendulum-v1__next-state__H20,Pendulum-v1,next-state,20,14,1,True,0,1,1,0.0
4b4e6e3bec2ebce3b6797d9e7100a9845d8743e5d23a6e31def703cdc731f5ef,3.5__Pendulum-v1__next-state__H20,Pendulum-v1,next-state,20,14,2,True,1,1,1,100.0
9364a857ac315f5e37971e9697ab7b263e44091596ba7f176db883a5959e8361,3.5__Pendulum-v1__next-state__H20,Pendulum-v1,next-state,20,15,0,True,0,1,1,0.0
9364a857ac315f5e37971e9697ab7b263e44091596ba7f176db883a5959e8361,3.5__Pendulum-v1__next-state__H20,Pendulum-v1,next-state,20,15,1,True,1,1,1,100.0
9364a857ac315f5e37971e9697ab7b263e44091596ba7f176db883a5959e8361,3.5__Pendulum-v1__next-state__H20,Pendulum-v1,next-state,20,15,2,True,1,0,0,0.0
4ed6607dfb4960ed9872e9edfdb28c8f1c905635ba13e3c1be6cd8519ca25a23,3.5__Pendulum-v1__next-state__H20,Pendulum-v1,next-state,20,16,0,True,0,0,0,100.0
4ed6607dfb4960ed9872e9edfdb28c8f1c905635ba13e3c1be6cd8519ca25a23,3.5__Pendulum-v1__next-state__H20,Pendulum-v1,next-state,20,16,1,True,1,0,0,0.0
4ed6607dfb4960ed9872e9edfdb28c8f1c905635ba13e3c1be6cd8519ca25a23,3.5__Pendulum-v1__next-state__H20,Pendulum-v1,next-state,20,16,2,True,1,0,0,0.0
ca10851e6db582cf45ba2e1c84e761f5e0f27b65a27adcc23ecd5b4807a63d7b,3.5__Pendulum-v1__next-state__H20,Pendulum-v1,next-state,20,17,0,True,1,1,1,100.0
ca10851e6db582cf45ba2e1c84e761f5e0f27b65a27adcc23ecd5b4807a63d7b,3.5__Pendulum-v1__next-state__H20,Pendulum-v1,next-state,20,17,1,True,0,1,1,0.0
ca10851e6db582cf45ba2e1c84e761f5e0f27b65a27adcc23ecd5b4807a63d7b,3.5__Pendulum-v1__next-state__H20,Pendulum-v1,next-state,20,17,2,True,1,1,1,100.0
659f7e2cc93d0255ce17f2cea8376bc8ff6901f216d7df2a41c880f884c84a8d,3.5__Pendulum-v1__next-state__H20,Pendulum-v1,next-state,20,18,0,True,1,0,0,0.0
659f7e2cc93d0255ce17f2cea8376bc8ff6901f216d7df2a41c880f884c84a8d,3.5__Pendulum-v1__next-state__H20,Pendulum-v1,next-state,20,18,1,True,0,0,0,100.0
659f7e2cc93d0255ce17f2cea8376bc8ff6901f216d7df2a41c880f884c84a8d,3.5__Pendulum-v1__next-state__H20,Pendulum-v1,next-state,20,18,2,True,1,0,0,0.0
5fc7389b053cebabae3f0359dfd18ffd7394785ef376c383450fad7a1ba791d6,3.5__Pendulum-v1__next-state__H20,Pendulum-v1,next-state,20,19,0,True,0,2,1,0.0
5fc7389b053cebabae3f0359dfd18ffd7394785ef376c383450fad7a1ba791d6,3.5__Pendulum-v1__next-state__H20,Pendulum-v1,next-state,20,19,1,True,1,1,1,100.0
5fc7389b053cebabae3f0359dfd18ffd7394785ef376c383450fad7a1ba791d6,3.5__Pendulum-v1__next-state__H20,Pendulum-v1,next-state,20,19,2,True,0,1,1,0.0
ebc501e5f86de815a2ad6f938b1c20d5c27c9f4b7a792139b590b4a026c9e236,3.5__Pendulum-v1__next-state__H20,Pendulum-v1,next-state,20,20,0,True,1,1,1,100.0
ebc501e5f86de815a2ad6f938b1c20d5c27c9f4b7a792139b590b4a026c9e236,3.5__Pendulum-v1__next-state__H20,Pendulum-v1,next-state,20,20,1,True,0,1,1,0.0
ebc501e5f86de815a2ad6f938b1c20d5c27c9f4b7a792139b590b4a026c9e236,3.5__Pendulum-v1__next-state__H20,Pendulum-v1,next-state,20,20,2,True,1,1,1,100.0
542eabca3ae1a610aba139a032b55dfe5275b3a2a24a8a8baeb76ab1faeed761,3.5__Pendulum-v1__next-state__H20,Pendulum-v1,next-state,20,21,0,True,1,1,1,100.0
542eabca3ae1a610aba139a032b55dfe5275b3a2a24a8a8baeb76ab1faeed761,3.5__Pendulum-v1__next-state__H20,Pendulum-v1,next-state,20,21,1,True,0,1,1,0.0
542eabca3ae1a610aba139a032b55dfe5275b3a2a24a8a8baeb76ab1faeed761,3.5__Pendulum-v1__next-state__H20,Pendulum-v1,next-state,20,21,2,True,1,1,1,100.0
1225765a465d581776aab86588a2de78b4fe83c8792a46f86a8a14509f73bc58,3.5__Pendulum-v1__next-state__H20,Pendulum-v1,next-state,20,22,0,True,1,1,1,100.0
1225765a465d581776aab86588a2de78b4fe83c8792a46f86a8a14509f73bc58,3.5__Pendulum-v1__next-state__H20,Pendulum-v1,next-state,20,22,1,True,0,1,1,0.0
1225765a465d581776aab86588a2de78b4fe83c8792a46f86a8a14509f73bc58,3.5__Pendulum-v1__next-state__H20,Pendulum-v1,next-state,20,22,2,True,1,1,1,100.0
56d4eb5d80c077ae25270b05bf74787bb5409d6ae31f8b5c25afd6f7cf757909,3.5__Pendulum-v1__next-state__H20,Pendulum-v1,next-state,20,23,0,True,1,1,1,100.0
56d4eb5d80c077ae25270b05bf74787bb5409d6ae31f8b5c25afd6f7cf757909,3.5__Pendulum-v1__next-state__H20,Pendulum-v1,next-state,20,23,1,True,0,1,1,0.0
56d4eb5d80c077ae25270b05bf74787bb5409d6ae31f8b5c25afd6f7cf757909,3.5__Pendulum-v1__next-state__H20,Pendulum-v1,next-state,20,23,2,True,1,0,0,0.0
a33f26e29f47f10d6c0fb89fa67fba1a4ca19c3a80e7b716f094821a01fa4e94,3.5__Pendulum-v1__next-state__H20,Pendulum-v1,next-state,20,24,0,True,1,0,0,0.0
a33f26e29f47f10d6c0fb89fa67fba1a4ca19c3a80e7b716f094821a01fa4e94,3.5__Pendulum-v1__next-state__H20,Pendulum-v1,next-state,20,24,1,True,0,0,0,100.0
a33f26e29f47f10d6c0fb89fa67fba1a4ca19c3a80e7b716f094821a01fa4e94,3.5__Pendulum-v1__next-state__H20,Pendulum-v1,next-state,20,24,2,True,1,0,0,0.0
66aabb90dbca43db7bebeccfbd76e78fa77de463863f314701f36ad2ed2993a9,3.5__Pendulum-v1__next-state__H20,Pendulum-v1,next-state,20,25,0,True,1,0,0,0.0
66aabb90dbca43db7bebeccfbd76e78fa77de463863f314701f36ad2ed2993a9,3.5__Pendulum-v1__next-state__H20,Pendulum-v1,next-state,20,25,1,True,0,0,0,100.0
66aabb90dbca43db7bebeccfbd76e78fa77de463863f314701f36ad2ed2993a9,3.5__Pendulum-v1__next-state__H20,Pendulum-v1,next-state,20,25,2,True,1,1,1,100.0
d382001f39b98655b3210181f411310265ca627dfde98e84ff7e6e48547a31ab,3.5__Pendulum-v1__next-state__H20,Pendulum-v1,next-state,20,26,0,True,1,0,0,0.0
d382001f39b98655b3210181f411310265ca627dfde98e84ff7e6e48547a31ab,3.5__Pendulum-v1__next-state__H20,Pendulum-v1,next-state,20,26,1,True,0,0,0,100.0
d382001f39b98655b3210181f411310265ca627dfde98e84ff7e6e48547a31ab,3.5__Pendulum-v1__next-state__H20,Pendulum-v1,next-state,20,26,2,True,0,0,0,100.0
c28a7131b8efe8e17381fab59f3e09aea73d070c6c62f648712e58c8d79bcf2a,3.5__Pendulum-v1__next-state__H20,Pendulum-v1,next-state,20,27,0,True,1,0,0,0.0
c28a7131b8efe8e17381fab59f3e09aea73d070c6c62f648712e58c8d79bcf2a,3.5__Pendulum-v1__next-state__H20,Pendulum-v1,next-state,20,27,1,True,0,0,0,100.0
c28a7131b8efe8e17381fab59f3e09aea73d070c6c62f648712e58c8d79bcf2a,3.5__Pendulum-v1__next-state__H20,Pendulum-v1,next-state,20,27,2,True,1,1,1,100.0
82dace8deb2967aa43db0f0f6de7f854605755192b20570fc090d0b5bd4948db,3.5__Pendulum-v1__next-state__H20,Pendulum-v1,next-state,20,28,0,True,1,2,1,0.0
82dace8deb2967aa43db0f0f6de7f854605755192b20570fc090d0b5bd4948db,3.5__Pendulum-v1__next-state__H20,Pendulum-v1,next-state,20,28,1,True,0,1,1,0.0
82dace8deb2967aa43db0f0f6de7f854605755192b20570fc090d0b5bd4948db,3.5__Pendulum-v1__next-state__H20,Pendulum-v1,next-state,20,28,2,True,1,1,1,100.0
f58f845037471866a6932427be5192beb67332c0b6d86b31da2cd3b85b4183ec,3.5__Pendulum-v1__next-state__H20,Pendulum-v1,next-state,20,29,0,True,0,0,0,100.0
f58f845037471866a6932427be5192beb67332c0b6d86b31da2cd3b85b4183ec,3.5__Pendulum-v1__next-state__H20,Pendulum-v1,next-state,20,29,1,True,1,0,0,0.0
f58f845037471866a6932427be5192beb67332c0b6d86b31da2cd3b85b4183ec,3.5__Pendulum-v1__next-state__H20,Pendulum-v1,next-state,20,29,2,True,1,0,0,0.0
5d760d1512c615bf3922af6021c3cd212453cd23bc53276990fe229ff4e144f1,3.5__Pendulum-v1__next-state__H30,Pendulum-v1,next-state,30,0,0,True,0,1,1,0.0
5d760d1512c615bf3922af6021c3cd212453cd23bc53276990fe229ff4e144f1,3.5__Pendulum-v1__next-state__H30,Pendulum-v1,next-state,30,0,1,True,1,1,1,100.0
5d760d1512c615bf3922af6021c3cd212453cd23bc53276990fe229ff4e144f1,3.5__Pendulum-v1__next-state__H30,Pendulum-v1,next-state,30,0,2,True,0,1,1,0.0
04a9aac5270ee7a0b9c03888995d0526e4a4bd200fb6065872c0a14269c07b78,3.5__Pendulum-v1__next-state__H30,Pendulum-v1,next-state,30,1,0,True,1,0,0,0.0
04a9aac5270ee7a0b9c03888995d0526e4a4bd200fb6065872c0a14269c07b78,3.5__Pendulum-v1__next-state__H30,Pendulum-v1,next-state,30,1,1,True,0,0,0,100.0
04a9aac5270ee7a0b9c03888995d0526e4a4bd200fb6065872c0a14269c07b78,3.5__Pendulum-v1__next-state__H30,Pendulum-v1,next-state,30,1,2,True,0,0,0,100.0
56779d9f985324968b827e3f283624e9ef781c5560e2c55738dd5327432eb08e,3.5__Pendulum-v1__next-state__H30,Pendulum-v1,next-state,30,2,0,True,1,1,1,100.0
56779d9f985324968b827e3f283624e9ef781c5560e2c55738dd5327432eb08e,3.5__Pendulum-v1__next-state__H30,Pendulum-v1,next-state,30,2,1,True,0,1,1,0.0
56779d9f985324968b827e3f283624e9ef781c5560e2c55738dd5327432eb08e,3.5__Pendulum-v1__next-state__H30,Pendulum-v1,next-state,30,2,2,True,1,1,1,100.0
f81bb0d8c754eb6810f8f7c4f9919aeb763042049b8b5d81acf9310e467af4b2,3.5__Pendulum-v1__next-state__H30,Pendulum-v1,next-state,30,3,0,True,1,0,0,0.0
f81bb0d8c754eb6810f8f7c4f9919aeb763042049b8b5d81acf9310e467af4b2,3.5__Pendulum-v1__next-state__H30,Pendulum-v1,next-state,30,3,1,True,0,0,0,100.0
f81bb0d8c754eb6810f8f7c4f9919aeb763042049b8b5d81acf9310e467af4b2,3.5__Pendulum-v1__next-state__H30,Pendulum-v1,next-state,30,3,2,True,0,0,0,100.0
0c96e00c3c5e5b395c76ca6a19131780eb75e20363aa87cd3a2bdd509e63ed53,3.5__Pendulum-v1__next-state__H30,Pendulum-v1,next-state,30,4,0,True,1,1,1,100.0
0c96e00c3c5e5b395c76ca6a19131780eb75e20363aa87cd3a2bdd509e63ed53,3.5__Pendulum-v1__next-state__H30,Pendulum-v1,next-state,30,4,1,True,0,1,1,0.0
0c96e00c3c5e5b395c76ca6a19131780eb75e20363aa87cd3a2bdd509e63ed53,3.5__Pendulum-v1__next-state__H30,Pendulum-v1,next-state,30,4,2,True,1,1,1,100.0
a22ef766cc741ff25da16d5057addbf1d7fcc4312874a62146c46cd5ba258cfb,3.5__Pendulum-v1__next-state__H30,Pendulum-v1,next-state,30,5,0,True,1,1,1,100.0
a22ef766cc741ff25da16d5057addbf1d7fcc4312874a62146c46cd5ba258cfb,3.5__Pendulum-v1__next-state__H30,Pendulum-v1,next-state,30,5,1,True,0,1,1,0.0
a22ef766cc741ff25da16d5057addbf1d7fcc4312874a62146c46cd5ba258cfb,3.5__Pendulum-v1__next-state__H30,Pendulum-v1,next-state,30,5,2,True,1,0,0,0.0
3388dcbd4e4cc40888d95b7a5c2ca8ede20bf360fa605795847cda607d125d30,3.5__Pendulum-v1__next-state__H30,Pendulum-v1,next-state,30,6,0,True,1,0,0,0.0
3388dcbd4e4cc40888d95b7a5c2ca8ede20bf360fa605795847cda607d125d30,3.5__Pendulum-v1__next-state__H30,Pendulum-v1,next-state,30,6,1,True,0,0,0,100.0
3388dcbd4e4cc40888d95b7a5c2ca8ede20bf360fa605795847cda607d125d30,3.5__Pendulum-v1__next-state__H30,Pendulum-v1,next-state,30,6,2,True,1,0,0,0.0
91c7c75610fe9295a371bcc663dc6e52c56fa07a25df8aeace8d03cf94c8dac3,3.5__Pendulum-v1__next-state__H30,Pendulum-v1,next-state,30,7,0,False,,1,1,
91c7c75610fe9295a371bcc663dc6e52c56fa07a25df8aeace8d03cf94c8dac3,3.5__Pendulum-v1__next-state__H30,Pendulum-v1,next-state,30,7,1,False,,1,1,
91c7c75610fe9295a371bcc663dc6e52c56fa07a25df8aeace8d03cf94c8dac3,3.5__Pendulum-v1__next-state__H30,Pendulum-v1,next-state,30,7,2,False,,1,1,
df9a164ab3eb1887bf3045ca84a09b119c1c29c86653f2d9fd296d9f227dabe0,3.5__Pendulum-v1__next-state__H30,Pendulum-v1,next-state,30,8,0,True,1,0,0,0.0
df9a164ab3eb1887bf3045ca84a09b119c1c29c86653f2d9fd296d9f227dabe0,3.5__Pendulum-v1__next-state__H30,Pendulum-v1,next-state,30,8,1,True,0,0,0,100.0
df9a164ab3eb1887bf3045ca84a09b119c1c29c86653f2d9fd296d9f227dabe0,3.5__Pendulum-v1__next-state__H30,Pendulum-v1,next-state,30,8,2,True,1,0,0,0.0
cb58180eb730511b28aa26a91748e7e4ef7480ccf7da7182c51cb5f1b11a8280,3.5__Pendulum-v1__next-state__H30,Pendulum-v1,next-state,30,9,0,True,1,2,1,0.0
cb58180eb730511b28aa26a91748e7e4ef7480ccf7da7182c51cb5f1b11a8280,3.5__Pendulum-v1__next-state__H30,Pendulum-v1,next-state,30,9,1,True,0,1,1,0.0
cb58180eb730511b28aa26a91748e7e4ef7480ccf7da7182c51cb5f1b11a8280,3.5__Pendulum-v1__next-state__H30,Pendulum-v1,next-state,30,9,2,True,1,1,1,100.0
93a31abe0281cb418d33ed63211c76d3d3e41f29952f6c145f18dec1fb805b1e,3.5__Pendulum-v1__next-state__H30,Pendulum-v1,next-state,30,10,0,True,1,1,1,100.0
93a31abe0281cb418d33ed63211c76d3d3e41f29952f6c145f18dec1fb805b1e,3.5__Pendulum-v1__next-state__H30,Pendulum-v1,next-state,30,10,1,True,0,1,1,0.0
93a31abe0281cb418d33ed63211c76d3d3e41f29952f6c145f18dec1fb805b1e,3.5__Pendulum-v1__next-state__H30,Pendulum-v1,next-state,30,10,2,True,0,1,1,0.0
3301723671d11f916c44b1407eefa5996378b408f73a4ece21fd9a2ed92ec39a,3.5__Pendulum-v1__next-state__H30,Pendulum-v1,next-state,30,11,0,True,1,1,1,100.0
3301723671d11f916c44b1407eefa5996378b408f73a4ece21fd9a2ed92ec39a,3.5__Pendulum-v1__next-state__H30,Pendulum-v1,next-state,30,11,1,True,0,1,1,0.0
3301723671d11f916c44b1407eefa5996378b408f73a4ece21fd9a2ed92ec39a,3.5__Pendulum-v1__next-state__H30,Pendulum-v1,next-state,30,11,2,True,1,1,1,100.0
0d97fd0df28f038831563f204ad10b8473cbc5911b428cf9cc76ddf94a233277,3.5__Pendulum-v1__next-state__H30,Pendulum-v1,next-state,30,12,0,True,1,1,1,100.0
0d97fd0df28f038831563f204ad10b8473cbc5911b428cf9cc76ddf94a233277,3.5__Pendulum-v1__next-state__H30,Pendulum-v1,next-state,30,12,1,True,0,1,1,0.0
0d97fd0df28f038831563f204ad10b8473cbc5911b428cf9cc76ddf94a233277,3.5__Pendulum-v1__next-state__H30,Pendulum-v1,next-state,30,12,2,True,1,1,1,100.0
0e7585b8a835d4eda95e361aafef5baa433e1143f7e5a7a5d9dbd035923d87e5,3.5__Pendulum-v1__next-state__H30,Pendulum-v1,next-state,30,13,0,True,1,1,1,100.0
0e7585b8a835d4eda95e361aafef5baa433e1143f7e5a7a5d9dbd035923d87e5,3.5__Pendulum-v1__next-state__H30,Pendulum-v1,next-state,30,13,1,True,0,1,1,0.0
0e7585b8a835d4eda95e361aafef5baa433e1143f7e5a7a5d9dbd035923d87e5,3.5__Pendulum-v1__next-state__H30,Pendulum-v1,next-state,30,13,2,True,1,0,0,0.0
cd8fcf3195c72d30ce0ece540b7e769eda5ef7abc8328a066456923bc3f568c8,3.5__Pendulum-v1__next-state__H30,Pendulum-v1,next-state,30,14,0,True,1,0,0,0.0
cd8fcf3195c72d30ce0ece540b7e769eda5ef7abc8328a066456923bc3f568c8,3.5__Pendulum-v1__next-state__H30,Pendulum-v1,next-state,30,14,1,True,0,0,0,100.0
cd8fcf3195c72d30ce0ece540b7e769eda5ef7abc8328a066456923bc3f568c8,3.5__Pendulum-v1__next-state__H30,Pendulum-v1,next-state,30,14,2,True,1,0,0,0.0
65846e0f3e1778e10e81c30d978226d2760b4aa1be3a8607b6d8357d736589b2,3.5__Pendulum-v1__next-state__H30,Pendulum-v1,next-state,30,15,0,True,1,0,0,0.0
65846e0f3e1778e10e81c30d978226d2760b4aa1be3a8607b6d8357d736589b2,3.5__Pendulum-v1__next-state__H30,Pendulum-v1,next-state,30,15,1,True,0,0,0,100.0
65846e0f3e1778e10e81c30d978226d2760b4aa1be3a8607b6d8357d736589b2,3.5__Pendulum-v1__next-state__H30,Pendulum-v1,next-state,30,15,2,True,0,1,1,0.0
580b0ef6d871ca9ca9698ffb89f304ad1e6d985f34c0b28ba43c8054ce074894,3.5__Pendulum-v1__next-state__H30,Pendulum-v1,next-state,30,16,0,True,0,0,0,100.0
580b0ef6d871ca9ca9698ffb89f304ad1e6d985f34c0b28ba43c8054ce074894,3.5__Pendulum-v1__next-state__H30,Pendulum-v1,next-state,30,16,1,True,0,0,0,100.0
580b0ef6d871ca9ca9698ffb89f304ad1e6d985f34c0b28ba43c8054ce074894,3.5__Pendulum-v1__next-state__H30,Pendulum-v1,next-state,30,16,2,True,1,0,0,0.0
a247c1afc907158e2a3a0894108d9188145d011c0efc9adbd85831adeadfdd6a,3.5__Pendulum-v1__next-state__H30,Pendulum-v1,next-state,30,17,0,True,1,0,0,0.0
a247c1afc907158e2a3a0894108d9188145d011c0efc9adbd85831adeadfdd6a,3.5__Pendulum-v1__next-state__H30,Pendulum-v1,next-state,30,17,1,True,0,0,0,100.0
a247c1afc907158e2a3a0894108d9188145d011c0efc9adbd85831adeadfdd6a,3.5__Pendulum-v1__next-state__H30,Pendulum-v1,next-state,30,17,2,True,1,1,1,100.0
3c2f2785915bf9013bf501a952141efa42455e41b63e7cfb24be4d164d48c84f,3.5__Pendulum-v1__next-state__H30,Pendulum-v1,next-state,30,18,0,True,1,2,1,0.0
3c2f2785915bf9013bf501a952141efa42455e41b63e7cfb24be4d164d48c84f,3.5__Pendulum-v1__next-state__H30,Pendulum-v1,next-state,30,18,1,True,0,1,1,0.0
3c2f2785915bf9013bf501a952141efa42455e41b63e7cfb24be4d164d48c84f,3.5__Pendulum-v1__next-state__H30,Pendulum-v1,next-state,30,18,2,True,1,1,1,100.0
9167b89662aac875a5b3351bf17c378ed43972a380c4e37e31503875f3ad8e1b,3.5__Pendulum-v1__next-state__H30,Pendulum-v1,next-state,30,19,0,True,0,0,0,100.0
9167b89662aac875a5b3351bf17c378ed43972a380c4e37e31503875f3ad8e1b,3.5__Pendulum-v1__next-state__H30,Pendulum-v1,next-state,30,19,1,True,1,0,0,0.0
9167b89662aac875a5b3351bf17c378ed43972a380c4e37e31503875f3ad8e1b,3.5__Pendulum-v1__next-state__H30,Pendulum-v1,next-state,30,19,2,True,0,0,0,100.0
f4f6f6b30bcb60c84c0b82dbbaa29fa43ac6bf97ca1109f68deddc6b052cb816,3.5__Pendulum-v1__next-state__H30,Pendulum-v1,next-state,30,20,0,True,1,2,1,0.0
f4f6f6b30bcb60c84c0b82dbbaa29fa43ac6bf97ca1109f68deddc6b052cb816,3.5__Pendulum-v1__next-state__H30,Pendulum-v1,next-state,30,20,1,True,0,1,1,0.0
f4f6f6b30bcb60c84c0b82dbbaa29fa43ac6bf97ca1109f68deddc6b052cb816,3.5__Pendulum-v1__next-state__H30,Pendulum-v1,next-state,30,20,2,True,1,1,1,100.0
e274996be233a26532ed21cddb9ba6ee5c5a63066dfff8866aca8e5a193f53ea,3.5__Pendulum-v1__next-state__H30,Pendulum-v1,next-state,30,21,0,True,1,2,1,0.0
e274996be233a26532ed21cddb9ba6ee5c5a63066dfff8866aca8e5a193f53ea,3.5__Pendulum-v1__next-state__H30,Pendulum-v1,next-state,30,21,1,True,0,1,1,0.0
e274996be233a26532ed21cddb9ba6ee5c5a63066dfff8866aca8e5a193f53ea,3.5__Pendulum-v1__next-state__H30,Pendulum-v1,next-state,30,21,2,True,1,0,0,0.0
71732fd01afd9f41d324419a69c3b4dfdd5ae66150d13dce3f4ba701a09edb2e,3.5__Pendulum-v1__next-state__H30,Pendulum-v1,next-state,30,22,0,True,1,2,0,0.0
71732fd01afd9f41d324419a69c3b4dfdd5ae66150d13dce3f4ba701a09edb2e,3.5__Pendulum-v1__next-state__H30,Pendulum-v1,next-state,30,22,1,True,0,0,0,100.0
71732fd01afd9f41d324419a69c3b4dfdd5ae66150d13dce3f4ba701a09edb2e,3.5__Pendulum-v1__next-state__H30,Pendulum-v1,next-state,30,22,2,True,1,0,0,0.0
9c596f5a52dc2a86169db02838d22a2ed6713d9274d3a3c06134f462bed778b4,3.5__Pendulum-v1__next-state__H30,Pendulum-v1,next-state,30,23,0,True,1,1,1,100.0
9c596f5a52dc2a86169db02838d22a2ed6713d9274d3a3c06134f462bed778b4,3.5__Pendulum-v1__next-state__H30,Pendulum-v1,next-state,30,23,1,True,0,1,1,0.0
9c596f5a52dc2a86169db02838d22a2ed6713d9274d3a3c06134f462bed778b4,3.5__Pendulum-v1__next-state__H30,Pendulum-v1,next-state,30,23,2,True,0,1,1,0.0
611d341a8510f3315108dd5400a1e52495f24721bc16d7200b4dd9c032b765ac,3.5__Pendulum-v1__next-state__H30,Pendulum-v1,next-state,30,24,0,True,0,0,0,100.0
611d341a8510f3315108dd5400a1e52495f24721bc16d7200b4dd9c032b765ac,3.5__Pendulum-v1__next-state__H30,Pendulum-v1,next-state,30,24,1,True,1,0,0,0.0
611d341a8510f3315108dd5400a1e52495f24721bc16d7200b4dd9c032b765ac,3.5__Pendulum-v1__next-state__H30,Pendulum-v1,next-state,30,24,2,True,0,0,0,100.0
19adf0bb1d1a801100f7ac7f4acae26d516e81030e4518ec801a061c4e2fbdc1,3.5__Pendulum-v1__next-state__H30,Pendulum-v1,next-state,30,25,0,True,0,1,1,0.0
19adf0bb1d1a801100f7ac7f4acae26d516e81030e4518ec801a061c4e2fbdc1,3.5__Pendulum-v1__next-state__H30,Pendulum-v1,next-state,30,25,1,True,1,1,1,100.0
19adf0bb1d1a801100f7ac7f4acae26d516e81030e4518ec801a061c4e2fbdc1,3.5__Pendulum-v1__next-state__H30,Pendulum-v1,next-state,30,25,2,True,0,1,1,0.0
ac0b66767cc86de69f661a6945ef4a6d0667cf0c6a12e9d9878f308db0720340,3.5__Pendulum-v1__next-state__H30,Pendulum-v1,next-state,30,26,0,True,1,0,0,0.0
ac0b66767cc86de69f661a6945ef4a6d0667cf0c6a12e9d9878f308db0720340,3.5__Pendulum-v1__next-state__H30,Pendulum-v1,next-state,30,26,1,True,0,0,0,100.0
ac0b66767cc86de69f661a6945ef4a6d0667cf0c6a12e9d9878f308db0720340,3.5__Pendulum-v1__next-state__H30,Pendulum-v1,next-state,30,26,2,True,1,0,0,0.0
36d5efa798f789226c71308929a038dbae54eb3d1d1f0351c62cb6e30e0ddbf9,3.5__Pendulum-v1__next-state__H30,Pendulum-v1,next-state,30,27,0,True,0,1,1,0.0
36d5efa798f789226c71308929a038dbae54eb3d1d1f0351c62cb6e30e0ddbf9,3.5__Pendulum-v1__next-state__H30,Pendulum-v1,next-state,30,27,1,True,1,1,1,100.0
36d5efa798f789226c71308929a038dbae54eb3d1d1f0351c62cb6e30e0ddbf9,3.5__Pendulum-v1__next-state__H30,Pendulum-v1,next-state,30,27,2,True,0,1,1,0.0
2b403b1caeb60b1aad866e85e556faf52e1ee35ee69cc1fb15c559110edc75a4,3.5__Pendulum-v1__next-state__H30,Pendulum-v1,next-state,30,28,0,True,1,2,1,0.0
2b403b1caeb60b1aad866e85e556faf52e1ee35ee69cc1fb15c559110edc75a4,3.5__Pendulum-v1__next-state__H30,Pendulum-v1,next-state,30,28,1,True,0,1,1,0.0
2b403b1caeb60b1aad866e85e556faf52e1ee35ee69cc1fb15c559110edc75a4,3.5__Pendulum-v1__next-state__H30,Pendulum-v1,next-state,30,28,2,True,1,0,0,0.0
64b645cebf0c126ab7d737901d12e8d6806a1c1608550ef6fa1c588b4d0567aa,3.5__Pendulum-v1__next-state__H30,Pendulum-v1,next-state,30,29,0,True,1,2,1,0.0
64b645cebf0c126ab7d737901d12e8d6806a1c1608550ef6fa1c588b4d0567aa,3.5__Pendulum-v1__next-state__H30,Pendulum-v1,next-state,30,29,1,True,0,1,1,0.0
64b645cebf0c126ab7d737901d12e8d6806a1c1608550ef6fa1c588b4d0567aa,3.5__Pendulum-v1__next-state__H30,Pendulum-v1,next-state,30,29,2,True,1,0,0,0.0
72611c3374d1b6f3782cbcf240c19b01539206d3d5f42f6ce87214bbeec608b2,3.5__Pendulum-v1__last-state__H5,Pendulum-v1,last-state,5,0,0,True,0,1,1,0.0
72611c3374d1b6f3782cbcf240c19b01539206d3d5f42f6ce87214bbeec608b2,3.5__Pendulum-v1__last-state__H5,Pendulum-v1,last-state,5,0,1,True,0,0,0,100.0
72611c3374d1b6f3782cbcf240c19b01539206d3d5f42f6ce87214bbeec608b2,3.5__Pendulum-v1__last-state__H5,Pendulum-v1,last-state,5,0,2,True,1,0,0,0.0
08d761001241f63b26df2eda5ed543fbb941f8aee9cabcdd03d1565d26ae4d9e,3.5__Pendulum-v1__last-state__H5,Pendulum-v1,last-state,5,1,0,True,0,1,1,0.0
08d761001241f63b26df2eda5ed543fbb941f8aee9cabcdd03d1565d26ae4d9e,3.5__Pendulum-v1__last-state__H5,Pendulum-v1,last-state,5,1,1,True,1,0,0,0.0
08d761001241f63b26df2eda5ed543fbb941f8aee9cabcdd03d1565d26ae4d9e,3.5__Pendulum-v1__last-state__H5,Pendulum-v1,last-state,5,1,2,True,0,0,0,100.0
571166f9b7481e626cfe8c7cc2cc49c9de3ac7b01db1b57e552a7e6be2368d7d,3.5__Pendulum-v1__last-state__H5,Pendulum-v1,last-state,5,2,0,True,0,1,1,0.0
571166f9b7481e626cfe8c7cc2cc49c9de3ac7b01db1b57e552a7e6be2368d7d,3.5__Pendulum-v1__last-state__H5,Pendulum-v1,last-state,5,2,1,True,1,0,0,0.0
571166f9b7481e626cfe8c7cc2cc49c9de3ac7b01db1b57e552a7e6be2368d7d,3.5__Pendulum-v1__last-state__H5,Pendulum-v1,last-state,5,2,2,True,0,0,0,100.0
67e6f12a2354de36a7ae799b09dc581b5aacc39dba6d2898283cd31cec3befcd,3.5__Pendulum-v1__last-state__H5,Pendulum-v1,last-state,5,3,0,True,0,1,1,0.0
67e6f12a2354de36a7ae799b09dc581b5aacc39dba6d2898283cd31cec3befcd,3.5__Pendulum-v1__last-state__H5,Pendulum-v1,last-state,5,3,1,True,1,0,0,0.0
67e6f12a2354de36a7ae799b09dc581b5aacc39dba6d2898283cd31cec3befcd,3.5__Pendulum-v1__last-state__H5,Pendulum-v1,last-state,5,3,2,True,0,0,0,100.0
9f46fa6dd3a7839cda3597f3ed0015e99fb827f99f2f0c283d395e3df7954cc3,3.5__Pendulum-v1__last-state__H5,Pendulum-v1,last-state,5,4,0,True,1,1,1,100.0
9f46fa6dd3a7839cda3597f3ed0015e99fb827f99f2f0c283d395e3df7954cc3,3.5__Pendulum-v1__last-state__H5,Pendulum-v1,last-state,5,4,1,True,0,0,0,100.0
9f46fa6dd3a7839cda3597f3ed0015e99fb827f99f2f0c283d395e3df7954cc3,3.5__Pendulum-v1__last-state__H5,Pendulum-v1,last-state,5,4,2,True,0,1,1,0.0
6774b749e4bd8df8a96c667c1d86ac39c727417716602331fa30bcc0d9626027,3.5__Pendulum-v1__last-state__H5,Pendulum-v1,last-state,5,5,0,True,1,2,1,0.0
6774b749e4bd8df8a96c667c1d86ac39c727417716602331fa30bcc0d9626027,3.5__Pendulum-v1__last-state__H5,Pendulum-v1,last-state,5,5,1,True,0,0,0,100.0
6774b749e4bd8df8a96c667c1d86ac39c727417716602331fa30bcc0d9626027,3.5__Pendulum-v1__last-state__H5,Pendulum-v1,last-state,5,5,2,True,0,1,1,0.0
f76266878a1c3824dec8864f4bb440d78eb3d132c56484f37008fdaecbef181f,3.5__Pendulum-v1__last-state__H5,Pendulum-v1,last-state,5,6,0,True,0,2,0,0.0
f76266878a1c3824dec8864f4bb440d78eb3d132c56484f37008fdaecbef181f,3.5__Pendulum-v1__last-state__H5,Pendulum-v1,last-state,5,6,1,True,1,0,0,0.0
f76266878a1c3824dec8864f4bb440d78eb3d132c56484f37008fdaecbef181f,3.5__Pendulum-v1__last-state__H5,Pendulum-v1,last-state,5,6,2,True,0,0,0,100.0
4a93705dc048a39278250b46083923a1d2b8ce86959486d33988e19d0fd84512,3.5__Pendulum-v1__last-state__H5,Pendulum-v1,last-state,5,7,0,True,1,2,0,0.0
4a93705dc048a39278250b46083923a1d2b8ce86959486d33988e19d0fd84512,3.5__Pendulum-v1__last-state__H5,Pendulum-v1,last-state,5,7,1,True,0,0,0,100.0
4a93705dc048a39278250b46083923a1d2b8ce86959486d33988e19d0fd84512,3.5__Pendulum-v1__last-state__H5,Pendulum-v1,last-state,5,7,2,True,1,1,1,100.0
cfe35bbcbb7ba57ea48de672a14209b59a169751cda8ff1d4d51241d6361070d,3.5__Pendulum-v1__last-state__H5,Pendulum-v1,last-state,5,8,0,True,0,0,0,100.0
cfe35bbcbb7ba57ea48de672a14209b59a169751cda8ff1d4d51241d6361070d,3.5__Pendulum-v1__last-state__H5,Pendulum-v1,last-state,5,8,1,True,0,0,0,100.0
cfe35bbcbb7ba57ea48de672a14209b59a169751cda8ff1d4d51241d6361070d,3.5__Pendulum-v1__last-state__H5,Pendulum-v1,last-state,5,8,2,True,1,0,0,0.0
dec16775d242d14715250e64ab4ae4ee8c4369bded71931665e03d5e3b01abaf,3.5__Pendulum-v1__last-state__H5,Pendulum-v1,last-state,5,9,0,True,1,2,0,0.0
dec16775d242d14715250e64ab4ae4ee8c4369bded71931665e03d5e3b01abaf,3.5__Pendulum-v1__last-state__H5,Pendulum-v1,last-state,5,9,1,True,0,0,0,100.0
dec16775d242d14715250e64ab4ae4ee8c4369bded71931665e03d5e3b01abaf,3.5__Pendulum-v1__last-state__H5,Pendulum-v1,last-state,5,9,2,True,1,1,1,100.0
960e67f662d2f51f2911a3d0c4bf9f624211106f9df3bb8c2702a88368817a0d,3.5__Pendulum-v1__last-state__H5,Pendulum-v1,last-state,5,10,0,True,0,0,0,100.0
960e67f662d2f51f2911a3d0c4bf9f624211106f9df3bb8c2702a88368817a0d,3.5__Pendulum-v1__last-state__H5,Pendulum-v1,last-state,5,10,1,True,1,0,0,0.0
960e67f662d2f51f2911a3d0c4bf9f624211106f9df3bb8c2702a88368817a0d,3.5__Pendulum-v1__last-state__H5,Pendulum-v1,last-state,5,10,2,True,0,0,0,100.0
e1c5984fbfdb185bf072d847520169881e70c2fc5f32427cdd6ac76cae5dfdca,3.5__Pendulum-v1__last-state__H5,Pendulum-v1,last-state,5,11,0,True,1,0,0,0.0
e1c5984fbfdb185bf072d847520169881e70c2fc5f32427cdd6ac76cae5dfdca,3.5__Pendulum-v1__last-state__H5,Pendulum-v1,last-state,5,11,1,True,0,0,0,100.0
e1c5984fbfdb185bf072d847520169881e70c2fc5f32427cdd6ac76cae5dfdca,3.5__Pendulum-v1__last-state__H5,Pendulum-v1,last-state,5,11,2,True,1,1,1,100.0
5929d7d8b1022fa87d6233207f4bbca934e1c89e0411d86f3ae09b888cf49f23,3.5__Pendulum-v1__last-state__H5,Pendulum-v1,last-state,5,12,0,True,1,0,0,0.0
5929d7d8b1022fa87d6233207f4bbca934e1c89e0411d86f3ae09b888cf49f23,3.5__Pendulum-v1__last-state__H5,Pendulum-v1,last-state,5,12,1,True,1,0,0,0.0
5929d7d8b1022fa87d6233207f4bbca934e1c89e0411d86f3ae09b888cf49f23,3.5__Pendulum-v1__last-state__H5,Pendulum-v1,last-state,5,12,2,True,0,0,0,100.0
021334cc082ed24f1470b0d86ad8666420508e0fbb39a08c66ceb702818d94e9,3.5__Pendulum-v1__last-state__H5,Pendulum-v1,last-state,5,13,0,True,0,0,0,100.0
021334cc082ed24f1470b0d86ad8666420508e0fbb39a08c66ceb702818d94e9,3.5__Pendulum-v1__last-state__H5,Pendulum-v1,last-state,5,13,1,True,1,0,0,0.0
021334cc082ed24f1470b0d86ad8666420508e0fbb39a08c66ceb702818d94e9,3.5__Pendulum-v1__last-state__H5,Pendulum-v1,last-state,5,13,2,True,0,1,1,0.0
2d71b4fe6c276cd3cca7864cf175aa880d4c546310283321fbe07d183adfce8d,3.5__Pendulum-v1__last-state__H5,Pendulum-v1,last-state,5,14,0,True,0,2,0,0.0
2d71b4fe6c276cd3cca7864cf175aa880d4c546310283321fbe07d183adfce8d,3.5__Pendulum-v1__last-state__H5,Pendulum-v1,last-state,5,14,1,True,1,1,1,100.0
2d71b4fe6c276cd3cca7864cf175aa880d4c546310283321fbe07d183adfce8d,3.5__Pendulum-v1__last-state__H5,Pendulum-v1,last-state,5,14,2,True,1,1,1,100.0
b427be03f978af44ddde7d5fe4caa642dc62ef473867724c6f988ab76e81269c,3.5__Pendulum-v1__last-state__H5,Pendulum-v1,last-state,5,15,0,True,0,2,0,0.0
b427be03f978af44ddde7d5fe4caa642dc62ef473867724c6f988ab76e81269c,3.5__Pendulum-v1__last-state__H5,Pendulum-v1,last-state,5,15,1,True,0,0,0,100.0
b427be03f978af44ddde7d5fe4caa642dc62ef473867724c6f988ab76e81269c,3.5__Pendulum-v1__last-state__H5,Pendulum-v1,last-state,5,15,2,True,1,0,0,0.0
efaac10a56476100a2906d0337f4cccc841d4212fb3d07bd1f4fc090457c60f1,3.5__Pendulum-v1__last-state__H5,Pendulum-v1,last-state,5,16,0,True,0,2,1,0.0
efaac10a56476100a2906d0337f4cccc841d4212fb3d07bd1f4fc090457c60f1,3.5__Pendulum-v1__last-state__H5,Pendulum-v1,last-state,5,16,1,True,1,1,1,100.0
efaac10a56476100a2906d0337f4cccc841d4212fb3d07bd1f4fc090457c60f1,3.5__Pendulum-v1__last-state__H5,Pendulum-v1,last-state,5,16,2,True,1,1,1,100.0
fc939cc379ab161e5f4f328b74ae89a87a98135ca30cb975eade416578f5dcba,3.5__Pendulum-v1__last-state__H5,Pendulum-v1,last-state,5,17,0,True,1,0,0,0.0
fc939cc379ab161e5f4f328b74ae89a87a98135ca30cb975eade416578f5dcba,3.5__Pendulum-v1__last-state__H5,Pendulum-v1,last-state,5,17,1,True,1,0,0,0.0
fc939cc379ab161e5f4f328b74ae89a87a98135ca30cb975eade416578f5dcba,3.5__Pendulum-v1__last-state__H5,Pendulum-v1,last-state,5,17,2,True,0,0,0,100.0
51fae3f34364fc2193f1706e9a3e381fd33637a939710cf96e1e437f28cf2064,3.5__Pendulum-v1__last-state__H5,Pendulum-v1,last-state,5,18,0,False,,2,1,
51fae3f34364fc2193f1706e9a3e381fd33637a939710cf96e1e437f28cf2064,3.5__Pendulum-v1__last-state__H5,Pendulum-v1,last-state,5,18,1,False,,1,1,
51fae3f34364fc2193f1706e9a3e381fd33637a939710cf96e1e437f28cf2064,3.5__Pendulum-v1__last-state__H5,Pendulum-v1,last-state,5,18,2,False,,1,1,
a279957e3aff88d35074926f94b9246b1b0cbd7227a104649bee16cb93466916,3.5__Pendulum-v1__last-state__H5,Pendulum-v1,last-state,5,19,0,True,0,2,1,0.0
a279957e3aff88d35074926f94b9246b1b0cbd7227a104649bee16cb93466916,3.5__Pendulum-v1__last-state__H5,Pendulum-v1,last-state,5,19,1,True,1,1,1,100.0
a279957e3aff88d35074926f94b9246b1b0cbd7227a104649bee16cb93466916,3.5__Pendulum-v1__last-state__H5,Pendulum-v1,last-state,5,19,2,True,0,1,1,0.0
e7876e3670c4ad20a489401320a269fb4a45729331dd1290a6ff53fbe1301747,3.5__Pendulum-v1__last-state__H5,Pendulum-v1,last-state,5,20,0,True,0,0,0,100.0
e7876e3670c4ad20a489401320a269fb4a45729331dd1290a6ff53fbe1301747,3.5__Pendulum-v1__last-state__H5,Pendulum-v1,last-state,5,20,1,True,1,0,0,0.0
e7876e3670c4ad20a489401320a269fb4a45729331dd1290a6ff53fbe1301747,3.5__Pendulum-v1__last-state__H5,Pendulum-v1,last-state,5,20,2,True,0,0,0,100.0
d71cc9594bbe2c3fa461412190dd77053b70a044dfe4a6bac07713d9fe691c23,3.5__Pendulum-v1__last-state__H5,Pendulum-v1,last-state,5,21,0,True,0,2,0,0.0
d71cc9594bbe2c3fa461412190dd77053b70a044dfe4a6bac07713d9fe691c23,3.5__Pendulum-v1__last-state__H5,Pendulum-v1,last-state,5,21,1,True,1,2,0,0.0
d71cc9594bbe2c3fa461412190dd77053b70a044dfe4a6bac07713d9fe691c23,3.5__Pendulum-v1__last-state__H5,Pendulum-v1,last-state,5,21,2,True,0,1,1,0.0
2772cdde35acdd5b43826bab768c77f78584b278e0ccef65d0fdb84d1f39baaf,3.5__Pendulum-v1__last-state__H5,Pendulum-v1,last-state,5,22,0,True,0,1,1,0.0
2772cdde35acdd5b43826bab768c77f78584b278e0ccef65d0fdb84d1f39baaf,3.5__Pendulum-v1__last-state__H5,Pendulum-v1,last-state,5,22,1,True,1,1,1,100.0
2772cdde35acdd5b43826bab768c77f78584b278e0ccef65d0fdb84d1f39baaf,3.5__Pendulum-v1__last-state__H5,Pendulum-v1,last-state,5,22,2,True,0,1,1,0.0
498c01339a55c7f007dc2035db99771a4c710b6aaf4af33cc139fd83c43a7045,3.5__Pendulum-v1__last-state__H5,Pendulum-v1,last-state,5,23,0,True,0,0,0,100.0
498c01339a55c7f007dc2035db99771a4c710b6aaf4af33cc139fd83c43a7045,3.5__Pendulum-v1__last-state__H5,Pendulum-v1,last-state,5,23,1,True,1,0,0,0.0
498c01339a55c7f007dc2035db99771a4c710b6aaf4af33cc139fd83c43a7045,3.5__Pendulum-v1__last-state__H5,Pendulum-v1,last-state,5,23,2,True,1,0,0,0.0
c9d0fe44a7a0b0d6088b23369c6b3d81fff042b062ef75b4aad1df783fbf95bc,3.5__Pendulum-v1__last-state__H5,Pendulum-v1,last-state,5,24,0,True,1,1,1,100.0
c9d0fe44a7a0b0d6088b23369c6b3d81fff042b062ef75b4aad1df783fbf95bc,3.5__Pendulum-v1__last-state__H5,Pendulum-v1,last-state,5,24,1,True,0,1,1,0.0
c9d0fe44a7a0b0d6088b23369c6b3d81fff042b062ef75b4aad1df783fbf95bc,3.5__Pendulum-v1__last-state__H5,Pendulum-v1,last-state,5,24,2,True,1,1,1,100.0
7f63c2612a885b4017bdc01c46785698b60e011cd890c68314a9e129f2e1cb0f,3.5__Pendulum-v1__last-state__H5,Pendulum-v1,last-state,5,25,0,True,1,0,0,0.0
7f63c2612a885b4017bdc01c46785698b60e011cd890c68314a9e129f2e1cb0f,3.5__Pendulum-v1__last-state__H5,Pendulum-v1,last-state,5,25,1,True,0,0,0,100.0
7f63c2612a885b4017bdc01c46785698b60e011cd890c68314a9e129f2e1cb0f,3.5__Pendulum-v1__last-state__H5,Pendulum-v1,last-state,5,25,2,True,1,0,0,0.0
f41455d3bcb7b752608480688acf5148a13d1926543fb0b4833a8f37abbb16af,3.5__Pendulum-v1__last-state__H5,Pendulum-v1,last-state,5,26,0,True,1,1,1,100.0
f41455d3bcb7b752608480688acf5148a13d1926543fb0b4833a8f37abbb16af,3.5__Pendulum-v1__last-state__H5,Pendulum-v1,last-state,5,26,1,True,0,1,1,0.0
f41455d3bcb7b752608480688acf5148a13d1926543fb0b4833a8f37abbb16af,3.5__Pendulum-v1__last-state__H5,Pendulum-v1,last-state,5,26,2,True,1,1,1,100.0
a06bb8bcb2838f28c596e8205924c1d83e21c2635793fc3f6fb00cd5aa70aabc,3.5__Pendulum-v1__last-state__H5,Pendulum-v1,last-state,5,27,0,True,0,0,0,100.0
a06bb8bcb2838f28c596e8205924c1d83e21c2635793fc3f6fb00cd5aa70aabc,3.5__Pendulum-v1__last-state__H5,Pendulum-v1,last-state,5,27,1,True,1,0,0,0.0
a06bb8bcb2838f28c596e8205924c1d83e21c2635793fc3f6fb00cd5aa70aabc,3.5__Pendulum-v1__last-state__H5,Pendulum-v1,last-state,5,27,2,True,0,0,0,100.0
096d60fc1fd0f5b18b5a47a0bad78c08f0f16551055cd1abaf6f320ad8b325bc,3.5__Pendulum-v1__last-state__H5,Pendulum-v1,last-state,5,28,0,True,0,1,1,0.0
096d60fc1fd0f5b18b5a47a0bad78c08f0f16551055cd1abaf6f320ad8b325bc,3.5__Pendulum-v1__last-state__H5,Pendulum-v1,last-state,5,28,1,True,1,1,1,100.0
096d60fc1fd0f5b18b5a47a0bad78c08f0f16551055cd1abaf6f320ad8b325bc,3.5__Pendulum-v1__last-state__H5,Pendulum-v1,last-state,5,28,2,True,1,1,1,100.0
e048d98b14ed7feb9489165eaa003322a40f523dc9b19a226a296737574f6076,3.5__Pendulum-v1__last-state__H5,Pendulum-v1,last-state,5,29,0,True,1,1,1,100.0
e048d98b14ed7feb9489165eaa003322a40f523dc9b19a226a296737574f6076,3.5__Pendulum-v1__last-state__H5,Pendulum-v1,last-state,5,29,1,True,0,1,1,0.0
e048d98b14ed7feb9489165eaa003322a40f523dc9b19a226a296737574f6076,3.5__Pendulum-v1__last-state__H5,Pendulum-v1,last-state,5,29,2,True,1,0,0,0.0
0812ed166835795a571f80a357b97152209cabfe07818670bd28d53fe1705dad,3.5__Pendulum-v1__last-state__H10,Pendulum-v1,last-state,10,0,0,True,0,2,1,0.0
0812ed166835795a571f80a357b97152209cabfe07818670bd28d53fe1705dad,3.5__Pendulum-v1__last-state__H10,Pendulum-v1,last-state,10,0,1,True,1,0,0,0.0
0812ed166835795a571f80a357b97152209cabfe07818670bd28d53fe1705dad,3.5__Pendulum-v1__last-state__H10,Pendulum-v1,last-state,10,0,2,True,1,1,1,100.0
7be9d9e116939b9096554913a22714cd9a0961ed8928feaa295ee8e24111415b,3.5__Pendulum-v1__last-state__H10,Pendulum-v1,last-state,10,1,0,True,1,2,0,0.0
7be9d9e116939b9096554913a22714cd9a0961ed8928feaa295ee8e24111415b,3.5__Pendulum-v1__last-state__H10,Pendulum-v1,last-state,10,1,1,True,0,0,0,100.0
7be9d9e116939b9096554913a22714cd9a0961ed8928feaa295ee8e24111415b,3.5__Pendulum-v1__last-state__H10,Pendulum-v1,last-state,10,1,2,True,0,0,0,100.0
6c9475cf67291bdc3a97b446c34a7fd5cc2d8093d8306337d19a1922f46eba36,3.5__Pendulum-v1__last-state__H10,Pendulum-v1,last-state,10,2,0,True,1,2,0,0.0
6c9475cf67291bdc3a97b446c34a7fd5cc2d8093d8306337d19a1922f46eba36,3.5__Pendulum-v1__last-state__H10,Pendulum-v1,last-state,10,2,1,True,0,0,0,100.0
6c9475cf67291bdc3a97b446c34a7fd5cc2d8093d8306337d19a1922f46eba36,3.5__Pendulum-v1__last-state__H10,Pendulum-v1,last-state,10,2,2,True,1,1,1,100.0
37070260ce569e19c65d347514538a7b6b9fdf0374b760410c9df5f53fbe1fd8,3.5__Pendulum-v1__last-state__H10,Pendulum-v1,last-state,10,3,0,False,,0,0,
37070260ce569e19c65d347514538a7b6b9fdf0374b760410c9df5f53fbe1fd8,3.5__Pendulum-v1__last-state__H10,Pendulum-v1,last-state,10,3,1,False,,0,0,
37070260ce569e19c65d347514538a7b6b9fdf0374b760410c9df5f53fbe1fd8,3.5__Pendulum-v1__last-state__H10,Pendulum-v1,last-state,10,3,2,False,,0,0,
9f5f38fe17bd60bd337aac84cbc702e02786fbcba8e3d4820c4a93d24dcd1fc3,3.5__Pendulum-v1__last-state__H10,Pendulum-v1,last-state,10,4,0,True,0,2,0,0.0
9f5f38fe17bd60bd337aac84cbc702e02786fbcba8e3d4820c4a93d24dcd1fc3,3.5__Pendulum-v1__last-state__H10,Pendulum-v1,last-state,10,4,1,True,1,0,0,0.0
9f5f38fe17bd60bd337aac84cbc702e02786fbcba8e3d4820c4a93d24dcd1fc3,3.5__Pendulum-v1__last-state__H10,Pendulum-v1,last-state,10,4,2,True,1,1,1,100.0
fe0df125cbfbd1e7374ad10007ce9d76aac19649e9203668dcf7a46ac486a2e5,3.5__Pendulum-v1__last-state__H10,Pendulum-v1,last-state,10,5,0,True,1,0,0,0.0
fe0df125cbfbd1e7374ad10007ce9d76aac19649e9203668dcf7a46ac486a2e5,3.5__Pendulum-v1__last-state__H10,Pendulum-v1,last-state,10,5,1,True,0,0,0,100.0
fe0df125cbfbd1e7374ad10007ce9d76aac19649e9203668dcf7a46ac486a2e5,3.5__Pendulum-v1__last-state__H10,Pendulum-v1,last-state,10,5,2,True,1,0,0,0.0
50bb165b17959f69dc2d51ff2e2e0042b59f200421f0d911703cc3b8fb80f5f3,3.5__Pendulum-v1__last-state__H10,Pendulum-v1,last-state,10,6,0,True,0,0,0,100.0
50bb165b17959f69dc2d51ff2e2e0042b59f200421f0d911703cc3b8fb80f5f3,3.5__Pendulum-v1__last-state__H10,Pendulum-v1,last-state,10,6,1,True,1,0,0,0.0
50bb165b17959f69dc2d51ff2e2e0042b59f200421f0d911703cc3b8fb80f5f3,3.5__Pendulum-v1__last-state__H10,Pendulum-v1,last-state,10,6,2,True,0,1,1,0.0
0d410996dd8f94d6f578012ba8217c4748b6a3484e55c97f31a74fbefcdb1edd,3.5__Pendulum-v1__last-state__H10,Pendulum-v1,last-state,10,7,0,True,1,0,0,0.0
0d410996dd8f94d6f578012ba8217c4748b6a3484e55c97f31a74fbefcdb1edd,3.5__Pendulum-v1__last-state__H10,Pendulum-v1,last-state,10,7,1,True,0,0,0,100.0
0d410996dd8f94d6f578012ba8217c4748b6a3484e55c97f31a74fbefcdb1edd,3.5__Pendulum-v1__last-state__H10,Pendulum-v1,last-state,10,7,2,True,1,0,0,0.0
12bc2b4ad335ce6f2fa8b155b2e06459fd84b41601d0e15b5f572c00159523c0,3.5__Pendulum-v1__last-state__H10,Pendulum-v1,last-state,10,8,0,False,,0,0,
12bc2b4ad335ce6f2fa8b155b2e06459fd84b41601d0e15b5f572c00159523c0,3.5__Pendulum-v1__last-state__H10,Pendulum-v1,last-state,10,8,1,False,,0,0,
12bc2b4ad335ce6f2fa8b155b2e06459fd84b41601d0e15b5f572c00159523c0,3.5__Pendulum-v1__last-state__H10,Pendulum-v1,last-state,10,8,2,False,,1,1,
3e1b2b1d6e68739ce79084164ecab9ab99da6d2b081fcae42b732e86aa1ef5f5,3.5__Pendulum-v1__last-state__H10,Pendulum-v1,last-state,10,9,0,True,1,2,0,0.0
3e1b2b1d6e68739ce79084164ecab9ab99da6d2b081fcae42b732e86aa1ef5f5,3.5__Pendulum-v1__last-state__H10,Pendulum-v1,last-state,10,9,1,True,0,1,1,0.0
3e1b2b1d6e68739ce79084164ecab9ab99da6d2b081fcae42b732e86aa1ef5f5,3.5__Pendulum-v1__last-state__H10,Pendulum-v1,last-state,10,9,2,True,1,1,1,100.0
3ed38c155ec62df00c924c91308c7a8a77dda903e4df6d4ce9fa702a7501cbe8,3.5__Pendulum-v1__last-state__H10,Pendulum-v1,last-state,10,10,0,True,1,2,0,0.0
3ed38c155ec62df00c924c91308c7a8a77dda903e4df6d4ce9fa702a7501cbe8,3.5__Pendulum-v1__last-state__H10,Pendulum-v1,last-state,10,10,1,True,0,0,0,100.0
3ed38c155ec62df00c924c91308c7a8a77dda903e4df6d4ce9fa702a7501cbe8,3.5__Pendulum-v1__last-state__H10,Pendulum-v1,last-state,10,10,2,True,1,0,0,0.0
51d3bc5e01453e33113dbbfc3042bbd9658985fe1185c3fa0df1bab6b2bc4e4c,3.5__Pendulum-v1__last-state__H10,Pendulum-v1,last-state,10,11,0,True,1,2,1,0.0
51d3bc5e01453e33113dbbfc3042bbd9658985fe1185c3fa0df1bab6b2bc4e4c,3.5__Pendulum-v1__last-state__H10,Pendulum-v1,last-state,10,11,1,True,0,1,1,0.0
51d3bc5e01453e33113dbbfc3042bbd9658985fe1185c3fa0df1bab6b2bc4e4c,3.5__Pendulum-v1__last-state__H10,Pendulum-v1,last-state,10,11,2,True,1,1,1,100.0
71a8ee2a307c5c2f7f66ef9ea7f48a32ad03e6424516dcd4bcbc02f5adb7e739,3.5__Pendulum-v1__last-state__H10,Pendulum-v1,last-state,10,12,0,True,1,0,0,0.0
71a8ee2a307c5c2f7f66ef9ea7f48a32ad03e6424516dcd4bcbc02f5adb7e739,3.5__Pendulum-v1__last-state__H10,Pendulum-v1,last-state,10,12,1,True,1,0,0,0.0
71a8ee2a307c5c2f7f66ef9ea7f48a32ad03e6424516dcd4bcbc02f5adb7e739,3.5__Pendulum-v1__last-state__H10,Pendulum-v1,last-state,10,12,2,True,0,0,0,100.0
b7e04bfaf3292bd08a88817da4ff34a827bfc3f1ca08b0494cc2a03ee3e57e7b,3.5__Pendulum-v1__last-state__H10,Pendulum-v1,last-state,10,13,0,True,1,2,1,0.0
b7e04bfaf3292bd08a88817da4ff34a827bfc3f1ca08b0494cc2a03ee3e57e7b,3.5__Pendulum-v1__last-state__H10,Pendulum-v1,last-state,10,13,1,True,1,1,1,100.0
b7e04bfaf3292bd08a88817da4ff34a827bfc3f1ca08b0494cc2a03ee3e57e7b,3.5__Pendulum-v1__last-state__H10,Pendulum-v1,last-state,10,13,2,True,0,1,1,0.0
9a99a78d8cb9b482948fd82532283ba1aaca12cdbbce065a683aad19472ce414,3.5__Pendulum-v1__last-state__H10,Pendulum-v1,last-state,10,14,0,True,1,2,1,0.0
9a99a78d8cb9b482948fd82532283ba1aaca12cdbbce065a683aad19472ce414,3.5__Pendulum-v1__last-state__H10,Pendulum-v1,last-state,10,14,1,True,0,1,1,0.0
9a99a78d8cb9b482948fd82532283ba1aaca12cdbbce065a683aad19472ce414,3.5__Pendulum-v1__last-state__H10,Pendulum-v1,last-state,10,14,2,True,1,1,1,100.0
d47b03a0dad3cc62779add8c360f9ce1370a60b0a814243c62f14bf260b0b15b,3.5__Pendulum-v1__last-state__H10,Pendulum-v1,last-state,10,15,0,True,0,0,0,100.0
d47b03a0dad3cc62779add8c360f9ce1370a60b0a814243c62f14bf260b0b15b,3.5__Pendulum-v1__last-state__H10,Pendulum-v1,last-state,10,15,1,True,1,0,0,0.0
d47b03a0dad3cc62779add8c360f9ce1370a60b0a814243c62f14bf260b0b15b,3.5__Pendulum-v1__last-state__H10,Pendulum-v1,last-state,10,15,2,True,0,0,0,100.0
4bcbe0924fcc40b7786c7b84ac73722987f93ec433a66ae868e0ec8459a9e7bc,3.5__Pendulum-v1__last-state__H10,Pendulum-v1,last-state,10,16,0,True,0,2,0,0.0
4bcbe0924fcc40b7786c7b84ac73722987f93ec433a66ae868e0ec8459a9e7bc,3.5__Pendulum-v1__last-state__H10,Pendulum-v1,last-state,10,16,1,True,0,2,0,0.0
4bcbe0924fcc40b7786c7b84ac73722987f93ec433a66ae868e0ec8459a9e7bc,3.5__Pendulum-v1__last-state__H10,Pendulum-v1,last-state,10,16,2,True,0,1,1,0.0
6d3adba7933290f44635266d1a5a7df67269288573cdea91cd0969f834c1deea,3.5__Pendulum-v1__last-state__H10,Pendulum-v1,last-state,10,17,0,True,1,1,1,100.0
6d3adba7933290f44635266d1a5a7df67269288573cdea91cd0969f834c1deea,3.5__Pendulum-v1__last-state__H10,Pendulum-v1,last-state,10,17,1,True,0,1,1,0.0
6d3adba7933290f44635266d1a5a7df67269288573cdea91cd0969f834c1deea,3.5__Pendulum-v1__last-state__H10,Pendulum-v1,last-state,10,17,2,True,1,1,1,100.0
853005dbb93fa7dcf0160e14f404337d9ff69dd67c04a5fb023f3b21304ba7a2,3.5__Pendulum-v1__last-state__H10,Pendulum-v1,last-state,10,18,0,True,0,0,0,100.0
853005dbb93fa7dcf0160e14f404337d9ff69dd67c04a5fb023f3b21304ba7a2,3.5__Pendulum-v1__last-state__H10,Pendulum-v1,last-state,10,18,1,True,1,0,0,0.0
853005dbb93fa7dcf0160e14f404337d9ff69dd67c04a5fb023f3b21304ba7a2,3.5__Pendulum-v1__last-state__H10,Pendulum-v1,last-state,10,18,2,True,0,0,0,100.0
446eae96afe6f918faa7bc37cfc606293dba2d67473200353b8243015d69ab79,3.5__Pendulum-v1__last-state__H10,Pendulum-v1,last-state,10,19,0,True,0,1,1,0.0
446eae96afe6f918faa7bc37cfc606293dba2d67473200353b8243015d69ab79,3.5__Pendulum-v1__last-state__H10,Pendulum-v1,last-state,10,19,1,True,1,1,1,100.0
446eae96afe6f918faa7bc37cfc606293dba2d67473200353b8243015d69ab79,3.5__Pendulum-v1__last-state__H10,Pendulum-v1,last-state,10,19,2,True,1,1,1,100.0
f3dda54b2aa3be965e19929d55a7556ba4d47c52e48e42fb169a8bfd1dbdb45d,3.5__Pendulum-v1__last-state__H10,Pendulum-v1,last-state,10,20,0,True,0,0,0,100.0
f3dda54b2aa3be965e19929d55a7556ba4d47c52e48e42fb169a8bfd1dbdb45d,3.5__Pendulum-v1__last-state__H10,Pendulum-v1,last-state,10,20,1,True,0,0,0,100.0
f3dda54b2aa3be965e19929d55a7556ba4d47c52e48e42fb169a8bfd1dbdb45d,3.5__Pendulum-v1__last-state__H10,Pendulum-v1,last-state,10,20,2,True,1,0,0,0.0
dcb934dc7fd53b2a382fe1d527e189e0a6ea457d848e0f8693c967dbf5365a8c,3.5__Pendulum-v1__last-state__H10,Pendulum-v1,last-state,10,21,0,True,0,1,1,0.0
dcb934dc7fd53b2a382fe1d527e189e0a6ea457d848e0f8693c967dbf5365a8c,3.5__Pendulum-v1__last-state__H10,Pendulum-v1,last-state,10,21,1,True,1,1,1,100.0
dcb934dc7fd53b2a382fe1d527e189e0a6ea457d848e0f8693c967dbf5365a8c,3.5__Pendulum-v1__last-state__H10,Pendulum-v1,last-state,10,21,2,True,1,1,1,100.0
43c22db07c0f40da1052b1a0d7d4e7c1c2f3fc252361a3f6c745328732deeedf,3.5__Pendulum-v1__last-state__H10,Pendulum-v1,last-state,10,22,0,True,0,0,0,100.0
43c22db07c0f40da1052b1a0d7d4e7c1c2f3fc252361a3f6c745328732deeedf,3.5__Pendulum-v1__last-state__H10,Pendulum-v1,last-state,10,22,1,True,1,0,0,0.0
43c22db07c0f40da1052b1a0d7d4e7c1c2f3fc252361a3f6c745328732deeedf,3.5__Pendulum-v1__last-state__H10,Pendulum-v1,last-state,10,22,2,True,1,0,0,0.0
cf61adc50bcbd514f545de79f3c0330c601b32c4142a58a2f175b9b7695a7aa6,3.5__Pendulum-v1__last-state__H10,Pendulum-v1,last-state,10,23,0,True,0,1,1,0.0
cf61adc50bcbd514f545de79f3c0330c601b32c4142a58a2f175b9b7695a7aa6,3.5__Pendulum-v1__last-state__H10,Pendulum-v1,last-state,10,23,1,True,0,1,1,0.0
cf61adc50bcbd514f545de79f3c0330c601b32c4142a58a2f175b9b7695a7aa6,3.5__Pendulum-v1__last-state__H10,Pendulum-v1,last-state,10,23,2,True,1,1,1,100.0
c7f8014861f53181ca9eee162d0d1bc4c653a47a9bcf3e5662b534f967c92898,3.5__Pendulum-v1__last-state__H10,Pendulum-v1,last-state,10,24,0,True,1,1,1,100.0
c7f8014861f53181ca9eee162d0d1bc4c653a47a9bcf3e5662b534f967c92898,3.5__Pendulum-v1__last-state__H10,Pendulum-v1,last-state,10,24,1,True,0,1,1,0.0
c7f8014861f53181ca9eee162d0d1bc4c653a47a9bcf3e5662b534f967c92898,3.5__Pendulum-v1__last-state__H10,Pendulum-v1,last-state,10,24,2,True,1,0,0,0.0
ce2be98e1f877ca374cbb07bd6e5308be518b5547b637f8c45c2ac8a35e2bece,3.5__Pendulum-v1__last-state__H10,Pendulum-v1,last-state,10,25,0,True,0,0,0,100.0
ce2be98e1f877ca374cbb07bd6e5308be518b5547b637f8c45c2ac8a35e2bece,3.5__Pendulum-v1__last-state__H10,Pendulum-v1,last-state,10,25,1,True,1,0,0,0.0
ce2be98e1f877ca374cbb07bd6e5308be518b5547b637f8c45c2ac8a35e2bece,3.5__Pendulum-v1__last-state__H10,Pendulum-v1,last-state,10,25,2,True,1,0,0,0.0
a53d5e7fa3643f86d0095cc642dedc7abe6917f61fa3838fce6e14fd6a4f87a5,3.5__Pendulum-v1__last-state__H10,Pendulum-v1,last-state,10,26,0,True,1,1,1,100.0
a53d5e7fa3643f86d0095cc642dedc7abe6917f61fa3838fce6e14fd6a4f87a5,3.5__Pendulum-v1__last-state__H10,Pendulum-v1,last-state,10,26,1,True,0,1,1,0.0
a53d5e7fa3643f86d0095cc642dedc7abe6917f61fa3838fce6e14fd6a4f87a5,3.5__Pendulum-v1__last-state__H10,Pendulum-v1,last-state,10,26,2,True,1,1,1,100.0
3700ef6533757b504e5eae804baebca41e09db4da3b5e3e3a9b52a519961e9ca,3.5__Pendulum-v1__last-state__H10,Pendulum-v1,last-state,10,27,0,True,0,0,0,100.0
3700ef6533757b504e5eae804baebca41e09db4da3b5e3e3a9b52a519961e9ca,3.5__Pendulum-v1__last-state__H10,Pendulum-v1,last-state,10,27,1,True,1,0,0,0.0
3700ef6533757b504e5eae804baebca41e09db4da3b5e3e3a9b52a519961e9ca,3.5__Pendulum-v1__last-state__H10,Pendulum-v1,last-state,10,27,2,True,1,0,0,0.0
faf6f22fa69b9a19f36a10cb75a9a5a672d6b7f3e5f8d31835af89e4f4a8e620,3.5__Pendulum-v1__last-state__H10,Pendulum-v1,last-state,10,28,0,True,0,2,1,0.0
faf6f22fa69b9a19f36a10cb75a9a5a672d6b7f3e5f8d31835af89e4f4a8e620,3.5__Pendulum-v1__last-state__H10,Pendulum-v1,last-state,10,28,1,True,1,1,1,100.0
faf6f22fa69b9a19f36a10cb75a9a5a672d6b7f3e5f8d31835af89e4f4a8e620,3.5__Pendulum-v1__last-state__H10,Pendulum-v1,last-state,10,28,2,True,1,1,1,100.0
a29a22fe0804710b5186948be34aa2d38ee2c850745d58416e87bc967bff9764,3.5__Pendulum-v1__last-state__H10,Pendulum-v1,last-state,10,29,0,True,0,1,1,0.0
a29a22fe0804710b5186948be34aa2d38ee2c850745d58416e87bc967bff9764,3.5__Pendulum-v1__last-state__H10,Pendulum-v1,last-state,10,29,1,True,1,1,1,100.0
a29a22fe0804710b5186948be34aa2d38ee2c850745d58416e87bc967bff9764,3.5__Pendulum-v1__last-state__H10,Pendulum-v1,last-state,10,29,2,True,1,1,1,100.0
13e571e08af8c18da7eb013749185849c1c6d1ac5f762f7b9b9f86ba896b611b,3.5__Pendulum-v1__last-state__H20,Pendulum-v1,last-state,20,0,0,True,1,2,0,0.0
13e571e08af8c18da7eb013749185849c1c6d1ac5f762f7b9b9f86ba896b611b,3.5__Pendulum-v1__last-state__H20,Pendulum-v1,last-state,20,0,1,True,0,0,0,100.0
13e571e08af8c18da7eb013749185849c1c6d1ac5f762f7b9b9f86ba896b611b,3.5__Pendulum-v1__last-state__H20,Pendulum-v1,last-state,20,0,2,True,1,0,0,0.0
60b4ec2082cbca5894c106e93d79ade05070fa8ed7c5a36a121e81d6df55f18f,3.5__Pendulum-v1__last-state__H20,Pendulum-v1,last-state,20,1,0,True,1,2,1,0.0
60b4ec2082cbca5894c106e93d79ade05070fa8ed7c5a36a121e81d6df55f18f,3.5__Pendulum-v1__last-state__H20,Pendulum-v1,last-state,20,1,1,True,0,1,1,0.0
60b4ec2082cbca5894c106e93d79ade05070fa8ed7c5a36a121e81d6df55f18f,3.5__Pendulum-v1__last-state__H20,Pendulum-v1,last-state,20,1,2,True,1,1,1,100.0
11e0e6dd3ce433d0c3a533da5246d804d48ed4a17555d38c2829d365cf207f57,3.5__Pendulum-v1__last-state__H20,Pendulum-v1,last-state,20,2,0,True,0,0,0,100.0
11e0e6dd3ce433d0c3a533da5246d804d48ed4a17555d38c2829d365cf207f57,3.5__Pendulum-v1__last-state__H20,Pendulum-v1,last-state,20,2,1,True,0,0,0,100.0
11e0e6dd3ce433d0c3a533da5246d804d48ed4a17555d38c2829d365cf207f57,3.5__Pendulum-v1__last-state__H20,Pendulum-v1,last-state,20,2,2,True,1,0,0,0.0
fd226497613c1aa1ca9fcb7abf13cbbc28b88756ea659b51f7ff1b73e8be5073,3.5__Pendulum-v1__last-state__H20,Pendulum-v1,last-state,20,3,0,True,0,2,1,0.0
fd226497613c1aa1ca9fcb7abf13cbbc28b88756ea659b51f7ff1b73e8be5073,3.5__Pendulum-v1__last-state__H20,Pendulum-v1,last-state,20,3,1,True,1,1,1,100.0
fd226497613c1aa1ca9fcb7abf13cbbc28b88756ea659b51f7ff1b73e8be5073,3.5__Pendulum-v1__last-state__H20,Pendulum-v1,last-state,20,3,2,True,0,1,1,0.0
d444fe20b7ff10d48d433bd542ee273f07a67759e2feda95c76451c3b49f61b3,3.5__Pendulum-v1__last-state__H20,Pendulum-v1,last-state,20,4,0,False,,2,1,
d444fe20b7ff10d48d433bd542ee273f07a67759e2feda95c76451c3b49f61b3,3.5__Pendulum-v1__last-state__H20,Pendulum-v1,last-state,20,4,1,False,,1,1,
d444fe20b7ff10d48d433bd542ee273f07a67759e2feda95c76451c3b49f61b3,3.5__Pendulum-v1__last-state__H20,Pendulum-v1,last-state,20,4,2,False,,1,1,
a7c8418ff8e4adeca3d607cfc965756524bdefe7a758adc0a1d9e9e9b432d8d3,3.5__Pendulum-v1__last-state__H20,Pendulum-v1,last-state,20,5,0,True,1,0,0,0.0
a7c8418ff8e4adeca3d607cfc965756524bdefe7a758adc0a1d9e9e9b432d8d3,3.5__Pendulum-v1__last-state__H20,Pendulum-v1,last-state,20,5,1,True,0,0,0,100.0
a7c8418ff8e4adeca3d607cfc965756524bdefe7a758adc0a1d9e9e9b432d8d3,3.5__Pendulum-v1__last-state__H20,Pendulum-v1,last-state,20,5,2,True,1,0,0,0.0
e39223f788d44f1ae2ae5cf2c09c4cf0ebf10e41ea706e169de370128cdac7a8,3.5__Pendulum-v1__last-state__H20,Pendulum-v1,last-state,20,6,0,True,1,2,0,0.0
e39223f788d44f1ae2ae5cf2c09c4cf0ebf10e41ea706e169de370128cdac7a8,3.5__Pendulum-v1__last-state__H20,Pendulum-v1,last-state,20,6,1,True,0,2,0,0.0
e39223f788d44f1ae2ae5cf2c09c4cf0ebf10e41ea706e169de370128cdac7a8,3.5__Pendulum-v1__last-state__H20,Pendulum-v1,last-state,20,6,2,True,1,1,1,100.0
b127d5f6c4a22a4af57c22ae985f51687791e73b251e24526b2a4ac9562eb8fb,3.5__Pendulum-v1__last-state__H20,Pendulum-v1,last-state,20,7,0,True,1,1,1,100.0
b127d5f6c4a22a4af57c22ae985f51687791e73b251e24526b2a4ac9562eb8fb,3.5__Pendulum-v1__last-state__H20,Pendulum-v1,last-state,20,7,1,True,0,1,1,0.0
b127d5f6c4a22a4af57c22ae985f51687791e73b251e24526b2a4ac9562eb8fb,3.5__Pendulum-v1__last-state__H20,Pendulum-v1,last-state,20,7,2,True,1,1,1,100.0
2f8b3f028adec262cac5c98d535ad4cc30d289d1b915292e0dcacad8a3ed19ab,3.5__Pendulum-v1__last-state__H20,Pendulum-v1,last-state,20,8,0,True,0,0,0,100.0
2f8b3f028adec262cac5c98d535ad4cc30d289d1b915292e0dcacad8a3ed19ab,3.5__Pendulum-v1__last-state__H20,Pendulum-v1,last-state,20,8,1,True,1,0,0,0.0
2f8b3f028adec262cac5c98d535ad4cc30d289d1b915292e0dcacad8a3ed19ab,3.5__Pendulum-v1__last-state__H20,Pendulum-v1,last-state,20,8,2,True,1,0,0,0.0
89aa4d94378a773df79416b5dc5b58e9dbebd9c81cc7b8d0cfb8d3f088d42a5e,3.5__Pendulum-v1__last-state__H20,Pendulum-v1,last-state,20,9,0,True,1,1,1,100.0
89aa4d94378a773df79416b5dc5b58e9dbebd9c81cc7b8d0cfb8d3f088d42a5e,3.5__Pendulum-v1__last-state__H20,Pendulum-v1,last-state,20,9,1,True,0,1,1,0.0
89aa4d94378a773df79416b5dc5b58e9dbebd9c81cc7b8d0cfb8d3f088d42a5e,3.5__Pendulum-v1__last-state__H20,Pendulum-v1,last-state,20,9,2,True,1,1,1,100.0
159763445a0be5e206b6cadb12707cd93ca27ba431da5fc5de29dc228f80f218,3.5__Pendulum-v1__last-state__H20,Pendulum-v1,last-state,20,10,0,True,1,0,0,0.0
159763445a0be5e206b6cadb12707cd93ca27ba431da5fc5de29dc228f80f218,3.5__Pendulum-v1__last-state__H20,Pendulum-v1,last-state,20,10,1,True,1,0,0,0.0
159763445a0be5e206b6cadb12707cd93ca27ba431da5fc5de29dc228f80f218,3.5__Pendulum-v1__last-state__H20,Pendulum-v1,last-state,20,10,2,True,0,0,0,100.0
30c84de70a415688143aedbcceece849231e9e745a7390909d4652d1fbea65cd,3.5__Pendulum-v1__last-state__H20,Pendulum-v1,last-state,20,11,0,True,1,1,1,100.0
30c84de70a415688143aedbcceece849231e9e745a7390909d4652d1fbea65cd,3.5__Pendulum-v1__last-state__H20,Pendulum-v1,last-state,20,11,1,True,0,1,1,0.0
30c84de70a415688143aedbcceece849231e9e745a7390909d4652d1fbea65cd,3.5__Pendulum-v1__last-state__H20,Pendulum-v1,last-state,20,11,2,True,1,1,1,100.0
73f8cc8d2d6880ed5dd9d7249e861caabd7254d7a3dfae44557b9976d0e90b99,3.5__Pendulum-v1__last-state__H20,Pendulum-v1,last-state,20,12,0,True,0,0,0,100.0
73f8cc8d2d6880ed5dd9d7249e861caabd7254d7a3dfae44557b9976d0e90b99,3.5__Pendulum-v1__last-state__H20,Pendulum-v1,last-state,20,12,1,True,1,0,0,0.0
73f8cc8d2d6880ed5dd9d7249e861caabd7254d7a3dfae44557b9976d0e90b99,3.5__Pendulum-v1__last-state__H20,Pendulum-v1,last-state,20,12,2,True,1,0,0,0.0
21d9aefb0436bbd2e0231cb7809e74e4f343b7ec904560f898f9b8cbe5108cd2,3.5__Pendulum-v1__last-state__H20,Pendulum-v1,last-state,20,13,0,True,1,1,1,100.0
21d9aefb0436bbd2e0231cb7809e74e4f343b7ec904560f898f9b8cbe5108cd2,3.5__Pendulum-v1__last-state__H20,Pendulum-v1,last-state,20,13,1,True,0,1,1,0.0
21d9aefb0436bbd2e0231cb7809e74e4f343b7ec904560f898f9b8cbe5108cd2,3.5__Pendulum-v1__last-state__H20,Pendulum-v1,last-state,20,13,2,True,1,1,1,100.0
6b219aa3beac0c73da6e104b7944f3a04b9f38c95f1f63a23baabdb4490cf936,3.5__Pendulum-v1__last-state__H20,Pendulum-v1,last-state,20,14,0,True,1,1,1,100.0
6b219aa3beac0c73da6e104b7944f3a04b9f38c95f1f63a23baabdb4490cf936,3.5__Pendulum-v1__last-state__H20,Pendulum-v1,last-state,20,14,1,True,0,1,1,0.0
6b219aa3beac0c73da6e104b7944f3a04b9f38c95f1f63a23baabdb4490cf936,3.5__Pendulum-v1__last-state__H20,Pendulum-v1,last-state,20,14,2,True,1,0,0,0.0
37d102a2978c3c7806c50b33d702495babe2682151740d5bd82c2a56b6ebbf84,3.5__Pendulum-v1__last-state__H20,Pendulum-v1,last-state,20,15,0,True,1,0,0,0.0
37d102a2978c3c7806c50b33d702495babe2682151740d5bd82c2a56b6ebbf84,3.5__Pendulum-v1__last-state__H20,Pendulum-v1,last-state,20,15,1,True,0,0,0,100.0
37d102a2978c3c7806c50b33d702495babe2682151740d5bd82c2a56b6ebbf84,3.5__Pendulum-v1__last-state__H20,Pendulum-v1,last-state,20,15,2,True,1,0,0,0.0
21a3762211d22dda0207d860d0be87b1ffb924725f92002e816c94fa7a7c3e57,3.5__Pendulum-v1__last-state__H20,Pendulum-v1,last-state,20,16,0,True,1,1,1,100.0
21a3762211d22dda0207d860d0be87b1ffb924725f92002e816c94fa7a7c3e57,3.5__Pendulum-v1__last-state__H20,Pendulum-v1,last-state,20,16,1,True,0,1,1,0.0
21a3762211d22dda0207d860d0be87b1ffb924725f92002e816c94fa7a7c3e57,3.5__Pendulum-v1__last-state__H20,Pendulum-v1,last-state,20,16,2,True,1,1,1,100.0
a4cbc3d5196d4712b59bf17af6e55c8dfb6b94b8d716e560a856b1508f244ef9,3.5__Pendulum-v1__last-state__H20,Pendulum-v1,last-state,20,17,0,True,0,0,0,100.0
a4cbc3d5196d4712b59bf17af6e55c8dfb6b94b8d716e560a856b1508f244ef9,3.5__Pendulum-v1__last-state__H20,Pendulum-v1,last-state,20,17,1,True,1,0,0,0.0
a4cbc3d5196d4712b59bf17af6e55c8dfb6b94b8d716e560a856b1508f244ef9,3.5__Pendulum-v1__last-state__H20,Pendulum-v1,last-state,20,17,2,True,1,0,0,0.0
c8de0e4d636497db8c70a6d29425a7118697a4502384c87515ac54a8cbc1aebd,3.5__Pendulum-v1__last-state__H20,Pendulum-v1,last-state,20,18,0,True,1,2,1,0.0
c8de0e4d636497db8c70a6d29425a7118697a4502384c87515ac54a8cbc1aebd,3.5__Pendulum-v1__last-state__H20,Pendulum-v1,last-state,20,18,1,True,1,1,1,100.0
c8de0e4d636497db8c70a6d29425a7118697a4502384c87515ac54a8cbc1aebd,3.5__Pendulum-v1__last-state__H20,Pendulum-v1,last-state,20,18,2,True,0,1,1,0.0
fb73074ebeafd643054011afaceb6b338d54bd46dd4554f218dc480b5337f9c0,3.5__Pendulum-v1__last-state__H20,Pendulum-v1,last-state,20,19,0,True,1,1,1,100.0
fb73074ebeafd643054011afaceb6b338d54bd46dd4554f218dc480b5337f9c0,3.5__Pendulum-v1__last-state__H20,Pendulum-v1,last-state,20,19,1,True,0,1,1,0.0
fb73074ebeafd643054011afaceb6b338d54bd46dd4554f218dc480b5337f9c0,3.5__Pendulum-v1__last-state__H20,Pendulum-v1,last-state,20,19,2,True,1,1,1,100.0
752e52a27227e16dba7f16cf51e507ea9bf360f8159dd3d861d3ef89f7746da7,3.5__Pendulum-v1__last-state__H20,Pendulum-v1,last-state,20,20,0,True,1,1,1,100.0
752e52a27227e16dba7f16cf51e507ea9bf360f8159dd3d861d3ef89f7746da7,3.5__Pendulum-v1__last-state__H20,Pendulum-v1,last-state,20,20,1,True,0,1,1,0.0
752e52a27227e16dba7f16cf51e507ea9bf360f8159dd3d861d3ef89f7746da7,3.5__Pendulum-v1__last-state__H20,Pendulum-v1,last-state,20,20,2,True,1,1,1,100.0
2df5db176d1dd316c73608346a7c6c967e8c278187a747e7cde79a7b57cfdbe3,3.5__Pendulum-v1__last-state__H20,Pendulum-v1,last-state,20,21,0,True,1,1,1,100.0
2df5db176d1dd316c73608346a7c6c967e8c278187a747e7cde79a7b57cfdbe3,3.5__Pendulum-v1__last-state__H20,Pendulum-v1,last-state,20,21,1,True,0,1,1,0.0
2df5db176d1dd316c73608346a7c6c967e8c278187a747e7cde79a7b57cfdbe3,3.5__Pendulum-v1__last-state__H20,Pendulum-v1,last-state,20,21,2,True,1,1,1,100.0
4f254f7d37d8372ef1dfac2f7298af396b1f549c0aea20627c90c0c0188a5d17,3.5__Pendulum-v1__last-state__H20,Pendulum-v1,last-state,20,22,0,True,0,1,1,0.0
4f254f7d37d8372ef1dfac2f7298af396b1f549c0aea20627c90c0c0188a5d17,3.5__Pendulum-v1__last-state__H20,Pendulum-v1,last-state,20,22,1,True,1,1,1,100.0
4f254f7d37d8372ef1dfac2f7298af396b1f549c0aea20627c90c0c0188a5d17,3.5__Pendulum-v1__last-state__H20,Pendulum-v1,last-state,20,22,2,True,1,0,0,0.0
b8b0c1d373635b8d9c1b0379d7e1f229c880217bbf3cec6d2615acaa75af9356,3.5__Pendulum-v1__last-state__H20,Pendulum-v1,last-state,20,23,0,True,1,0,0,0.0
b8b0c1d373635b8d9c1b0379d7e1f229c880217bbf3cec6d2615acaa75af9356,3.5__Pendulum-v1__last-state__H20,Pendulum-v1,last-state,20,23,1,True,0,0,0,100.0
b8b0c1d373635b8d9c1b0379d7e1f229c880217bbf3cec6d2615acaa75af9356,3.5__Pendulum-v1__last-state__H20,Pendulum-v1,last-state,20,23,2,True,0,0,0,100.0
985c41ac950aadefa92d480ff3633b448bc7e066bb8092b4af3fd45b5516c362,3.5__Pendulum-v1__last-state__H20,Pendulum-v1,last-state,20,24,0,True,1,0,0,0.0
985c41ac950aadefa92d480ff3633b448bc7e066bb8092b4af3fd45b5516c362,3.5__Pendulum-v1__last-state__H20,Pendulum-v1,last-state,20,24,1,True,0,0,0,100.0
985c41ac950aadefa92d480ff3633b448bc7e066bb8092b4af3fd45b5516c362,3.5__Pendulum-v1__last-state__H20,Pendulum-v1,last-state,20,24,2,True,1,1,1,100.0
4e0c53250655ab56b4352b4ed74705f2c685bbd8fa7ba4ed21be59da421189f8,3.5__Pendulum-v1__last-state__H20,Pendulum-v1,last-state,20,25,0,True,1,0,0,0.0
4e0c53250655ab56b4352b4ed74705f2c685bbd8fa7ba4ed21be59da421189f8,3.5__Pendulum-v1__last-state__H20,Pendulum-v1,last-state,20,25,1,True,0,0,0,100.0
4e0c53250655ab56b4352b4ed74705f2c685bbd8fa7ba4ed21be59da421189f8,3.5__Pendulum-v1__last-state__H20,Pendulum-v1,last-state,20,25,2,True,0,0,0,100.0
e98f5454520130230d7bfed36c289d4ccf6db4cb3e86d1aba8d3eb825b8d3ea3,3.5__Pendulum-v1__last-state__H20,Pendulum-v1,last-state,20,26,0,True,1,0,0,0.0
e98f5454520130230d7bfed36c289d4ccf6db4cb3e86d1aba8d3eb825b8d3ea3,3.5__Pendulum-v1__last-state__H20,Pendulum-v1,last-state,20,26,1,True,0,0,0,100.0
e98f5454520130230d7bfed36c289d4ccf6db4cb3e86d1aba8d3eb825b8d3ea3,3.5__Pendulum-v1__last-state__H20,Pendulum-v1,last-state,20,26,2,True,1,1,1,100.0
a6e5468c1c6d10932acc20e4645483281c5c8a32894042a6fdfca1127691e80e,3.5__Pendulum-v1__last-state__H20,Pendulum-v1,last-state,20,27,0,True,1,2,1,0.0
a6e5468c1c6d10932acc20e4645483281c5c8a32894042a6fdfca1127691e80e,3.5__Pendulum-v1__last-state__H20,Pendulum-v1,last-state,20,27,1,True,0,1,1,0.0
a6e5468c1c6d10932acc20e4645483281c5c8a32894042a6fdfca1127691e80e,3.5__Pendulum-v1__last-state__H20,Pendulum-v1,last-state,20,27,2,True,1,1,1,100.0
e89445b8c149172edb7cc38da46b5938d3be37ef61f451c986aa2d7fbf066088,3.5__Pendulum-v1__last-state__H20,Pendulum-v1,last-state,20,28,0,False,,0,0,
e89445b8c149172edb7cc38da46b5938d3be37ef61f451c986aa2d7fbf066088,3.5__Pendulum-v1__last-state__H20,Pendulum-v1,last-state,20,28,1,False,,0,0,
e89445b8c149172edb7cc38da46b5938d3be37ef61f451c986aa2d7fbf066088,3.5__Pendulum-v1__last-state__H20,Pendulum-v1,last-state,20,28,2,False,,0,0,
124c3d79630e4cfeb7541429b32c45c427efa4703ba375ce0b0da7d6a64207eb,3.5__Pendulum-v1__last-state__H20,Pendulum-v1,last-state,20,29,0,True,1,2,1,0.0
124c3d79630e4cfeb7541429b32c45c427efa4703ba375ce0b0da7d6a64207eb,3.5__Pendulum-v1__last-state__H20,Pendulum-v1,last-state,20,29,1,True,0,1,1,0.0
124c3d79630e4cfeb7541429b32c45c427efa4703ba375ce0b0da7d6a64207eb,3.5__Pendulum-v1__last-state__H20,Pendulum-v1,last-state,20,29,2,True,1,1,1,100.0
7694ef2bb8f7b3d128f879716a43166e7607b3cc0a06d492c54480a9c058ecaf,3.5__Pendulum-v1__last-state__H30,Pendulum-v1,last-state,30,0,0,True,1,0,0,0.0
7694ef2bb8f7b3d128f879716a43166e7607b3cc0a06d492c54480a9c058ecaf,3.5__Pendulum-v1__last-state__H30,Pendulum-v1,last-state,30,0,1,True,0,0,0,100.0
7694ef2bb8f7b3d128f879716a43166e7607b3cc0a06d492c54480a9c058ecaf,3.5__Pendulum-v1__last-state__H30,Pendulum-v1,last-state,30,0,2,True,1,0,0,0.0
3f0f05fe1b6eca15e54ceb182a232c5085055a2c03dfd52361aac44ad8ef8165,3.5__Pendulum-v1__last-state__H30,Pendulum-v1,last-state,30,1,0,True,1,1,1,100.0
3f0f05fe1b6eca15e54ceb182a232c5085055a2c03dfd52361aac44ad8ef8165,3.5__Pendulum-v1__last-state__H30,Pendulum-v1,last-state,30,1,1,True,0,1,1,0.0
3f0f05fe1b6eca15e54ceb182a232c5085055a2c03dfd52361aac44ad8ef8165,3.5__Pendulum-v1__last-state__H30,Pendulum-v1,last-state,30,1,2,True,1,1,1,100.0
9e8fe8a4d29d23121d8b002b70f68cbcad991c2d4a08f5a57290d102d86b8769,3.5__Pendulum-v1__last-state__H30,Pendulum-v1,last-state,30,2,0,True,0,0,0,100.0
9e8fe8a4d29d23121d8b002b70f68cbcad991c2d4a08f5a57290d102d86b8769,3.5__Pendulum-v1__last-state__H30,Pendulum-v1,last-state,30,2,1,True,0,0,0,100.0
9e8fe8a4d29d23121d8b002b70f68cbcad991c2d4a08f5a57290d102d86b8769,3.5__Pendulum-v1__last-state__H30,Pendulum-v1,last-state,30,2,2,True,0,0,0,100.0
731c852b02794b2172acdfb3851b02a10bffa2b92e52286fa7c155edb2bd19a8,3.5__Pendulum-v1__last-state__H30,Pendulum-v1,last-state,30,3,0,True,1,1,1,100.0
731c852b02794b2172acdfb3851b02a10bffa2b92e52286fa7c155edb2bd19a8,3.5__Pendulum-v1__last-state__H30,Pendulum-v1,last-state,30,3,1,True,0,1,1,0.0
731c852b02794b2172acdfb3851b02a10bffa2b92e52286fa7c155edb2bd19a8,3.5__Pendulum-v1__last-state__H30,Pendulum-v1,last-state,30,3,2,True,1,1,1,100.0
4ba2c08b0300e8e416bc3e1207787e366a5b75aaedcc2f8e23c5cd772889e881,3.5__Pendulum-v1__last-state__H30,Pendulum-v1,last-state,30,4,0,True,1,1,1,100.0
4ba2c08b0300e8e416bc3e1207787e366a5b75aaedcc2f8e23c5cd772889e881,3.5__Pendulum-v1__last-state__H30,Pendulum-v1,last-state,30,4,1,True,0,1,1,0.0
4ba2c08b0300e8e416bc3e1207787e366a5b75aaedcc2f8e23c5cd772889e881,3.5__Pendulum-v1__last-state__H30,Pendulum-v1,last-state,30,4,2,True,1,0,0,0.0
f6e6f0c8c67ee7eb6e8244cd9bbc7cb97f7271d77a08e22d222e23a64aa32846,3.5__Pendulum-v1__last-state__H30,Pendulum-v1,last-state,30,5,0,True,1,0,0,0.0
f6e6f0c8c67ee7eb6e8244cd9bbc7cb97f7271d77a08e22d222e23a64aa32846,3.5__Pendulum-v1__last-state__H30,Pendulum-v1,last-state,30,5,1,True,0,0,0,100.0
f6e6f0c8c67ee7eb6e8244cd9bbc7cb97f7271d77a08e22d222e23a64aa32846,3.5__Pendulum-v1__last-state__H30,Pendulum-v1,last-state,30,5,2,True,0,0,0,100.0
e0c355f4a8453f8a8bc6f083f5dd9d0d860b54877c79b0274da4d42f09ea32ba,3.5__Pendulum-v1__last-state__H30,Pendulum-v1,last-state,30,6,0,True,1,1,1,100.0
e0c355f4a8453f8a8bc6f083f5dd9d0d860b54877c79b0274da4d42f09ea32ba,3.5__Pendulum-v1__last-state__H30,Pendulum-v1,last-state,30,6,1,True,0,1,1,0.0
e0c355f4a8453f8a8bc6f083f5dd9d0d860b54877c79b0274da4d42f09ea32ba,3.5__Pendulum-v1__last-state__H30,Pendulum-v1,last-state,30,6,2,True,1,1,1,100.0
5766c2b923c2ae226ef254fe2fde3febca11b3f5288793609cbf970fe012aede,3.5__Pendulum-v1__last-state__H30,Pendulum-v1,last-state,30,7,0,True,0,0,0,100.0
5766c2b923c2ae226ef254fe2fde3febca11b3f5288793609cbf970fe012aede,3.5__Pendulum-v1__last-state__H30,Pendulum-v1,last-state,30,7,1,True,1,0,0,0.0
5766c2b923c2ae226ef254fe2fde3febca11b3f5288793609cbf970fe012aede,3.5__Pendulum-v1__last-state__H30,Pendulum-v1,last-state,30,7,2,True,1,0,0,0.0
dc7fe1739a3024eb8abf131cefadde4f0ff04d455420b68423e1e0f08dc8e142,3.5__Pendulum-v1__last-state__H30,Pendulum-v1,last-state,30,8,0,True,1,2,1,0.0
dc7fe1739a3024eb8abf131cefadde4f0ff04d455420b68423e1e0f08dc8e142,3.5__Pendulum-v1__last-state__H30,Pendulum-v1,last-state,30,8,1,True,0,1,1,0.0
dc7fe1739a3024eb8abf131cefadde4f0ff04d455420b68423e1e0f08dc8e142,3.5__Pendulum-v1__last-state__H30,Pendulum-v1,last-state,30,8,2,True,1,1,1,100.0
5d8c1d5e88fbb4da91fbc75a062f4bdf392ececd4bdd79e2d80a48eee72d3704,3.5__Pendulum-v1__last-state__H30,Pendulum-v1,last-state,30,9,0,True,1,1,1,100.0
5d8c1d5e88fbb4da91fbc75a062f4bdf392ececd4bdd79e2d80a48eee72d3704,3.5__Pendulum-v1__last-state__H30,Pendulum-v1,last-state,30,9,1,True,0,1,1,0.0
5d8c1d5e88fbb4da91fbc75a062f4bdf392ececd4bdd79e2d80a48eee72d3704,3.5__Pendulum-v1__last-state__H30,Pendulum-v1,last-state,30,9,2,True,1,1,1,100.0
314b07af853a61d566ee7d02be0f45381e46720ede0e210e12379813f08faf82,3.5__Pendulum-v1__last-state__H30,Pendulum-v1,last-state,30,10,0,True,0,1,1,0.0
314b07af853a61d566ee7d02be0f45381e46720ede0e210e12379813f08faf82,3.5__Pendulum-v1__last-state__H30,Pendulum-v1,last-state,30,10,1,True,0,1,1,0.0
314b07af853a61d566ee7d02be0f45381e46720ede0e210e12379813f08faf82,3.5__Pendulum-v1__last-state__H30,Pendulum-v1,last-state,30,10,2,True,1,1,1,100.0
e7bb682da910eb1cb7b06cb4b0d5fe0ef57dc77420279cac6625e0c79084d7ad,3.5__Pendulum-v1__last-state__H30,Pendulum-v1,last-state,30,11,0,True,1,1,1,100.0
e7bb682da910eb1cb7b06cb4b0d5fe0ef57dc77420279cac6625e0c79084d7ad,3.5__Pendulum-v1__last-state__H30,Pendulum-v1,last-state,30,11,1,True,0,1,1,0.0
e7bb682da910eb1cb7b06cb4b0d5fe0ef57dc77420279cac6625e0c79084d7ad,3.5__Pendulum-v1__last-state__H30,Pendulum-v1,last-state,30,11,2,True,1,1,1,100.0
12a060b9f25bb12ecde3f27d28843be9b1b1fc232980149021d5daebcd728c1f,3.5__Pendulum-v1__last-state__H30,Pendulum-v1,last-state,30,12,0,True,1,1,1,100.0
12a060b9f25bb12ecde3f27d28843be9b1b1fc232980149021d5daebcd728c1f,3.5__Pendulum-v1__last-state__H30,Pendulum-v1,last-state,30,12,1,True,0,1,1,0.0
12a060b9f25bb12ecde3f27d28843be9b1b1fc232980149021d5daebcd728c1f,3.5__Pendulum-v1__last-state__H30,Pendulum-v1,last-state,30,12,2,True,1,0,0,0.0
a6f31d07a94e7a5a5d9bef58251b99c1683c3ffc219eeaf180f6efaee2b09eeb,3.5__Pendulum-v1__last-state__H30,Pendulum-v1,last-state,30,13,0,True,1,0,0,0.0
a6f31d07a94e7a5a5d9bef58251b99c1683c3ffc219eeaf180f6efaee2b09eeb,3.5__Pendulum-v1__last-state__H30,Pendulum-v1,last-state,30,13,1,True,0,0,0,100.0
a6f31d07a94e7a5a5d9bef58251b99c1683c3ffc219eeaf180f6efaee2b09eeb,3.5__Pendulum-v1__last-state__H30,Pendulum-v1,last-state,30,13,2,True,1,0,0,0.0
82ceda02eb2b3722fcd0821492731efcda6184f1e41446001acb6f33067cf2b3,3.5__Pendulum-v1__last-state__H30,Pendulum-v1,last-state,30,14,0,True,1,0,0,0.0
82ceda02eb2b3722fcd0821492731efcda6184f1e41446001acb6f33067cf2b3,3.5__Pendulum-v1__last-state__H30,Pendulum-v1,last-state,30,14,1,True,0,0,0,100.0
82ceda02eb2b3722fcd0821492731efcda6184f1e41446001acb6f33067cf2b3,3.5__Pendulum-v1__last-state__H30,Pendulum-v1,last-state,30,14,2,True,1,1,1,100.0
101847937877518e695f0c9348cf6d14dcc551e463b739b9fe23b0305f961f8a,3.5__Pendulum-v1__last-state__H30,Pendulum-v1,last-state,30,15,0,True,1,0,0,0.0
101847937877518e695f0c9348cf6d14dcc551e463b739b9fe23b0305f961f8a,3.5__Pendulum-v1__last-state__H30,Pendulum-v1,last-state,30,15,1,True,0,0,0,100.0
101847937877518e695f0c9348cf6d14dcc551e463b739b9fe23b0305f961f8a,3.5__Pendulum-v1__last-state__H30,Pendulum-v1,last-state,30,15,2,True,1,0,0,0.0
23ff5c0fc73e9b6c87980c38d418c9bf4d3977bdb93fc9e93e9870f923245ecf,3.5__Pendulum-v1__last-state__H30,Pendulum-v1,last-state,30,16,0,True,1,0,0,0.0
23ff5c0fc73e9b6c87980c38d418c9bf4d3977bdb93fc9e93e9870f923245ecf,3.5__Pendulum-v1__last-state__H30,Pendulum-v1,last-state,30,16,1,True,0,0,0,100.0
23ff5c0fc73e9b6c87980c38d418c9bf4d3977bdb93fc9e93e9870f923245ecf,3.5__Pendulum-v1__last-state__H30,Pendulum-v1,last-state,30,16,2,True,0,1,1,0.0
dec03025067caa78006b0246197c20f6e0adfabe8b2c537845570dbe42053e26,3.5__Pendulum-v1__last-state__H30,Pendulum-v1,last-state,30,17,0,True,1,2,1,0.0
dec03025067caa78006b0246197c20f6e0adfabe8b2c537845570dbe42053e26,3.5__Pendulum-v1__last-state__H30,Pendulum-v1,last-state,30,17,1,True,0,1,1,0.0
dec03025067caa78006b0246197c20f6e0adfabe8b2c537845570dbe42053e26,3.5__Pendulum-v1__last-state__H30,Pendulum-v1,last-state,30,17,2,True,1,1,1,100.0
6e7c75124feaad2b473c43b6899895b84e85afd6e925a48405a8093a3cdcc21a,3.5__Pendulum-v1__last-state__H30,Pendulum-v1,last-state,30,18,0,True,1,0,0,0.0
6e7c75124feaad2b473c43b6899895b84e85afd6e925a48405a8093a3cdcc21a,3.5__Pendulum-v1__last-state__H30,Pendulum-v1,last-state,30,18,1,True,0,0,0,100.0
6e7c75124feaad2b473c43b6899895b84e85afd6e925a48405a8093a3cdcc21a,3.5__Pendulum-v1__last-state__H30,Pendulum-v1,last-state,30,18,2,True,0,0,0,100.0
f72f76ac9c1d7c5282cdd4e053f90dcce348e7c30874260c9bbfae887de39855,3.5__Pendulum-v1__last-state__H30,Pendulum-v1,last-state,30,19,0,True,1,2,1,0.0
f72f76ac9c1d7c5282cdd4e053f90dcce348e7c30874260c9bbfae887de39855,3.5__Pendulum-v1__last-state__H30,Pendulum-v1,last-state,30,19,1,True,0,1,1,0.0
f72f76ac9c1d7c5282cdd4e053f90dcce348e7c30874260c9bbfae887de39855,3.5__Pendulum-v1__last-state__H30,Pendulum-v1,last-state,30,19,2,True,1,1,1,100.0
64c40645eaffa5a79b44afb428712e52d8aad609a137275710e550596931bec8,3.5__Pendulum-v1__last-state__H30,Pendulum-v1,last-state,30,20,0,True,1,2,1,0.0
64c40645eaffa5a79b44afb428712e52d8aad609a137275710e550596931bec8,3.5__Pendulum-v1__last-state__H30,Pendulum-v1,last-state,30,20,1,True,0,1,1,0.0
64c40645eaffa5a79b44afb428712e52d8aad609a137275710e550596931bec8,3.5__Pendulum-v1__last-state__H30,Pendulum-v1,last-state,30,20,2,True,1,0,0,0.0
abe7d070741661e97baec2803e9bcc74e840e3b6a4c3f56e6b7f041d048091e3,3.5__Pendulum-v1__last-state__H30,Pendulum-v1,last-state,30,21,0,True,1,2,0,0.0
abe7d070741661e97baec2803e9bcc74e840e3b6a4c3f56e6b7f041d048091e3,3.5__Pendulum-v1__last-state__H30,Pendulum-v1,last-state,30,21,1,True,0,0,0,100.0
abe7d070741661e97baec2803e9bcc74e840e3b6a4c3f56e6b7f041d048091e3,3.5__Pendulum-v1__last-state__H30,Pendulum-v1,last-state,30,21,2,True,1,0,0,0.0
20d1509ff3650cb50d7ebfb2dd143ad3d22f9a69c85f6fd4206b78ab0a3f3468,3.5__Pendulum-v1__last-state__H30,Pendulum-v1,last-state,30,22,0,True,0,1,1,0.0
20d1509ff3650cb50d7ebfb2dd143ad3d22f9a69c85f6fd4206b78ab0a3f3468,3.5__Pendulum-v1__last-state__H30,Pendulum-v1,last-state,30,22,1,True,1,1,1,100.0
20d1509ff3650cb50d7ebfb2dd143ad3d22f9a69c85f6fd4206b78ab0a3f3468,3.5__Pendulum-v1__last-state__H30,Pendulum-v1,last-state,30,22,2,True,0,1,1,0.0
9bcb03573e70f6cb17120c836f6aa100109af8157d62876bbd2de224929b2c33,3.5__Pendulum-v1__last-state__H30,Pendulum-v1,last-state,30,23,0,True,1,0,0,0.0
9bcb03573e70f6cb17120c836f6aa100109af8157d62876bbd2de224929b2c33,3.5__Pendulum-v1__last-state__H30,Pendulum-v1,last-state,30,23,1,True,1,0,0,0.0
9bcb03573e70f6cb17120c836f6aa100109af8157d62876bbd2de224929b2c33,3.5__Pendulum-v1__last-state__H30,Pendulum-v1,last-state,30,23,2,True,0,0,0,100.0
cda595e233b38a202e7947c657cbe52abb815d85a5a608a14cd29a410ba49af8,3.5__Pendulum-v1__last-state__H30,Pendulum-v1,last-state,30,24,0,True,1,1,1,100.0
cda595e233b38a202e7947c657cbe52abb815d85a5a608a14cd29a410ba49af8,3.5__Pendulum-v1__last-state__H30,Pendulum-v1,last-state,30,24,1,True,0,1,1,0.0
cda595e233b38a202e7947c657cbe52abb815d85a5a608a14cd29a410ba49af8,3.5__Pendulum-v1__last-state__H30,Pendulum-v1,last-state,30,24,2,True,1,1,1,100.0
256ad20585a677a1491e8d23ee9875cd0ce2ddcf03042a51af4c780870924ac3,3.5__Pendulum-v1__last-state__H30,Pendulum-v1,last-state,30,25,0,True,1,0,0,0.0
256ad20585a677a1491e8d23ee9875cd0ce2ddcf03042a51af4c780870924ac3,3.5__Pendulum-v1__last-state__H30,Pendulum-v1,last-state,30,25,1,True,0,0,0,100.0
256ad20585a677a1491e8d23ee9875cd0ce2ddcf03042a51af4c780870924ac3,3.5__Pendulum-v1__last-state__H30,Pendulum-v1,last-state,30,25,2,True,1,0,0,0.0
89c23b56e32cc3dfa40a77cd06abe320d50091b9ccf6951d10f3cd89148dba79,3.5__Pendulum-v1__last-state__H30,Pendulum-v1,last-state,30,26,0,True,0,1,1,0.0
89c23b56e32cc3dfa40a77cd06abe320d50091b9ccf6951d10f3cd89148dba79,3.5__Pendulum-v1__last-state__H30,Pendulum-v1,last-state,30,26,1,True,1,1,1,100.0
89c23b56e32cc3dfa40a77cd06abe320d50091b9ccf6951d10f3cd89148dba79,3.5__Pendulum-v1__last-state__H30,Pendulum-v1,last-state,30,26,2,True,1,1,1,100.0
8e825b93ad725b97fe8cc4393b4ee26f83792be9255466f2a4d8297bdaa01d36,3.5__Pendulum-v1__last-state__H30,Pendulum-v1,last-state,30,27,0,True,0,2,1,0.0
8e825b93ad725b97fe8cc4393b4ee26f83792be9255466f2a4d8297bdaa01d36,3.5__Pendulum-v1__last-state__H30,Pendulum-v1,last-state,30,27,1,True,1,1,1,100.0
8e825b93ad725b97fe8cc4393b4ee26f83792be9255466f2a4d8297bdaa01d36,3.5__Pendulum-v1__last-state__H30,Pendulum-v1,last-state,30,27,2,True,0,0,0,100.0
255558d76a315778dbdc45db205010f24a4c924a8c4799c8b4299b7b2c277c9f,3.5__Pendulum-v1__last-state__H30,Pendulum-v1,last-state,30,28,0,True,1,2,1,0.0
255558d76a315778dbdc45db205010f24a4c924a8c4799c8b4299b7b2c277c9f,3.5__Pendulum-v1__last-state__H30,Pendulum-v1,last-state,30,28,1,True,0,1,1,0.0
255558d76a315778dbdc45db205010f24a4c924a8c4799c8b4299b7b2c277c9f,3.5__Pendulum-v1__last-state__H30,Pendulum-v1,last-state,30,28,2,True,1,0,0,0.0
da22dce6dd1a106c8ec728b94a2f83e66f1300b7b16c5178bef452924c6fff2c,3.5__Pendulum-v1__last-state__H30,Pendulum-v1,last-state,30,29,0,True,0,2,1,0.0
da22dce6dd1a106c8ec728b94a2f83e66f1300b7b16c5178bef452924c6fff2c,3.5__Pendulum-v1__last-state__H30,Pendulum-v1,last-state,30,29,1,True,1,1,1,100.0
da22dce6dd1a106c8ec728b94a2f83e66f1300b7b16c5178bef452924c6fff2c,3.5__Pendulum-v1__last-state__H30,Pendulum-v1,last-state,30,29,2,True,0,0,0,100.0
