query_ids=56522ded63627d1d0f9f66f12261f64ff71eea8b5a68540d867caac93d4e52de
{
  "exact_match_rate_all_queries": 1.0,
  "exact_match_rate_parsed_queries": 1.0,
  "exact_matches": 1,
  "ignored_count": 0,
  "legacy_compatible_match_rate": 1.0,
  "mean_element_accuracy_parsed_queries": null,
  "parse_rate": 1.0,
  "parsed_count": 1,
  "query_count": 1
}
query_ids=9276ee01a296f01e9b7954f9f4c0245899f1be5550d99b337ddc65e4eb0e47d0
{
  "exact_match_rate_all_queries": 1.0,
  "exact_match_rate_parsed_queries": 1.0,
  "exact_matches": 1,
  "ignored_count": 0,
  "legacy_compatible_match_rate": 1.0,
  "mean_element_accuracy_parsed_queries": null,
  "parse_rate": 1.0,
  "parsed_count": 1,
  "query_count": 1
}
query_ids=c3c12519c29c5cdee0b655f238279357bc921e8ea1e2b3b00e1f6fd8ec40eb83
{
  "exact_match_rate_all_queries": 1.0,
  "exact_match_rate_parsed_queries": 1.0,
  "exact_matches": 1,
  "ignored_count": 0,
  "legacy_compatible_match_rate": 1.0,
  "mean_element_accuracy_parsed_queries": null,
  "parse_rate": 1.0,
  "parsed_count": 1,
  "query_count": 1
}
query_ids=4fc8eca9abf0a9e133f62392dc07a1a708e5bba36c4d2f6edcda0ec6e1aa362e
{
  "exact_match_rate_all_queries": 1.0,
  "exact_match_rate_parsed_queries": 1.0,
  "exact_matches": 1,
  "ignored_count": 0,
  "legacy_compatible_match_rate": 1.0,
  "mean_element_accuracy_parsed_queries": null,
  "parse_rate": 1.0,
  "parsed_count": 1,
  "query_count": 1
}
query_ids=7f73d4b94967fa1fc48b69bf704d89f7509c99f84dc09eda8a617d17a030710c
{
  "exact_match_rate_all_queries": 0.0,
  "exact_match_rate_parsed_queries": 0.0,
  "exact_matches": 0,
  "ignored_count": 0,
  "legacy_compatible_match_rate": 0.0,
  "mean_element_accuracy_parsed_queries": null,
  "parse_rate": 1.0,
  "parsed_count": 1,
  "query_count": 1
}
query_ids=969611850b7fe20793966c4756ad32bef8e5d85566f815141fc660f4e2346cc3
{
  "exact_match_rate_all_queries": 0.0,
  "exact_match_rate_parsed_queries": 0.0,
  "exact_matches": 0,
  "ignored_count": 0,
  "legacy_compatible_match_rate": 0.0,
  "mean_element_accuracy_parsed_queries": null,
  "parse_rate": 1.0,
  "parsed_count": 1,
  "query_count": 1
}
query_ids=88975afe4cd3359342cd6594262aca1e12381e9fc55b7dc573de23a7b19f963c
{
  "exact_match_rate_all_queries": 1.0,
  "exact_match_rate_parsed_queries": 1.0,
  "exact_matches": 1,
  "ignored_count": 0,
  "legacy_compatible_match_rate": 1.0,
  "mean_element_accuracy_parsed_queries": null,
  "parse_rate": 1.0,
  "parsed_count": 1,
  "query_count": 1
}
query_ids=e2458d4431080942a208d8f70f64529eee4c4e80fecc728b70153efb156b2ac9
{
  "exact_match_rate_all_queries": 0.0,
  "exact_match_rate_parsed_queries": 0.0,
  "exact_matches": 0,
  "ignored_count": 0,
  "legacy_compatible_match_rate": 0.0,
  "mean_element_accuracy_parsed_queries": null,
  "parse_rate": 1.0,
  "parsed_count": 1,
  "query_count": 1
}
query_ids=e3fdc1bfe537adef061893835e7f751f2506b90e6b074d28870dfa4075cbcfa7
{
  "exact_match_rate_all_queries": 1.0,
  "exact_match_rate_parsed_queries": 1.0,
  "exact_matches": 1,
  "ignored_count": 0,
  "legacy_compatible_match_rate": 1.0,
  "mean_element_accuracy_parsed_queries": null,
  "parse_rate": 1.0,
  "parsed_count": 1,
  "query_count": 1
}
query_ids=2d986bbe974381731a1eedf256fec3adeb7e97ff408e3854164fa90047e40195
{
  "exact_match_rate_all_queries": 1.0,
  "exact_match_rate_parsed_queries": 1.0,
  "exact_matches": 1,
  "ignored_count": 0,
  "legacy_compatible_match_rate": 1.0,
  "mean_element_accuracy_parsed_queries": null,
  "parse_rate": 1.0,
  "parsed_count": 1,
  "query_count": 1
}
query_ids=1507695dc25a58f2debf3dad4cb044e7f95b999ea72f1409ec4e9cce49b4541c
{
  "exact_match_rate_all_queries": 0.0,
  "exact_match_rate_parsed_queries": 0.0,
  "exact_matches": 0,
  "ignored_count": 0,
  "legacy_compatible_match_rate": 0.0,
  "mean_element_accuracy_parsed_queries": null,
  "parse_rate": 1.0,
  "parsed_count": 1,
  "query_count": 1
}
query_ids=fe7ab5f70c512d59f8202239bb1edea4ee6f00ebda8d86c02035c02fb1351f25
{
  "exact_match_rate_all_queries": 1.0,
  "exact_match_rate_parsed_queries": 1.0,
  "exact_matches": 1,
  "ignored_count": 0,
  "legacy_compatible_match_rate": 1.0,
  "mean_element_accuracy_parsed_queries": null,
  "parse_rate": 1.0,
  "parsed_count": 1,
  "query_count": 1
}
query_ids=7a281a8887a7e01834d07f2c28c53a9b0ddfbe3519560944c27b46e3c8edbeba
{
  "exact_match_rate_all_queries": 0.0,
  "exact_match_rate_parsed_queries": 0.0,
  "exact_matches": 0,
  "ignored_count": 0,
  "legacy_compatible_match_rate": 0.0,
  "mean_element_accuracy_parsed_queries": null,
  "parse_rate": 1.0,
  "parsed_count": 1,
  "query_count": 1
}
query_ids=05f985a57670d7d2df5cb9ae878601bff4551ce0cede53a13ef8b6a1c31e8d07
{
  "exact_match_rate_all_queries": 1.0,
  "exact_match_rate_parsed_queries": 1.0,
  "exact_matches": 1,
  "ignored_count": 0,
  "legacy_compatible_match_rate": 1.0,
  "mean_element_accuracy_parsed_queries": null,
  "parse_rate": 1.0,
  "parsed_count": 1,
  "query_count": 1
}
query_ids=51cd0e806a92e1337b2ff5125c46839cafa6fd68fb0750bb5207d95bc9b25b28
{
  "exact_match_rate_all_queries": 1.0,
  "exact_match_rate_parsed_queries": 1.0,
  "exact_matches": 1,
  "ignored_count": 0,
  "legacy_compatible_match_rate": 1.0,
  "mean_element_accuracy_parsed_queries": null,
  "parse_rate": 1.0,
  "parsed_count": 1,
  "query_count": 1
}
query_ids=031ecf58faf88c73f78329c5f94559b7304bd2248795001e13977af718528355
{
  "exact_match_rate_all_queries": 1.0,
  "exact_match_rate_parsed_queries": 1.0,
  "exact_matches": 1,
  "ignored_count": 0,
  "legacy_compatible_match_rate": 1.0,
  "mean_element_accuracy_parsed_queries": null,
  "parse_rate": 1.0,
  "parsed_count": 1,
  "query_count": 1
}
query_ids=01f702a870cccd2bef45a92a41138f926ec215aec25216881176be0eec8c175e
{
  "exact_match_rate_all_queries": 1.0,
  "exact_match_rate_parsed_queries": 1.0,
  "exact_matches": 1,
  "ignored_count": 0,
  "legacy_compatible_match_rate": 1.0,
  "mean_element_accuracy_parsed_queries": null,
  "parse_rate": 1.0,
  "parsed_count": 1,
  "query_count": 1
}
query_ids=3c094c4efced12193c4b5e9e6e148ddd773d9ad7f65c69549777703b7aa10f7b
{
  "exact_match_rate_all_queries": 1.0,
  "exact_match_rate_parsed_queries": 1.0,
  "exact_matches": 1,
  "ignored_count": 0,
  "legacy_compatible_match_rate": 1.0,
  "mean_element_accuracy_parsed_queries": null,
  "parse_rate": 1.0,
  "parsed_count": 1,
  "query_count": 1
}
query_ids=6a42fc2f693d4954ce832ba7e88d0bc4e79950f0403d6d7559321bc3914f2b99
{
  "exact_match_rate_all_queries": 1.0,
  "exact_match_rate_parsed_queries": 1.0,
  "exact_matches": 1,
  "ignored_count": 0,
  "legacy_compatible_match_rate": 1.0,
  "mean_element_accuracy_parsed_queries": null,
  "parse_rate": 1.0,
  "parsed_count": 1,
  "query_count": 1
}
query_ids=a69425d2d9a83e432ee01eb7faf3c19da62e0032168e8e37b6d385f66479c92c
{
  "exact_match_rate_all_queries": 1.0,
  "exact_match_rate_parsed_queries": 1.0,
  "exact_matches": 1,
  "ignored_count": 0,
  "legacy_compatible_match_rate": 1.0,
  "mean_element_accuracy_parsed_queries": null,
  "parse_rate": 1.0,
  "parsed_count": 1,
  "query_count": 1
}
query_ids=2bd5c6f230cc417a1fdbc54ec13ae14b61fb2ac9fdbd02f21692bb57a9f76f5c
{
  "exact_match_rate_all_queries": 1.0,
  "exact_match_rate_parsed_queries": 1.0,
  "exact_matches": 1,
  "ignored_count": 0,
  "legacy_compatible_match_rate": 1.0,
  "mean_element_accuracy_parsed_queries": null,
  "parse_rate": 1.0,
  "parsed_count": 1,
  "query_count": 1
}
query_ids=b0a1f4b0c813a8c6505222a14cc751a5f1950da66cc6b48a5106f624ba24f043
{
  "exact_match_rate_all_queries": 1.0,
  "exact_match_rate_parsed_queries": 1.0,
  "exact_matches": 1,
  "ignored_count": 0,
  "legacy_compatible_match_rate": 1.0,
  "mean_element_accuracy_parsed_queries": null,
  "parse_rate": 1.0,
  "parsed_count": 1,
  "query_count": 1
}
query_ids=ed65034c7e46bd7034d05e9323bb569956eed68ccf5b78a2a73a8494a9d780fa
{
  "exact_match_rate_all_queries": 1.0,
  "exact_match_rate_parsed_queries": 1.0,
  "exact_matches": 1,
  "ignored_count": 0,
  "legacy_compatible_match_rate": 1.0,
  "mean_element_accuracy_parsed_queries": null,
  "parse_rate": 1.0,
  "parsed_count": 1,
  "query_count": 1
}
query_ids=290c956cb7484ba6c1f0db3cf125cb18784687b20af719cebe891b1a6a372e7b
{
  "exact_match_rate_all_queries": 1.0,
  "exact_match_rate_parsed_queries": 1.0,
  "exact_matches": 1,
  "ignored_count": 0,
  "legacy_compatible_match_rate": 1.0,
  "mean_element_accuracy_parsed_queries": null,
  "parse_rate": 1.0,
  "parsed_count": 1,
  "query_count": 1
}
query_ids=332382d91346ce45f5ce43b2f9cfb165ec8c8176d6a842e7637d2a4a502567b3
{
  "exact_match_rate_all_queries": 1.0,
  "exact_match_rate_parsed_queries": 1.0,
  "exact_matches": 1,
  "ignored_count": 0,
  "legacy_compatible_match_rate": 1.0,
  "mean_element_accuracy_parsed_queries": null,
  "parse_rate": 1.0,
  "parsed_count": 1,
  "query_count": 1
}
query_ids=4d3fcd2b9b7dc1516b35a3aee53e6e24d5c8d85051b1aff929a87f454bcd5f89
{
  "exact_match_rate_all_queries": 1.0,
  "exact_match_rate_parsed_queries": 1.0,
  "exact_matches": 1,
  "ignored_count": 0,
  "legacy_compatible_match_rate": 1.0,
  "mean_element_accuracy_parsed_queries": null,
  "parse_rate": 1.0,
  "parsed_count": 1,
  "query_count": 1
}
query_ids=81d61b6edf73fe88e14077581fcd89f3e50cc534a39cde5e9ddce17f3d4dcaa4
{
  "exact_match_rate_all_queries": 1.0,
  "exact_match_rate_parsed_queries": 1.0,
  "exact_matches": 1,
  "ignored_count": 0,
  "legacy_compatible_match_rate": 1.0,
  "mean_element_accuracy_parsed_queries": null,
  "parse_rate": 1.0,
  "parsed_count": 1,
  "query_count": 1
}
query_ids=b5083dd36523fc20b25f6c04fa54cb1399bcc5bf79b21e4ec94d3b1e05ea887f
{
  "exact_match_rate_all_queries": 1.0,
  "exact_match_rate_parsed_queries": 1.0,
  "exact_matches": 1,
  "ignored_count": 0,
  "legacy_compatible_match_rate": 1.0,
  "mean_element_accuracy_parsed_queries": null,
  "parse_rate": 1.0,
  "parsed_count": 1,
  "query_count": 1
}
query_ids=0b44ef65d59c64f748932d24a75504451865780383fd6b68291016621a3945fb
{
  "exact_match_rate_all_queries": 1.0,
  "exact_match_rate_parsed_queries": 1.0,
  "exact_matches": 1,
  "ignored_count": 0,
  "legacy_compatible_match_rate": 1.0,
  "mean_element_accuracy_parsed_queries": null,
  "parse_rate": 1.0,
  "parsed_count": 1,
  "query_count": 1
}
query_ids=5f5a018e8159be122d36f2e5090a5b5e9221edac44a8993509087734d14bc7c6
{
  "exact_match_rate_all_queries": 1.0,
  "exact_match_rate_parsed_queries": 1.0,
  "exact_matches": 1,
  "ignored_count": 0,
  "legacy_compatible_match_rate": 1.0,
  "mean_element_accuracy_parsed_queries": null,
  "parse_rate": 1.0,
  "parsed_count": 1,
  "query_count": 1
}
query_ids=a605d4f17ebc3ce074874006701e489c452806f93706710a5fa2e5ad3207d4d4
{
  "exact_match_rate_all_queries": 1.0,
  "exact_match_rate_parsed_queries": 1.0,
  "exact_matches": 1,
  "ignored_count": 0,
  "legacy_compatible_match_rate": 1.0,
  "mean_element_accuracy_parsed_queries": null,
  "parse_rate": 1.0,
  "parsed_count": 1,
  "query_count": 1
}
query_ids=15c343bc9bb563dbb6f552b10cb8ad2c6648e2ed81b527d370b69187d7267282
{
  "exact_match_rate_all_queries": 1.0,
  "exact_match_rate_parsed_queries": 1.0,
  "exact_matches": 1,
  "ignored_count": 0,
  "legacy_compatible_match_rate": 1.0,
  "mean_element_accuracy_parsed_queries": null,
  "parse_rate": 1.0,
  "parsed_count": 1,
  "query_count": 1
}
query_ids=de34205e2e90e878b7e9f939df72801cfa7577b5a8fc29e0b082b3b537a05bb2
{
  "exact_match_rate_all_queries": 1.0,
  "exact_match_rate_parsed_queries": 1.0,
  "exact_matches": 1,
  "ignored_count": 0,
  "legacy_compatible_match_rate": 1.0,
  "mean_element_accuracy_parsed_queries": null,
  "parse_rate": 1.0,
  "parsed_count": 1,
  "query_count": 1
}
query_ids=317df2bd25373939c68816a9999c2a35cf4db72cecfebaeede9eb77e86925a78
{
  "exact_match_rate_all_queries": 1.0,
  "exact_match_rate_parsed_queries": 1.0,
  "exact_matches": 1,
  "ignored_count": 0,
  "legacy_compatible_match_rate": 1.0,
  "mean_element_accuracy_parsed_queries": null,
  "parse_rate": 1.0,
  "parsed_count": 1,
  "query_count": 1
}
query_ids=58dbe6460dd682ef1ac463fd7e37a687acc8725b079138241e6f752a2b572e2c
{
  "exact_match_rate_all_queries": 1.0,
  "exact_match_rate_parsed_queries": 1.0,
  "exact_matches": 1,
  "ignored_count": 0,
  "legacy_compatible_match_rate": 1.0,
  "mean_element_accuracy_parsed_queries": null,
  "parse_rate": 1.0,
  "parsed_count": 1,
  "query_count": 1
}
query_ids=21e5097e217b0a179773e9846d233810cf33250df75348f67adb55156680aef2
{
  "exact_match_rate_all_queries": 1.0,
  "exact_match_rate_parsed_queries": 1.0,
  "exact_matches": 1,
  "ignored_count": 0,
  "legacy_compatible_match_rate": 1.0,
  "mean_element_accuracy_parsed_queries": null,
  "parse_rate": 1.0,
  "parsed_count": 1,
  "query_count": 1
}
query_ids=13122b1c5c96dfbc9f829681fb2704a77b2bfebb134194f9f4cc524e59ccbd02
{
  "exact_match_rate_all_queries": 1.0,
  "exact_match_rate_parsed_queries": 1.0,
  "exact_matches": 1,
  "ignored_count": 0,
  "legacy_compatible_match_rate": 1.0,
  "mean_element_accuracy_parsed_queries": null,
  "parse_rate": 1.0,
  "parsed_count": 1,
  "query_count": 1
}
query_ids=7cee4038157e70aad6df5646db033e3e5b94fa51b23078fd3ea9c22c20d60dd1
{
  "exact_match_rate_all_queries": 1.0,
  "exact_match_rate_parsed_queries": 1.0,
  "exact_matches": 1,
  "ignored_count": 0,
  "legacy_compatible_match_rate": 1.0,
  "mean_element_accuracy_parsed_queries": null,
  "parse_rate": 1.0,
  "parsed_count": 1,
  "query_count": 1
}
query_ids=e4226c98237f6ec89dcdce925fc13802037e8666e31f1035a467d56f95ecf30e
{
  "exact_match_rate_all_queries": 1.0,
  "exact_match_rate_parsed_queries": 1.0,
  "exact_matches": 1,
  "ignored_count": 0,
  "legacy_compatible_match_rate": 1.0,
  "mean_element_accuracy_parsed_queries": null,
  "parse_rate": 1.0,
  "parsed_count": 1,
  "query_count": 1
}
query_ids=52a9cf7aa7ba2c4f7b32ba1f4bd6a4e750f0fbbf4da32d3c80f083f1b9ca3288
{
  "exact_match_rate_all_queries": 1.0,
  "exact_match_rate_parsed_queries": 1.0,
  "exact_matches": 1,
  "ignored_count": 0,
  "legacy_compatible_match_rate": 1.0,
  "mean_element_accuracy_parsed_queries": null,
  "parse_rate": 1.0,
  "parsed_count": 1,
  "query_count": 1
}
query_ids=1bf798f51001d4f3aac2e6de6c76133c2a4c781949d8ebefac957b6848a7abee
{
  "exact_match_rate_all_queries": 1.0,
  "exact_match_rate_parsed_queries": 1.0,
  "exact_matches": 1,
  "ignored_count": 0,
  "legacy_compatible_match_rate": 1.0,
  "mean_element_accuracy_parsed_queries": null,
  "parse_rate": 1.0,
  "parsed_count": 1,
  "query_count": 1
}
query_ids=cedc52e140d44bd8cf58dcfdccdf666cb7c8e2c9448ec87f56cc6a6c5e8a560b
{
  "exact_match_rate_all_queries": 1.0,
  "exact_match_rate_parsed_queries": 1.0,
  "exact_matches": 1,
  "ignored_count": 0,
  "legacy_compatible_match_rate": 1.0,
  "mean_element_accuracy_parsed_queries": null,
  "parse_rate": 1.0,
  "parsed_count": 1,
  "query_count": 1
}
query_ids=90bdd6992347fa1d5c3202232c7522427167ec93f43302852652d8079273f464
{
  "exact_match_rate_all_queries": 1.0,
  "exact_match_rate_parsed_queries": 1.0,
  "exact_matches": 1,
  "ignored_count": 0,
  "legacy_compatible_match_rate": 1.0,
  "mean_element_accuracy_parsed_queries": null,
  "parse_rate": 1.0,
  "parsed_count": 1,
  "query_count": 1
}
query_ids=9144b3fe04b683694c437552bb406c9eeba4d52186a09fa587cd5655025fc372
{
  "exact_match_rate_all_queries": 1.0,
  "exact_match_rate_parsed_queries": 1.0,
  "exact_matches": 1,
  "ignored_count": 0,
  "legacy_compatible_match_rate": 1.0,
  "mean_element_accuracy_parsed_queries": null,
  "parse_rate": 1.0,
  "parsed_count": 1,
  "query_count": 1
}
query_ids=ea2db222c47dcaf1300c01229e950ec8281930ddc80e57961ca99e11fd18e537
{
  "exact_match_rate_all_queries": 1.0,
  "exact_match_rate_parsed_queries": 1.0,
  "exact_matches": 1,
  "ignored_count": 0,
  "legacy_compatible_match_rate": 1.0,
  "mean_element_accuracy_parsed_queries": null,
  "parse_rate": 1.0,
  "parsed_count": 1,
  "query_count": 1
}
query_ids=507240fbec48abd71ec161cd8343569362fe15e774009d5d8cf5049d2a2313c3
{
  "exact_match_rate_all_queries": 1.0,
  "exact_match_rate_parsed_queries": 1.0,
  "exact_matches": 1,
  "ignored_count": 0,
  "legacy_compatible_match_rate": 1.0,
  "mean_element_accuracy_parsed_queries": null,
  "parse_rate": 1.0,
  "parsed_count": 1,
  "query_count": 1
}
query_ids=ac4780690d2c5f38bbf0ea02c6fbd6e943a8b7a46ef39dbd14ead50ed32b404a
{
  "exact_match_rate_all_queries": 1.0,
  "exact_match_rate_parsed_queries": 1.0,
  "exact_matches": 1,
  "ignored_count": 0,
  "legacy_compatible_match_rate": 1.0,
  "mean_element_accuracy_parsed_queries": null,
  "parse_rate": 1.0,
  "parsed_count": 1,
  "query_count": 1
}
query_ids=9b0f2812ace4c119c50e5a72a7791c0c8f4118401b47fd05217dc0b2aa620e56
{
  "exact_match_rate_all_queries": 1.0,
  "exact_match_rate_parsed_queries": 1.0,
  "exact_matches": 1,
  "ignored_count": 0,
  "legacy_compatible_match_rate": 1.0,
  "mean_element_accuracy_parsed_queries": null,
  "parse_rate": 1.0,
  "parsed_count": 1,
  "query_count": 1
}
query_ids=b8cecb67eb10c55338826496cafea4eaaf62c27759d7407f5e277468ad44eff9
{
  "exact_match_rate_all_queries": 1.0,
  "exact_match_rate_parsed_queries": 1.0,
  "exact_matches": 1,
  "ignored_count": 0,
  "legacy_compatible_match_rate": 1.0,
  "mean_element_accuracy_parsed_queries": null,
  "parse_rate": 1.0,
  "parsed_count": 1,
  "query_count": 1
}
query_ids=7886b268a970c0454e73af90519a757cb8e4236d58bda67a4e07af6ba6e4274c
{
  "exact_match_rate_all_queries": 1.0,
  "exact_match_rate_parsed_queries": 1.0,
  "exact_matches": 1,
  "ignored_count": 0,
  "legacy_compatible_match_rate": 1.0,
  "mean_element_accuracy_parsed_queries": null,
  "parse_rate": 1.0,
  "parsed_count": 1,
  "query_count": 1
}
query_ids=8e3a3693990670eb6e5a487b04b3fbb7a3550f5d11b6d69574c2bed477b6c16d
{
  "exact_match_rate_all_queries": 1.0,
  "exact_match_rate_parsed_queries": 1.0,
  "exact_matches": 1,
  "ignored_count": 0,
  "legacy_compatible_match_rate": 1.0,
  "mean_element_accuracy_parsed_queries": null,
  "parse_rate": 1.0,
  "parsed_count": 1,
  "query_count": 1
}
query_ids=5a40e6653abb1dbe700153617113514f699a618bd51abb66d198ea0f9a86007e
{
  "exact_match_rate_all_queries": 1.0,
  "exact_match_rate_parsed_queries": 1.0,
  "exact_matches": 1,
  "ignored_count": 0,
  "legacy_compatible_match_rate": 1.0,
  "mean_element_accuracy_parsed_queries": null,
  "parse_rate": 1.0,
  "parsed_count": 1,
  "query_count": 1
}
query_ids=f04b94c14a2f09f32a38fd297d9ab4e459c360c984b701b4230bba4e59998545
{
  "exact_match_rate_all_queries": 1.0,
  "exact_match_rate_parsed_queries": 1.0,
  "exact_matches": 1,
  "ignored_count": 0,
  "legacy_compatible_match_rate": 1.0,
  "mean_element_accuracy_parsed_queries": null,
  "parse_rate": 1.0,
  "parsed_count": 1,
  "query_count": 1
}
query_ids=be80f5db6e8d298f8bac65423888e9447bcb922991eea7a07ee09de0f819e95e
{
  "exact_match_rate_all_queries": 1.0,
  "exact_match_rate_parsed_queries": 1.0,
  "exact_matches": 1,
  "ignored_count": 0,
  "legacy_compatible_match_rate": 1.0,
  "mean_element_accuracy_parsed_queries": null,
  "parse_rate": 1.0,
  "parsed_count": 1,
  "query_count": 1
}
query_ids=781131383c896758e59bb3991aa0fd7d5716b759488815b6bf22e2250c0a4b4d
{
  "exact_match_rate_all_queries": 1.0,
  "exact_match_rate_parsed_queries": 1.0,
  "exact_matches": 1,
  "ignored_count": 0,
  "legacy_compatible_match_rate": 1.0,
  "mean_element_accuracy_parsed_queries": null,
  "parse_rate": 1.0,
  "parsed_count": 1,
  "query_count": 1
}
query_ids=7a0e5e290d21d4fe6a8e23540e1b4cafdbe2c9d33ba547bca9ab7a4acedf49bb
{
  "exact_match_rate_all_queries": 1.0,
  "exact_match_rate_parsed_queries": 1.0,
  "exact_matches": 1,
  "ignored_count": 0,
  "legacy_compatible_match_rate": 1.0,
  "mean_element_accuracy_parsed_queries": null,
  "parse_rate": 1.0,
  "parsed_count": 1,
  "query_count": 1
}
query_ids=dc8c4eefd727b4874c9a23f8db6b03085232c37c75877be456fbde67f4515876
{
  "exact_match_rate_all_queries": 1.0,
  "exact_match_rate_parsed_queries": 1.0,
  "exact_matches": 1,
  "ignored_count": 0,
  "legacy_compatible_match_rate": 1.0,
  "mean_element_accuracy_parsed_queries": null,
  "parse_rate": 1.0,
  "parsed_count": 1,
  "query_count": 1
}
query_ids=282b2306ef8d9ce79d59675883f97a74a2ce3fa954c619f4f6ccdfd5658778d8
{
  "exact_match_rate_all_queries": 1.0,
  "exact_match_rate_parsed_queries": 1.0,
  "exact_matches": 1,
  "ignored_count": 0,
  "legacy_compatible_match_rate": 1.0,
  "mean_element_accuracy_parsed_queries": null,
  "parse_rate": 1.0,
  "parsed_count": 1,
  "query_count": 1
}
query_ids=195d72956f95e9633fa30c843920677fb17d98b9168d838d2b6be2e1512e9ec7
{
  "exact_match_rate_all_queries": 1.0,
  "exact_match_rate_parsed_queries": 1.0,
  "exact_matches": 1,
  "ignored_count": 0,
  "legacy_compatible_match_rate": 1.0,
  "mean_element_accuracy_parsed_queries": null,
  "parse_rate": 1.0,
  "parsed_count": 1,
  "query_count": 1
}
query_ids=e829de0e81d45e206c6f1ec632fac270ebcf87db064564306183543d09c3dcf1
{
  "exact_match_rate_all_queries": 1.0,
  "exact_match_rate_parsed_queries": 1.0,
  "exact_matches": 1,
  "ignored_count": 0,
  "legacy_compatible_match_rate": 1.0,
  "mean_element_accuracy_parsed_queries": null,
  "parse_rate": 1.0,
  "parsed_count": 1,
  "query_count": 1
}
query_ids=6d45140fa7e8d534c3ed38db5e935485081051c37735204b3860ceae69ca850e
{
  "exact_match_rate_all_queries": 1.0,
  "exact_match_rate_parsed_queries": 1.0,
  "exact_matches": 1,
  "ignored_count": 0,
  "legacy_compatible_match_rate": 1.0,
  "mean_element_accuracy_parsed_queries": null,
  "parse_rate": 1.0,
  "parsed_count": 1,
  "query_count": 1
}
query_ids=cbf6924aaa6b7359bd10cbb9cc2bfc4747030b903b5b97b31f01c17e2da9ff70
{
  "exact_match_rate_all_queries": 1.0,
  "exact_match_rate_parsed_queries": 1.0,
  "exact_matches": 1,
  "ignored_count": 0,
  "legacy_compatible_match_rate": 1.0,
  "mean_element_accuracy_parsed_queries": null,
  "parse_rate": 1.0,
  "parsed_count": 1,
  "query_count": 1
}
query_ids=ff24e8063bd0889fcc0c83d2d67557bb7c67180f7c8129618af19f7929c215d9
{
  "exact_match_rate_all_queries": 1.0,
  "exact_match_rate_parsed_queries": 1.0,
  "exact_matches": 1,
  "ignored_count": 0,
  "legacy_compatible_match_rate": 1.0,
  "mean_element_accuracy_parsed_queries": null,
  "parse_rate": 1.0,
  "parsed_count": 1,
  "query_count": 1
}
query_ids=7826167a59ee8b6b4a56ba53f31bd5b2efcc416d74747547eb373e25ed47ba6b
{
  "exact_match_rate_all_queries": 1.0,
  "exact_match_rate_parsed_queries": 1.0,
  "exact_matches": 1,
  "ignored_count": 0,
  "legacy_compatible_match_rate": 1.0,
  "mean_element_accuracy_parsed_queries": null,
  "parse_rate": 1.0,
  "parsed_count": 1,
  "query_count": 1
}
query_ids=84237d6b294ec2b2f8ef937b58eb4cd699a0f071e1ae1836fb15db15b208f626
{
  "exact_match_rate_all_queries": 1.0,
  "exact_match_rate_parsed_queries": 1.0,
  "exact_matches": 1,
  "ignored_count": 0,
  "legacy_compatible_match_rate": 1.0,
  "mean_element_accuracy_parsed_queries": null,
  "parse_rate": 1.0,
  "parsed_count": 1,
  "query_count": 1
}
query_ids=21c3e9742e2217c71cfd0a5adf5434e149058c36bb9c109ffc0025d71fd4d5e4
{
  "exact_match_rate_all_queries": 1.0,
  "exact_match_rate_parsed_queries": 1.0,
  "exact_matches": 1,
  "ignored_count": 0,
  "legacy_compatible_match_rate": 1.0,
  "mean_element_accuracy_parsed_queries": null,
  "parse_rate": 1.0,
  "parsed_count": 1,
  "query_count": 1
}
query_ids=13bc3d5e8e7ad566f5b46e46dd3afaf1ed50d994bf5b5907b764ef9a9d53c656
{
  "exact_match_rate_all_queries": 1.0,
  "exact_match_rate_parsed_queries": 1.0,
  "exact_matches": 1,
  "ignored_count": 0,
  "legacy_compatible_match_rate": 1.0,
  "mean_element_accuracy_parsed_queries": null,
  "parse_rate": 1.0,
  "parsed_count": 1,
  "query_count": 1
}
query_ids=4490769afcb5a48a91c4b557e900a1fdc75fbea46dbe061f28c3b9d197253a39
{
  "exact_match_rate_all_queries": 1.0,
  "exact_match_rate_parsed_queries": 1.0,
  "exact_matches": 1,
  "ignored_count": 0,
  "legacy_compatible_match_rate": 1.0,
  "mean_element_accuracy_parsed_queries": null,
  "parse_rate": 1.0,
  "parsed_count": 1,
  "query_count": 1
}
query_ids=bfb7ee37c088611dc5c6aac54ddd7dbacf34c37b30e5ce7113efd910479bc9f7
{
  "exact_match_rate_all_queries": 1.0,
  "exact_match_rate_parsed_queries": 1.0,
  "exact_matches": 1,
  "ignored_count": 0,
  "legacy_compatible_match_rate": 1.0,
  "mean_element_accuracy_parsed_queries": null,
  "parse_rate": 1.0,
  "parsed_count": 1,
  "query_count": 1
}
query_ids=61152619dc7254abfc398c876209b4eeb0c51de95c2b54620c90538a99f7287b
{
  "exact_match_rate_all_queries": 1.0,
  "exact_match_rate_parsed_queries": 1.0,
  "exact_matches": 1,
  "ignored_count": 0,
  "legacy_compatible_match_rate": 1.0,
  "mean_element_accuracy_parsed_queries": null,
  "parse_rate": 1.0,
  "parsed_count": 1,
  "query_count": 1
}
query_ids=6ee99f46aba4c8ceb520d609b088ad3444a354d21bcff60c12bff48caf0ec851
{
  "exact_match_rate_all_queries": 1.0,
  "exact_match_rate_parsed_queries": 1.0,
  "exact_matches": 1,
  "ignored_count": 0,
  "legacy_compatible_match_rate": 1.0,
  "mean_element_accuracy_parsed_queries": null,
  "parse_rate": 1.0,
  "parsed_count": 1,
  "query_count": 1
}
query_ids=0936ed11a8b987952e6578d48343f87f314472df87a358048790c82e44a85c1d
{
  "exact_match_rate_all_queries": 1.0,
  "exact_match_rate_parsed_queries": 1.0,
  "exact_matches": 1,
  "ignored_count": 0,
  "legacy_compatible_match_rate": 1.0,
  "mean_element_accuracy_parsed_queries": null,
  "parse_rate": 1.0,
  "parsed_count": 1,
  "query_count": 1
}
query_ids=dff030fe6780265f6b7f06a9f48c4459cc26cd093b5f582beae65f8558e67bb7
{
  "exact_match_rate_all_queries": 1.0,
  "exact_match_rate_parsed_queries": 1.0,
  "exact_matches": 1,
  "ignored_count": 0,
  "legacy_compatible_match_rate": 1.0,
  "mean_element_accuracy_parsed_queries": null,
  "parse_rate": 1.0,
  "parsed_count": 1,
  "query_count": 1
}
query_ids=2deb24716f284f702b54f8daa93772582ea5cc42c122e491bc0cfbd415a4c894
{
  "exact_match_rate_all_queries": 1.0,
  "exact_match_rate_parsed_queries": 1.0,
  "exact_matches": 1,
  "ignored_count": 0,
  "legacy_compatible_match_rate": 1.0,
  "mean_element_accuracy_parsed_queries": null,
  "parse_rate": 1.0,
  "parsed_count": 1,
  "query_count": 1
}
query_ids=22913cf8c1080b8f0b159426c02522ce8d524dec7146433d5305b3db2b02f715
{
  "exact_match_rate_all_queries": 1.0,
  "exact_match_rate_parsed_queries": 1.0,
  "exact_matches": 1,
  "ignored_count": 0,
  "legacy_compatible_match_rate": 1.0,
  "mean_element_accuracy_parsed_queries": null,
  "parse_rate": 1.0,
  "parsed_count": 1,
  "query_count": 1
}
query_ids=e9d9506a2158f358f4c7b6564c62a2542c983b4643e7d9aec37ae6937e4b2ed4
{
  "exact_match_rate_all_queries": 1.0,
  "exact_match_rate_parsed_queries": 1.0,
  "exact_matches": 1,
  "ignored_count": 0,
  "legacy_compatible_match_rate": 1.0,
  "mean_element_accuracy_parsed_queries": null,
  "parse_rate": 1.0,
  "parsed_count": 1,
  "query_count": 1
}
query_ids=f4998fb7266b602e5c228dd72db4b8a8bbac353881e8d68182b8ca769fd44574
{
  "exact_match_rate_all_queries": 1.0,
  "exact_match_rate_parsed_queries": 1.0,
  "exact_matches": 1,
  "ignored_count": 0,
  "legacy_compatible_match_rate": 1.0,
  "mean_element_accuracy_parsed_queries": null,
  "parse_rate": 1.0,
  "parsed_count": 1,
  "query_count": 1
}
query_ids=a1d24dc72c677b29a991e8e13fb60820d19b3c85b26394cf87efbbaa93088475
{
  "exact_match_rate_all_queries": 1.0,
  "exact_match_rate_parsed_queries": 1.0,
  "exact_matches": 1,
  "ignored_count": 0,
  "legacy_compatible_match_rate": 1.0,
  "mean_element_accuracy_parsed_queries": null,
  "parse_rate": 1.0,
  "parsed_count": 1,
  "query_count": 1
}
query_ids=65f07dc626cc2314c31a61ce1e14a39b7a74ab505cc3da5ecf8843d2ff087379
{
  "exact_match_rate_all_queries": 1.0,
  "exact_match_rate_parsed_queries": 1.0,
  "exact_matches": 1,
  "ignored_count": 0,
  "legacy_compatible_match_rate": 1.0,
  "mean_element_accuracy_parsed_queries": null,
  "parse_rate": 1.0,
  "parsed_count": 1,
  "query_count": 1
}
query_ids=fb07b9be75b6f0a28a36a8309ae7866da28c905dc75bfa80ca8c003abf2d9f17
{
  "exact_match_rate_all_queries": 1.0,
  "exact_match_rate_parsed_queries": 1.0,
  "exact_matches": 1,
  "ignored_count": 0,
  "legacy_compatible_match_rate": 1.0,
  "mean_element_accuracy_parsed_queries": null,
  "parse_rate": 1.0,
  "parsed_count": 1,
  "query_count": 1
}
query_ids=edb863a65979fb97e59668931bcd63583574f9d7c8ad43ae142860886470fca7
{
  "exact_match_rate_all_queries": 1.0,
  "exact_match_rate_parsed_queries": 1.0,
  "exact_matches": 1,
  "ignored_count": 0,
  "legacy_compatible_match_rate": 1.0,
  "mean_element_accuracy_parsed_queries": 1.0,
  "parse_rate": 1.0,
  "parsed_count": 1,
  "query_count": 1
}
query_ids=4e819c1a6f23b7726ad239534b6723cd6562f24b32354c1eaef6da99df6ddd8c
{
  "exact_match_rate_all_queries": 1.0,
  "exact_match_rate_parsed_queries": 1.0,
  "exact_matches": 1,
  "ignored_count": 0,
  "legacy_compatible_match_rate": 1.0,
  "mean_element_accuracy_parsed_queries": 1.0,
  "parse_rate": 1.0,
  "parsed_count": 1,
  "query_count": 1
}
query_ids=e62b838ceb0c867d8636fd00a8eb77454f3d2502b6ad4084c6f3df3e23eabea9
{
  "exact_match_rate_all_queries": 1.0,
  "exact_match_rate_parsed_queries": 1.0,
  "exact_matches": 1,
  "ignored_count": 0,
  "legacy_compatible_match_rate": 1.0,
  "mean_element_accuracy_parsed_queries": 1.0,
  "parse_rate": 1.0,
  "parsed_count": 1,
  "query_count": 1
}
query_ids=00c35294d7cca9be8b5f6ce97665ab50bac912e275c98790e443d313028fb24a
{
  "exact_match_rate_all_queries": 1.0,
  "exact_match_rate_parsed_queries": 1.0,
  "exact_matches": 1,
  "ignored_count": 0,
  "legacy_compatible_match_rate": 1.0,
  "mean_element_accuracy_parsed_queries": 1.0,
  "parse_rate": 1.0,
  "parsed_count": 1,
  "query_count": 1
}
query_ids=74f4980d26613ffc8c61772c48902a7cea4021b5168794e9b498b1471ac67646
{
  "exact_match_rate_all_queries": 1.0,
  "exact_match_rate_parsed_queries": 1.0,
  "exact_matches": 1,
  "ignored_count": 0,
  "legacy_compatible_match_rate": 1.0,
  "mean_element_accuracy_parsed_queries": 1.0,
  "parse_rate": 1.0,
  "parsed_count": 1,
  "query_count": 1
}
query_ids=2e0b037db4b18f85c3939fbfb984e392ee954a5c7206e4d558c67068812eab5b
{
  "exact_match_rate_all_queries": 1.0,
  "exact_match_rate_parsed_queries": 1.0,
  "exact_matches": 1,
  "ignored_count": 0,
  "legacy_compatible_match_rate": 1.0,
  "mean_element_accuracy_parsed_queries": 1.0,
  "parse_rate": 1.0,
  "parsed_count": 1,
  "query_count": 1
}
query_ids=8da7736a71065728de7333b95cea2b7300eeecd266d83d250d10dad2e036e686
{
  "exact_match_rate_all_queries": 1.0,
  "exact_match_rate_parsed_queries": 1.0,
  "exact_matches": 1,
  "ignored_count": 0,
  "legacy_compatible_match_rate": 1.0,
  "mean_element_accuracy_parsed_queries": 1.0,
  "parse_rate": 1.0,
  "parsed_count": 1,
  "query_count": 1
}
query_ids=61f31e0fe55de71797f0162129e7787fc2e284a387ec5b02e4001984aae012de
{
  "exact_match_rate_all_queries": 1.0,
  "exact_match_rate_parsed_queries": 1.0,
  "exact_matches": 1,
  "ignored_count": 0,
  "legacy_compatible_match_rate": 1.0,
  "mean_element_accuracy_parsed_queries": 1.0,
  "parse_rate": 1.0,
  "parsed_count": 1,
  "query_count": 1
}
query_ids=8b641148ded62c12dc7924349f4d96ee79c6c7683d3172cbdda6c8582e85cc93
{
  "exact_match_rate_all_queries": 1.0,
  "exact_match_rate_parsed_queries": 1.0,
  "exact_matches": 1,
  "ignored_count": 0,
  "legacy_compatible_match_rate": 1.0,
  "mean_element_accuracy_parsed_queries": 1.0,
  "parse_rate": 1.0,
  "parsed_count": 1,
  "query_count": 1
}
query_ids=5a03b2aafc08d04b23a4cefc7747df1070afe4f468168dba14a326c027367395
{
  "exact_match_rate_all_queries": 1.0,
  "exact_match_rate_parsed_queries": 1.0,
  "exact_matches": 1,
  "ignored_count": 0,
  "legacy_compatible_match_rate": 1.0,
  "mean_element_accuracy_parsed_queries": 1.0,
  "parse_rate": 1.0,
  "parsed_count": 1,
  "query_count": 1
}
query_ids=ed2b99ecb125867294c792f2f10a9eff2fc276c526a248c2d749a73da17cac22
{
  "exact_match_rate_all_queries": 1.0,
  "exact_match_rate_parsed_queries": 1.0,
  "exact_matches": 1,
  "ignored_count": 0,
  "legacy_compatible_match_rate": 1.0,
  "mean_element_accuracy_parsed_queries": 1.0,
  "parse_rate": 1.0,
  "parsed_count": 1,
  "query_count": 1
}
query_ids=d6bd41998d596e125cac43a3b22baede989d1b9364b0547b3a7e580851522ba0
{
  "exact_match_rate_all_queries": 1.0,
  "exact_match_rate_parsed_queries": 1.0,
  "exact_matches": 1,
  "ignored_count": 0,
  "legacy_compatible_match_rate": 1.0,
  "mean_element_accuracy_parsed_queries": 1.0,
  "parse_rate": 1.0,
  "parsed_count": 1,
  "query_count": 1
}
query_ids=4c64a53f6e257aa806fb8f35ba35fc651c5d7908587ecc268ea3d82f602b742a
{
  "exact_match_rate_all_queries": 1.0,
  "exact_match_rate_parsed_queries": 1.0,
  "exact_matches": 1,
  "ignored_count": 0,
  "legacy_compatible_match_rate": 1.0,
  "mean_element_accuracy_parsed_queries": 1.0,
  "parse_rate": 1.0,
  "parsed_count": 1,
  "query_count": 1
}
query_ids=084d010e01c27ac5fb031d30163cb5520b6b3ea5d1777bc5398e6be0b1c6c408
{
  "exact_match_rate_all_queries": 1.0,
  "exact_match_rate_parsed_queries": 1.0,
  "exact_matches": 1,
  "ignored_count": 0,
  "legacy_compatible_match_rate": 1.0,
  "mean_element_accuracy_parsed_queries": 1.0,
  "parse_rate": 1.0,
  "parsed_count": 1,
  "query_count": 1
}
query_ids=8b6ed49fe9bc57de5361537689dcb7e6863fbeaffeff0baa347b6b6696626d56
{
  "exact_match_rate_all_queries": 1.0,
  "exact_match_rate_parsed_queries": 1.0,
  "exact_matches": 1,
  "ignored_count": 0,
  "legacy_compatible_match_rate": 1.0,
  "mean_element_accuracy_parsed_queries": 1.0,
  "parse_rate": 1.0,
  "parsed_count": 1,
  "query_count": 1
}
query_ids=21ade1f4afe07b5709cd4fceb6146a3660f6f40baa7f12e73bcf7ba86ff28130
{
  "exact_match_rate_all_queries": 1.0,
  "exact_match_rate_parsed_queries": 1.0,
  "exact_matches": 1,
  "ignored_count": 0,
  "legacy_compatible_match_rate": 1.0,
  "mean_element_accuracy_parsed_queries": 1.0,
  "parse_rate": 1.0,
  "parsed_count": 1,
  "query_count": 1
}
query_ids=9c1b991cca7494425f57bec94c2fcc83180c93f0cca471be4f64b8be717dfb02
{
  "exact_match_rate_all_queries": 1.0,
  "exact_match_rate_parsed_queries": 1.0,
  "exact_matches": 1,
  "ignored_count": 0,
  "legacy_compatible_match_rate": 1.0,
  "mean_element_accuracy_parsed_queries": 1.0,
  "parse_rate": 1.0,
  "parsed_count": 1,
  "query_count": 1
}
query_ids=2656c13e726b2d84006b4bdf193e3eafc91a8dd1a76deac6f2db730f559203cc
{
  "exact_match_rate_all_queries": 1.0,
  "exact_match_rate_parsed_queries": 1.0,
  "exact_matches": 1,
  "ignored_count": 0,
  "legacy_compatible_match_rate": 1.0,
  "mean_element_accuracy_parsed_queries": 1.0,
  "parse_rate": 1.0,
  "parsed_count": 1,
  "query_count": 1
}
query_ids=ff3eff83d55d062656d09d339fa695333a2637177dfb982abfb57a95aaa1492e
{
  "exact_match_rate_all_queries": 1.0,
  "exact_match_rate_parsed_queries": 1.0,
  "exact_matches": 1,
  "ignored_count": 0,
  "legacy_compatible_match_rate": 1.0,
  "mean_element_accuracy_parsed_queries": 1.0,
  "parse_rate": 1.0,
  "parsed_count": 1,
  "query_count": 1
}
query_ids=ec16e4bab7502941621d8714a48bce67621f501d30e9f7f400359661ba605e80
{
  "exact_match_rate_all_queries": 1.0,
  "exact_match_rate_parsed_queries": 1.0,
  "exact_matches": 1,
  "ignored_count": 0,
  "legacy_compatible_match_rate": 1.0,
  "mean_element_accuracy_parsed_queries": 1.0,
  "parse_rate": 1.0,
  "parsed_count": 1,
  "query_count": 1
}
query_ids=ce02265e4f728221f4eb88660dbe531a31b62ff906ec412f93f9ac87aa292186
{
  "exact_match_rate_all_queries": 1.0,
  "exact_match_rate_parsed_queries": 1.0,
  "exact_matches": 1,
  "ignored_count": 0,
  "legacy_compatible_match_rate": 1.0,
  "mean_element_accuracy_parsed_queries": 1.0,
  "parse_rate": 1.0,
  "parsed_count": 1,
  "query_count": 1
}
query_ids=5027cc5238c25a78da548347b6fd323f81561786ed0b708e6b8da7dd40eb17d4
{
  "exact_match_rate_all_queries": 1.0,
  "exact_match_rate_parsed_queries": 1.0,
  "exact_matches": 1,
  "ignored_count": 0,
  "legacy_compatible_match_rate": 1.0,
  "mean_element_accuracy_parsed_queries": 1.0,
  "parse_rate": 1.0,
  "parsed_count": 1,
  "query_count": 1
}
query_ids=23e106b313022d3e3176e7d7ace8b8b5dc49d987864aeeaa64358afbee0117f0
{
  "exact_match_rate_all_queries": 1.0,
  "exact_match_rate_parsed_queries": 1.0,
  "exact_matches": 1,
  "ignored_count": 0,
  "legacy_compatible_match_rate": 1.0,
  "mean_element_accuracy_parsed_queries": 1.0,
  "parse_rate": 1.0,
  "parsed_count": 1,
  "query_count": 1
}
query_ids=3c61388022b15abbe65421153bf4d8b1a4d33c8c00524e710de49c6af52ae537
{
  "exact_match_rate_all_queries": 1.0,
  "exact_match_rate_parsed_queries": 1.0,
  "exact_matches": 1,
  "ignored_count": 0,
  "legacy_compatible_match_rate": 1.0,
  "mean_element_accuracy_parsed_queries": 1.0,
  "parse_rate": 1.0,
  "parsed_count": 1,
  "query_count": 1
}
query_ids=83fd04e86785c229a8e4b7f5dd8a44673995c96a81ab8352fc7bc74e90142f5b
{
  "exact_match_rate_all_queries": 1.0,
  "exact_match_rate_parsed_queries": 1.0,
  "exact_matches": 1,
  "ignored_count": 0,
  "legacy_compatible_match_rate": 1.0,
  "mean_element_accuracy_parsed_queries": 1.0,
  "parse_rate": 1.0,
  "parsed_count": 1,
  "query_count": 1
}
query_ids=b8a15c877710f7e27037773ed2635129bafee4ce4ba8675f8b4d08d207bc7e87
{
  "exact_match_rate_all_queries": 1.0,
  "exact_match_rate_parsed_queries": 1.0,
  "exact_matches": 1,
  "ignored_count": 0,
  "legacy_compatible_match_rate": 1.0,
  "mean_element_accuracy_parsed_queries": 1.0,
  "parse_rate": 1.0,
  "parsed_count": 1,
  "query_count": 1
}
query_ids=d8b80ae3e13468548fb0ebc62d90f8573df5323a3e0ba7df3b97dedaed536346
{
  "exact_match_rate_all_queries": 1.0,
  "exact_match_rate_parsed_queries": 1.0,
  "exact_matches": 1,
  "ignored_count": 0,
  "legacy_compatible_match_rate": 1.0,
  "mean_element_accuracy_parsed_queries": 1.0,
  "parse_rate": 1.0,
  "parsed_count": 1,
  "query_count": 1
}
query_ids=5e711fc00ca09dc5b1150245a469d6f2c69b03e01f4d606d8c5a10bf162f772b
{
  "exact_match_rate_all_queries": 1.0,
  "exact_match_rate_parsed_queries": 1.0,
  "exact_matches": 1,
  "ignored_count": 0,
  "legacy_compatible_match_rate": 1.0,
  "mean_element_accuracy_parsed_queries": 1.0,
  "parse_rate": 1.0,
  "parsed_count": 1,
  "query_count": 1
}
query_ids=a12571d5f0522ade90f350fa23a985351935cb215d59b08d23ffc9a31163489f
{
  "exact_match_rate_all_queries": 1.0,
  "exact_match_rate_parsed_queries": 1.0,
  "exact_matches": 1,
  "ignored_count": 0,
  "legacy_compatible_match_rate": 1.0,
  "mean_element_accuracy_parsed_queries": 1.0,
  "parse_rate": 1.0,
  "parsed_count": 1,
  "query_count": 1
}
query_ids=2476a545a58af67be99a2f61e1171d4cf909e89b393ccca85f660717df872b14
{
  "exact_match_rate_all_queries": 1.0,
  "exact_match_rate_parsed_queries": 1.0,
  "exact_matches": 1,
  "ignored_count": 0,
  "legacy_compatible_match_rate": 1.0,
  "mean_element_accuracy_parsed_queries": 1.0,
  "parse_rate": 1.0,
  "parsed_count": 1,
  "query_count": 1
}
query_ids=6455826aa15db263320128b98b4dbf63aff1d25f7c5a7293651e1cd24364dc04
{
  "exact_match_rate_all_queries": 1.0,
  "exact_match_rate_parsed_queries": 1.0,
  "exact_matches": 1,
  "ignored_count": 0,
  "legacy_compatible_match_rate": 1.0,
  "mean_element_accuracy_parsed_queries": 1.0,
  "parse_rate": 1.0,
  "parsed_count": 1,
  "query_count": 1
}
query_ids=6c84efae720af896c3d191164f38a79260476b0e499e30fad8543fdcacb2770e
{
  "exact_match_rate_all_queries": 1.0,
  "exact_match_rate_parsed_queries": 1.0,
  "exact_matches": 1,
  "ignored_count": 0,
  "legacy_compatible_match_rate": 1.0,
  "mean_element_accuracy_parsed_queries": 1.0,
  "parse_rate": 1.0,
  "parsed_count": 1,
  "query_count": 1
}
query_ids=b343287ed3e7171c5463973b331c4b0a69e003b6295f181f782f60e9800b3a00
{
  "exact_match_rate_all_queries": 1.0,
  "exact_match_rate_parsed_queries": 1.0,
  "exact_matches": 1,
  "ignored_count": 0,
  "legacy_compatible_match_rate": 1.0,
  "mean_element_accuracy_parsed_queries": 1.0,
  "parse_rate": 1.0,
  "parsed_count": 1,
  "query_count": 1
}
query_ids=90d8f4cda3ed33aea9f56825f4f4679e367346cec682e739c1458742ad4a6723
{
  "exact_match_rate_all_queries": 1.0,
  "exact_match_rate_parsed_queries": 1.0,
  "exact_matches": 1,
  "ignored_count": 0,
  "legacy_compatible_match_rate": 1.0,
  "mean_element_accuracy_parsed_queries": 1.0,
  "parse_rate": 1.0,
  "parsed_count": 1,
  "query_count": 1
}
query_ids=934bcc504a59bfaea0d8691e660e01b936c999f8add189feadd85fb3f51768a5
{
  "exact_match_rate_all_queries": 1.0,
  "exact_match_rate_parsed_queries": 1.0,
  "exact_matches": 1,
  "ignored_count": 0,
  "legacy_compatible_match_rate": 1.0,
  "mean_element_accuracy_parsed_queries": 1.0,
  "parse_rate": 1.0,
  "parsed_count": 1,
  "query_count": 1
}
query_ids=7a6c4e36cdce2688e31868c903bcf9974ca48a646c394fdf646edb36c9b11127
{
  "exact_match_rate_all_queries": 1.0,
  "exact_match_rate_parsed_queries": 1.0,
  "exact_matches": 1,
  "ignored_count": 0,
  "legacy_compatible_match_rate": 1.0,
  "mean_element_accuracy_parsed_queries": 1.0,
  "parse_rate": 1.0,
  "parsed_count": 1,
  "query_count": 1
}
query_ids=456e1e0aee2255ad0ca7f4bd48b16b077bf58e02a8eded666a7f255531861af2
{
  "exact_match_rate_all_queries": 1.0,
  "exact_match_rate_parsed_queries": 1.0,
  "exact_matches": 1,
  "ignored_count": 0,
  "legacy_compatible_match_rate": 1.0,
  "mean_element_accuracy_parsed_queries": 1.0,
  "parse_rate": 1.0,
  "parsed_count": 1,
  "query_count": 1
}
query_ids=bbf4004da7195ca008f2f5a37eb7f5d59c4efd0f2bf28d88ff3dcd569a2ac032
{
  "exact_match_rate_all_queries": 1.0,
  "exact_match_rate_parsed_queries": 1.0,
  "exact_matches": 1,
  "ignored_count": 0,
  "legacy_compatible_match_rate": 1.0,
  "mean_element_accuracy_parsed_queries": 1.0,
  "parse_rate": 1.0,
  "parsed_count": 1,
  "query_count": 1
}
query_ids=aca2b993221f1c6c82574a6a0e42ebdafdd115d0756011f52c432af0f78f466f
{
  "exact_match_rate_all_queries": 1.0,
  "exact_match_rate_parsed_queries": 1.0,
  "exact_matches": 1,
  "ignored_count": 0,
  "legacy_compatible_match_rate": 1.0,
  "mean_element_accuracy_parsed_queries": 1.0,
  "parse_rate": 1.0,
  "parsed_count": 1,
  "query_count": 1
}
query_ids=8b0692bf7b8ab4f55ed90007e81f42d2ca970b26638107c8745ba75c96ba1c7d
{
  "exact_match_rate_all_queries": 1.0,
  "exact_match_rate_parsed_queries": 1.0,
  "exact_matches": 1,
  "ignored_count": 0,
  "legacy_compatible_match_rate": 1.0,
  "mean_element_accuracy_parsed_queries": 1.0,
  "parse_rate": 1.0,
  "parsed_count": 1,
  "query_count": 1
}
query_ids=252e487ea3fc2f335fd742c83b8688630e660aa083ed16b79086290df0e1d02b
{
  "exact_match_rate_all_queries": 1.0,
  "exact_match_rate_parsed_queries": 1.0,
  "exact_matches": 1,
  "ignored_count": 0,
  "legacy_compatible_match_rate": 1.0,
  "mean_element_accuracy_parsed_queries": 1.0,
  "parse_rate": 1.0,
  "parsed_count": 1,
  "query_count": 1
}
query_ids=0f314cd73d6938f99f9c2eea5d93f299601d3baaf6d3e291e23c8126a0099aa0
{
  "exact_match_rate_all_queries": 1.0,
  "exact_match_rate_parsed_queries": 1.0,
  "exact_matches": 1,
  "ignored_count": 0,
  "legacy_compatible_match_rate": 1.0,
  "mean_element_accuracy_parsed_queries": 1.0,
  "parse_rate": 1.0,
  "parsed_count": 1,
  "query_count": 1
}
query_ids=b198c2916119c4b8d32aebd6f8e573d74917d0d4fa46fc00c025d16fbeaf448e
{
  "exact_match_rate_all_queries": 1.0,
  "exact_match_rate_parsed_queries": 1.0,
  "exact_matches": 1,
  "ignored_count": 0,
  "legacy_compatible_match_rate": 1.0,
  "mean_element_accuracy_parsed_queries": 1.0,
  "parse_rate": 1.0,
  "parsed_count": 1,
  "query_count": 1
}
query_ids=604ece9f258cb5bd1e3a1146852f3cfce05ccb1113b4505f3c3ff8cdf553a1d9
{
  "exact_match_rate_all_queries": 1.0,
  "exact_match_rate_parsed_queries": 1.0,
  "exact_matches": 1,
  "ignored_count": 0,
  "legacy_compatible_match_rate": 1.0,
  "mean_element_accuracy_parsed_queries": 1.0,
  "parse_rate": 1.0,
  "parsed_count": 1,
  "query_count": 1
}
query_ids=8ddd8d92d9ed384ebd17b16700f0dedcf812c7671ef72c88611039e9e7076fcb
{
  "exact_match_rate_all_queries": 1.0,
  "exact_match_rate_parsed_queries": 1.0,
  "exact_matches": 1,
  "ignored_count": 0,
  "legacy_compatible_match_rate": 1.0,
  "mean_element_accuracy_parsed_queries": 1.0,
  "parse_rate": 1.0,
  "parsed_count": 1,
  "query_count": 1
}
query_ids=0e406d4719e6207623dc95a7ed084ec1e18125dd40ebbad59a037df1c0e8afc3
{
  "exact_match_rate_all_queries": 1.0,
  "exact_match_rate_parsed_queries": 1.0,
  "exact_matches": 1,
  "ignored_count": 0,
  "legacy_compatible_match_rate": 1.0,
  "mean_element_accuracy_parsed_queries": 1.0,
  "parse_rate": 1.0,
  "parsed_count": 1,
  "query_count": 1
}
query_ids=12ba79067e9c418bf50647a1098b85ca6a0ada9a57f5ef58058b2bcd16dcae56
{
  "exact_match_rate_all_queries": 1.0,
  "exact_match_rate_parsed_queries": 1.0,
  "exact_matches": 1,
  "ignored_count": 0,
  "legacy_compatible_match_rate": 1.0,
  "mean_element_accuracy_parsed_queries": 1.0,
  "parse_rate": 1.0,
  "parsed_count": 1,
  "query_count": 1
}
query_ids=421c1eb36ff1f7453ddd63df36b8c1512c8a859ac6a95f8f33f93b54ef6bdfed
{
  "exact_match_rate_all_queries": 1.0,
  "exact_match_rate_parsed_queries": 1.0,
  "exact_matches": 1,
  "ignored_count": 0,
  "legacy_compatible_match_rate": 1.0,
  "mean_element_accuracy_parsed_queries": 1.0,
  "parse_rate": 1.0,
  "parsed_count": 1,
  "query_count": 1
}
query_ids=edcd0a21eaf0be0e8bfe0cfcc417705fcc02fbd84047b5ac04fe42ce4e75012f
{
  "exact_match_rate_all_queries": 1.0,
  "exact_match_rate_parsed_queries": 1.0,
  "exact_matches": 1,
  "ignored_count": 0,
  "legacy_compatible_match_rate": 1.0,
  "mean_element_accuracy_parsed_queries": 1.0,
  "parse_rate": 1.0,
  "parsed_count": 1,
  "query_count": 1
}
query_ids=70b338140791785ed2d5f38016d3e03614ad19ca28567a28ae788e62b32660da
{
  "exact_match_rate_all_queries": 1.0,
  "exact_match_rate_parsed_queries": 1.0,
  "exact_matches": 1,
  "ignored_count": 0,
  "legacy_compatible_match_rate": 1.0,
  "mean_element_accuracy_parsed_queries": 1.0,
  "parse_rate": 1.0,
  "parsed_count": 1,
  "query_count": 1
}
query_ids=7ce448d8d3b7e93e3a7e8e71d50ebb0ecbc1ab402e0ec787552ea88adcf6d443
{
  "exact_match_rate_all_queries": 1.0,
  "exact_match_rate_parsed_queries": 1.0,
  "exact_matches": 1,
  "ignored_count": 0,
  "legacy_compatible_match_rate": 1.0,
  "mean_element_accuracy_parsed_queries": 1.0,
  "parse_rate": 1.0,
  "parsed_count": 1,
  "query_count": 1
}
query_ids=5448f259b199e978ee0c4eb27116e5f23f91a27ae59aec70fdaea7c4afd53f33
{
  "exact_match_rate_all_queries": 1.0,
  "exact_match_rate_parsed_queries": 1.0,
  "exact_matches": 1,
  "ignored_count": 0,
  "legacy_compatible_match_rate": 1.0,
  "mean_element_accuracy_parsed_queries": 1.0,
  "parse_rate": 1.0,
  "parsed_count": 1,
  "query_count": 1
}
query_ids=6686a7d2b5b08026788a73d01e5ca3f1b493bb24db3c5e0f3214856255afe7e3
{
  "exact_match_rate_all_queries": 1.0,
  "exact_match_rate_parsed_queries": 1.0,
  "exact_matches": 1,
  "ignored_count": 0,
  "legacy_compatible_match_rate": 1.0,
  "mean_element_accuracy_parsed_queries": 1.0,
  "parse_rate": 1.0,
  "parsed_count": 1,
  "query_count": 1
}
query_ids=46239ec2453eba36c8dfab462e7abc6bb5b9fa892fbe40fb9f468e576a8e9ea7
{
  "exact_match_rate_all_queries": 1.0,
  "exact_match_rate_parsed_queries": 1.0,
  "exact_matches": 1,
  "ignored_count": 0,
  "legacy_compatible_match_rate": 1.0,
  "mean_element_accuracy_parsed_queries": 1.0,
  "parse_rate": 1.0,
  "parsed_count": 1,
  "query_count": 1
}
query_ids=6bb5bce97ce68b596801ff2038bede83a488a5f583665e9285e8768eea2453d9
{
  "exact_match_rate_all_queries": 1.0,
  "exact_match_rate_parsed_queries": 1.0,
  "exact_matches": 1,
  "ignored_count": 0,
  "legacy_compatible_match_rate": 1.0,
  "mean_element_accuracy_parsed_queries": 1.0,
  "parse_rate": 1.0,
  "parsed_count": 1,
  "query_count": 1
}
query_ids=0ee39a283f7ad6b6945d18b79e3b6d66de708edacbc6de909e85be50c71f38c8
{
  "exact_match_rate_all_queries": 1.0,
  "exact_match_rate_parsed_queries": 1.0,
  "exact_matches": 1,
  "ignored_count": 0,
  "legacy_compatible_match_rate": 1.0,
  "mean_element_accuracy_parsed_queries": 1.0,
  "parse_rate": 1.0,
  "parsed_count": 1,
  "query_count": 1
}
query_ids=81b4dfd394ac14b89b957ca482a9e9be7fd1f8fc35be0e2eb2dc381e987e0d28
{
  "exact_match_rate_all_queries": 1.0,
  "exact_match_rate_parsed_queries": 1.0,
  "exact_matches": 1,
  "ignored_count": 0,
  "legacy_compatible_match_rate": 1.0,
  "mean_element_accuracy_parsed_queries": 1.0,
  "parse_rate": 1.0,
  "parsed_count": 1,
  "query_count": 1
}
query_ids=08d608ec76ec3a20ce7fff27d3612c3056d59e9b6c7be15ebf34ef545310382c
{
  "exact_match_rate_all_queries": 1.0,
  "exact_match_rate_parsed_queries": 1.0,
  "exact_matches": 1,
  "ignored_count": 0,
  "legacy_compatible_match_rate": 1.0,
  "mean_element_accuracy_parsed_queries": 1.0,
  "parse_rate": 1.0,
  "parsed_count": 1,
  "query_count": 1
}
query_ids=f691e3ecd66a40bc612f9fa1ab7602dd157b8e4b6dd949ed42f9b6913e9cb724
{
  "exact_match_rate_all_queries": 1.0,
  "exact_match_rate_parsed_queries": 1.0,
  "exact_matches": 1,
  "ignored_count": 0,
  "legacy_compatible_match_rate": 1.0,
  "mean_element_accuracy_parsed_queries": 1.0,
  "parse_rate": 1.0,
  "parsed_count": 1,
  "query_count": 1
}
query_ids=8c56f56373caadb76d9a960acf9954767112633758391a1624861370b614a26b
{
  "exact_match_rate_all_queries": 1.0,
  "exact_match_rate_parsed_queries": 1.0,
  "exact_matches": 1,
  "ignored_count": 0,
  "legacy_compatible_match_rate": 1.0,
  "mean_element_accuracy_parsed_queries": 1.0,
  "parse_rate": 1.0,
  "parsed_count": 1,
  "query_count": 1
}
query_ids=3cac4ffc1b0752554078d1e5836bf30f31d58a5b909fd82f70bcf6336a68e036
{
  "exact_match_rate_all_queries": 1.0,
  "exact_match_rate_parsed_queries": 1.0,
  "exact_matches": 1,
  "ignored_count": 0,
  "legacy_compatible_match_rate": 1.0,
  "mean_element_accuracy_parsed_queries": 1.0,
  "parse_rate": 1.0,
  "parsed_count": 1,
  "query_count": 1
}
query_ids=f83c6b0d5adc85ac2afa4cc23dc5964f3388c531c08c266fa855af84f6c227ad
{
  "exact_match_rate_all_queries": 1.0,
  "exact_match_rate_parsed_queries": 1.0,
  "exact_matches": 1,
  "ignored_count": 0,
  "legacy_compatible_match_rate": 1.0,
  "mean_element_accuracy_parsed_queries": 1.0,
  "parse_rate": 1.0,
  "parsed_count": 1,
  "query_count": 1
}
query_ids=39edc9e5eee0237cf6626a591fa34ca580da219d8dd42d32c585834fae36da95
{
  "exact_match_rate_all_queries": 1.0,
  "exact_match_rate_parsed_queries": 1.0,
  "exact_matches": 1,
  "ignored_count": 0,
  "legacy_compatible_match_rate": 1.0,
  "mean_element_accuracy_parsed_queries": 1.0,
  "parse_rate": 1.0,
  "parsed_count": 1,
  "query_count": 1
}
query_ids=55345c65ff60ae1bfb8184b3289be04d197db477717a10d6440f1d834091e791
{
  "exact_match_rate_all_queries": 1.0,
  "exact_match_rate_parsed_queries": 1.0,
  "exact_matches": 1,
  "ignored_count": 0,
  "legacy_compatible_match_rate": 1.0,
  "mean_element_accuracy_parsed_queries": 1.0,
  "parse_rate": 1.0,
  "parsed_count": 1,
  "query_count": 1
}
query_ids=740165ced4432419e5bc4818bfa05a032aedca9ed059a3e3926e7a58414f9b7d
{
  "exact_match_rate_all_queries": 1.0,
  "exact_match_rate_parsed_queries": 1.0,
  "exact_matches": 1,
  "ignored_count": 0,
  "legacy_compatible_match_rate": 1.0,
  "mean_element_accuracy_parsed_queries": 1.0,
  "parse_rate": 1.0,
  "parsed_count": 1,
  "query_count": 1
}
query_ids=647d6be6b2db9d48f78ce80a2deefadd5a8f248acf0a0a3a9f876ca073f31bda
{
  "exact_match_rate_all_queries": 1.0,
  "exact_match_rate_parsed_queries": 1.0,
  "exact_matches": 1,
  "ignored_count": 0,
  "legacy_compatible_match_rate": 1.0,
  "mean_element_accuracy_parsed_queries": 1.0,
  "parse_rate": 1.0,
  "parsed_count": 1,
  "query_count": 1
}
query_ids=376bb53676e7c57219e6839226a6767992149f28b3963b2c883c1f79fd0c837c
{
  "exact_match_rate_all_queries": 1.0,
  "exact_match_rate_parsed_queries": 1.0,
  "exact_matches": 1,
  "ignored_count": 0,
  "legacy_compatible_match_rate": 1.0,
  "mean_element_accuracy_parsed_queries": 1.0,
  "parse_rate": 1.0,
  "parsed_count": 1,
  "query_count": 1
}
query_ids=d1b8615e3a8bba6c9fdb2642c1cd112fd42419f7f1c6c7e4ae97381f544e6535
{
  "exact_match_rate_all_queries": 1.0,
  "exact_match_rate_parsed_queries": 1.0,
  "exact_matches": 1,
  "ignored_count": 0,
  "legacy_compatible_match_rate": 1.0,
  "mean_element_accuracy_parsed_queries": 1.0,
  "parse_rate": 1.0,
  "parsed_count": 1,
  "query_count": 1
}
query_ids=bcdc72693ca676c885f0ad0d4138725b05565444b387ec9b63706e2d7cf10f5e
{
  "exact_match_rate_all_queries": 1.0,
  "exact_match_rate_parsed_queries": 1.0,
  "exact_matches": 1,
  "ignored_count": 0,
  "legacy_compatible_match_rate": 1.0,
  "mean_element_accuracy_parsed_queries": 1.0,
  "parse_rate": 1.0,
  "parsed_count": 1,
  "query_count": 1
}
query_ids=1f811597510fa4f84a129bbfa92d26d8f2e78c090558fad2a913edbbe0d53fbc
{
  "exact_match_rate_all_queries": 1.0,
  "exact_match_rate_parsed_queries": 1.0,
  "exact_matches": 1,
  "ignored_count": 0,
  "legacy_compatible_match_rate": 1.0,
  "mean_element_accuracy_parsed_queries": 1.0,
  "parse_rate": 1.0,
  "parsed_count": 1,
  "query_count": 1
}
query_ids=69d251e9d149c1b46c06c9f42e544360989bb40530a57a3ec1c9c671058c7c15
{
  "exact_match_rate_all_queries": 1.0,
  "exact_match_rate_parsed_queries": 1.0,
  "exact_matches": 1,
  "ignored_count": 0,
  "legacy_compatible_match_rate": 1.0,
  "mean_element_accuracy_parsed_queries": 1.0,
  "parse_rate": 1.0,
  "parsed_count": 1,
  "query_count": 1
}
query_ids=26f71b79b553aab727e54e7557373e242da63eaa602c55a12e51b48905ba599d
{
  "exact_match_rate_all_queries": 1.0,
  "exact_match_rate_parsed_queries": 1.0,
  "exact_matches": 1,
  "ignored_count": 0,
  "legacy_compatible_match_rate": 1.0,
  "mean_element_accuracy_parsed_queries": 1.0,
  "parse_rate": 1.0,
  "parsed_count": 1,
  "query_count": 1
}
query_ids=7c1f590a375b63ffab4688a3b668d3e33836aec7c1d1000fec0595ac71367326
{
  "exact_match_rate_all_queries": 1.0,
  "exact_match_rate_parsed_queries": 1.0,
  "exact_matches": 1,
  "ignored_count": 0,
  "legacy_compatible_match_rate": 1.0,
  "mean_element_accuracy_parsed_queries": 1.0,
  "parse_rate": 1.0,
  "parsed_count": 1,
  "query_count": 1
}
query_ids=f019b61b448bad203f1e83ff0c064f8c86657c4949084ba6210164b95a0e3114
{
  "exact_match_rate_all_queries": 1.0,
  "exact_match_rate_parsed_queries": 1.0,
  "exact_matches": 1,
  "ignored_count": 0,
  "legacy_compatible_match_rate": 1.0,
  "mean_element_accuracy_parsed_queries": 1.0,
  "parse_rate": 1.0,
  "parsed_count": 1,
  "query_count": 1
}
query_ids=c527f78b3c18ecf0216c4a6fbce636e347432841c69e00b0c1884c9d6809a81d
{
  "exact_match_rate_all_queries": 1.0,
  "exact_match_rate_parsed_queries": 1.0,
  "exact_matches": 1,
  "ignored_count": 0,
  "legacy_compatible_match_rate": 1.0,
  "mean_element_accuracy_parsed_queries": 1.0,
  "parse_rate": 1.0,
  "parsed_count": 1,
  "query_count": 1
}
query_ids=a7e0d32d74b20288d35b18c00f68e9f82f04c6d58ee111b1a70750e32c2ec7d6
{
  "exact_match_rate_all_queries": 1.0,
  "exact_match_rate_parsed_queries": 1.0,
  "exact_matches": 1,
  "ignored_count": 0,
  "legacy_compatible_match_rate": 1.0,
  "mean_element_accuracy_parsed_queries": 1.0,
  "parse_rate": 1.0,
  "parsed_count": 1,
  "query_count": 1
}
query_ids=77bfebc9ea13a6ecbc87573fec38e8a0ebcbcabdcc92a411c80a512ca7e8df80
{
  "exact_match_rate_all_queries": 1.0,
  "exact_match_rate_parsed_queries": 1.0,
  "exact_matches": 1,
  "ignored_count": 0,
  "legacy_compatible_match_rate": 1.0,
  "mean_element_accuracy_parsed_queries": 1.0,
  "parse_rate": 1.0,
  "parsed_count": 1,
  "query_count": 1
}
query_ids=24e9a41326fe9f235e55438729ef0f9d3119e8d7a19cb087bb67a71a68a5234b
{
  "exact_match_rate_all_queries": 1.0,
  "exact_match_rate_parsed_queries": 1.0,
  "exact_matches": 1,
  "ignored_count": 0,
  "legacy_compatible_match_rate": 1.0,
  "mean_element_accuracy_parsed_queries": 1.0,
  "parse_rate": 1.0,
  "parsed_count": 1,
  "query_count": 1
}
query_ids=94c6b6b5d68f3aa36094f0822c9d87cf925ba89e7c1d8725cd63fca156b76e36
{
  "exact_match_rate_all_queries": 1.0,
  "exact_match_rate_parsed_queries": 1.0,
  "exact_matches": 1,
  "ignored_count": 0,
  "legacy_compatible_match_rate": 1.0,
  "mean_element_accuracy_parsed_queries": 1.0,
  "parse_rate": 1.0,
  "parsed_count": 1,
  "query_count": 1
}
query_ids=a8873a7cc56ec1483249fcccb80fa894d8155c6621e6c42bdce16e945236e17d
{
  "exact_match_rate_all_queries": 1.0,
  "exact_match_rate_parsed_queries": 1.0,
  "exact_matches": 1,
  "ignored_count": 0,
  "legacy_compatible_match_rate": 1.0,
  "mean_element_accuracy_parsed_queries": 1.0,
  "parse_rate": 1.0,
  "parsed_count": 1,
  "query_count": 1
}
query_ids=e9205448e8fbe469c43953a2703759399260735f0e5cf033659959112a05b1ea
{
  "exact_match_rate_all_queries": 0.0,
  "exact_match_rate_parsed_queries": 0.0,
  "exact_matches": 0,
  "ignored_count": 0,
  "legacy_compatible_match_rate": 0.0,
  "mean_element_accuracy_parsed_queries": 0.0,
  "parse_rate": 1.0,
  "parsed_count": 1,
  "query_count": 1
}
query_ids=cca01d37a2c20a34a4ac18d641a8b69ae0e28179cc265e1c070e956c25083b4a
{
  "exact_match_rate_all_queries": 0.0,
  "exact_match_rate_parsed_queries": null,
  "exact_matches": 0,
  "ignored_count": 1,
  "legacy_compatible_match_rate": 0.0,
  "mean_element_accuracy_parsed_queries": null,
  "parse_rate": 0.0,
  "parsed_count": 0,
  "query_count": 1
}
query_ids=feeea6bb846d807e0e25ad6df3dd8f4ae0e9b066cf6920cc39072564b1b96659
{
  "exact_match_rate_all_queries": 0.0,
  "exact_match_rate_parsed_queries": null,
  "exact_matches": 0,
  "ignored_count": 1,
  "legacy_compatible_match_rate": 0.0,
  "mean_element_accuracy_parsed_queries": null,
  "parse_rate": 0.0,
  "parsed_count": 0,
  "query_count": 1
}
query_ids=aa2c20ff917959faeaa6b6007b0288c9a786ae0269925e0d1b3ad702544712ee
{
  "exact_match_rate_all_queries": 0.0,
  "exact_match_rate_parsed_queries": null,
  "exact_matches": 0,
  "ignored_count": 1,
  "legacy_compatible_match_rate": 0.0,
  "mean_element_accuracy_parsed_queries": null,
  "parse_rate": 0.0,
  "parsed_count": 0,
  "query_count": 1
}
query_ids=1f5bd3d1949cc25d5beb6012f602e453239c66c7224db92ef6655951c18e2033
{
  "exact_match_rate_all_queries": 0.0,
  "exact_match_rate_parsed_queries": 0.0,
  "exact_matches": 0,
  "ignored_count": 0,
  "legacy_compatible_match_rate": 0.0,
  "mean_element_accuracy_parsed_queries": 0.0,
  "parse_rate": 1.0,
  "parsed_count": 1,
  "query_count": 1
}
query_ids=b9031685d81735cd4a19f4f33677ed214495a80fc6a8ff8167b96e7d470a475f
{
  "exact_match_rate_all_queries": 0.0,
  "exact_match_rate_parsed_queries": null,
  "exact_matches": 0,
  "ignored_count": 1,
  "legacy_compatible_match_rate": 0.0,
  "mean_element_accuracy_parsed_queries": null,
  "parse_rate": 0.0,
  "parsed_count": 0,
  "query_count": 1
}
query_ids=8d78f95bf4b5091db4bbf4386b1f76b243baeac47a336d93f11f60839bf10315
{
  "exact_match_rate_all_queries": 0.0,
  "exact_match_rate_parsed_queries": null,
  "exact_matches": 0,
  "ignored_count": 1,
  "legacy_compatible_match_rate": 0.0,
  "mean_element_accuracy_parsed_queries": null,
  "parse_rate": 0.0,
  "parsed_count": 0,
  "query_count": 1
}
query_ids=fd47a157e3851be0f274400452077d118a0c86cb0872ae5fe6f37c042b4591bb
{
  "exact_match_rate_all_queries": 0.0,
  "exact_match_rate_parsed_queries": null,
  "exact_matches": 0,
  "ignored_count": 1,
  "legacy_compatible_match_rate": 0.0,
  "mean_element_accuracy_parsed_queries": null,
  "parse_rate": 0.0,
  "parsed_count": 0,
  "query_count": 1
}
query_ids=3b227c1da8ed3d257bc07f2b5c72f4573c08642e01bb55bbf233027bb06ea5f4
{
  "exact_match_rate_all_queries": 0.0,
  "exact_match_rate_parsed_queries": null,
  "exact_matches": 0,
  "ignored_count": 1,
  "legacy_compatible_match_rate": 0.0,
  "mean_element_accuracy_parsed_queries": null,
  "parse_rate": 0.0,
  "parsed_count": 0,
  "query_count": 1
}
query_ids=34111d1ff2f27c3f804923ae0aa073d3f290a6261a0184d2c5cfa342741f9e89
{
  "exact_match_rate_all_queries": 0.0,
  "exact_match_rate_parsed_queries": null,
  "exact_matches": 0,
  "ignored_count": 1,
  "legacy_compatible_match_rate": 0.0,
  "mean_element_accuracy_parsed_queries": null,
  "parse_rate": 0.0,
  "parsed_count": 0,
  "query_count": 1
}
query_ids=f3c75a1128f962a606927199a1901e998aac55b149e9e701fc7b53d155a7e28a
{
  "exact_match_rate_all_queries": 0.0,
  "exact_match_rate_parsed_queries": null,
  "exact_matches": 0,
  "ignored_count": 1,
  "legacy_compatible_match_rate": 0.0,
  "mean_element_accuracy_parsed_queries": null,
  "parse_rate": 0.0,
  "parsed_count": 0,
  "query_count": 1
}
query_ids=06b73a511428432f33b3a529f1d2754320c8e2def2225eee08205c102020a13b
{
  "exact_match_rate_all_queries": 0.0,
  "exact_match_rate_parsed_queries": null,
  "exact_matches": 0,
  "ignored_count": 1,
  "legacy_compatible_match_rate": 0.0,
  "mean_element_accuracy_parsed_queries": null,
  "parse_rate": 0.0,
  "parsed_count": 0,
  "query_count": 1
}
query_ids=23b584383a0154fe04bb9ee99760f8527789ad2fbf69412eb578febb2f94665b
{
  "exact_match_rate_all_queries": 0.0,
  "exact_match_rate_parsed_queries": null,
  "exact_matches": 0,
  "ignored_count": 1,
  "legacy_compatible_match_rate": 0.0,
  "mean_element_accuracy_parsed_queries": null,
  "parse_rate": 0.0,
  "parsed_count": 0,
  "query_count": 1
}
query_ids=24088ecfdf4d09ff0ddedbc96098839b38f9b2ed3100e914ab0ccaa60d188c5c
{
  "exact_match_rate_all_queries": 0.0,
  "exact_match_rate_parsed_queries": null,
  "exact_matches": 0,
  "ignored_count": 1,
  "legacy_compatible_match_rate": 0.0,
  "mean_element_accuracy_parsed_queries": null,
  "parse_rate": 0.0,
  "parsed_count": 0,
  "query_count": 1
}
query_ids=89e9fdd74d20aad261e8f83e65e8762f08e578d30b0e1bed3bfe6e84f5a8ef6f
{
  "exact_match_rate_all_queries": 0.0,
  "exact_match_rate_parsed_queries": null,
  "exact_matches": 0,
  "ignored_count": 1,
  "legacy_compatible_match_rate": 0.0,
  "mean_element_accuracy_parsed_queries": null,
  "parse_rate": 0.0,
  "parsed_count": 0,
  "query_count": 1
}
query_ids=282310d4a7767f9a165ca6603729d9a59936e4ca2a92c64fc8556f497a66614e
{
  "exact_match_rate_all_queries": 0.0,
  "exact_match_rate_parsed_queries": null,
  "exact_matches": 0,
  "ignored_count": 1,
  "legacy_compatible_match_rate": 0.0,
  "mean_element_accuracy_parsed_queries": null,
  "parse_rate": 0.0,
  "parsed_count": 0,
  "query_count": 1
}
query_ids=a78a8b48080e16a5202200a0a646954989150ef4a67533a13e51829fefd90b20
{
  "exact_match_rate_all_queries": 0.0,
  "exact_match_rate_parsed_queries": null,
  "exact_matches": 0,
  "ignored_count": 1,
  "legacy_compatible_match_rate": 0.0,
  "mean_element_accuracy_parsed_queries": null,
  "parse_rate": 0.0,
  "parsed_count": 0,
  "query_count": 1
}
query_ids=44ab40309ff6ae310dbd22d780586ca56d783299a023b2b04156db4216085e9c
{
  "exact_match_rate_all_queries": 0.0,
  "exact_match_rate_parsed_queries": null,
  "exact_matches": 0,
  "ignored_count": 1,
  "legacy_compatible_match_rate": 0.0,
  "mean_element_accuracy_parsed_queries": null,
  "parse_rate": 0.0,
  "parsed_count": 0,
  "query_count": 1
}
query_ids=7d46fd3837cf359b59c9268b5252034bf9fff6c20d6f42672005e302e850edff
{
  "exact_match_rate_all_queries": 0.0,
  "exact_match_rate_parsed_queries": null,
  "exact_matches": 0,
  "ignored_count": 1,
  "legacy_compatible_match_rate": 0.0,
  "mean_element_accuracy_parsed_queries": null,
  "parse_rate": 0.0,
  "parsed_count": 0,
  "query_count": 1
}
query_ids=59476f2bb1c5e8e6b6b689e3028ea5a074899ef54bc58c3be7c9617a157065ad
{
  "exact_match_rate_all_queries": 0.0,
  "exact_match_rate_parsed_queries": null,
  "exact_matches": 0,
  "ignored_count": 1,
  "legacy_compatible_match_rate": 0.0,
  "mean_element_accuracy_parsed_queries": null,
  "parse_rate": 0.0,
  "parsed_count": 0,
  "query_count": 1
}
query_ids=1598d05adbed88414698b29fa2800ce4239ac12e431796498130a7d2ce1319e4
{
  "exact_match_rate_all_queries": 0.0,
  "exact_match_rate_parsed_queries": null,
  "exact_matches": 0,
  "ignored_count": 1,
  "legacy_compatible_match_rate": 0.0,
  "mean_element_accuracy_parsed_queries": null,
  "parse_rate": 0.0,
  "parsed_count": 0,
  "query_count": 1
}
query_ids=62bcfdefea9654283a2be51340dd52c18e4bb3862df1c796b97d935570666c1f
{
  "exact_match_rate_all_queries": 0.0,
  "exact_match_rate_parsed_queries": null,
  "exact_matches": 0,
  "ignored_count": 1,
  "legacy_compatible_match_rate": 0.0,
  "mean_element_accuracy_parsed_queries": null,
  "parse_rate": 0.0,
  "parsed_count": 0,
  "query_count": 1
}
query_ids=c447d597d5e1536c1b7b5ed8799998e735d958c4908fd15a79e7da6b4c16518d
{
  "exact_match_rate_all_queries": 0.0,
  "exact_match_rate_parsed_queries": null,
  "exact_matches": 0,
  "ignored_count": 1,
  "legacy_compatible_match_rate": 0.0,
  "mean_element_accuracy_parsed_queries": null,
  "parse_rate": 0.0,
  "parsed_count": 0,
  "query_count": 1
}
query_ids=4e77ff1a0190d6e3c024697400e06c89dae95054454e6b0ea1356e1e003b6143
{
  "exact_match_rate_all_queries": 0.0,
  "exact_match_rate_parsed_queries": null,
  "exact_matches": 0,
  "ignored_count": 1,
  "legacy_compatible_match_rate": 0.0,
  "mean_element_accuracy_parsed_queries": null,
  "parse_rate": 0.0,
  "parsed_count": 0,
  "query_count": 1
}
query_ids=cb9cd7adc5fb5592fffd2fc33caeb9cf81817bfe4031303ce060c13d567c3c55
{
  "exact_match_rate_all_queries": 0.0,
  "exact_match_rate_parsed_queries": null,
  "exact_matches": 0,
  "ignored_count": 1,
  "legacy_compatible_match_rate": 0.0,
  "mean_element_accuracy_parsed_queries": null,
  "parse_rate": 0.0,
  "parsed_count": 0,
  "query_count": 1
}
query_ids=7d1ed1f16c19be3fd6b2ed34f453c084559a9ec982d3437a3af6432b51bfbaaa
{
  "exact_match_rate_all_queries": 0.0,
  "exact_match_rate_parsed_queries": null,
  "exact_matches": 0,
  "ignored_count": 1,
  "legacy_compatible_match_rate": 0.0,
  "mean_element_accuracy_parsed_queries": null,
  "parse_rate": 0.0,
  "parsed_count": 0,
  "query_count": 1
}
query_ids=57442273fea620d5ed9d6d43962b3617b36920dfb0b76e3d67fd5c45a7ed33df
{
  "exact_match_rate_all_queries": 0.0,
  "exact_match_rate_parsed_queries": null,
  "exact_matches": 0,
  "ignored_count": 1,
  "legacy_compatible_match_rate": 0.0,
  "mean_element_accuracy_parsed_queries": null,
  "parse_rate": 0.0,
  "parsed_count": 0,
  "query_count": 1
}
query_ids=bc4d2c06bf76cc5a87691e71f49d5bd1e84267a841c8ed5f42f4a8b3a3080405
{
  "exact_match_rate_all_queries": 0.0,
  "exact_match_rate_parsed_queries": null,
  "exact_matches": 0,
  "ignored_count": 1,
  "legacy_compatible_match_rate": 0.0,
  "mean_element_accuracy_parsed_queries": null,
  "parse_rate": 0.0,
  "parsed_count": 0,
  "query_count": 1
}
query_ids=b4ed7fbe854cd19f04f12e5d011c615d76aebe59f8cbe007594e511a4760caf2
{
  "exact_match_rate_all_queries": 0.0,
  "exact_match_rate_parsed_queries": null,
  "exact_matches": 0,
  "ignored_count": 1,
  "legacy_compatible_match_rate": 0.0,
  "mean_element_accuracy_parsed_queries": null,
  "parse_rate": 0.0,
  "parsed_count": 0,
  "query_count": 1
}
query_ids=7acdaef9ea72894466994c3840649715e8ac8abf1852587c597132aea9f08f5e
{
  "exact_match_rate_all_queries": 0.0,
  "exact_match_rate_parsed_queries": null,
  "exact_matches": 0,
  "ignored_count": 1,
  "legacy_compatible_match_rate": 0.0,
  "mean_element_accuracy_parsed_queries": null,
  "parse_rate": 0.0,
  "parsed_count": 0,
  "query_count": 1
}
query_ids=06bb5a07300c417b1d334a411014eb84054fb9aa87fb94063d4040550cb2720d
{
  "exact_match_rate_all_queries": 0.0,
  "exact_match_rate_parsed_queries": null,
  "exact_matches": 0,
  "ignored_count": 1,
  "legacy_compatible_match_rate": 0.0,
  "mean_element_accuracy_parsed_queries": null,
  "parse_rate": 0.0,
  "parsed_count": 0,
  "query_count": 1
}
query_ids=cde077ec4d6155c98a992b26c75c835768947e73fc41f2c6617e0032045614e8
{
  "exact_match_rate_all_queries": 0.0,
  "exact_match_rate_parsed_queries": null,
  "exact_matches": 0,
  "ignored_count": 1,
  "legacy_compatible_match_rate": 0.0,
  "mean_element_accuracy_parsed_queries": null,
  "parse_rate": 0.0,
  "parsed_count": 0,
  "query_count": 1
}
query_ids=d8f0556357b2132b07b789d1f5fcc2050695fcd8d9fcdeae142b8857a08c21bc
{
  "exact_match_rate_all_queries": 0.0,
  "exact_match_rate_parsed_queries": null,
  "exact_matches": 0,
  "ignored_count": 1,
  "legacy_compatible_match_rate": 0.0,
  "mean_element_accuracy_parsed_queries": null,
  "parse_rate": 0.0,
  "parsed_count": 0,
  "query_count": 1
}
query_ids=5d8032001afcc548e8d8e7be4ae5798fd49fe763241f814f7d3957bcc549d174
{
  "exact_match_rate_all_queries": 0.0,
  "exact_match_rate_parsed_queries": null,
  "exact_matches": 0,
  "ignored_count": 1,
  "legacy_compatible_match_rate": 0.0,
  "mean_element_accuracy_parsed_queries": null,
  "parse_rate": 0.0,
  "parsed_count": 0,
  "query_count": 1
}
query_ids=970868566c1176e17d222d351ce092d3977773adb1174a7929e335a4c8f0fae2
{
  "exact_match_rate_all_queries": 0.0,
  "exact_match_rate_parsed_queries": null,
  "exact_matches": 0,
  "ignored_count": 1,
  "legacy_compatible_match_rate": 0.0,
  "mean_element_accuracy_parsed_queries": null,
  "parse_rate": 0.0,
  "parsed_count": 0,
  "query_count": 1
}
query_ids=553f152d40b9f8eb0d24e464ffc7519bb1ae1b2fe47a1170333606fc298d653e
{
  "exact_match_rate_all_queries": 0.0,
  "exact_match_rate_parsed_queries": null,
  "exact_matches": 0,
  "ignored_count": 1,
  "legacy_compatible_match_rate": 0.0,
  "mean_element_accuracy_parsed_queries": null,
  "parse_rate": 0.0,
  "parsed_count": 0,
  "query_count": 1
}
query_ids=834128a3e24019a304ffdae97ef5b778dbb572636dad023f2868ba8a7def2a95
{
  "exact_match_rate_all_queries": 0.0,
  "exact_match_rate_parsed_queries": null,
  "exact_matches": 0,
  "ignored_count": 1,
  "legacy_compatible_match_rate": 0.0,
  "mean_element_accuracy_parsed_queries": null,
  "parse_rate": 0.0,
  "parsed_count": 0,
  "query_count": 1
}
query_ids=a8874d72325148093c8f5fa0b746f6133ac8b154525e9e8aeb4e98bdfe7b23bd
{
  "exact_match_rate_all_queries": 0.0,
  "exact_match_rate_parsed_queries": null,
  "exact_matches": 0,
  "ignored_count": 1,
  "legacy_compatible_match_rate": 0.0,
  "mean_element_accuracy_parsed_queries": null,
  "parse_rate": 0.0,
  "parsed_count": 0,
  "query_count": 1
}
query_ids=ab1a2b67c8fd4b62b49a7ebf443ae3dbe430326c2873f76304d4dd85f44c7198
{
  "exact_match_rate_all_queries": 0.0,
  "exact_match_rate_parsed_queries": 0.0,
  "exact_matches": 0,
  "ignored_count": 0,
  "legacy_compatible_match_rate": 0.0,
  "mean_element_accuracy_parsed_queries": 0.0,
  "parse_rate": 1.0,
  "parsed_count": 1,
  "query_count": 1
}
query_ids=af78443b3b24b3185b6222d4449f911a62194deddc0b3fe6bf2d852ec9abaf94
{
  "exact_match_rate_all_queries": 0.0,
  "exact_match_rate_parsed_queries": 0.0,
  "exact_matches": 0,
  "ignored_count": 0,
  "legacy_compatible_match_rate": 0.0,
  "mean_element_accuracy_parsed_queries": 0.0,
  "parse_rate": 1.0,
  "parsed_count": 1,
  "query_count": 1
}
query_ids=a38d76833e6781008362530ade6f000ecf09281bc6a0304efb85f22607ba011b
{
  "exact_match_rate_all_queries": 1.0,
  "exact_match_rate_parsed_queries": 1.0,
  "exact_matches": 1,
  "ignored_count": 0,
  "legacy_compatible_match_rate": 1.0,
  "mean_element_accuracy_parsed_queries": 1.0,
  "parse_rate": 1.0,
  "parsed_count": 1,
  "query_count": 1
}
query_ids=d447ec2cf5299fce2a5d6e3613c3c85bd580da2bcfa5f05542f3134f86e9817a
{
  "exact_match_rate_all_queries": 0.0,
  "exact_match_rate_parsed_queries": 0.0,
  "exact_matches": 0,
  "ignored_count": 0,
  "legacy_compatible_match_rate": 0.0,
  "mean_element_accuracy_parsed_queries": 0.6666666666666666,
  "parse_rate": 1.0,
  "parsed_count": 1,
  "query_count": 1
}
query_ids=8be3e3267019a505b24111e4b34b42de4dff61aefca6c3ee8ad5afe837f6c03d
{
  "exact_match_rate_all_queries": 1.0,
  "exact_match_rate_parsed_queries": 1.0,
  "exact_matches": 1,
  "ignored_count": 0,
  "legacy_compatible_match_rate": 1.0,
  "mean_element_accuracy_parsed_queries": 1.0,
  "parse_rate": 1.0,
  "parsed_count": 1,
  "query_count": 1
}
query_ids=c1617983bd9a97ed26c46ea933b5b58cda1e56c7a2992d9f14fe764cc0a2961a
{
  "exact_match_rate_all_queries": 1.0,
  "exact_match_rate_parsed_queries": 1.0,
  "exact_matches": 1,
  "ignored_count": 0,
  "legacy_compatible_match_rate": 1.0,
  "mean_element_accuracy_parsed_queries": 1.0,
  "parse_rate": 1.0,
  "parsed_count": 1,
  "query_count": 1
}
query_ids=35419ca875e474a3c48a12fc8c351572ccbdb9b090f0eabc69d3f07c3dd09883
{
  "exact_match_rate_all_queries": 1.0,
  "exact_match_rate_parsed_queries": 1.0,
  "exact_matches": 1,
  "ignored_count": 0,
  "legacy_compatible_match_rate": 1.0,
  "mean_element_accuracy_parsed_queries": 1.0,
  "parse_rate": 1.0,
  "parsed_count": 1,
  "query_count": 1
}
query_ids=e903b88f4bd6c9611a6de0f1ba2ab23c7bf10ccd8cddf85247547c1bc3dad1ad
{
  "exact_match_rate_all_queries": 1.0,
  "exact_match_rate_parsed_queries": 1.0,
  "exact_matches": 1,
  "ignored_count": 0,
  "legacy_compatible_match_rate": 1.0,
  "mean_element_accuracy_parsed_queries": 1.0,
  "parse_rate": 1.0,
  "parsed_count": 1,
  "query_count": 1
}
query_ids=cbde40a5788809897606bff3ae836d15eb5f65fa6a7a3804ed6a8480047b8b22
{
  "exact_match_rate_all_queries": 1.0,
  "exact_match_rate_parsed_queries": 1.0,
  "exact_matches": 1,
  "ignored_count": 0,
  "legacy_compatible_match_rate": 1.0,
  "mean_element_accuracy_parsed_queries": 1.0,
  "parse_rate": 1.0,
  "parsed_count": 1,
  "query_count": 1
}
query_ids=305bb28fc9bb2e7fae1fbd9250e3ed94cfaa7ddc9c2d394318f68fa4dc82f4f5
{
  "exact_match_rate_all_queries": 1.0,
  "exact_match_rate_parsed_queries": 1.0,
  "exact_matches": 1,
  "ignored_count": 0,
  "legacy_compatible_match_rate": 1.0,
  "mean_element_accuracy_parsed_queries": 1.0,
  "parse_rate": 1.0,
  "parsed_count": 1,
  "query_count": 1
}
query_ids=14e1c709cc314655495c26ffd73959dc618d5dc6270de3bf1de4342b03037505
{
  "exact_match_rate_all_queries": 1.0,
  "exact_match_rate_parsed_queries": 1.0,
  "exact_matches": 1,
  "ignored_count": 0,
  "legacy_compatible_match_rate": 1.0,
  "mean_element_accuracy_parsed_queries": 1.0,
  "parse_rate": 1.0,
  "parsed_count": 1,
  "query_count": 1
}
query_ids=2699d563a06783c63fada5418aea703736a672cb6cf4fe10643ea6be18703bb5
{
  "exact_match_rate_all_queries": 1.0,
  "exact_match_rate_parsed_queries": 1.0,
  "exact_matches": 1,
  "ignored_count": 0,
  "legacy_compatible_match_rate": 1.0,
  "mean_element_accuracy_parsed_queries": 1.0,
  "parse_rate": 1.0,
  "parsed_count": 1,
  "query_count": 1
}
query_ids=b871d3765b76ca42a5b962e832c4a5abd439dde7e89e837c0fab03ca01e7e27a
{
  "exact_match_rate_all_queries": 1.0,
  "exact_match_rate_parsed_queries": 1.0,
  "exact_matches": 1,
  "ignored_count": 0,
  "legacy_compatible_match_rate": 1.0,
  "mean_element_accuracy_parsed_queries": 1.0,
  "parse_rate": 1.0,
  "parsed_count": 1,
  "query_count": 1
}
query_ids=bca4151fc66e3d89121f1e10917892cfa55785e374f628ab4888e9d30821c107
{
  "exact_match_rate_all_queries": 1.0,
  "exact_match_rate_parsed_queries": 1.0,
  "exact_matches": 1,
  "ignored_count": 0,
  "legacy_compatible_match_rate": 1.0,
  "mean_element_accuracy_parsed_queries": 1.0,
  "parse_rate": 1.0,
  "parsed_count": 1,
  "query_count": 1
}
query_ids=9f572cd3002558a5840e4721ef466279b3de7cd7a111ef78381b3a86aaa5d3c6
{
  "exact_match_rate_all_queries": 1.0,
  "exact_match_rate_parsed_queries": 1.0,
  "exact_matches": 1,
  "ignored_count": 0,
  "legacy_compatible_match_rate": 1.0,
  "mean_element_accuracy_parsed_queries": 1.0,
  "parse_rate": 1.0,
  "parsed_count": 1,
  "query_count": 1
}
query_ids=67cd2d9fe00c358119e5285c3b16642a574eed40bddfb1a30908e7f7eb903236
{
  "exact_match_rate_all_queries": 1.0,
  "exact_match_rate_parsed_queries": 1.0,
  "exact_matches": 1,
  "ignored_count": 0,
  "legacy_compatible_match_rate": 1.0,
  "mean_element_accuracy_parsed_queries": 1.0,
  "parse_rate": 1.0,
  "parsed_count": 1,
  "query_count": 1
}
query_ids=7f9d3be2d07602d85aea3ea067f3875f8f9003aebff64de7746e57606801debe
{
  "exact_match_rate_all_queries": 1.0,
  "exact_match_rate_parsed_queries": 1.0,
  "exact_matches": 1,
  "ignored_count": 0,
  "legacy_compatible_match_rate": 1.0,
  "mean_element_accuracy_parsed_queries": 1.0,
  "parse_rate": 1.0,
  "parsed_count": 1,
  "query_count": 1
}
query_ids=fab5a28901dce6962798922e57fee66d8d6c6830809439ac7ae4117ba12078b9
{
  "exact_match_rate_all_queries": 1.0,
  "exact_match_rate_parsed_queries": 1.0,
  "exact_matches": 1,
  "ignored_count": 0,
  "legacy_compatible_match_rate": 1.0,
  "mean_element_accuracy_parsed_queries": 1.0,
  "parse_rate": 1.0,
  "parsed_count": 1,
  "query_count": 1
}
query_ids=e6ca19fdc09a9f8a931ed8cdaf3d45d08ee61b42c585c7bff138b7c9e7754f0a
{
  "exact_match_rate_all_queries": 1.0,
  "exact_match_rate_parsed_queries": 1.0,
  "exact_matches": 1,
  "ignored_count": 0,
  "legacy_compatible_match_rate": 1.0,
  "mean_element_accuracy_parsed_queries": 1.0,
  "parse_rate": 1.0,
  "parsed_count": 1,
  "query_count": 1
}
query_ids=4423938ec3802d20dda8528eb6e054d2ad407dda40ee5cd677f16e1ae4360b0b
{
  "exact_match_rate_all_queries": 1.0,
  "exact_match_rate_parsed_queries": 1.0,
  "exact_matches": 1,
  "ignored_count": 0,
  "legacy_compatible_match_rate": 1.0,
  "mean_element_accuracy_parsed_queries": 1.0,
  "parse_rate": 1.0,
  "parsed_count": 1,
  "query_count": 1
}
query_ids=9b12df959b26e72e6aec3b0661f18de91626a65671790ba2c457eec610a764c1
{
  "exact_match_rate_all_queries": 1.0,
  "exact_match_rate_parsed_queries": 1.0,
  "exact_matches": 1,
  "ignored_count": 0,
  "legacy_compatible_match_rate": 1.0,
  "mean_element_accuracy_parsed_queries": 1.0,
  "parse_rate": 1.0,
  "parsed_count": 1,
  "query_count": 1
}
query_ids=354aa15306932c79ef7797c0056c3ba7bed6ab87cebc8b8d80fd151fbea20f57
{
  "exact_match_rate_all_queries": 1.0,
  "exact_match_rate_parsed_queries": 1.0,
  "exact_matches": 1,
  "ignored_count": 0,
  "legacy_compatible_match_rate": 1.0,
  "mean_element_accuracy_parsed_queries": 1.0,
  "parse_rate": 1.0,
  "parsed_count": 1,
  "query_count": 1
}
query_ids=8a557968bc30e4073cf55e5e3c8cc173fafbe8d1298a52d4523db912801a56f9
{
  "exact_match_rate_all_queries": 0.0,
  "exact_match_rate_parsed_queries": 0.0,
  "exact_matches": 0,
  "ignored_count": 0,
  "legacy_compatible_match_rate": 0.0,
  "mean_element_accuracy_parsed_queries": 0.6666666666666666,
  "parse_rate": 1.0,
  "parsed_count": 1,
  "query_count": 1
}
query_ids=9d8b79fac9a10851ca9df5f7129595d973c6dadb81fd4a58275d1201c7e1241c
{
  "exact_match_rate_all_queries": 1.0,
  "exact_match_rate_parsed_queries": 1.0,
  "exact_matches": 1,
  "ignored_count": 0,
  "legacy_compatible_match_rate": 1.0,
  "mean_element_accuracy_parsed_queries": 1.0,
  "parse_rate": 1.0,
  "parsed_count": 1,
  "query_count": 1
}
query_ids=8dd51ca6a8b817764aea8b5cc53c2e6296c4857fe36fd7638061f284167b583b
{
  "exact_match_rate_all_queries": 1.0,
  "exact_match_rate_parsed_queries": 1.0,
  "exact_matches": 1,
  "ignored_count": 0,
  "legacy_compatible_match_rate": 1.0,
  "mean_element_accuracy_parsed_queries": 1.0,
  "parse_rate": 1.0,
  "parsed_count": 1,
  "query_count": 1
}
query_ids=313bf37852b27f8eda726d6deca43454677f5829bdd717888a298b88dfa150e9
{
  "exact_match_rate_all_queries": 1.0,
  "exact_match_rate_parsed_queries": 1.0,
  "exact_matches": 1,
  "ignored_count": 0,
  "legacy_compatible_match_rate": 1.0,
  "mean_element_accuracy_parsed_queries": 1.0,
  "parse_rate": 1.0,
  "parsed_count": 1,
  "query_count": 1
}
query_ids=654ffe962189b7a9fe3772608ed0c2a0b52cb5d92a13eac213023b9988b650c3
{
  "exact_match_rate_all_queries": 1.0,
  "exact_match_rate_parsed_queries": 1.0,
  "exact_matches": 1,
  "ignored_count": 0,
  "legacy_compatible_match_rate": 1.0,
  "mean_element_accuracy_parsed_queries": 1.0,
  "parse_rate": 1.0,
  "parsed_count": 1,
  "query_count": 1
}
query_ids=459c5b6e811cdf63fa5d7d6fbe6725307b54e2207a753514c9298511d1883783
{
  "exact_match_rate_all_queries": 1.0,
  "exact_match_rate_parsed_queries": 1.0,
  "exact_matches": 1,
  "ignored_count": 0,
  "legacy_compatible_match_rate": 1.0,
  "mean_element_accuracy_parsed_queries": 1.0,
  "parse_rate": 1.0,
  "parsed_count": 1,
  "query_count": 1
}
query_ids=72673e35942b6a14898f961cd788d6a87124b229dc050bc8201c9a1a338df79a
{
  "exact_match_rate_all_queries": 1.0,
  "exact_match_rate_parsed_queries": 1.0,
  "exact_matches": 1,
  "ignored_count": 0,
  "legacy_compatible_match_rate": 1.0,
  "mean_element_accuracy_parsed_queries": 1.0,
  "parse_rate": 1.0,
  "parsed_count": 1,
  "query_count": 1
}
query_ids=b47da2c278d4810cabe8b3c17ba603ebfbb479b9a52d57d1927f48d66ed24fdf
{
  "exact_match_rate_all_queries": 1.0,
  "exact_match_rate_parsed_queries": 1.0,
  "exact_matches": 1,
  "ignored_count": 0,
  "legacy_compatible_match_rate": 1.0,
  "mean_element_accuracy_parsed_queries": 1.0,
  "parse_rate": 1.0,
  "parsed_count": 1,
  "query_count": 1
}
query_ids=90ef1f1cba25df83de859e00bcfce07d820437c0bf100cbd16b09db8688d7562
{
  "exact_match_rate_all_queries": 1.0,
  "exact_match_rate_parsed_queries": 1.0,
  "exact_matches": 1,
  "ignored_count": 0,
  "legacy_compatible_match_rate": 1.0,
  "mean_element_accuracy_parsed_queries": 1.0,
  "parse_rate": 1.0,
  "parsed_count": 1,
  "query_count": 1
}
query_ids=c40f5f6eb5d4373c1763e7cb422199660fafa4ad252ae59607a9b37ae04ab2b4
{
  "exact_match_rate_all_queries": 1.0,
  "exact_match_rate_parsed_queries": 1.0,
  "exact_matches": 1,
  "ignored_count": 0,
  "legacy_compatible_match_rate": 1.0,
  "mean_element_accuracy_parsed_queries": 1.0,
  "parse_rate": 1.0,
  "parsed_count": 1,
  "query_count": 1
}
query_ids=892a9cd8265941af223d5918430f8d871471b31d11cf6b3773653977a201a0c3
{
  "exact_match_rate_all_queries": 1.0,
  "exact_match_rate_parsed_queries": 1.0,
  "exact_matches": 1,
  "ignored_count": 0,
  "legacy_compatible_match_rate": 1.0,
  "mean_element_accuracy_parsed_queries": 1.0,
  "parse_rate": 1.0,
  "parsed_count": 1,
  "query_count": 1
}
query_ids=28aa42b36fc981cd7be2b7fcfb94ccf3498b5f63a928076f5e6818f0bf2eb42f
{
  "exact_match_rate_all_queries": 1.0,
  "exact_match_rate_parsed_queries": 1.0,
  "exact_matches": 1,
  "ignored_count": 0,
  "legacy_compatible_match_rate": 1.0,
  "mean_element_accuracy_parsed_queries": 1.0,
  "parse_rate": 1.0,
  "parsed_count": 1,
  "query_count": 1
}
query_ids=21082b7ff0c4ff2d9cfbbad538ecca7d1813f9f9cf70a6735c0fcb533bbbb4bd
{
  "exact_match_rate_all_queries": 1.0,
  "exact_match_rate_parsed_queries": 1.0,
  "exact_matches": 1,
  "ignored_count": 0,
  "legacy_compatible_match_rate": 1.0,
  "mean_element_accuracy_parsed_queries": 1.0,
  "parse_rate": 1.0,
  "parsed_count": 1,
  "query_count": 1
}
query_ids=c5550e31017e8229653aa5a624d4d53c31fe87da9584c946b004e1081e210469
{
  "exact_match_rate_all_queries": 1.0,
  "exact_match_rate_parsed_queries": 1.0,
  "exact_matches": 1,
  "ignored_count": 0,
  "legacy_compatible_match_rate": 1.0,
  "mean_element_accuracy_parsed_queries": 1.0,
  "parse_rate": 1.0,
  "parsed_count": 1,
  "query_count": 1
}
query_ids=519914f284dae6eab029695f283883f17923b3b718bb5e97e224a6591717be99
{
  "exact_match_rate_all_queries": 1.0,
  "exact_match_rate_parsed_queries": 1.0,
  "exact_matches": 1,
  "ignored_count": 0,
  "legacy_compatible_match_rate": 1.0,
  "mean_element_accuracy_parsed_queries": 1.0,
  "parse_rate": 1.0,
  "parsed_count": 1,
  "query_count": 1
}
query_ids=13690a01b9324aef0bec6b3980a46acf78905154d9c3bb6c1b5367b5810242b6
{
  "exact_match_rate_all_queries": 1.0,
  "exact_match_rate_parsed_queries": 1.0,
  "exact_matches": 1,
  "ignored_count": 0,
  "legacy_compatible_match_rate": 1.0,
  "mean_element_accuracy_parsed_queries": 1.0,
  "parse_rate": 1.0,
  "parsed_count": 1,
  "query_count": 1
}
query_ids=95e392d6f9442b3a3fb9f318d4b3a3690bf61b7fcdb3ca3698561b65bfcd53a7
{
  "exact_match_rate_all_queries": 1.0,
  "exact_match_rate_parsed_queries": 1.0,
  "exact_matches": 1,
  "ignored_count": 0,
  "legacy_compatible_match_rate": 1.0,
  "mean_element_accuracy_parsed_queries": 1.0,
  "parse_rate": 1.0,
  "parsed_count": 1,
  "query_count": 1
}
query_ids=c65d1e07cd05266d0f17baa820a6caee39fa1747735afceecca36ad03caed2b7
{
  "exact_match_rate_all_queries": 1.0,
  "exact_match_rate_parsed_queries": 1.0,
  "exact_matches": 1,
  "ignored_count": 0,
  "legacy_compatible_match_rate": 1.0,
  "mean_element_accuracy_parsed_queries": 1.0,
  "parse_rate": 1.0,
  "parsed_count": 1,
  "query_count": 1
}
query_ids=688f71b9b9ea7a0baa8d1e4fbe0a833c777666951b7e8e28f0f5cf5db8814a7e
{
  "exact_match_rate_all_queries": 1.0,
  "exact_match_rate_parsed_queries": 1.0,
  "exact_matches": 1,
  "ignored_count": 0,
  "legacy_compatible_match_rate": 1.0,
  "mean_element_accuracy_parsed_queries": 1.0,
  "parse_rate": 1.0,
  "parsed_count": 1,
  "query_count": 1
}
query_ids=0bca3ff2ddff5696f35c1d6f2517192e126ffe464d49cae89535f0dc0797d108
{
  "exact_match_rate_all_queries": 1.0,
  "exact_match_rate_parsed_queries": 1.0,
  "exact_matches": 1,
  "ignored_count": 0,
  "legacy_compatible_match_rate": 1.0,
  "mean_element_accuracy_parsed_queries": 1.0,
  "parse_rate": 1.0,
  "parsed_count": 1,
  "query_count": 1
}
query_ids=b01a53b2594a5a173f6ad08eae43d3ffa9915c8f93563629c3545d50b7b0a7cf
{
  "exact_match_rate_all_queries": 1.0,
  "exact_match_rate_parsed_queries": 1.0,
  "exact_matches": 1,
  "ignored_count": 0,
  "legacy_compatible_match_rate": 1.0,
  "mean_element_accuracy_parsed_queries": null,
  "parse_rate": 1.0,
  "parsed_count": 1,
  "query_count": 1
}
query_ids=51149e445403b64b2a15f3152a65f8ff9b36b04d96c7a80740cc8d2b109910c6
{
  "exact_match_rate_all_queries": 1.0,
  "exact_match_rate_parsed_queries": 1.0,
  "exact_matches": 1,
  "ignored_count": 0,
  "legacy_compatible_match_rate": 1.0,
  "mean_element_accuracy_parsed_queries": null,
  "parse_rate": 1.0,
  "parsed_count": 1,
  "query_count": 1
}
query_ids=e471d35b3e01899a791710bb1605d00e25b155303b12bcd8c31329401aac38d6
{
  "exact_match_rate_all_queries": 1.0,
  "exact_match_rate_parsed_queries": 1.0,
  "exact_matches": 1,
  "ignored_count": 0,
  "legacy_compatible_match_rate": 1.0,
  "mean_element_accuracy_parsed_queries": null,
  "parse_rate": 1.0,
  "parsed_count": 1,
  "query_count": 1
}
query_ids=28009064a28ecec71748172c657a551a551fbdfbd3224d54d192c77571ceabfc
{
  "exact_match_rate_all_queries": 1.0,
  "exact_match_rate_parsed_queries": 1.0,
  "exact_matches": 1,
  "ignored_count": 0,
  "legacy_compatible_match_rate": 1.0,
  "mean_element_accuracy_parsed_queries": null,
  "parse_rate": 1.0,
  "parsed_count": 1,
  "query_count": 1
}
query_ids=18e589297ae30f26db8a36e18c04da5d3eae06617f9ed19bbf613c42464ea7e0
{
  "exact_match_rate_all_queries": 0.0,
  "exact_match_rate_parsed_queries": 0.0,
  "exact_matches": 0,
  "ignored_count": 0,
  "legacy_compatible_match_rate": 0.0,
  "mean_element_accuracy_parsed_queries": null,
  "parse_rate": 1.0,
  "parsed_count": 1,
  "query_count": 1
}
query_ids=5f07aa4a469b249c833c16e5200d3280cbd3a7a9e75b41a6da3903814daca546
{
  "exact_match_rate_all_queries": 0.0,
  "exact_match_rate_parsed_queries": 0.0,
  "exact_matches": 0,
  "ignored_count": 0,
  "legacy_compatible_match_rate": 0.0,
  "mean_element_accuracy_parsed_queries": null,
  "parse_rate": 1.0,
  "parsed_count": 1,
  "query_count": 1
}
query_ids=73f8d2189e4f32cfce1bafa1739aeab8369f8419cfaff701bd41c22a634c4629
{
  "exact_match_rate_all_queries": 1.0,
  "exact_match_rate_parsed_queries": 1.0,
  "exact_matches": 1,
  "ignored_count": 0,
  "legacy_compatible_match_rate": 1.0,
  "mean_element_accuracy_parsed_queries": null,
  "parse_rate": 1.0,
  "parsed_count": 1,
  "query_count": 1
}
query_ids=59b5a751b42bff953980d58bfe1c310a6d026b7f86e94acae3db7ddc26ce067c
{
  "exact_match_rate_all_queries": 0.0,
  "exact_match_rate_parsed_queries": 0.0,
  "exact_matches": 0,
  "ignored_count": 0,
  "legacy_compatible_match_rate": 0.0,
  "mean_element_accuracy_parsed_queries": null,
  "parse_rate": 1.0,
  "parsed_count": 1,
  "query_count": 1
}
query_ids=3715854bf99d6b1d81e2dbea2d074907c0cdcfb90528eb5b55e353eac4810394
{
  "exact_match_rate_all_queries": 1.0,
  "exact_match_rate_parsed_queries": 1.0,
  "exact_matches": 1,
  "ignored_count": 0,
  "legacy_compatible_match_rate": 1.0,
  "mean_element_accuracy_parsed_queries": null,
  "parse_rate": 1.0,
  "parsed_count": 1,
  "query_count": 1
}
query_ids=621587d81c093c4bec4a1be986772cb42f3e03b5cc42a24637a71643a5044956
{
  "exact_match_rate_all_queries": 1.0,
  "exact_match_rate_parsed_queries": 1.0,
  "exact_matches": 1,
  "ignored_count": 0,
  "legacy_compatible_match_rate": 1.0,
  "mean_element_accuracy_parsed_queries": null,
  "parse_rate": 1.0,
  "parsed_count": 1,
  "query_count": 1
}
query_ids=fc55604da6b065cf3ff85d5be9814749a0deaa7ea662003a8883618dfbb10a14
{
  "exact_match_rate_all_queries": 0.0,
  "exact_match_rate_parsed_queries": 0.0,
  "exact_matches": 0,
  "ignored_count": 0,
  "legacy_compatible_match_rate": 0.0,
  "mean_element_accuracy_parsed_queries": null,
  "parse_rate": 1.0,
  "parsed_count": 1,
  "query_count": 1
}
query_ids=18506e87acc9d518e8190971817ada61a752bfe1689c468653abc45f657bbb44
{
  "exact_match_rate_all_queries": 1.0,
  "exact_match_rate_parsed_queries": 1.0,
  "exact_matches": 1,
  "ignored_count": 0,
  "legacy_compatible_match_rate": 1.0,
  "mean_element_accuracy_parsed_queries": null,
  "parse_rate": 1.0,
  "parsed_count": 1,
  "query_count": 1
}
query_ids=668ffd888dc9a83bcf06385262d0803a0f1cb5a56e11779c7335aea28f0cdf4e
{
  "exact_match_rate_all_queries": 0.0,
  "exact_match_rate_parsed_queries": 0.0,
  "exact_matches": 0,
  "ignored_count": 0,
  "legacy_compatible_match_rate": 0.0,
  "mean_element_accuracy_parsed_queries": null,
  "parse_rate": 1.0,
  "parsed_count": 1,
  "query_count": 1
}
query_ids=d5a499093e8de128accec4375a92e012079b80545a5f34a4eeab416d19548313
{
  "exact_match_rate_all_queries": 1.0,
  "exact_match_rate_parsed_queries": 1.0,
  "exact_matches": 1,
  "ignored_count": 0,
  "legacy_compatible_match_rate": 1.0,
  "mean_element_accuracy_parsed_queries": null,
  "parse_rate": 1.0,
  "parsed_count": 1,
  "query_count": 1
}
query_ids=157c1bc2ab4cecbfaafe7144264d6b6b6ed88ed2ebcba82c5489a86da1a34fab
{
  "exact_match_rate_all_queries": 1.0,
  "exact_match_rate_parsed_queries": 1.0,
  "exact_matches": 1,
  "ignored_count": 0,
  "legacy_compatible_match_rate": 1.0,
  "mean_element_accuracy_parsed_queries": null,
  "parse_rate": 1.0,
  "parsed_count": 1,
  "query_count": 1
}
query_ids=6536f1987cecaeea5726ef2cd5ebe97d763c5936c46a2446691af5b9bb4006db
{
  "exact_match_rate_all_queries": 1.0,
  "exact_match_rate_parsed_queries": 1.0,
  "exact_matches": 1,
  "ignored_count": 0,
  "legacy_compatible_match_rate": 1.0,
  "mean_element_accuracy_parsed_queries": null,
  "parse_rate": 1.0,
  "parsed_count": 1,
  "query_count": 1
}
query_ids=024307ce09e40e913afcf76e861f2a8e2a16de9c794c226f8be1b003f3a2f3e5
{
  "exact_match_rate_all_queries": 1.0,
  "exact_match_rate_parsed_queries": 1.0,
  "exact_matches": 1,
  "ignored_count": 0,
  "legacy_compatible_match_rate": 1.0,
  "mean_element_accuracy_parsed_queries": null,
  "parse_rate": 1.0,
  "parsed_count": 1,
  "query_count": 1
}
query_ids=dd5926df42057fe54e6ac780bf8f2efa1cae1a233aff9f7b0c7b6741d8024f5a
{
  "exact_match_rate_all_queries": 1.0,
  "exact_match_rate_parsed_queries": 1.0,
  "exact_matches": 1,
  "ignored_count": 0,
  "legacy_compatible_match_rate": 1.0,
  "mean_element_accuracy_parsed_queries": null,
  "parse_rate": 1.0,
  "parsed_count": 1,
  "query_count": 1
}
query_ids=66edc8a774a228bb065d8d6dd68ce81bdc3fe0163ff5d5106816fe02d056b68e
{
  "exact_match_rate_all_queries": 1.0,
  "exact_match_rate_parsed_queries": 1.0,
  "exact_matches": 1,
  "ignored_count": 0,
  "legacy_compatible_match_rate": 1.0,
  "mean_element_accuracy_parsed_queries": null,
  "parse_rate": 1.0,
  "parsed_count": 1,
  "query_count": 1
}
query_ids=3e57b79ca1ef6e28c93031ba6c5c6c913aca68328502d3a6029805cd35561fba
{
  "exact_match_rate_all_queries": 1.0,
  "exact_match_rate_parsed_queries": 1.0,
  "exact_matches": 1,
  "ignored_count": 0,
  "legacy_compatible_match_rate": 1.0,
  "mean_element_accuracy_parsed_queries": null,
  "parse_rate": 1.0,
  "parsed_count": 1,
  "query_count": 1
}
query_ids=1b1f388a2d92d6b665e33e4f5152608832c7f1d947d0add4eaea6348ae176a7a
{
  "exact_match_rate_all_queries": 1.0,
  "exact_match_rate_parsed_queries": 1.0,
  "exact_matches": 1,
  "ignored_count": 0,
  "legacy_compatible_match_rate": 1.0,
  "mean_element_accuracy_parsed_queries": null,
  "parse_rate": 1.0,
  "parsed_count": 1,
  "query_count": 1
}
query_ids=2483f00e7d529d1aad4e46640ef464b9610477d5d94ce2ad5b0c5be35eefa3d6
{
  "exact_match_rate_all_queries": 1.0,
  "exact_match_rate_parsed_queries": 1.0,
  "exact_matches": 1,
  "ignored_count": 0,
  "legacy_compatible_match_rate": 1.0,
  "mean_element_accuracy_parsed_queries": null,
  "parse_rate": 1.0,
  "parsed_count": 1,
  "query_count": 1
}
query_ids=1ceb898e0c62d2f51fc4abe4c77959ea1794c7c0446120f41eb54e80ba00fdd6
{
  "exact_match_rate_all_queries": 1.0,
  "exact_match_rate_parsed_queries": 1.0,
  "exact_matches": 1,
  "ignored_count": 0,
  "legacy_compatible_match_rate": 1.0,
  "mean_element_accuracy_parsed_queries": null,
  "parse_rate": 1.0,
  "parsed_count": 1,
  "query_count": 1
}
query_ids=9859fb05817e0f3ab1fbefb72d285bef5763b3332ce09ce7153ecc9c0c96cbc3
{
  "exact_match_rate_all_queries": 1.0,
  "exact_match_rate_parsed_queries": 1.0,
  "exact_matches": 1,
  "ignored_count": 0,
  "legacy_compatible_match_rate": 1.0,
  "mean_element_accuracy_parsed_queries": null,
  "parse_rate": 1.0,
  "parsed_count": 1,
  "query_count": 1
}
query_ids=ddc9d41bdf10e6477fa15405539141872bfbc9ce58a08ce7f0e745087bb02ff9
{
  "exact_match_rate_all_queries": 1.0,
  "exact_match_rate_parsed_queries": 1.0,
  "exact_matches": 1,
  "ignored_count": 0,
  "legacy_compatible_match_rate": 1.0,
  "mean_element_accuracy_parsed_queries": null,
  "parse_rate": 1.0,
  "parsed_count": 1,
  "query_count": 1
}
query_ids=628582cd6f31529d68b067764bbc14d6e57a4812db545aaefdc91b16e0a67e51
{
  "exact_match_rate_all_queries": 0.0,
  "exact_match_rate_parsed_queries": 0.0,
  "exact_matches": 0,
  "ignored_count": 0,
  "legacy_compatible_match_rate": 0.0,
  "mean_element_accuracy_parsed_queries": null,
  "parse_rate": 1.0,
  "parsed_count": 1,
  "query_count": 1
}
query_ids=75581059f0b50b3794fa399e322d3ef605070b9f13ef5ed44eca5521b370b24e
{
  "exact_match_rate_all_queries": 1.0,
  "exact_match_rate_parsed_queries": 1.0,
  "exact_matches": 1,
  "ignored_count": 0,
  "legacy_compatible_match_rate": 1.0,
  "mean_element_accuracy_parsed_queries": null,
  "parse_rate": 1.0,
  "parsed_count": 1,
  "query_count": 1
}
query_ids=8171baa71e4567d7fbc550b962911fccaa774c0251f109daabb1ce14e6e5e82c
{
  "exact_match_rate_all_queries": 1.0,
  "exact_match_rate_parsed_queries": 1.0,
  "exact_matches": 1,
  "ignored_count": 0,
  "legacy_compatible_match_rate": 1.0,
  "mean_element_accuracy_parsed_queries": null,
  "parse_rate": 1.0,
  "parsed_count": 1,
  "query_count": 1
}
query_ids=ff26ddb6cb633a4a5e5de2f9b8efadbf3f4a677b4a163b16aef6c2361fd5ffe8
{
  "exact_match_rate_all_queries": 1.0,
  "exact_match_rate_parsed_queries": 1.0,
  "exact_matches": 1,
  "ignored_count": 0,
  "legacy_compatible_match_rate": 1.0,
  "mean_element_accuracy_parsed_queries": null,
  "parse_rate": 1.0,
  "parsed_count": 1,
  "query_count": 1
}
query_ids=2d3a77eaa182a3941ba3e4b8d3839eaa6302aeb87ec20c81922053392e48bac6
{
  "exact_match_rate_all_queries": 0.0,
  "exact_match_rate_parsed_queries": 0.0,
  "exact_matches": 0,
  "ignored_count": 0,
  "legacy_compatible_match_rate": 0.0,
  "mean_element_accuracy_parsed_queries": null,
  "parse_rate": 1.0,
  "parsed_count": 1,
  "query_count": 1
}
query_ids=c35f321ff7c5314c9480b07443b807aa3c9a4ad5fc4a616aa0207d1d39b87279
{
  "exact_match_rate_all_queries": 0.0,
  "exact_match_rate_parsed_queries": 0.0,
  "exact_matches": 0,
  "ignored_count": 0,
  "legacy_compatible_match_rate": 0.0,
  "mean_element_accuracy_parsed_queries": null,
  "parse_rate": 1.0,
  "parsed_count": 1,
  "query_count": 1
}
query_ids=dcb62e29b286718e23666bbf0d337a36d06dd008719cca57dd77a350989c8776
{
  "exact_match_rate_all_queries": 1.0,
  "exact_match_rate_parsed_queries": 1.0,
  "exact_matches": 1,
  "ignored_count": 0,
  "legacy_compatible_match_rate": 1.0,
  "mean_element_accuracy_parsed_queries": null,
  "parse_rate": 1.0,
  "parsed_count": 1,
  "query_count": 1
}
query_ids=b06e16125dd666c28f417b7e4a0d3947ee990f2daf5b391dd80035d8ac6f0554
{
  "exact_match_rate_all_queries": 0.0,
  "exact_match_rate_parsed_queries": 0.0,
  "exact_matches": 0,
  "ignored_count": 0,
  "legacy_compatible_match_rate": 0.0,
  "mean_element_accuracy_parsed_queries": null,
  "parse_rate": 1.0,
  "parsed_count": 1,
  "query_count": 1
}
query_ids=fb29be2cdcf899a64cae7c22ecf903008f1e55be802913f82c6b9d04465aac19
{
  "exact_match_rate_all_queries": 0.0,
  "exact_match_rate_parsed_queries": 0.0,
  "exact_matches": 0,
  "ignored_count": 0,
  "legacy_compatible_match_rate": 0.0,
  "mean_element_accuracy_parsed_queries": null,
  "parse_rate": 1.0,
  "parsed_count": 1,
  "query_count": 1
}
query_ids=0271094ea394ae51783cf91013dca23828dde881e75b91bb01127524a8b49388
{
  "exact_match_rate_all_queries": 0.0,
  "exact_match_rate_parsed_queries": 0.0,
  "exact_matches": 0,
  "ignored_count": 0,
  "legacy_compatible_match_rate": 0.0,
  "mean_element_accuracy_parsed_queries": null,
  "parse_rate": 1.0,
  "parsed_count": 1,
  "query_count": 1
}
query_ids=78765116db8a0c999e48c57329150853297b4c275801fa8e38fd12f5f8e64bbd
{
  "exact_match_rate_all_queries": 1.0,
  "exact_match_rate_parsed_queries": 1.0,
  "exact_matches": 1,
  "ignored_count": 0,
  "legacy_compatible_match_rate": 1.0,
  "mean_element_accuracy_parsed_queries": null,
  "parse_rate": 1.0,
  "parsed_count": 1,
  "query_count": 1
}
query_ids=3f45bb891eb3b27c5b13aa36bf3965cf6cda9d2feb94f828dc3c2e6c7bd59ab8
{
  "exact_match_rate_all_queries": 1.0,
  "exact_match_rate_parsed_queries": 1.0,
  "exact_matches": 1,
  "ignored_count": 0,
  "legacy_compatible_match_rate": 1.0,
  "mean_element_accuracy_parsed_queries": null,
  "parse_rate": 1.0,
  "parsed_count": 1,
  "query_count": 1
}
query_ids=8c7106a15023c8e6bb91dd77a76e6932df1102c6056a8de44741c6c30b26dcf8
{
  "exact_match_rate_all_queries": 1.0,
  "exact_match_rate_parsed_queries": 1.0,
  "exact_matches": 1,
  "ignored_count": 0,
  "legacy_compatible_match_rate": 1.0,
  "mean_element_accuracy_parsed_queries": null,
  "parse_rate": 1.0,
  "parsed_count": 1,
  "query_count": 1
}
query_ids=cae6abbbf965aec84bd8c60d70202611bc806da8333ab64bf10bdb19b1186453
{
  "exact_match_rate_all_queries": 1.0,
  "exact_match_rate_parsed_queries": 1.0,
  "exact_matches": 1,
  "ignored_count": 0,
  "legacy_compatible_match_rate": 1.0,
  "mean_element_accuracy_parsed_queries": null,
  "parse_rate": 1.0,
  "parsed_count": 1,
  "query_count": 1
}
query_ids=560dd0b7074c0a13a88b5242c0cb862252065f9d5edc511fd5c2709e480bf45c
{
  "exact_match_rate_all_queries": 0.0,
  "exact_match_rate_parsed_queries": 0.0,
  "exact_matches": 0,
  "ignored_count": 0,
  "legacy_compatible_match_rate": 0.0,
  "mean_element_accuracy_parsed_queries": null,
  "parse_rate": 1.0,
  "parsed_count": 1,
  "query_count": 1
}
query_ids=8a50153825771822e639abb0c4028e197c634762823dbe89615f8d04918d6e61
{
  "exact_match_rate_all_queries": 1.0,
  "exact_match_rate_parsed_queries": 1.0,
  "exact_matches": 1,
  "ignored_count": 0,
  "legacy_compatible_match_rate": 1.0,
  "mean_element_accuracy_parsed_queries": null,
  "parse_rate": 1.0,
  "parsed_count": 1,
  "query_count": 1
}
query_ids=4d1b407068ff8e04c26d5253e2bf398f5c312fadfea2713166cdf36d11d3d2ac
{
  "exact_match_rate_all_queries": 1.0,
  "exact_match_rate_parsed_queries": 1.0,
  "exact_matches": 1,
  "ignored_count": 0,
  "legacy_compatible_match_rate": 1.0,
  "mean_element_accuracy_parsed_queries": null,
  "parse_rate": 1.0,
  "parsed_count": 1,
  "query_count": 1
}
query_ids=0c6860c0e663642e5e1a80428c11775f9816b2320e4d469fdfe774ec807ddbb9
{
  "exact_match_rate_all_queries": 1.0,
  "exact_match_rate_parsed_queries": 1.0,
  "exact_matches": 1,
  "ignored_count": 0,
  "legacy_compatible_match_rate": 1.0,
  "mean_element_accuracy_parsed_queries": null,
  "parse_rate": 1.0,
  "parsed_count": 1,
  "query_count": 1
}
query_ids=cc9aafcf4d8ed8de9a3e270677398659345a1956dfca2fc36f2b7732370d490f
{
  "exact_match_rate_all_queries": 1.0,
  "exact_match_rate_parsed_queries": 1.0,
  "exact_matches": 1,
  "ignored_count": 0,
  "legacy_compatible_match_rate": 1.0,
  "mean_element_accuracy_parsed_queries": null,
  "parse_rate": 1.0,
  "parsed_count": 1,
  "query_count": 1
}
query_ids=afdf23c5963bdde5a2cf63a5b63517d66f46fe221082fde689d6e2f2db22ed4d
{
  "exact_match_rate_all_queries": 1.0,
  "exact_match_rate_parsed_queries": 1.0,
  "exact_matches": 1,
  "ignored_count": 0,
  "legacy_compatible_match_rate": 1.0,
  "mean_element_accuracy_parsed_queries": null,
  "parse_rate": 1.0,
  "parsed_count": 1,
  "query_count": 1
}
query_ids=cfab2967cf334ce3ca4b20a05f17beb4b7c3980c72cfc5cda505efbacc57420c
{
  "exact_match_rate_all_queries": 1.0,
  "exact_match_rate_parsed_queries": 1.0,
  "exact_matches": 1,
  "ignored_count": 0,
  "legacy_compatible_match_rate": 1.0,
  "mean_element_accuracy_parsed_queries": null,
  "parse_rate": 1.0,
  "parsed_count": 1,
  "query_count": 1
}
query_ids=5cce7b93f9165dd0beebc7c6245fe7eb5278b0e917407a64664c656980b1ac4e
{
  "exact_match_rate_all_queries": 1.0,
  "exact_match_rate_parsed_queries": 1.0,
  "exact_matches": 1,
  "ignored_count": 0,
  "legacy_compatible_match_rate": 1.0,
  "mean_element_accuracy_parsed_queries": null,
  "parse_rate": 1.0,
  "parsed_count": 1,
  "query_count": 1
}
query_ids=e0a439ec41d834ab21bca07e491848959abce9096e90749c713d44060b521b7d
{
  "exact_match_rate_all_queries": 1.0,
  "exact_match_rate_parsed_queries": 1.0,
  "exact_matches": 1,
  "ignored_count": 0,
  "legacy_compatible_match_rate": 1.0,
  "mean_element_accuracy_parsed_queries": null,
  "parse_rate": 1.0,
  "parsed_count": 1,
  "query_count": 1
}
query_ids=bdad876b215d301adb4dd3a63415c3cde3d187acfdf64cfcf20e4f8f44c727d0
{
  "exact_match_rate_all_queries": 1.0,
  "exact_match_rate_parsed_queries": 1.0,
  "exact_matches": 1,
  "ignored_count": 0,
  "legacy_compatible_match_rate": 1.0,
  "mean_element_accuracy_parsed_queries": null,
  "parse_rate": 1.0,
  "parsed_count": 1,
  "query_count": 1
}
query_ids=b49ce8d4b1c032b98d898392e4c98cb1a7c7762db4d26606ea2224b1654501bf
{
  "exact_match_rate_all_queries": 1.0,
  "exact_match_rate_parsed_queries": 1.0,
  "exact_matches": 1,
  "ignored_count": 0,
  "legacy_compatible_match_rate": 1.0,
  "mean_element_accuracy_parsed_queries": null,
  "parse_rate": 1.0,
  "parsed_count": 1,
  "query_count": 1
}
query_ids=f4f6fdf664ba553aaa21a077df320877f778160181b7bbccd2a500769499e1b2
{
  "exact_match_rate_all_queries": 1.0,
  "exact_match_rate_parsed_queries": 1.0,
  "exact_matches": 1,
  "ignored_count": 0,
  "legacy_compatible_match_rate": 1.0,
  "mean_element_accuracy_parsed_queries": null,
  "parse_rate": 1.0,
  "parsed_count": 1,
  "query_count": 1
}
query_ids=0efca9efcfcfcc8b205c013f366e6088cf3d24eba0c32a6ee339e8c92256b291
{
  "exact_match_rate_all_queries": 1.0,
  "exact_match_rate_parsed_queries": 1.0,
  "exact_matches": 1,
  "ignored_count": 0,
  "legacy_compatible_match_rate": 1.0,
  "mean_element_accuracy_parsed_queries": null,
  "parse_rate": 1.0,
  "parsed_count": 1,
  "query_count": 1
}
query_ids=7fb9ca9413c28fad63f7ab516b3b5a019f49f2b7a5a1bcdc6520c34e123a3b5e
{
  "exact_match_rate_all_queries": 1.0,
  "exact_match_rate_parsed_queries": 1.0,
  "exact_matches": 1,
  "ignored_count": 0,
  "legacy_compatible_match_rate": 1.0,
  "mean_element_accuracy_parsed_queries": null,
  "parse_rate": 1.0,
  "parsed_count": 1,
  "query_count": 1
}
query_ids=b369aae67c633d6bdf90c1f6dd3d11d84c6427bd6b3ad9a3f77169bf060318c9
{
  "exact_match_rate_all_queries": 1.0,
  "exact_match_rate_parsed_queries": 1.0,
  "exact_matches": 1,
  "ignored_count": 0,
  "legacy_compatible_match_rate": 1.0,
  "mean_element_accuracy_parsed_queries": null,
  "parse_rate": 1.0,
  "parsed_count": 1,
  "query_count": 1
}
query_ids=8836491ca017271a28b5577358b521a4c54caa4adcfc05511f2fee13f775ac3f
{
  "exact_match_rate_all_queries": 1.0,
  "exact_match_rate_parsed_queries": 1.0,
  "exact_matches": 1,
  "ignored_count": 0,
  "legacy_compatible_match_rate": 1.0,
  "mean_element_accuracy_parsed_queries": null,
  "parse_rate": 1.0,
  "parsed_count": 1,
  "query_count": 1
}
query_ids=6c338351352a0bc4ba6308c3b53cc1a13a9b97b5446d0709d97edbcf9d646c93
{
  "exact_match_rate_all_queries": 1.0,
  "exact_match_rate_parsed_queries": 1.0,
  "exact_matches": 1,
  "ignored_count": 0,
  "legacy_compatible_match_rate": 1.0,
  "mean_element_accuracy_parsed_queries": null,
  "parse_rate": 1.0,
  "parsed_count": 1,
  "query_count": 1
}
query_ids=254a4806fcedbf86b0aa5a03125849038eceee8e0e65f270ed36b6ae5833cf1a
{
  "exact_match_rate_all_queries": 1.0,
  "exact_match_rate_parsed_queries": 1.0,
  "exact_matches": 1,
  "ignored_count": 0,
  "legacy_compatible_match_rate": 1.0,
  "mean_element_accuracy_parsed_queries": null,
  "parse_rate": 1.0,
  "parsed_count": 1,
  "query_count": 1
}
query_ids=2d139bf1fa75e1a95cebcd4b9aa613541487123ea48f94d8e95331db6243f9eb
{
  "exact_match_rate_all_queries": 1.0,
  "exact_match_rate_parsed_queries": 1.0,
  "exact_matches": 1,
  "ignored_count": 0,
  "legacy_compatible_match_rate": 1.0,
  "mean_element_accuracy_parsed_queries": null,
  "parse_rate": 1.0,
  "parsed_count": 1,
  "query_count": 1
}
query_ids=18698fb0ac075534438705b3d4fe7cae377230bfa5fa3ca9164f13df5083a1ba
{
  "exact_match_rate_all_queries": 1.0,
  "exact_match_rate_parsed_queries": 1.0,
  "exact_matches": 1,
  "ignored_count": 0,
  "legacy_compatible_match_rate": 1.0,
  "mean_element_accuracy_parsed_queries": null,
  "parse_rate": 1.0,
  "parsed_count": 1,
  "query_count": 1
}
query_ids=9cb60ce09e87b9d81bce58711a74a932b08d4a0d50e74b145a7f2d96b1e3eae2
{
  "exact_match_rate_all_queries": 1.0,
  "exact_match_rate_parsed_queries": 1.0,
  "exact_matches": 1,
  "ignored_count": 0,
  "legacy_compatible_match_rate": 1.0,
  "mean_element_accuracy_parsed_queries": null,
  "parse_rate": 1.0,
  "parsed_count": 1,
  "query_count": 1
}
query_ids=bce45fd9c20a625d4ad04dc71d2366c9a63d28989db991d7ad8a2c302580cdc2
{
  "exact_match_rate_all_queries": 1.0,
  "exact_match_rate_parsed_queries": 1.0,
  "exact_matches": 1,
  "ignored_count": 0,
  "legacy_compatible_match_rate": 1.0,
  "mean_element_accuracy_parsed_queries": null,
  "parse_rate": 1.0,
  "parsed_count": 1,
  "query_count": 1
}
query_ids=70dce569cca84668d741da1593d6ef8131e05b5be5d0e377cc522c3ffb9a99ed
{
  "exact_match_rate_all_queries": 1.0,
  "exact_match_rate_parsed_queries": 1.0,
  "exact_matches": 1,
  "ignored_count": 0,
  "legacy_compatible_match_rate": 1.0,
  "mean_element_accuracy_parsed_queries": null,
  "parse_rate": 1.0,
  "parsed_count": 1,
  "query_count": 1
}
query_ids=49f8655ef73d1011cc9941bf125bf5f2d5863d49079c06f53cf00feb5ffe9386
{
  "exact_match_rate_all_queries": 1.0,
  "exact_match_rate_parsed_queries": 1.0,
  "exact_matches": 1,
  "ignored_count": 0,
  "legacy_compatible_match_rate": 1.0,
  "mean_element_accuracy_parsed_queries": null,
  "parse_rate": 1.0,
  "parsed_count": 1,
  "query_count": 1
}
query_ids=5e7cff94f79a611f79ec0a5ccaab123ad6de244a6fb02923529362e1e9667291
{
  "exact_match_rate_all_queries": 1.0,
  "exact_match_rate_parsed_queries": 1.0,
  "exact_matches": 1,
  "ignored_count": 0,
  "legacy_compatible_match_rate": 1.0,
  "mean_element_accuracy_parsed_queries": null,
  "parse_rate": 1.0,
  "parsed_count": 1,
  "query_count": 1
}
query_ids=9d79015d2d9a84753d7a59d8958bb47901460c4660803ed93fff4a55bfd78f2e
{
  "exact_match_rate_all_queries": 1.0,
  "exact_match_rate_parsed_queries": 1.0,
  "exact_matches": 1,
  "ignored_count": 0,
  "legacy_compatible_match_rate": 1.0,
  "mean_element_accuracy_parsed_queries": null,
  "parse_rate": 1.0,
  "parsed_count": 1,
  "query_count": 1
}
query_ids=052b2f9d55f07acff0d153796169ca130dc49c00a89de638f37b40cbda2bee6b
{
  "exact_match_rate_all_queries": 1.0,
  "exact_match_rate_parsed_queries": 1.0,
  "exact_matches": 1,
  "ignored_count": 0,
  "legacy_compatible_match_rate": 1.0,
  "mean_element_accuracy_parsed_queries": null,
  "parse_rate": 1.0,
  "parsed_count": 1,
  "query_count": 1
}
query_ids=929f0192b86677b743000c53480b4629913247aade5c70e180a5136345cae332
{
  "exact_match_rate_all_queries": 1.0,
  "exact_match_rate_parsed_queries": 1.0,
  "exact_matches": 1,
  "ignored_count": 0,
  "legacy_compatible_match_rate": 1.0,
  "mean_element_accuracy_parsed_queries": null,
  "parse_rate": 1.0,
  "parsed_count": 1,
  "query_count": 1
}
query_ids=aa3425bd1f930c098e7fb8533f2d2eba9325d63c8363195b4b46cd28f5bbacc7
{
  "exact_match_rate_all_queries": 1.0,
  "exact_match_rate_parsed_queries": 1.0,
  "exact_matches": 1,
  "ignored_count": 0,
  "legacy_compatible_match_rate": 1.0,
  "mean_element_accuracy_parsed_queries": null,
  "parse_rate": 1.0,
  "parsed_count": 1,
  "query_count": 1
}
query_ids=78e07f316dee8dc31944d567c9fef6644a01f60a6c1f1addc65ba4670f0e38de
{
  "exact_match_rate_all_queries": 1.0,
  "exact_match_rate_parsed_queries": 1.0,
  "exact_matches": 1,
  "ignored_count": 0,
  "legacy_compatible_match_rate": 1.0,
  "mean_element_accuracy_parsed_queries": null,
  "parse_rate": 1.0,
  "parsed_count": 1,
  "query_count": 1
}
query_ids=ce6d5f3fb152590d77409b7d9da3189e0cbe8faff5d5933dd7c60364f7905a55
{
  "exact_match_rate_all_queries": 1.0,
  "exact_match_rate_parsed_queries": 1.0,
  "exact_matches": 1,
  "ignored_count": 0,
  "legacy_compatible_match_rate": 1.0,
  "mean_element_accuracy_parsed_queries": null,
  "parse_rate": 1.0,
  "parsed_count": 1,
  "query_count": 1
}
query_ids=12822f44e3855a49e3dcaa03d1675dd6d9e49b1cec1e2a937c67a3dc6ee29e2d
{
  "exact_match_rate_all_queries": 1.0,
  "exact_match_rate_parsed_queries": 1.0,
  "exact_matches": 1,
  "ignored_count": 0,
  "legacy_compatible_match_rate": 1.0,
  "mean_element_accuracy_parsed_queries": null,
  "parse_rate": 1.0,
  "parsed_count": 1,
  "query_count": 1
}
query_ids=6d07969b3f41285a441baff89af92ec5cf92ebf0d56a3dfb429181231f89520f
{
  "exact_match_rate_all_queries": 1.0,
  "exact_match_rate_parsed_queries": 1.0,
  "exact_matches": 1,
  "ignored_count": 0,
  "legacy_compatible_match_rate": 1.0,
  "mean_element_accuracy_parsed_queries": null,
  "parse_rate": 1.0,
  "parsed_count": 1,
  "query_count": 1
}
query_ids=603af31d200637a92945295589293bc5edcdea83719211e605103effffe23c09
{
  "exact_match_rate_all_queries": 1.0,
  "exact_match_rate_parsed_queries": 1.0,
  "exact_matches": 1,
  "ignored_count": 0,
  "legacy_compatible_match_rate": 1.0,
  "mean_element_accuracy_parsed_queries": null,
  "parse_rate": 1.0,
  "parsed_count": 1,
  "query_count": 1
}
query_ids=87d2f2e9d73a934b306457a083f68a6fc4606e90ddc11b0aedd7d87c51a6b1a4
{
  "exact_match_rate_all_queries": 1.0,
  "exact_match_rate_parsed_queries": 1.0,
  "exact_matches": 1,
  "ignored_count": 0,
  "legacy_compatible_match_rate": 1.0,
  "mean_element_accuracy_parsed_queries": null,
  "parse_rate": 1.0,
  "parsed_count": 1,
  "query_count": 1
}
query_ids=4e29ed8d1c440efaff3b5cce586273a02eb8b3e776adc4fc77976f6cba5c8d1d
{
  "exact_match_rate_all_queries": 1.0,
  "exact_match_rate_parsed_queries": 1.0,
  "exact_matches": 1,
  "ignored_count": 0,
  "legacy_compatible_match_rate": 1.0,
  "mean_element_accuracy_parsed_queries": null,
  "parse_rate": 1.0,
  "parsed_count": 1,
  "query_count": 1
}
query_ids=f37adfb1d37e2e80a4faf5e6417f8aed14c1db6189ddfd7ccf5d727fff137288
{
  "exact_match_rate_all_queries": 1.0,
  "exact_match_rate_parsed_queries": 1.0,
  "exact_matches": 1,
  "ignored_count": 0,
  "legacy_compatible_match_rate": 1.0,
  "mean_element_accuracy_parsed_queries": null,
  "parse_rate": 1.0,
  "parsed_count": 1,
  "query_count": 1
}
query_ids=bc0c0f952578ba45f6f4f4bcc32014436c5c56665f6c417785f1900860da77dc
{
  "exact_match_rate_all_queries": 1.0,
  "exact_match_rate_parsed_queries": 1.0,
  "exact_matches": 1,
  "ignored_count": 0,
  "legacy_compatible_match_rate": 1.0,
  "mean_element_accuracy_parsed_queries": null,
  "parse_rate": 1.0,
  "parsed_count": 1,
  "query_count": 1
}
query_ids=794baa17a8ad7d1da9b79ef298bbc8910d096ade763bb25c8f45bbe3771af644
{
  "exact_match_rate_all_queries": 1.0,
  "exact_match_rate_parsed_queries": 1.0,
  "exact_matches": 1,
  "ignored_count": 0,
  "legacy_compatible_match_rate": 1.0,
  "mean_element_accuracy_parsed_queries": null,
  "parse_rate": 1.0,
  "parsed_count": 1,
  "query_count": 1
}
query_ids=9ff731cb6091577f88f71683074d162f7d5052ab87bdd551153aa89120e156f9
{
  "exact_match_rate_all_queries": 1.0,
  "exact_match_rate_parsed_queries": 1.0,
  "exact_matches": 1,
  "ignored_count": 0,
  "legacy_compatible_match_rate": 1.0,
  "mean_element_accuracy_parsed_queries": null,
  "parse_rate": 1.0,
  "parsed_count": 1,
  "query_count": 1
}
query_ids=6feadf39256d05407eb1b264c913be6af02bd48e0a77a2221c73346063553b44
{
  "exact_match_rate_all_queries": 1.0,
  "exact_match_rate_parsed_queries": 1.0,
  "exact_matches": 1,
  "ignored_count": 0,
  "legacy_compatible_match_rate": 1.0,
  "mean_element_accuracy_parsed_queries": null,
  "parse_rate": 1.0,
  "parsed_count": 1,
  "query_count": 1
}
query_ids=908c876c0da276fdb92f4ccc88c7980c759ee8305c08ba9bec0ec43bfc91f105
{
  "exact_match_rate_all_queries": 1.0,
  "exact_match_rate_parsed_queries": 1.0,
  "exact_matches": 1,
  "ignored_count": 0,
  "legacy_compatible_match_rate": 1.0,
  "mean_element_accuracy_parsed_queries": 1.0,
  "parse_rate": 1.0,
  "parsed_count": 1,
  "query_count": 1
}
query_ids=a1daa022ec84b0a8f4b72507572a78efadb939f938cdebc7fb61c81cebce9827
{
  "exact_match_rate_all_queries": 1.0,
  "exact_match_rate_parsed_queries": 1.0,
  "exact_matches": 1,
  "ignored_count": 0,
  "legacy_compatible_match_rate": 1.0,
  "mean_element_accuracy_parsed_queries": 1.0,
  "parse_rate": 1.0,
  "parsed_count": 1,
  "query_count": 1
}
query_ids=afd85735b299f6bfe36b291912ab30e0f563ec4750035a4c95c6f13bcd6ea4bb
{
  "exact_match_rate_all_queries": 1.0,
  "exact_match_rate_parsed_queries": 1.0,
  "exact_matches": 1,
  "ignored_count": 0,
  "legacy_compatible_match_rate": 1.0,
  "mean_element_accuracy_parsed_queries": 1.0,
  "parse_rate": 1.0,
  "parsed_count": 1,
  "query_count": 1
}
query_ids=be70ea212e9dc34ce3975d45217d7dd620450b355f5e58796e4f3d5c1ea43bdb
{
  "exact_match_rate_all_queries": 1.0,
  "exact_match_rate_parsed_queries": 1.0,
  "exact_matches": 1,
  "ignored_count": 0,
  "legacy_compatible_match_rate": 1.0,
  "mean_element_accuracy_parsed_queries": 1.0,
  "parse_rate": 1.0,
  "parsed_count": 1,
  "query_count": 1
}
query_ids=6b53b01e520cb86da5351e6df02991827ddff295cff3fbd4c219caf35344a848
{
  "exact_match_rate_all_queries": 1.0,
  "exact_match_rate_parsed_queries": 1.0,
  "exact_matches": 1,
  "ignored_count": 0,
  "legacy_compatible_match_rate": 1.0,
  "mean_element_accuracy_parsed_queries": 1.0,
  "parse_rate": 1.0,
  "parsed_count": 1,
  "query_count": 1
}
query_ids=7c5b25f4a476050bf78846352c61dff204ee2adcf7678356b32c9bbbf8864cb6
{
  "exact_match_rate_all_queries": 1.0,
  "exact_match_rate_parsed_queries": 1.0,
  "exact_matches": 1,
  "ignored_count": 0,
  "legacy_compatible_match_rate": 1.0,
  "mean_element_accuracy_parsed_queries": 1.0,
  "parse_rate": 1.0,
  "parsed_count": 1,
  "query_count": 1
}
query_ids=523eefbe041aa055527187d9fbbab0a697f25f9f7f260e03ddf01489952fbaac
{
  "exact_match_rate_all_queries": 1.0,
  "exact_match_rate_parsed_queries": 1.0,
  "exact_matches": 1,
  "ignored_count": 0,
  "legacy_compatible_match_rate": 1.0,
  "mean_element_accuracy_parsed_queries": 1.0,
  "parse_rate": 1.0,
  "parsed_count": 1,
  "query_count": 1
}
query_ids=5046843df68c814f9edb1757a7389379910f5e770d79c57fa9d593ac640e43ae
{
  "exact_match_rate_all_queries": 1.0,
  "exact_match_rate_parsed_queries": 1.0,
  "exact_matches": 1,
  "ignored_count": 0,
  "legacy_compatible_match_rate": 1.0,
  "mean_element_accuracy_parsed_queries": 1.0,
  "parse_rate": 1.0,
  "parsed_count": 1,
  "query_count": 1
}
query_ids=1cf48e0b46f0c783fc27f1bb8cfdf2a71e6824e9edd122b225b0f21971d880ab
{
  "exact_match_rate_all_queries": 1.0,
  "exact_match_rate_parsed_queries": 1.0,
  "exact_matches": 1,
  "ignored_count": 0,
  "legacy_compatible_match_rate": 1.0,
  "mean_element_accuracy_parsed_queries": 1.0,
  "parse_rate": 1.0,
  "parsed_count": 1,
  "query_count": 1
}
query_ids=e1ee9cbd52f74d30711baec768c96d2ba2c29bddde66905d350b8ada174540f2
{
  "exact_match_rate_all_queries": 1.0,
  "exact_match_rate_parsed_queries": 1.0,
  "exact_matches": 1,
  "ignored_count": 0,
  "legacy_compatible_match_rate": 1.0,
  "mean_element_accuracy_parsed_queries": 1.0,
  "parse_rate": 1.0,
  "parsed_count": 1,
  "query_count": 1
}
query_ids=ae135ed96def79cfc173238d2c5e64d3579b70ebb1493047b11f5caa2b984288
{
  "exact_match_rate_all_queries": 1.0,
  "exact_match_rate_parsed_queries": 1.0,
  "exact_matches": 1,
  "ignored_count": 0,
  "legacy_compatible_match_rate": 1.0,
  "mean_element_accuracy_parsed_queries": 1.0,
  "parse_rate": 1.0,
  "parsed_count": 1,
  "query_count": 1
}
query_ids=45ba6cf16eda5358858a90f28ce3f2501dab0567285172b8eb253ff4993f7a20
{
  "exact_match_rate_all_queries": 1.0,
  "exact_match_rate_parsed_queries": 1.0,
  "exact_matches": 1,
  "ignored_count": 0,
  "legacy_compatible_match_rate": 1.0,
  "mean_element_accuracy_parsed_queries": 1.0,
  "parse_rate": 1.0,
  "parsed_count": 1,
  "query_count": 1
}
query_ids=d7a87566ebafca44eb31fbc174911bc118b365de3995655fa1696b3cf71cc816
{
  "exact_match_rate_all_queries": 1.0,
  "exact_match_rate_parsed_queries": 1.0,
  "exact_matches": 1,
  "ignored_count": 0,
  "legacy_compatible_match_rate": 1.0,
  "mean_element_accuracy_parsed_queries": 1.0,
  "parse_rate": 1.0,
  "parsed_count": 1,
  "query_count": 1
}
query_ids=26126adbfb6e2405c67a985437687d24aeecbc8fb802e61eebd79d5949d9c39c
{
  "exact_match_rate_all_queries": 1.0,
  "exact_match_rate_parsed_queries": 1.0,
  "exact_matches": 1,
  "ignored_count": 0,
  "legacy_compatible_match_rate": 1.0,
  "mean_element_accuracy_parsed_queries": 1.0,
  "parse_rate": 1.0,
  "parsed_count": 1,
  "query_count": 1
}
query_ids=01a08d77b46d5e25e7761e9f622de2306f27e5dadf22306a44d735f8714523ca
{
  "exact_match_rate_all_queries": 1.0,
  "exact_match_rate_parsed_queries": 1.0,
  "exact_matches": 1,
  "ignored_count": 0,
  "legacy_compatible_match_rate": 1.0,
  "mean_element_accuracy_parsed_queries": 1.0,
  "parse_rate": 1.0,
  "parsed_count": 1,
  "query_count": 1
}
query_ids=8e707a887475ab6b9b672ba8e835a6259cc43138d6b874fed748ab2c219e8f38
{
  "exact_match_rate_all_queries": 1.0,
  "exact_match_rate_parsed_queries": 1.0,
  "exact_matches": 1,
  "ignored_count": 0,
  "legacy_compatible_match_rate": 1.0,
  "mean_element_accuracy_parsed_queries": 1.0,
  "parse_rate": 1.0,
  "parsed_count": 1,
  "query_count": 1
}
query_ids=05669b76465ccd2379db215b8c047af6bba0acebab1e332868199e7a2a18a777
{
  "exact_match_rate_all_queries": 1.0,
  "exact_match_rate_parsed_queries": 1.0,
  "exact_matches": 1,
  "ignored_count": 0,
  "legacy_compatible_match_rate": 1.0,
  "mean_element_accuracy_parsed_queries": 1.0,
  "parse_rate": 1.0,
  "parsed_count": 1,
  "query_count": 1
}
query_ids=c4d5170d6d0b7d3bd7c05cab87815c87d30884cd22adfdc42f80b9aada6a010c
{
  "exact_match_rate_all_queries": 1.0,
  "exact_match_rate_parsed_queries": 1.0,
  "exact_matches": 1,
  "ignored_count": 0,
  "legacy_compatible_match_rate": 1.0,
  "mean_element_accuracy_parsed_queries": 1.0,
  "parse_rate": 1.0,
  "parsed_count": 1,
  "query_count": 1
}
query_ids=9baf976951d6029258107ca09277ddae57391a1a681a51ebdc42006145b52bfd
{
  "exact_match_rate_all_queries": 1.0,
  "exact_match_rate_parsed_queries": 1.0,
  "exact_matches": 1,
  "ignored_count": 0,
  "legacy_compatible_match_rate": 1.0,
  "mean_element_accuracy_parsed_queries": 1.0,
  "parse_rate": 1.0,
  "parsed_count": 1,
  "query_count": 1
}
query_ids=3a3091375187c2009c10230dd51c8cab2ae38a6a293ca90325c495d25ab0d871
{
  "exact_match_rate_all_queries": 1.0,
  "exact_match_rate_parsed_queries": 1.0,
  "exact_matches": 1,
  "ignored_count": 0,
  "legacy_compatible_match_rate": 1.0,
  "mean_element_accuracy_parsed_queries": 1.0,
  "parse_rate": 1.0,
  "parsed_count": 1,
  "query_count": 1
}
query_ids=924be5a2d27fbb10841da9c642a8fc68f343efa2f5c345429b94a46e682915c8
{
  "exact_match_rate_all_queries": 1.0,
  "exact_match_rate_parsed_queries": 1.0,
  "exact_matches": 1,
  "ignored_count": 0,
  "legacy_compatible_match_rate": 1.0,
  "mean_element_accuracy_parsed_queries": 1.0,
  "parse_rate": 1.0,
  "parsed_count": 1,
  "query_count": 1
}
query_ids=86e1a134c88cec21a0b427c44eb6250680410c6566c26ead5ee00a18192df679
{
  "exact_match_rate_all_queries": 1.0,
  "exact_match_rate_parsed_queries": 1.0,
  "exact_matches": 1,
  "ignored_count": 0,
  "legacy_compatible_match_rate": 1.0,
  "mean_element_accuracy_parsed_queries": 1.0,
  "parse_rate": 1.0,
  "parsed_count": 1,
  "query_count": 1
}
query_ids=aff8c9e9d25a7c60d009d1aa18610ba205eadf369c66ffa7c47f13a610c9cf22
{
  "exact_match_rate_all_queries": 1.0,
  "exact_match_rate_parsed_queries": 1.0,
  "exact_matches": 1,
  "ignored_count": 0,
  "legacy_compatible_match_rate": 1.0,
  "mean_element_accuracy_parsed_queries": 1.0,
  "parse_rate": 1.0,
  "parsed_count": 1,
  "query_count": 1
}
query_ids=9eb6a51690811d3f98fecf443ad6fbeca97edb3836a07d6925fd1248a3e41845
{
  "exact_match_rate_all_queries": 1.0,
  "exact_match_rate_parsed_queries": 1.0,
  "exact_matches": 1,
  "ignored_count": 0,
  "legacy_compatible_match_rate": 1.0,
  "mean_element_accuracy_parsed_queries": 1.0,
  "parse_rate": 1.0,
  "parsed_count": 1,
  "query_count": 1
}
query_ids=2b6f477f7f631bd2738e75277cf7a5212846be413d8d7377fc77f0abb01206fe
{
  "exact_match_rate_all_queries": 1.0,
  "exact_match_rate_parsed_queries": 1.0,
  "exact_matches": 1,
  "ignored_count": 0,
  "legacy_compatible_match_rate": 1.0,
  "mean_element_accuracy_parsed_queries": 1.0,
  "parse_rate": 1.0,
  "parsed_count": 1,
  "query_count": 1
}
query_ids=b01d15a68067ea8ae544e9c9252179783561d74357584cdf84d966f29b8adf88
{
  "exact_match_rate_all_queries": 1.0,
  "exact_match_rate_parsed_queries": 1.0,
  "exact_matches": 1,
  "ignored_count": 0,
  "legacy_compatible_match_rate": 1.0,
  "mean_element_accuracy_parsed_queries": 1.0,
  "parse_rate": 1.0,
  "parsed_count": 1,
  "query_count": 1
}
query_ids=7155312f292ab748944da501b2ef2108caa245fad6307c185ddf5b09213c4e56
{
  "exact_match_rate_all_queries": 1.0,
  "exact_match_rate_parsed_queries": 1.0,
  "exact_matches": 1,
  "ignored_count": 0,
  "legacy_compatible_match_rate": 1.0,
  "mean_element_accuracy_parsed_queries": 1.0,
  "parse_rate": 1.0,
  "parsed_count": 1,
  "query_count": 1
}
query_ids=74c84a528be9bf9f29f8bb159c3f3e801d534309fcf98c931de885f27442b1db
{
  "exact_match_rate_all_queries": 1.0,
  "exact_match_rate_parsed_queries": 1.0,
  "exact_matches": 1,
  "ignored_count": 0,
  "legacy_compatible_match_rate": 1.0,
  "mean_element_accuracy_parsed_queries": 1.0,
  "parse_rate": 1.0,
  "parsed_count": 1,
  "query_count": 1
}
query_ids=18bcf5a9501baa60837f299d2f0dfbe782d8d89a7456b95ab6f0f9d02c147446
{
  "exact_match_rate_all_queries": 1.0,
  "exact_match_rate_parsed_queries": 1.0,
  "exact_matches": 1,
  "ignored_count": 0,
  "legacy_compatible_match_rate": 1.0,
  "mean_element_accuracy_parsed_queries": 1.0,
  "parse_rate": 1.0,
  "parsed_count": 1,
  "query_count": 1
}
query_ids=a073e69ca0658aaeef998eba4128513922a7705dc6e91faecc0fd8c4a82b4e46
{
  "exact_match_rate_all_queries": 1.0,
  "exact_match_rate_parsed_queries": 1.0,
  "exact_matches": 1,
  "ignored_count": 0,
  "legacy_compatible_match_rate": 1.0,
  "mean_element_accuracy_parsed_queries": 1.0,
  "parse_rate": 1.0,
  "parsed_count": 1,
  "query_count": 1
}
query_ids=be1b0670bb9c2391cfc6d30384f3f2e62cb7ac76d23110bd761df0824958f708
{
  "exact_match_rate_all_queries": 1.0,
  "exact_match_rate_parsed_queries": 1.0,
  "exact_matches": 1,
  "ignored_count": 0,
  "legacy_compatible_match_rate": 1.0,
  "mean_element_accuracy_parsed_queries": 1.0,
  "parse_rate": 1.0,
  "parsed_count": 1,
  "query_count": 1
}
query_ids=989cce2b34b528410bf9c7d917e1a0f7981087dff8677dacb02632c839b628d8
{
  "exact_match_rate_all_queries": 1.0,
  "exact_match_rate_parsed_queries": 1.0,
  "exact_matches": 1,
  "ignored_count": 0,
  "legacy_compatible_match_rate": 1.0,
  "mean_element_accuracy_parsed_queries": 1.0,
  "parse_rate": 1.0,
  "parsed_count": 1,
  "query_count": 1
}
query_ids=bc68b8c3c6a957c5dafccb56c715746fcf11085c43402848a2b7628b7b4375df
{
  "exact_match_rate_all_queries": 1.0,
  "exact_match_rate_parsed_queries": 1.0,
  "exact_matches": 1,
  "ignored_count": 0,
  "legacy_compatible_match_rate": 1.0,
  "mean_element_accuracy_parsed_queries": 1.0,
  "parse_rate": 1.0,
  "parsed_count": 1,
  "query_count": 1
}
query_ids=a246f9ff05329114ee2f5f72f91aedf9795d156f0f381554759a1be7a75b9110
{
  "exact_match_rate_all_queries": 1.0,
  "exact_match_rate_parsed_queries": 1.0,
  "exact_matches": 1,
  "ignored_count": 0,
  "legacy_compatible_match_rate": 1.0,
  "mean_element_accuracy_parsed_queries": 1.0,
  "parse_rate": 1.0,
  "parsed_count": 1,
  "query_count": 1
}
query_ids=31c174fe3e51bfe8130dfabcd619756a80f8c1eb11423516d137fa553cb1f35a
{
  "exact_match_rate_all_queries": 1.0,
  "exact_match_rate_parsed_queries": 1.0,
  "exact_matches": 1,
  "ignored_count": 0,
  "legacy_compatible_match_rate": 1.0,
  "mean_element_accuracy_parsed_queries": 1.0,
  "parse_rate": 1.0,
  "parsed_count": 1,
  "query_count": 1
}
query_ids=990030965a453f8738a4c7c3ac27fa5a2299443f52919a0a4221dd3976705207
{
  "exact_match_rate_all_queries": 1.0,
  "exact_match_rate_parsed_queries": 1.0,
  "exact_matches": 1,
  "ignored_count": 0,
  "legacy_compatible_match_rate": 1.0,
  "mean_element_accuracy_parsed_queries": 1.0,
  "parse_rate": 1.0,
  "parsed_count": 1,
  "query_count": 1
}
query_ids=3925df7b9fd29b427b796fcf4956a5d9dd2baf7fad117ceb33c29964bd7ed424
{
  "exact_match_rate_all_queries": 1.0,
  "exact_match_rate_parsed_queries": 1.0,
  "exact_matches": 1,
  "ignored_count": 0,
  "legacy_compatible_match_rate": 1.0,
  "mean_element_accuracy_parsed_queries": 1.0,
  "parse_rate": 1.0,
  "parsed_count": 1,
  "query_count": 1
}
query_ids=1dc7c84d0d41db91cff80b9c4e94478d0a932c47caac96a249cb4da035b47bdd
{
  "exact_match_rate_all_queries": 1.0,
  "exact_match_rate_parsed_queries": 1.0,
  "exact_matches": 1,
  "ignored_count": 0,
  "legacy_compatible_match_rate": 1.0,
  "mean_element_accuracy_parsed_queries": 1.0,
  "parse_rate": 1.0,
  "parsed_count": 1,
  "query_count": 1
}
query_ids=cde3b9134d1e9b04bd5f8917c4c0e5ea6210a957a3ff9cf01ebdb750d9e620ac
{
  "exact_match_rate_all_queries": 1.0,
  "exact_match_rate_parsed_queries": 1.0,
  "exact_matches": 1,
  "ignored_count": 0,
  "legacy_compatible_match_rate": 1.0,
  "mean_element_accuracy_parsed_queries": 1.0,
  "parse_rate": 1.0,
  "parsed_count": 1,
  "query_count": 1
}
query_ids=e16d90cf18b2e94cc1504069b3fe00fd43c45efdf9e521a9a71c19637b5889c7
{
  "exact_match_rate_all_queries": 1.0,
  "exact_match_rate_parsed_queries": 1.0,
  "exact_matches": 1,
  "ignored_count": 0,
  "legacy_compatible_match_rate": 1.0,
  "mean_element_accuracy_parsed_queries": 1.0,
  "parse_rate": 1.0,
  "parsed_count": 1,
  "query_count": 1
}
query_ids=947fe22bb76177a6ba08eb7fd0f7fe856921bf0b655759b33c7cb0c126a3b85b
{
  "exact_match_rate_all_queries": 1.0,
  "exact_match_rate_parsed_queries": 1.0,
  "exact_matches": 1,
  "ignored_count": 0,
  "legacy_compatible_match_rate": 1.0,
  "mean_element_accuracy_parsed_queries": 1.0,
  "parse_rate": 1.0,
  "parsed_count": 1,
  "query_count": 1
}
query_ids=ef19aea483bf76468cb6656038f3582efc2a819fa400f8c65f45e898682c6815
{
  "exact_match_rate_all_queries": 1.0,
  "exact_match_rate_parsed_queries": 1.0,
  "exact_matches": 1,
  "ignored_count": 0,
  "legacy_compatible_match_rate": 1.0,
  "mean_element_accuracy_parsed_queries": 1.0,
  "parse_rate": 1.0,
  "parsed_count": 1,
  "query_count": 1
}
query_ids=dc5829b96296859b732a2cf46b3357a51a072366e490e2f3209dd9ae5ebf42d0
{
  "exact_match_rate_all_queries": 1.0,
  "exact_match_rate_parsed_queries": 1.0,
  "exact_matches": 1,
  "ignored_count": 0,
  "legacy_compatible_match_rate": 1.0,
  "mean_element_accuracy_parsed_queries": 1.0,
  "parse_rate": 1.0,
  "parsed_count": 1,
  "query_count": 1
}
query_ids=55b5da43bee74bbdee7a97b65dc9ff2fbcec93dfa16db93ab970ca701b0bdb33
{
  "exact_match_rate_all_queries": 1.0,
  "exact_match_rate_parsed_queries": 1.0,
  "exact_matches": 1,
  "ignored_count": 0,
  "legacy_compatible_match_rate": 1.0,
  "mean_element_accuracy_parsed_queries": 1.0,
  "parse_rate": 1.0,
  "parsed_count": 1,
  "query_count": 1
}
query_ids=f6c23cde92b599973771b5acb347a646539cc70e4977f49b800b74d7b2aab4e7
{
  "exact_match_rate_all_queries": 1.0,
  "exact_match_rate_parsed_queries": 1.0,
  "exact_matches": 1,
  "ignored_count": 0,
  "legacy_compatible_match_rate": 1.0,
  "mean_element_accuracy_parsed_queries": 1.0,
  "parse_rate": 1.0,
  "parsed_count": 1,
  "query_count": 1
}
query_ids=01939ff0b80f2625f1681abdca7b2ac22bcce568ad8ba5f4992d5f8151c5a3e9
{
  "exact_match_rate_all_queries": 1.0,
  "exact_match_rate_parsed_queries": 1.0,
  "exact_matches": 1,
  "ignored_count": 0,
  "legacy_compatible_match_rate": 1.0,
  "mean_element_accuracy_parsed_queries": 1.0,
  "parse_rate": 1.0,
  "parsed_count": 1,
  "query_count": 1
}
query_ids=9619ac585cc89194510b713a25d0a05bb68bd5892bd86c73e189f126a0e5de8a
{
  "exact_match_rate_all_queries": 1.0,
  "exact_match_rate_parsed_queries": 1.0,
  "exact_matches": 1,
  "ignored_count": 0,
  "legacy_compatible_match_rate": 1.0,
  "mean_element_accuracy_parsed_queries": 1.0,
  "parse_rate": 1.0,
  "parsed_count": 1,
  "query_count": 1
}
query_ids=674d8cf7c3be146d8da66bd248eb074ff04ac5763bd25a5c94338c81f52de23d
{
  "exact_match_rate_all_queries": 1.0,
  "exact_match_rate_parsed_queries": 1.0,
  "exact_matches": 1,
  "ignored_count": 0,
  "legacy_compatible_match_rate": 1.0,
  "mean_element_accuracy_parsed_queries": 1.0,
  "parse_rate": 1.0,
  "parsed_count": 1,
  "query_count": 1
}
query_ids=7357fe027d2a374e9e361f89697f59fa75932b922e35547c2602dbd6ea115eb2
{
  "exact_match_rate_all_queries": 1.0,
  "exact_match_rate_parsed_queries": 1.0,
  "exact_matches": 1,
  "ignored_count": 0,
  "legacy_compatible_match_rate": 1.0,
  "mean_element_accuracy_parsed_queries": 1.0,
  "parse_rate": 1.0,
  "parsed_count": 1,
  "query_count": 1
}
query_ids=3e8d5a3c0ff2fccde194330a87b1566fc421f2eebd3175f9bfcd53409404a8e6
{
  "exact_match_rate_all_queries": 1.0,
  "exact_match_rate_parsed_queries": 1.0,
  "exact_matches": 1,
  "ignored_count": 0,
  "legacy_compatible_match_rate": 1.0,
  "mean_element_accuracy_parsed_queries": 1.0,
  "parse_rate": 1.0,
  "parsed_count": 1,
  "query_count": 1
}
query_ids=6e8f85c8526d5200831a50b007ae04f1b41e1ac0171dfa09f5d76ab14d190a7c
{
  "exact_match_rate_all_queries": 1.0,
  "exact_match_rate_parsed_queries": 1.0,
  "exact_matches": 1,
  "ignored_count": 0,
  "legacy_compatible_match_rate": 1.0,
  "mean_element_accuracy_parsed_queries": 1.0,
  "parse_rate": 1.0,
  "parsed_count": 1,
  "query_count": 1
}
query_ids=7f1ef8950fd551611b0da5a6b8ad2664a3802777b1fdb25be8ec3bf89be0475a
{
  "exact_match_rate_all_queries": 1.0,
  "exact_match_rate_parsed_queries": 1.0,
  "exact_matches": 1,
  "ignored_count": 0,
  "legacy_compatible_match_rate": 1.0,
  "mean_element_accuracy_parsed_queries": 1.0,
  "parse_rate": 1.0,
  "parsed_count": 1,
  "query_count": 1
}
query_ids=25e86e1f6dc78285142fc240d2b6f04974f631d100fc219de3e2136bf255c066
{
  "exact_match_rate_all_queries": 1.0,
  "exact_match_rate_parsed_queries": 1.0,
  "exact_matches": 1,
  "ignored_count": 0,
  "legacy_compatible_match_rate": 1.0,
  "mean_element_accuracy_parsed_queries": 1.0,
  "parse_rate": 1.0,
  "parsed_count": 1,
  "query_count": 1
}
query_ids=7ee3da3bfc5340a3e5a484f6eeefaf486b8593ec77244110c6b45d56a33272b1
{
  "exact_match_rate_all_queries": 1.0,
  "exact_match_rate_parsed_queries": 1.0,
  "exact_matches": 1,
  "ignored_count": 0,
  "legacy_compatible_match_rate": 1.0,
  "mean_element_accuracy_parsed_queries": 1.0,
  "parse_rate": 1.0,
  "parsed_count": 1,
  "query_count": 1
}
query_ids=19378f969d2650abc90bf8021d95421f50f43e836c09740ad1b7553be4988361
{
  "exact_match_rate_all_queries": 1.0,
  "exact_match_rate_parsed_queries": 1.0,
  "exact_matches": 1,
  "ignored_count": 0,
  "legacy_compatible_match_rate": 1.0,
  "mean_element_accuracy_parsed_queries": 1.0,
  "parse_rate": 1.0,
  "parsed_count": 1,
  "query_count": 1
}
query_ids=ee5474ffffa122a087a51a3e156a82461885dbf919413eadc4e764fb09cab4f0
{
  "exact_match_rate_all_queries": 1.0,
  "exact_match_rate_parsed_queries": 1.0,
  "exact_matches": 1,
  "ignored_count": 0,
  "legacy_compatible_match_rate": 1.0,
  "mean_element_accuracy_parsed_queries": 1.0,
  "parse_rate": 1.0,
  "parsed_count": 1,
  "query_count": 1
}
query_ids=2ea835aa5d3e5358f1134c7d1c2af0d701c4c264a754dd3370b942b7a1cd557a
{
  "exact_match_rate_all_queries": 1.0,
  "exact_match_rate_parsed_queries": 1.0,
  "exact_matches": 1,
  "ignored_count": 0,
  "legacy_compatible_match_rate": 1.0,
  "mean_element_accuracy_parsed_queries": 1.0,
  "parse_rate": 1.0,
  "parsed_count": 1,
  "query_count": 1
}
query_ids=8fe68fe5358b339ac82ff149caecba6fe2289f71265449dddbe2d8223c5e2202
{
  "exact_match_rate_all_queries": 1.0,
  "exact_match_rate_parsed_queries": 1.0,
  "exact_matches": 1,
  "ignored_count": 0,
  "legacy_compatible_match_rate": 1.0,
  "mean_element_accuracy_parsed_queries": 1.0,
  "parse_rate": 1.0,
  "parsed_count": 1,
  "query_count": 1
}
query_ids=f2e78b5fefd06220e0f5570000a2653316697fc3567813091f7f0d6ac134f94f
{
  "exact_match_rate_all_queries": 1.0,
  "exact_match_rate_parsed_queries": 1.0,
  "exact_matches": 1,
  "ignored_count": 0,
  "legacy_compatible_match_rate": 1.0,
  "mean_element_accuracy_parsed_queries": 1.0,
  "parse_rate": 1.0,
  "parsed_count": 1,
  "query_count": 1
}
query_ids=7d1947ae8aae325f1b9d46f1e0a27a0a6a8922db122d558e5f61b08cfad226d4
{
  "exact_match_rate_all_queries": 1.0,
  "exact_match_rate_parsed_queries": 1.0,
  "exact_matches": 1,
  "ignored_count": 0,
  "legacy_compatible_match_rate": 1.0,
  "mean_element_accuracy_parsed_queries": 1.0,
  "parse_rate": 1.0,
  "parsed_count": 1,
  "query_count": 1
}
query_ids=f820283a9ea4ce7eddf5fe540c5c62fa6b9ae00ee671482815c1dacd20e981fc
{
  "exact_match_rate_all_queries": 1.0,
  "exact_match_rate_parsed_queries": 1.0,
  "exact_matches": 1,
  "ignored_count": 0,
  "legacy_compatible_match_rate": 1.0,
  "mean_element_accuracy_parsed_queries": 1.0,
  "parse_rate": 1.0,
  "parsed_count": 1,
  "query_count": 1
}
query_ids=764cd53b81f631e06e2605fc5193ca5135f64a277cd42680c6c7cdb460bd5f50
{
  "exact_match_rate_all_queries": 1.0,
  "exact_match_rate_parsed_queries": 1.0,
  "exact_matches": 1,
  "ignored_count": 0,
  "legacy_compatible_match_rate": 1.0,
  "mean_element_accuracy_parsed_queries": 1.0,
  "parse_rate": 1.0,
  "parsed_count": 1,
  "query_count": 1
}
query_ids=d185ed7212bd0125fa7ed8339225232496e9c39a7f81dd513843070fe9fd3b6c
{
  "exact_match_rate_all_queries": 1.0,
  "exact_match_rate_parsed_queries": 1.0,
  "exact_matches": 1,
  "ignored_count": 0,
  "legacy_compatible_match_rate": 1.0,
  "mean_element_accuracy_parsed_queries": 1.0,
  "parse_rate": 1.0,
  "parsed_count": 1,
  "query_count": 1
}
query_ids=d8ccebf5f9e0ed690ee6fd21151efc8684531d838ba25a29a2933d925cbd1ca4
{
  "exact_match_rate_all_queries": 1.0,
  "exact_match_rate_parsed_queries": 1.0,
  "exact_matches": 1,
  "ignored_count": 0,
  "legacy_compatible_match_rate": 1.0,
  "mean_element_accuracy_parsed_queries": 1.0,
  "parse_rate": 1.0,
  "parsed_count": 1,
  "query_count": 1
}
query_ids=22f2051a6ca92dba9a846cc43081cc24e75ae00cb4063f1892dd93683817dda0
{
  "exact_match_rate_all_queries": 1.0,
  "exact_match_rate_parsed_queries": 1.0,
  "exact_matches": 1,
  "ignored_count": 0,
  "legacy_compatible_match_rate": 1.0,
  "mean_element_accuracy_parsed_queries": 1.0,
  "parse_rate": 1.0,
  "parsed_count": 1,
  "query_count": 1
}
query_ids=0da405c8003aab9622147f37293aae945fda84f0bcbc48773314a5912abc5899
{
  "exact_match_rate_all_queries": 1.0,
  "exact_match_rate_parsed_queries": 1.0,
  "exact_matches": 1,
  "ignored_count": 0,
  "legacy_compatible_match_rate": 1.0,
  "mean_element_accuracy_parsed_queries": 1.0,
  "parse_rate": 1.0,
  "parsed_count": 1,
  "query_count": 1
}
query_ids=fbefb3163a780d41b626c04d7cea986681e270467dcce74e036ce6d5197dbf29
{
  "exact_match_rate_all_queries": 1.0,
  "exact_match_rate_parsed_queries": 1.0,
  "exact_matches": 1,
  "ignored_count": 0,
  "legacy_compatible_match_rate": 1.0,
  "mean_element_accuracy_parsed_queries": 1.0,
  "parse_rate": 1.0,
  "parsed_count": 1,
  "query_count": 1
}
query_ids=0ce587dd072ced269b2c020977fabe873ac629f3b269757138ff2e979e0431f7
{
  "exact_match_rate_all_queries": 1.0,
  "exact_match_rate_parsed_queries": 1.0,
  "exact_matches": 1,
  "ignored_count": 0,
  "legacy_compatible_match_rate": 1.0,
  "mean_element_accuracy_parsed_queries": 1.0,
  "parse_rate": 1.0,
  "parsed_count": 1,
  "query_count": 1
}
query_ids=d9ad79a4b434996e0a51c238dc009148faf643439fabc8a10c66066aa3daadcf
{
  "exact_match_rate_all_queries": 1.0,
  "exact_match_rate_parsed_queries": 1.0,
  "exact_matches": 1,
  "ignored_count": 0,
  "legacy_compatible_match_rate": 1.0,
  "mean_element_accuracy_parsed_queries": 1.0,
  "parse_rate": 1.0,
  "parsed_count": 1,
  "query_count": 1
}
query_ids=164cb7dfcfd43038f69720f70c0637fbcd490f3ae4a6cb0d6de7eaf74d918e00
{
  "exact_match_rate_all_queries": 1.0,
  "exact_match_rate_parsed_queries": 1.0,
  "exact_matches": 1,
  "ignored_count": 0,
  "legacy_compatible_match_rate": 1.0,
  "mean_element_accuracy_parsed_queries": 1.0,
  "parse_rate": 1.0,
  "parsed_count": 1,
  "query_count": 1
}
query_ids=640c665f1eea18fa3ee000f7028119e4a2a2dafc1e75c1e63952738d99c37b9c
{
  "exact_match_rate_all_queries": 1.0,
  "exact_match_rate_parsed_queries": 1.0,
  "exact_matches": 1,
  "ignored_count": 0,
  "legacy_compatible_match_rate": 1.0,
  "mean_element_accuracy_parsed_queries": 1.0,
  "parse_rate": 1.0,
  "parsed_count": 1,
  "query_count": 1
}
query_ids=65be7876c46567b7653f9c9a97eb21ac8a3facc13a095d0382e4da6e4eb40c5d
{
  "exact_match_rate_all_queries": 1.0,
  "exact_match_rate_parsed_queries": 1.0,
  "exact_matches": 1,
  "ignored_count": 0,
  "legacy_compatible_match_rate": 1.0,
  "mean_element_accuracy_parsed_queries": 1.0,
  "parse_rate": 1.0,
  "parsed_count": 1,
  "query_count": 1
}
query_ids=1baa28639c0f9b4905fb6a6b1995a973f0b0da4fc9a3a537eaebebfe5e9f25e9
{
  "exact_match_rate_all_queries": 1.0,
  "exact_match_rate_parsed_queries": 1.0,
  "exact_matches": 1,
  "ignored_count": 0,
  "legacy_compatible_match_rate": 1.0,
  "mean_element_accuracy_parsed_queries": 1.0,
  "parse_rate": 1.0,
  "parsed_count": 1,
  "query_count": 1
}
query_ids=13138200f14caf85f6423609b2e6b35c3dda8c17ba587b4494ae399cd3ee955d
{
  "exact_match_rate_all_queries": 1.0,
  "exact_match_rate_parsed_queries": 1.0,
  "exact_matches": 1,
  "ignored_count": 0,
  "legacy_compatible_match_rate": 1.0,
  "mean_element_accuracy_parsed_queries": 1.0,
  "parse_rate": 1.0,
  "parsed_count": 1,
  "query_count": 1
}
query_ids=2a8951f499a7ca18ae38897112d8071835ba7d5e8413d3d74bf834ab90bc7842
{
  "exact_match_rate_all_queries": 1.0,
  "exact_match_rate_parsed_queries": 1.0,
  "exact_matches": 1,
  "ignored_count": 0,
  "legacy_compatible_match_rate": 1.0,
  "mean_element_accuracy_parsed_queries": 1.0,
  "parse_rate": 1.0,
  "parsed_count": 1,
  "query_count": 1
}
query_ids=bad35895957045f4a0769c892b13ebd48ddc92c4606c5dc06afbd8c995e96f6c
{
  "exact_match_rate_all_queries": 1.0,
  "exact_match_rate_parsed_queries": 1.0,
  "exact_matches": 1,
  "ignored_count": 0,
  "legacy_compatible_match_rate": 1.0,
  "mean_element_accuracy_parsed_queries": 1.0,
  "parse_rate": 1.0,
  "parsed_count": 1,
  "query_count": 1
}
query_ids=1bc35643b25953fcd998b1679c2eeb59adada398fab2a03d81d8a9b1e92e12e6
{
  "exact_match_rate_all_queries": 1.0,
  "exact_match_rate_parsed_queries": 1.0,
  "exact_matches": 1,
  "ignored_count": 0,
  "legacy_compatible_match_rate": 1.0,
  "mean_element_accuracy_parsed_queries": 1.0,
  "parse_rate": 1.0,
  "parsed_count": 1,
  "query_count": 1
}
query_ids=de138eeb4cb18d0c61a9412b48a3ee4159032254afba26fc285d93587af436a8
{
  "exact_match_rate_all_queries": 1.0,
  "exact_match_rate_parsed_queries": 1.0,
  "exact_matches": 1,
  "ignored_count": 0,
  "legacy_compatible_match_rate": 1.0,
  "mean_element_accuracy_parsed_queries": 1.0,
  "parse_rate": 1.0,
  "parsed_count": 1,
  "query_count": 1
}
query_ids=26597fb085834c7d8b61d6eef7f508f0469118972192c98cf4f21c292e085a48
{
  "exact_match_rate_all_queries": 1.0,
  "exact_match_rate_parsed_queries": 1.0,
  "exact_matches": 1,
  "ignored_count": 0,
  "legacy_compatible_match_rate": 1.0,
  "mean_element_accuracy_parsed_queries": 1.0,
  "parse_rate": 1.0,
  "parsed_count": 1,
  "query_count": 1
}
query_ids=ec23b0ee4b5adb8aeb6cfdcdaf935e4f95e1d585bdcd6633f5eb9c1d553318b3
{
  "exact_match_rate_all_queries": 1.0,
  "exact_match_rate_parsed_queries": 1.0,
  "exact_matches": 1,
  "ignored_count": 0,
  "legacy_compatible_match_rate": 1.0,
  "mean_element_accuracy_parsed_queries": 1.0,
  "parse_rate": 1.0,
  "parsed_count": 1,
  "query_count": 1
}
query_ids=cad5f8495442eeb35ab6e76eef442a347845bb5d0fd760af97859550772929a7
{
  "exact_match_rate_all_queries": 0.0,
  "exact_match_rate_parsed_queries": null,
  "exact_matches": 0,
  "ignored_count": 1,
  "legacy_compatible_match_rate": 0.0,
  "mean_element_accuracy_parsed_queries": null,
  "parse_rate": 0.0,
  "parsed_count": 0,
  "query_count": 1
}
query_ids=27f0b6299f6b3d593c1aa5d2a510249e4a1f6bc58c35c92076d7a6a526073cac
{
  "exact_match_rate_all_queries": 0.0,
  "exact_match_rate_parsed_queries": null,
  "exact_matches": 0,
  "ignored_count": 1,
  "legacy_compatible_match_rate": 0.0,
  "mean_element_accuracy_parsed_queries": null,
  "parse_rate": 0.0,
  "parsed_count": 0,
  "query_count": 1
}
query_ids=7f67fa101e7fef8dd14b63d4e519bab46e75d0a14066b9552f28d925bff1f5bd
{
  "exact_match_rate_all_queries": 0.0,
  "exact_match_rate_parsed_queries": null,
  "exact_matches": 0,
  "ignored_count": 1,
  "legacy_compatible_match_rate": 0.0,
  "mean_element_accuracy_parsed_queries": null,
  "parse_rate": 0.0,
  "parsed_count": 0,
  "query_count": 1
}
query_ids=b6e7e4921946438ea850cbc5c1cc42e85e3165d4df1e87012eddf682e30bdc25
{
  "exact_match_rate_all_queries": 0.0,
  "exact_match_rate_parsed_queries": null,
  "exact_matches": 0,
  "ignored_count": 1,
  "legacy_compatible_match_rate": 0.0,
  "mean_element_accuracy_parsed_queries": null,
  "parse_rate": 0.0,
  "parsed_count": 0,
  "query_count": 1
}
query_ids=80044f121959323bbd38a97b3324bedc7f7d574c552f39d6ae7757057eb875b3
{
  "exact_match_rate_all_queries": 0.0,
  "exact_match_rate_parsed_queries": null,
  "exact_matches": 0,
  "ignored_count": 1,
  "legacy_compatible_match_rate": 0.0,
  "mean_element_accuracy_parsed_queries": null,
  "parse_rate": 0.0,
  "parsed_count": 0,
  "query_count": 1
}
query_ids=bd210d117d7fab62f22d482f4a8229686334414790bb0cc96daae523a53d0230
{
  "exact_match_rate_all_queries": 0.0,
  "exact_match_rate_parsed_queries": null,
  "exact_matches": 0,
  "ignored_count": 1,
  "legacy_compatible_match_rate": 0.0,
  "mean_element_accuracy_parsed_queries": null,
  "parse_rate": 0.0,
  "parsed_count": 0,
  "query_count": 1
}
query_ids=891e3d411362bc8942f331388c8b6010ef615d9d38367077c818930758270554
{
  "exact_match_rate_all_queries": 0.0,
  "exact_match_rate_parsed_queries": null,
  "exact_matches": 0,
  "ignored_count": 1,
  "legacy_compatible_match_rate": 0.0,
  "mean_element_accuracy_parsed_queries": null,
  "parse_rate": 0.0,
  "parsed_count": 0,
  "query_count": 1
}
query_ids=48454174668653dadbb074971af2ce8a341819624abced3c07588b5f65493531
{
  "exact_match_rate_all_queries": 0.0,
  "exact_match_rate_parsed_queries": null,
  "exact_matches": 0,
  "ignored_count": 1,
  "legacy_compatible_match_rate": 0.0,
  "mean_element_accuracy_parsed_queries": null,
  "parse_rate": 0.0,
  "parsed_count": 0,
  "query_count": 1
}
query_ids=f30a313d7bb3b8c60d1b101db4ad66fe3e7e54089e4a2fe89034557858f3bbf3
{
  "exact_match_rate_all_queries": 0.0,
  "exact_match_rate_parsed_queries": null,
  "exact_matches": 0,
  "ignored_count": 1,
  "legacy_compatible_match_rate": 0.0,
  "mean_element_accuracy_parsed_queries": null,
  "parse_rate": 0.0,
  "parsed_count": 0,
  "query_count": 1
}
query_ids=8b70d91fa01c231571cdd6fc688d0975f31c595a7f14453b0156945cd2a81594
{
  "exact_match_rate_all_queries": 0.0,
  "exact_match_rate_parsed_queries": null,
  "exact_matches": 0,
  "ignored_count": 1,
  "legacy_compatible_match_rate": 0.0,
  "mean_element_accuracy_parsed_queries": null,
  "parse_rate": 0.0,
  "parsed_count": 0,
  "query_count": 1
}
query_ids=b1a8116fd4bff5be5c90e6078db3a9f82c342821b47ebd84bf8dd1a69d73acce
{
  "exact_match_rate_all_queries": 0.0,
  "exact_match_rate_parsed_queries": null,
  "exact_matches": 0,
  "ignored_count": 1,
  "legacy_compatible_match_rate": 0.0,
  "mean_element_accuracy_parsed_queries": null,
  "parse_rate": 0.0,
  "parsed_count": 0,
  "query_count": 1
}
query_ids=115eeee174ead594f899acea9ab04d5157cd4dcba66c4eae09fb98fee5ed322b
{
  "exact_match_rate_all_queries": 0.0,
  "exact_match_rate_parsed_queries": null,
  "exact_matches": 0,
  "ignored_count": 1,
  "legacy_compatible_match_rate": 0.0,
  "mean_element_accuracy_parsed_queries": null,
  "parse_rate": 0.0,
  "parsed_count": 0,
  "query_count": 1
}
query_ids=37cc113bb3b7dacb617f9811e30bd083d74f83c02038dfacc7b8ee05e4858cec
{
  "exact_match_rate_all_queries": 0.0,
  "exact_match_rate_parsed_queries": null,
  "exact_matches": 0,
  "ignored_count": 1,
  "legacy_compatible_match_rate": 0.0,
  "mean_element_accuracy_parsed_queries": null,
  "parse_rate": 0.0,
  "parsed_count": 0,
  "query_count": 1
}
query_ids=76275fcdaf299468dc2943fb834e84ab3f418520b5c9325cb4906683194c35bd
{
  "exact_match_rate_all_queries": 0.0,
  "exact_match_rate_parsed_queries": null,
  "exact_matches": 0,
  "ignored_count": 1,
  "legacy_compatible_match_rate": 0.0,
  "mean_element_accuracy_parsed_queries": null,
  "parse_rate": 0.0,
  "parsed_count": 0,
  "query_count": 1
}
query_ids=d96993e420d41a8326215c87dc5b591ec48cf7cefc905c1c96e9887da588853d
{
  "exact_match_rate_all_queries": 0.0,
  "exact_match_rate_parsed_queries": null,
  "exact_matches": 0,
  "ignored_count": 1,
  "legacy_compatible_match_rate": 0.0,
  "mean_element_accuracy_parsed_queries": null,
  "parse_rate": 0.0,
  "parsed_count": 0,
  "query_count": 1
}
query_ids=e3f6304a94621f390cce8594ca6e63376aef9a56787b75b0ae392efacccf4424
{
  "exact_match_rate_all_queries": 0.0,
  "exact_match_rate_parsed_queries": null,
  "exact_matches": 0,
  "ignored_count": 1,
  "legacy_compatible_match_rate": 0.0,
  "mean_element_accuracy_parsed_queries": null,
  "parse_rate": 0.0,
  "parsed_count": 0,
  "query_count": 1
}
query_ids=0bef43e6890de04e7faf6094f45c4a153bad1dd8859e77a2a8c5a88a14a07579
{
  "exact_match_rate_all_queries": 0.0,
  "exact_match_rate_parsed_queries": null,
  "exact_matches": 0,
  "ignored_count": 1,
  "legacy_compatible_match_rate": 0.0,
  "mean_element_accuracy_parsed_queries": null,
  "parse_rate": 0.0,
  "parsed_count": 0,
  "query_count": 1
}
query_ids=557629926f9cfe552f6523099967d30e52d37147d4fe81e91f613ed64228938d
{
  "exact_match_rate_all_queries": 0.0,
  "exact_match_rate_parsed_queries": 0.0,
  "exact_matches": 0,
  "ignored_count": 0,
  "legacy_compatible_match_rate": 0.0,
  "mean_element_accuracy_parsed_queries": 0.0,
  "parse_rate": 1.0,
  "parsed_count": 1,
  "query_count": 1
}
query_ids=f2a072b2e356f1471c80d137b43cfb75fa4f5b1e780537c11907a90a686cd9fa
{
  "exact_match_rate_all_queries": 0.0,
  "exact_match_rate_parsed_queries": null,
  "exact_matches": 0,
  "ignored_count": 1,
  "legacy_compatible_match_rate": 0.0,
  "mean_element_accuracy_parsed_queries": null,
  "parse_rate": 0.0,
  "parsed_count": 0,
  "query_count": 1
}
query_ids=2947729148cf0e4b1187a79dc844516e3d0b0da98f76efd92fa144c14ccc336b
{
  "exact_match_rate_all_queries": 0.0,
  "exact_match_rate_parsed_queries": null,
  "exact_matches": 0,
  "ignored_count": 1,
  "legacy_compatible_match_rate": 0.0,
  "mean_element_accuracy_parsed_queries": null,
  "parse_rate": 0.0,
  "parsed_count": 0,
  "query_count": 1
}
query_ids=0b0d62e3046cc245bf901729f63855abf39174abaf961cdec6e9b0f4ae3d23bd
{
  "exact_match_rate_all_queries": 0.0,
  "exact_match_rate_parsed_queries": null,
  "exact_matches": 0,
  "ignored_count": 1,
  "legacy_compatible_match_rate": 0.0,
  "mean_element_accuracy_parsed_queries": null,
  "parse_rate": 0.0,
  "parsed_count": 0,
  "query_count": 1
}
query_ids=e5dae967aed8d319b2bcfbd101f3b191e49beac8cf1e4cd785cf5c11a8d84f69
{
  "exact_match_rate_all_queries": 0.0,
  "exact_match_rate_parsed_queries": null,
  "exact_matches": 0,
  "ignored_count": 1,
  "legacy_compatible_match_rate": 0.0,
  "mean_element_accuracy_parsed_queries": null,
  "parse_rate": 0.0,
  "parsed_count": 0,
  "query_count": 1
}
query_ids=7f2a14cabbb0f63cefcd515417f3a78c6504a4dbdc701aac51e1112b5928d1c3
{
  "exact_match_rate_all_queries": 0.0,
  "exact_match_rate_parsed_queries": null,
  "exact_matches": 0,
  "ignored_count": 1,
  "legacy_compatible_match_rate": 0.0,
  "mean_element_accuracy_parsed_queries": null,
  "parse_rate": 0.0,
  "parsed_count": 0,
  "query_count": 1
}
query_ids=7edced4b1c49c0781e9fd0d82ed3e249af7ce925230a3e85cc48f6d618d1ff67
{
  "exact_match_rate_all_queries": 0.0,
  "exact_match_rate_parsed_queries": null,
  "exact_matches": 0,
  "ignored_count": 1,
  "legacy_compatible_match_rate": 0.0,
  "mean_element_accuracy_parsed_queries": null,
  "parse_rate": 0.0,
  "parsed_count": 0,
  "query_count": 1
}
query_ids=08da8d8bc3d0297feb4ddcc9cd14f5e25138663efc9c463f69271d5687189107
{
  "exact_match_rate_all_queries": 0.0,
  "exact_match_rate_parsed_queries": null,
  "exact_matches": 0,
  "ignored_count": 1,
  "legacy_compatible_match_rate": 0.0,
  "mean_element_accuracy_parsed_queries": null,
  "parse_rate": 0.0,
  "parsed_count": 0,
  "query_count": 1
}
query_ids=5fc07a4aa8a1d31786bb79fd7f6ef147bedd251933702b53ddea5569aa281ad0
{
  "exact_match_rate_all_queries": 0.0,
  "exact_match_rate_parsed_queries": null,
  "exact_matches": 0,
  "ignored_count": 1,
  "legacy_compatible_match_rate": 0.0,
  "mean_element_accuracy_parsed_queries": null,
  "parse_rate": 0.0,
  "parsed_count": 0,
  "query_count": 1
}
query_ids=4465118583951835a65248144a423e767d4a4e052bdaf26c9314fa3df0ddcea1
{
  "exact_match_rate_all_queries": 0.0,
  "exact_match_rate_parsed_queries": null,
  "exact_matches": 0,
  "ignored_count": 1,
  "legacy_compatible_match_rate": 0.0,
  "mean_element_accuracy_parsed_queries": null,
  "parse_rate": 0.0,
  "parsed_count": 0,
  "query_count": 1
}
query_ids=5da8e4f3932db48ebf123b5954f03712174e2906d58d76351840a283b7ba3eb6
{
  "exact_match_rate_all_queries": 0.0,
  "exact_match_rate_parsed_queries": null,
  "exact_matches": 0,
  "ignored_count": 1,
  "legacy_compatible_match_rate": 0.0,
  "mean_element_accuracy_parsed_queries": null,
  "parse_rate": 0.0,
  "parsed_count": 0,
  "query_count": 1
}
query_ids=ef52f24ac934548f90514bc1a10adc09bce19961eb911431e5fe2bffce74dd27
{
  "exact_match_rate_all_queries": 0.0,
  "exact_match_rate_parsed_queries": null,
  "exact_matches": 0,
  "ignored_count": 1,
  "legacy_compatible_match_rate": 0.0,
  "mean_element_accuracy_parsed_queries": null,
  "parse_rate": 0.0,
  "parsed_count": 0,
  "query_count": 1
}
query_ids=23276908feac23edac745ab05f53e91dd08c5bd129ca283b7670415a4ac997ca
{
  "exact_match_rate_all_queries": 0.0,
  "exact_match_rate_parsed_queries": null,
  "exact_matches": 0,
  "ignored_count": 1,
  "legacy_compatible_match_rate": 0.0,
  "mean_element_accuracy_parsed_queries": null,
  "parse_rate": 0.0,
  "parsed_count": 0,
  "query_count": 1
}
query_ids=799a305ba679704d8af3d5df92a358fc595615d9141327d5773ba5c594302261
{
  "exact_match_rate_all_queries": 0.0,
  "exact_match_rate_parsed_queries": null,
  "exact_matches": 0,
  "ignored_count": 1,
  "legacy_compatible_match_rate": 0.0,
  "mean_element_accuracy_parsed_queries": null,
  "parse_rate": 0.0,
  "parsed_count": 0,
  "query_count": 1
}
query_ids=e99f1a205225d6284d56668a6bfe22eee5c26061c6b7a605c39fe410689a9dd3
{
  "exact_match_rate_all_queries": 0.0,
  "exact_match_rate_parsed_queries": null,
  "exact_matches": 0,
  "ignored_count": 1,
  "legacy_compatible_match_rate": 0.0,
  "mean_element_accuracy_parsed_queries": null,
  "parse_rate": 0.0,
  "parsed_count": 0,
  "query_count": 1
}
query_ids=918761fc63b5367a273e0274a78622f7cb964412243a508a1bda48b17cdbfc85
{
  "exact_match_rate_all_queries": 0.0,
  "exact_match_rate_parsed_queries": null,
  "exact_matches": 0,
  "ignored_count": 1,
  "legacy_compatible_match_rate": 0.0,
  "mean_element_accuracy_parsed_queries": null,
  "parse_rate": 0.0,
  "parsed_count": 0,
  "query_count": 1
}
query_ids=b7f94790b0c33e144ef30f1b5428a6100948465bd2d62c093eaa9a65e7efd51c
{
  "exact_match_rate_all_queries": 0.0,
  "exact_match_rate_parsed_queries": null,
  "exact_matches": 0,
  "ignored_count": 1,
  "legacy_compatible_match_rate": 0.0,
  "mean_element_accuracy_parsed_queries": null,
  "parse_rate": 0.0,
  "parsed_count": 0,
  "query_count": 1
}
query_ids=4f9dd54445564d80a79872b33ed1cd54e9c4c000ef68c0bb954fc61a6e0b7bd5
{
  "exact_match_rate_all_queries": 0.0,
  "exact_match_rate_parsed_queries": null,
  "exact_matches": 0,
  "ignored_count": 1,
  "legacy_compatible_match_rate": 0.0,
  "mean_element_accuracy_parsed_queries": null,
  "parse_rate": 0.0,
  "parsed_count": 0,
  "query_count": 1
}
query_ids=1042981161e6895e8d8323a45ba5ff7154511b2247fe8d6cb89c17d50e1df0f8
{
  "exact_match_rate_all_queries": 0.0,
  "exact_match_rate_parsed_queries": 0.0,
  "exact_matches": 0,
  "ignored_count": 0,
  "legacy_compatible_match_rate": 0.0,
  "mean_element_accuracy_parsed_queries": 0.0,
  "parse_rate": 1.0,
  "parsed_count": 1,
  "query_count": 1
}
query_ids=9ffc78c54dff6d4361332550f4ceb8e26c39b14f4076b6b264967c4da6b8a823
{
  "exact_match_rate_all_queries": 0.0,
  "exact_match_rate_parsed_queries": null,
  "exact_matches": 0,
  "ignored_count": 1,
  "legacy_compatible_match_rate": 0.0,
  "mean_element_accuracy_parsed_queries": null,
  "parse_rate": 0.0,
  "parsed_count": 0,
  "query_count": 1
}
query_ids=dee2b96473d5b6ef28c297e59dbf22cfe6296253f8d3f03dae554e34ab8d791d
{
  "exact_match_rate_all_queries": 0.0,
  "exact_match_rate_parsed_queries": null,
  "exact_matches": 0,
  "ignored_count": 1,
  "legacy_compatible_match_rate": 0.0,
  "mean_element_accuracy_parsed_queries": null,
  "parse_rate": 0.0,
  "parsed_count": 0,
  "query_count": 1
}
query_ids=6bd2f508935647a398544f4cd0073d5802d8e24567b6869dfaed6fef57e5e164
{
  "exact_match_rate_all_queries": 0.0,
  "exact_match_rate_parsed_queries": null,
  "exact_matches": 0,
  "ignored_count": 1,
  "legacy_compatible_match_rate": 0.0,
  "mean_element_accuracy_parsed_queries": null,
  "parse_rate": 0.0,
  "parsed_count": 0,
  "query_count": 1
}
query_ids=bc896cc7f134893ee5797d3ac03e36b384e7a6ea5dcb7c40addbe228e6c499e8
{
  "exact_match_rate_all_queries": 0.0,
  "exact_match_rate_parsed_queries": null,
  "exact_matches": 0,
  "ignored_count": 1,
  "legacy_compatible_match_rate": 0.0,
  "mean_element_accuracy_parsed_queries": null,
  "parse_rate": 0.0,
  "parsed_count": 0,
  "query_count": 1
}
query_ids=ccd7183ecc9ea7434cb2a972d8281359a5ba8a4dd3554adf06526d4868c29964
{
  "exact_match_rate_all_queries": 1.0,
  "exact_match_rate_parsed_queries": 1.0,
  "exact_matches": 1,
  "ignored_count": 0,
  "legacy_compatible_match_rate": 1.0,
  "mean_element_accuracy_parsed_queries": 1.0,
  "parse_rate": 1.0,
  "parsed_count": 1,
  "query_count": 1
}
query_ids=72c1be9598442658b4f49e548bf7ef19a9d221085929f2990dd77f4f4ebde673
{
  "exact_match_rate_all_queries": 1.0,
  "exact_match_rate_parsed_queries": 1.0,
  "exact_matches": 1,
  "ignored_count": 0,
  "legacy_compatible_match_rate": 1.0,
  "mean_element_accuracy_parsed_queries": 1.0,
  "parse_rate": 1.0,
  "parsed_count": 1,
  "query_count": 1
}
query_ids=c307de9acecebe71a0ac90658d4feaecdd2d1a32caf12678709de0d2e4a84b07
{
  "exact_match_rate_all_queries": 1.0,
  "exact_match_rate_parsed_queries": 1.0,
  "exact_matches": 1,
  "ignored_count": 0,
  "legacy_compatible_match_rate": 1.0,
  "mean_element_accuracy_parsed_queries": 1.0,
  "parse_rate": 1.0,
  "parsed_count": 1,
  "query_count": 1
}
query_ids=3f866c18f2032a9b9e4d9d24b83caf9319623d7b775a560bf706908447ed3e73
{
  "exact_match_rate_all_queries": 1.0,
  "exact_match_rate_parsed_queries": 1.0,
  "exact_matches": 1,
  "ignored_count": 0,
  "legacy_compatible_match_rate": 1.0,
  "mean_element_accuracy_parsed_queries": 1.0,
  "parse_rate": 1.0,
  "parsed_count": 1,
  "query_count": 1
}
query_ids=2538bc4c805dd89c79376165ba31f324b46b2198cdfddb5000748d977393eca7
{
  "exact_match_rate_all_queries": 1.0,
  "exact_match_rate_parsed_queries": 1.0,
  "exact_matches": 1,
  "ignored_count": 0,
  "legacy_compatible_match_rate": 1.0,
  "mean_element_accuracy_parsed_queries": 1.0,
  "parse_rate": 1.0,
  "parsed_count": 1,
  "query_count": 1
}
query_ids=e68e229402fe2c3d051b5d931ce84585b48f42160a1328cb0452aa30fb94c3b9
{
  "exact_match_rate_all_queries": 1.0,
  "exact_match_rate_parsed_queries": 1.0,
  "exact_matches": 1,
  "ignored_count": 0,
  "legacy_compatible_match_rate": 1.0,
  "mean_element_accuracy_parsed_queries": 1.0,
  "parse_rate": 1.0,
  "parsed_count": 1,
  "query_count": 1
}
query_ids=1d3603df0b06e452156af081d818c554bfe87bc69e36cf478daad27af114e288
{
  "exact_match_rate_all_queries": 1.0,
  "exact_match_rate_parsed_queries": 1.0,
  "exact_matches": 1,
  "ignored_count": 0,
  "legacy_compatible_match_rate": 1.0,
  "mean_element_accuracy_parsed_queries": 1.0,
  "parse_rate": 1.0,
  "parsed_count": 1,
  "query_count": 1
}
query_ids=9aefab7fc618af72b4773938d1a51940af15e8e82bffb1fc75039c770f958444
{
  "exact_match_rate_all_queries": 1.0,
  "exact_match_rate_parsed_queries": 1.0,
  "exact_matches": 1,
  "ignored_count": 0,
  "legacy_compatible_match_rate": 1.0,
  "mean_element_accuracy_parsed_queries": 1.0,
  "parse_rate": 1.0,
  "parsed_count": 1,
  "query_count": 1
}
query_ids=af9bc66ed6253324cf976fd7ba365d6d4c261bc98047f5335f740e5ecfb49555
{
  "exact_match_rate_all_queries": 1.0,
  "exact_match_rate_parsed_queries": 1.0,
  "exact_matches": 1,
  "ignored_count": 0,
  "legacy_compatible_match_rate": 1.0,
  "mean_element_accuracy_parsed_queries": 1.0,
  "parse_rate": 1.0,
  "parsed_count": 1,
  "query_count": 1
}
query_ids=516ff558856e54bd368f04b7a11f562f75b6f915b415dbab96d2ec04cb86682f
{
  "exact_match_rate_all_queries": 1.0,
  "exact_match_rate_parsed_queries": 1.0,
  "exact_matches": 1,
  "ignored_count": 0,
  "legacy_compatible_match_rate": 1.0,
  "mean_element_accuracy_parsed_queries": 1.0,
  "parse_rate": 1.0,
  "parsed_count": 1,
  "query_count": 1
}
query_ids=a3f92c50deb7c8c3edce4ae6e7b9eefa20cecfaaa6f187e2bce1aa9057e86f40
{
  "exact_match_rate_all_queries": 1.0,
  "exact_match_rate_parsed_queries": 1.0,
  "exact_matches": 1,
  "ignored_count": 0,
  "legacy_compatible_match_rate": 1.0,
  "mean_element_accuracy_parsed_queries": 1.0,
  "parse_rate": 1.0,
  "parsed_count": 1,
  "query_count": 1
}
query_ids=69369221668b6c8da7488527d7909c5a48dd610652492d47f4433489d62019b3
{
  "exact_match_rate_all_queries": 1.0,
  "exact_match_rate_parsed_queries": 1.0,
  "exact_matches": 1,
  "ignored_count": 0,
  "legacy_compatible_match_rate": 1.0,
  "mean_element_accuracy_parsed_queries": 1.0,
  "parse_rate": 1.0,
  "parsed_count": 1,
  "query_count": 1
}
query_ids=06edbe30d0cba14dc18f55aaaa0096b5983418f2a0f575e07ec4f76d8e7f3fd3
{
  "exact_match_rate_all_queries": 1.0,
  "exact_match_rate_parsed_queries": 1.0,
  "exact_matches": 1,
  "ignored_count": 0,
  "legacy_compatible_match_rate": 1.0,
  "mean_element_accuracy_parsed_queries": 1.0,
  "parse_rate": 1.0,
  "parsed_count": 1,
  "query_count": 1
}
query_ids=98bb41bff69698dc3ab6839942ace06e1b3c3090515015008d21b2cec8fce2d5
{
  "exact_match_rate_all_queries": 1.0,
  "exact_match_rate_parsed_queries": 1.0,
  "exact_matches": 1,
  "ignored_count": 0,
  "legacy_compatible_match_rate": 1.0,
  "mean_element_accuracy_parsed_queries": 1.0,
  "parse_rate": 1.0,
  "parsed_count": 1,
  "query_count": 1
}
query_ids=a86877e32de61f4189aeba58b9a446817bf82b2283c02b7787e5bd0995f50902
{
  "exact_match_rate_all_queries": 1.0,
  "exact_match_rate_parsed_queries": 1.0,
  "exact_matches": 1,
  "ignored_count": 0,
  "legacy_compatible_match_rate": 1.0,
  "mean_element_accuracy_parsed_queries": 1.0,
  "parse_rate": 1.0,
  "parsed_count": 1,
  "query_count": 1
}
query_ids=b1b6916142e3a8900552049aa2d518c0b4741165b94244f5d550b855df10061b
{
  "exact_match_rate_all_queries": 1.0,
  "exact_match_rate_parsed_queries": 1.0,
  "exact_matches": 1,
  "ignored_count": 0,
  "legacy_compatible_match_rate": 1.0,
  "mean_element_accuracy_parsed_queries": 1.0,
  "parse_rate": 1.0,
  "parsed_count": 1,
  "query_count": 1
}
query_ids=719db2e7c1e50844b07d97decc4d07913e93cb6012c1440f1c89f641f0994fde
{
  "exact_match_rate_all_queries": 1.0,
  "exact_match_rate_parsed_queries": 1.0,
  "exact_matches": 1,
  "ignored_count": 0,
  "legacy_compatible_match_rate": 1.0,
  "mean_element_accuracy_parsed_queries": 1.0,
  "parse_rate": 1.0,
  "parsed_count": 1,
  "query_count": 1
}
query_ids=f9781e589fb84ddefe749f0fb236a4cce49d2fdc82c727792e1ef0d570a8ad22
{
  "exact_match_rate_all_queries": 1.0,
  "exact_match_rate_parsed_queries": 1.0,
  "exact_matches": 1,
  "ignored_count": 0,
  "legacy_compatible_match_rate": 1.0,
  "mean_element_accuracy_parsed_queries": 1.0,
  "parse_rate": 1.0,
  "parsed_count": 1,
  "query_count": 1
}
query_ids=cea6e34b024ce26a38c9cdae6e0b2ac2cf72d713e9a63e93b37d4de7d0319ad0
{
  "exact_match_rate_all_queries": 1.0,
  "exact_match_rate_parsed_queries": 1.0,
  "exact_matches": 1,
  "ignored_count": 0,
  "legacy_compatible_match_rate": 1.0,
  "mean_element_accuracy_parsed_queries": 1.0,
  "parse_rate": 1.0,
  "parsed_count": 1,
  "query_count": 1
}
query_ids=27e87659d66aaecd7aec3cd17362c6f5aa6eb4e0ecca8f7c262ef310a638536e
{
  "exact_match_rate_all_queries": 1.0,
  "exact_match_rate_parsed_queries": 1.0,
  "exact_matches": 1,
  "ignored_count": 0,
  "legacy_compatible_match_rate": 1.0,
  "mean_element_accuracy_parsed_queries": 1.0,
  "parse_rate": 1.0,
  "parsed_count": 1,
  "query_count": 1
}
query_ids=70b452e563279d3b96ccf126c532b8e5d303154f9709a6872df5bb1b42fc24f2
{
  "exact_match_rate_all_queries": 0.0,
  "exact_match_rate_parsed_queries": 0.0,
  "exact_matches": 0,
  "ignored_count": 0,
  "legacy_compatible_match_rate": 0.0,
  "mean_element_accuracy_parsed_queries": 0.6666666666666666,
  "parse_rate": 1.0,
  "parsed_count": 1,
  "query_count": 1
}
query_ids=0aec8c9daa7268eaa25449f1b679107a22a10e79e4f176d32e77fa526615a178
{
  "exact_match_rate_all_queries": 1.0,
  "exact_match_rate_parsed_queries": 1.0,
  "exact_matches": 1,
  "ignored_count": 0,
  "legacy_compatible_match_rate": 1.0,
  "mean_element_accuracy_parsed_queries": 1.0,
  "parse_rate": 1.0,
  "parsed_count": 1,
  "query_count": 1
}
query_ids=aa66024a3c27037e4f481c99edaf09857dba814943c78551be677e80fd2b7f31
{
  "exact_match_rate_all_queries": 1.0,
  "exact_match_rate_parsed_queries": 1.0,
  "exact_matches": 1,
  "ignored_count": 0,
  "legacy_compatible_match_rate": 1.0,
  "mean_element_accuracy_parsed_queries": 1.0,
  "parse_rate": 1.0,
  "parsed_count": 1,
  "query_count": 1
}
query_ids=0f6eee0592a53649128afdc302674ddaf82ab4ac09f111fad16c9fa1334a751f
{
  "exact_match_rate_all_queries": 1.0,
  "exact_match_rate_parsed_queries": 1.0,
  "exact_matches": 1,
  "ignored_count": 0,
  "legacy_compatible_match_rate": 1.0,
  "mean_element_accuracy_parsed_queries": 1.0,
  "parse_rate": 1.0,
  "parsed_count": 1,
  "query_count": 1
}
query_ids=cfe5417c10d73edbff0b6b2eb2e96a4c6b80984658fbbb1cbf78e0d5983e5e32
{
  "exact_match_rate_all_queries": 1.0,
  "exact_match_rate_parsed_queries": 1.0,
  "exact_matches": 1,
  "ignored_count": 0,
  "legacy_compatible_match_rate": 1.0,
  "mean_element_accuracy_parsed_queries": 1.0,
  "parse_rate": 1.0,
  "parsed_count": 1,
  "query_count": 1
}
query_ids=bca107bc2039834f34568c35d4a7106a05cf2a324dc1fbfe5a8bda0c5ac23e39
{
  "exact_match_rate_all_queries": 1.0,
  "exact_match_rate_parsed_queries": 1.0,
  "exact_matches": 1,
  "ignored_count": 0,
  "legacy_compatible_match_rate": 1.0,
  "mean_element_accuracy_parsed_queries": 1.0,
  "parse_rate": 1.0,
  "parsed_count": 1,
  "query_count": 1
}
query_ids=77e222a8bd3e0dce119959aa171280ef5200a085c6de24f12b6112bf93a9ae06
{
  "exact_match_rate_all_queries": 1.0,
  "exact_match_rate_parsed_queries": 1.0,
  "exact_matches": 1,
  "ignored_count": 0,
  "legacy_compatible_match_rate": 1.0,
  "mean_element_accuracy_parsed_queries": 1.0,
  "parse_rate": 1.0,
  "parsed_count": 1,
  "query_count": 1
}
query_ids=d52614cfaced44154fa9bcaf777e4f00b174159b6e33da483af0cfd4a7e1e38a
{
  "exact_match_rate_all_queries": 1.0,
  "exact_match_rate_parsed_queries": 1.0,
  "exact_matches": 1,
  "ignored_count": 0,
  "legacy_compatible_match_rate": 1.0,
  "mean_element_accuracy_parsed_queries": 1.0,
  "parse_rate": 1.0,
  "parsed_count": 1,
  "query_count": 1
}
query_ids=b8589041ed41a7124a9c235db004e492284875d3a5c3b1efd05074fbf89eee06
{
  "exact_match_rate_all_queries": 1.0,
  "exact_match_rate_parsed_queries": 1.0,
  "exact_matches": 1,
  "ignored_count": 0,
  "legacy_compatible_match_rate": 1.0,
  "mean_element_accuracy_parsed_queries": 1.0,
  "parse_rate": 1.0,
  "parsed_count": 1,
  "query_count": 1
}
query_ids=2a473d14f14c5fa387dbcc024ab88f881832ad22789aeb8bd4c473635f5575b4
{
  "exact_match_rate_all_queries": 1.0,
  "exact_match_rate_parsed_queries": 1.0,
  "exact_matches": 1,
  "ignored_count": 0,
  "legacy_compatible_match_rate": 1.0,
  "mean_element_accuracy_parsed_queries": 1.0,
  "parse_rate": 1.0,
  "parsed_count": 1,
  "query_count": 1
}
query_ids=ecdc83ad64a85e6b3584b36db85370b80a32627aebb5d356c1fe94719ee28936
{
  "exact_match_rate_all_queries": 1.0,
  "exact_match_rate_parsed_queries": 1.0,
  "exact_matches": 1,
  "ignored_count": 0,
  "legacy_compatible_match_rate": 1.0,
  "mean_element_accuracy_parsed_queries": 1.0,
  "parse_rate": 1.0,
  "parsed_count": 1,
  "query_count": 1
}
query_ids=daca29884680bbfeb08d3e620a8a7fc032faa6a1b224a798894720f97b42beea
{
  "exact_match_rate_all_queries": 1.0,
  "exact_match_rate_parsed_queries": 1.0,
  "exact_matches": 1,
  "ignored_count": 0,
  "legacy_compatible_match_rate": 1.0,
  "mean_element_accuracy_parsed_queries": 1.0,
  "parse_rate": 1.0,
  "parsed_count": 1,
  "query_count": 1
}
query_ids=84ec6f13d4aff0e3de79ca7e7d13a9ac6b86c0b53fbf6db4a371adf42d3efa7d
{
  "exact_match_rate_all_queries": 1.0,
  "exact_match_rate_parsed_queries": 1.0,
  "exact_matches": 1,
  "ignored_count": 0,
  "legacy_compatible_match_rate": 1.0,
  "mean_element_accuracy_parsed_queries": 1.0,
  "parse_rate": 1.0,
  "parsed_count": 1,
  "query_count": 1
}
query_ids=860b5b0b5790aa3e569560e3419002d9b2e8bbc9202bd1457a24f41e89300067
{
  "exact_match_rate_all_queries": 1.0,
  "exact_match_rate_parsed_queries": 1.0,
  "exact_matches": 1,
  "ignored_count": 0,
  "legacy_compatible_match_rate": 1.0,
  "mean_element_accuracy_parsed_queries": 1.0,
  "parse_rate": 1.0,
  "parsed_count": 1,
  "query_count": 1
}
query_ids=b8efa7933a1a8f98344f85e8127a7a9442da373e8eb0021e70d2f6c42cfecc41
{
  "exact_match_rate_all_queries": 1.0,
  "exact_match_rate_parsed_queries": 1.0,
  "exact_matches": 1,
  "ignored_count": 0,
  "legacy_compatible_match_rate": 1.0,
  "mean_element_accuracy_parsed_queries": 1.0,
  "parse_rate": 1.0,
  "parsed_count": 1,
  "query_count": 1
}
query_ids=b430b574ebcebc18b05f5f9b1474ee913b2a6dba7d33fb83197d49cdd1896036
{
  "exact_match_rate_all_queries": 0.0,
  "exact_match_rate_parsed_queries": 0.0,
  "exact_matches": 0,
  "ignored_count": 0,
  "legacy_compatible_match_rate": 0.0,
  "mean_element_accuracy_parsed_queries": 0.3333333333333333,
  "parse_rate": 1.0,
  "parsed_count": 1,
  "query_count": 1
}
query_ids=136667f8513b303d46da52a223635570a240435eb70c6bf24f1746049bdb4179
{
  "exact_match_rate_all_queries": 1.0,
  "exact_match_rate_parsed_queries": 1.0,
  "exact_matches": 1,
  "ignored_count": 0,
  "legacy_compatible_match_rate": 1.0,
  "mean_element_accuracy_parsed_queries": 1.0,
  "parse_rate": 1.0,
  "parsed_count": 1,
  "query_count": 1
}
query_ids=fa94245c95f0a7450404731a84b116f74e123e0dcf2405b3fb57d827530c3ef9
{
  "exact_match_rate_all_queries": 1.0,
  "exact_match_rate_parsed_queries": 1.0,
  "exact_matches": 1,
  "ignored_count": 0,
  "legacy_compatible_match_rate": 1.0,
  "mean_element_accuracy_parsed_queries": 1.0,
  "parse_rate": 1.0,
  "parsed_count": 1,
  "query_count": 1
}
query_ids=5c61732b4c888c7bd1fee85a525540dd1879579293e7dbad1d4d47b3596115c5
{
  "exact_match_rate_all_queries": 1.0,
  "exact_match_rate_parsed_queries": 1.0,
  "exact_matches": 1,
  "ignored_count": 0,
  "legacy_compatible_match_rate": 1.0,
  "mean_element_accuracy_parsed_queries": 1.0,
  "parse_rate": 1.0,
  "parsed_count": 1,
  "query_count": 1
}
query_ids=c1b8429e137098b63f6f035cfbe35ea89e4e71cb1008b2b26a6f55737788f66c
{
  "exact_match_rate_all_queries": 1.0,
  "exact_match_rate_parsed_queries": 1.0,
  "exact_matches": 1,
  "ignored_count": 0,
  "legacy_compatible_match_rate": 1.0,
  "mean_element_accuracy_parsed_queries": 1.0,
  "parse_rate": 1.0,
  "parsed_count": 1,
  "query_count": 1
}
query_ids=23e4fe5bab0c683270bcadee8a3f4860301113831e241c0bc407af91fffddc7d
{
  "exact_match_rate_all_queries": 1.0,
  "exact_match_rate_parsed_queries": 1.0,
  "exact_matches": 1,
  "ignored_count": 0,
  "legacy_compatible_match_rate": 1.0,
  "mean_element_accuracy_parsed_queries": null,
  "parse_rate": 1.0,
  "parsed_count": 1,
  "query_count": 1
}
query_ids=ffc4c5f124cadce47e6d7d151dd1059899efdcd39a5e317924e53b7b4f7429d2
{
  "exact_match_rate_all_queries": 1.0,
  "exact_match_rate_parsed_queries": 1.0,
  "exact_matches": 1,
  "ignored_count": 0,
  "legacy_compatible_match_rate": 1.0,
  "mean_element_accuracy_parsed_queries": null,
  "parse_rate": 1.0,
  "parsed_count": 1,
  "query_count": 1
}
query_ids=58175cbf93f16dd43ed9726a11d4605782a2cfd1767cafb8102bec08142bd44d
{
  "exact_match_rate_all_queries": 1.0,
  "exact_match_rate_parsed_queries": 1.0,
  "exact_matches": 1,
  "ignored_count": 0,
  "legacy_compatible_match_rate": 1.0,
  "mean_element_accuracy_parsed_queries": null,
  "parse_rate": 1.0,
  "parsed_count": 1,
  "query_count": 1
}
query_ids=284abbbd6d4a50a530968a6a44ce77aa7fb77f486422e9ec33c1f39636978854
{
  "exact_match_rate_all_queries": 1.0,
  "exact_match_rate_parsed_queries": 1.0,
  "exact_matches": 1,
  "ignored_count": 0,
  "legacy_compatible_match_rate": 1.0,
  "mean_element_accuracy_parsed_queries": null,
  "parse_rate": 1.0,
  "parsed_count": 1,
  "query_count": 1
}
query_ids=934e25514e944445e1cac4dac77eb0fd746612a2c0d6e691c298f9206da85cc3
{
  "exact_match_rate_all_queries": 0.0,
  "exact_match_rate_parsed_queries": 0.0,
  "exact_matches": 0,
  "ignored_count": 0,
  "legacy_compatible_match_rate": 0.0,
  "mean_element_accuracy_parsed_queries": null,
  "parse_rate": 1.0,
  "parsed_count": 1,
  "query_count": 1
}
query_ids=a4a73abbf21e3e90457f19b64d586c90c491d04089e4e2f812f0d81b01fffc30
{
  "exact_match_rate_all_queries": 1.0,
  "exact_match_rate_parsed_queries": 1.0,
  "exact_matches": 1,
  "ignored_count": 0,
  "legacy_compatible_match_rate": 1.0,
  "mean_element_accuracy_parsed_queries": null,
  "parse_rate": 1.0,
  "parsed_count": 1,
  "query_count": 1
}
query_ids=37f20c13dd0299e88c0311376d858b355008bea62889ecfb29d67f141e6317b0
{
  "exact_match_rate_all_queries": 1.0,
  "exact_match_rate_parsed_queries": 1.0,
  "exact_matches": 1,
  "ignored_count": 0,
  "legacy_compatible_match_rate": 1.0,
  "mean_element_accuracy_parsed_queries": null,
  "parse_rate": 1.0,
  "parsed_count": 1,
  "query_count": 1
}
query_ids=f34c7624b6f82c22c1ebe50949286239325f18d448b9629120c2e89a3b2240c1
{
  "exact_match_rate_all_queries": 0.0,
  "exact_match_rate_parsed_queries": 0.0,
  "exact_matches": 0,
  "ignored_count": 0,
  "legacy_compatible_match_rate": 0.0,
  "mean_element_accuracy_parsed_queries": null,
  "parse_rate": 1.0,
  "parsed_count": 1,
  "query_count": 1
}
query_ids=bd0a7d944ed19691ed5c7c26c8879d28792def8a54dd0c43730b7d51a6b70deb
{
  "exact_match_rate_all_queries": 1.0,
  "exact_match_rate_parsed_queries": 1.0,
  "exact_matches": 1,
  "ignored_count": 0,
  "legacy_compatible_match_rate": 1.0,
  "mean_element_accuracy_parsed_queries": null,
  "parse_rate": 1.0,
  "parsed_count": 1,
  "query_count": 1
}
query_ids=e7358f60f2646c27708e272518fe779f76b1601bba92f0fe876f039ef28a86c7
{
  "exact_match_rate_all_queries": 1.0,
  "exact_match_rate_parsed_queries": 1.0,
  "exact_matches": 1,
  "ignored_count": 0,
  "legacy_compatible_match_rate": 1.0,
  "mean_element_accuracy_parsed_queries": null,
  "parse_rate": 1.0,
  "parsed_count": 1,
  "query_count": 1
}
query_ids=f16d6245c1221bbd0bef245f37cec7a6545220d66a5fb03b7554ffb5ccbb4403
{
  "exact_match_rate_all_queries": 1.0,
  "exact_match_rate_parsed_queries": 1.0,
  "exact_matches": 1,
  "ignored_count": 0,
  "legacy_compatible_match_rate": 1.0,
  "mean_element_accuracy_parsed_queries": null,
  "parse_rate": 1.0,
  "parsed_count": 1,
  "query_count": 1
}
query_ids=1a2afb53c730c5638f08aa9af363b135a1c6bb8cca1ff0da7826be8ca249f38a
{
  "exact_match_rate_all_queries": 1.0,
  "exact_match_rate_parsed_queries": 1.0,
  "exact_matches": 1,
  "ignored_count": 0,
  "legacy_compatible_match_rate": 1.0,
  "mean_element_accuracy_parsed_queries": null,
  "parse_rate": 1.0,
  "parsed_count": 1,
  "query_count": 1
}
query_ids=9ec332502fcd48dee45762212ad1737c37b237ca6340a2f9b264e38a9f70f154
{
  "exact_match_rate_all_queries": 0.0,
  "exact_match_rate_parsed_queries": 0.0,
  "exact_matches": 0,
  "ignored_count": 0,
  "legacy_compatible_match_rate": 0.0,
  "mean_element_accuracy_parsed_queries": null,
  "parse_rate": 1.0,
  "parsed_count": 1,
  "query_count": 1
}
query_ids=f8f87b159f72254a2e13af40c120ab91d83ba1259c4117b2315ff4138c0086a0
{
  "exact_match_rate_all_queries": 1.0,
  "exact_match_rate_parsed_queries": 1.0,
  "exact_matches": 1,
  "ignored_count": 0,
  "legacy_compatible_match_rate": 1.0,
  "mean_element_accuracy_parsed_queries": null,
  "parse_rate": 1.0,
  "parsed_count": 1,
  "query_count": 1
}
query_ids=4a91b237429f29665d5d892ab67255b5949dfa16e7f0750b1f35a9088bdca109
{
  "exact_match_rate_all_queries": 1.0,
  "exact_match_rate_parsed_queries": 1.0,
  "exact_matches": 1,
  "ignored_count": 0,
  "legacy_compatible_match_rate": 1.0,
  "mean_element_accuracy_parsed_queries": null,
  "parse_rate": 1.0,
  "parsed_count": 1,
  "query_count": 1
}
query_ids=4607838ce42a64ff257acbffe94415f6cb4ea9a4ad9baba31f3d16a605463733
{
  "exact_match_rate_all_queries": 1.0,
  "exact_match_rate_parsed_queries": 1.0,
  "exact_matches": 1,
  "ignored_count": 0,
  "legacy_compatible_match_rate": 1.0,
  "mean_element_accuracy_parsed_queries": null,
  "parse_rate": 1.0,
  "parsed_count": 1,
  "query_count": 1
}
query_ids=0de5e0c6b45c3fac9b99c401ac771a61f50236e7f0adb0f484bed4825e3f6c97
{
  "exact_match_rate_all_queries": 1.0,
  "exact_match_rate_parsed_queries": 1.0,
  "exact_matches": 1,
  "ignored_count": 0,
  "legacy_compatible_match_rate": 1.0,
  "mean_element_accuracy_parsed_queries": null,
  "parse_rate": 1.0,
  "parsed_count": 1,
  "query_count": 1
}
query_ids=aa3932e923ace4fac71c647d954d5b181be2e92e594ebfdb2684353374928d88
{
  "exact_match_rate_all_queries": 1.0,
  "exact_match_rate_parsed_queries": 1.0,
  "exact_matches": 1,
  "ignored_count": 0,
  "legacy_compatible_match_rate": 1.0,
  "mean_element_accuracy_parsed_queries": null,
  "parse_rate": 1.0,
  "parsed_count": 1,
  "query_count": 1
}
query_ids=911199fa06d0f455b8658ce38395f53f8d7df5c5a89c220718419a29e9011a33
{
  "exact_match_rate_all_queries": 1.0,
  "exact_match_rate_parsed_queries": 1.0,
  "exact_matches": 1,
  "ignored_count": 0,
  "legacy_compatible_match_rate": 1.0,
  "mean_element_accuracy_parsed_queries": null,
  "parse_rate": 1.0,
  "parsed_count": 1,
  "query_count": 1
}
query_ids=9fd90659a7ebcc689987c34a24c7cedfee11e15010c9d17c38106481000fd3c8
{
  "exact_match_rate_all_queries": 1.0,
  "exact_match_rate_parsed_queries": 1.0,
  "exact_matches": 1,
  "ignored_count": 0,
  "legacy_compatible_match_rate": 1.0,
  "mean_element_accuracy_parsed_queries": null,
  "parse_rate": 1.0,
  "parsed_count": 1,
  "query_count": 1
}
query_ids=7e1636b635236ddf835c37f6587038f9b3f45feddc118c58423710bce7e7cca6
{
  "exact_match_rate_all_queries": 1.0,
  "exact_match_rate_parsed_queries": 1.0,
  "exact_matches": 1,
  "ignored_count": 0,
  "legacy_compatible_match_rate": 1.0,
  "mean_element_accuracy_parsed_queries": null,
  "parse_rate": 1.0,
  "parsed_count": 1,
  "query_count": 1
}
query_ids=4ff00bc845212e9d4eb2a73e887580ead4ac1e47e25f5e43ea6d30298631b077
{
  "exact_match_rate_all_queries": 1.0,
  "exact_match_rate_parsed_queries": 1.0,
  "exact_matches": 1,
  "ignored_count": 0,
  "legacy_compatible_match_rate": 1.0,
  "mean_element_accuracy_parsed_queries": null,
  "parse_rate": 1.0,
  "parsed_count": 1,
  "query_count": 1
}
query_ids=749a7e593210f38899907877769c41b064116226c3f86b95e94a7a66908c9942
{
  "exact_match_rate_all_queries": 1.0,
  "exact_match_rate_parsed_queries": 1.0,
  "exact_matches": 1,
  "ignored_count": 0,
  "legacy_compatible_match_rate": 1.0,
  "mean_element_accuracy_parsed_queries": null,
  "parse_rate": 1.0,
  "parsed_count": 1,
  "query_count": 1
}
query_ids=00544d2fa24b14d166aa2d3e7811bc2b48114aceca44e5cb3d17329ce06e7f90
{
  "exact_match_rate_all_queries": 1.0,
  "exact_match_rate_parsed_queries": 1.0,
  "exact_matches": 1,
  "ignored_count": 0,
  "legacy_compatible_match_rate": 1.0,
  "mean_element_accuracy_parsed_queries": null,
  "parse_rate": 1.0,
  "parsed_count": 1,
  "query_count": 1
}
query_ids=01211544f84d95491582728cbe2125d08672d26a37e2dd022429c10916fb7a7f
{
  "exact_match_rate_all_queries": 1.0,
  "exact_match_rate_parsed_queries": 1.0,
  "exact_matches": 1,
  "ignored_count": 0,
  "legacy_compatible_match_rate": 1.0,
  "mean_element_accuracy_parsed_queries": null,
  "parse_rate": 1.0,
  "parsed_count": 1,
  "query_count": 1
}
query_ids=46d67e3e59f906c8a9b9cb028560db9080ef80a23157f79528f2e01257e09776
{
  "exact_match_rate_all_queries": 1.0,
  "exact_match_rate_parsed_queries": 1.0,
  "exact_matches": 1,
  "ignored_count": 0,
  "legacy_compatible_match_rate": 1.0,
  "mean_element_accuracy_parsed_queries": null,
  "parse_rate": 1.0,
  "parsed_count": 1,
  "query_count": 1
}
query_ids=7bab4dbce82f7d510fb661a505065c67bfb2ff0dc867023716b8ff48e7398159
{
  "exact_match_rate_all_queries": 1.0,
  "exact_match_rate_parsed_queries": 1.0,
  "exact_matches": 1,
  "ignored_count": 0,
  "legacy_compatible_match_rate": 1.0,
  "mean_element_accuracy_parsed_queries": null,
  "parse_rate": 1.0,
  "parsed_count": 1,
  "query_count": 1
}
query_ids=7453a1429448ddd55af3b424b5f318b521db08a7cbfac3eecafc0d5bec7e73fd
{
  "exact_match_rate_all_queries": 1.0,
  "exact_match_rate_parsed_queries": 1.0,
  "exact_matches": 1,
  "ignored_count": 0,
  "legacy_compatible_match_rate": 1.0,
  "mean_element_accuracy_parsed_queries": null,
  "parse_rate": 1.0,
  "parsed_count": 1,
  "query_count": 1
}
query_ids=eeae290a60eb894d93ae7ce3106ac67861c1b13cb26eaa8122113b8ee9a8db49
{
  "exact_match_rate_all_queries": 1.0,
  "exact_match_rate_parsed_queries": 1.0,
  "exact_matches": 1,
  "ignored_count": 0,
  "legacy_compatible_match_rate": 1.0,
  "mean_element_accuracy_parsed_queries": null,
  "parse_rate": 1.0,
  "parsed_count": 1,
  "query_count": 1
}
query_ids=2cdeb8356280673bdd1b9ed62018d4307c21f38c6d6e8ed9950b02951491f21f
{
  "exact_match_rate_all_queries": 1.0,
  "exact_match_rate_parsed_queries": 1.0,
  "exact_matches": 1,
  "ignored_count": 0,
  "legacy_compatible_match_rate": 1.0,
  "mean_element_accuracy_parsed_queries": null,
  "parse_rate": 1.0,
  "parsed_count": 1,
  "query_count": 1
}
query_ids=797b95d6cf751bec48e37a1f1cd03a46c916b03f3fc76871fba2c0dc9dd8a8db
{
  "exact_match_rate_all_queries": 1.0,
  "exact_match_rate_parsed_queries": 1.0,
  "exact_matches": 1,
  "ignored_count": 0,
  "legacy_compatible_match_rate": 1.0,
  "mean_element_accuracy_parsed_queries": null,
  "parse_rate": 1.0,
  "parsed_count": 1,
  "query_count": 1
}
query_ids=24b54a50f7401432817d71d215df5d72e2569275938c1b02ca860354124729c3
{
  "exact_match_rate_all_queries": 1.0,
  "exact_match_rate_parsed_queries": 1.0,
  "exact_matches": 1,
  "ignored_count": 0,
  "legacy_compatible_match_rate": 1.0,
  "mean_element_accuracy_parsed_queries": null,
  "parse_rate": 1.0,
  "parsed_count": 1,
  "query_count": 1
}
query_ids=3f579b4d65e967cdb439a9e60c8c3b84d3c43860e380b3661505f894fa73e08f
{
  "exact_match_rate_all_queries": 1.0,
  "exact_match_rate_parsed_queries": 1.0,
  "exact_matches": 1,
  "ignored_count": 0,
  "legacy_compatible_match_rate": 1.0,
  "mean_element_accuracy_parsed_queries": null,
  "parse_rate": 1.0,
  "parsed_count": 1,
  "query_count": 1
}
query_ids=81559b610e5f43dba4d2485fbe337562cd19d622fdd19430eb181beeab76ec6b
{
  "exact_match_rate_all_queries": 1.0,
  "exact_match_rate_parsed_queries": 1.0,
  "exact_matches": 1,
  "ignored_count": 0,
  "legacy_compatible_match_rate": 1.0,
  "mean_element_accuracy_parsed_queries": null,
  "parse_rate": 1.0,
  "parsed_count": 1,
  "query_count": 1
}
query_ids=eb4fef854688de4799ec960ff956144adf3caaee441a0cbee53ff9bfec787300
{
  "exact_match_rate_all_queries": 1.0,
  "exact_match_rate_parsed_queries": 1.0,
  "exact_matches": 1,
  "ignored_count": 0,
  "legacy_compatible_match_rate": 1.0,
  "mean_element_accuracy_parsed_queries": null,
  "parse_rate": 1.0,
  "parsed_count": 1,
  "query_count": 1
}
query_ids=be02744087bf1f6911d16b431135e6a9933fa04f3351189b4847c4cb55047742
{
  "exact_match_rate_all_queries": 1.0,
  "exact_match_rate_parsed_queries": 1.0,
  "exact_matches": 1,
  "ignored_count": 0,
  "legacy_compatible_match_rate": 1.0,
  "mean_element_accuracy_parsed_queries": null,
  "parse_rate": 1.0,
  "parsed_count": 1,
  "query_count": 1
}
query_ids=16e54df89fe84d913e32198abbd73502ebc007136104791730d6e58ae4a594d0
{
  "exact_match_rate_all_queries": 1.0,
  "exact_match_rate_parsed_queries": 1.0,
  "exact_matches": 1,
  "ignored_count": 0,
  "legacy_compatible_match_rate": 1.0,
  "mean_element_accuracy_parsed_queries": null,
  "parse_rate": 1.0,
  "parsed_count": 1,
  "query_count": 1
}
query_ids=1d83f01df172837d717c5acdcb83dcff44e201be2f4309cb8b3c061c0c342654
{
  "exact_match_rate_all_queries": 1.0,
  "exact_match_rate_parsed_queries": 1.0,
  "exact_matches": 1,
  "ignored_count": 0,
  "legacy_compatible_match_rate": 1.0,
  "mean_element_accuracy_parsed_queries": null,
  "parse_rate": 1.0,
  "parsed_count": 1,
  "query_count": 1
}
query_ids=66c17a60c8f6b5f11a925f761cd0ea71ba93727063419d1a1eb9e4f0965fc302
{
  "exact_match_rate_all_queries": 1.0,
  "exact_match_rate_parsed_queries": 1.0,
  "exact_matches": 1,
  "ignored_count": 0,
  "legacy_compatible_match_rate": 1.0,
  "mean_element_accuracy_parsed_queries": null,
  "parse_rate": 1.0,
  "parsed_count": 1,
  "query_count": 1
}
query_ids=cc51d67593990cfa07a9d70bfbb80399ab549e70d4163fb3550b149ebfcd66c5
{
  "exact_match_rate_all_queries": 1.0,
  "exact_match_rate_parsed_queries": 1.0,
  "exact_matches": 1,
  "ignored_count": 0,
  "legacy_compatible_match_rate": 1.0,
  "mean_element_accuracy_parsed_queries": null,
  "parse_rate": 1.0,
  "parsed_count": 1,
  "query_count": 1
}
query_ids=4d150a1a8c68e0709723d08913d5ad3fab8e23f54a1aa10849d6cab9968bfb63
{
  "exact_match_rate_all_queries": 1.0,
  "exact_match_rate_parsed_queries": 1.0,
  "exact_matches": 1,
  "ignored_count": 0,
  "legacy_compatible_match_rate": 1.0,
  "mean_element_accuracy_parsed_queries": null,
  "parse_rate": 1.0,
  "parsed_count": 1,
  "query_count": 1
}
query_ids=098a3ef01d1b3682af499c2a1f821f12e018626457025cfe4f4933a305c08a40
{
  "exact_match_rate_all_queries": 1.0,
  "exact_match_rate_parsed_queries": 1.0,
  "exact_matches": 1,
  "ignored_count": 0,
  "legacy_compatible_match_rate": 1.0,
  "mean_element_accuracy_parsed_queries": null,
  "parse_rate": 1.0,
  "parsed_count": 1,
  "query_count": 1
}
query_ids=bb1edbe8cc9ac62718bd159ebb68acd0154974050d61405c71656db343083a70
{
  "exact_match_rate_all_queries": 1.0,
  "exact_match_rate_parsed_queries": 1.0,
  "exact_matches": 1,
  "ignored_count": 0,
  "legacy_compatible_match_rate": 1.0,
  "mean_element_accuracy_parsed_queries": null,
  "parse_rate": 1.0,
  "parsed_count": 1,
  "query_count": 1
}
query_ids=1a73e3a647ef6ffef87164eb6defb37965d0968bdcb6ad8fa90aed4b19c1961c
{
  "exact_match_rate_all_queries": 1.0,
  "exact_match_rate_parsed_queries": 1.0,
  "exact_matches": 1,
  "ignored_count": 0,
  "legacy_compatible_match_rate": 1.0,
  "mean_element_accuracy_parsed_queries": null,
  "parse_rate": 1.0,
  "parsed_count": 1,
  "query_count": 1
}
query_ids=33345dc06b84d49dbeeb0f5644e68d33212111b2c0373e36004bc12ba1cdec61
{
  "exact_match_rate_all_queries": 1.0,
  "exact_match_rate_parsed_queries": 1.0,
  "exact_matches": 1,
  "ignored_count": 0,
  "legacy_compatible_match_rate": 1.0,
  "mean_element_accuracy_parsed_queries": null,
  "parse_rate": 1.0,
  "parsed_count": 1,
  "query_count": 1
}
query_ids=4cb3fe69387df7a8a2ae6a0dc025ba04758a823a51d06fb0f332dab76d07716e
{
  "exact_match_rate_all_queries": 1.0,
  "exact_match_rate_parsed_queries": 1.0,
  "exact_matches": 1,
  "ignored_count": 0,
  "legacy_compatible_match_rate": 1.0,
  "mean_element_accuracy_parsed_queries": null,
  "parse_rate": 1.0,
  "parsed_count": 1,
  "query_count": 1
}
query_ids=ac419ba1b6e1a19c2a80ce07420143c3131e78d329402accc781b665cf3dfdfe
{
  "exact_match_rate_all_queries": 1.0,
  "exact_match_rate_parsed_queries": 1.0,
  "exact_matches": 1,
  "ignored_count": 0,
  "legacy_compatible_match_rate": 1.0,
  "mean_element_accuracy_parsed_queries": null,
  "parse_rate": 1.0,
  "parsed_count": 1,
  "query_count": 1
}
query_ids=10ed35a42e72d9bf39851af4a2abdfd75e2295b06079b9217f89338d58db8499
{
  "exact_match_rate_all_queries": 1.0,
  "exact_match_rate_parsed_queries": 1.0,
  "exact_matches": 1,
  "ignored_count": 0,
  "legacy_compatible_match_rate": 1.0,
  "mean_element_accuracy_parsed_queries": null,
  "parse_rate": 1.0,
  "parsed_count": 1,
  "query_count": 1
}
query_ids=36c60fb542bc595f71b4027b3bd285d05c1d19bc990d2b04ca4b4775e59668a8
{
  "exact_match_rate_all_queries": 1.0,
  "exact_match_rate_parsed_queries": 1.0,
  "exact_matches": 1,
  "ignored_count": 0,
  "legacy_compatible_match_rate": 1.0,
  "mean_element_accuracy_parsed_queries": null,
  "parse_rate": 1.0,
  "parsed_count": 1,
  "query_count": 1
}
query_ids=eab548945476ea7782d6480092011e73fcd22c8bc8a88701f1a05672ae643546
{
  "exact_match_rate_all_queries": 1.0,
  "exact_match_rate_parsed_queries": 1.0,
  "exact_matches": 1,
  "ignored_count": 0,
  "legacy_compatible_match_rate": 1.0,
  "mean_element_accuracy_parsed_queries": null,
  "parse_rate": 1.0,
  "parsed_count": 1,
  "query_count": 1
}
query_ids=b321d002d5c6446239747c5c3306d2f83f53fafc21eb8606d399d1000f78310e
{
  "exact_match_rate_all_queries": 1.0,
  "exact_match_rate_parsed_queries": 1.0,
  "exact_matches": 1,
  "ignored_count": 0,
  "legacy_compatible_match_rate": 1.0,
  "mean_element_accuracy_parsed_queries": null,
  "parse_rate": 1.0,
  "parsed_count": 1,
  "query_count": 1
}
query_ids=3c43ddcf124f96acba9ae20d78a5f7a04e414e34642cb1cd02f0697e73c4bea9
{
  "exact_match_rate_all_queries": 1.0,
  "exact_match_rate_parsed_queries": 1.0,
  "exact_matches": 1,
  "ignored_count": 0,
  "legacy_compatible_match_rate": 1.0,
  "mean_element_accuracy_parsed_queries": null,
  "parse_rate": 1.0,
  "parsed_count": 1,
  "query_count": 1
}
query_ids=780833f3dee263147aed9404d995cdd4b8984718db8a86b844a246ec5bdc2d3a
{
  "exact_match_rate_all_queries": 1.0,
  "exact_match_rate_parsed_queries": 1.0,
  "exact_matches": 1,
  "ignored_count": 0,
  "legacy_compatible_match_rate": 1.0,
  "mean_element_accuracy_parsed_queries": null,
  "parse_rate": 1.0,
  "parsed_count": 1,
  "query_count": 1
}
query_ids=8ba02a293cc098eea65c82ccb0730349c83b40451dfc161e6aa84624f88ce8bd
{
  "exact_match_rate_all_queries": 1.0,
  "exact_match_rate_parsed_queries": 1.0,
  "exact_matches": 1,
  "ignored_count": 0,
  "legacy_compatible_match_rate": 1.0,
  "mean_element_accuracy_parsed_queries": null,
  "parse_rate": 1.0,
  "parsed_count": 1,
  "query_count": 1
}
query_ids=aaf9f70806020409795813dddd8a3e3d2b9feb31ca043ff7e54959c7e6291102
{
  "exact_match_rate_all_queries": 1.0,
  "exact_match_rate_parsed_queries": 1.0,
  "exact_matches": 1,
  "ignored_count": 0,
  "legacy_compatible_match_rate": 1.0,
  "mean_element_accuracy_parsed_queries": null,
  "parse_rate": 1.0,
  "parsed_count": 1,
  "query_count": 1
}
query_ids=16b25f1892557803e1d72c385fdee7b5b5598a106cd28bca3bdce95a64dca57b
{
  "exact_match_rate_all_queries": 1.0,
  "exact_match_rate_parsed_queries": 1.0,
  "exact_matches": 1,
  "ignored_count": 0,
  "legacy_compatible_match_rate": 1.0,
  "mean_element_accuracy_parsed_queries": null,
  "parse_rate": 1.0,
  "parsed_count": 1,
  "query_count": 1
}
query_ids=f2fface14b658bca7a98abfdfe1b85b4843f51e8a5ee759e55e4487a9510f2b2
{
  "exact_match_rate_all_queries": 1.0,
  "exact_match_rate_parsed_queries": 1.0,
  "exact_matches": 1,
  "ignored_count": 0,
  "legacy_compatible_match_rate": 1.0,
  "mean_element_accuracy_parsed_queries": null,
  "parse_rate": 1.0,
  "parsed_count": 1,
  "query_count": 1
}
query_ids=8bacd7028825909a337d50273331b3a80983110e93958e0f48944dc3360d69f6
{
  "exact_match_rate_all_queries": 1.0,
  "exact_match_rate_parsed_queries": 1.0,
  "exact_matches": 1,
  "ignored_count": 0,
  "legacy_compatible_match_rate": 1.0,
  "mean_element_accuracy_parsed_queries": null,
  "parse_rate": 1.0,
  "parsed_count": 1,
  "query_count": 1
}
query_ids=ba03f825957abed38a3f985f9d56941ea7a6dcf2e78c2f1a519985ce8fbdc961
{
  "exact_match_rate_all_queries": 1.0,
  "exact_match_rate_parsed_queries": 1.0,
  "exact_matches": 1,
  "ignored_count": 0,
  "legacy_compatible_match_rate": 1.0,
  "mean_element_accuracy_parsed_queries": null,
  "parse_rate": 1.0,
  "parsed_count": 1,
  "query_count": 1
}
query_ids=d5775668162c3219e51d3eaf6b4235a054e0b9b240cc4c17b21f3543db63e1e3
{
  "exact_match_rate_all_queries": 1.0,
  "exact_match_rate_parsed_queries": 1.0,
  "exact_matches": 1,
  "ignored_count": 0,
  "legacy_compatible_match_rate": 1.0,
  "mean_element_accuracy_parsed_queries": null,
  "parse_rate": 1.0,
  "parsed_count": 1,
  "query_count": 1
}
query_ids=eb6d8d399576e2672df413c0f5529d0ba76dd88defa37bbc5e7d7c63e0c79dd5
{
  "exact_match_rate_all_queries": 1.0,
  "exact_match_rate_parsed_queries": 1.0,
  "exact_matches": 1,
  "ignored_count": 0,
  "legacy_compatible_match_rate": 1.0,
  "mean_element_accuracy_parsed_queries": null,
  "parse_rate": 1.0,
  "parsed_count": 1,
  "query_count": 1
}
query_ids=28b611be011b23706a78e3b7df9c3ccc6b2e03cd8356e07652bf08977d27e463
{
  "exact_match_rate_all_queries": 1.0,
  "exact_match_rate_parsed_queries": 1.0,
  "exact_matches": 1,
  "ignored_count": 0,
  "legacy_compatible_match_rate": 1.0,
  "mean_element_accuracy_parsed_queries": null,
  "parse_rate": 1.0,
  "parsed_count": 1,
  "query_count": 1
}
query_ids=683acc2e7e67879687485407498f798fe405737180f26062841c66025fad9c58
{
  "exact_match_rate_all_queries": 1.0,
  "exact_match_rate_parsed_queries": 1.0,
  "exact_matches": 1,
  "ignored_count": 0,
  "legacy_compatible_match_rate": 1.0,
  "mean_element_accuracy_parsed_queries": null,
  "parse_rate": 1.0,
  "parsed_count": 1,
  "query_count": 1
}
query_ids=86b6b8c0f55dfa388bd7da7e1e8cba67612b1af6bc5ad7d3535a8bb509d2d9bf
{
  "exact_match_rate_all_queries": 1.0,
  "exact_match_rate_parsed_queries": 1.0,
  "exact_matches": 1,
  "ignored_count": 0,
  "legacy_compatible_match_rate": 1.0,
  "mean_element_accuracy_parsed_queries": null,
  "parse_rate": 1.0,
  "parsed_count": 1,
  "query_count": 1
}
query_ids=9e14436017b8fdcc3e14dfd964a255fa617f98908f7a1e487700b78953563624
{
  "exact_match_rate_all_queries": 1.0,
  "exact_match_rate_parsed_queries": 1.0,
  "exact_matches": 1,
  "ignored_count": 0,
  "legacy_compatible_match_rate": 1.0,
  "mean_element_accuracy_parsed_queries": null,
  "parse_rate": 1.0,
  "parsed_count": 1,
  "query_count": 1
}
query_ids=c85b1cba7e31409648624b461f112fc058757a700d211f3474e9deebfd90bdae
{
  "exact_match_rate_all_queries": 1.0,
  "exact_match_rate_parsed_queries": 1.0,
  "exact_matches": 1,
  "ignored_count": 0,
  "legacy_compatible_match_rate": 1.0,
  "mean_element_accuracy_parsed_queries": null,
  "parse_rate": 1.0,
  "parsed_count": 1,
  "query_count": 1
}
query_ids=9ed6875324c94f78955ba8a94cf066665f16af246e8fd9b9481436ea47c49202
{
  "exact_match_rate_all_queries": 1.0,
  "exact_match_rate_parsed_queries": 1.0,
  "exact_matches": 1,
  "ignored_count": 0,
  "legacy_compatible_match_rate": 1.0,
  "mean_element_accuracy_parsed_queries": null,
  "parse_rate": 1.0,
  "parsed_count": 1,
  "query_count": 1
}
query_ids=798d94d835a1a444cecb51d4cf8c34b9f23983c3caf2308e4b40af2c886d9397
{
  "exact_match_rate_all_queries": 1.0,
  "exact_match_rate_parsed_queries": 1.0,
  "exact_matches": 1,
  "ignored_count": 0,
  "legacy_compatible_match_rate": 1.0,
  "mean_element_accuracy_parsed_queries": null,
  "parse_rate": 1.0,
  "parsed_count": 1,
  "query_count": 1
}
query_ids=834022eead7c6e167ea58ae9e7a5dd3a8a578706b3ac163be74f20d40b0842a8
{
  "exact_match_rate_all_queries": 1.0,
  "exact_match_rate_parsed_queries": 1.0,
  "exact_matches": 1,
  "ignored_count": 0,
  "legacy_compatible_match_rate": 1.0,
  "mean_element_accuracy_parsed_queries": null,
  "parse_rate": 1.0,
  "parsed_count": 1,
  "query_count": 1
}
query_ids=8c1f92697831a9657833bb03990c62d0c0a2e558a0f66cec40b8ed425de76167
{
  "exact_match_rate_all_queries": 1.0,
  "exact_match_rate_parsed_queries": 1.0,
  "exact_matches": 1,
  "ignored_count": 0,
  "legacy_compatible_match_rate": 1.0,
  "mean_element_accuracy_parsed_queries": null,
  "parse_rate": 1.0,
  "parsed_count": 1,
  "query_count": 1
}
query_ids=58463161adc1f0565d3e86b6d00475bb74e40fe5f5cbaa5f05c80dc9d45a16f0
{
  "exact_match_rate_all_queries": 1.0,
  "exact_match_rate_parsed_queries": 1.0,
  "exact_matches": 1,
  "ignored_count": 0,
  "legacy_compatible_match_rate": 1.0,
  "mean_element_accuracy_parsed_queries": null,
  "parse_rate": 1.0,
  "parsed_count": 1,
  "query_count": 1
}
query_ids=9e4bd4029f91bcb47147a7e434ae26240261c13cda04600877281f2af22dbf29
{
  "exact_match_rate_all_queries": 1.0,
  "exact_match_rate_parsed_queries": 1.0,
  "exact_matches": 1,
  "ignored_count": 0,
  "legacy_compatible_match_rate": 1.0,
  "mean_element_accuracy_parsed_queries": null,
  "parse_rate": 1.0,
  "parsed_count": 1,
  "query_count": 1
}
query_ids=2ce801205eaa6bdbf58cd330ad1fb7f90aed6bfa2e77125fbc40702be5592bb0
{
  "exact_match_rate_all_queries": 1.0,
  "exact_match_rate_parsed_queries": 1.0,
  "exact_matches": 1,
  "ignored_count": 0,
  "legacy_compatible_match_rate": 1.0,
  "mean_element_accuracy_parsed_queries": null,
  "parse_rate": 1.0,
  "parsed_count": 1,
  "query_count": 1
}
query_ids=80f1ddc59d49c1b72b7bfbb00d7d4d2e12b2d6238e08aee51640dd6c3852f5bf
{
  "exact_match_rate_all_queries": 1.0,
  "exact_match_rate_parsed_queries": 1.0,
  "exact_matches": 1,
  "ignored_count": 0,
  "legacy_compatible_match_rate": 1.0,
  "mean_element_accuracy_parsed_queries": null,
  "parse_rate": 1.0,
  "parsed_count": 1,
  "query_count": 1
}
query_ids=40ac50cc46c34b305cb04b5f4f28403e56fa31db9d41929cb6b146031d8073ed
{
  "exact_match_rate_all_queries": 1.0,
  "exact_match_rate_parsed_queries": 1.0,
  "exact_matches": 1,
  "ignored_count": 0,
  "legacy_compatible_match_rate": 1.0,
  "mean_element_accuracy_parsed_queries": null,
  "parse_rate": 1.0,
  "parsed_count": 1,
  "query_count": 1
}
query_ids=08b7e62f378b473a32ed62a080fb6b5cec0c4348b1853316be9ed7b35f3cbb33
{
  "exact_match_rate_all_queries": 1.0,
  "exact_match_rate_parsed_queries": 1.0,
  "exact_matches": 1,
  "ignored_count": 0,
  "legacy_compatible_match_rate": 1.0,
  "mean_element_accuracy_parsed_queries": null,
  "parse_rate": 1.0,
  "parsed_count": 1,
  "query_count": 1
}
query_ids=b0e8830bd0df1043d802a1c93f6b5582c7469f0610391f959af7c919d646af6f
{
  "exact_match_rate_all_queries": 1.0,
  "exact_match_rate_parsed_queries": 1.0,
  "exact_matches": 1,
  "ignored_count": 0,
  "legacy_compatible_match_rate": 1.0,
  "mean_element_accuracy_parsed_queries": null,
  "parse_rate": 1.0,
  "parsed_count": 1,
  "query_count": 1
}
query_ids=086444a6dfa8bca1db59fa05f333262cc7d1df2366a4a7bafdb3fe31f9b501f5
{
  "exact_match_rate_all_queries": 1.0,
  "exact_match_rate_parsed_queries": 1.0,
  "exact_matches": 1,
  "ignored_count": 0,
  "legacy_compatible_match_rate": 1.0,
  "mean_element_accuracy_parsed_queries": null,
  "parse_rate": 1.0,
  "parsed_count": 1,
  "query_count": 1
}
query_ids=fc188631a5e6bdb899a843e2a618bf5209f953a8a822d8ca66eb15bd5fa3a45f
{
  "exact_match_rate_all_queries": 1.0,
  "exact_match_rate_parsed_queries": 1.0,
  "exact_matches": 1,
  "ignored_count": 0,
  "legacy_compatible_match_rate": 1.0,
  "mean_element_accuracy_parsed_queries": null,
  "parse_rate": 1.0,
  "parsed_count": 1,
  "query_count": 1
}
query_ids=f9ba7a93ac7dea04c00da728fb9850004f4f0f3ba719c00e2db0f23b0c2ce94b
{
  "exact_match_rate_all_queries": 1.0,
  "exact_match_rate_parsed_queries": 1.0,
  "exact_matches": 1,
  "ignored_count": 0,
  "legacy_compatible_match_rate": 1.0,
  "mean_element_accuracy_parsed_queries": null,
  "parse_rate": 1.0,
  "parsed_count": 1,
  "query_count": 1
}
query_ids=f03bd9e2631aaafa930c278f7af9b3fe399b887c8329db7cc995811ea4f69976
{
  "exact_match_rate_all_queries": 1.0,
  "exact_match_rate_parsed_queries": 1.0,
  "exact_matches": 1,
  "ignored_count": 0,
  "legacy_compatible_match_rate": 1.0,
  "mean_element_accuracy_parsed_queries": 1.0,
  "parse_rate": 1.0,
  "parsed_count": 1,
  "query_count": 1
}
query_ids=a228d3a992792340d7aa330c2f8f3e618d75b004548b61320e2dc5a1ac2345d2
{
  "exact_match_rate_all_queries": 1.0,
  "exact_match_rate_parsed_queries": 1.0,
  "exact_matches": 1,
  "ignored_count": 0,
  "legacy_compatible_match_rate": 1.0,
  "mean_element_accuracy_parsed_queries": 1.0,
  "parse_rate": 1.0,
  "parsed_count": 1,
  "query_count": 1
}
query_ids=414fd8e6fc09b8bb7b48a7101d91917da5bc64c20f0cd24e3ebf5084e0b3b212
{
  "exact_match_rate_all_queries": 1.0,
  "exact_match_rate_parsed_queries": 1.0,
  "exact_matches": 1,
  "ignored_count": 0,
  "legacy_compatible_match_rate": 1.0,
  "mean_element_accuracy_parsed_queries": 1.0,
  "parse_rate": 1.0,
  "parsed_count": 1,
  "query_count": 1
}
query_ids=f013e6b00fef73ee729c4d4333368844e87794272ff13007dbfdcbf13ced1f13
{
  "exact_match_rate_all_queries": 1.0,
  "exact_match_rate_parsed_queries": 1.0,
  "exact_matches": 1,
  "ignored_count": 0,
  "legacy_compatible_match_rate": 1.0,
  "mean_element_accuracy_parsed_queries": 1.0,
  "parse_rate": 1.0,
  "parsed_count": 1,
  "query_count": 1
}
query_ids=47d5d427438c4aac5cc3d473e3ad03016834e7f0785a1bb27b6bc4a0d3788e05
{
  "exact_match_rate_all_queries": 1.0,
  "exact_match_rate_parsed_queries": 1.0,
  "exact_matches": 1,
  "ignored_count": 0,
  "legacy_compatible_match_rate": 1.0,
  "mean_element_accuracy_parsed_queries": 1.0,
  "parse_rate": 1.0,
  "parsed_count": 1,
  "query_count": 1
}
query_ids=f8dcac9df8fa8b623d5ed96c8a7b2eb9b039c28db67bede0bfad1fb353d63b9e
{
  "exact_match_rate_all_queries": 1.0,
  "exact_match_rate_parsed_queries": 1.0,
  "exact_matches": 1,
  "ignored_count": 0,
  "legacy_compatible_match_rate": 1.0,
  "mean_element_accuracy_parsed_queries": 1.0,
  "parse_rate": 1.0,
  "parsed_count": 1,
  "query_count": 1
}
query_ids=acbeb4c0a83290a9cbdecacb0be2aeda16d519d300b498ba2992eb6c29c869af
{
  "exact_match_rate_all_queries": 1.0,
  "exact_match_rate_parsed_queries": 1.0,
  "exact_matches": 1,
  "ignored_count": 0,
  "legacy_compatible_match_rate": 1.0,
  "mean_element_accuracy_parsed_queries": 1.0,
  "parse_rate": 1.0,
  "parsed_count": 1,
  "query_count": 1
}
query_ids=6510d48d02432ee5c3476aed8f5cb70d25f6f66aa9a4b5640387ac17cc3e889f
{
  "exact_match_rate_all_queries": 1.0,
  "exact_match_rate_parsed_queries": 1.0,
  "exact_matches": 1,
  "ignored_count": 0,
  "legacy_compatible_match_rate": 1.0,
  "mean_element_accuracy_parsed_queries": 1.0,
  "parse_rate": 1.0,
  "parsed_count": 1,
  "query_count": 1
}
query_ids=836295666967c8c3cde95e89da6bbddb343d66a39b2020daa84e09bc6bb0966b
{
  "exact_match_rate_all_queries": 1.0,
  "exact_match_rate_parsed_queries": 1.0,
  "exact_matches": 1,
  "ignored_count": 0,
  "legacy_compatible_match_rate": 1.0,
  "mean_element_accuracy_parsed_queries": 1.0,
  "parse_rate": 1.0,
  "parsed_count": 1,
  "query_count": 1
}
query_ids=2d38f2fc73137d4d8791174e307edf1d9bbbe16de73699636b42a11b4dfd714d
{
  "exact_match_rate_all_queries": 1.0,
  "exact_match_rate_parsed_queries": 1.0,
  "exact_matches": 1,
  "ignored_count": 0,
  "legacy_compatible_match_rate": 1.0,
  "mean_element_accuracy_parsed_queries": 1.0,
  "parse_rate": 1.0,
  "parsed_count": 1,
  "query_count": 1
}
query_ids=ba01be54f5a2141adf5cabe3c6cd489e5cd840aa00ab58fd5998339db49f349f
{
  "exact_match_rate_all_queries": 1.0,
  "exact_match_rate_parsed_queries": 1.0,
  "exact_matches": 1,
  "ignored_count": 0,
  "legacy_compatible_match_rate": 1.0,
  "mean_element_accuracy_parsed_queries": 1.0,
  "parse_rate": 1.0,
  "parsed_count": 1,
  "query_count": 1
}
query_ids=a83d7bce1e4326e2544214dbec1d53169cf7631204eb5369ad8b43c55fe202a0
{
  "exact_match_rate_all_queries": 1.0,
  "exact_match_rate_parsed_queries": 1.0,
  "exact_matches": 1,
  "ignored_count": 0,
  "legacy_compatible_match_rate": 1.0,
  "mean_element_accuracy_parsed_queries": 1.0,
  "parse_rate": 1.0,
  "parsed_count": 1,
  "query_count": 1
}
query_ids=f262ccc5585a059c7ba9f74afdd343bea8d3f10a10e0dca9540160581514d4f1
{
  "exact_match_rate_all_queries": 1.0,
  "exact_match_rate_parsed_queries": 1.0,
  "exact_matches": 1,
  "ignored_count": 0,
  "legacy_compatible_match_rate": 1.0,
  "mean_element_accuracy_parsed_queries": 1.0,
  "parse_rate": 1.0,
  "parsed_count": 1,
  "query_count": 1
}
query_ids=7fa8726a91fa3f20da89ec8ffbb96b701615c0ac4c6c5fe641ec0c0a5952c596
{
  "exact_match_rate_all_queries": 1.0,
  "exact_match_rate_parsed_queries": 1.0,
  "exact_matches": 1,
  "ignored_count": 0,
  "legacy_compatible_match_rate": 1.0,
  "mean_element_accuracy_parsed_queries": 1.0,
  "parse_rate": 1.0,
  "parsed_count": 1,
  "query_count": 1
}
query_ids=b55974f5fc92d1bf988a241080c75ddc468d1154af39d76b9d5d19e2286572f2
{
  "exact_match_rate_all_queries": 1.0,
  "exact_match_rate_parsed_queries": 1.0,
  "exact_matches": 1,
  "ignored_count": 0,
  "legacy_compatible_match_rate": 1.0,
  "mean_element_accuracy_parsed_queries": 1.0,
  "parse_rate": 1.0,
  "parsed_count": 1,
  "query_count": 1
}
query_ids=69d2674ee6bfe88883338657974501cff04ffcb45677317e0b50285f88885906
{
  "exact_match_rate_all_queries": 1.0,
  "exact_match_rate_parsed_queries": 1.0,
  "exact_matches": 1,
  "ignored_count": 0,
  "legacy_compatible_match_rate": 1.0,
  "mean_element_accuracy_parsed_queries": 1.0,
  "parse_rate": 1.0,
  "parsed_count": 1,
  "query_count": 1
}
query_ids=c9c6a195426fe81521467eb9161c5a689ee975f47bae7eb5bd892b948689b743
{
  "exact_match_rate_all_queries": 1.0,
  "exact_match_rate_parsed_queries": 1.0,
  "exact_matches": 1,
  "ignored_count": 0,
  "legacy_compatible_match_rate": 1.0,
  "mean_element_accuracy_parsed_queries": 1.0,
  "parse_rate": 1.0,
  "parsed_count": 1,
  "query_count": 1
}
query_ids=3fdc6ae5b294c7c199c2a196056ff8cdef9d10f323893aeb69748a9d92cece91
{
  "exact_match_rate_all_queries": 1.0,
  "exact_match_rate_parsed_queries": 1.0,
  "exact_matches": 1,
  "ignored_count": 0,
  "legacy_compatible_match_rate": 1.0,
  "mean_element_accuracy_parsed_queries": 1.0,
  "parse_rate": 1.0,
  "parsed_count": 1,
  "query_count": 1
}
query_ids=d6d6ec06f12464740b4ded234a44a1f80bfe43990cf9e1bdd03bdcec7d4362aa
{
  "exact_match_rate_all_queries": 1.0,
  "exact_match_rate_parsed_queries": 1.0,
  "exact_matches": 1,
  "ignored_count": 0,
  "legacy_compatible_match_rate": 1.0,
  "mean_element_accuracy_parsed_queries": 1.0,
  "parse_rate": 1.0,
  "parsed_count": 1,
  "query_count": 1
}
query_ids=4362457f33ea58b11d6e14d364b451b208198392741a21c98acefc9614c86fe6
{
  "exact_match_rate_all_queries": 1.0,
  "exact_match_rate_parsed_queries": 1.0,
  "exact_matches": 1,
  "ignored_count": 0,
  "legacy_compatible_match_rate": 1.0,
  "mean_element_accuracy_parsed_queries": 1.0,
  "parse_rate": 1.0,
  "parsed_count": 1,
  "query_count": 1
}
query_ids=72769201705eb7f1f76974bb4ecc056babfa995dcf88a193d4c26987b8976561
{
  "exact_match_rate_all_queries": 1.0,
  "exact_match_rate_parsed_queries": 1.0,
  "exact_matches": 1,
  "ignored_count": 0,
  "legacy_compatible_match_rate": 1.0,
  "mean_element_accuracy_parsed_queries": 1.0,
  "parse_rate": 1.0,
  "parsed_count": 1,
  "query_count": 1
}
query_ids=661a7fd4b2fa261741890ebb9f54900adc20e8cbb6774392ae668cabfe3d5db2
{
  "exact_match_rate_all_queries": 1.0,
  "exact_match_rate_parsed_queries": 1.0,
  "exact_matches": 1,
  "ignored_count": 0,
  "legacy_compatible_match_rate": 1.0,
  "mean_element_accuracy_parsed_queries": 1.0,
  "parse_rate": 1.0,
  "parsed_count": 1,
  "query_count": 1
}
query_ids=304949cbd2c845ba47c5bcbd0351a2067ecfa0a98fa67862856c21d0c4ad0a85
{
  "exact_match_rate_all_queries": 1.0,
  "exact_match_rate_parsed_queries": 1.0,
  "exact_matches": 1,
  "ignored_count": 0,
  "legacy_compatible_match_rate": 1.0,
  "mean_element_accuracy_parsed_queries": 1.0,
  "parse_rate": 1.0,
  "parsed_count": 1,
  "query_count": 1
}
query_ids=467c80541b3152d1a3e41ef09a49a0baa86a42c1dae49abe12e9af23be05774e
{
  "exact_match_rate_all_queries": 1.0,
  "exact_match_rate_parsed_queries": 1.0,
  "exact_matches": 1,
  "ignored_count": 0,
  "legacy_compatible_match_rate": 1.0,
  "mean_element_accuracy_parsed_queries": 1.0,
  "parse_rate": 1.0,
  "parsed_count": 1,
  "query_count": 1
}
query_ids=56972b4c7868de48935e0dc7f79f798a1a9412974fd08bf405d60d79066c2aea
{
  "exact_match_rate_all_queries": 1.0,
  "exact_match_rate_parsed_queries": 1.0,
  "exact_matches": 1,
  "ignored_count": 0,
  "legacy_compatible_match_rate": 1.0,
  "mean_element_accuracy_parsed_queries": 1.0,
  "parse_rate": 1.0,
  "parsed_count": 1,
  "query_count": 1
}
query_ids=9001ff18e21b54169587dd6ec92da94f815c6cd535cd81d5bd2ebd6bcd203c5b
{
  "exact_match_rate_all_queries": 1.0,
  "exact_match_rate_parsed_queries": 1.0,
  "exact_matches": 1,
  "ignored_count": 0,
  "legacy_compatible_match_rate": 1.0,
  "mean_element_accuracy_parsed_queries": 1.0,
  "parse_rate": 1.0,
  "parsed_count": 1,
  "query_count": 1
}
query_ids=d7520edd9982cb01f6ca8375fdd8f866a8ec56e2044613f3b4f0295062af233f
{
  "exact_match_rate_all_queries": 1.0,
  "exact_match_rate_parsed_queries": 1.0,
  "exact_matches": 1,
  "ignored_count": 0,
  "legacy_compatible_match_rate": 1.0,
  "mean_element_accuracy_parsed_queries": 1.0,
  "parse_rate": 1.0,
  "parsed_count": 1,
  "query_count": 1
}
query_ids=b085b6930d717528fa2113d9103db589a6f2fb6021690f16e3b02019df6f36fb
{
  "exact_match_rate_all_queries": 1.0,
  "exact_match_rate_parsed_queries": 1.0,
  "exact_matches": 1,
  "ignored_count": 0,
  "legacy_compatible_match_rate": 1.0,
  "mean_element_accuracy_parsed_queries": 1.0,
  "parse_rate": 1.0,
  "parsed_count": 1,
  "query_count": 1
}
query_ids=7cf6de32d6603ff47f90dd41cedd1b5eaf9edeace66f0b8f5e5e9f76f558d413
{
  "exact_match_rate_all_queries": 1.0,
  "exact_match_rate_parsed_queries": 1.0,
  "exact_matches": 1,
  "ignored_count": 0,
  "legacy_compatible_match_rate": 1.0,
  "mean_element_accuracy_parsed_queries": 1.0,
  "parse_rate": 1.0,
  "parsed_count": 1,
  "query_count": 1
}
query_ids=02f0f09ee21daf27a56ae9d7f05b5a0ba561f878b7ee726c71f4f2a4436e2bb1
{
  "exact_match_rate_all_queries": 1.0,
  "exact_match_rate_parsed_queries": 1.0,
  "exact_matches": 1,
  "ignored_count": 0,
  "legacy_compatible_match_rate": 1.0,
  "mean_element_accuracy_parsed_queries": 1.0,
  "parse_rate": 1.0,
  "parsed_count": 1,
  "query_count": 1
}
query_ids=f9d5c477351dad825ec68086b1f56ea9d9a6dfce8f15b66ab65d165e8e1fd8f5
{
  "exact_match_rate_all_queries": 1.0,
  "exact_match_rate_parsed_queries": 1.0,
  "exact_matches": 1,
  "ignored_count": 0,
  "legacy_compatible_match_rate": 1.0,
  "mean_element_accuracy_parsed_queries": 1.0,
  "parse_rate": 1.0,
  "parsed_count": 1,
  "query_count": 1
}
query_ids=03a5b3eb64944a684d4a044f20ac8f1e6dc497c54effe42593bebb9ad4d283cd
{
  "exact_match_rate_all_queries": 1.0,
  "exact_match_rate_parsed_queries": 1.0,
  "exact_matches": 1,
  "ignored_count": 0,
  "legacy_compatible_match_rate": 1.0,
  "mean_element_accuracy_parsed_queries": 1.0,
  "parse_rate": 1.0,
  "parsed_count": 1,
  "query_count": 1
}
query_ids=587bb8ee506cc3c965e6b0c2a3b0a45cb1eddd5dc966ff71eda746d461407293
{
  "exact_match_rate_all_queries": 1.0,
  "exact_match_rate_parsed_queries": 1.0,
  "exact_matches": 1,
  "ignored_count": 0,
  "legacy_compatible_match_rate": 1.0,
  "mean_element_accuracy_parsed_queries": 1.0,
  "parse_rate": 1.0,
  "parsed_count": 1,
  "query_count": 1
}
query_ids=b08cf8b505a59a8c2ec176ce4f22ede9b662740a3a34d2eacafb4b616b847ce1
{
  "exact_match_rate_all_queries": 1.0,
  "exact_match_rate_parsed_queries": 1.0,
  "exact_matches": 1,
  "ignored_count": 0,
  "legacy_compatible_match_rate": 1.0,
  "mean_element_accuracy_parsed_queries": 1.0,
  "parse_rate": 1.0,
  "parsed_count": 1,
  "query_count": 1
}
query_ids=dd8760d04af5f4ffb7f11f98a82d5351c8e29f3c168b6634bfbbcc44c500dc94
{
  "exact_match_rate_all_queries": 1.0,
  "exact_match_rate_parsed_queries": 1.0,
  "exact_matches": 1,
  "ignored_count": 0,
  "legacy_compatible_match_rate": 1.0,
  "mean_element_accuracy_parsed_queries": 1.0,
  "parse_rate": 1.0,
  "parsed_count": 1,
  "query_count": 1
}
query_ids=c49612543452ac73e387b8f7dfdb9ad9fc1ad1ac612fca4c901e20bf52999e19
{
  "exact_match_rate_all_queries": 1.0,
  "exact_match_rate_parsed_queries": 1.0,
  "exact_matches": 1,
  "ignored_count": 0,
  "legacy_compatible_match_rate": 1.0,
  "mean_element_accuracy_parsed_queries": 1.0,
  "parse_rate": 1.0,
  "parsed_count": 1,
  "query_count": 1
}
query_ids=30d9cd656c19be90a703b8d3607becf3b807346b4b387128172cb12c244a7373
{
  "exact_match_rate_all_queries": 1.0,
  "exact_match_rate_parsed_queries": 1.0,
  "exact_matches": 1,
  "ignored_count": 0,
  "legacy_compatible_match_rate": 1.0,
  "mean_element_accuracy_parsed_queries": 1.0,
  "parse_rate": 1.0,
  "parsed_count": 1,
  "query_count": 1
}
query_ids=3a61474722baf53f8c1672a352b6bda7f7f56dabc55febba7dd7b340a1321bcc
{
  "exact_match_rate_all_queries": 1.0,
  "exact_match_rate_parsed_queries": 1.0,
  "exact_matches": 1,
  "ignored_count": 0,
  "legacy_compatible_match_rate": 1.0,
  "mean_element_accuracy_parsed_queries": 1.0,
  "parse_rate": 1.0,
  "parsed_count": 1,
  "query_count": 1
}
query_ids=a0d2a7a8878171c5830ce6f9e4e0655615da5f94cc1d3a0d73a88f2abedb6e85
{
  "exact_match_rate_all_queries": 1.0,
  "exact_match_rate_parsed_queries": 1.0,
  "exact_matches": 1,
  "ignored_count": 0,
  "legacy_compatible_match_rate": 1.0,
  "mean_element_accuracy_parsed_queries": 1.0,
  "parse_rate": 1.0,
  "parsed_count": 1,
  "query_count": 1
}
query_ids=a76fae33c1c2a96f243d357bd0d5c1400a5bcb26d4edd5f6ddfe53d13547a3bf
{
  "exact_match_rate_all_queries": 1.0,
  "exact_match_rate_parsed_queries": 1.0,
  "exact_matches": 1,
  "ignored_count": 0,
  "legacy_compatible_match_rate": 1.0,
  "mean_element_accuracy_parsed_queries": 1.0,
  "parse_rate": 1.0,
  "parsed_count": 1,
  "query_count": 1
}
query_ids=4dbd1bffd8d6ab4f763cc00bace8b46154cb5a559385ef28760b5e42004cccd8
{
  "exact_match_rate_all_queries": 1.0,
  "exact_match_rate_parsed_queries": 1.0,
  "exact_matches": 1,
  "ignored_count": 0,
  "legacy_compatible_match_rate": 1.0,
  "mean_element_accuracy_parsed_queries": 1.0,
  "parse_rate": 1.0,
  "parsed_count": 1,
  "query_count": 1
}
query_ids=6433cf5677ef7a008663465f59e2ec1e59f36867621f88eadd1861a4bda4418c
{
  "exact_match_rate_all_queries": 1.0,
  "exact_match_rate_parsed_queries": 1.0,
  "exact_matches": 1,
  "ignored_count": 0,
  "legacy_compatible_match_rate": 1.0,
  "mean_element_accuracy_parsed_queries": 1.0,
  "parse_rate": 1.0,
  "parsed_count": 1,
  "query_count": 1
}
query_ids=131235b3cf27d955e23eb359ba73340c9be01edab50ad4a16bfbb335cf7eca21
{
  "exact_match_rate_all_queries": 1.0,
  "exact_match_rate_parsed_queries": 1.0,
  "exact_matches": 1,
  "ignored_count": 0,
  "legacy_compatible_match_rate": 1.0,
  "mean_element_accuracy_parsed_queries": 1.0,
  "parse_rate": 1.0,
  "parsed_count": 1,
  "query_count": 1
}
query_ids=031efeff8e8ea12877cc1017132f10231b569c679eea894652cb98b45a7bc9ec
{
  "exact_match_rate_all_queries": 1.0,
  "exact_match_rate_parsed_queries": 1.0,
  "exact_matches": 1,
  "ignored_count": 0,
  "legacy_compatible_match_rate": 1.0,
  "mean_element_accuracy_parsed_queries": 1.0,
  "parse_rate": 1.0,
  "parsed_count": 1,
  "query_count": 1
}
query_ids=08117923d0e226a18872d85aeb76d9cd6f3c865e58189c67ff02645f6d341958
{
  "exact_match_rate_all_queries": 1.0,
  "exact_match_rate_parsed_queries": 1.0,
  "exact_matches": 1,
  "ignored_count": 0,
  "legacy_compatible_match_rate": 1.0,
  "mean_element_accuracy_parsed_queries": 1.0,
  "parse_rate": 1.0,
  "parsed_count": 1,
  "query_count": 1
}
query_ids=96a99c60b6c55afae8f69fe65a810f1181778ba659f9db310a7c05fec1fb1cda
{
  "exact_match_rate_all_queries": 1.0,
  "exact_match_rate_parsed_queries": 1.0,
  "exact_matches": 1,
  "ignored_count": 0,
  "legacy_compatible_match_rate": 1.0,
  "mean_element_accuracy_parsed_queries": 1.0,
  "parse_rate": 1.0,
  "parsed_count": 1,
  "query_count": 1
}
query_ids=10e86d55aa3cf39c113a48d9ccf57ad1b7bca32062f9866253c9b2f90c0fab86
{
  "exact_match_rate_all_queries": 1.0,
  "exact_match_rate_parsed_queries": 1.0,
  "exact_matches": 1,
  "ignored_count": 0,
  "legacy_compatible_match_rate": 1.0,
  "mean_element_accuracy_parsed_queries": 1.0,
  "parse_rate": 1.0,
  "parsed_count": 1,
  "query_count": 1
}
query_ids=99f5371d614f7341aeb34400d1d16f471edbe95e70c4bfd8201c39f7002f0d77
{
  "exact_match_rate_all_queries": 1.0,
  "exact_match_rate_parsed_queries": 1.0,
  "exact_matches": 1,
  "ignored_count": 0,
  "legacy_compatible_match_rate": 1.0,
  "mean_element_accuracy_parsed_queries": 1.0,
  "parse_rate": 1.0,
  "parsed_count": 1,
  "query_count": 1
}
query_ids=17c00b117214427fb8a6688d3329ca0ac7e2a4ff178693cdff4a80524c92e16b
{
  "exact_match_rate_all_queries": 1.0,
  "exact_match_rate_parsed_queries": 1.0,
  "exact_matches": 1,
  "ignored_count": 0,
  "legacy_compatible_match_rate": 1.0,
  "mean_element_accuracy_parsed_queries": 1.0,
  "parse_rate": 1.0,
  "parsed_count": 1,
  "query_count": 1
}
query_ids=8f7c5029bceb9893c13c042d22397518bc1e2ed280b0e868d4f7f7aebc40e150
{
  "exact_match_rate_all_queries": 1.0,
  "exact_match_rate_parsed_queries": 1.0,
  "exact_matches": 1,
  "ignored_count": 0,
  "legacy_compatible_match_rate": 1.0,
  "mean_element_accuracy_parsed_queries": 1.0,
  "parse_rate": 1.0,
  "parsed_count": 1,
  "query_count": 1
}
query_ids=f60884a92484f0f0f2f80223ddc3305df052b94222f91de63ec06b7c889adf44
{
  "exact_match_rate_all_queries": 1.0,
  "exact_match_rate_parsed_queries": 1.0,
  "exact_matches": 1,
  "ignored_count": 0,
  "legacy_compatible_match_rate": 1.0,
  "mean_element_accuracy_parsed_queries": 1.0,
  "parse_rate": 1.0,
  "parsed_count": 1,
  "query_count": 1
}
query_ids=f4aec8af87738d2ed8e2f4b8ac3019013bd2f6b44a4accf759ca44e3d4e82eb9
{
  "exact_match_rate_all_queries": 1.0,
  "exact_match_rate_parsed_queries": 1.0,
  "exact_matches": 1,
  "ignored_count": 0,
  "legacy_compatible_match_rate": 1.0,
  "mean_element_accuracy_parsed_queries": 1.0,
  "parse_rate": 1.0,
  "parsed_count": 1,
  "query_count": 1
}
query_ids=763f210825c11d2913fdac4c52a5eb2361d4d3975591cd880d3bb41a4231a645
{
  "exact_match_rate_all_queries": 1.0,
  "exact_match_rate_parsed_queries": 1.0,
  "exact_matches": 1,
  "ignored_count": 0,
  "legacy_compatible_match_rate": 1.0,
  "mean_element_accuracy_parsed_queries": 1.0,
  "parse_rate": 1.0,
  "parsed_count": 1,
  "query_count": 1
}
query_ids=bcca18ed772b0cde7a6bf0f84ab850abf376b4b21f89a0b622b4ae3e1ef97052
{
  "exact_match_rate_all_queries": 1.0,
  "exact_match_rate_parsed_queries": 1.0,
  "exact_matches": 1,
  "ignored_count": 0,
  "legacy_compatible_match_rate": 1.0,
  "mean_element_accuracy_parsed_queries": 1.0,
  "parse_rate": 1.0,
  "parsed_count": 1,
  "query_count": 1
}
query_ids=90c54505136b2c999eb014712c93f91a72c0a7b8f0e325788a72b978ad6719dc
{
  "exact_match_rate_all_queries": 1.0,
  "exact_match_rate_parsed_queries": 1.0,
  "exact_matches": 1,
  "ignored_count": 0,
  "legacy_compatible_match_rate": 1.0,
  "mean_element_accuracy_parsed_queries": 1.0,
  "parse_rate": 1.0,
  "parsed_count": 1,
  "query_count": 1
}
query_ids=0d496a8efc1bbb62148d8fb28d50b20b95e91474a91bc75220c07131fc2c795b
{
  "exact_match_rate_all_queries": 1.0,
  "exact_match_rate_parsed_queries": 1.0,
  "exact_matches": 1,
  "ignored_count": 0,
  "legacy_compatible_match_rate": 1.0,
  "mean_element_accuracy_parsed_queries": 1.0,
  "parse_rate": 1.0,
  "parsed_count": 1,
  "query_count": 1
}
query_ids=8f9aeb482d2601110dc35c60f73faa343b2ec62b076fc1bcf95ea58b252c72ef
{
  "exact_match_rate_all_queries": 1.0,
  "exact_match_rate_parsed_queries": 1.0,
  "exact_matches": 1,
  "ignored_count": 0,
  "legacy_compatible_match_rate": 1.0,
  "mean_element_accuracy_parsed_queries": 1.0,
  "parse_rate": 1.0,
  "parsed_count": 1,
  "query_count": 1
}
query_ids=e6a21d444bf0b122c9aa6becd23ba124e67d018f6f73dd6df02b7a12cf37af92
{
  "exact_match_rate_all_queries": 1.0,
  "exact_match_rate_parsed_queries": 1.0,
  "exact_matches": 1,
  "ignored_count": 0,
  "legacy_compatible_match_rate": 1.0,
  "mean_element_accuracy_parsed_queries": 1.0,
  "parse_rate": 1.0,
  "parsed_count": 1,
  "query_count": 1
}
query_ids=63df5cb8fc7771fd804371f696e769115ebc5cb66873696304cbd485020d68a9
{
  "exact_match_rate_all_queries": 1.0,
  "exact_match_rate_parsed_queries": 1.0,
  "exact_matches": 1,
  "ignored_count": 0,
  "legacy_compatible_match_rate": 1.0,
  "mean_element_accuracy_parsed_queries": 1.0,
  "parse_rate": 1.0,
  "parsed_count": 1,
  "query_count": 1
}
query_ids=2ce00f7330b22a07c2c364e243c59cea8444cb46c5e3cae982b41b3055da4fae
{
  "exact_match_rate_all_queries": 1.0,
  "exact_match_rate_parsed_queries": 1.0,
  "exact_matches": 1,
  "ignored_count": 0,
  "legacy_compatible_match_rate": 1.0,
  "mean_element_accuracy_parsed_queries": 1.0,
  "parse_rate": 1.0,
  "parsed_count": 1,
  "query_count": 1
}
query_ids=74def7e41903e8d2404ba283b956082fc71cede5fe971a4ef848f1bfda886a5f
{
  "exact_match_rate_all_queries": 1.0,
  "exact_match_rate_parsed_queries": 1.0,
  "exact_matches": 1,
  "ignored_count": 0,
  "legacy_compatible_match_rate": 1.0,
  "mean_element_accuracy_parsed_queries": 1.0,
  "parse_rate": 1.0,
  "parsed_count": 1,
  "query_count": 1
}
query_ids=069fcc2339b5416d15c16059a1c77e1944e3e871e00ecf1cfd6745898bef7eda
{
  "exact_match_rate_all_queries": 1.0,
  "exact_match_rate_parsed_queries": 1.0,
  "exact_matches": 1,
  "ignored_count": 0,
  "legacy_compatible_match_rate": 1.0,
  "mean_element_accuracy_parsed_queries": 1.0,
  "parse_rate": 1.0,
  "parsed_count": 1,
  "query_count": 1
}
query_ids=c07fbe2b6b78e20b23b047052735ae821c329b3cad647b97349434be069c5f40
{
  "exact_match_rate_all_queries": 1.0,
  "exact_match_rate_parsed_queries": 1.0,
  "exact_matches": 1,
  "ignored_count": 0,
  "legacy_compatible_match_rate": 1.0,
  "mean_element_accuracy_parsed_queries": 1.0,
  "parse_rate": 1.0,
  "parsed_count": 1,
  "query_count": 1
}
query_ids=521a095ecf354cbba833ae1abf092dd5ca6f7fb293b7c2b3022ed8e031095a8e
{
  "exact_match_rate_all_queries": 1.0,
  "exact_match_rate_parsed_queries": 1.0,
  "exact_matches": 1,
  "ignored_count": 0,
  "legacy_compatible_match_rate": 1.0,
  "mean_element_accuracy_parsed_queries": 1.0,
  "parse_rate": 1.0,
  "parsed_count": 1,
  "query_count": 1
}
query_ids=c97a01e09e721fab9464d54aeb5c59cd4731865865251dc9c7ae59f64d13a5e3
{
  "exact_match_rate_all_queries": 1.0,
  "exact_match_rate_parsed_queries": 1.0,
  "exact_matches": 1,
  "ignored_count": 0,
  "legacy_compatible_match_rate": 1.0,
  "mean_element_accuracy_parsed_queries": 1.0,
  "parse_rate": 1.0,
  "parsed_count": 1,
  "query_count": 1
}
query_ids=d877f7bf234f30386af2534cb404b8f25e138c91794747464db0b2f57749f9a4
{
  "exact_match_rate_all_queries": 1.0,
  "exact_match_rate_parsed_queries": 1.0,
  "exact_matches": 1,
  "ignored_count": 0,
  "legacy_compatible_match_rate": 1.0,
  "mean_element_accuracy_parsed_queries": 1.0,
  "parse_rate": 1.0,
  "parsed_count": 1,
  "query_count": 1
}
query_ids=3de8acb24ec4b0eeacce6ff5920f88fc87bc0b8177c0012e1b48dfcd0f804c6d
{
  "exact_match_rate_all_queries": 1.0,
  "exact_match_rate_parsed_queries": 1.0,
  "exact_matches": 1,
  "ignored_count": 0,
  "legacy_compatible_match_rate": 1.0,
  "mean_element_accuracy_parsed_queries": 1.0,
  "parse_rate": 1.0,
  "parsed_count": 1,
  "query_count": 1
}
query_ids=658c61815e220648c0e040d143038e9ac9a940ca54371fb98fd2665d12f49b0b
{
  "exact_match_rate_all_queries": 1.0,
  "exact_match_rate_parsed_queries": 1.0,
  "exact_matches": 1,
  "ignored_count": 0,
  "legacy_compatible_match_rate": 1.0,
  "mean_element_accuracy_parsed_queries": 1.0,
  "parse_rate": 1.0,
  "parsed_count": 1,
  "query_count": 1
}
query_ids=c571d93b047e8a21bbd42fa5143b780e3b63cbdfb503d08c427c32432f3c84d1
error: Backend failed after 1 attempts: Error code: 500 - {'error': {'message': 'The server had an error while processing your request. Sorry about that!', 'type': 'server_error', 'param': None, 'code': None}}
query_ids=132053048bfce311a231dc24f2da46f4d884cc3973648b27ef214ba9f058eeb9
error: Backend failed after 1 attempts: Error code: 500 - {'error': {'message': 'The server had an error while processing your request. Sorry about that!', 'type': 'server_error', 'param': None, 'code': None}}
query_ids=d61d4fa24983186bb48ad4c7c38e458284da91d75dc6891bd7b36a7f08d753b0
error: Backend failed after 1 attempts: Error code: 500 - {'error': {'message': 'The server had an error while processing your request. Sorry about that!', 'type': 'server_error', 'param': None, 'code': None}}
query_ids=2c18069fe948743211c5219f1c841dc4a12606c2a676052ca166c1cebffefeb0
error: Backend failed after 1 attempts: Error code: 500 - {'error': {'message': 'The server had an error while processing your request. Sorry about that!', 'type': 'server_error', 'param': None, 'code': None}}
query_ids=41f9cca3f5dd3b6509e21d432d3c1e14cc736f8202ba6ef542b5e560c2971cef
error: Backend failed after 1 attempts: Error code: 500 - {'error': {'message': 'The server had an error while processing your request. Sorry about that!', 'type': 'server_error', 'param': None, 'code': None}}
query_ids=420583cc1e36655f051801027ed5921b929df6c2935c3b60e628626044dbba73
{
  "exact_match_rate_all_queries": 1.0,
  "exact_match_rate_parsed_queries": 1.0,
  "exact_matches": 1,
  "ignored_count": 0,
  "legacy_compatible_match_rate": 1.0,
  "mean_element_accuracy_parsed_queries": 1.0,
  "parse_rate": 1.0,
  "parsed_count": 1,
  "query_count": 1
}
query_ids=7bfe400c7a0479cb08357e6a0678fc0502086e5cb9336fdf1b48075c81dcff93
{
  "exact_match_rate_all_queries": 1.0,
  "exact_match_rate_parsed_queries": 1.0,
  "exact_matches": 1,
  "ignored_count": 0,
  "legacy_compatible_match_rate": 1.0,
  "mean_element_accuracy_parsed_queries": 1.0,
  "parse_rate": 1.0,
  "parsed_count": 1,
  "query_count": 1
}
query_ids=4499c377516544b170cb81488ee069b62a4e68332296555cf6bf311af3fd3bb0
{
  "exact_match_rate_all_queries": 1.0,
  "exact_match_rate_parsed_queries": 1.0,
  "exact_matches": 1,
  "ignored_count": 0,
  "legacy_compatible_match_rate": 1.0,
  "mean_element_accuracy_parsed_queries": 1.0,
  "parse_rate": 1.0,
  "parsed_count": 1,
  "query_count": 1
}
query_ids=490c2fcacbd470ed1ec29313f9a1230072dd49cb6362afc393e8043f037e4ff1
{
  "exact_match_rate_all_queries": 1.0,
  "exact_match_rate_parsed_queries": 1.0,
  "exact_matches": 1,
  "ignored_count": 0,
  "legacy_compatible_match_rate": 1.0,
  "mean_element_accuracy_parsed_queries": 1.0,
  "parse_rate": 1.0,
  "parsed_count": 1,
  "query_count": 1
}
query_ids=b6b857b12a1104b9deba0dcb8c9652cdda47325da635a38e6a53ec2e90f793c4
{
  "exact_match_rate_all_queries": 1.0,
  "exact_match_rate_parsed_queries": 1.0,
  "exact_matches": 1,
  "ignored_count": 0,
  "legacy_compatible_match_rate": 1.0,
  "mean_element_accuracy_parsed_queries": 1.0,
  "parse_rate": 1.0,
  "parsed_count": 1,
  "query_count": 1
}
query_ids=c9af0cb094f8cfc367b8d4893eb6925ffa91e69bac3cfd310d8660111cdc7edd
{
  "exact_match_rate_all_queries": 1.0,
  "exact_match_rate_parsed_queries": 1.0,
  "exact_matches": 1,
  "ignored_count": 0,
  "legacy_compatible_match_rate": 1.0,
  "mean_element_accuracy_parsed_queries": 1.0,
  "parse_rate": 1.0,
  "parsed_count": 1,
  "query_count": 1
}
query_ids=c81919a2602a85f2045a5709c36e717e68030716e06a33ffa2c3a243d11575b7
{
  "exact_match_rate_all_queries": 1.0,
  "exact_match_rate_parsed_queries": 1.0,
  "exact_matches": 1,
  "ignored_count": 0,
  "legacy_compatible_match_rate": 1.0,
  "mean_element_accuracy_parsed_queries": 1.0,
  "parse_rate": 1.0,
  "parsed_count": 1,
  "query_count": 1
}
query_ids=4065987a467e6e38991a8ba878e5cb556c31d175800886629b01c989f27d67f8
{
  "exact_match_rate_all_queries": 0.0,
  "exact_match_rate_parsed_queries": null,
  "exact_matches": 0,
  "ignored_count": 1,
  "legacy_compatible_match_rate": 0.0,
  "mean_element_accuracy_parsed_queries": null,
  "parse_rate": 0.0,
  "parsed_count": 0,
  "query_count": 1
}
query_ids=259dcc39714c6a0439de15e236b5933577aaa48a414e62a6404c6cb571b863cd
{
  "exact_match_rate_all_queries": 0.0,
  "exact_match_rate_parsed_queries": null,
  "exact_matches": 0,
  "ignored_count": 1,
  "legacy_compatible_match_rate": 0.0,
  "mean_element_accuracy_parsed_queries": null,
  "parse_rate": 0.0,
  "parsed_count": 0,
  "query_count": 1
}
query_ids=1cc1212cf3f5855490bb4a85db8bee1c16f1b9d9271412517d6f94cf18154c2e
{
  "exact_match_rate_all_queries": 0.0,
  "exact_match_rate_parsed_queries": null,
  "exact_matches": 0,
  "ignored_count": 1,
  "legacy_compatible_match_rate": 0.0,
  "mean_element_accuracy_parsed_queries": null,
  "parse_rate": 0.0,
  "parsed_count": 0,
  "query_count": 1
}
query_ids=88beb4885c8859fe93e6820a30920c5d03fdd121fa349c43dfe8a452613ef213
{
  "exact_match_rate_all_queries": 0.0,
  "exact_match_rate_parsed_queries": null,
  "exact_matches": 0,
  "ignored_count": 1,
  "legacy_compatible_match_rate": 0.0,
  "mean_element_accuracy_parsed_queries": null,
  "parse_rate": 0.0,
  "parsed_count": 0,
  "query_count": 1
}
query_ids=ff118478432cc24b8fab553bc782639bd6c29a1e05f4000b526a5d5e6e9dad64
{
  "exact_match_rate_all_queries": 0.0,
  "exact_match_rate_parsed_queries": null,
  "exact_matches": 0,
  "ignored_count": 1,
  "legacy_compatible_match_rate": 0.0,
  "mean_element_accuracy_parsed_queries": null,
  "parse_rate": 0.0,
  "parsed_count": 0,
  "query_count": 1
}
query_ids=52f881316f2fd8e53da0eb00e35d706041ccfbad56f162302eda22f7fa951700
{
  "exact_match_rate_all_queries": 0.0,
  "exact_match_rate_parsed_queries": null,
  "exact_matches": 0,
  "ignored_count": 1,
  "legacy_compatible_match_rate": 0.0,
  "mean_element_accuracy_parsed_queries": null,
  "parse_rate": 0.0,
  "parsed_count": 0,
  "query_count": 1
}
query_ids=c3819ef3396ee516b43cdfeeefe20493b2ebf80eb407430c0f12c6eea8f55441
{
  "exact_match_rate_all_queries": 0.0,
  "exact_match_rate_parsed_queries": null,
  "exact_matches": 0,
  "ignored_count": 1,
  "legacy_compatible_match_rate": 0.0,
  "mean_element_accuracy_parsed_queries": null,
  "parse_rate": 0.0,
  "parsed_count": 0,
  "query_count": 1
}
query_ids=816958f9206fed81faa90b6103de1994fbe5dde4d7e3026cc43902b408d0ef2e
{
  "exact_match_rate_all_queries": 0.0,
  "exact_match_rate_parsed_queries": null,
  "exact_matches": 0,
  "ignored_count": 1,
  "legacy_compatible_match_rate": 0.0,
  "mean_element_accuracy_parsed_queries": null,
  "parse_rate": 0.0,
  "parsed_count": 0,
  "query_count": 1
}
query_ids=21e3a0234c33a054a87fe77942eee72bcca269eef0fdbae86b84e20d7736594e
{
  "exact_match_rate_all_queries": 0.0,
  "exact_match_rate_parsed_queries": null,
  "exact_matches": 0,
  "ignored_count": 1,
  "legacy_compatible_match_rate": 0.0,
  "mean_element_accuracy_parsed_queries": null,
  "parse_rate": 0.0,
  "parsed_count": 0,
  "query_count": 1
}
query_ids=8fba3d6e8843e5488f0088a77b33d1005d8b5f28792439b1a79b3ddd42525a79
{
  "exact_match_rate_all_queries": 0.0,
  "exact_match_rate_parsed_queries": null,
  "exact_matches": 0,
  "ignored_count": 1,
  "legacy_compatible_match_rate": 0.0,
  "mean_element_accuracy_parsed_queries": null,
  "parse_rate": 0.0,
  "parsed_count": 0,
  "query_count": 1
}
query_ids=12d70cf3ed8243cecb52c7057ce5112c1c88bf38f7b990172793a751380a9e0f
{
  "exact_match_rate_all_queries": 0.0,
  "exact_match_rate_parsed_queries": null,
  "exact_matches": 0,
  "ignored_count": 1,
  "legacy_compatible_match_rate": 0.0,
  "mean_element_accuracy_parsed_queries": null,
  "parse_rate": 0.0,
  "parsed_count": 0,
  "query_count": 1
}
query_ids=387c1a27cee121fc7e60e9e23225e1de14f882cf89db796771974e44f768e0d5
{
  "exact_match_rate_all_queries": 0.0,
  "exact_match_rate_parsed_queries": null,
  "exact_matches": 0,
  "ignored_count": 1,
  "legacy_compatible_match_rate": 0.0,
  "mean_element_accuracy_parsed_queries": null,
  "parse_rate": 0.0,
  "parsed_count": 0,
  "query_count": 1
}
query_ids=f7d8001523da77e2e8d0700282d1edd8e704a1324ae2566467f90d334bb2c0b9
{
  "exact_match_rate_all_queries": 0.0,
  "exact_match_rate_parsed_queries": null,
  "exact_matches": 0,
  "ignored_count": 1,
  "legacy_compatible_match_rate": 0.0,
  "mean_element_accuracy_parsed_queries": null,
  "parse_rate": 0.0,
  "parsed_count": 0,
  "query_count": 1
}
query_ids=b66dad0d31ba893710ba19f0fb47ead95d3c94aa36baa878d25d1707e87a4f12
{
  "exact_match_rate_all_queries": 0.0,
  "exact_match_rate_parsed_queries": null,
  "exact_matches": 0,
  "ignored_count": 1,
  "legacy_compatible_match_rate": 0.0,
  "mean_element_accuracy_parsed_queries": null,
  "parse_rate": 0.0,
  "parsed_count": 0,
  "query_count": 1
}
query_ids=a5d19c47040b2404ef6ad51f0867df099697ded1bee788464de0d426b7a46f9d
{
  "exact_match_rate_all_queries": 0.0,
  "exact_match_rate_parsed_queries": null,
  "exact_matches": 0,
  "ignored_count": 1,
  "legacy_compatible_match_rate": 0.0,
  "mean_element_accuracy_parsed_queries": null,
  "parse_rate": 0.0,
  "parsed_count": 0,
  "query_count": 1
}
query_ids=0df18a493e95c31d83b0a1b20349710bf2d200a13d97f0aa1e258a17c9926985
{
  "exact_match_rate_all_queries": 0.0,
  "exact_match_rate_parsed_queries": 0.0,
  "exact_matches": 0,
  "ignored_count": 0,
  "legacy_compatible_match_rate": 0.0,
  "mean_element_accuracy_parsed_queries": 0.0,
  "parse_rate": 1.0,
  "parsed_count": 1,
  "query_count": 1
}
query_ids=4b169435a71bf02d605a3530f6e17b9f908614db0d5f81e6a0a6a135b532a4cc
{
  "exact_match_rate_all_queries": 0.0,
  "exact_match_rate_parsed_queries": null,
  "exact_matches": 0,
  "ignored_count": 1,
  "legacy_compatible_match_rate": 0.0,
  "mean_element_accuracy_parsed_queries": null,
  "parse_rate": 0.0,
  "parsed_count": 0,
  "query_count": 1
}
query_ids=e2cc9c473d776cb477b3fe926455cbaa36ee7e14177dfa42339ddba9ac0d8c80
{
  "exact_match_rate_all_queries": 0.0,
  "exact_match_rate_parsed_queries": null,
  "exact_matches": 0,
  "ignored_count": 1,
  "legacy_compatible_match_rate": 0.0,
  "mean_element_accuracy_parsed_queries": null,
  "parse_rate": 0.0,
  "parsed_count": 0,
  "query_count": 1
}
query_ids=3a7caa1e8c8a2296087081fe62dd0e500a65fdc0c9315b425333addd8e42cbdd
{
  "exact_match_rate_all_queries": 0.0,
  "exact_match_rate_parsed_queries": null,
  "exact_matches": 0,
  "ignored_count": 1,
  "legacy_compatible_match_rate": 0.0,
  "mean_element_accuracy_parsed_queries": null,
  "parse_rate": 0.0,
  "parsed_count": 0,
  "query_count": 1
}
query_ids=f7b50db021a3ded38d577245fd0e4dfe0c898ab5a9ffcaf6066ecfec84908ab7
{
  "exact_match_rate_all_queries": 0.0,
  "exact_match_rate_parsed_queries": null,
  "exact_matches": 0,
  "ignored_count": 1,
  "legacy_compatible_match_rate": 0.0,
  "mean_element_accuracy_parsed_queries": null,
  "parse_rate": 0.0,
  "parsed_count": 0,
  "query_count": 1
}
query_ids=82a2295925559f2747f24f7aa4adc3cee82a6964307ca70ce1e1338c97938825
{
  "exact_match_rate_all_queries": 0.0,
  "exact_match_rate_parsed_queries": null,
  "exact_matches": 0,
  "ignored_count": 1,
  "legacy_compatible_match_rate": 0.0,
  "mean_element_accuracy_parsed_queries": null,
  "parse_rate": 0.0,
  "parsed_count": 0,
  "query_count": 1
}
query_ids=fc6ff9ca7a1bfcfcb4f3f56509f25f24d8d260736b770fc360fc9bbfe752b2d4
{
  "exact_match_rate_all_queries": 0.0,
  "exact_match_rate_parsed_queries": null,
  "exact_matches": 0,
  "ignored_count": 1,
  "legacy_compatible_match_rate": 0.0,
  "mean_element_accuracy_parsed_queries": null,
  "parse_rate": 0.0,
  "parsed_count": 0,
  "query_count": 1
}
query_ids=83add4e1aba4a520bb4562c05b6b4895b73e65621a99d50117e344da61d096c9
{
  "exact_match_rate_all_queries": 0.0,
  "exact_match_rate_parsed_queries": null,
  "exact_matches": 0,
  "ignored_count": 1,
  "legacy_compatible_match_rate": 0.0,
  "mean_element_accuracy_parsed_queries": null,
  "parse_rate": 0.0,
  "parsed_count": 0,
  "query_count": 1
}
query_ids=6c9fa38943fd44863273baccbd2434cbbc23d285d65b4985f962daee745cc2cc
{
  "exact_match_rate_all_queries": 0.0,
  "exact_match_rate_parsed_queries": null,
  "exact_matches": 0,
  "ignored_count": 1,
  "legacy_compatible_match_rate": 0.0,
  "mean_element_accuracy_parsed_queries": null,
  "parse_rate": 0.0,
  "parsed_count": 0,
  "query_count": 1
}
query_ids=d042fcbd50e71b9466f2b24ca81f8d7bfdf094499d318ecc0318c60bdf901109
{
  "exact_match_rate_all_queries": 0.0,
  "exact_match_rate_parsed_queries": null,
  "exact_matches": 0,
  "ignored_count": 1,
  "legacy_compatible_match_rate": 0.0,
  "mean_element_accuracy_parsed_queries": null,
  "parse_rate": 0.0,
  "parsed_count": 0,
  "query_count": 1
}
query_ids=6b6a5f2bedfe8d5e7a14bc9f431d398ad2e67d695a8bed89f2db622a765e0a60
{
  "exact_match_rate_all_queries": 0.0,
  "exact_match_rate_parsed_queries": null,
  "exact_matches": 0,
  "ignored_count": 1,
  "legacy_compatible_match_rate": 0.0,
  "mean_element_accuracy_parsed_queries": null,
  "parse_rate": 0.0,
  "parsed_count": 0,
  "query_count": 1
}
query_ids=77ab4fe1e9383e7a46872a2e1dd54fa66713073ede141472a5de4cf9c068eeec
{
  "exact_match_rate_all_queries": 0.0,
  "exact_match_rate_parsed_queries": null,
  "exact_matches": 0,
  "ignored_count": 1,
  "legacy_compatible_match_rate": 0.0,
  "mean_element_accuracy_parsed_queries": null,
  "parse_rate": 0.0,
  "parsed_count": 0,
  "query_count": 1
}
query_ids=fc2b8d749add0ec0b3b2378d548808e9c3326860a5cf4a5897b6778cf965a9ae
{
  "exact_match_rate_all_queries": 0.0,
  "exact_match_rate_parsed_queries": null,
  "exact_matches": 0,
  "ignored_count": 1,
  "legacy_compatible_match_rate": 0.0,
  "mean_element_accuracy_parsed_queries": null,
  "parse_rate": 0.0,
  "parsed_count": 0,
  "query_count": 1
}
query_ids=838c2c14271f3daa9416e32db7c695ac3a155787490fd0464d8f1e3c19cb9927
{
  "exact_match_rate_all_queries": 0.0,
  "exact_match_rate_parsed_queries": null,
  "exact_matches": 0,
  "ignored_count": 1,
  "legacy_compatible_match_rate": 0.0,
  "mean_element_accuracy_parsed_queries": null,
  "parse_rate": 0.0,
  "parsed_count": 0,
  "query_count": 1
}
query_ids=e06f8d0fe33fe4e21c580b554770b55da955c82c840ea3bc71b612eb3437394e
{
  "exact_match_rate_all_queries": 0.0,
  "exact_match_rate_parsed_queries": null,
  "exact_matches": 0,
  "ignored_count": 1,
  "legacy_compatible_match_rate": 0.0,
  "mean_element_accuracy_parsed_queries": null,
  "parse_rate": 0.0,
  "parsed_count": 0,
  "query_count": 1
}
query_ids=7e68638d7ae63da59effeb0f80559d2cbe97e1d700c6fb315ae6c1056e5f329c
{
  "exact_match_rate_all_queries": 0.0,
  "exact_match_rate_parsed_queries": null,
  "exact_matches": 0,
  "ignored_count": 1,
  "legacy_compatible_match_rate": 0.0,
  "mean_element_accuracy_parsed_queries": null,
  "parse_rate": 0.0,
  "parsed_count": 0,
  "query_count": 1
}
query_ids=c1bafa888cd5e894257bb65b2331a5db28c7982fc2a81f7b6846b8c0667c6be4
{
  "exact_match_rate_all_queries": 0.0,
  "exact_match_rate_parsed_queries": null,
  "exact_matches": 0,
  "ignored_count": 1,
  "legacy_compatible_match_rate": 0.0,
  "mean_element_accuracy_parsed_queries": null,
  "parse_rate": 0.0,
  "parsed_count": 0,
  "query_count": 1
}
query_ids=e2c557db3c257d51cb9ab7e094bcf4856b6bf7b483e4cf3370d90f0bd1dbac20
{
  "exact_match_rate_all_queries": 0.0,
  "exact_match_rate_parsed_queries": null,
  "exact_matches": 0,
  "ignored_count": 1,
  "legacy_compatible_match_rate": 0.0,
  "mean_element_accuracy_parsed_queries": null,
  "parse_rate": 0.0,
  "parsed_count": 0,
  "query_count": 1
}
query_ids=ac4f37acce78941ad886f8e9ca506bfd37e7fb7d9d55ca2a9fed619bfb5c10e9
{
  "exact_match_rate_all_queries": 0.0,
  "exact_match_rate_parsed_queries": null,
  "exact_matches": 0,
  "ignored_count": 1,
  "legacy_compatible_match_rate": 0.0,
  "mean_element_accuracy_parsed_queries": null,
  "parse_rate": 0.0,
  "parsed_count": 0,
  "query_count": 1
}
query_ids=cd8a9bb27bc76e1664109eed13da578a2a48432f126b89af7acea094efc1f3e9
{
  "exact_match_rate_all_queries": 0.0,
  "exact_match_rate_parsed_queries": null,
  "exact_matches": 0,
  "ignored_count": 1,
  "legacy_compatible_match_rate": 0.0,
  "mean_element_accuracy_parsed_queries": null,
  "parse_rate": 0.0,
  "parsed_count": 0,
  "query_count": 1
}
query_ids=221fc08bb9336cb2e53c822ee520f2e9059e0fdea0bbf5fa84173b66ab7b5e9c
{
  "exact_match_rate_all_queries": 0.0,
  "exact_match_rate_parsed_queries": null,
  "exact_matches": 0,
  "ignored_count": 1,
  "legacy_compatible_match_rate": 0.0,
  "mean_element_accuracy_parsed_queries": null,
  "parse_rate": 0.0,
  "parsed_count": 0,
  "query_count": 1
}
query_ids=e1147a5481dc30708613a445fa824b3273321d74174754b69382f88518e1458c
{
  "exact_match_rate_all_queries": 0.0,
  "exact_match_rate_parsed_queries": null,
  "exact_matches": 0,
  "ignored_count": 1,
  "legacy_compatible_match_rate": 0.0,
  "mean_element_accuracy_parsed_queries": null,
  "parse_rate": 0.0,
  "parsed_count": 0,
  "query_count": 1
}
query_ids=ed86f2fc389f62db524305bca773e237525341d06d54db32e67d462b5d744108
{
  "exact_match_rate_all_queries": 0.0,
  "exact_match_rate_parsed_queries": null,
  "exact_matches": 0,
  "ignored_count": 1,
  "legacy_compatible_match_rate": 0.0,
  "mean_element_accuracy_parsed_queries": null,
  "parse_rate": 0.0,
  "parsed_count": 0,
  "query_count": 1
}
query_ids=0a1faeb362ea5c9f708f252ec7386cf19ef5c36ef76bedce989ae390474a3286
{
  "exact_match_rate_all_queries": 0.0,
  "exact_match_rate_parsed_queries": 0.0,
  "exact_matches": 0,
  "ignored_count": 0,
  "legacy_compatible_match_rate": 0.0,
  "mean_element_accuracy_parsed_queries": 0.0,
  "parse_rate": 1.0,
  "parsed_count": 1,
  "query_count": 1
}
query_ids=aa028008e0412484e8f698b1db2e7f0b953f4dd5aa104c7860d9c0ebf0d48cf0
{
  "exact_match_rate_all_queries": 0.0,
  "exact_match_rate_parsed_queries": null,
  "exact_matches": 0,
  "ignored_count": 1,
  "legacy_compatible_match_rate": 0.0,
  "mean_element_accuracy_parsed_queries": null,
  "parse_rate": 0.0,
  "parsed_count": 0,
  "query_count": 1
}
query_ids=5eb68a83323f51addd36a0e8491a668022826a2e43db8b02acfc80a4b1e45ade
{
  "exact_match_rate_all_queries": 1.0,
  "exact_match_rate_parsed_queries": 1.0,
  "exact_matches": 1,
  "ignored_count": 0,
  "legacy_compatible_match_rate": 1.0,
  "mean_element_accuracy_parsed_queries": 1.0,
  "parse_rate": 1.0,
  "parsed_count": 1,
  "query_count": 1
}
query_ids=d89c03fa1107bb20998b6a3e3b1dbbe015da0be55a922b3e53845c34becc2e4b
{
  "exact_match_rate_all_queries": 0.0,
  "exact_match_rate_parsed_queries": 0.0,
  "exact_matches": 0,
  "ignored_count": 0,
  "legacy_compatible_match_rate": 0.0,
  "mean_element_accuracy_parsed_queries": 0.6666666666666666,
  "parse_rate": 1.0,
  "parsed_count": 1,
  "query_count": 1
}
query_ids=e58f6b2099f3d600f6ab1d5bf9476f00f19d9be0f7b6ca1027bac13fbeff9b70
{
  "exact_match_rate_all_queries": 1.0,
  "exact_match_rate_parsed_queries": 1.0,
  "exact_matches": 1,
  "ignored_count": 0,
  "legacy_compatible_match_rate": 1.0,
  "mean_element_accuracy_parsed_queries": 1.0,
  "parse_rate": 1.0,
  "parsed_count": 1,
  "query_count": 1
}
query_ids=9d7265e5a9c5397fd2712ade2a77771eae288d86da2f80f326ea54a908138034
{
  "exact_match_rate_all_queries": 1.0,
  "exact_match_rate_parsed_queries": 1.0,
  "exact_matches": 1,
  "ignored_count": 0,
  "legacy_compatible_match_rate": 1.0,
  "mean_element_accuracy_parsed_queries": 1.0,
  "parse_rate": 1.0,
  "parsed_count": 1,
  "query_count": 1
}
query_ids=7df8c7ef1c2d60f601df3b10f4f8e6b80d47253718cbad1dfa87071a99a5a72f
{
  "exact_match_rate_all_queries": 1.0,
  "exact_match_rate_parsed_queries": 1.0,
  "exact_matches": 1,
  "ignored_count": 0,
  "legacy_compatible_match_rate": 1.0,
  "mean_element_accuracy_parsed_queries": 1.0,
  "parse_rate": 1.0,
  "parsed_count": 1,
  "query_count": 1
}
query_ids=b245193615fb79cfde7f8a3fd7a7b5379d280c2d7ed63c2c36866fe800eecf6f
{
  "exact_match_rate_all_queries": 1.0,
  "exact_match_rate_parsed_queries": 1.0,
  "exact_matches": 1,
  "ignored_count": 0,
  "legacy_compatible_match_rate": 1.0,
  "mean_element_accuracy_parsed_queries": 1.0,
  "parse_rate": 1.0,
  "parsed_count": 1,
  "query_count": 1
}
query_ids=cc6604c15572cae865112c083879e6aa7064eeb0cd9cb124889a51e88f4e2abb
error: Backend failed after 1 attempts: Request timed out.
query_ids=be6e4ebae9237256801051029ccff1650697d6192f780fc454ebcdd7bcdc301f
{
  "exact_match_rate_all_queries": 1.0,
  "exact_match_rate_parsed_queries": 1.0,
  "exact_matches": 1,
  "ignored_count": 0,
  "legacy_compatible_match_rate": 1.0,
  "mean_element_accuracy_parsed_queries": 1.0,
  "parse_rate": 1.0,
  "parsed_count": 1,
  "query_count": 1
}
query_ids=fe5d49d90717eeefe5d9debeaf05eb48d6f241c575b7bff9c3dc7f756df0e077
{
  "exact_match_rate_all_queries": 1.0,
  "exact_match_rate_parsed_queries": 1.0,
  "exact_matches": 1,
  "ignored_count": 0,
  "legacy_compatible_match_rate": 1.0,
  "mean_element_accuracy_parsed_queries": 1.0,
  "parse_rate": 1.0,
  "parsed_count": 1,
  "query_count": 1
}
query_ids=a85669c7d21e88dec7c246ba779b9a5e41876b17f6f286151af11274110ff764
{
  "exact_match_rate_all_queries": 1.0,
  "exact_match_rate_parsed_queries": 1.0,
  "exact_matches": 1,
  "ignored_count": 0,
  "legacy_compatible_match_rate": 1.0,
  "mean_element_accuracy_parsed_queries": 1.0,
  "parse_rate": 1.0,
  "parsed_count": 1,
  "query_count": 1
}
query_ids=931889ea9a5011ce0786f82dac719c947b16f09fc0d165831cb46146c0016b9d
{
  "exact_match_rate_all_queries": 1.0,
  "exact_match_rate_parsed_queries": 1.0,
  "exact_matches": 1,
  "ignored_count": 0,
  "legacy_compatible_match_rate": 1.0,
  "mean_element_accuracy_parsed_queries": 1.0,
  "parse_rate": 1.0,
  "parsed_count": 1,
  "query_count": 1
}
query_ids=5b7513a7688b5b8900ab02a77a9dfccfeb5c0bd178b43a9fc7e2220311c0e690
{
  "exact_match_rate_all_queries": 1.0,
  "exact_match_rate_parsed_queries": 1.0,
  "exact_matches": 1,
  "ignored_count": 0,
  "legacy_compatible_match_rate": 1.0,
  "mean_element_accuracy_parsed_queries": 1.0,
  "parse_rate": 1.0,
  "parsed_count": 1,
  "query_count": 1
}
query_ids=fc8ac29ae89e57a38cb15cb46602b1ddc6b92457e074e0e563104dfce25ed464
{
  "exact_match_rate_all_queries": 1.0,
  "exact_match_rate_parsed_queries": 1.0,
  "exact_matches": 1,
  "ignored_count": 0,
  "legacy_compatible_match_rate": 1.0,
  "mean_element_accuracy_parsed_queries": 1.0,
  "parse_rate": 1.0,
  "parsed_count": 1,
  "query_count": 1
}
query_ids=5904d8677c1544863fc955bd8f5d40aca0d63d005734b16dfd7ab5a619c6bbd5
{
  "exact_match_rate_all_queries": 1.0,
  "exact_match_rate_parsed_queries": 1.0,
  "exact_matches": 1,
  "ignored_count": 0,
  "legacy_compatible_match_rate": 1.0,
  "mean_element_accuracy_parsed_queries": 1.0,
  "parse_rate": 1.0,
  "parsed_count": 1,
  "query_count": 1
}
query_ids=bbc93fae16adf5e276f774884f5f873480f29bfa963b35fb41abbefa56dc1db1
{
  "exact_match_rate_all_queries": 1.0,
  "exact_match_rate_parsed_queries": 1.0,
  "exact_matches": 1,
  "ignored_count": 0,
  "legacy_compatible_match_rate": 1.0,
  "mean_element_accuracy_parsed_queries": 1.0,
  "parse_rate": 1.0,
  "parsed_count": 1,
  "query_count": 1
}
query_ids=2661160de650f6d06a32615b88639443fe77c600b88269304ffdb2b872a1f4c6
{
  "exact_match_rate_all_queries": 1.0,
  "exact_match_rate_parsed_queries": 1.0,
  "exact_matches": 1,
  "ignored_count": 0,
  "legacy_compatible_match_rate": 1.0,
  "mean_element_accuracy_parsed_queries": 1.0,
  "parse_rate": 1.0,
  "parsed_count": 1,
  "query_count": 1
}
query_ids=2cf63602b446fc82f9a431e2f8af6b52955f9d5b2b75ab739a121a7da798f0d5
{
  "exact_match_rate_all_queries": 1.0,
  "exact_match_rate_parsed_queries": 1.0,
  "exact_matches": 1,
  "ignored_count": 0,
  "legacy_compatible_match_rate": 1.0,
  "mean_element_accuracy_parsed_queries": 1.0,
  "parse_rate": 1.0,
  "parsed_count": 1,
  "query_count": 1
}
query_ids=fb679da39278b26ad2952b0d5509d1909a3628fea24ca393d1a191fe243dd69d
{
  "exact_match_rate_all_queries": 1.0,
  "exact_match_rate_parsed_queries": 1.0,
  "exact_matches": 1,
  "ignored_count": 0,
  "legacy_compatible_match_rate": 1.0,
  "mean_element_accuracy_parsed_queries": 1.0,
  "parse_rate": 1.0,
  "parsed_count": 1,
  "query_count": 1
}
query_ids=6c81afca0b41af825f11bd368ed833a9898daee2fd4fca5ac27bf1e53dcd53ba
{
  "exact_match_rate_all_queries": 1.0,
  "exact_match_rate_parsed_queries": 1.0,
  "exact_matches": 1,
  "ignored_count": 0,
  "legacy_compatible_match_rate": 1.0,
  "mean_element_accuracy_parsed_queries": 1.0,
  "parse_rate": 1.0,
  "parsed_count": 1,
  "query_count": 1
}
query_ids=6969e84ee5d820fd1e80347776a8461a87a325e357db7bd94070c408022cc48e
{
  "exact_match_rate_all_queries": 1.0,
  "exact_match_rate_parsed_queries": 1.0,
  "exact_matches": 1,
  "ignored_count": 0,
  "legacy_compatible_match_rate": 1.0,
  "mean_element_accuracy_parsed_queries": 1.0,
  "parse_rate": 1.0,
  "parsed_count": 1,
  "query_count": 1
}
query_ids=19b64e182fb71c4771bc1248628780e4e33e53671d94bed40bf1583a9d194014
{
  "exact_match_rate_all_queries": 0.0,
  "exact_match_rate_parsed_queries": 0.0,
  "exact_matches": 0,
  "ignored_count": 0,
  "legacy_compatible_match_rate": 0.0,
  "mean_element_accuracy_parsed_queries": 0.6666666666666666,
  "parse_rate": 1.0,
  "parsed_count": 1,
  "query_count": 1
}
query_ids=a4de098c08c148a7dcff5602f0a9544fdf175780bc1b227cdf92524023660dc5
{
  "exact_match_rate_all_queries": 1.0,
  "exact_match_rate_parsed_queries": 1.0,
  "exact_matches": 1,
  "ignored_count": 0,
  "legacy_compatible_match_rate": 1.0,
  "mean_element_accuracy_parsed_queries": 1.0,
  "parse_rate": 1.0,
  "parsed_count": 1,
  "query_count": 1
}
query_ids=4eb77e2bbc1af7ea19c700d43361f5176eef79fd1c68728fd24e2cde0c25e981
{
  "exact_match_rate_all_queries": 1.0,
  "exact_match_rate_parsed_queries": 1.0,
  "exact_matches": 1,
  "ignored_count": 0,
  "legacy_compatible_match_rate": 1.0,
  "mean_element_accuracy_parsed_queries": 1.0,
  "parse_rate": 1.0,
  "parsed_count": 1,
  "query_count": 1
}
query_ids=cff304256ce9dbcfb566b3ceb33d3546926d0bfa6645bb58ccaa7aed1ff99a33
{
  "exact_match_rate_all_queries": 1.0,
  "exact_match_rate_parsed_queries": 1.0,
  "exact_matches": 1,
  "ignored_count": 0,
  "legacy_compatible_match_rate": 1.0,
  "mean_element_accuracy_parsed_queries": 1.0,
  "parse_rate": 1.0,
  "parsed_count": 1,
  "query_count": 1
}
query_ids=40f50a98cf27f5f1fc7b6484a879edb880b211edb775d0e5306716bcbe0aa15e
{
  "exact_match_rate_all_queries": 1.0,
  "exact_match_rate_parsed_queries": 1.0,
  "exact_matches": 1,
  "ignored_count": 0,
  "legacy_compatible_match_rate": 1.0,
  "mean_element_accuracy_parsed_queries": 1.0,
  "parse_rate": 1.0,
  "parsed_count": 1,
  "query_count": 1
}
query_ids=581b6e8922ce582ad0273fbc82d670a6a0e1fb2a74e8da082840b421cd3fdc6a
{
  "exact_match_rate_all_queries": 1.0,
  "exact_match_rate_parsed_queries": 1.0,
  "exact_matches": 1,
  "ignored_count": 0,
  "legacy_compatible_match_rate": 1.0,
  "mean_element_accuracy_parsed_queries": 1.0,
  "parse_rate": 1.0,
  "parsed_count": 1,
  "query_count": 1
}
query_ids=da609ba5c2eca7d04973ae0ad6d8fb7d00b1f9c30dac4cbb45f5428cfa4bb5b9
{
  "exact_match_rate_all_queries": 1.0,
  "exact_match_rate_parsed_queries": 1.0,
  "exact_matches": 1,
  "ignored_count": 0,
  "legacy_compatible_match_rate": 1.0,
  "mean_element_accuracy_parsed_queries": 1.0,
  "parse_rate": 1.0,
  "parsed_count": 1,
  "query_count": 1
}
query_ids=8b5c1a70bef52e66160d19b9aa7e059d7b080cdaf9aadad64ccbad0e7454ec84
{
  "exact_match_rate_all_queries": 1.0,
  "exact_match_rate_parsed_queries": 1.0,
  "exact_matches": 1,
  "ignored_count": 0,
  "legacy_compatible_match_rate": 1.0,
  "mean_element_accuracy_parsed_queries": 1.0,
  "parse_rate": 1.0,
  "parsed_count": 1,
  "query_count": 1
}
query_ids=022db7d5edb1748d333afd0ce58eac96e0fddaeb11875573aa09c1869a72a3e3
{
  "exact_match_rate_all_queries": 1.0,
  "exact_match_rate_parsed_queries": 1.0,
  "exact_matches": 1,
  "ignored_count": 0,
  "legacy_compatible_match_rate": 1.0,
  "mean_element_accuracy_parsed_queries": 1.0,
  "parse_rate": 1.0,
  "parsed_count": 1,
  "query_count": 1
}
query_ids=8d2faa9b72325584d9a62e40b046b82862b5c6cb9a6b338074768d3925e3cac0
{
  "exact_match_rate_all_queries": 1.0,
  "exact_match_rate_parsed_queries": 1.0,
  "exact_matches": 1,
  "ignored_count": 0,
  "legacy_compatible_match_rate": 1.0,
  "mean_element_accuracy_parsed_queries": 1.0,
  "parse_rate": 1.0,
  "parsed_count": 1,
  "query_count": 1
}
query_ids=ab6e37c9b48c77a14208a7a88062179bb13bd265e1742d3866344c9c9c3638e8
{
  "exact_match_rate_all_queries": 1.0,
  "exact_match_rate_parsed_queries": 1.0,
  "exact_matches": 1,
  "ignored_count": 0,
  "legacy_compatible_match_rate": 1.0,
  "mean_element_accuracy_parsed_queries": 1.0,
  "parse_rate": 1.0,
  "parsed_count": 1,
  "query_count": 1
}
query_ids=fa5849459eab5f9aa10664094b363ea2b76af971e93589e6b9f5e91e2a9e6bd3
{
  "exact_match_rate_all_queries": 1.0,
  "exact_match_rate_parsed_queries": 1.0,
  "exact_matches": 1,
  "ignored_count": 0,
  "legacy_compatible_match_rate": 1.0,
  "mean_element_accuracy_parsed_queries": 1.0,
  "parse_rate": 1.0,
  "parsed_count": 1,
  "query_count": 1
}
query_ids=7193640eac5f0b38deb58fd75a5eeba474fb7588a9d142ce04702d2ea46f6ef7
{
  "exact_match_rate_all_queries": 1.0,
  "exact_match_rate_parsed_queries": 1.0,
  "exact_matches": 1,
  "ignored_count": 0,
  "legacy_compatible_match_rate": 1.0,
  "mean_element_accuracy_parsed_queries": 1.0,
  "parse_rate": 1.0,
  "parsed_count": 1,
  "query_count": 1
}
query_ids=8dd2e99ab3d0aa6110034cec30846fd74bafdebfb01a52e572b21d454e8d6644
{
  "exact_match_rate_all_queries": 1.0,
  "exact_match_rate_parsed_queries": 1.0,
  "exact_matches": 1,
  "ignored_count": 0,
  "legacy_compatible_match_rate": 1.0,
  "mean_element_accuracy_parsed_queries": 1.0,
  "parse_rate": 1.0,
  "parsed_count": 1,
  "query_count": 1
}
query_ids=303974c105c3bdb20c8a219bc2670ac3bb619222cc90b0b156a61c3081570013
{
  "exact_match_rate_all_queries": 1.0,
  "exact_match_rate_parsed_queries": 1.0,
  "exact_matches": 1,
  "ignored_count": 0,
  "legacy_compatible_match_rate": 1.0,
  "mean_element_accuracy_parsed_queries": 1.0,
  "parse_rate": 1.0,
  "parsed_count": 1,
  "query_count": 1
}
query_ids=03250cdc8844841526635e2bd58ba1aba0019a909d936b19ef411663879e6c8e
{
  "exact_match_rate_all_queries": 1.0,
  "exact_match_rate_parsed_queries": 1.0,
  "exact_matches": 1,
  "ignored_count": 0,
  "legacy_compatible_match_rate": 1.0,
  "mean_element_accuracy_parsed_queries": 1.0,
  "parse_rate": 1.0,
  "parsed_count": 1,
  "query_count": 1
}
query_ids=5fcf8308058939c5170148560ee8635099052cb6ebb3b3f6d40a42d3baa44360
{
  "exact_match_rate_all_queries": 1.0,
  "exact_match_rate_parsed_queries": 1.0,
  "exact_matches": 1,
  "ignored_count": 0,
  "legacy_compatible_match_rate": 1.0,
  "mean_element_accuracy_parsed_queries": 1.0,
  "parse_rate": 1.0,
  "parsed_count": 1,
  "query_count": 1
}
query_ids=00783e51de1e870682afd6ee21102734cb0cc3daa61bbdc4017542241c81a918
{
  "exact_match_rate_all_queries": 1.0,
  "exact_match_rate_parsed_queries": 1.0,
  "exact_matches": 1,
  "ignored_count": 0,
  "legacy_compatible_match_rate": 1.0,
  "mean_element_accuracy_parsed_queries": 1.0,
  "parse_rate": 1.0,
  "parsed_count": 1,
  "query_count": 1
}
query_ids=2bb7281a319bf711a82e10e1e06fa1f26fa073b37fbc8d7062232e00e92ba2ff
{
  "exact_match_rate_all_queries": 1.0,
  "exact_match_rate_parsed_queries": 1.0,
  "exact_matches": 1,
  "ignored_count": 0,
  "legacy_compatible_match_rate": 1.0,
  "mean_element_accuracy_parsed_queries": 1.0,
  "parse_rate": 1.0,
  "parsed_count": 1,
  "query_count": 1
}
query_ids=f2013b10bb77da20ec9f1c6403224251ad60b4c44bdb6459f66eb2713bb885f3
{
  "exact_match_rate_all_queries": 1.0,
  "exact_match_rate_parsed_queries": 1.0,
  "exact_matches": 1,
  "ignored_count": 0,
  "legacy_compatible_match_rate": 1.0,
  "mean_element_accuracy_parsed_queries": 1.0,
  "parse_rate": 1.0,
  "parsed_count": 1,
  "query_count": 1
}
