model,Task,Metrics,H,Reasoning,score,ordinal,score_csv_row,query_id,condition_id,query_index,episode_path,model_full,reused,source_experiment,api_request_made,source_record,source_line,source_records,source_run,response_sha256,all_required,input_tokens,output_tokens,total_tokens,query_elapsed_seconds,request_elapsed_seconds,gt_action_value,gt_action,action_value,action_ok,action_error,action_value_value,action_value_ok,action_value_error,action_bin_value,action_bin_ok,action_bin_error,direction_value,direction_ok,direction_error,state_value_value,state_value_ok,state_value_error,state_delta_value,state_delta_ok,state_delta_error,early,late,gt_direction,gt_state_value,gt_state_delta,gt_action_bin,theta_from_state_value,gt_delta_theta,theta_from_state_value_error,theta_from_state_delta,theta_from_state_delta_error,api_error,failed_attempt_elapsed_seconds,bin_valid,true_bin,pred_bin,torque_valid,true_torque,pred_torque
3.5,Pendulum-v1,last-action,5,"The agent seems to be consistently applying a torque of -2.0 in the previous steps, which is the maximum torque in the action space. The rewards received are negative, indicating that the agent is still trying to swing the pendulum up. Given the state transition from s5 to s6 where the angular velocity decreases further (from -0.1319 to -0.2931), it is likely that the agent will continue to apply a high torque to try to counteract the decreasing angular velocity and swing the pendulum up.",2,0,1442,a2eff36122bedfc8c1e03f69bba157535f0b3b6b0406aeae402b2d921cc507e9,3.5__Pendulum-v1__last-action__H5,5,data/llmx_data/offline_data/physics_data/raw_transitions/Pendulum-v1/episodes/episode_0.npz,,,,,,601,experiments/03_1_gpt35_history_n30_joint/results/records.jsonl,experiments/03_1_gpt35_history_n30_joint/results/runs/3.5__Pendulum-v1__last-action__H5/episode_000/predictions.jsonl,b7bba03e5a334b43a0b9d25bb2f659459925e76fb97108d3cce4e44f5f124604,True,1299,184,1483,2.0527597500476986,2.049061332945712,[-1.7580721378326416],,,False,not_applicable,[-2.0],True,,[0],True,,,False,not_applicable,,False,not_applicable,,False,not_applicable,,,,,,[0],,,,,,,,True,0.0,0.0,True,-1.7580721378326416,-2.0
3.5,Pendulum-v1,last-action,5,"The agent seems to be gradually decreasing the torque applied as the pendulum swings closer to the upright position. The rewards are also decreasing, indicating that the agent is trying to stabilize the pendulum. Given the trend in the actions taken so far and the decreasing rewards, it is likely that the agent will continue to reduce the torque applied in the next step.",3,1,1443,2164d448800960897a0a119a4c396643ade73dd9724934053e108244d03be6e4,3.5__Pendulum-v1__last-action__H5,6,data/llmx_data/offline_data/physics_data/raw_transitions/Pendulum-v1/episodes/episode_0.npz,,,,,,602,experiments/03_1_gpt35_history_n30_joint/results/records.jsonl,experiments/03_1_gpt35_history_n30_joint/results/runs/3.5__Pendulum-v1__last-action__H5/episode_000/predictions.jsonl,4fe837e5e6193999e20eea683760c2b795a43d586f42fcde24375747a353224a,True,1302,125,1427,1.953065500012599,1.949204958975315,[-1.347569465637207],,,False,not_applicable,[-1.4],True,,[2],True,,,False,not_applicable,,False,not_applicable,,False,not_applicable,,,,,,[1],,,,,,,,True,1.0,2.0,True,-1.347569465637207,-1.4
3.5,Pendulum-v1,last-action,5,"Based on the provided sequence of states, actions, and rewards, we can observe the agent's behavior in the environment. The agent seems to be gradually adjusting its actions based on the state observations to maximize its cumulative reward. Since the reward function penalizes the angle and angular velocity, the agent is likely trying to stabilize the pendulum in an upright position while minimizing the angular velocity.",4,2,1444,abc69138950345a1370cb7af96afc371410467e3c1a3e314b5d4d290999d2877,3.5__Pendulum-v1__last-action__H5,7,data/llmx_data/offline_data/physics_data/raw_transitions/Pendulum-v1/episodes/episode_0.npz,,,,,,603,experiments/03_1_gpt35_history_n30_joint/results/records.jsonl,experiments/03_1_gpt35_history_n30_joint/results/runs/3.5__Pendulum-v1__last-action__H5/episode_000/predictions.jsonl,97f47a6a18b525f3318f5f26e4b80db2cf9810d856d350f137265bd6630eb585,False,1305,189,1494,1.4743215409107506,1.4708353329915553,[-1.195901870727539],,,False,not_applicable,,False,missing_marker,[4],True,,,False,not_applicable,,False,not_applicable,,False,not_applicable,,,,,,[2],,,,,,,,True,2.0,4.0,False,-1.195901870727539,
3.5,Pendulum-v1,last-action,5,"The agent seems to be gradually decreasing the torque applied as the episode progresses, as seen from the decreasing rewards. Given that the pendulum is swinging up, the agent might be reducing the torque to stabilize the pendulum as it approaches the upright position. Since the pendulum is swinging up, the torque applied should be reduced further to prevent overshooting.",3,3,1445,d4a16284a472d379420a99e6a2c2457a25dd5b2fd32e5ebf8d1706bdf3515f18,3.5__Pendulum-v1__last-action__H5,8,data/llmx_data/offline_data/physics_data/raw_transitions/Pendulum-v1/episodes/episode_0.npz,,,,,,604,experiments/03_1_gpt35_history_n30_joint/results/records.jsonl,experiments/03_1_gpt35_history_n30_joint/results/runs/3.5__Pendulum-v1__last-action__H5/episode_000/predictions.jsonl,bb103301e34ab3bcac2fa2220e0882627a03303cf93d0edc4d7ab40009f3570e,True,1309,178,1487,2.292881750036031,2.289324708050117,[-2.0],,,False,not_applicable,[-0.5],True,,[3],True,,,False,not_applicable,,False,not_applicable,,False,not_applicable,,,,,,[0],,,,,,,,True,0.0,3.0,True,-2.0,-0.5
3.5,Pendulum-v1,last-action,5,"Looking at the provided sequence of steps, we can observe a pattern in the actions taken by the RL agent based on the rewards received. The agent seems to be adjusting its actions to optimize the reward function, which penalizes the angle and angular velocity of the pendulum, as well as the torque applied. Given the decreasing rewards in the provided steps, the agent is likely trying to stabilize the pendulum by reducing the angle and angular velocity.",4,4,1446,1bba9e072b3de479cb7db697aa15bdf9a624a9601e2be0fc68c99a61272c6974,3.5__Pendulum-v1__last-action__H5,9,data/llmx_data/offline_data/physics_data/raw_transitions/Pendulum-v1/episodes/episode_0.npz,,,,,,605,experiments/03_1_gpt35_history_n30_joint/results/records.jsonl,experiments/03_1_gpt35_history_n30_joint/results/runs/3.5__Pendulum-v1__last-action__H5/episode_000/predictions.jsonl,77cd7f467a990beaebc91ef4d9940b5631a9144ce0dedcd97b76af82ddd1ed8a,True,1309,192,1501,2.0568728329380974,2.0534150840248913,[1.6174393892288208],,,False,not_applicable,[-0.2],True,,[4],True,,,False,not_applicable,,False,not_applicable,,False,not_applicable,,,,,,[9],,,,,,,,True,9.0,4.0,True,1.6174393892288208,-0.2
3.5,Pendulum-v1,last-action,5,"The agent seems to be gradually decreasing the torque applied based on the decreasing rewards. Since the reward function penalizes high torque values, the agent is likely trying to find a balance between swinging the pendulum up and minimizing the torque. Given the state transition from s10 to s11 where the angular velocity decreases significantly, the agent might reduce the torque further to prevent overshooting.",2,5,1447,035b3e97163a32bd7f9b596e5c3b6b2fc9f9634636724879dd07ae0acc456eab,3.5__Pendulum-v1__last-action__H5,10,data/llmx_data/offline_data/physics_data/raw_transitions/Pendulum-v1/episodes/episode_0.npz,,,,,,606,experiments/03_1_gpt35_history_n30_joint/results/records.jsonl,experiments/03_1_gpt35_history_n30_joint/results/runs/3.5__Pendulum-v1__last-action__H5/episode_000/predictions.jsonl,213b423777421302b7ace3ec860fd64dbb9456c9f75b4a60fda9229951a29315,True,1312,161,1473,2.251001666067168,2.2465685420902446,[1.809918761253357],,,False,not_applicable,[-0.5],True,,[3],True,,,False,not_applicable,,False,not_applicable,,False,not_applicable,,,,,,[9],,,,,,,,True,9.0,3.0,True,1.809918761253357,-0.5
3.5,Pendulum-v1,last-action,5,"Based on the provided sequence of states, actions, and rewards, we can observe the agent's behavior in response to different states. The agent seems to be trying to swing the pendulum upright by applying torque in a way that minimizes the negative reward. The action taken by the agent is likely to be influenced by the current state's angle and angular velocity, as well as the previous actions taken.",4,6,1448,7cfcba2cab7c837760323b6a74d33bae5d23fc63a54937fe9f7925b3d316ea07,3.5__Pendulum-v1__last-action__H5,11,data/llmx_data/offline_data/physics_data/raw_transitions/Pendulum-v1/episodes/episode_0.npz,,,,,,607,experiments/03_1_gpt35_history_n30_joint/results/records.jsonl,experiments/03_1_gpt35_history_n30_joint/results/runs/3.5__Pendulum-v1__last-action__H5/episode_000/predictions.jsonl,6840223a4877843b44137c9a125f8dc9f62e9cd5082b10219ea2287b35e2e11b,True,1309,205,1514,2.2394007919356227,2.2354622500715777,[-0.3191149830818176],,,False,not_applicable,[-1.5],True,,[1],True,,,False,not_applicable,,False,not_applicable,,False,not_applicable,,,,,,[4],,,,,,,,True,4.0,1.0,True,-0.3191149830818176,-1.5
3.5,Pendulum-v1,last-action,5,"Based on the provided sequence of steps, we can observe the agent's behavior in response to different states and rewards. The agent seems to be adjusting its actions based on the state and the received rewards. Since the reward function penalizes theta^2, theta_dt^2, and torque^2, the agent is likely trying to minimize the angle of the pendulum, its angular velocity, and the torque applied.",4,7,1449,140538a7b29a06a51c0673c959227778f79cda15d438c0f79fd57184c9ae35bd,3.5__Pendulum-v1__last-action__H5,12,data/llmx_data/offline_data/physics_data/raw_transitions/Pendulum-v1/episodes/episode_0.npz,,,,,,608,experiments/03_1_gpt35_history_n30_joint/results/records.jsonl,experiments/03_1_gpt35_history_n30_joint/results/runs/3.5__Pendulum-v1__last-action__H5/episode_000/predictions.jsonl,22ef2b74a01d13f130f95dc7f9e65720ed3d03e29d6647c1674308f8ec9212d7,True,1307,324,1631,2.571699708001688,2.5677123341010883,[1.4111299514770508],,,False,not_applicable,[0.2],True,,[5],True,,,False,not_applicable,,False,not_applicable,,False,not_applicable,,,,,,[8],,,,,,,,True,8.0,5.0,True,1.4111299514770508,0.2
3.5,Pendulum-v1,last-action,5,"The agent seems to be making adjustments in its actions based on the state observations to maximize its reward. Looking at the sequence of steps provided, we can see that the agent is gradually adjusting its actions to improve the reward received. Since the state at step 13 is closer to the upright position (theta = 0), the agent might choose an action that helps in stabilizing the pendulum in the upright position.",4,8,1450,ad4f7fdae76b09c2f50e934a639a22a8f05d0b13d14a732197bd94580ee69c96,3.5__Pendulum-v1__last-action__H5,13,data/llmx_data/offline_data/physics_data/raw_transitions/Pendulum-v1/episodes/episode_0.npz,,,,,,609,experiments/03_1_gpt35_history_n30_joint/results/records.jsonl,experiments/03_1_gpt35_history_n30_joint/results/runs/3.5__Pendulum-v1__last-action__H5/episode_000/predictions.jsonl,325149feb278d3f7fcc231f438af24ce95ca7e9ac2e02bf16cd8e8fc97531868,True,1305,223,1528,2.7839131660293788,2.779657750041224,[-1.4400720596313477],,,False,not_applicable,[1.0],True,,[8],True,,,False,not_applicable,,False,not_applicable,,False,not_applicable,,,,,,[1],,,,,,,,True,1.0,8.0,True,-1.4400720596313477,1.0
3.5,Pendulum-v1,last-action,5,"The agent seems to be gradually adjusting its actions based on the state observations and rewards received. Looking at the pattern in the provided steps, the agent is likely trying to minimize the negative reward by making small adjustments to the action. Since the state at step 14 is close to the state at step 12, we can expect a similar trend in the action taken by the agent.",2,9,1451,e57a33f00612a74805e33ee778b8df44aeac7976fc159a9f3ca3c63e61037e59,3.5__Pendulum-v1__last-action__H5,14,data/llmx_data/offline_data/physics_data/raw_transitions/Pendulum-v1/episodes/episode_0.npz,,,,,,610,experiments/03_1_gpt35_history_n30_joint/results/records.jsonl,experiments/03_1_gpt35_history_n30_joint/results/runs/3.5__Pendulum-v1__last-action__H5/episode_000/predictions.jsonl,4c9cb5a568ec724f63b8ba1b4feabffc57361444fb11153869e3a37ce0f2396e,True,1308,192,1500,1.9590327499900013,1.9543285830877721,[1.7092909812927246],,,False,not_applicable,[-0.3],True,,[3],True,,,False,not_applicable,,False,not_applicable,,False,not_applicable,,,,,,[9],,,,,,,,True,9.0,3.0,True,1.7092909812927246,-0.3
3.5,Pendulum-v1,last-action,5,"The agent's behavior seems to be such that it is gradually adjusting its actions based on the rewards received. Since the reward function penalizes large torque values, the agent is likely trying to minimize the torque while still achieving the goal of swinging up the pendulum. Given the trend in the actions taken so far, we can expect the agent to make small adjustments to the torque in the next step.",3,10,1452,6529e9ca6b92d84b4d6929e64bad58da77fede7356df022f5d1c6ff0c61a3a04,3.5__Pendulum-v1__last-action__H5,15,data/llmx_data/offline_data/physics_data/raw_transitions/Pendulum-v1/episodes/episode_0.npz,,,,,,611,experiments/03_1_gpt35_history_n30_joint/results/records.jsonl,experiments/03_1_gpt35_history_n30_joint/results/runs/3.5__Pendulum-v1__last-action__H5/episode_000/predictions.jsonl,95e073df0a0ef54eb6c211052aac08a1cba214907491db9f6d26deac60885c01,True,1307,174,1481,1.6167542919283733,1.6126601250143722,[-0.9497600793838501],,,False,not_applicable,[-0.2],True,,[4],True,,,False,not_applicable,,False,not_applicable,,False,not_applicable,,,,,,[2],,,,,,,,True,2.0,4.0,True,-0.9497600793838501,-0.2
3.5,Pendulum-v1,last-action,5,"Based on the provided sequence of steps, we can observe the agent's behavior in response to different states. The agent seems to be adjusting its actions based on the state's angular position, velocity, and the rewards received. The actions taken by the agent are within the range [-2, 2], and the rewards indicate that the agent is trying to minimize the negative reward function by adjusting its actions.",4,11,1453,cf93ce83bb543318d4d262cb173f9242f94852fff8b3f3d282adc79f621a99ba,3.5__Pendulum-v1__last-action__H5,16,data/llmx_data/offline_data/physics_data/raw_transitions/Pendulum-v1/episodes/episode_0.npz,,,,,,612,experiments/03_1_gpt35_history_n30_joint/results/records.jsonl,experiments/03_1_gpt35_history_n30_joint/results/runs/3.5__Pendulum-v1__last-action__H5/episode_000/predictions.jsonl,632d6acc33b01e92ecee3bfa36eca6382ec0b6b3a558e894530027ab9adf4ca4,True,1306,233,1539,2.352051791967824,2.3481682089623064,[0.5440352559089661],,,False,not_applicable,[-1.2],True,,[3],True,,,False,not_applicable,,False,not_applicable,,False,not_applicable,,,,,,[6],,,,,,,,True,6.0,3.0,True,0.5440352559089661,-1.2
3.5,Pendulum-v1,last-action,5,"Looking at the provided steps, we can observe the agent's behavior in the given environment. The agent seems to be adjusting its actions based on the state it encounters. The rewards are negative, indicating that the agent is penalized for being away from the desired upright position. The actions taken by the agent seem to be in response to the state values, trying to minimize the negative rewards.",4,12,1454,2c14d38941dcf7664c5f73ea3aea42eab5312c6d7c58601e5ae59cce1b90c60d,3.5__Pendulum-v1__last-action__H5,17,data/llmx_data/offline_data/physics_data/raw_transitions/Pendulum-v1/episodes/episode_0.npz,,,,,,613,experiments/03_1_gpt35_history_n30_joint/results/records.jsonl,experiments/03_1_gpt35_history_n30_joint/results/runs/3.5__Pendulum-v1__last-action__H5/episode_000/predictions.jsonl,9d62d3e3cebf64a8cd84b99fea7fb879568665b759178aa9e025e6b35d0ee27d,True,1304,321,1625,2.250313999946229,2.246601291000843,[0.02499106526374817],,,False,not_applicable,[1.25],True,,[6],True,,,False,not_applicable,,False,not_applicable,,False,not_applicable,,,,,,[5],,,,,,,,True,5.0,6.0,True,0.02499106526374817,1.25
3.5,Pendulum-v1,last-action,5,"Based on the provided sequence of states, actions, and rewards, we can observe the agent's behavior in response to different states. The agent seems to be making adjustments in its actions to optimize the reward. Since the reward function penalizes theta^2, theta_dt^2, and torque^2, the agent is likely trying to minimize the angle deviation, angular velocity, and torque applied.",4,13,1455,3f8c069d1f77539dac174bbd327e828225aa09266de800f53d6fb6064b39d7c0,3.5__Pendulum-v1__last-action__H5,18,data/llmx_data/offline_data/physics_data/raw_transitions/Pendulum-v1/episodes/episode_0.npz,,,,,,614,experiments/03_1_gpt35_history_n30_joint/results/records.jsonl,experiments/03_1_gpt35_history_n30_joint/results/runs/3.5__Pendulum-v1__last-action__H5/episode_000/predictions.jsonl,0fc14f8f1bbd5fe21da9dd06c9cc3d85d9e9f7a8bb37dcfcda7f046fbef71d2b,True,1305,228,1533,2.2253947909921408,2.221013124915771,[0.7087789177894592],,,False,not_applicable,[-0.4],True,,[4],True,,,False,not_applicable,,False,not_applicable,,False,not_applicable,,,,,,[6],,,,,,,,True,6.0,4.0,True,0.7087789177894592,-0.4
3.5,Pendulum-v1,last-action,5,"The agent seems to be making small adjustments in the action values based on the state observations. Looking at the state transitions, the agent is trying to stabilize the pendulum as the angular velocity decreases. Since the state transition from s19 to s20 shows a decrease in angular velocity and a slight change in the y-coordinate, the agent might take an action that helps in stabilizing the pendulum further.",2,14,1456,0affb3d530967fcd374aa3ac86ba2aa8c4373862b6aeb205d4f6b11927629309,3.5__Pendulum-v1__last-action__H5,19,data/llmx_data/offline_data/physics_data/raw_transitions/Pendulum-v1/episodes/episode_0.npz,,,,,,615,experiments/03_1_gpt35_history_n30_joint/results/records.jsonl,experiments/03_1_gpt35_history_n30_joint/results/runs/3.5__Pendulum-v1__last-action__H5/episode_000/predictions.jsonl,8a879e96b0162a29c03c13a1f35dc24e425c30b4fdd3adaf4d948ade4dadeae0,True,1306,209,1515,1.890456415945664,1.8863695000763983,[0.5939425230026245],,,False,not_applicable,[0.2],True,,[5],True,,,False,not_applicable,,False,not_applicable,,False,not_applicable,,,,,,[6],,,,,,,,True,6.0,5.0,True,0.5939425230026245,0.2
3.5,Pendulum-v1,last-action,5,"Based on the provided sequence of states, actions, and rewards, we can observe the agent's behavior and infer its decision-making process. The agent seems to be adjusting its actions based on the state values to maximize its reward. Since the reward function penalizes theta^2, theta_dt^2, and torque^2, the agent is likely trying to minimize the angle deviation, angular velocity, and torque applied.",4,15,1457,19e56c728df78b06521a5a9a210e615177ea590a0657094cf035a79f1f6b46a8,3.5__Pendulum-v1__last-action__H5,20,data/llmx_data/offline_data/physics_data/raw_transitions/Pendulum-v1/episodes/episode_0.npz,,,,,,616,experiments/03_1_gpt35_history_n30_joint/results/records.jsonl,experiments/03_1_gpt35_history_n30_joint/results/runs/3.5__Pendulum-v1__last-action__H5/episode_000/predictions.jsonl,843f272edf9837c1795228a2277214ad41fc11693a3a1aed852d88efea8f54dc,True,1305,200,1505,2.1470589579548687,2.1429895830806345,[0.08882922679185867],,,False,not_applicable,[0.0],True,,[4],True,,,False,not_applicable,,False,not_applicable,,False,not_applicable,,,,,,[5],,,,,,,,True,5.0,4.0,True,0.08882922679185867,0.0
3.5,Pendulum-v1,last-action,5,"Based on the provided sequence of states, actions, and rewards, we can observe the agent's behavior in the Pendulum-v1 environment. The agent seems to be making adjustments in its actions to optimize the reward. We need to analyze the trend in the actions taken by the agent in response to the states it encounters.",4,16,1458,d404be5d35254ce8c421d5ec4486ccbc53a5b7a71374aa7d6d35c456d923132f,3.5__Pendulum-v1__last-action__H5,21,data/llmx_data/offline_data/physics_data/raw_transitions/Pendulum-v1/episodes/episode_0.npz,,,,,,617,experiments/03_1_gpt35_history_n30_joint/results/records.jsonl,experiments/03_1_gpt35_history_n30_joint/results/runs/3.5__Pendulum-v1__last-action__H5/episode_000/predictions.jsonl,ee242d46ee00a49c8c5b7accae5b9e6ab9325a2646beda98b43b16dc1bf08b23,True,1305,235,1540,2.7648584579583257,2.761067249928601,[0.6434862613677979],,,False,not_applicable,[0.2],True,,[6],True,,,False,not_applicable,,False,not_applicable,,False,not_applicable,,,,,,[6],,,,,,,,True,6.0,6.0,True,0.6434862613677979,0.2
3.5,Pendulum-v1,last-action,5,"Given the sequence of states, actions, and rewards provided, we can observe the agent's behavior and infer its decision-making process. The agent seems to be making subtle adjustments in its actions based on the state changes to optimize the reward. Since the reward function penalizes large torque values, the agent is likely to choose actions that are not extreme in magnitude unless necessary to swing the pendulum effectively.",3,17,1459,0c5c4439f1cdcfb66babb56a556e12af58b2eddf1fb6bb2ada5c8a70891b56ad,3.5__Pendulum-v1__last-action__H5,22,data/llmx_data/offline_data/physics_data/raw_transitions/Pendulum-v1/episodes/episode_0.npz,,,,,,618,experiments/03_1_gpt35_history_n30_joint/results/records.jsonl,experiments/03_1_gpt35_history_n30_joint/results/runs/3.5__Pendulum-v1__last-action__H5/episode_000/predictions.jsonl,487e5c16b1f64fe7a7ce5cf267bee1f68e5f9e5403a83d5362e67b952a005161,True,1306,236,1542,3.1829947090009227,3.1792717919452116,[-1.0871518850326538],,,False,not_applicable,[0.4],True,,[6],True,,,False,not_applicable,,False,not_applicable,,False,not_applicable,,,,,,[2],,,,,,,,True,2.0,6.0,True,-1.0871518850326538,0.4
3.5,Pendulum-v1,last-action,5,"The agent seems to be making small adjustments in its actions based on the rewards received. Looking at the sequence of states and rewards, we can see that the agent is trying to minimize the negative reward by gradually adjusting its actions. Since the reward function penalizes both the angle deviation and the torque applied, the agent is likely trying to find a balance between swinging the pendulum up and not applying excessive torque.",3,18,1460,fcef2f914053eeccc96ceeb4d90def62de700eb5e5a2a402cda981803a14ecda,3.5__Pendulum-v1__last-action__H5,23,data/llmx_data/offline_data/physics_data/raw_transitions/Pendulum-v1/episodes/episode_0.npz,,,,,,619,experiments/03_1_gpt35_history_n30_joint/results/records.jsonl,experiments/03_1_gpt35_history_n30_joint/results/runs/3.5__Pendulum-v1__last-action__H5/episode_000/predictions.jsonl,598069accbfd5f24ed4ce8c62bcd1a52b528bf90db1501fe6a789b042f6c8973,True,1309,231,1540,2.515419750008732,2.511376791051589,[1.421302080154419],,,False,not_applicable,[0.2],True,,[5],True,,,False,not_applicable,,False,not_applicable,,False,not_applicable,,,,,,[8],,,,,,,,True,8.0,5.0,True,1.421302080154419,0.2
3.5,Pendulum-v1,last-action,5,"Given the provided sequence of states, actions, and rewards, we can observe the agent's behavior in the environment. The agent seems to be making adjustments in its actions based on the state observations to maximize its rewards. We need to predict the action the agent would take in the next step based on the given state transition.",4,19,1461,a29eca29725079c4bd83cccce0d409433f744bac9bbe2bb555f9543c1551e42c,3.5__Pendulum-v1__last-action__H5,24,data/llmx_data/offline_data/physics_data/raw_transitions/Pendulum-v1/episodes/episode_0.npz,,,,,,620,experiments/03_1_gpt35_history_n30_joint/results/records.jsonl,experiments/03_1_gpt35_history_n30_joint/results/runs/3.5__Pendulum-v1__last-action__H5/episode_000/predictions.jsonl,834ebdfb89d7db0f06bbe5213a33fd7e18179c93bca4bdef98de22582057dd2f,True,1309,274,1583,3.7152541250688955,3.7114686249988154,[0.33447736501693726],,,False,not_applicable,[0.5],True,,[6],True,,,False,not_applicable,,False,not_applicable,,False,not_applicable,,,,,,[5],,,,,,,,True,5.0,6.0,True,0.33447736501693726,0.5
3.5,Pendulum-v1,last-action,5,"The agent seems to be making actions based on the state observations and rewards received. Looking at the provided steps, it's evident that the agent is trying to optimize its actions to maximize the reward. The action taken by the agent in step 22 resulted in a negative reward, indicating that the agent might adjust its actions to improve the reward in the subsequent steps. Given the state transition from s25 to s26, where the y-coordinate decreases and the angular velocity becomes more negative, the agent might need to apply a torque that helps counteract the change in angular velocity to stabilize the pendulum.",2,20,1462,92e8f82c4325bc5c2abca9376d8665502cc45db277d4968b68fe3b481a9646af,3.5__Pendulum-v1__last-action__H5,25,data/llmx_data/offline_data/physics_data/raw_transitions/Pendulum-v1/episodes/episode_0.npz,,,,,,621,experiments/03_1_gpt35_history_n30_joint/results/records.jsonl,experiments/03_1_gpt35_history_n30_joint/results/runs/3.5__Pendulum-v1__last-action__H5/episode_000/predictions.jsonl,3e2cb3dda3b48a31e730d8f3df30160dfb75083568b56f864c4d348b15e4d0a5,True,1309,297,1606,3.240798042039387,3.236124125076458,[-0.48779454827308655],,,False,not_applicable,[-1.2],True,,[2],True,,,False,not_applicable,,False,not_applicable,,False,not_applicable,,,,,,[3],,,,,,,,True,3.0,2.0,True,-0.48779454827308655,-1.2
3.5,Pendulum-v1,last-action,5,"The agent seems to be making actions that result in small changes in the state values. Looking at the provided steps, the actions taken by the agent seem to be adjusting based on the current state values to minimize the negative reward. Since the state transition from s26 to s27 involves small changes in the state values, we can expect the action a26 to be relatively small as well.",2,21,1463,952c6faba5fd0fec24ea85383c0e04c23f18f779b8b75f74af1e7cfbd4df3eef,3.5__Pendulum-v1__last-action__H5,26,data/llmx_data/offline_data/physics_data/raw_transitions/Pendulum-v1/episodes/episode_0.npz,,,,,,622,experiments/03_1_gpt35_history_n30_joint/results/records.jsonl,experiments/03_1_gpt35_history_n30_joint/results/runs/3.5__Pendulum-v1__last-action__H5/episode_000/predictions.jsonl,ea36c62f79366d4221332ab87f89ff48a1432234129bfbf0c4dc04432d5de309,True,1319,181,1500,1.694434457924217,1.6908567090285942,[0.6751355528831482],,,False,not_applicable,[0.0],True,,[4],True,,,False,not_applicable,,False,not_applicable,,False,not_applicable,,,,,,[6],,,,,,,,True,6.0,4.0,True,0.6751355528831482,0.0
3.5,Pendulum-v1,last-action,5,"Based on the provided sequence of states, actions, and rewards, we can observe the agent's behavior in response to different states. The agent seems to be making adjustments to the torque applied based on the current state to maximize its reward. Since the reward function penalizes theta^2, theta_dt^2, and torque^2, the agent is likely trying to minimize the angle deviation, angular velocity, and torque applied.",4,22,1464,228bf0938ec1e5be6bfb19f73b0c36d22f2dfa42346ab3469727031b65d0d895,3.5__Pendulum-v1__last-action__H5,27,data/llmx_data/offline_data/physics_data/raw_transitions/Pendulum-v1/episodes/episode_0.npz,,,,,,623,experiments/03_1_gpt35_history_n30_joint/results/records.jsonl,experiments/03_1_gpt35_history_n30_joint/results/runs/3.5__Pendulum-v1__last-action__H5/episode_000/predictions.jsonl,b55bf096e0db08774c1a87fd1f7e7f1090419fce4e8d67a3cce8fecf64396256,True,1320,283,1603,2.1049890409922227,2.1009322920581326,[0.7845479249954224],,,False,not_applicable,[0.4],True,,[5],True,,,False,not_applicable,,False,not_applicable,,False,not_applicable,,,,,,[6],,,,,,,,True,6.0,5.0,True,0.7845479249954224,0.4
3.5,Pendulum-v1,last-action,5,"Based on the provided sequence of states, actions, and rewards, we can observe the agent's behavior in the Pendulum-v1 environment. The agent seems to be making adjustments to the torque applied based on the state observations and received rewards. The action values are within the range [-2, 2], and the rewards are being minimized as per the reward function provided.",4,23,1465,ce2471d7f4964cad3492cb99eee0638cba0b5de0c73fc81feb7396bb63adeddd,3.5__Pendulum-v1__last-action__H5,28,data/llmx_data/offline_data/physics_data/raw_transitions/Pendulum-v1/episodes/episode_0.npz,,,,,,624,experiments/03_1_gpt35_history_n30_joint/results/records.jsonl,experiments/03_1_gpt35_history_n30_joint/results/runs/3.5__Pendulum-v1__last-action__H5/episode_000/predictions.jsonl,41b7e1d2b3a69719a0fcfa7dba49406c9f34f3e75c5a3fb107b75f87c48ba314,True,1317,306,1623,3.504476875066757,3.4998457500478253,[-1.375152826309204],,,False,not_applicable,[1.0],True,,[8],True,,,False,not_applicable,,False,not_applicable,,False,not_applicable,,,,,,[1],,,,,,,,True,1.0,8.0,True,-1.375152826309204,1.0
3.5,Pendulum-v1,last-action,5,"The agent seems to be making actions that are adjusting based on the state observations to optimize the reward. Looking at the provided steps, we can see that the agent is making small adjustments in its actions to maximize the reward. The reward function penalizes the angle and angular velocity, so the agent might be trying to stabilize the pendulum by adjusting the torque applied.",3,24,1466,431097c40095770f3770dba2bee6ae0ff999fd45f73d520354f0272d899562d8,3.5__Pendulum-v1__last-action__H5,29,data/llmx_data/offline_data/physics_data/raw_transitions/Pendulum-v1/episodes/episode_0.npz,,,,,,625,experiments/03_1_gpt35_history_n30_joint/results/records.jsonl,experiments/03_1_gpt35_history_n30_joint/results/runs/3.5__Pendulum-v1__last-action__H5/episode_000/predictions.jsonl,f299147f69d8a1067cfe7a8d6e7e18ff3b96fe3839cfd99c99933a6967871bb0,True,1319,213,1532,2.1075878330739215,2.1033695420483127,[1.9077938795089722],,,False,not_applicable,[0.6],True,,[7],True,,,False,not_applicable,,False,not_applicable,,False,not_applicable,,,,,,[9],,,,,,,,True,9.0,7.0,True,1.9077938795089722,0.6
3.5,Pendulum-v1,last-action,5,"The agent seems to be taking actions that are adjusting based on the state observations. Looking at the provided steps, the agent is likely trying to minimize the negative reward by adjusting its actions based on the state information. Since the reward is based on the angle and angular velocity, the agent might be trying to stabilize the pendulum by counteracting the effects of the current state.",4,25,1467,51e6373dc04afa79a21337fa21d8c00b79cebd7a70f3e59035fbd0fc7faab4f0,3.5__Pendulum-v1__last-action__H5,30,data/llmx_data/offline_data/physics_data/raw_transitions/Pendulum-v1/episodes/episode_0.npz,,,,,,626,experiments/03_1_gpt35_history_n30_joint/results/records.jsonl,experiments/03_1_gpt35_history_n30_joint/results/runs/3.5__Pendulum-v1__last-action__H5/episode_000/predictions.jsonl,54d18ebf849088057ba6f23d8eb2bd03437b61b42dce6afc6cb702be17bd2f06,True,1318,208,1526,1.9808476250618696,1.976655708043836,[-0.8885178565979004],,,False,not_applicable,[1.2],True,,[8],True,,,False,not_applicable,,False,not_applicable,,False,not_applicable,,,,,,[2],,,,,,,,True,2.0,8.0,True,-0.8885178565979004,1.2
3.5,Pendulum-v1,last-action,5,"The agent's behavior seems to be such that it is making small adjustments to the torque applied based on the state observations. Looking at the provided steps, the changes in torque applied by the agent do not seem to be drastic, indicating a relatively smooth adjustment strategy. The rewards are also relatively close to each other, suggesting that the agent is trying to maintain stability rather than making sudden large changes in torque.",3,26,1468,0db72dddbb5088537386ec1a200f1a04737a5b6ba267f27b062de8c41b46411f,3.5__Pendulum-v1__last-action__H5,31,data/llmx_data/offline_data/physics_data/raw_transitions/Pendulum-v1/episodes/episode_0.npz,,,,,,627,experiments/03_1_gpt35_history_n30_joint/results/records.jsonl,experiments/03_1_gpt35_history_n30_joint/results/runs/3.5__Pendulum-v1__last-action__H5/episode_000/predictions.jsonl,6764c7e62b291d76cb11e51c024892dded162ddc7007b076ee38c49812c3035c,True,1319,192,1511,1.8091114170383662,1.8042377498932183,[1.4703737497329712],,,False,not_applicable,[0.5],True,,[6],True,,,False,not_applicable,,False,not_applicable,,False,not_applicable,,,,,,[8],,,,,,,,True,8.0,6.0,True,1.4703737497329712,0.5
3.5,Pendulum-v1,last-action,5,"Given the sequential nature of the agent's actions and the rewards received, we can infer that the agent is likely trying to minimize the negative reward by adjusting its actions based on the state transitions. The agent seems to be making small adjustments in its actions to optimize the reward.",3,27,1469,f0713642eb0694004942d8937b58c6011fb4b712098d3d195eb64063c8b96f31,3.5__Pendulum-v1__last-action__H5,32,data/llmx_data/offline_data/physics_data/raw_transitions/Pendulum-v1/episodes/episode_0.npz,,,,,,628,experiments/03_1_gpt35_history_n30_joint/results/records.jsonl,experiments/03_1_gpt35_history_n30_joint/results/runs/3.5__Pendulum-v1__last-action__H5/episode_000/predictions.jsonl,d22b3280857c15b2cb8409e624d6998cc7a0b69e666e3d14811a7990aa5c903c,True,1319,175,1494,2.1518769590184093,2.14747691701632,[-0.9442287683486938],,,False,not_applicable,[-0.4],True,,[4],True,,,False,not_applicable,,False,not_applicable,,False,not_applicable,,,,,,[2],,,,,,,,True,2.0,4.0,True,-0.9442287683486938,-0.4
3.5,Pendulum-v1,last-action,5,"Based on the provided episode, we can observe the agent's behavior in the given state-action pairs. The agent seems to be making adjustments to the torque applied based on the state observations and the received rewards. The action values are continuous and the rewards are indicating how well the agent is performing. By analyzing the pattern in the actions taken by the agent in response to the states, we can predict the action the agent might take in the next step.",4,28,1470,18b2b5a84a62cf8969a84212680724998b05b436b8c72713305e707d729b6c2d,3.5__Pendulum-v1__last-action__H5,33,data/llmx_data/offline_data/physics_data/raw_transitions/Pendulum-v1/episodes/episode_0.npz,,,,,,629,experiments/03_1_gpt35_history_n30_joint/results/records.jsonl,experiments/03_1_gpt35_history_n30_joint/results/runs/3.5__Pendulum-v1__last-action__H5/episode_000/predictions.jsonl,44b4f9de8409227450f068e4d90b2ec586ad86129257d3dc0b3eb6b13fa2ce78,True,1311,225,1536,2.3843914580065757,2.3794668751070276,[1.5583062171936035],,,False,not_applicable,[-1.2],True,,[2],True,,,False,not_applicable,,False,not_applicable,,False,not_applicable,,,,,,[8],,,,,,,,True,8.0,2.0,True,1.5583062171936035,-1.2
3.5,Pendulum-v1,last-action,5,"The agent seems to be making small adjustments in its actions based on the state observations. Looking at the provided steps, the agent's actions seem to be alternating between positive and negative values, possibly trying to balance the pendulum. Given the trend in the actions taken so far and the slight changes in the state observations, we can infer that the agent is likely to continue this pattern of small adjustments.",3,29,1471,20d0ca52d8e8b14ba12102c026be45aca98ad183e615a8dbaafc6192d2d65b9e,3.5__Pendulum-v1__last-action__H5,34,data/llmx_data/offline_data/physics_data/raw_transitions/Pendulum-v1/episodes/episode_0.npz,,,,,,630,experiments/03_1_gpt35_history_n30_joint/results/records.jsonl,experiments/03_1_gpt35_history_n30_joint/results/runs/3.5__Pendulum-v1__last-action__H5/episode_000/predictions.jsonl,309c2f8f75f3a9577941f16fce11c33713a7b18acb1a2aaf923c1113fa0888ca,True,1311,204,1515,2.658485208055936,2.6541901250602677,[0.1804589033126831],,,False,not_applicable,[-0.5],True,,[3],True,,,False,not_applicable,,False,not_applicable,,False,not_applicable,,,,,,[5],,,,,,,,True,5.0,3.0,True,0.1804589033126831,-0.5
3.5,Pendulum-v1,last-action,10,"The agent seems to be gradually reducing the torque applied as it progresses through the steps. Initially, it applies a torque of -2.0, and the rewards decrease with each step. Given that the agent is trying to swing the pendulum into an upright position, it is likely that as the pendulum gets closer to the upright position, the agent will reduce the torque applied to prevent overshooting. Therefore, based on the decreasing rewards and the trend of torque reduction, we can predict that the action taken in step 10 will have a lower magnitude compared to the previous steps.",3,0,1472,c57096be5080327c96ff05a5156cefaec5100b8bcb0278afb30a3b35f1461007,3.5__Pendulum-v1__last-action__H10,10,data/llmx_data/offline_data/physics_data/raw_transitions/Pendulum-v1/episodes/episode_0.npz,,,,,,631,experiments/03_1_gpt35_history_n30_joint/results/records.jsonl,experiments/03_1_gpt35_history_n30_joint/results/runs/3.5__Pendulum-v1__last-action__H10/episode_000/predictions.jsonl,a2be53207f4314ba73ab7625c30cfd209a358c7d1b06768ee5287d409b4626f6,True,1523,172,1695,2.8476067499723285,2.8440159999299794,[1.809918761253357],,,False,not_applicable,[-1.0],True,,[4],True,,,False,not_applicable,,False,not_applicable,,False,not_applicable,,,,,,[9],,,,,,,,True,9.0,4.0,True,1.809918761253357,-1.0
3.5,Pendulum-v1,last-action,10,"The agent seems to be gradually adjusting its actions based on the rewards received. As the pendulum swings, the agent is likely trying to stabilize the pendulum in an upright position. Given the trend in rewards decreasing slightly, the agent may be trying to make smaller adjustments to reach the goal.",3,1,1473,3189628de68bef606c03664f484d513fd968f4b67a5ee22ba24233b1a5665f81,3.5__Pendulum-v1__last-action__H10,11,data/llmx_data/offline_data/physics_data/raw_transitions/Pendulum-v1/episodes/episode_0.npz,,,,,,632,experiments/03_1_gpt35_history_n30_joint/results/records.jsonl,experiments/03_1_gpt35_history_n30_joint/results/runs/3.5__Pendulum-v1__last-action__H10/episode_000/predictions.jsonl,41dd0de12e4795559c44ad69d0ddf63b23f2dbf1a4d16f18be536111aa5b349e,True,1524,174,1698,2.5450498749269173,2.5410707499831915,[-0.3191149830818176],,,False,not_applicable,[1.2],True,,[8],True,,,False,not_applicable,,False,not_applicable,,False,not_applicable,,,,,,[4],,,,,,,,True,4.0,8.0,True,-0.3191149830818176,1.2
3.5,Pendulum-v1,last-action,10,"Looking at the sequence of actions taken by the RL agent in the provided steps, we can observe a pattern where the agent tends to decrease the magnitude of the action when the pendulum is closer to the upright position (theta is close to 0) and increase the magnitude of the action when the pendulum is further away from the upright position. Additionally, the agent adjusts the action based on the angular velocity to stabilize the pendulum. Given the state transition from s12 to s13 where the angular position remains close to 0 but the angular velocity changes slightly, we can predict that the action taken by the agent will be close to 0 to maintain the current state.",2,2,1474,550a4c9e04fc3d1139a41d8e138041aae2ba62c29b32d1dcb83f0df4d5323b7f,3.5__Pendulum-v1__last-action__H10,12,data/llmx_data/offline_data/physics_data/raw_transitions/Pendulum-v1/episodes/episode_0.npz,,,,,,633,experiments/03_1_gpt35_history_n30_joint/results/records.jsonl,experiments/03_1_gpt35_history_n30_joint/results/runs/3.5__Pendulum-v1__last-action__H10/episode_000/predictions.jsonl,efaa750d4c5c72dff7ae1654c67e460b34a0b0097fd99b1c60b0a6c253421fcb,True,1526,185,1711,3.331567749963142,3.3278809998882934,[1.4111299514770508],,,False,not_applicable,[0.05],True,,[4],True,,,False,not_applicable,,False,not_applicable,,False,not_applicable,,,,,,[8],,,,,,,,True,8.0,4.0,True,1.4111299514770508,0.05
3.5,Pendulum-v1,last-action,10,"Looking at the pattern in the agent's actions and rewards, we can see that the agent tends to adjust its actions based on the state's angular velocity to minimize the negative reward. As the angular velocity becomes more negative, the agent tends to decrease the torque applied to the pendulum. Therefore, given the state transition from s13 to s14 where the angular velocity decreases from -0.0074 to -0.02, we can predict that the agent will decrease the torque applied in the next action.",2,3,1475,f5d56fd2ca4a7db52c0498d9cd41845048d3f1a635bc107f1d206d078b57c3b7,3.5__Pendulum-v1__last-action__H10,13,data/llmx_data/offline_data/physics_data/raw_transitions/Pendulum-v1/episodes/episode_0.npz,,,,,,634,experiments/03_1_gpt35_history_n30_joint/results/records.jsonl,experiments/03_1_gpt35_history_n30_joint/results/runs/3.5__Pendulum-v1__last-action__H10/episode_000/predictions.jsonl,5b119b712b27797dc523768d7d4b1f86971244fa87e622f3966cf70a850d9a2a,True,1527,201,1728,3.170040666940622,3.1662902910029516,[-1.4400720596313477],,,False,not_applicable,[-0.2],True,,[3],True,,,False,not_applicable,,False,not_applicable,,False,not_applicable,,,,,,[1],,,,,,,,True,1.0,3.0,True,-1.4400720596313477,-0.2
3.5,Pendulum-v1,last-action,10,"The agent seems to be gradually decreasing the torque applied as the episode progresses, likely trying to stabilize the pendulum in an upright position. Given the trend of decreasing torque and the fact that the pendulum is close to the upright position at step 14, it is reasonable to predict that the agent will continue to reduce the torque or apply a very small torque to fine-tune the position.",3,4,1476,aa54c53e7dc0af2c5bb9a1bbdb3c0f18118586a675007d46982da4572e9ff9e0,3.5__Pendulum-v1__last-action__H10,14,data/llmx_data/offline_data/physics_data/raw_transitions/Pendulum-v1/episodes/episode_0.npz,,,,,,635,experiments/03_1_gpt35_history_n30_joint/results/records.jsonl,experiments/03_1_gpt35_history_n30_joint/results/runs/3.5__Pendulum-v1__last-action__H10/episode_000/predictions.jsonl,bc81bdff6a603a421f91682b2f17321aefc1796f8acfc0e4436eb46b9af445b4,True,1529,210,1739,2.0472176669863984,2.0434495420195162,[1.7092909812927246],,,False,not_applicable,[-0.2],True,,[4],True,,,False,not_applicable,,False,not_applicable,,False,not_applicable,,,,,,[9],,,,,,,,True,9.0,4.0,True,1.7092909812927246,-0.2
3.5,Pendulum-v1,last-action,10,"Based on the provided sequence of states, actions, and rewards, we can observe a pattern in the agent's behavior. The agent seems to be gradually adjusting its actions based on the state observations and rewards received. Since the reward function penalizes theta^2, theta_dt^2, and torque^2, the agent is likely trying to minimize the angle deviation, angular velocity, and torque applied to maximize its cumulative reward.",4,5,1477,bf489d9c1e730f760c4469ef7ae411c73c9b0a86a1d8971a12a50b32eb8e5f73,3.5__Pendulum-v1__last-action__H10,15,data/llmx_data/offline_data/physics_data/raw_transitions/Pendulum-v1/episodes/episode_0.npz,,,,,,636,experiments/03_1_gpt35_history_n30_joint/results/records.jsonl,experiments/03_1_gpt35_history_n30_joint/results/runs/3.5__Pendulum-v1__last-action__H10/episode_000/predictions.jsonl,03f46e95d67629d57047116b226903d90c1290736e5f3dc1dfdcc94a1c03da46,False,1532,310,1842,3.226800541044213,3.22257012501359,[-0.9497600793838501],,,False,not_applicable,,False,wrong_dimension,,False,wrong_dimension,,False,not_applicable,,False,not_applicable,,False,not_applicable,,,,,,[2],,,,,,,,False,2.0,,False,-0.9497600793838501,
3.5,Pendulum-v1,last-action,10,"Based on the provided sequence of states, actions, and rewards, we can observe the agent's behavior in response to different states. The agent seems to be making adjustments in its actions to optimize the reward function, which penalizes the angle deviation, angular velocity, and torque applied. By analyzing the trend in the actions taken by the agent in the given sequence, we can predict the action the agent might take in the next step based on the state transition from s16 to s17.",4,6,1478,9d034a72a58a41d83a896e39287a0be06ee59d4db3f1189d9b726941f8a166de,3.5__Pendulum-v1__last-action__H10,16,data/llmx_data/offline_data/physics_data/raw_transitions/Pendulum-v1/episodes/episode_0.npz,,,,,,637,experiments/03_1_gpt35_history_n30_joint/results/records.jsonl,experiments/03_1_gpt35_history_n30_joint/results/runs/3.5__Pendulum-v1__last-action__H10/episode_000/predictions.jsonl,110f52ced4797533fbe35ad14a2c6fa32327d3f0acd85781c68d3832dc52ac4c,True,1530,278,1808,3.147930666920729,3.1439745420357212,[0.5440352559089661],,,False,not_applicable,[1.85],True,,[9],True,,,False,not_applicable,,False,not_applicable,,False,not_applicable,,,,,,[6],,,,,,,,True,6.0,9.0,True,0.5440352559089661,1.85
3.5,Pendulum-v1,last-action,10,"Based on the provided sequence of states, actions, and rewards, we can observe the agent's behavior in response to different states. The agent seems to adjust its actions based on the state values to maximize the reward. We will analyze the trend in the actions taken by the agent to predict the action a17.",4,7,1479,201f6c9df893e5dc3b9b394944abfae324366ad06c4d7551d0e4e8222dacdaca,3.5__Pendulum-v1__last-action__H10,17,data/llmx_data/offline_data/physics_data/raw_transitions/Pendulum-v1/episodes/episode_0.npz,,,,,,638,experiments/03_1_gpt35_history_n30_joint/results/records.jsonl,experiments/03_1_gpt35_history_n30_joint/results/runs/3.5__Pendulum-v1__last-action__H10/episode_000/predictions.jsonl,c6d69143165e3bb68d851952adbffcf141cd958ca24eb849b429b5b71ebbaafb,True,1527,394,1921,4.743809334002435,4.739551083068363,[0.02499106526374817],,,False,not_applicable,[-1.5],True,,[0],True,,,False,not_applicable,,False,not_applicable,,False,not_applicable,,,,,,[5],,,,,,,,True,5.0,0.0,True,0.02499106526374817,-1.5
3.5,Pendulum-v1,last-action,10,"Based on the provided sequence of states, actions, and rewards, we can observe the agent's behavior in response to different states. The agent seems to be adjusting its actions based on the state values to optimize the reward. We can look at the trend in the actions taken by the agent in response to changes in the state values to predict the action a18.",4,8,1480,b355121555e803250e4e43499d2e7a0617868619fb88b8236fa7e5061fa6cdb9,3.5__Pendulum-v1__last-action__H10,18,data/llmx_data/offline_data/physics_data/raw_transitions/Pendulum-v1/episodes/episode_0.npz,,,,,,639,experiments/03_1_gpt35_history_n30_joint/results/records.jsonl,experiments/03_1_gpt35_history_n30_joint/results/runs/3.5__Pendulum-v1__last-action__H10/episode_000/predictions.jsonl,053abfdd43b2abce51b43eb92af7cf92a2aff8cdb8e51463cc4a17f62923d7cc,True,1525,317,1842,4.084378291969188,4.080780083895661,[0.7087789177894592],,,False,not_applicable,[1.5],True,,[8],True,,,False,not_applicable,,False,not_applicable,,False,not_applicable,,,,,,[6],,,,,,,,True,6.0,8.0,True,0.7087789177894592,1.5
3.5,Pendulum-v1,last-action,10,"Looking at the pattern of the actions taken by the RL agent in the provided steps, we can observe that the agent tends to adjust the action based on the state's angular velocity component. When the angular velocity is decreasing, the agent tends to apply a positive torque, and when the angular velocity is increasing, the agent applies a negative torque to counteract the motion. Given the state transition from s19 to s20 where the angular velocity changes from -0.0435 to -0.0433, we can predict that the agent will apply a positive torque to slow down the decrease in angular velocity.",2,9,1481,6cc70a1728fdd6661c266231b8e65fed2481518e7f441b434eafa64b5f72f4d7,3.5__Pendulum-v1__last-action__H10,19,data/llmx_data/offline_data/physics_data/raw_transitions/Pendulum-v1/episodes/episode_0.npz,,,,,,640,experiments/03_1_gpt35_history_n30_joint/results/records.jsonl,experiments/03_1_gpt35_history_n30_joint/results/runs/3.5__Pendulum-v1__last-action__H10/episode_000/predictions.jsonl,df322bb160c479af3dca49d1ad893719d38fd1d037a91ff26412c612c5d072e2,True,1527,216,1743,2.6166427499847487,2.6132350839907303,[0.5939425230026245],,,False,not_applicable,[0.6],True,,[6],True,,,False,not_applicable,,False,not_applicable,,False,not_applicable,,,,,,[6],,,,,,,,True,6.0,6.0,True,0.5939425230026245,0.6
3.5,Pendulum-v1,last-action,10,"Based on the agent's behavior in the provided steps, we can observe a pattern where the agent adjusts its actions based on the state changes. The agent seems to be making small adjustments in the actions to optimize the rewards. Given the state transition from s20 to s21 where the angular velocity decreases slightly, the agent might need to apply a torque that counteracts this decrease to maintain stability.",2,10,1482,9ea903297f4533ba38713cd7b2b7c5f0ccf0a7d53547af82353237ac227f6b06,3.5__Pendulum-v1__last-action__H10,20,data/llmx_data/offline_data/physics_data/raw_transitions/Pendulum-v1/episodes/episode_0.npz,,,,,,641,experiments/03_1_gpt35_history_n30_joint/results/records.jsonl,experiments/03_1_gpt35_history_n30_joint/results/runs/3.5__Pendulum-v1__last-action__H10/episode_000/predictions.jsonl,ddf4bbeb8de30219d6b68b02220495694270b5786719f75812cd52fc55641fb6,True,1525,130,1655,1.7333181659923866,1.7289276659721509,[0.08882922679185867],,,False,not_applicable,[0.4],True,,[6],True,,,False,not_applicable,,False,not_applicable,,False,not_applicable,,,,,,[5],,,,,,,,True,5.0,6.0,True,0.08882922679185867,0.4
3.5,Pendulum-v1,last-action,10,"Looking at the pattern in the agent's behavior, we can observe that the agent tends to adjust its actions based on the state changes. The actions taken seem to be influenced by the angular position and velocity of the pendulum. Since the state transition from s21 to s22 involves a change in the angular position and velocity, the agent is likely to adjust its action accordingly to stabilize the pendulum.",4,11,1483,496539ee58d9f105840ffa8c899e02ab63baa49ba57078bf2cfee6fb0c789447,3.5__Pendulum-v1__last-action__H10,21,data/llmx_data/offline_data/physics_data/raw_transitions/Pendulum-v1/episodes/episode_0.npz,,,,,,642,experiments/03_1_gpt35_history_n30_joint/results/records.jsonl,experiments/03_1_gpt35_history_n30_joint/results/runs/3.5__Pendulum-v1__last-action__H10/episode_000/predictions.jsonl,af29435530692d8408c83a39527594239e7ed521871f364c4325390c4cc15e09,True,1525,299,1824,3.746779042063281,3.7423910829238594,[0.6434862613677979],,,False,not_applicable,[-1.8],True,,[1],True,,,False,not_applicable,,False,not_applicable,,False,not_applicable,,,,,,[6],,,,,,,,True,6.0,1.0,True,0.6434862613677979,-1.8
3.5,Pendulum-v1,last-action,10,"Based on the agent's behavior in the provided steps, we can observe that the agent tends to adjust its actions based on the state changes. The agent seems to be making small adjustments in the actions to stabilize the pendulum. Given the state transition from s22 to s23 where the y-coordinate decreases significantly and the angular velocity becomes more negative, the agent might need to apply a torque in the positive direction to counteract this change and stabilize the pendulum.",2,12,1484,110cf781aa26653a58b5c89a6a6fde89cc4095d0cf44ddcef396d8a3a50bc15b,3.5__Pendulum-v1__last-action__H10,22,data/llmx_data/offline_data/physics_data/raw_transitions/Pendulum-v1/episodes/episode_0.npz,,,,,,643,experiments/03_1_gpt35_history_n30_joint/results/records.jsonl,experiments/03_1_gpt35_history_n30_joint/results/runs/3.5__Pendulum-v1__last-action__H10/episode_000/predictions.jsonl,7904252e5f78e74918fd7798ed416e5b8750338288297ffb7d3b6bc4fcbb6642,True,1524,144,1668,2.4069802910089493,2.4030639169504866,[-1.0871518850326538],,,False,not_applicable,[1.2],True,,[8],True,,,False,not_applicable,,False,not_applicable,,False,not_applicable,,,,,,[2],,,,,,,,True,2.0,8.0,True,-1.0871518850326538,1.2
3.5,Pendulum-v1,last-action,10,"Based on the provided sequence of states, actions, and rewards, we can observe the agent's behavior and how it responds to different states. The agent seems to be making adjustments to the torque applied based on the current state to maximize its reward. We can analyze the trend in the actions taken by the agent in response to changes in the state variables.",4,13,1485,768f41ea46f78304cf2d99fd3eb616fc89c55e096f18f1c289b5ab35b2ae47f9,3.5__Pendulum-v1__last-action__H10,23,data/llmx_data/offline_data/physics_data/raw_transitions/Pendulum-v1/episodes/episode_0.npz,,,,,,644,experiments/03_1_gpt35_history_n30_joint/results/records.jsonl,experiments/03_1_gpt35_history_n30_joint/results/runs/3.5__Pendulum-v1__last-action__H10/episode_000/predictions.jsonl,4d50c82515eb9e8c76e881443b5d04aa8fec7719f7ca45ec2b120c1df4a3af40,True,1528,325,1853,3.1049741660244763,3.1012707920745015,[1.421302080154419],,,False,not_applicable,[1.2],True,,[8],True,,,False,not_applicable,,False,not_applicable,,False,not_applicable,,,,,,[8],,,,,,,,True,8.0,8.0,True,1.421302080154419,1.2
3.5,Pendulum-v1,last-action,10,"Based on the provided sequence of states, actions, and rewards, we can observe the agent's behavior and how it responds to different states. The agent seems to be making adjustments to the torque applied based on the state of the pendulum to maximize its reward. We can analyze the trend in the actions taken by the agent in response to changes in the state variables.",4,14,1486,a252ab3ae05f34a45b43f2f087e4d6156bd5c8a8ab0d075371cadd91c448808a,3.5__Pendulum-v1__last-action__H10,24,data/llmx_data/offline_data/physics_data/raw_transitions/Pendulum-v1/episodes/episode_0.npz,,,,,,645,experiments/03_1_gpt35_history_n30_joint/results/records.jsonl,experiments/03_1_gpt35_history_n30_joint/results/runs/3.5__Pendulum-v1__last-action__H10/episode_000/predictions.jsonl,36e9db47025244d8ca028477b9a7371ca837acb72673d6896d7944d3a30845e6,True,1528,263,1791,3.1176952499663457,3.113632458029315,[0.33447736501693726],,,False,not_applicable,[-0.1],True,,[4],True,,,False,not_applicable,,False,not_applicable,,False,not_applicable,,,,,,[5],,,,,,,,True,5.0,4.0,True,0.33447736501693726,-0.1
3.5,Pendulum-v1,last-action,10,"Looking at the sequence of actions taken by the RL agent in the provided steps, we can observe that the agent tends to adjust its actions based on the state changes. The agent seems to be making small adjustments in the actions to stabilize the pendulum. Given the state transition from s25 to s26 where the y-coordinate decreases and the angular velocity becomes more negative, the agent might need to apply a torque that counteracts this change to prevent the pendulum from swinging too far in the negative direction.",2,15,1487,07019d6ff396c7d130fad3e62f9f791e45a8d0a5d6dee2b8432756c85c591875,3.5__Pendulum-v1__last-action__H10,25,data/llmx_data/offline_data/physics_data/raw_transitions/Pendulum-v1/episodes/episode_0.npz,,,,,,646,experiments/03_1_gpt35_history_n30_joint/results/records.jsonl,experiments/03_1_gpt35_history_n30_joint/results/runs/3.5__Pendulum-v1__last-action__H10/episode_000/predictions.jsonl,991ac6ef2ab74c9ae04f427fb611ba4b7118e6d572c18940709cb8eaec2a52b0,True,1528,214,1742,2.7598500000312924,2.7567663750378415,[-0.48779454827308655],,,False,not_applicable,[-0.5],True,,[2],True,,,False,not_applicable,,False,not_applicable,,False,not_applicable,,,,,,[3],,,,,,,,True,3.0,2.0,True,-0.48779454827308655,-0.5
3.5,Pendulum-v1,last-action,10,"Based on the provided sequence of states, actions, and rewards, we can observe the agent's behavior in the environment. The agent seems to be making adjustments to the torque applied based on the state of the pendulum. The rewards are negative, indicating that the agent is penalized for deviations from the desired upright position. The actions taken by the agent seem to vary based on the state of the pendulum, with some actions being positive and others negative.",4,16,1488,1b09ea738e8f3c9a4ce185cf191952b0f517feab91fc0ad356b27bebcc4cce02,3.5__Pendulum-v1__last-action__H10,26,data/llmx_data/offline_data/physics_data/raw_transitions/Pendulum-v1/episodes/episode_0.npz,,,,,,647,experiments/03_1_gpt35_history_n30_joint/results/records.jsonl,experiments/03_1_gpt35_history_n30_joint/results/runs/3.5__Pendulum-v1__last-action__H10/episode_000/predictions.jsonl,a6c3527f5843a92cda1c1e9424d9a99dc39434897ddd06b6c2666d2fc33e2d60,True,1538,264,1802,2.2653348749736324,2.262747332919389,[0.6751355528831482],,,False,not_applicable,[0.0],True,,[4],True,,,False,not_applicable,,False,not_applicable,,False,not_applicable,,,,,,[6],,,,,,,,True,6.0,4.0,True,0.6751355528831482,0.0
3.5,Pendulum-v1,last-action,10,"By observing the pattern in the agent's actions and rewards in the provided episode snippet, we can see that the agent tends to adjust its actions based on the state's angular position, velocity, and the rewards received. The agent seems to be making small adjustments to the torque applied to the pendulum based on the current state to optimize the reward function.",3,17,1489,cdd4c67b6cc2332219b422068fd2370b3ade9be3bd06f5c9b9927b0f2c651821,3.5__Pendulum-v1__last-action__H10,27,data/llmx_data/offline_data/physics_data/raw_transitions/Pendulum-v1/episodes/episode_0.npz,,,,,,648,experiments/03_1_gpt35_history_n30_joint/results/records.jsonl,experiments/03_1_gpt35_history_n30_joint/results/runs/3.5__Pendulum-v1__last-action__H10/episode_000/predictions.jsonl,4e4c3322adcac9652f4fa7f04d6fdf637c77e6e814eba0cbf6ab346423956e12,True,1539,125,1664,1.711391624994576,1.7081710420316085,[0.7845479249954224],,,False,not_applicable,[0.4],True,,[6],True,,,False,not_applicable,,False,not_applicable,,False,not_applicable,,,,,,[6],,,,,,,,True,6.0,6.0,True,0.7845479249954224,0.4
3.5,Pendulum-v1,last-action,10,"Looking at the sequence of actions taken by the RL agent in the provided episode, we can observe a pattern where the agent adjusts its actions based on the state changes. The agent seems to be making small adjustments to the actions in response to the changes in the state values. Given the gradual changes in the state values and rewards, the agent is likely to continue this trend in the next step.",3,18,1490,67f9670c5c51c0736d1d390d5a862ffce2449ea52f482c82d4460e66623b4f69,3.5__Pendulum-v1__last-action__H10,28,data/llmx_data/offline_data/physics_data/raw_transitions/Pendulum-v1/episodes/episode_0.npz,,,,,,649,experiments/03_1_gpt35_history_n30_joint/results/records.jsonl,experiments/03_1_gpt35_history_n30_joint/results/runs/3.5__Pendulum-v1__last-action__H10/episode_000/predictions.jsonl,0c7bf19f34d1681d219b350dbc59afd30fc26dc362d75646bd62a92864f5746c,True,1539,224,1763,2.376024790923111,2.371313125011511,[-1.375152826309204],,,False,not_applicable,[0.6],True,,[7],True,,,False,not_applicable,,False,not_applicable,,False,not_applicable,,,,,,[1],,,,,,,,True,1.0,7.0,True,-1.375152826309204,0.6
3.5,Pendulum-v1,last-action,10,"Looking at the pattern of actions taken by the RL agent in the provided steps, we can see that the actions vary based on the state values. The actions seem to adjust based on the pendulum's position and velocity to optimize the reward function. Since the state transition from s29 to s30 involves a change in the pendulum's position and velocity, we can expect the action a29 to be influenced by these changes.",4,19,1491,4533be8d9b44c151d557597c09ed27f29bfd93becd0ccfedccecb92cd676fe84,3.5__Pendulum-v1__last-action__H10,29,data/llmx_data/offline_data/physics_data/raw_transitions/Pendulum-v1/episodes/episode_0.npz,,,,,,650,experiments/03_1_gpt35_history_n30_joint/results/records.jsonl,experiments/03_1_gpt35_history_n30_joint/results/runs/3.5__Pendulum-v1__last-action__H10/episode_000/predictions.jsonl,320815f6f226ea3e02c508288228a560f526b4647ab5e522e8244ad14aea249e,True,1541,294,1835,2.297511584009044,2.2935890409862623,[1.9077938795089722],,,False,not_applicable,[-0.6],True,,[3],True,,,False,not_applicable,,False,not_applicable,,False,not_applicable,,,,,,[9],,,,,,,,True,9.0,3.0,True,1.9077938795089722,-0.6
3.5,Pendulum-v1,last-action,10,"Looking at the sequence of actions taken by the RL agent in the provided steps, we can observe a pattern where the agent adjusts its actions based on the state changes. The agent seems to be trying to stabilize the pendulum by adjusting the torque applied. Given the state transition from s30 to s31 where the angular velocity decreases significantly, the agent might need to apply a torque that counteracts this decrease to prevent the pendulum from swinging too far in the opposite direction.",2,20,1492,4469b3f326430f44604d28f52a26c79b4bff127c6a573b99249c1d1e26a2d68a,3.5__Pendulum-v1__last-action__H10,30,data/llmx_data/offline_data/physics_data/raw_transitions/Pendulum-v1/episodes/episode_0.npz,,,,,,651,experiments/03_1_gpt35_history_n30_joint/results/records.jsonl,experiments/03_1_gpt35_history_n30_joint/results/runs/3.5__Pendulum-v1__last-action__H10/episode_000/predictions.jsonl,1b03a92de5446f5ad137e0435f453688880a5143ec5a350b7dafa0316018f7db,True,1541,240,1781,2.3285722919972613,2.32552450010553,[-0.8885178565979004],,,False,not_applicable,[1.2],True,,[8],True,,,False,not_applicable,,False,not_applicable,,False,not_applicable,,,,,,[2],,,,,,,,True,2.0,8.0,True,-0.8885178565979004,1.2
3.5,Pendulum-v1,last-action,10,"Based on the provided sequence of states, actions, and rewards, we can observe the agent's behavior in response to different states. The agent seems to be making adjustments to the torque applied based on the current state to maximize its reward. The action values are within the range [-2, 2], and the rewards are penalized based on the angle, angular velocity, and torque applied.",4,21,1493,2a6469e1012c284e0c019c2d18926480644f2a53e0b29b2268763915450c7503,3.5__Pendulum-v1__last-action__H10,31,data/llmx_data/offline_data/physics_data/raw_transitions/Pendulum-v1/episodes/episode_0.npz,,,,,,652,experiments/03_1_gpt35_history_n30_joint/results/records.jsonl,experiments/03_1_gpt35_history_n30_joint/results/runs/3.5__Pendulum-v1__last-action__H10/episode_000/predictions.jsonl,a6702a57c61626496ef6aa02e3bd547aa6c0aef56b94c2346279206ff4e7afef,True,1542,233,1775,2.543691667029634,2.539530707988888,[1.4703737497329712],,,False,not_applicable,[0.8],True,,[8],True,,,False,not_applicable,,False,not_applicable,,False,not_applicable,,,,,,[8],,,,,,,,True,8.0,8.0,True,1.4703737497329712,0.8
3.5,Pendulum-v1,last-action,10,"Given the sequence of states, actions, and rewards provided, we can observe the agent's behavior and infer its action selection pattern. The reward function penalizes the angle deviation, angular velocity, and torque applied. The agent seems to be trying to minimize the negative reward by adjusting its actions based on the state observations.",4,22,1494,dece232eda94425cc53ceea02c37d82a5a18d2b81477a731604ca920717f1e05,3.5__Pendulum-v1__last-action__H10,32,data/llmx_data/offline_data/physics_data/raw_transitions/Pendulum-v1/episodes/episode_0.npz,,,,,,653,experiments/03_1_gpt35_history_n30_joint/results/records.jsonl,experiments/03_1_gpt35_history_n30_joint/results/runs/3.5__Pendulum-v1__last-action__H10/episode_000/predictions.jsonl,a4cfa9c1d46729a3c969fd5df8fe41f423f6e317047150a6462446327c12707e,True,1543,129,1672,2.564563540974632,2.560446709045209,[-0.9442287683486938],,,False,not_applicable,[0.8],True,,[7],True,,,False,not_applicable,,False,not_applicable,,False,not_applicable,,,,,,[2],,,,,,,,True,2.0,7.0,True,-0.9442287683486938,0.8
3.5,Pendulum-v1,last-action,10,"Based on the provided sequence of states, actions, and rewards, we can observe the agent's behavior and how it responds to different states. The agent seems to be making adjustments in its actions based on the state it is in to optimize the reward. We need to analyze the pattern in the actions taken by the agent in response to the states provided.",4,23,1495,c70874f3bbd47c4eaef4aab41f71c961b46ebc4c1761c0cb6a0f36ebc9fc844f,3.5__Pendulum-v1__last-action__H10,33,data/llmx_data/offline_data/physics_data/raw_transitions/Pendulum-v1/episodes/episode_0.npz,,,,,,654,experiments/03_1_gpt35_history_n30_joint/results/records.jsonl,experiments/03_1_gpt35_history_n30_joint/results/runs/3.5__Pendulum-v1__last-action__H10/episode_000/predictions.jsonl,3882d513da6dade0e82dee404fe35106342cd5346ac5c2df95aab3d7deead562,True,1542,306,1848,3.761673583998345,3.7514980420237407,[1.5583062171936035],,,False,not_applicable,[1.2],True,,[8],True,,,False,not_applicable,,False,not_applicable,,False,not_applicable,,,,,,[8],,,,,,,,True,8.0,8.0,True,1.5583062171936035,1.2
3.5,Pendulum-v1,last-action,10,"Based on the provided sequence of states, actions, and rewards, we can observe that the agent is making adjustments to the torque applied based on the state of the pendulum. The agent seems to be trying to minimize the negative reward by adjusting the torque in response to the pendulum's position and velocity. Since the pendulum is moving towards a more upright position (as seen in the increasing y-coordinate), the agent might need to decrease the torque to prevent overshooting.",4,24,1496,ddd7bdbb48a01e65e8b4ef02183d4f6d5a605b6ba15e19b21c7d4824ec42b6b8,3.5__Pendulum-v1__last-action__H10,34,data/llmx_data/offline_data/physics_data/raw_transitions/Pendulum-v1/episodes/episode_0.npz,,,,,,655,experiments/03_1_gpt35_history_n30_joint/results/records.jsonl,experiments/03_1_gpt35_history_n30_joint/results/runs/3.5__Pendulum-v1__last-action__H10/episode_000/predictions.jsonl,8e1daffe4bcb57f394de75f0c7edff066dcc943c6c62bc46702b52390c628e81,True,1543,215,1758,2.5611290419474244,2.556210833019577,[0.1804589033126831],,,False,not_applicable,[-0.5],True,,[3],True,,,False,not_applicable,,False,not_applicable,,False,not_applicable,,,,,,[5],,,,,,,,True,5.0,3.0,True,0.1804589033126831,-0.5
3.5,Pendulum-v1,last-action,10,"Based on the provided sequence of states, actions, and rewards, we can observe a pattern in the agent's behavior. The agent seems to adjust its actions based on the state's angular position and velocity to maximize the reward. The action taken by the agent in each step is likely influenced by the current state's values, especially the angular position and velocity components.",4,25,1497,4256cb69418e3e060baaaed0f59900d5c2fb46d2d5e83912ea476b42416faf98,3.5__Pendulum-v1__last-action__H10,35,data/llmx_data/offline_data/physics_data/raw_transitions/Pendulum-v1/episodes/episode_0.npz,,,,,,656,experiments/03_1_gpt35_history_n30_joint/results/records.jsonl,experiments/03_1_gpt35_history_n30_joint/results/runs/3.5__Pendulum-v1__last-action__H10/episode_000/predictions.jsonl,c01bdca25693e4d5ac10f3aa4d9c1d338a5024bddee8d1288146391d4af6d7c1,True,1542,249,1791,2.98029212502297,2.9763597500277683,[-1.4897518157958984],,,False,not_applicable,[-1.2],True,,[3],True,,,False,not_applicable,,False,not_applicable,,False,not_applicable,,,,,,[1],,,,,,,,True,1.0,3.0,True,-1.4897518157958984,-1.2
3.5,Pendulum-v1,last-action,10,"Based on the provided sequence of states, actions, and rewards, we can observe the agent's behavior in response to different states. The agent seems to be adjusting its actions based on the state values to optimize the reward. We need to analyze the pattern in the actions taken by the agent in the given sequence to predict the action a36.",4,26,1498,9e24d23ef72a5e8ad21d0b2006eb3a788c26643f6ed74d1c8ec49ec0ec061d13,3.5__Pendulum-v1__last-action__H10,36,data/llmx_data/offline_data/physics_data/raw_transitions/Pendulum-v1/episodes/episode_0.npz,,,,,,657,experiments/03_1_gpt35_history_n30_joint/results/records.jsonl,experiments/03_1_gpt35_history_n30_joint/results/runs/3.5__Pendulum-v1__last-action__H10/episode_000/predictions.jsonl,f965595e4115dd7b0ccdb70cecc81fe4e05923cbfae78416ab8df667f879619c,True,1542,260,1802,2.5784748749574646,2.573522165999748,[1.7350534200668335],,,False,not_applicable,[0.6],True,,[6],True,,,False,not_applicable,,False,not_applicable,,False,not_applicable,,,,,,[9],,,,,,,,True,9.0,6.0,True,1.7350534200668335,0.6
3.5,Pendulum-v1,last-action,10,"Based on the provided sequence of states, actions, and rewards, we can observe the agent's behavior in response to different states. The agent seems to be adjusting its actions based on the state's characteristics, such as the angle, angular velocity, and the reward received. By analyzing the trend in the actions taken by the agent in the given sequence, we can make a prediction for the action the agent might take in the next step.",4,27,1499,80e35e813f62e145d97c2d7eaacdf47dfb722198a97a2a9c78e2aae5df0c8c63,3.5__Pendulum-v1__last-action__H10,37,data/llmx_data/offline_data/physics_data/raw_transitions/Pendulum-v1/episodes/episode_0.npz,,,,,,658,experiments/03_1_gpt35_history_n30_joint/results/records.jsonl,experiments/03_1_gpt35_history_n30_joint/results/runs/3.5__Pendulum-v1__last-action__H10/episode_000/predictions.jsonl,68b755e32f5f95a3505ea496d8c92de6e0db2bb2d92c1eba42624a797cf17273,True,1542,347,1889,3.4647908749757335,3.4611312920460477,[-1.974252700805664],,,False,not_applicable,[1.8],True,,[8],True,,,False,not_applicable,,False,not_applicable,,False,not_applicable,,,,,,[0],,,,,,,,True,0.0,8.0,True,-1.974252700805664,1.8
3.5,Pendulum-v1,last-action,10,"Based on the provided sequence of states, actions, and rewards, we can observe the agent's behavior and infer its decision-making process. The agent seems to be adjusting its actions based on the state information to maximize its reward. Since the reward function penalizes the angle and angular velocity, the agent is likely trying to minimize these values while also considering the torque applied.",4,28,1500,0dd272bffddca5aa23165e6469e9d70f64982df30ef0796df64631f07e3233fe,3.5__Pendulum-v1__last-action__H10,38,data/llmx_data/offline_data/physics_data/raw_transitions/Pendulum-v1/episodes/episode_0.npz,,,,,,659,experiments/03_1_gpt35_history_n30_joint/results/records.jsonl,experiments/03_1_gpt35_history_n30_joint/results/runs/3.5__Pendulum-v1__last-action__H10/episode_000/predictions.jsonl,eeb0fb2365ee895c4c699dac532eb0d456a773b9d0ac538fd8cfe5959ac13530,False,1535,279,1814,2.3292988339671865,2.325113292085007,[2.0],,,False,not_applicable,,False,non_literal_or_placeholder,[4],True,,,False,not_applicable,,False,not_applicable,,False,not_applicable,,,,,,[9],,,,,,,,True,9.0,4.0,False,2.0,
3.5,Pendulum-v1,last-action,10,"Based on the provided sequence of states, actions, and rewards, we can observe the agent's behavior in response to different states. The agent seems to be adjusting its actions based on the state values to optimize the reward. We will analyze the pattern in the actions taken by the agent in the given sequence to predict the action a39.",4,29,1501,ab02cdc82503b12c725b139878c17da4bb47e94b4359163f1343722099a43b45,3.5__Pendulum-v1__last-action__H10,39,data/llmx_data/offline_data/physics_data/raw_transitions/Pendulum-v1/episodes/episode_0.npz,,,,,,660,experiments/03_1_gpt35_history_n30_joint/results/records.jsonl,experiments/03_1_gpt35_history_n30_joint/results/runs/3.5__Pendulum-v1__last-action__H10/episode_000/predictions.jsonl,c5ac11651883fb2661845ef98f86066168c9ccb466eb0ccec977081b41c13870,True,1533,214,1747,2.074869707925245,2.070322416955605,[1.0084922313690186],,,False,not_applicable,[0.4],True,,[6],True,,,False,not_applicable,,False,not_applicable,,False,not_applicable,,,,,,[7],,,,,,,,True,7.0,6.0,True,1.0084922313690186,0.4
3.5,Pendulum-v1,last-action,20,"The agent seems to be gradually adjusting its actions based on the rewards received. As the rewards decrease, the agent is likely trying to stabilize the pendulum. Given the state transition from s20 to s21 where the angular velocity decreases slightly and the pendulum moves slightly towards the upright position, the agent may choose an action that continues this trend of stabilization.",2,0,1502,8323d753dd88b3f4d9a8a0faf8614645bfac6723107ddb00f0be0cab6c9c9783,3.5__Pendulum-v1__last-action__H20,20,data/llmx_data/offline_data/physics_data/raw_transitions/Pendulum-v1/episodes/episode_0.npz,,,,,,661,experiments/03_1_gpt35_history_n30_joint/results/records.jsonl,experiments/03_1_gpt35_history_n30_joint/results/runs/3.5__Pendulum-v1__last-action__H20/episode_000/predictions.jsonl,365d99ea11c5687639491187e8486e8621057d1a19981b10945f29f1a9245881,True,1961,166,2127,2.244035374955274,2.2402255829656497,[0.08882922679185867],,,False,not_applicable,[0.4],True,,[5],True,,,False,not_applicable,,False,not_applicable,,False,not_applicable,,,,,,[5],,,,,,,,True,5.0,5.0,True,0.08882922679185867,0.4
3.5,Pendulum-v1,last-action,20,"Based on the agent's behavior in the provided episode, we can observe that the agent tends to adjust its actions gradually as it moves towards the desired state. The agent seems to make small adjustments in the action values to fine-tune its control of the pendulum. Given the state transition from s21 to s22 where the angular velocity decreases slightly and the y-coordinate increases, the agent might need to apply a small positive torque to continue adjusting the pendulum's position.",2,1,1503,736c82c003fda1c1ce0d4222c89de1e650fa4558285b53f4a40ea9b9cf6056ed,3.5__Pendulum-v1__last-action__H20,21,data/llmx_data/offline_data/physics_data/raw_transitions/Pendulum-v1/episodes/episode_0.npz,,,,,,662,experiments/03_1_gpt35_history_n30_joint/results/records.jsonl,experiments/03_1_gpt35_history_n30_joint/results/runs/3.5__Pendulum-v1__last-action__H20/episode_000/predictions.jsonl,e24501ce07ef6cd12666a43f520169f927b421ab7afe1b4fe75f3db0553f8780,True,1964,146,2110,1.7056325830053538,1.701488957973197,[0.6434862613677979],,,False,not_applicable,[0.4],True,,[6],True,,,False,not_applicable,,False,not_applicable,,False,not_applicable,,,,,,[6],,,,,,,,True,6.0,6.0,True,0.6434862613677979,0.4
3.5,Pendulum-v1,last-action,20,"Based on the agent's behavior in the provided episode, we can observe that the agent tends to adjust its actions gradually as the state changes. The actions taken by the agent seem to be influenced by the current state values, rewards received, and the goal of swinging the pendulum into an upright position. Since the state has transitioned from s22 = [[ 0.9991, -0.0418,  0.0467]] to s23 = [[ 0.9988, -0.0492, -0.1478]], we can expect the agent to adjust its action accordingly to continue moving towards the goal.",4,2,1504,a2d1f512f729a4de2dde1bd06c689ecf216b59a531e2682e93e7413eb50cdc6c,3.5__Pendulum-v1__last-action__H20,22,data/llmx_data/offline_data/physics_data/raw_transitions/Pendulum-v1/episodes/episode_0.npz,,,,,,663,experiments/03_1_gpt35_history_n30_joint/results/records.jsonl,experiments/03_1_gpt35_history_n30_joint/results/runs/3.5__Pendulum-v1__last-action__H20/episode_000/predictions.jsonl,e16d9c67602d15007cec811322bc412c6ad1e6c0fd536f0ddf1e13ad7151da5c,True,1966,247,2213,2.9668755419552326,2.963150208001025,[-1.0871518850326538],,,False,not_applicable,[-1.5],True,,[4],True,,,False,not_applicable,,False,not_applicable,,False,not_applicable,,,,,,[2],,,,,,,,True,2.0,4.0,True,-1.0871518850326538,-1.5
3.5,Pendulum-v1,last-action,20,"Looking at the agent's behavior in the provided steps, we can see that the agent tends to adjust its actions gradually based on the rewards received. The actions taken seem to be fine-tuned to optimize the reward function. Since the agent is trying to swing the pendulum into an upright position, it will likely adjust the torque applied based on the current state and the rewards received.",3,3,1505,844edcdb4a5f547efc9b4f6330fe2c13baf1146a15067414a78977bee23bbe99,3.5__Pendulum-v1__last-action__H20,23,data/llmx_data/offline_data/physics_data/raw_transitions/Pendulum-v1/episodes/episode_0.npz,,,,,,664,experiments/03_1_gpt35_history_n30_joint/results/records.jsonl,experiments/03_1_gpt35_history_n30_joint/results/runs/3.5__Pendulum-v1__last-action__H20/episode_000/predictions.jsonl,57845bc12605569e7ca23e031ecf8e530c587423291b7288e7c87025b384e74c,True,1970,211,2181,2.4287935830652714,2.4248357919277623,[1.421302080154419],,,False,not_applicable,[0.4],True,,[6],True,,,False,not_applicable,,False,not_applicable,,False,not_applicable,,,,,,[8],,,,,,,,True,8.0,6.0,True,1.421302080154419,0.4
3.5,Pendulum-v1,last-action,20,"Based on the agent's behavior in the provided episode, we can observe a pattern where the agent adjusts its actions gradually in response to the state changes. The actions taken seem to be influenced by the current state values, rewards received, and the goal of swinging the pendulum into an upright position. Since the state transition from s24 to s25 involves a slight change in the y-coordinate and angular velocity while maintaining a similar x-coordinate, the action a24 is likely to be fine-tuned to continue this adjustment process.",2,4,1506,c101adfa4fbdea494d4fb2fff3389b72d9432b58f02b5325191fb854ab671d20,3.5__Pendulum-v1__last-action__H20,24,data/llmx_data/offline_data/physics_data/raw_transitions/Pendulum-v1/episodes/episode_0.npz,,,,,,665,experiments/03_1_gpt35_history_n30_joint/results/records.jsonl,experiments/03_1_gpt35_history_n30_joint/results/runs/3.5__Pendulum-v1__last-action__H20/episode_000/predictions.jsonl,70778c45f0d5f5abf244946921b85fc46c15ec927c70f20bd0d680fff23117d5,True,1970,219,2189,2.3963371670106426,2.391853709006682,[0.33447736501693726],,,False,not_applicable,[0.0],True,,[5],True,,,False,not_applicable,,False,not_applicable,,False,not_applicable,,,,,,[5],,,,,,,,True,5.0,5.0,True,0.33447736501693726,0.0
3.5,Pendulum-v1,last-action,20,"Based on the agent's behavior in the provided steps, we can observe that the agent tends to adjust its actions gradually based on the state changes. The actions taken by the agent seem to be influenced by the current state values, particularly the angular position and velocity of the pendulum. Since the state transition from s25 to s26 involves a change in the angular position and velocity, the action a25 is likely to be adjusted to counteract this change.",4,5,1507,bef0ecd29bdfcc493ad9382d1a5a9af9d78b5264c88404154517041d03ddd1cf,3.5__Pendulum-v1__last-action__H20,25,data/llmx_data/offline_data/physics_data/raw_transitions/Pendulum-v1/episodes/episode_0.npz,,,,,,666,experiments/03_1_gpt35_history_n30_joint/results/records.jsonl,experiments/03_1_gpt35_history_n30_joint/results/runs/3.5__Pendulum-v1__last-action__H20/episode_000/predictions.jsonl,62093565f79df1737c1b7add777196d2ac869e53f088d608aaf223b5e4452dab,True,1973,244,2217,1.9435678330482915,1.939623499987647,[-0.48779454827308655],,,False,not_applicable,[-0.2],True,,[3],True,,,False,not_applicable,,False,not_applicable,,False,not_applicable,,,,,,[3],,,,,,,,True,3.0,3.0,True,-0.48779454827308655,-0.2
3.5,Pendulum-v1,last-action,20,"Based on the agent's behavior in the provided steps, we can observe a pattern where the agent adjusts its actions gradually in response to changes in the state. The actions taken seem to be influenced by the current state values, rewards received, and the goal of swinging the pendulum into an upright position. The agent tends to make small adjustments to the torque applied to the pendulum based on the feedback received from the environment.",3,6,1508,4c8a222cd8f368719bd5e06a3fec1e8e4d1348c2ed9594f0d0f7ea236df784b3,3.5__Pendulum-v1__last-action__H20,26,data/llmx_data/offline_data/physics_data/raw_transitions/Pendulum-v1/episodes/episode_0.npz,,,,,,667,experiments/03_1_gpt35_history_n30_joint/results/records.jsonl,experiments/03_1_gpt35_history_n30_joint/results/runs/3.5__Pendulum-v1__last-action__H20/episode_000/predictions.jsonl,3693f2347754716e14ac443b329203fa31c7e2ade10149d2b004dfdfa947fde0,True,1982,138,2120,1.7018430000171065,1.6978830000152811,[0.6751355528831482],,,False,not_applicable,[0.0],True,,[4],True,,,False,not_applicable,,False,not_applicable,,False,not_applicable,,,,,,[6],,,,,,,,True,6.0,4.0,True,0.6751355528831482,0.0
3.5,Pendulum-v1,last-action,20,"Based on the agent's behavior in the provided episode, we can observe a pattern where the agent adjusts its actions gradually in response to changes in the state. The actions taken seem to be influenced by the current state values, rewards received, and the goal of swinging the pendulum into an upright position. The actions are within the range of [-2, 2] and are likely to be fine-tuned based on the state information to achieve the task's objective.",3,7,1509,0a66b546b105d8c5cb3c392527e996b08b67da775389a251893d81f81e8b13d4,3.5__Pendulum-v1__last-action__H20,27,data/llmx_data/offline_data/physics_data/raw_transitions/Pendulum-v1/episodes/episode_0.npz,,,,,,668,experiments/03_1_gpt35_history_n30_joint/results/records.jsonl,experiments/03_1_gpt35_history_n30_joint/results/runs/3.5__Pendulum-v1__last-action__H20/episode_000/predictions.jsonl,5b39f890f0818e6c89e7d17f5597e71743b72e057514b760b5015d5ad5ea5e7e,True,1980,149,2129,2.4883679589256644,2.485022500040941,[0.7845479249954224],,,False,not_applicable,[0.4],True,,[6],True,,,False,not_applicable,,False,not_applicable,,False,not_applicable,,,,,,[6],,,,,,,,True,6.0,6.0,True,0.7845479249954224,0.4
3.5,Pendulum-v1,last-action,20,"Based on the agent's behavior in the provided steps, we can observe a pattern where the agent adjusts its actions based on the state's angular position and velocity. The agent seems to be making small adjustments to the torque applied to the pendulum based on the current state to gradually stabilize the pendulum. Given the transition from state s28 to s29 where the angular position changes from 0.0448 to -0.0528, it is likely that the agent will adjust the torque to counteract this change and try to stabilize the pendulum.",2,8,1510,2fff1aba7b5df781b2922d03777b2c9ff7970af523ba981c8ec2eba5f60e70a1,3.5__Pendulum-v1__last-action__H20,28,data/llmx_data/offline_data/physics_data/raw_transitions/Pendulum-v1/episodes/episode_0.npz,,,,,,669,experiments/03_1_gpt35_history_n30_joint/results/records.jsonl,experiments/03_1_gpt35_history_n30_joint/results/runs/3.5__Pendulum-v1__last-action__H20/episode_000/predictions.jsonl,7f29c4223c34d3d943415c78403e48186792d80aae232e376446190d28b6be9e,True,1978,243,2221,2.148170999949798,2.1442493330687284,[-1.375152826309204],,,False,not_applicable,[-1.5],True,,[0],True,,,False,not_applicable,,False,not_applicable,,False,not_applicable,,,,,,[1],,,,,,,,True,1.0,0.0,True,-1.375152826309204,-1.5
3.5,Pendulum-v1,last-action,20,"Based on the agent's behavior in the provided episode, we can observe that the agent tends to adjust its actions gradually based on the state changes. The actions taken by the agent seem to be influenced by the current state values, rewards received, and the goal of swinging the pendulum upright. Since the state transition from s29 to s30 involves a change in the y-coordinate from -0.0528 to -0.0484 and a change in the angular velocity from -0.1588 to 0.0878, the agent might need to apply an action that helps stabilize the pendulum in the new state.",2,9,1511,fffd27abd1d886427be5a931ef73db7781bf6198e09ee658f908a73d5dd327ab,3.5__Pendulum-v1__last-action__H20,29,data/llmx_data/offline_data/physics_data/raw_transitions/Pendulum-v1/episodes/episode_0.npz,,,,,,670,experiments/03_1_gpt35_history_n30_joint/results/records.jsonl,experiments/03_1_gpt35_history_n30_joint/results/runs/3.5__Pendulum-v1__last-action__H20/episode_000/predictions.jsonl,9a1c109d80e6d363fb394a001942729acb0e7c37e83ebc0581f882110efdc24d,True,1981,178,2159,1.9570397920906544,1.9521288749529049,[1.9077938795089722],,,False,not_applicable,[0.8],True,,[7],True,,,False,not_applicable,,False,not_applicable,,False,not_applicable,,,,,,[9],,,,,,,,True,9.0,7.0,True,1.9077938795089722,0.8
3.5,Pendulum-v1,last-action,20,"Based on the agent's behavior in the provided episode, we can observe that the agent tends to adjust its actions gradually based on the state changes. The actions taken seem to be influenced by the current state values, rewards received, and the goal of swinging the pendulum into an upright position. The agent is likely trying to minimize the negative reward by making small adjustments to the torque applied.",3,10,1512,c125e64e28ca1de801a3960a0cb13ccb8218daf2a5836f182285d63d3e86e089,3.5__Pendulum-v1__last-action__H20,30,data/llmx_data/offline_data/physics_data/raw_transitions/Pendulum-v1/episodes/episode_0.npz,,,,,,671,experiments/03_1_gpt35_history_n30_joint/results/records.jsonl,experiments/03_1_gpt35_history_n30_joint/results/runs/3.5__Pendulum-v1__last-action__H20/episode_000/predictions.jsonl,c8e41a2108778741048b323a0d6df957470e36ea764cc6303c33167635e3c244,True,1980,247,2227,2.7260182079626247,2.722795541980304,[-0.8885178565979004],,,False,not_applicable,[-0.5],True,,[3],True,,,False,not_applicable,,False,not_applicable,,False,not_applicable,,,,,,[2],,,,,,,,True,2.0,3.0,True,-0.8885178565979004,-0.5
3.5,Pendulum-v1,last-action,20,"Based on the provided sequence of states, actions, and rewards, we can observe the agent's behavior and attempt to predict the action a31. The agent seems to be making adjustments to the torque applied based on the state of the pendulum. The action values are within the range [-2, 2], and the rewards indicate the agent is trying to minimize the angle and angular velocity of the pendulum.",4,11,1513,3d73ec3ee0410d05f34f077bfafaa8e7e141ff6e4ae3ba9eec18df83a7f34d2f,3.5__Pendulum-v1__last-action__H20,31,data/llmx_data/offline_data/physics_data/raw_transitions/Pendulum-v1/episodes/episode_0.npz,,,,,,672,experiments/03_1_gpt35_history_n30_joint/results/records.jsonl,experiments/03_1_gpt35_history_n30_joint/results/runs/3.5__Pendulum-v1__last-action__H20/episode_000/predictions.jsonl,c2ed54f3afd7b8276f153bc9c333fd296558fb7ab706ff1ab16d0ee5bce9e739,True,1981,210,2191,3.006176207913086,3.002117082942277,[1.4703737497329712],,,False,not_applicable,[0.5],True,,[6],True,,,False,not_applicable,,False,not_applicable,,False,not_applicable,,,,,,[8],,,,,,,,True,8.0,6.0,True,1.4703737497329712,0.5
3.5,Pendulum-v1,last-action,20,"Based on the provided sequence of states, actions, and rewards, we can observe the agent's behavior in response to different states. The agent seems to adjust its actions based on the state values to optimize the reward function. We will analyze the trend in the actions taken by the agent to predict the action a32.",4,12,1514,8555e4ef00eda35a67726d668bbc514e5299d6a1a3866b4a916ab6c2b24d3e52,3.5__Pendulum-v1__last-action__H20,32,data/llmx_data/offline_data/physics_data/raw_transitions/Pendulum-v1/episodes/episode_0.npz,,,,,,673,experiments/03_1_gpt35_history_n30_joint/results/records.jsonl,experiments/03_1_gpt35_history_n30_joint/results/runs/3.5__Pendulum-v1__last-action__H20/episode_000/predictions.jsonl,1ce6108510606e215be7802b0814e1869ea3343a149adad1c12f486c2642a279,True,1980,219,2199,2.458738666959107,2.454453625017777,[-0.9442287683486938],,,False,not_applicable,[-1.0],True,,[4],True,,,False,not_applicable,,False,not_applicable,,False,not_applicable,,,,,,[2],,,,,,,,True,2.0,4.0,True,-0.9442287683486938,-1.0
3.5,Pendulum-v1,last-action,20,"The agent seems to be making gradual adjustments to the torque applied based on the state observations and rewards received. Looking at the pattern in the actions taken so far, the agent tends to adjust the torque in small increments to stabilize the pendulum. Since the state transition from s33 to s34 involves a change in the y-coordinate from -0.0514 to -0.0455, it indicates a movement towards the upright position. Therefore, the agent is likely to continue this trend by adjusting the torque slightly to further stabilize the pendulum.",2,13,1515,4a292896f908f9362bef4b81e25d000f95cdce38f87408326ea7a94cc3ab0d84,3.5__Pendulum-v1__last-action__H20,33,data/llmx_data/offline_data/physics_data/raw_transitions/Pendulum-v1/episodes/episode_0.npz,,,,,,674,experiments/03_1_gpt35_history_n30_joint/results/records.jsonl,experiments/03_1_gpt35_history_n30_joint/results/runs/3.5__Pendulum-v1__last-action__H20/episode_000/predictions.jsonl,79ec1760a5417a1b1470d7e7ea8069b40eff635fb323fd4fdd4464136c65e92a,True,1983,236,2219,3.2163229170255363,3.2120813339715824,[1.5583062171936035],,,False,not_applicable,[-0.2],True,,[4],True,,,False,not_applicable,,False,not_applicable,,False,not_applicable,,,,,,[8],,,,,,,,True,8.0,4.0,True,1.5583062171936035,-0.2
3.5,Pendulum-v1,last-action,20,"Based on the provided sequence of states, actions, and rewards, we can observe a pattern in the agent's behavior. The agent seems to adjust its actions based on the state changes to optimize the reward. Since the state transition from s34 to s35 involves a decrease in the y-coordinate and a slight decrease in the angular velocity, the agent might need to apply a torque that counteracts this change to swing the pendulum back towards the upright position.",2,14,1516,ad50afe67250a9d7ae480e16071eaade784a1ac7468b4ffb96e249bfb24e47f0,3.5__Pendulum-v1__last-action__H20,34,data/llmx_data/offline_data/physics_data/raw_transitions/Pendulum-v1/episodes/episode_0.npz,,,,,,675,experiments/03_1_gpt35_history_n30_joint/results/records.jsonl,experiments/03_1_gpt35_history_n30_joint/results/runs/3.5__Pendulum-v1__last-action__H20/episode_000/predictions.jsonl,a70ae99a4d3d9d8d420c5c818db4ac2520ef73b5eec81c62aa472fedd6e51946,True,1984,199,2183,2.2491660420782864,2.2448754999786615,[0.1804589033126831],,,False,not_applicable,[0.3],True,,[6],True,,,False,not_applicable,,False,not_applicable,,False,not_applicable,,,,,,[5],,,,,,,,True,5.0,6.0,True,0.1804589033126831,0.3
3.5,Pendulum-v1,last-action,20,"Based on the agent's behavior in the provided episode, we can observe that the agent tends to adjust its actions gradually based on the state changes. The actions taken seem to be influenced by the current state values, rewards received, and the goal of swinging the pendulum into an upright position. Since the state transition from s35 to s36 involves a change in the y-coordinate from 0.04 to -0.0472 and a change in the angular velocity from 0.1103 to -0.1432, the agent might need to apply a torque that counteracts the change in the y-coordinate and angular velocity to stabilize the pendulum.",2,15,1517,5f90f156457d9b52de01f79305448a089ab70c67d09200be80cdcb2f4fc48850,3.5__Pendulum-v1__last-action__H20,35,data/llmx_data/offline_data/physics_data/raw_transitions/Pendulum-v1/episodes/episode_0.npz,,,,,,676,experiments/03_1_gpt35_history_n30_joint/results/records.jsonl,experiments/03_1_gpt35_history_n30_joint/results/runs/3.5__Pendulum-v1__last-action__H20/episode_000/predictions.jsonl,837f086730e6bab1d61cc776ee50ac066bc04c62e30f3708e2c5ccf53de31460,True,1984,186,2170,2.998307125060819,2.993754416005686,[-1.4897518157958984],,,False,not_applicable,[-0.8],True,,[3],True,,,False,not_applicable,,False,not_applicable,,False,not_applicable,,,,,,[1],,,,,,,,True,1.0,3.0,True,-1.4897518157958984,-0.8
3.5,Pendulum-v1,last-action,20,"Based on the provided sequence of states, actions, and rewards, we can observe the agent's behavior and try to predict the action a36. The reward function penalizes theta^2, theta_dt^2, and torque^2. The agent seems to be trying to minimize the reward by gradually adjusting its actions based on the state observations.",4,16,1518,6ac9ff81f4959014431579d1f8ea2167600950edb4a0c69453158f71144b19e0,3.5__Pendulum-v1__last-action__H20,36,data/llmx_data/offline_data/physics_data/raw_transitions/Pendulum-v1/episodes/episode_0.npz,,,,,,677,experiments/03_1_gpt35_history_n30_joint/results/records.jsonl,experiments/03_1_gpt35_history_n30_joint/results/runs/3.5__Pendulum-v1__last-action__H20/episode_000/predictions.jsonl,8460371d0b707269fef5975e95068e921c44ca28821a77134c56fc0aedc6f72b,False,1984,403,2387,2.83854687504936,2.834463084000163,[1.7350534200668335],,,False,not_applicable,,False,non_literal_or_placeholder,,False,wrong_dimension,,False,not_applicable,,False,not_applicable,,False,not_applicable,,,,,,[9],,,,,,,,False,9.0,,False,1.7350534200668335,
3.5,Pendulum-v1,last-action,20,"Based on the agent's behavior in the provided episode, we can observe a pattern where the agent tends to adjust its actions gradually based on the state changes. The actions taken seem to be influenced by the angular position and velocity of the pendulum. Given the transition from state s37 to s38 where the angular position decreases significantly and the angular velocity becomes more negative, the agent might need to apply a larger negative torque to counteract this change and stabilize the pendulum.",2,17,1519,d23a6cd26dbcdb427addecadd7df154eb4ff87f3d9bddd444015edf0e33b584e,3.5__Pendulum-v1__last-action__H20,37,data/llmx_data/offline_data/physics_data/raw_transitions/Pendulum-v1/episodes/episode_0.npz,,,,,,678,experiments/03_1_gpt35_history_n30_joint/results/records.jsonl,experiments/03_1_gpt35_history_n30_joint/results/runs/3.5__Pendulum-v1__last-action__H20/episode_000/predictions.jsonl,0835277224a5ea886792c05cb3470e3b66012334bdd996fa64b5c7477857e048,True,1985,149,2134,2.2107731249416247,2.2075227089226246,[-1.974252700805664],,,False,not_applicable,[-1.6],True,,[1],True,,,False,not_applicable,,False,not_applicable,,False,not_applicable,,,,,,[0],,,,,,,,True,0.0,1.0,True,-1.974252700805664,-1.6
3.5,Pendulum-v1,last-action,20,"The agent seems to be making actions based on the state observations to maximize its reward. Looking at the pattern of actions taken in the provided episode, we can see that the agent adjusts its actions based on the state values. Since the state s38 is close to the edge of the action space range, the agent might choose an action that helps bring the pendulum back towards the upright position.",4,18,1520,2c2412faa67a49e0c1b904d4f8644c20b7975655eef3a1c6b0cd1d5b0211b43f,3.5__Pendulum-v1__last-action__H20,38,data/llmx_data/offline_data/physics_data/raw_transitions/Pendulum-v1/episodes/episode_0.npz,,,,,,679,experiments/03_1_gpt35_history_n30_joint/results/records.jsonl,experiments/03_1_gpt35_history_n30_joint/results/runs/3.5__Pendulum-v1__last-action__H20/episode_000/predictions.jsonl,b587a01ed90bffbbc5de3c12c36c52c05207e3b713593778afee960f85ea4fca,True,1988,284,2272,2.3888808749616146,2.386047958978452,[2.0],,,False,not_applicable,[-0.5],True,,[3],True,,,False,not_applicable,,False,not_applicable,,False,not_applicable,,,,,,[9],,,,,,,,True,9.0,3.0,True,2.0,-0.5
3.5,Pendulum-v1,last-action,20,"Based on the agent's behavior in the provided episode, we can observe that the agent tends to adjust its actions based on the state's angular position and velocity to minimize the negative reward. The agent seems to be making small adjustments to the torque applied to the pendulum based on the current state.",3,19,1521,c9ffea0d42b4e7baade82beecd46f85afc57028c1b38143ed2db99eb8ab62c78,3.5__Pendulum-v1__last-action__H20,39,data/llmx_data/offline_data/physics_data/raw_transitions/Pendulum-v1/episodes/episode_0.npz,,,,,,680,experiments/03_1_gpt35_history_n30_joint/results/records.jsonl,experiments/03_1_gpt35_history_n30_joint/results/runs/3.5__Pendulum-v1__last-action__H20/episode_000/predictions.jsonl,97a03466652dff57725b9c6ead8b1aab24374d623700dce2fb39b7acb274e473,True,1987,209,2196,2.1220361249288544,2.118907166994177,[1.0084922313690186],,,False,not_applicable,[0.6],True,,[6],True,,,False,not_applicable,,False,not_applicable,,False,not_applicable,,,,,,[7],,,,,,,,True,7.0,6.0,True,1.0084922313690186,0.6
3.5,Pendulum-v1,last-action,20,"The agent seems to be gradually adjusting its actions based on the rewards received. Looking at the sequence of rewards, the agent is likely trying to minimize the negative rewards by adjusting its actions accordingly. Since the reward function penalizes theta^2, theta_dt^2, and torque^2, the agent will likely try to reduce the values of theta and theta_dt while keeping the torque within a certain range.",4,20,1522,2527fb892d30dec69f6ec3d9bd64dc94d713b7799389c28a91373b23cefbe1b0,3.5__Pendulum-v1__last-action__H20,40,data/llmx_data/offline_data/physics_data/raw_transitions/Pendulum-v1/episodes/episode_0.npz,,,,,,681,experiments/03_1_gpt35_history_n30_joint/results/records.jsonl,experiments/03_1_gpt35_history_n30_joint/results/runs/3.5__Pendulum-v1__last-action__H20/episode_000/predictions.jsonl,aeab2025af0b7ec1d7e8240c024e3e5be024e95537f4969cbe1015f52c563643,True,1987,254,2241,2.7190680420026183,2.7146648339694366,[0.3147212266921997],,,False,not_applicable,[1.2],True,,[8],True,,,False,not_applicable,,False,not_applicable,,False,not_applicable,,,,,,[5],,,,,,,,True,5.0,8.0,True,0.3147212266921997,1.2
3.5,Pendulum-v1,last-action,20,"Given the sequence of states, actions, and rewards provided, we can observe the agent's behavior and try to predict the action it would take in the next step based on the pattern in the data. The reward function encourages the agent to swing the pendulum up while minimizing the angle and angular velocity. We need to analyze how the agent's actions change based on the state transitions and rewards received.",4,21,1523,defab87d29ef5136d00accf8424a04d04a4a43027e5d33e10f3668bfa70bc6d6,3.5__Pendulum-v1__last-action__H20,41,data/llmx_data/offline_data/physics_data/raw_transitions/Pendulum-v1/episodes/episode_0.npz,,,,,,682,experiments/03_1_gpt35_history_n30_joint/results/records.jsonl,experiments/03_1_gpt35_history_n30_joint/results/runs/3.5__Pendulum-v1__last-action__H20/episode_000/predictions.jsonl,46dbef9e1607196e0b9a68afb71d60a0d260f0ea0a37d81d9753fe1cced250db,True,1986,367,2353,3.5675444580847397,3.563953166943975,[0.46364936232566833],,,False,not_applicable,[-0.6],True,,[3],True,,,False,not_applicable,,False,not_applicable,,False,not_applicable,,,,,,[6],,,,,,,,True,6.0,3.0,True,0.46364936232566833,-0.6
3.5,Pendulum-v1,last-action,20,"Based on the provided sequence of states, actions, and rewards, we can observe the agent's behavior and infer its action selection pattern. The agent seems to be adjusting its actions based on the state values to optimize the reward. Since the reward function penalizes theta^2, theta_dt^2, and torque^2, the agent is likely trying to minimize the angle deviation, angular velocity, and torque applied.",4,22,1524,62d867b387d03f12ac0d8360a9c3e5a62022dce4cc8f12e0a879078e1b2ed62e,3.5__Pendulum-v1__last-action__H20,42,data/llmx_data/offline_data/physics_data/raw_transitions/Pendulum-v1/episodes/episode_0.npz,,,,,,683,experiments/03_1_gpt35_history_n30_joint/results/records.jsonl,experiments/03_1_gpt35_history_n30_joint/results/runs/3.5__Pendulum-v1__last-action__H20/episode_000/predictions.jsonl,a42af8359242ac9b6469ef4f3bdd271d4fec90f0d1052981dc0bae8fe4bf8f26,True,1988,214,2202,2.0742381250020117,2.0695382920093834,[-0.14764782786369324],,,False,not_applicable,[-0.2],True,,[4],True,,,False,not_applicable,,False,not_applicable,,False,not_applicable,,,,,,[4],,,,,,,,True,4.0,4.0,True,-0.14764782786369324,-0.2
3.5,Pendulum-v1,last-action,20,"Based on the provided sequence of states, actions, and rewards, we can observe the agent's behavior and infer its decision-making process. The agent seems to be adjusting its actions based on the state values to optimize the reward function. It is likely trying to swing the pendulum up while minimizing the negative reward.",4,23,1525,a2f9efbd78fd233a0c667ffa81f9596ebb049f737c7dd5964b1b7ee3135e6187,3.5__Pendulum-v1__last-action__H20,43,data/llmx_data/offline_data/physics_data/raw_transitions/Pendulum-v1/episodes/episode_0.npz,,,,,,684,experiments/03_1_gpt35_history_n30_joint/results/records.jsonl,experiments/03_1_gpt35_history_n30_joint/results/runs/3.5__Pendulum-v1__last-action__H20/episode_000/predictions.jsonl,697ed9a437023a32a35fe50e64a98034b770c0aa6033f9ca94bb6fdb030c4b12,True,1987,235,2222,2.835332499933429,2.831698208930902,[-1.4927301406860352],,,False,not_applicable,[0.6],True,,[7],True,,,False,not_applicable,,False,not_applicable,,False,not_applicable,,,,,,[1],,,,,,,,True,1.0,7.0,True,-1.4927301406860352,0.6
3.5,Pendulum-v1,last-action,20,"Based on the agent's behavior in the provided steps, we can observe that the agent tends to adjust its actions based on the state's angular position and velocity. The agent seems to be trying to stabilize the pendulum by applying torque in a way that counteracts the current state's deviation from the upright position. Given the state transition from s44 to s45 where the angular position decreases slightly and the angular velocity increases slightly, the agent might need to apply a torque that helps bring the pendulum back towards the upright position.",2,24,1526,6f6b7a2b5d0588047dbb1fb05a8c12329ee13893d5ea7e813ebd0415a147db4f,3.5__Pendulum-v1__last-action__H20,44,data/llmx_data/offline_data/physics_data/raw_transitions/Pendulum-v1/episodes/episode_0.npz,,,,,,685,experiments/03_1_gpt35_history_n30_joint/results/records.jsonl,experiments/03_1_gpt35_history_n30_joint/results/runs/3.5__Pendulum-v1__last-action__H20/episode_000/predictions.jsonl,84cfb944c4ee6d9edb89e15c6e63e38134365a077a3c77f591967b4b32170828,True,1988,157,2145,1.758965541026555,1.755059125018306,[0.4636839032173157],,,False,not_applicable,[0.6],True,,[7],True,,,False,not_applicable,,False,not_applicable,,False,not_applicable,,,,,,[6],,,,,,,,True,6.0,7.0,True,0.4636839032173157,0.6
3.5,Pendulum-v1,last-action,20,"Based on the agent's behavior in the provided episode, we can observe that the agent tends to adjust its actions based on the state's angular position and velocity. The agent seems to be making small adjustments to the torque applied to the pendulum based on the current state to gradually move towards the upright position.",3,25,1527,f99500819fc1a109d0af03b55061125c3131700871514ffd13cc878fda1d5427,3.5__Pendulum-v1__last-action__H20,45,data/llmx_data/offline_data/physics_data/raw_transitions/Pendulum-v1/episodes/episode_0.npz,,,,,,686,experiments/03_1_gpt35_history_n30_joint/results/records.jsonl,experiments/03_1_gpt35_history_n30_joint/results/runs/3.5__Pendulum-v1__last-action__H20/episode_000/predictions.jsonl,454976cfc60a38401bf0ec80028abe90974c5c4c24041e8948ecfe49f33b06fc,True,1987,209,2196,2.1008211249718443,2.0971045420737937,[0.13869135081768036],,,False,not_applicable,[0.2],True,,[5],True,,,False,not_applicable,,False,not_applicable,,False,not_applicable,,,,,,[5],,,,,,,,True,5.0,5.0,True,0.13869135081768036,0.2
3.5,Pendulum-v1,last-action,20,"Based on the given sequence of states, actions, and rewards, we can observe a pattern in the agent's behavior. The agent seems to adjust its actions based on the state changes to optimize the reward. Since the state transition from s46 to s47 involves a slight decrease in the second element and a slight increase in the third element, the action taken by the agent is likely to counteract these changes to maximize the reward.",2,26,1528,ae111cbce2fc0c1b765d15cf2e35ced4f2567d851c85c1f9991e4b9d3effe7af,3.5__Pendulum-v1__last-action__H20,46,data/llmx_data/offline_data/physics_data/raw_transitions/Pendulum-v1/episodes/episode_0.npz,,,,,,687,experiments/03_1_gpt35_history_n30_joint/results/records.jsonl,experiments/03_1_gpt35_history_n30_joint/results/runs/3.5__Pendulum-v1__last-action__H20/episode_000/predictions.jsonl,6db9b0c39b92c3a7d8a15e3c4bd24dcc6dec4a002f5462a16edb2e7200e17768,True,1984,139,2123,1.3496320419944823,1.3458272500429302,[0.38437893986701965],,,False,not_applicable,[0.1],True,,[5],True,,,False,not_applicable,,False,not_applicable,,False,not_applicable,,,,,,[5],,,,,,,,True,5.0,5.0,True,0.38437893986701965,0.1
3.5,Pendulum-v1,last-action,20,"Based on the agent's behavior in the provided episode, we can observe that the agent tends to adjust its actions based on the state's angular position and velocity. The rewards are penalized for deviations from the upright position, velocity, and torque applied. Given the state transition from s47 to s48 where the angular position changes slightly while the velocity increases, the agent might need to apply a corrective action to stabilize the pendulum.",2,27,1529,55ac96fe78e148cb0eb390eb13a53d7fbca5d7adbdcdc62645906c25aebe84b7,3.5__Pendulum-v1__last-action__H20,47,data/llmx_data/offline_data/physics_data/raw_transitions/Pendulum-v1/episodes/episode_0.npz,,,,,,688,experiments/03_1_gpt35_history_n30_joint/results/records.jsonl,experiments/03_1_gpt35_history_n30_joint/results/runs/3.5__Pendulum-v1__last-action__H20/episode_000/predictions.jsonl,651850710f69da8652b0ae72cc3a2140f27f38027cbe5814b13e81b112dcfb3d,True,1984,217,2201,2.8243824579985812,2.820740499999374,[0.7350708246231079],,,False,not_applicable,[-0.5],True,,[3],True,,,False,not_applicable,,False,not_applicable,,False,not_applicable,,,,,,[6],,,,,,,,True,6.0,3.0,True,0.7350708246231079,-0.5
3.5,Pendulum-v1,last-action,20,"Based on the provided sequence of states, actions, and rewards, we can observe the agent's behavior and try to predict the action a48 taken by the RL agent in the next step. The reward function penalizes the angle deviation, angular velocity, and torque applied. The agent seems to be making small adjustments to the torque to minimize the negative reward.",3,28,1530,cb2e93a92c841e2cd9f67230f6b4de1eb546afb9587d4eb5ab72f3a5b904a2c7,3.5__Pendulum-v1__last-action__H20,48,data/llmx_data/offline_data/physics_data/raw_transitions/Pendulum-v1/episodes/episode_0.npz,,,,,,689,experiments/03_1_gpt35_history_n30_joint/results/records.jsonl,experiments/03_1_gpt35_history_n30_joint/results/runs/3.5__Pendulum-v1__last-action__H20/episode_000/predictions.jsonl,dedca6e12f4eabe9c54bd0b8d676a1474a5a6137b5b86f73b921e4014c9d4d18,True,1975,194,2169,1.8540965840220451,1.8499697078950703,[-0.28224530816078186],,,False,not_applicable,[0.4],True,,[6],True,,,False,not_applicable,,False,not_applicable,,False,not_applicable,,,,,,[4],,,,,,,,True,4.0,6.0,True,-0.28224530816078186,0.4
3.5,Pendulum-v1,last-action,20,"Based on the agent's behavior in the provided episode, we can observe a pattern where the agent adjusts its actions gradually in response to changes in the state. The actions taken seem to be fine-tuned to minimize the negative reward received. Since the state transition from s49 to s50 involves a slight increase in the y-coordinate and a small decrease in the angular velocity, the agent might need to apply a corrective action to counteract these changes.",2,29,1531,84023ae1e81d7f9fa1398f8ac9a80adbb626debce61c5ab2fa6ba579d223fd18,3.5__Pendulum-v1__last-action__H20,49,data/llmx_data/offline_data/physics_data/raw_transitions/Pendulum-v1/episodes/episode_0.npz,,,,,,690,experiments/03_1_gpt35_history_n30_joint/results/records.jsonl,experiments/03_1_gpt35_history_n30_joint/results/runs/3.5__Pendulum-v1__last-action__H20/episode_000/predictions.jsonl,cc495f07dddafbd2777c45f117c5cb24ea0fd751abf8bffd7644fff05fe8cb70,True,1975,186,2161,2.4383328330004588,2.4345393339172006,[0.690740704536438],,,False,not_applicable,[0.2],True,,[5],True,,,False,not_applicable,,False,not_applicable,,False,not_applicable,,,,,,[6],,,,,,,,True,6.0,5.0,True,0.690740704536438,0.2
3.5,Pendulum-v1,last-action,30,"The agent seems to be gradually adjusting its actions based on the rewards received. As the rewards decrease, the agent is likely trying to stabilize the pendulum. Given the trend in the rewards and the state transitions, we can predict that the agent will continue to adjust its action to stabilize the pendulum.",4,0,1532,f30a4fd91e8478caf39aa2b97817073bcfd48371f217f084ec6e84d5b3a19fdc,3.5__Pendulum-v1__last-action__H30,30,data/llmx_data/offline_data/physics_data/raw_transitions/Pendulum-v1/episodes/episode_0.npz,,,,,,691,experiments/03_1_gpt35_history_n30_joint/results/records.jsonl,experiments/03_1_gpt35_history_n30_joint/results/runs/3.5__Pendulum-v1__last-action__H30/episode_000/predictions.jsonl,62b114a78d2d495d6c3ca11d037c87b2940b3f5a39cfdceeabdbbf9661ab9f43,True,2416,114,2530,1.608316708006896,1.605300790979527,[-0.8885178565979004],,,False,not_applicable,[-0.8],True,,[3],True,,,False,not_applicable,,False,not_applicable,,False,not_applicable,,,,,,[2],,,,,,,,True,2.0,3.0,True,-0.8885178565979004,-0.8
3.5,Pendulum-v1,last-action,30,"The agent seems to be gradually adjusting its actions based on the rewards received. As the rewards decrease, the agent is likely trying to stabilize the pendulum in an upright position. Given the trend in the rewards and the state transitions, we can predict that the agent will continue to adjust its actions to bring the pendulum closer to the upright position.",4,1,1533,a0a9eaeb65a4c12ef34ccc568463d2f9ad6ef558c1d6d5460b9a3f3e8928e3f0,3.5__Pendulum-v1__last-action__H30,31,data/llmx_data/offline_data/physics_data/raw_transitions/Pendulum-v1/episodes/episode_0.npz,,,,,,692,experiments/03_1_gpt35_history_n30_joint/results/records.jsonl,experiments/03_1_gpt35_history_n30_joint/results/runs/3.5__Pendulum-v1__last-action__H30/episode_000/predictions.jsonl,46a8f456cf2f2592f8f52063577561e1af1d8d69c30e15c675c56596030f7321,True,2420,121,2541,1.6163630000082776,1.611716583953239,[1.4703737497329712],,,False,not_applicable,[0.8],True,,[7],True,,,False,not_applicable,,False,not_applicable,,False,not_applicable,,,,,,[8],,,,,,,,True,8.0,7.0,True,1.4703737497329712,0.8
3.5,Pendulum-v1,last-action,30,"Based on the agent's behavior in the provided episode, we can observe that the agent tends to adjust its actions gradually as the state changes. The actions taken by the agent seem to be influenced by the current state values, particularly the angular position and velocity of the pendulum. Since the state transition from s32 to s33 involves a change in the angular position and velocity, we can expect the agent to adjust its action accordingly to stabilize the pendulum.",4,2,1534,9320e3e8151c2087c6649b6f097597a1437807ae17ed7ca5724b2bca4d684f1a,3.5__Pendulum-v1__last-action__H30,32,data/llmx_data/offline_data/physics_data/raw_transitions/Pendulum-v1/episodes/episode_0.npz,,,,,,693,experiments/03_1_gpt35_history_n30_joint/results/records.jsonl,experiments/03_1_gpt35_history_n30_joint/results/runs/3.5__Pendulum-v1__last-action__H30/episode_000/predictions.jsonl,5a2dd985dcf26b161e71f970e8061280af99d4520c30bad7fb92aee1208c58a9,True,2422,194,2616,2.1671862080693245,2.163293166900985,[-0.9442287683486938],,,False,not_applicable,[-1.0],True,,[4],True,,,False,not_applicable,,False,not_applicable,,False,not_applicable,,,,,,[2],,,,,,,,True,2.0,4.0,True,-0.9442287683486938,-1.0
3.5,Pendulum-v1,last-action,30,"The agent seems to be gradually adjusting its actions based on the rewards received. Looking at the sequence of actions taken, the agent is likely trying to stabilize the pendulum in an upright position. Given the state transition from s33 to s34 where the angular velocity increases and the y-coordinate becomes more positive, the agent might need to apply a torque that counteracts this change to prevent the pendulum from swinging too far.",2,3,1535,0d776b8bda380e34cf1bb76580f94fbd6d063508172f4a9c688e2cc8964dfe63,3.5__Pendulum-v1__last-action__H30,33,data/llmx_data/offline_data/physics_data/raw_transitions/Pendulum-v1/episodes/episode_0.npz,,,,,,694,experiments/03_1_gpt35_history_n30_joint/results/records.jsonl,experiments/03_1_gpt35_history_n30_joint/results/runs/3.5__Pendulum-v1__last-action__H30/episode_000/predictions.jsonl,4b278fa954741829f023230426c068682ebc8bd2ab8bb0f5b81e46103f428558,True,2425,186,2611,2.583339208038524,2.5808180411113426,[1.5583062171936035],,,False,not_applicable,[-1.2],True,,[3],True,,,False,not_applicable,,False,not_applicable,,False,not_applicable,,,,,,[8],,,,,,,,True,8.0,3.0,True,1.5583062171936035,-1.2
3.5,Pendulum-v1,last-action,30,"Based on the agent's behavior in the provided episode, we can observe that the agent tends to adjust its actions gradually based on the state changes. The actions taken by the agent seem to be influenced by the angular position and velocity of the pendulum. Since the state transition from s34 to s35 involves a slight decrease in the y-coordinate and a slight increase in the z-coordinate, the agent might adjust its action accordingly to stabilize the pendulum.",2,4,1536,06acf3df6d5a3e9bb0641698d376f74cac1d32716b0f7297edeaf98fb62c888f,3.5__Pendulum-v1__last-action__H30,34,data/llmx_data/offline_data/physics_data/raw_transitions/Pendulum-v1/episodes/episode_0.npz,,,,,,695,experiments/03_1_gpt35_history_n30_joint/results/records.jsonl,experiments/03_1_gpt35_history_n30_joint/results/runs/3.5__Pendulum-v1__last-action__H30/episode_000/predictions.jsonl,e627d97beb7be80d190d3aa077b370cce208942a3c5fba2be282c65c117bbe3d,True,2426,239,2665,2.5052601249190047,2.5023633749224246,[0.1804589033126831],,,False,not_applicable,[0.2],True,,[5],True,,,False,not_applicable,,False,not_applicable,,False,not_applicable,,,,,,[5],,,,,,,,True,5.0,5.0,True,0.1804589033126831,0.2
3.5,Pendulum-v1,last-action,30,"Based on the agent's behavior in the provided sequence, we can observe a pattern where the agent adjusts its actions gradually in response to changes in the state. The agent seems to be making small adjustments to the torque applied to the pendulum based on the current state and the received rewards. Since the state transition from s35 to s36 involves a change in the angular velocity component from 0.1103 to -0.1432, it is likely that the agent will adjust its action to counteract this change.",2,5,1537,950235f8e28370b4f091d0adcc7d35a079e06db169f80ae51db7142171f564d1,3.5__Pendulum-v1__last-action__H30,35,data/llmx_data/offline_data/physics_data/raw_transitions/Pendulum-v1/episodes/episode_0.npz,,,,,,696,experiments/03_1_gpt35_history_n30_joint/results/records.jsonl,experiments/03_1_gpt35_history_n30_joint/results/runs/3.5__Pendulum-v1__last-action__H30/episode_000/predictions.jsonl,305fbd12d0a13dd47857bbe71ecd167a77918a89ad8bc0f96810f1d9d0326b56,True,2429,237,2666,3.1707996249897406,3.167732000001706,[-1.4897518157958984],,,False,not_applicable,[-0.5],True,,[3],True,,,False,not_applicable,,False,not_applicable,,False,not_applicable,,,,,,[1],,,,,,,,True,1.0,3.0,True,-1.4897518157958984,-0.5
3.5,Pendulum-v1,last-action,30,"Based on the agent's behavior in the provided episode, we can observe a pattern where the agent adjusts its actions gradually in response to changes in the state. The actions taken seem to be influenced by the current state values, rewards received, and the goal of swinging the pendulum into an upright position. Since the state s36 = [[ 0.9989, -0.0472, -0.1432]] is close to the upright position with a negative angular velocity, the agent might choose an action that helps stabilize the pendulum without causing excessive movement.",4,6,1538,b0b012b68eec3c98075899393b04b9b10524c8b54733ee9a6fde2e33fbaf7ce3,3.5__Pendulum-v1__last-action__H30,36,data/llmx_data/offline_data/physics_data/raw_transitions/Pendulum-v1/episodes/episode_0.npz,,,,,,697,experiments/03_1_gpt35_history_n30_joint/results/records.jsonl,experiments/03_1_gpt35_history_n30_joint/results/runs/3.5__Pendulum-v1__last-action__H30/episode_000/predictions.jsonl,592c7ff572fc8b3ffacbd9dee888695787792000b6a2da866aaa42332723c22a,True,2428,188,2616,1.8935414579464123,1.887862249976024,[1.7350534200668335],,,False,not_applicable,[0.2],True,,[5],True,,,False,not_applicable,,False,not_applicable,,False,not_applicable,,,,,,[9],,,,,,,,True,9.0,5.0,True,1.7350534200668335,0.2
3.5,Pendulum-v1,last-action,30,"Based on the agent's behavior in the provided episode, we can observe a pattern where the agent adjusts its actions based on the state changes. The agent seems to be trying to stabilize the pendulum by applying torque in response to the pendulum's position and velocity. Given the transition from state s37 to s38 where the angular position increases and the angular velocity becomes more negative, the agent might need to apply a significant torque in the counterclockwise direction to counteract the change and stabilize the pendulum.",2,7,1539,2f0f7474a6e134ba321a213cee88e2bd7fa2d10accb8a934131d41582132888b,3.5__Pendulum-v1__last-action__H30,37,data/llmx_data/offline_data/physics_data/raw_transitions/Pendulum-v1/episodes/episode_0.npz,,,,,,698,experiments/03_1_gpt35_history_n30_joint/results/records.jsonl,experiments/03_1_gpt35_history_n30_joint/results/runs/3.5__Pendulum-v1__last-action__H30/episode_000/predictions.jsonl,d2d64ba5b08edd7a57e2469b8278ca28803241f260b44feaf9303dc923622467,True,2426,165,2591,2.1110136249335483,2.1064345410559326,[-1.974252700805664],,,False,not_applicable,[-1.6],True,,[1],True,,,False,not_applicable,,False,not_applicable,,False,not_applicable,,,,,,[0],,,,,,,,True,0.0,1.0,True,-1.974252700805664,-1.6
3.5,Pendulum-v1,last-action,30,"Based on the agent's behavior in the provided episode, we can observe a pattern where the agent adjusts its actions gradually in response to changes in the state. The actions taken seem to be influenced by the angular position and velocity of the pendulum. Since the state transition from s38 to s39 involves a slight change in the angular velocity while the other values remain relatively stable, we can expect the agent to make a small adjustment in its action to account for this change.",2,8,1540,c89bd2a6609de04ed1ad822d8e2b6470bcc4f9d7472d7229dd2e87d47c87aee6,3.5__Pendulum-v1__last-action__H30,38,data/llmx_data/offline_data/physics_data/raw_transitions/Pendulum-v1/episodes/episode_0.npz,,,,,,699,experiments/03_1_gpt35_history_n30_joint/results/records.jsonl,experiments/03_1_gpt35_history_n30_joint/results/runs/3.5__Pendulum-v1__last-action__H30/episode_000/predictions.jsonl,13b47c3a08cd6041874d0a571673455ba2e3254decea0c02a73a76863512ad4a,True,2427,146,2573,2.3260601670481265,2.3223397090332583,[2.0],,,False,not_applicable,[0.2],True,,[5],True,,,False,not_applicable,,False,not_applicable,,False,not_applicable,,,,,,[9],,,,,,,,True,9.0,5.0,True,2.0,0.2
3.5,Pendulum-v1,last-action,30,"The agent's behavior seems to be influenced by the state values, rewards, and possibly the dynamics of the pendulum system. Given the sequential nature of the actions taken by the agent, we can observe patterns in how the agent adjusts its actions based on the state and rewards received. By analyzing the trend in the actions taken in the provided steps, we can make an informed prediction for the next action.",4,9,1541,81208e20b23af49401d980c3e22282a3bb9397c8e04c8e343c3af872c64cf0d0,3.5__Pendulum-v1__last-action__H30,39,data/llmx_data/offline_data/physics_data/raw_transitions/Pendulum-v1/episodes/episode_0.npz,,,,,,700,experiments/03_1_gpt35_history_n30_joint/results/records.jsonl,experiments/03_1_gpt35_history_n30_joint/results/runs/3.5__Pendulum-v1__last-action__H30/episode_000/predictions.jsonl,2584e681bba0a707bc87e5711d05599b5aedc7662e526ce5892bbeeb00147ac8,True,2427,320,2747,3.090185625012964,3.086794750066474,[1.0084922313690186],,,False,not_applicable,[1.8],True,,[8],True,,,False,not_applicable,,False,not_applicable,,False,not_applicable,,,,,,[7],,,,,,,,True,7.0,8.0,True,1.0084922313690186,1.8
3.5,Pendulum-v1,last-action,30,"Based on the agent's behavior in the provided episode, we can observe a pattern where the agent adjusts its actions gradually in response to changes in the state. The actions taken seem to be influenced by the angular position, velocity, and the reward function, aiming to swing the pendulum towards the upright position while considering the torque limits.",4,10,1542,35911d0ca18c76585c9c639277978f8573842f4ece4d9079d98420eb06d12fa7,3.5__Pendulum-v1__last-action__H30,40,data/llmx_data/offline_data/physics_data/raw_transitions/Pendulum-v1/episodes/episode_0.npz,,,,,,701,experiments/03_1_gpt35_history_n30_joint/results/records.jsonl,experiments/03_1_gpt35_history_n30_joint/results/runs/3.5__Pendulum-v1__last-action__H30/episode_000/predictions.jsonl,9d0df07a91a33798f4937625457fd20de75ee632ff5520350d174219cd16e901,True,2426,121,2547,2.327303334022872,2.324486665893346,[0.3147212266921997],,,False,not_applicable,[0.8],True,,[7],True,,,False,not_applicable,,False,not_applicable,,False,not_applicable,,,,,,[5],,,,,,,,True,5.0,7.0,True,0.3147212266921997,0.8
3.5,Pendulum-v1,last-action,30,"The agent's behavior seems to be influenced by the reward function, where it tries to minimize the negative reward by adjusting its actions. Looking at the pattern in the actions taken in the provided steps, we can observe that the agent tends to adjust its actions based on the state values, particularly the angular position and velocity of the pendulum. The agent might try to counteract the negative rewards by choosing actions that help stabilize the pendulum towards the upright position.",4,11,1543,467f2fec28054234ba46171e1c0cf3a48ae171a4c13630855af308e06fb36b37,3.5__Pendulum-v1__last-action__H30,41,data/llmx_data/offline_data/physics_data/raw_transitions/Pendulum-v1/episodes/episode_0.npz,,,,,,702,experiments/03_1_gpt35_history_n30_joint/results/records.jsonl,experiments/03_1_gpt35_history_n30_joint/results/runs/3.5__Pendulum-v1__last-action__H30/episode_000/predictions.jsonl,f362846105458a4fd71278ac3423afabd04b7671d40e579b9915ae65343a4fcf,True,2425,146,2571,1.8431747920112684,1.8388282499508932,[0.46364936232566833],,,False,not_applicable,[0.6],True,,[7],True,,,False,not_applicable,,False,not_applicable,,False,not_applicable,,,,,,[6],,,,,,,,True,6.0,7.0,True,0.46364936232566833,0.6
3.5,Pendulum-v1,last-action,30,"The agent's behavior seems to be such that it adjusts the action based on the state values. Looking at the sequence of actions taken by the agent, we can observe that the agent tends to adjust the action magnitude based on the angular position and velocity of the pendulum. Since the state s42 has a positive y-coordinate and a positive angular velocity, the agent might need to apply a torque that helps stabilize the pendulum in this state.",4,12,1544,2d4ed4238f1c0a591aeadf2682b20989e8727efa28604b4994338223ea305d12,3.5__Pendulum-v1__last-action__H30,42,data/llmx_data/offline_data/physics_data/raw_transitions/Pendulum-v1/episodes/episode_0.npz,,,,,,703,experiments/03_1_gpt35_history_n30_joint/results/records.jsonl,experiments/03_1_gpt35_history_n30_joint/results/runs/3.5__Pendulum-v1__last-action__H30/episode_000/predictions.jsonl,cd3c60d7486671be22a3e114328f6fd47c6a7a2ee5b7df43851170f6ab99d338,True,2425,205,2630,1.8381216659909114,1.8337065000087023,[-0.14764782786369324],,,False,not_applicable,[-1.2],True,,[2],True,,,False,not_applicable,,False,not_applicable,,False,not_applicable,,,,,,[4],,,,,,,,True,4.0,2.0,True,-0.14764782786369324,-1.2
3.5,Pendulum-v1,last-action,30,"Based on the agent's behavior in the provided episode, we can observe that the agent tends to adjust its actions gradually based on the state changes. The actions taken seem to be influenced by the current state values, rewards received, and the goal of swinging the pendulum into an upright position. Since the state transition from s43 to s44 involves a change in the y-coordinate from 0.0275 to 0.0336 and a change in the angular velocity from 0.1229 to -0.1216, the agent might need to apply an action that counteracts the change in angular velocity and possibly adjusts the y-coordinate to stabilize the pendulum.",2,13,1545,aea4521aaa8d92563e666676adc930985b8e21c231014418725c599dd9e51e1b,3.5__Pendulum-v1__last-action__H30,43,data/llmx_data/offline_data/physics_data/raw_transitions/Pendulum-v1/episodes/episode_0.npz,,,,,,704,experiments/03_1_gpt35_history_n30_joint/results/records.jsonl,experiments/03_1_gpt35_history_n30_joint/results/runs/3.5__Pendulum-v1__last-action__H30/episode_000/predictions.jsonl,8f04e5c3f54274be599ff005fcc3549da8afdb91018c0a297a39c34274ebb5d9,True,2428,194,2622,1.667241416987963,1.6633852920494974,[-1.4927301406860352],,,False,not_applicable,[-0.4],True,,[4],True,,,False,not_applicable,,False,not_applicable,,False,not_applicable,,,,,,[1],,,,,,,,True,1.0,4.0,True,-1.4927301406860352,-0.4
3.5,Pendulum-v1,last-action,30,"Based on the agent's behavior in the provided steps, we can observe a pattern where the agent tends to adjust the action based on the state's angular velocity component. When the angular velocity is negative, the agent tends to apply positive torque, and vice versa. Additionally, the magnitude of the torque applied seems to be proportional to the magnitude of the angular velocity.",3,14,1546,f42388b981ff390ececab45e4277e72fc0815bc8d43a20823708892d4d54a52b,3.5__Pendulum-v1__last-action__H30,44,data/llmx_data/offline_data/physics_data/raw_transitions/Pendulum-v1/episodes/episode_0.npz,,,,,,705,experiments/03_1_gpt35_history_n30_joint/results/records.jsonl,experiments/03_1_gpt35_history_n30_joint/results/runs/3.5__Pendulum-v1__last-action__H30/episode_000/predictions.jsonl,f312973925ad378b43521bcf0d88798d5097ba4e53bdc20c45cb5d543c3c7e94,True,2429,174,2603,1.7238240839214996,1.7194164589745924,[0.4636839032173157],,,False,not_applicable,[1.2],True,,[8],True,,,False,not_applicable,,False,not_applicable,,False,not_applicable,,,,,,[6],,,,,,,,True,6.0,8.0,True,0.4636839032173157,1.2
3.5,Pendulum-v1,last-action,30,"The agent seems to be gradually adjusting its actions based on the rewards received. Since the rewards are negative, the agent is likely trying to minimize the negative reward by adjusting its actions. Looking at the pattern in the actions taken so far, we can infer that the agent is making small adjustments to the actions to find an optimal policy.",3,15,1547,2334529e0cb76dd29193eab275381d57c8a17e93877c26f5f0e89294b34696b3,3.5__Pendulum-v1__last-action__H30,45,data/llmx_data/offline_data/physics_data/raw_transitions/Pendulum-v1/episodes/episode_0.npz,,,,,,706,experiments/03_1_gpt35_history_n30_joint/results/records.jsonl,experiments/03_1_gpt35_history_n30_joint/results/runs/3.5__Pendulum-v1__last-action__H30/episode_000/predictions.jsonl,98b7bb6529dee06ca1edf894add722618b697f854a4801eb700c7e9930fa1219,True,2429,118,2547,1.5083504170179367,1.504091375041753,[0.13869135081768036],,,False,not_applicable,[0.1],True,,[5],True,,,False,not_applicable,,False,not_applicable,,False,not_applicable,,,,,,[5],,,,,,,,True,5.0,5.0,True,0.13869135081768036,0.1
3.5,Pendulum-v1,last-action,30,"The agent's behavior seems to be exploring different actions in response to the observed states. Looking at the pattern of actions taken in the previous steps, we can see that the agent tends to adjust its actions based on the angular position and velocity of the pendulum. Since the state transition from s46 to s47 involves a slight change in the angular position and velocity, the agent is likely to make a subtle adjustment in its action to account for this change.",2,16,1548,335bc83ce10d56dae4cfd2697207581d164a445ac41e5e1b82da38b6b93422cf,3.5__Pendulum-v1__last-action__H30,46,data/llmx_data/offline_data/physics_data/raw_transitions/Pendulum-v1/episodes/episode_0.npz,,,,,,707,experiments/03_1_gpt35_history_n30_joint/results/records.jsonl,experiments/03_1_gpt35_history_n30_joint/results/runs/3.5__Pendulum-v1__last-action__H30/episode_000/predictions.jsonl,c4a071f64402de310962235ba9279145e5290e4c1d024b3a53d69ea972e381d5,True,2426,242,2668,2.158082874957472,2.154211915913038,[0.38437893986701965],,,False,not_applicable,[0.6],True,,[6],True,,,False,not_applicable,,False,not_applicable,,False,not_applicable,,,,,,[5],,,,,,,,True,5.0,6.0,True,0.38437893986701965,0.6
3.5,Pendulum-v1,last-action,30,"The agent seems to be making gradual adjustments to the torque applied based on the state observations and rewards received. Looking at the pattern in the actions taken so far, the agent tends to adjust the torque in small increments to explore the environment and optimize the reward function. Given the state transition from s47 to s48 where the angular velocity increases slightly, the agent might need to apply a torque that counteracts this increase while not making a drastic change.",2,17,1549,575d57782f1b7d10264df96bcdfc405b523db22625a89f878bc9db45a1ab06e3,3.5__Pendulum-v1__last-action__H30,47,data/llmx_data/offline_data/physics_data/raw_transitions/Pendulum-v1/episodes/episode_0.npz,,,,,,708,experiments/03_1_gpt35_history_n30_joint/results/records.jsonl,experiments/03_1_gpt35_history_n30_joint/results/runs/3.5__Pendulum-v1__last-action__H30/episode_000/predictions.jsonl,c8d44aad45f8302cbeb48729a93607f17ec100b82aa8c12977d8c184a8ea6b9b,True,2427,228,2655,1.9831345420097932,1.9792154160095379,[0.7350708246231079],,,False,not_applicable,[-0.3],True,,[4],True,,,False,not_applicable,,False,not_applicable,,False,not_applicable,,,,,,[6],,,,,,,,True,6.0,4.0,True,0.7350708246231079,-0.3
3.5,Pendulum-v1,last-action,30,"Based on the agent's behavior in the provided episode, we can observe a pattern where the agent adjusts its actions based on the state changes. The agent seems to be making small adjustments to the torque applied to the pendulum based on the current state. Since the state transition from s48 to s49 involves a change in the y-coordinate and angular velocity, the agent is likely to adjust the torque to compensate for this change.",3,18,1550,e7ae1acb3646f6a797217010143cc5ea2fbbb75d37004edd21dbe207fbf6b740,3.5__Pendulum-v1__last-action__H30,48,data/llmx_data/offline_data/physics_data/raw_transitions/Pendulum-v1/episodes/episode_0.npz,,,,,,709,experiments/03_1_gpt35_history_n30_joint/results/records.jsonl,experiments/03_1_gpt35_history_n30_joint/results/runs/3.5__Pendulum-v1__last-action__H30/episode_000/predictions.jsonl,4511f2506aad434387237365f7c3ae8ca554fabb95f963446872ae36fbd5bdb3,True,2428,137,2565,1.477401375072077,1.4731187910074368,[-0.28224530816078186],,,False,not_applicable,[0.2],True,,[5],True,,,False,not_applicable,,False,not_applicable,,False,not_applicable,,,,,,[4],,,,,,,,True,4.0,5.0,True,-0.28224530816078186,0.2
3.5,Pendulum-v1,last-action,30,"The agent seems to be making small adjustments to the torque applied based on the state observations. Looking at the pattern in the actions taken in the previous steps, the agent adjusts the torque based on the angular position and velocity of the pendulum to gradually swing it upright. Since the state transition from s49 to s50 involves a slight change in the y-coordinate and angular velocity, the action taken by the agent is likely to be a small adjustment to maintain or correct the pendulum's position.",2,19,1551,adcc72b1cfd4241550281c3388b9db273c0b43d92903ab91936939d659ccb5ed,3.5__Pendulum-v1__last-action__H30,49,data/llmx_data/offline_data/physics_data/raw_transitions/Pendulum-v1/episodes/episode_0.npz,,,,,,710,experiments/03_1_gpt35_history_n30_joint/results/records.jsonl,experiments/03_1_gpt35_history_n30_joint/results/runs/3.5__Pendulum-v1__last-action__H30/episode_000/predictions.jsonl,b9997f04ebb1128b7a341f58daec6e561b68d27e81b24551ed92ad0bdacf64b0,True,2429,150,2579,1.9387612919090316,1.9341526669450104,[0.690740704536438],,,False,not_applicable,[0.2],True,,[5],True,,,False,not_applicable,,False,not_applicable,,False,not_applicable,,,,,,[6],,,,,,,,True,6.0,5.0,True,0.690740704536438,0.2
3.5,Pendulum-v1,last-action,30,"The agent seems to be making small adjustments to the torque applied based on the state observations. Looking at the pattern in the actions taken in the provided steps, the agent adjusts the torque based on the angular position and velocity of the pendulum. Since the state transition from s50 to s51 is a small change, we can expect a subtle adjustment in the action taken by the agent.",2,20,1552,95092b04c87319b63d32d805a40bac527a1df336737b4d56b1831e8383326e03,3.5__Pendulum-v1__last-action__H30,50,data/llmx_data/offline_data/physics_data/raw_transitions/Pendulum-v1/episodes/episode_0.npz,,,,,,711,experiments/03_1_gpt35_history_n30_joint/results/records.jsonl,experiments/03_1_gpt35_history_n30_joint/results/runs/3.5__Pendulum-v1__last-action__H30/episode_000/predictions.jsonl,08a01d7aae79615c6c5d087add9fc07cefa5c2ef13ef54eb7a2c496c03a08375,True,2428,210,2638,2.516183958039619,2.513495916966349,[0.2219473123550415],,,False,not_applicable,[0.4],True,,[6],True,,,False,not_applicable,,False,not_applicable,,False,not_applicable,,,,,,[5],,,,,,,,True,5.0,6.0,True,0.2219473123550415,0.4
3.5,Pendulum-v1,last-action,30,"The agent seems to be making small adjustments to the torque applied based on the state observations. Looking at the pattern in the actions taken so far, the agent adjusts the torque based on the current angle and angular velocity of the pendulum to gradually swing it upright. Since the state transition from s51 to s52 involves a slight change in the angle and a negative change in the angular velocity, the agent might need to apply a torque that counteracts this change to stabilize the pendulum.",2,21,1553,f5c43d0662aa57b558e2e8798acb3df5a44edde77ddfafb054c03ce1b23f80d2,3.5__Pendulum-v1__last-action__H30,51,data/llmx_data/offline_data/physics_data/raw_transitions/Pendulum-v1/episodes/episode_0.npz,,,,,,712,experiments/03_1_gpt35_history_n30_joint/results/records.jsonl,experiments/03_1_gpt35_history_n30_joint/results/runs/3.5__Pendulum-v1__last-action__H30/episode_000/predictions.jsonl,c9a0c332239712ebfcf4a3765632bce4c2e38802f2fabbc8c05c4de46830671d,True,2427,211,2638,1.8247150829993188,1.8214320830302313,[0.033985599875450134],,,False,not_applicable,[0.2],True,,[5],True,,,False,not_applicable,,False,not_applicable,,False,not_applicable,,,,,,[5],,,,,,,,True,5.0,5.0,True,0.033985599875450134,0.2
3.5,Pendulum-v1,last-action,30,"The agent's behavior seems to be influenced by the state values, as well as the rewards received. Since the agent aims to maximize its cumulative reward, it is likely that the action taken will be based on the current state to improve the reward. Additionally, the action space is discretized into 10 bins, so the agent's actions will fall into one of these bins based on the continuous action values.",4,22,1554,5149b5a7d1227b6a63ae7f5eb203cb7201b84f54a773ef11786f42ed4df7faec,3.5__Pendulum-v1__last-action__H30,52,data/llmx_data/offline_data/physics_data/raw_transitions/Pendulum-v1/episodes/episode_0.npz,,,,,,713,experiments/03_1_gpt35_history_n30_joint/results/records.jsonl,experiments/03_1_gpt35_history_n30_joint/results/runs/3.5__Pendulum-v1__last-action__H30/episode_000/predictions.jsonl,0788495263c0c291b91149543380fa701bc71619ef472a76b8837d0d70fde85f,True,2428,133,2561,1.6916192920180038,1.686957208905369,[0.6907880306243896],,,False,not_applicable,[0.4],True,,[6],True,,,False,not_applicable,,False,not_applicable,,False,not_applicable,,,,,,[6],,,,,,,,True,6.0,6.0,True,0.6907880306243896,0.4
3.5,Pendulum-v1,last-action,30,"Based on the agent's behavior in the provided episode, we can observe a pattern where the agent tends to adjust its actions gradually in response to changes in the state. The actions taken by the agent seem to be influenced by the current state values, particularly the angular position and velocity of the pendulum. Therefore, we can expect the agent to choose an action that aligns with the observed trend of adjusting torque based on the state information to stabilize the pendulum.",3,23,1555,51a295da6cbc30f84c3f7a1a4584f049b1a91418d116779147c9ec7a9ec7dfd9,3.5__Pendulum-v1__last-action__H30,53,data/llmx_data/offline_data/physics_data/raw_transitions/Pendulum-v1/episodes/episode_0.npz,,,,,,714,experiments/03_1_gpt35_history_n30_joint/results/records.jsonl,experiments/03_1_gpt35_history_n30_joint/results/runs/3.5__Pendulum-v1__last-action__H30/episode_000/predictions.jsonl,9ed7e53e2e86f9aa8617a4fb147fc1fd5ec3f38cfe347e3b21ddf09ef953cd74,True,2426,247,2673,3.3983201670926064,3.39473720791284,[-1.3656891584396362],,,False,not_applicable,[-0.5],True,,[3],True,,,False,not_applicable,,False,not_applicable,,False,not_applicable,,,,,,[1],,,,,,,,True,1.0,3.0,True,-1.3656891584396362,-0.5
3.5,Pendulum-v1,last-action,30,"Based on the agent's behavior in the provided episode, we can observe that the agent tends to adjust its actions gradually based on the state changes. The actions taken by the agent seem to be influenced by the current state values, rewards received, and the goal of swinging the pendulum upright. Therefore, we can predict that the action taken by the agent in step 54 will likely be a small adjustment from the previous actions, considering the slight change in the state values.",3,24,1556,95a25c0fa9cf1c72d086240c1d890e81b58b0e9727953c4c4475116389fe3032,3.5__Pendulum-v1__last-action__H30,54,data/llmx_data/offline_data/physics_data/raw_transitions/Pendulum-v1/episodes/episode_0.npz,,,,,,715,experiments/03_1_gpt35_history_n30_joint/results/records.jsonl,experiments/03_1_gpt35_history_n30_joint/results/runs/3.5__Pendulum-v1__last-action__H30/episode_000/predictions.jsonl,b2310ddba2e9c24bf07e907838db09ea1ea9b0d1b734a00a0c427e31714f199e,True,2427,146,2573,1.9107916669454426,1.9069968749536201,[2.0],,,False,not_applicable,[0.2],True,,[5],True,,,False,not_applicable,,False,not_applicable,,False,not_applicable,,,,,,[9],,,,,,,,True,9.0,5.0,True,2.0,0.2
3.5,Pendulum-v1,last-action,30,"Based on the agent's behavior in the provided episode, we can observe that the agent tends to adjust its actions based on the state's angular position and velocity. The agent seems to be making small adjustments to the torque applied to the pendulum based on the current state to gradually move towards the upright position. Given the state transition from s55 to s56 where the angular position decreases and the angular velocity becomes more negative, the agent might need to apply a torque that helps counteract this change and stabilize the pendulum.",2,25,1557,1c7598e881ae129aec345d18443d5929792d716d961bea097bcfb9735cec3474,3.5__Pendulum-v1__last-action__H30,55,data/llmx_data/offline_data/physics_data/raw_transitions/Pendulum-v1/episodes/episode_0.npz,,,,,,716,experiments/03_1_gpt35_history_n30_joint/results/records.jsonl,experiments/03_1_gpt35_history_n30_joint/results/runs/3.5__Pendulum-v1__last-action__H30/episode_000/predictions.jsonl,5fa9366df7bef7f374d4df4d96cf2d4482c3f67fe34b0d2a73227179a35efa47,True,2423,156,2579,2.025959666003473,2.02188329200726,[-1.0703959465026855],,,False,not_applicable,[-0.4],True,,[4],True,,,False,not_applicable,,False,not_applicable,,False,not_applicable,,,,,,[2],,,,,,,,True,2.0,4.0,True,-1.0703959465026855,-0.4
3.5,Pendulum-v1,last-action,30,"Based on the agent's behavior in the provided episode, we can observe that the agent tends to adjust its actions based on the state's angular position and velocity. The rewards are penalized for deviations from the upright position, high angular velocities, and high torque values. Given the state transition from s56 to s57 where the angular position decreases slightly and the angular velocity increases, the agent might need to apply a corrective action to stabilize the pendulum.",2,26,1558,d9ce4be6fb5db6da309c52664ce31b3f28ed8ac901db3472bbe05c6d6aac5ed6,3.5__Pendulum-v1__last-action__H30,56,data/llmx_data/offline_data/physics_data/raw_transitions/Pendulum-v1/episodes/episode_0.npz,,,,,,717,experiments/03_1_gpt35_history_n30_joint/results/records.jsonl,experiments/03_1_gpt35_history_n30_joint/results/runs/3.5__Pendulum-v1__last-action__H30/episode_000/predictions.jsonl,2fb7eb0c48a8bc4b19728a28a14d32b36f75fd1315de42e64e8d552d2a11e1eb,True,2424,267,2691,2.6609919590409845,2.658273042063229,[1.6907861232757568],,,False,not_applicable,[-0.5],True,,[3],True,,,False,not_applicable,,False,not_applicable,,False,not_applicable,,,,,,[9],,,,,,,,True,9.0,3.0,True,1.6907861232757568,-0.5
3.5,Pendulum-v1,last-action,30,"Based on the agent's behavior in the provided episode, we can observe that the agent tends to adjust its actions based on the state's angular position and velocity. The rewards are penalized for deviations from the upright position, velocity, and torque applied. The agent seems to be making small adjustments to the torque to stabilize the pendulum. Given the state transition from s57 to s58 where the angular position remains relatively stable but the angular velocity decreases slightly, the agent might adjust the torque to counteract the decrease in velocity and maintain stability.",2,27,1559,0007dd44598aad31cb5f56b22a30e8a3e23045ee3d74ff927309c7c3ab5cb957,3.5__Pendulum-v1__last-action__H30,57,data/llmx_data/offline_data/physics_data/raw_transitions/Pendulum-v1/episodes/episode_0.npz,,,,,,718,experiments/03_1_gpt35_history_n30_joint/results/records.jsonl,experiments/03_1_gpt35_history_n30_joint/results/runs/3.5__Pendulum-v1__last-action__H30/episode_000/predictions.jsonl,0fc20450506f3861742acd4f9d8ada64af3300e2db3d10e7409e1d5959d17bbd,True,2423,161,2584,2.502497583045624,2.4989610000047833,[-0.09246313571929932],,,False,not_applicable,[0.2],True,,[5],True,,,False,not_applicable,,False,not_applicable,,False,not_applicable,,,,,,[4],,,,,,,,True,4.0,5.0,True,-0.09246313571929932,0.2
3.5,Pendulum-v1,last-action,30,"Based on the agent's behavior in the provided episode, we can observe a pattern where the agent tends to adjust its actions gradually in response to changes in the state. The actions taken by the agent seem to be influenced by the current state values, rewards received, and the goal of swinging the pendulum upright. Therefore, we can expect the agent to make small adjustments to the action in the next step to continue the swing-up process.",3,28,1560,d6aafa72c4cb9c1cae589b62fcf1a0471bcb8e94db071519518ae910d788da91,3.5__Pendulum-v1__last-action__H30,58,data/llmx_data/offline_data/physics_data/raw_transitions/Pendulum-v1/episodes/episode_0.npz,,,,,,719,experiments/03_1_gpt35_history_n30_joint/results/records.jsonl,experiments/03_1_gpt35_history_n30_joint/results/runs/3.5__Pendulum-v1__last-action__H30/episode_000/predictions.jsonl,fd151a5286a1777c7290bd30bf709cebee85f93a2a4efb7d13868efa95c63aae,True,2416,224,2640,1.9347529170336202,1.929753333912231,[0.16217319667339325],,,False,not_applicable,[-0.1],True,,[4],True,,,False,not_applicable,,False,not_applicable,,False,not_applicable,,,,,,[5],,,,,,,,True,5.0,4.0,True,0.16217319667339325,-0.1
3.5,Pendulum-v1,last-action,30,"Based on the agent's behavior in the provided episode, we can see that the agent tends to adjust its actions gradually based on the state changes. The actions taken by the agent seem to be relatively small in magnitude compared to the action space range. Additionally, the rewards received by the agent indicate that it is trying to minimize the angle deviation and angular velocity while keeping the torque applied low. Given the small changes in state from s59 to s60, we can expect the action a59 to be a small adjustment as well.",2,29,1561,420c983da279ad37d1a87c7dcc3391350bab1185a8c5ddeaf8e90748ac9c2a36,3.5__Pendulum-v1__last-action__H30,59,data/llmx_data/offline_data/physics_data/raw_transitions/Pendulum-v1/episodes/episode_0.npz,,,,,,720,experiments/03_1_gpt35_history_n30_joint/results/records.jsonl,experiments/03_1_gpt35_history_n30_joint/results/runs/3.5__Pendulum-v1__last-action__H30/episode_000/predictions.jsonl,b375eb8801d4bbd0eea9713d56163e4417624dc8d149837f78e74e0ec45f4bd4,True,2416,157,2573,2.2639774590497836,2.2607821250567213,[0.14507156610488892],,,False,not_applicable,[0.1],True,,[5],True,,,False,not_applicable,,False,not_applicable,,False,not_applicable,,,,,,[5],,,,,,,,True,5.0,5.0,True,0.14507156610488892,0.1
3.5,Pendulum-v1,next-action,5,"Based on the reward function for the Pendulum-v1 task, the agent aims to minimize the value of the expression -(theta^2 + 0.1 * theta_dt^2 + 0.001 * torque^2). Given the state s5 = [[0.9906, 0.1366, -0.1319]], the angle theta is close to 0, the angular velocity theta_dt is negative, and the torque is also negative. To maximize the reward, the agent should apply a positive torque to counteract the negative angular velocity and move the pendulum towards the upright position.",4,0,1682,139a1459481ef57ae7dc67859fc7cb6259cd928fa9c15b15b5e21eac4b4aa962,3.5__Pendulum-v1__next-action__H5,5,data/llmx_data/offline_data/physics_data/raw_transitions/Pendulum-v1/episodes/episode_0.npz,,,,,,481,experiments/03_1_gpt35_history_n30_joint/results/records.jsonl,experiments/03_1_gpt35_history_n30_joint/results/runs/3.5__Pendulum-v1__next-action__H5/episode_000/predictions.jsonl,41fa7d8de6785937934dcd1dcc27198163e4b0fb3fa039ce2028a2a08f3e01cf,True,1271,217,1488,2.279955375008285,2.275814332999289,[-1.7580721378326416],,,False,not_applicable,[0.6],True,,[6],True,,,False,not_applicable,,False,not_applicable,,False,not_applicable,,,,,,[0],,,,,,,,True,0.0,6.0,True,-1.7580721378326416,0.6
3.5,Pendulum-v1,next-action,5,"Based on the provided sequence of steps, we can observe that the agent tends to apply negative torque values consistently. The rewards received are relatively small, indicating that the agent is trying to stabilize the pendulum rather than swinging it aggressively. Additionally, the angular velocity is decreasing over the steps, suggesting a gradual approach towards the upright position. Given the decreasing angular velocity and the trend of applying negative torque, the agent is likely to continue with a negative torque value in the next step to further stabilize the pendulum.",3,1,1683,ae83a85ca8b2a3883c6cb641ce037d05a3f31f43171e29941885892a6a1a3352,3.5__Pendulum-v1__next-action__H5,6,data/llmx_data/offline_data/physics_data/raw_transitions/Pendulum-v1/episodes/episode_0.npz,,,,,,482,experiments/03_1_gpt35_history_n30_joint/results/records.jsonl,experiments/03_1_gpt35_history_n30_joint/results/runs/3.5__Pendulum-v1__next-action__H5/episode_000/predictions.jsonl,d49e3ea2d964dacc6e62d2c47e04069e90fea77b7924dc8570925fb562a76b44,True,1275,216,1491,1.6828482089331374,1.6784553750185296,[-1.347569465637207],,,False,not_applicable,[-2.0],True,,[0],True,,,False,not_applicable,,False,not_applicable,,False,not_applicable,,,,,,[1],,,,,,,,True,1.0,0.0,True,-1.347569465637207,-2.0
3.5,Pendulum-v1,next-action,5,"Based on the provided sequence of states, actions, and rewards, we can observe that the agent is gradually moving the pendulum towards the upright position. The actions taken by the agent seem to be adjusting based on the current state to minimize the negative reward. As the pendulum is swinging towards the upright position, the agent is likely to continue adjusting the torque applied to stabilize the pendulum.",4,2,1684,049f6679db9f9745896034f55ba125da9beb657b1c7e097f06908ed29384444c,3.5__Pendulum-v1__next-action__H5,7,data/llmx_data/offline_data/physics_data/raw_transitions/Pendulum-v1/episodes/episode_0.npz,,,,,,483,experiments/03_1_gpt35_history_n30_joint/results/records.jsonl,experiments/03_1_gpt35_history_n30_joint/results/runs/3.5__Pendulum-v1__next-action__H5/episode_000/predictions.jsonl,617e32dc043111bed2d74604421616d9ca86a3118ff73b57daa90e7a25886b60,True,1278,180,1458,1.7530276250327006,1.7488397500710562,[-1.195901870727539],,,False,not_applicable,[1.6],True,,[8],True,,,False,not_applicable,,False,not_applicable,,False,not_applicable,,,,,,[2],,,,,,,,True,2.0,8.0,True,-1.195901870727539,1.6
3.5,Pendulum-v1,next-action,5,"The agent seems to be gradually decreasing the torque applied as the episode progresses, likely trying to stabilize the pendulum in an upright position. Given the trend of decreasing torque and the state moving towards an upright position (y coordinate increasing and angular velocity decreasing), the agent will probably continue this trend by applying a torque closer to zero.",3,3,1685,e4f28e0c7972a571e491dd2813ec4aee4d0e678f2b49a2f200d9acc12a8c1230,3.5__Pendulum-v1__next-action__H5,8,data/llmx_data/offline_data/physics_data/raw_transitions/Pendulum-v1/episodes/episode_0.npz,,,,,,484,experiments/03_1_gpt35_history_n30_joint/results/records.jsonl,experiments/03_1_gpt35_history_n30_joint/results/runs/3.5__Pendulum-v1__next-action__H5/episode_000/predictions.jsonl,7156901b04bacfe1a9588df2916a0b7426189851441c9779f7ba51c245810821,True,1281,142,1423,1.4773331669857726,1.474161499994807,[-2.0],,,False,not_applicable,[0.0],True,,[4],True,,,False,not_applicable,,False,not_applicable,,False,not_applicable,,,,,,[0],,,,,,,,True,0.0,4.0,True,-2.0,0.0
3.5,Pendulum-v1,next-action,5,"Based on the provided sequence of states, actions, and rewards, we can observe a pattern where the agent is gradually decreasing the torque applied as the pendulum swings closer to the upright position. The agent seems to be adjusting the torque based on the current state of the pendulum to achieve the goal of swinging it upright. Given the decreasing torque trend and the state s9 being closer to the upright position, it is likely that the agent will continue to decrease the torque in the next step.",3,4,1686,116ed643ab8db1feeceaa560b6eb156fe1b505e23bd5516ca8f3b1d3554dabc0,3.5__Pendulum-v1__next-action__H5,9,data/llmx_data/offline_data/physics_data/raw_transitions/Pendulum-v1/episodes/episode_0.npz,,,,,,485,experiments/03_1_gpt35_history_n30_joint/results/records.jsonl,experiments/03_1_gpt35_history_n30_joint/results/runs/3.5__Pendulum-v1__next-action__H5/episode_000/predictions.jsonl,469f1a7c609fafa5f415647b57ac40c0898801fdbacb0d27e6512a3fb82d5933,True,1281,150,1431,2.181104499963112,2.1781539579387754,[1.6174393892288208],,,False,not_applicable,[-1.0],True,,[4],True,,,False,not_applicable,,False,not_applicable,,False,not_applicable,,,,,,[9],,,,,,,,True,9.0,4.0,True,1.6174393892288208,-1.0
3.5,Pendulum-v1,next-action,5,"The agent seems to be gradually decreasing the torque applied as the episode progresses, as seen from the decreasing rewards. The agent is likely trying to stabilize the pendulum in an upright position. Given the state at step 9 where the angular velocity is negative and the pendulum is not close to the upright position, the agent may need to apply a positive torque to counteract the angular velocity and swing the pendulum towards the upright position.",2,5,1687,0db8a47c71ed4da38c335889a09a8127cd2ff89ae7fce626066fab4ced373344,3.5__Pendulum-v1__next-action__H5,10,data/llmx_data/offline_data/physics_data/raw_transitions/Pendulum-v1/episodes/episode_0.npz,,,,,,486,experiments/03_1_gpt35_history_n30_joint/results/records.jsonl,experiments/03_1_gpt35_history_n30_joint/results/runs/3.5__Pendulum-v1__next-action__H5/episode_000/predictions.jsonl,c9f4014976d074c7b631435834aaac40ef980b6a90d9dd32ca3226d3e0db2023,True,1285,189,1474,2.2603047089651227,2.2566545829176903,[1.809918761253357],,,False,not_applicable,[0.6],True,,[6],True,,,False,not_applicable,,False,not_applicable,,False,not_applicable,,,,,,[9],,,,,,,,True,9.0,6.0,True,1.809918761253357,0.6
3.5,Pendulum-v1,next-action,5,"Based on the provided sequence of states, actions, and rewards, we can observe the agent's behavior in response to different states. The agent seems to be trying to swing the pendulum towards the upright position by applying torque in both positive and negative directions. The rewards received by the agent indicate that it is moving towards the goal of balancing the pendulum. In the next state s11 where the pendulum is close to the upright position, the agent will likely apply an action that helps stabilize the pendulum further.",3,6,1688,a6a1922a8af57e1b24178a0576513d4bb0f0311790d2212bc187008d0de27752,3.5__Pendulum-v1__next-action__H5,11,data/llmx_data/offline_data/physics_data/raw_transitions/Pendulum-v1/episodes/episode_0.npz,,,,,,487,experiments/03_1_gpt35_history_n30_joint/results/records.jsonl,experiments/03_1_gpt35_history_n30_joint/results/runs/3.5__Pendulum-v1__next-action__H5/episode_000/predictions.jsonl,e3b0ba6ae64eacd4ae31b79bd6488e5680b51ecde228b7adff8818a66d9c7bb5,True,1283,203,1486,2.549173916922882,2.544568624929525,[-0.3191149830818176],,,False,not_applicable,[1.2],True,,[8],True,,,False,not_applicable,,False,not_applicable,,False,not_applicable,,,,,,[4],,,,,,,,True,4.0,8.0,True,-0.3191149830818176,1.2
3.5,Pendulum-v1,next-action,5,"Based on the provided sequence of states, actions, and rewards, we can observe the agent's behavior in response to different states. The agent seems to be making adjustments in its actions to optimize the reward based on the state it is in. Since the state at step 12 is very close to the state at step 11 but with a negative y-coordinate, the agent might continue its trend of adjusting the action to maintain stability or move towards a more optimal state.",2,7,1689,8b6779c6d52ae3dde216ed36c2b055f696acdf7e16c92bc3c5c704218df4b73f,3.5__Pendulum-v1__next-action__H5,12,data/llmx_data/offline_data/physics_data/raw_transitions/Pendulum-v1/episodes/episode_0.npz,,,,,,488,experiments/03_1_gpt35_history_n30_joint/results/records.jsonl,experiments/03_1_gpt35_history_n30_joint/results/runs/3.5__Pendulum-v1__next-action__H5/episode_000/predictions.jsonl,fa1617b9eee0aceae6b1b7293ced8468eaa954da197545e6c971e147ebdc8d50,True,1281,245,1526,2.7110626659123227,2.7067274170694873,[1.4111299514770508],,,False,not_applicable,[-0.3],True,,[4],True,,,False,not_applicable,,False,not_applicable,,False,not_applicable,,,,,,[8],,,,,,,,True,8.0,4.0,True,1.4111299514770508,-0.3
3.5,Pendulum-v1,next-action,5,"Based on the provided sequence of states, actions, and rewards, we can observe the agent's behavior in response to different states. The agent seems to be adjusting its actions based on the state values to optimize the reward. In this case, the state s13 has a y-coordinate close to zero and a small negative angular velocity. Given the previous actions taken by the agent in similar situations, we can predict the action the agent is likely to take at state s13.",4,8,1690,72ab97380844371e32ce9dd63eaa242eeaca12c30f5606d6ac8ea90650e38f72,3.5__Pendulum-v1__next-action__H5,13,data/llmx_data/offline_data/physics_data/raw_transitions/Pendulum-v1/episodes/episode_0.npz,,,,,,489,experiments/03_1_gpt35_history_n30_joint/results/records.jsonl,experiments/03_1_gpt35_history_n30_joint/results/runs/3.5__Pendulum-v1__next-action__H5/episode_000/predictions.jsonl,46282fc07ab1b4b088fa96a1720c9c8e6a7c274a8fb03a59b7279313b9159b41,True,1278,227,1505,2.838047041906975,2.8339259169297293,[-1.4400720596313477],,,False,not_applicable,[0.4],True,,[5],True,,,False,not_applicable,,False,not_applicable,,False,not_applicable,,,,,,[1],,,,,,,,True,1.0,5.0,True,-1.4400720596313477,0.4
3.5,Pendulum-v1,next-action,5,"Based on the provided sequence of states, actions, and rewards, we can observe the agent's behavior in response to different states. The agent seems to be making adjustments in its actions to optimize the reward based on the state it is in. Since the state s14 = [[ 0.9998, -0.02, -0.2514]] is close to the upright position (x = 0.9998, y = -0.02), the agent will likely take an action that helps stabilize the pendulum in the upright position.",4,9,1691,0dffd27ee8a8b5cf37f3b86f9437b06f8bfe9f65a2f35c481328f779f9cd2084,3.5__Pendulum-v1__next-action__H5,14,data/llmx_data/offline_data/physics_data/raw_transitions/Pendulum-v1/episodes/episode_0.npz,,,,,,490,experiments/03_1_gpt35_history_n30_joint/results/records.jsonl,experiments/03_1_gpt35_history_n30_joint/results/runs/3.5__Pendulum-v1__next-action__H5/episode_000/predictions.jsonl,c88e5343c02b3d699b53e7117fbccb77f9cf6a4c0860949886b09c86fa826b80,True,1280,234,1514,2.4324398749740794,2.4277912919642404,[1.7092909812927246],,,False,not_applicable,[-1.4],True,,[4],True,,,False,not_applicable,,False,not_applicable,,False,not_applicable,,,,,,[9],,,,,,,,True,9.0,4.0,True,1.7092909812927246,-1.4
3.5,Pendulum-v1,next-action,5,"Based on the provided sequence of states, actions, and rewards, we can observe the agent's behavior in response to different states. The agent seems to be making adjustments in its actions to minimize the negative rewards received. Since the reward function penalizes the angle and angular velocity, the agent is likely trying to stabilize the pendulum in an upright position with minimal movement.",4,10,1692,e58b882940e3375815bd4a2569b29aacbcbdb303b001e62a990cb801d705ec86,3.5__Pendulum-v1__next-action__H5,15,data/llmx_data/offline_data/physics_data/raw_transitions/Pendulum-v1/episodes/episode_0.npz,,,,,,491,experiments/03_1_gpt35_history_n30_joint/results/records.jsonl,experiments/03_1_gpt35_history_n30_joint/results/runs/3.5__Pendulum-v1__next-action__H5/episode_000/predictions.jsonl,aa49981858a61a918043526f0b8703a217f2d8c83af995d615486e2fc69d2779,False,1280,186,1466,2.4143847910454497,2.4101147080073133,[-0.9497600793838501],,,False,not_applicable,,False,missing_marker,[6],True,,,False,not_applicable,,False,not_applicable,,False,not_applicable,,,,,,[2],,,,,,,,True,2.0,6.0,False,-0.9497600793838501,
3.5,Pendulum-v1,next-action,5,"Based on the provided sequence of states, actions, and rewards, we can observe the agent's behavior in response to different states. The agent seems to be adjusting its actions based on the state values to optimize the reward. Since the reward function penalizes large torque values, the agent might try to minimize the torque while still trying to swing the pendulum upright.",4,11,1693,9cda6b6deac3bfcda91d5e7e5e847570f673345592d884287122945c29ec9c14,3.5__Pendulum-v1__next-action__H5,16,data/llmx_data/offline_data/physics_data/raw_transitions/Pendulum-v1/episodes/episode_0.npz,,,,,,492,experiments/03_1_gpt35_history_n30_joint/results/records.jsonl,experiments/03_1_gpt35_history_n30_joint/results/runs/3.5__Pendulum-v1__next-action__H5/episode_000/predictions.jsonl,f0e069145f5c4c5b1fdec6d77b85655b5a4986d3b2a645d93b67a495dd10f262,False,1279,249,1528,1.8454239170532674,1.8412942079594359,[0.5440352559089661],,,False,not_applicable,,False,missing_marker,[3],True,,,False,not_applicable,,False,not_applicable,,False,not_applicable,,,,,,[6],,,,,,,,True,6.0,3.0,False,0.5440352559089661,
3.5,Pendulum-v1,next-action,5,"Based on the provided sequence of states, actions, and rewards, we can observe the agent's behavior in response to the state changes. The agent seems to be adjusting its actions based on the state values to optimize the reward. Since the reward function penalizes the angle and angular velocity, the agent is likely trying to minimize these values while also considering the applied torque.",4,12,1694,f74fd94449aed6e39bb10248f52fc68f50cdfdc083585cc308e56ac5d29d7081,3.5__Pendulum-v1__next-action__H5,17,data/llmx_data/offline_data/physics_data/raw_transitions/Pendulum-v1/episodes/episode_0.npz,,,,,,493,experiments/03_1_gpt35_history_n30_joint/results/records.jsonl,experiments/03_1_gpt35_history_n30_joint/results/runs/3.5__Pendulum-v1__next-action__H5/episode_000/predictions.jsonl,4745386f66a4282679be9c9a0538454e9ede67cf1ba0cd5c8d461df91ba9a838,False,1277,183,1460,1.5336435829522088,1.5300822909921408,[0.02499106526374817],,,False,not_applicable,,False,missing_marker,[3],True,,,False,not_applicable,,False,not_applicable,,False,not_applicable,,,,,,[5],,,,,,,,True,5.0,3.0,False,0.02499106526374817,
3.5,Pendulum-v1,next-action,5,"Based on the provided sequence of states, actions, and rewards, we can observe the agent's behavior in response to the state changes. The agent seems to be adjusting its actions based on the pendulum's position and velocity to maximize its reward. Since the reward function penalizes the angle and angular velocity, the agent is likely trying to stabilize the pendulum in an upright position with minimal movement.",4,13,1695,9edcb0e4e82e78fec74038c2087524868862d2f66e6862bee6dd1e7787247eec,3.5__Pendulum-v1__next-action__H5,18,data/llmx_data/offline_data/physics_data/raw_transitions/Pendulum-v1/episodes/episode_0.npz,,,,,,494,experiments/03_1_gpt35_history_n30_joint/results/records.jsonl,experiments/03_1_gpt35_history_n30_joint/results/runs/3.5__Pendulum-v1__next-action__H5/episode_000/predictions.jsonl,8304ae448d99ec2e9cadf2265ac565f6ea612882a47ec07593d94ce873e3afaf,True,1278,253,1531,3.027603375026956,3.0235315000172704,[0.7087789177894592],,,False,not_applicable,[0.5],True,,[6],True,,,False,not_applicable,,False,not_applicable,,False,not_applicable,,,,,,[6],,,,,,,,True,6.0,6.0,True,0.7087789177894592,0.5
3.5,Pendulum-v1,next-action,5,"Based on the provided sequence of steps, we can observe that the agent is making adjustments to the torque applied based on the state and the received rewards. The agent seems to be trying to minimize the negative reward by adjusting the torque. In the given steps, the agent is gradually adjusting the torque values based on the state observations and rewards received.",4,14,1696,bd427e8ebc34d78955ed3bc89826f74f3d4ae7eb4d3af044292a7a9684b57353,3.5__Pendulum-v1__next-action__H5,19,data/llmx_data/offline_data/physics_data/raw_transitions/Pendulum-v1/episodes/episode_0.npz,,,,,,495,experiments/03_1_gpt35_history_n30_joint/results/records.jsonl,experiments/03_1_gpt35_history_n30_joint/results/runs/3.5__Pendulum-v1__next-action__H5/episode_000/predictions.jsonl,a11911dfaf4b91221407099e32e49ee81f950aeab31c12fd2573dac0ddf595c6,True,1278,177,1455,1.5101872080704197,1.5066599999554455,[0.5939425230026245],,,False,not_applicable,[0.4],True,,[6],True,,,False,not_applicable,,False,not_applicable,,False,not_applicable,,,,,,[6],,,,,,,,True,6.0,6.0,True,0.5939425230026245,0.4
3.5,Pendulum-v1,next-action,5,"Based on the provided sequence of states, actions, and rewards, we can observe the agent's behavior and infer its decision-making process. The agent seems to be adjusting its actions based on the state's angular position and velocity to maximize its reward. Since the state s20 is very close to the upright position (y coordinate close to 0), the agent might choose an action that helps stabilize the pendulum in the upright position.",4,15,1697,33bdac9b21d8771669702ff48d2bc646f942fbf4360e618be5d4d4553002f48b,3.5__Pendulum-v1__next-action__H5,20,data/llmx_data/offline_data/physics_data/raw_transitions/Pendulum-v1/episodes/episode_0.npz,,,,,,496,experiments/03_1_gpt35_history_n30_joint/results/records.jsonl,experiments/03_1_gpt35_history_n30_joint/results/runs/3.5__Pendulum-v1__next-action__H5/episode_000/predictions.jsonl,9f6670e1dc7c0ccd7d0dab2a8bf9f6045de4480023c99c709a9a7b4751acf0dc,True,1279,218,1497,2.2284986251033843,2.2257256250595674,[0.08882922679185867],,,False,not_applicable,[0.0],True,,[5],True,,,False,not_applicable,,False,not_applicable,,False,not_applicable,,,,,,[5],,,,,,,,True,5.0,5.0,True,0.08882922679185867,0.0
3.5,Pendulum-v1,next-action,5,"Based on the reward function for the Pendulum-v1 task, the agent aims to minimize the value of the expression -(theta^2 + 0.1 * theta_dt^2 + 0.001 * torque^2). Given the state transition from step 20 to step 21 where the angular velocity decreased from 0.0024 to -0.0167, the agent would likely need to apply a torque in the opposite direction to counteract the decrease in angular velocity and move the pendulum closer to the upright position.",2,16,1698,962f07b227fdf82a8b80c43550ccc66826e06ef35d4070302ba9856c993a28d0,3.5__Pendulum-v1__next-action__H5,21,data/llmx_data/offline_data/physics_data/raw_transitions/Pendulum-v1/episodes/episode_0.npz,,,,,,497,experiments/03_1_gpt35_history_n30_joint/results/records.jsonl,experiments/03_1_gpt35_history_n30_joint/results/runs/3.5__Pendulum-v1__next-action__H5/episode_000/predictions.jsonl,1d89451594e90cbdfc4b71368111863acfe123020da6a01fdc3bb71e3cc4e16b,True,1277,210,1487,2.0490156669402495,2.046274665975943,[0.6434862613677979],,,False,not_applicable,[-0.5],True,,[3],True,,,False,not_applicable,,False,not_applicable,,False,not_applicable,,,,,,[6],,,,,,,,True,6.0,3.0,True,0.6434862613677979,-0.5
3.5,Pendulum-v1,next-action,5,"Based on the provided sequence of states, actions, and rewards, we can observe the agent's behavior in response to different states. The agent seems to be making adjustments in the action values based on the state observations to maximize its reward. Since the state s22 is close to the previous states in the sequence, we can expect the agent to continue its trend of adjusting the action values to optimize the reward.",4,17,1699,ed6fe1194c5fbe9528d662821396b217ebae3e8cc27057e5dfe2f824a8a207dd,3.5__Pendulum-v1__next-action__H5,22,data/llmx_data/offline_data/physics_data/raw_transitions/Pendulum-v1/episodes/episode_0.npz,,,,,,498,experiments/03_1_gpt35_history_n30_joint/results/records.jsonl,experiments/03_1_gpt35_history_n30_joint/results/runs/3.5__Pendulum-v1__next-action__H5/episode_000/predictions.jsonl,1a31280adaf80dedc618f2cb8746906c118b311606013556d39e9a78bedc4bf1,True,1279,273,1552,2.649303040932864,2.6460482090478763,[-1.0871518850326538],,,False,not_applicable,[0.8],True,,[7],True,,,False,not_applicable,,False,not_applicable,,False,not_applicable,,,,,,[2],,,,,,,,True,2.0,7.0,True,-1.0871518850326538,0.8
3.5,Pendulum-v1,next-action,5,"Based on the provided sequence of states, actions, and rewards, we can observe the agent's behavior in response to different states. The agent seems to be making adjustments in its actions to minimize the negative rewards received. Since the pendulum swingup problem requires applying torque to swing the pendulum into an upright position, the agent will likely adjust its action based on the current state to move towards the goal of balancing the pendulum.",4,18,1700,63b729a9dedbd645da72cc1e239ae156f5e0d416bfd378aa83aca38984c4744b,3.5__Pendulum-v1__next-action__H5,23,data/llmx_data/offline_data/physics_data/raw_transitions/Pendulum-v1/episodes/episode_0.npz,,,,,,499,experiments/03_1_gpt35_history_n30_joint/results/records.jsonl,experiments/03_1_gpt35_history_n30_joint/results/runs/3.5__Pendulum-v1__next-action__H5/episode_000/predictions.jsonl,abcf00eb5eb0dc1a129aeea5b090e4bd90b90f89ab0cb4eb3b11cadcd8b82d9a,True,1281,217,1498,2.2258265001000836,2.2219602500554174,[1.421302080154419],,,False,not_applicable,[-1.2],True,,[2],True,,,False,not_applicable,,False,not_applicable,,False,not_applicable,,,,,,[8],,,,,,,,True,8.0,2.0,True,1.421302080154419,-1.2
3.5,Pendulum-v1,next-action,5,"Given the sequence of states, actions, and rewards provided, we can observe the agent's behavior in response to different states. The agent seems to be making adjustments in its actions based on the state information to maximize its rewards. Since the reward function penalizes the angle and angular velocity, the agent will likely try to minimize the angle and velocity while also considering the torque applied.",4,19,1701,003118c61f689635d0ea1b09b4d46f702c4ddbc8e75564d9f78ebbe619c73e63,3.5__Pendulum-v1__next-action__H5,24,data/llmx_data/offline_data/physics_data/raw_transitions/Pendulum-v1/episodes/episode_0.npz,,,,,,500,experiments/03_1_gpt35_history_n30_joint/results/records.jsonl,experiments/03_1_gpt35_history_n30_joint/results/runs/3.5__Pendulum-v1__next-action__H5/episode_000/predictions.jsonl,6e2a51869579f7da77643783952114509a65c6ee4c229608d58f13bd6c93912d,True,1282,178,1460,2.7043486250331625,2.7005722080357373,[0.33447736501693726],,,False,not_applicable,[-0.2],True,,[4],True,,,False,not_applicable,,False,not_applicable,,False,not_applicable,,,,,,[5],,,,,,,,True,5.0,4.0,True,0.33447736501693726,-0.2
3.5,Pendulum-v1,next-action,5,"Based on the provided sequence of steps, it seems that the agent is trying to stabilize the pendulum by applying torque in response to the state observations. The agent adjusts its actions based on the current state and the received rewards. Since the state at step 25 is [[ 0.999 , -0.0457,  0.0428]], the agent will likely choose an action that aims to reduce the angular deviation of the pendulum while considering the angular velocity and the previous actions taken.",4,20,1702,6c74eb1e7ecea10e54a78cb24b4ff053a08b91ad043e651c70b828b0c6381123,3.5__Pendulum-v1__next-action__H5,25,data/llmx_data/offline_data/physics_data/raw_transitions/Pendulum-v1/episodes/episode_0.npz,,,,,,501,experiments/03_1_gpt35_history_n30_joint/results/records.jsonl,experiments/03_1_gpt35_history_n30_joint/results/runs/3.5__Pendulum-v1__next-action__H5/episode_000/predictions.jsonl,9884d542810236afade9af52251266b2d042c971981a89f002b645063661c723,True,1282,261,1543,2.2475698329508305,2.2429199579637498,[-0.48779454827308655],,,False,not_applicable,[-0.5],True,,[3],True,,,False,not_applicable,,False,not_applicable,,False,not_applicable,,,,,,[3],,,,,,,,True,3.0,3.0,True,-0.48779454827308655,-0.5
3.5,Pendulum-v1,next-action,5,"Given the sequential nature of the agent's actions and the reward function, we can infer that the agent is likely trying to minimize the negative reward by adjusting its actions based on the state observations. Since the reward is influenced by the angle and angular velocity, the agent may adjust its action to stabilize the pendulum towards the upright position.",4,21,1703,2d0b50c613c01cbc6ef0cf74758fd516357c82f13830d40805b684b8d949b9e0,3.5__Pendulum-v1__next-action__H5,26,data/llmx_data/offline_data/physics_data/raw_transitions/Pendulum-v1/episodes/episode_0.npz,,,,,,502,experiments/03_1_gpt35_history_n30_joint/results/records.jsonl,experiments/03_1_gpt35_history_n30_joint/results/runs/3.5__Pendulum-v1__next-action__H5/episode_000/predictions.jsonl,3d28cc07ba18bb95b79e56c6ab0e6c7fe82ef5ece552cc96c44df3c90533d951,True,1282,191,1473,2.535690875025466,2.5319538329495117,[0.6751355528831482],,,False,not_applicable,[-0.4],True,,[4],True,,,False,not_applicable,,False,not_applicable,,False,not_applicable,,,,,,[6],,,,,,,,True,6.0,4.0,True,0.6751355528831482,-0.4
3.5,Pendulum-v1,next-action,5,"Based on the provided sequence of states, actions, and rewards, we can observe the agent's behavior in response to different states. The agent seems to be making adjustments to the torque applied based on the current state to maximize its reward. Since the reward function penalizes large torques, the agent is likely trying to find a balance between swinging the pendulum up and minimizing the torque applied.",4,22,1704,0f1c9b16002dca5c3343d911dec9fab9b768b48885d677ce5b275b94debf5cae,3.5__Pendulum-v1__next-action__H5,27,data/llmx_data/offline_data/physics_data/raw_transitions/Pendulum-v1/episodes/episode_0.npz,,,,,,503,experiments/03_1_gpt35_history_n30_joint/results/records.jsonl,experiments/03_1_gpt35_history_n30_joint/results/runs/3.5__Pendulum-v1__next-action__H5/episode_000/predictions.jsonl,0f3ffdc73832abb29182c4213b4f0acf80f82ea07d693fe121251fa9d437da35,True,1293,253,1546,2.9095529170008376,2.9060696669621393,[0.7845479249954224],,,False,not_applicable,[0.0],True,,[4],True,,,False,not_applicable,,False,not_applicable,,False,not_applicable,,,,,,[6],,,,,,,,True,6.0,4.0,True,0.7845479249954224,0.0
3.5,Pendulum-v1,next-action,5,"Based on the provided sequence of states, actions, and rewards, we can observe the agent's behavior in response to different states. The agent seems to be making adjustments in its actions to optimize the reward. Since the reward function penalizes large torque values, the agent might try to minimize the torque while still achieving the goal of swinging the pendulum upright.",4,23,1705,f52150800062558893f14cbe4585e62013e779b660be7471c70c914cfc28a5ca,3.5__Pendulum-v1__next-action__H5,28,data/llmx_data/offline_data/physics_data/raw_transitions/Pendulum-v1/episodes/episode_0.npz,,,,,,504,experiments/03_1_gpt35_history_n30_joint/results/records.jsonl,experiments/03_1_gpt35_history_n30_joint/results/runs/3.5__Pendulum-v1__next-action__H5/episode_000/predictions.jsonl,7fab26d010cc243e3e4e627fc93e643d9b4f9e5812e7ed6a5e532d23c6b25fa3,True,1290,201,1491,1.8737564160255715,1.8714241249253973,[-1.375152826309204],,,False,not_applicable,[1.0],True,,[8],True,,,False,not_applicable,,False,not_applicable,,False,not_applicable,,,,,,[1],,,,,,,,True,1.0,8.0,True,-1.375152826309204,1.0
3.5,Pendulum-v1,next-action,5,"The agent seems to be taking actions that are adjusting based on the state observations to improve the reward. Looking at the provided steps, the agent is making small adjustments in the actions based on the state changes. Since the state has changed to a lower y-coordinate and a negative angular velocity, the agent might need to apply a torque in the clockwise direction to swing the pendulum back towards the upright position.",3,24,1706,e6a87289247d3f15932cb6c39f650cdcd8c78480913c2b579f67902cced5db43,3.5__Pendulum-v1__next-action__H5,29,data/llmx_data/offline_data/physics_data/raw_transitions/Pendulum-v1/episodes/episode_0.npz,,,,,,505,experiments/03_1_gpt35_history_n30_joint/results/records.jsonl,experiments/03_1_gpt35_history_n30_joint/results/runs/3.5__Pendulum-v1__next-action__H5/episode_000/predictions.jsonl,cf4d7ffcd6533df1ac1515ced7ddf1717ef46224a20c4b255e1b9d32486d850b,True,1291,187,1478,1.5011585829779506,1.498030957998708,[1.9077938795089722],,,False,not_applicable,[-1.6],True,,[1],True,,,False,not_applicable,,False,not_applicable,,False,not_applicable,,,,,,[9],,,,,,,,True,9.0,1.0,True,1.9077938795089722,-1.6
3.5,Pendulum-v1,next-action,5,"Based on the provided sequence of states, actions, and rewards, we can observe the agent's behavior in response to different states. The agent seems to be adjusting its actions based on the state values and rewards received. Since the reward function penalizes the angle and angular velocity, the agent is likely trying to minimize these values to maximize its reward. Additionally, the agent might be learning to balance the pendulum by applying torque in a way that stabilizes the system.",4,25,1707,01260ddb03165202a597ca4a3238130274a29c4f17b421bcd729c3dc6a0fe1c9,3.5__Pendulum-v1__next-action__H5,30,data/llmx_data/offline_data/physics_data/raw_transitions/Pendulum-v1/episodes/episode_0.npz,,,,,,506,experiments/03_1_gpt35_history_n30_joint/results/records.jsonl,experiments/03_1_gpt35_history_n30_joint/results/runs/3.5__Pendulum-v1__next-action__H5/episode_000/predictions.jsonl,b86bfcdf880842fe58bdbcf4d25f0ec998c2d2b82893d2ebdb19cbecae8363fd,True,1291,203,1494,2.0856856249738485,2.081903374986723,[-0.8885178565979004],,,False,not_applicable,[0.4],True,,[6],True,,,False,not_applicable,,False,not_applicable,,False,not_applicable,,,,,,[2],,,,,,,,True,2.0,6.0,True,-0.8885178565979004,0.4
3.5,Pendulum-v1,next-action,5,"Based on the provided sequence of states, actions, and rewards, we can observe that the agent is making adjustments to the torque applied based on the state of the pendulum. The agent seems to be trying to minimize the negative reward by adjusting the torque. Given the trend in the actions taken so far, we can predict that the agent will continue to adjust the torque in a way that helps reduce the negative reward further.",4,26,1708,e801b2f0b914780739a216030e66faeb33bcbad76e81c644b313b9c9ea043e46,3.5__Pendulum-v1__next-action__H5,31,data/llmx_data/offline_data/physics_data/raw_transitions/Pendulum-v1/episodes/episode_0.npz,,,,,,507,experiments/03_1_gpt35_history_n30_joint/results/records.jsonl,experiments/03_1_gpt35_history_n30_joint/results/runs/3.5__Pendulum-v1__next-action__H5/episode_000/predictions.jsonl,e7bae27e24694636271546ad10e17c75efa7117672a4c7f8b260e4c892f3bc39,True,1291,136,1427,2.0315251250285655,2.027214542031288,[1.4703737497329712],,,False,not_applicable,[0.4],True,,[6],True,,,False,not_applicable,,False,not_applicable,,False,not_applicable,,,,,,[8],,,,,,,,True,8.0,6.0,True,1.4703737497329712,0.4
3.5,Pendulum-v1,next-action,5,"Based on the provided sequence of states, actions, and rewards, we can observe the agent's behavior in response to different states. The agent seems to be making adjustments in its actions to minimize the negative rewards received. Since the reward function penalizes the angle deviation, angular velocity, and torque applied, the agent is likely trying to stabilize the pendulum by counteracting the deviations.",4,27,1709,3d8ab448405f5fdc6afcf3e604ba12921fbf46bed118f19ea429c074545d0117,3.5__Pendulum-v1__next-action__H5,32,data/llmx_data/offline_data/physics_data/raw_transitions/Pendulum-v1/episodes/episode_0.npz,,,,,,508,experiments/03_1_gpt35_history_n30_joint/results/records.jsonl,experiments/03_1_gpt35_history_n30_joint/results/runs/3.5__Pendulum-v1__next-action__H5/episode_000/predictions.jsonl,1fc28c310a5bee741d10e365b2269380acc7c34fb94a243dd051cb47056d7333,True,1292,218,1510,2.0220635830191895,2.018041917006485,[-0.9442287683486938],,,False,not_applicable,[0.4],True,,[6],True,,,False,not_applicable,,False,not_applicable,,False,not_applicable,,,,,,[2],,,,,,,,True,2.0,6.0,True,-0.9442287683486938,0.4
3.5,Pendulum-v1,next-action,5,"Based on the provided sequence of states, actions, and rewards, we can observe the agent's behavior in response to different states. The agent seems to be making adjustments to the torque applied based on the current state to maximize its reward. Since the reward function penalizes theta^2, theta_dt^2, and torque^2, the agent is likely trying to minimize the angle deviation, angular velocity, and torque applied.",4,28,1710,cc6c88efafecd64c33baba69238dc84518e61537349f413d15121b4568deac54,3.5__Pendulum-v1__next-action__H5,33,data/llmx_data/offline_data/physics_data/raw_transitions/Pendulum-v1/episodes/episode_0.npz,,,,,,509,experiments/03_1_gpt35_history_n30_joint/results/records.jsonl,experiments/03_1_gpt35_history_n30_joint/results/runs/3.5__Pendulum-v1__next-action__H5/episode_000/predictions.jsonl,6aae45a399c87b4093bbe544374928068b5a8386cba51e42c9a09b5488d99025,True,1284,377,1661,2.4349081669934094,2.430927583016455,[1.5583062171936035],,,False,not_applicable,[1.5],True,,[8],True,,,False,not_applicable,,False,not_applicable,,False,not_applicable,,,,,,[8],,,,,,,,True,8.0,8.0,True,1.5583062171936035,1.5
3.5,Pendulum-v1,next-action,5,"Given the sequential nature of the agent's actions and rewards, we can observe a pattern in how the agent is adjusting its actions based on the state changes. The agent seems to be making small adjustments in its actions to optimize the reward. Since the state has changed slightly from the previous steps, we can expect the agent to continue this trend of small adjustments in the action space to maximize its reward.",3,29,1711,d263c45120ff87296abcb2870145af6da18521043851ab5764d6dca4bd7c7528,3.5__Pendulum-v1__next-action__H5,34,data/llmx_data/offline_data/physics_data/raw_transitions/Pendulum-v1/episodes/episode_0.npz,,,,,,510,experiments/03_1_gpt35_history_n30_joint/results/records.jsonl,experiments/03_1_gpt35_history_n30_joint/results/runs/3.5__Pendulum-v1__next-action__H5/episode_000/predictions.jsonl,befc8b696a74b5620f861bea3ba5db6cd4fbcec27ded3c11d4c87baf9daa1bcb,True,1283,169,1452,2.3148888329742476,2.310383458971046,[0.1804589033126831],,,False,not_applicable,[-0.5],True,,[3],True,,,False,not_applicable,,False,not_applicable,,False,not_applicable,,,,,,[5],,,,,,,,True,5.0,3.0,True,0.1804589033126831,-0.5
3.5,Pendulum-v1,next-action,10,"The agent seems to be gradually reducing the torque applied as it progresses through the steps. Initially, it applies a torque of -2.0, and then it starts decreasing the torque magnitude. Given that the pendulum is swinging towards the upright position and the angular velocity is decreasing, it is likely that the agent will continue to reduce the torque applied to allow for a smoother swing-up motion.",3,0,1712,172fe44c078b07ce0de6ad956fe6e5a243a9f4752182bbc0ec2eeb695711fcf0,3.5__Pendulum-v1__next-action__H10,10,data/llmx_data/offline_data/physics_data/raw_transitions/Pendulum-v1/episodes/episode_0.npz,,,,,,511,experiments/03_1_gpt35_history_n30_joint/results/records.jsonl,experiments/03_1_gpt35_history_n30_joint/results/runs/3.5__Pendulum-v1__next-action__H10/episode_000/predictions.jsonl,68b86061da0d912aebb7fd2cddddaf321687cba72e1a1ea86b42e6d2b7324be2,True,1496,178,1674,2.7672936250455678,2.7644308749586344,[1.809918761253357],,,False,not_applicable,[-1.4],True,,[1],True,,,False,not_applicable,,False,not_applicable,,False,not_applicable,,,,,,[9],,,,,,,,True,9.0,1.0,True,1.809918761253357,-1.4
3.5,Pendulum-v1,next-action,10,"Based on the agent's behavior in the provided steps, we can observe that the agent tends to apply negative torque when the pendulum is moving away from the upright position and positive torque when the pendulum is moving towards the upright position. Additionally, the agent adjusts the torque magnitude based on the angular velocity and position of the pendulum. Given that the pendulum is currently at a position where it is slightly away from the upright position with a negative angular velocity, the agent will likely apply a negative torque to slow down the pendulum's movement in that direction.",3,1,1713,081f06d6ca5eee771e7bd015a05ba2c7f9b10812c139ecff1e75b2e0e86d5bec,3.5__Pendulum-v1__next-action__H10,11,data/llmx_data/offline_data/physics_data/raw_transitions/Pendulum-v1/episodes/episode_0.npz,,,,,,512,experiments/03_1_gpt35_history_n30_joint/results/records.jsonl,experiments/03_1_gpt35_history_n30_joint/results/runs/3.5__Pendulum-v1__next-action__H10/episode_000/predictions.jsonl,39db25af2624b1e48be9f749013fdce736b240d393a1ef0ae7ffd0a4f9e27c9d,True,1498,246,1744,3.014445749926381,3.0113031670916826,[-0.3191149830818176],,,False,not_applicable,[-1.2],True,,[2],True,,,False,not_applicable,,False,not_applicable,,False,not_applicable,,,,,,[4],,,,,,,,True,4.0,2.0,True,-0.3191149830818176,-1.2
3.5,Pendulum-v1,next-action,10,"Based on the agent's behavior in the previous steps, we can observe that the agent tends to apply negative torque when the pendulum is moving away from the upright position (as seen in steps 2, 4, 6, 8), and positive torque when the pendulum is closer to the upright position (as seen in steps 9, 10). Given that the pendulum is slightly past the upright position in state s12 with a negative y-coordinate, it is likely that the agent will apply a positive torque to swing the pendulum back towards the upright position.",2,2,1714,bb720285d9b7c77e13946fbc56e396b14c0b2a04682a142df659783ac4930eb3,3.5__Pendulum-v1__next-action__H10,12,data/llmx_data/offline_data/physics_data/raw_transitions/Pendulum-v1/episodes/episode_0.npz,,,,,,513,experiments/03_1_gpt35_history_n30_joint/results/records.jsonl,experiments/03_1_gpt35_history_n30_joint/results/runs/3.5__Pendulum-v1__next-action__H10/episode_000/predictions.jsonl,9720c10c97c4d96f21fb08a2a9048d1198f4b382748ab70e5a74a6114b7ff833,True,1500,198,1698,1.693277791957371,1.6892965419683605,[1.4111299514770508],,,False,not_applicable,[1.5],True,,[9],True,,,False,not_applicable,,False,not_applicable,,False,not_applicable,,,,,,[8],,,,,,,,True,8.0,9.0,True,1.4111299514770508,1.5
3.5,Pendulum-v1,next-action,10,"Based on the agent's behavior in the provided steps, we can observe that the agent tends to apply negative torque when the pendulum is moving away from the upright position and positive torque when the pendulum is closer to the upright position. Additionally, the agent adjusts the torque magnitude based on the angular velocity and position of the pendulum. Given that the pendulum is currently at an angle close to upright (theta ≈ 0) and has a negative angular velocity, the agent will likely apply a positive torque to further swing the pendulum towards the upright position.",3,3,1715,3194e4c4c41820dcb00ee0d7a503db4dc7bc1fe0b37ca7a2be5604c06a6a2b6f,3.5__Pendulum-v1__next-action__H10,13,data/llmx_data/offline_data/physics_data/raw_transitions/Pendulum-v1/episodes/episode_0.npz,,,,,,514,experiments/03_1_gpt35_history_n30_joint/results/records.jsonl,experiments/03_1_gpt35_history_n30_joint/results/runs/3.5__Pendulum-v1__next-action__H10/episode_000/predictions.jsonl,8f8b493d71d1ae626f27797e3744ee451aa651ca09153b1ade8ecc8f2aafb101,True,1500,208,1708,2.356081458972767,2.352513417019509,[-1.4400720596313477],,,False,not_applicable,[1.5],True,,[8],True,,,False,not_applicable,,False,not_applicable,,False,not_applicable,,,,,,[1],,,,,,,,True,1.0,8.0,True,-1.4400720596313477,1.5
3.5,Pendulum-v1,next-action,10,"Based on the provided sequence of states, actions, and rewards, we can observe that the agent is trying to swing the pendulum up by applying torque in a controlled manner. The agent seems to be adjusting its actions based on the state's angular position and velocity to maximize the cumulative reward. In the given steps, the agent is gradually moving the pendulum towards the upright position by adjusting the torque applied.",4,4,1716,58d585256ecf6a07862055473f646eaec99b4586ae87cd6abcc97e25b0d8c38b,3.5__Pendulum-v1__next-action__H10,14,data/llmx_data/offline_data/physics_data/raw_transitions/Pendulum-v1/episodes/episode_0.npz,,,,,,515,experiments/03_1_gpt35_history_n30_joint/results/records.jsonl,experiments/03_1_gpt35_history_n30_joint/results/runs/3.5__Pendulum-v1__next-action__H10/episode_000/predictions.jsonl,483f3a68116e91d936ae1f5e721969617f9fcf48d425db31d07c6c08caa7430e,True,1501,202,1703,2.1097733749775216,2.1057012499077246,[1.7092909812927246],,,False,not_applicable,[1.2],True,,[8],True,,,False,not_applicable,,False,not_applicable,,False,not_applicable,,,,,,[9],,,,,,,,True,9.0,8.0,True,1.7092909812927246,1.2
3.5,Pendulum-v1,next-action,10,"Given the trend in the actions taken by the agent in the previous steps, we can observe that the agent adjusts its actions based on the state's angular velocity to stabilize the pendulum. When the angular velocity is high, the agent tends to apply higher magnitude actions to counteract the velocity. In this case, the angular velocity in state s15 is -0.01, which is relatively low compared to previous steps. Therefore, the agent might apply a smaller magnitude action to fine-tune the pendulum's position.",3,5,1717,ea349775b2714395c3c350d643a52e5c6216877f5f87573ba706d8be83d75712,3.5__Pendulum-v1__next-action__H10,15,data/llmx_data/offline_data/physics_data/raw_transitions/Pendulum-v1/episodes/episode_0.npz,,,,,,516,experiments/03_1_gpt35_history_n30_joint/results/records.jsonl,experiments/03_1_gpt35_history_n30_joint/results/runs/3.5__Pendulum-v1__next-action__H10/episode_000/predictions.jsonl,753b45e6aa0b845053ad45a34a354efbc17895485c746bafbb4f0b7f898cc9be,True,1505,210,1715,1.9056755839847028,1.9035040410235524,[-0.9497600793838501],,,False,not_applicable,[-1.0],True,,[2],True,,,False,not_applicable,,False,not_applicable,,False,not_applicable,,,,,,[2],,,,,,,,True,2.0,2.0,True,-0.9497600793838501,-1.0
3.5,Pendulum-v1,next-action,10,"Based on the provided sequence of states, actions, and rewards, we can observe the agent's behavior in response to the state changes. The agent seems to be adjusting its actions based on the state's angular position, velocity, and the rewards received. The actions taken by the agent are likely influenced by the current state's deviation from the upright position, the velocity of the pendulum, and the previous rewards received.",4,6,1718,e11821277db9ffcb9ce35e22bd92bc7c7ac9273f5501d125c501cae86ced0a2a,3.5__Pendulum-v1__next-action__H10,16,data/llmx_data/offline_data/physics_data/raw_transitions/Pendulum-v1/episodes/episode_0.npz,,,,,,517,experiments/03_1_gpt35_history_n30_joint/results/records.jsonl,experiments/03_1_gpt35_history_n30_joint/results/runs/3.5__Pendulum-v1__next-action__H10/episode_000/predictions.jsonl,8e5aeede00d260eea2e98f125df74081156fb3186dcc609aef7746e3f5630c82,True,1503,258,1761,1.973038165946491,1.9688108749687672,[0.5440352559089661],,,False,not_applicable,[0.5],True,,[6],True,,,False,not_applicable,,False,not_applicable,,False,not_applicable,,,,,,[6],,,,,,,,True,6.0,6.0,True,0.5440352559089661,0.5
3.5,Pendulum-v1,next-action,10,"The agent's behavior seems to be somewhat consistent in terms of the actions taken based on the states observed. Looking at the pattern in the actions taken in the previous steps, we can see that the agent tends to adjust the torque based on the angular position and velocity of the pendulum. Since the angular position is close to being upright (y coordinate close to 0), and the angular velocity is negative, the agent might apply a torque to counteract the velocity and bring the pendulum closer to the upright position.",4,7,1719,8e804ad0605e0128caef129fa4d66b2f8be976b022c5bd8affa9e7a929620f29,3.5__Pendulum-v1__next-action__H10,17,data/llmx_data/offline_data/physics_data/raw_transitions/Pendulum-v1/episodes/episode_0.npz,,,,,,518,experiments/03_1_gpt35_history_n30_joint/results/records.jsonl,experiments/03_1_gpt35_history_n30_joint/results/runs/3.5__Pendulum-v1__next-action__H10/episode_000/predictions.jsonl,866d23aecbba05bfb535973ebeca92c6db7bd44eecb0d599df9baa70a950418d,True,1500,212,1712,1.7884492919547483,1.784829374984838,[0.02499106526374817],,,False,not_applicable,[-0.5],True,,[3],True,,,False,not_applicable,,False,not_applicable,,False,not_applicable,,,,,,[5],,,,,,,,True,5.0,3.0,True,0.02499106526374817,-0.5
3.5,Pendulum-v1,next-action,10,"Based on the provided sequence of states, actions, and rewards, we can observe a pattern in the agent's behavior. The agent seems to adjust its actions based on the state's angular position and velocity to maximize rewards. Since the state s18 has a negative angular position and a small negative angular velocity, the agent might need to apply a torque in the positive direction to counteract the negative velocity and move the pendulum towards the upright position.",4,8,1720,f65941253da3cbe09c855e478d39db372dd409db5fc7f3d4c8b1210820726435,3.5__Pendulum-v1__next-action__H10,18,data/llmx_data/offline_data/physics_data/raw_transitions/Pendulum-v1/episodes/episode_0.npz,,,,,,519,experiments/03_1_gpt35_history_n30_joint/results/records.jsonl,experiments/03_1_gpt35_history_n30_joint/results/runs/3.5__Pendulum-v1__next-action__H10/episode_000/predictions.jsonl,2e1966284faae211aed91fdad3ad1fbba84b9b8c8f24272978db2870eab14ab6,True,1498,176,1674,1.822160750045441,1.817282166914083,[0.7087789177894592],,,False,not_applicable,[0.6],True,,[6],True,,,False,not_applicable,,False,not_applicable,,False,not_applicable,,,,,,[6],,,,,,,,True,6.0,6.0,True,0.7087789177894592,0.6
3.5,Pendulum-v1,next-action,10,"Based on the provided sequence of states, actions, and rewards, we can observe the agent's behavior and infer its decision-making process. The agent seems to be gradually adjusting its actions based on the state's characteristics and the received rewards. Since the pendulum swingup problem requires balancing the pendulum in an upright position, the agent is likely trying to minimize the deviation of the pendulum from the vertical axis while considering the angular velocity and the torque applied.",4,9,1721,774a4ee947123edef12f5fa428d37f496c811e32368b4601b0b8ffc00aabe6bd,3.5__Pendulum-v1__next-action__H10,19,data/llmx_data/offline_data/physics_data/raw_transitions/Pendulum-v1/episodes/episode_0.npz,,,,,,520,experiments/03_1_gpt35_history_n30_joint/results/records.jsonl,experiments/03_1_gpt35_history_n30_joint/results/runs/3.5__Pendulum-v1__next-action__H10/episode_000/predictions.jsonl,1bcc9026bdc7147a0d42a1fe1f3ad643634029f73605bb03aea9ac54eb09fda3,True,1499,319,1818,2.36663004104048,2.3631469160318375,[0.5939425230026245],,,False,not_applicable,[1.2],True,,[8],True,,,False,not_applicable,,False,not_applicable,,False,not_applicable,,,,,,[6],,,,,,,,True,6.0,8.0,True,0.5939425230026245,1.2
3.5,Pendulum-v1,next-action,10,"Based on the provided sequence of states, actions, and rewards, we can observe the agent's behavior in response to different states. The agent seems to be adjusting its actions based on the state's angular position, velocity, and the rewards received. Since the pendulum swingup problem requires balancing the pendulum upright, the agent is likely to adjust its actions to stabilize the pendulum towards the upright position while considering the rewards received in the previous steps.",4,10,1722,6d80b578a454b7edc98e959c896213676179b445140569db5aa2e125cc08c5d4,3.5__Pendulum-v1__next-action__H10,20,data/llmx_data/offline_data/physics_data/raw_transitions/Pendulum-v1/episodes/episode_0.npz,,,,,,521,experiments/03_1_gpt35_history_n30_joint/results/records.jsonl,experiments/03_1_gpt35_history_n30_joint/results/runs/3.5__Pendulum-v1__next-action__H10/episode_000/predictions.jsonl,179c4b3c5ca81bb9e8ceb7b26f1df8a6ceeb0b524968e17c2df0937625832641,False,1499,222,1721,2.0517484169686213,2.0469081250485033,[0.08882922679185867],,,False,not_applicable,,False,non_literal_or_placeholder,,False,non_literal_or_placeholder,,False,not_applicable,,False,not_applicable,,False,not_applicable,,,,,,[5],,,,,,,,False,5.0,,False,0.08882922679185867,
3.5,Pendulum-v1,next-action,10,"Given the pattern observed in the provided sequence, it seems that the agent's actions are somewhat reactive to the angular velocity component of the state. When the angular velocity is negative, the agent tends to apply positive torque, and vice versa. Additionally, the magnitude of the torque applied seems to be somewhat proportional to the magnitude of the angular velocity.",3,11,1723,e66075888bedfc94bdf444dfe2cc45b09b2b98006e1327dba24679e1751bddee,3.5__Pendulum-v1__next-action__H10,21,data/llmx_data/offline_data/physics_data/raw_transitions/Pendulum-v1/episodes/episode_0.npz,,,,,,522,experiments/03_1_gpt35_history_n30_joint/results/records.jsonl,experiments/03_1_gpt35_history_n30_joint/results/runs/3.5__Pendulum-v1__next-action__H10/episode_000/predictions.jsonl,8c313f0994220181ca4cb5fec95b43da44dd8b6b3da0405f6348b90d98df5381,True,1497,232,1729,2.4985740409465507,2.494362666970119,[0.6434862613677979],,,False,not_applicable,[1.0],True,,[8],True,,,False,not_applicable,,False,not_applicable,,False,not_applicable,,,,,,[6],,,,,,,,True,6.0,8.0,True,0.6434862613677979,1.0
3.5,Pendulum-v1,next-action,10,"Based on the provided sequence of states, actions, and rewards, we can observe the agent's behavior and attempt to predict the action the agent will most likely take at state s22. The agent seems to be adjusting its actions based on the state changes and rewards received. Since the pendulum swingup problem requires balancing the pendulum upright, the agent might adjust its actions to stabilize the pendulum in the upright position.",4,12,1724,20b7f984695250679a6bf1a079a0c962e9d287f6c594b57db4dd1bfae8532bcd,3.5__Pendulum-v1__next-action__H10,22,data/llmx_data/offline_data/physics_data/raw_transitions/Pendulum-v1/episodes/episode_0.npz,,,,,,523,experiments/03_1_gpt35_history_n30_joint/results/records.jsonl,experiments/03_1_gpt35_history_n30_joint/results/runs/3.5__Pendulum-v1__next-action__H10/episode_000/predictions.jsonl,93cdfdf9e549ddd5c54dc46335eac21b3cc66f5e2f00d9a3bf4acadc979f67a9,True,1497,277,1774,2.831156541942619,2.8274237499572337,[-1.0871518850326538],,,False,not_applicable,[0.4],True,,[6],True,,,False,not_applicable,,False,not_applicable,,False,not_applicable,,,,,,[2],,,,,,,,True,2.0,6.0,True,-1.0871518850326538,0.4
3.5,Pendulum-v1,next-action,10,"Based on the provided sequence of states, actions, and rewards, we can observe that the agent is making adjustments to the torque applied based on the state of the pendulum. The agent seems to be trying to minimize the negative reward by adjusting the torque. In this case, the pendulum is deviating from the upright position, and the angular velocity is not negligible. Given the previous actions taken by the agent in similar states, we can predict that the agent will try to apply a torque that helps in stabilizing the pendulum towards the upright position.",4,13,1725,d24fb45e0d66958ccd088aedd77d984f1c872b653ec01e55996230a1fd3138b8,3.5__Pendulum-v1__next-action__H10,23,data/llmx_data/offline_data/physics_data/raw_transitions/Pendulum-v1/episodes/episode_0.npz,,,,,,524,experiments/03_1_gpt35_history_n30_joint/results/records.jsonl,experiments/03_1_gpt35_history_n30_joint/results/runs/3.5__Pendulum-v1__next-action__H10/episode_000/predictions.jsonl,f0e0739ebcd10344931501025e856b6d64650d412a9f3bfed07e6b13c6585e25,True,1500,162,1662,1.589880249928683,1.5867250829469413,[1.421302080154419],,,False,not_applicable,[0.4],True,,[6],True,,,False,not_applicable,,False,not_applicable,,False,not_applicable,,,,,,[8],,,,,,,,True,8.0,6.0,True,1.421302080154419,0.4
3.5,Pendulum-v1,next-action,10,"Based on the provided sequence of states, actions, and rewards, we can observe that the agent is trying to swing the pendulum into an upright position by applying torque. The agent seems to be making adjustments to the torque based on the state observations and rewards received. In this case, the state s24 = [[ 0.9989, -0.0478,  0.0285]] indicates that the pendulum is close to being upright with a slight positive angular velocity. Considering the agent's behavior so far, it is likely that the agent will apply a torque that helps stabilize the pendulum in the upright position.",4,14,1726,731bbb5551c3693f0de54081c9d83a218d8d83abd541b0d87102a06db51c3230,3.5__Pendulum-v1__next-action__H10,24,data/llmx_data/offline_data/physics_data/raw_transitions/Pendulum-v1/episodes/episode_0.npz,,,,,,525,experiments/03_1_gpt35_history_n30_joint/results/records.jsonl,experiments/03_1_gpt35_history_n30_joint/results/runs/3.5__Pendulum-v1__next-action__H10/episode_000/predictions.jsonl,38f90b72948762ae6c2550a69e753f81a84d39ffa01d15efb8795bd1a7d12ed4,True,1501,180,1681,2.4472413749899715,2.4433407089672983,[0.33447736501693726],,,False,not_applicable,[0.4],True,,[6],True,,,False,not_applicable,,False,not_applicable,,False,not_applicable,,,,,,[5],,,,,,,,True,5.0,6.0,True,0.33447736501693726,0.4
3.5,Pendulum-v1,next-action,10,"Based on the provided sequence of states, actions, and rewards, we can observe that the agent is trying to swing the pendulum upright by applying torque in different directions. The agent seems to adjust its actions based on the current state's angular position and velocity to maximize the reward. In the given sequence, the agent tends to apply positive torque when the angular velocity is negative and negative torque when the angular velocity is positive to swing the pendulum towards the upright position.",3,15,1727,41f75dbe740aae2a5c40317668a0310e9f2af1f2f26cb12fb5daeaf0b1e59e05,3.5__Pendulum-v1__next-action__H10,25,data/llmx_data/offline_data/physics_data/raw_transitions/Pendulum-v1/episodes/episode_0.npz,,,,,,526,experiments/03_1_gpt35_history_n30_joint/results/records.jsonl,experiments/03_1_gpt35_history_n30_joint/results/runs/3.5__Pendulum-v1__next-action__H10/episode_000/predictions.jsonl,a6e23df4bc2d0dde7100bed42dae5088e01a069806acb34bc19e7ab391666582,True,1501,222,1723,2.1346924169920385,2.1304552499204874,[-0.48779454827308655],,,False,not_applicable,[-1.2],True,,[2],True,,,False,not_applicable,,False,not_applicable,,False,not_applicable,,,,,,[3],,,,,,,,True,3.0,2.0,True,-0.48779454827308655,-1.2
3.5,Pendulum-v1,next-action,10,"Based on the provided sequence of states, actions, and rewards, we can observe the agent's behavior in response to different states. The agent seems to be making adjustments to the torque applied based on the current state's angle, angular velocity, and the rewards received. The action space is continuous but discretized into 10 bins ranging from -2 to 2. By analyzing the trend in the actions taken by the agent in the previous steps, we can predict the most likely action the agent will take at state s26.",4,16,1728,0cade46e2f1bfe6bd02192776844f7c87a0e055dace324d1b57c6f182f74ed62,3.5__Pendulum-v1__next-action__H10,26,data/llmx_data/offline_data/physics_data/raw_transitions/Pendulum-v1/episodes/episode_0.npz,,,,,,527,experiments/03_1_gpt35_history_n30_joint/results/records.jsonl,experiments/03_1_gpt35_history_n30_joint/results/runs/3.5__Pendulum-v1__next-action__H10/episode_000/predictions.jsonl,9d7841631992cab587ec65b7fb13a9c30e57ba4571b8814813b82e73f47d980c,True,1501,246,1747,2.0454724580049515,2.0409694580594078,[0.6751355528831482],,,False,not_applicable,[0.4],True,,[6],True,,,False,not_applicable,,False,not_applicable,,False,not_applicable,,,,,,[6],,,,,,,,True,6.0,6.0,True,0.6751355528831482,0.4
3.5,Pendulum-v1,next-action,10,"Looking at the pattern in the provided sequence, the agent seems to be adjusting its actions based on the state changes. The actions taken by the agent are not following a strict pattern, but they do seem to vary based on the changes in the state values. Since the state s27 is very close to the previous states in the sequence, we can expect the agent to continue this trend of adjusting its actions accordingly.",4,17,1729,abcf282a3675a9a817befc14634cf76bf420daea5b871204bb21afcedfeca5f9,3.5__Pendulum-v1__next-action__H10,27,data/llmx_data/offline_data/physics_data/raw_transitions/Pendulum-v1/episodes/episode_0.npz,,,,,,528,experiments/03_1_gpt35_history_n30_joint/results/records.jsonl,experiments/03_1_gpt35_history_n30_joint/results/runs/3.5__Pendulum-v1__next-action__H10/episode_000/predictions.jsonl,d55e41287ce026d251fa2258673713fb875fb792b8ba799d014df52244233dd9,True,1512,204,1716,1.974497125018388,1.970710749970749,[0.7845479249954224],,,False,not_applicable,[0.4],True,,[5],True,,,False,not_applicable,,False,not_applicable,,False,not_applicable,,,,,,[6],,,,,,,,True,6.0,5.0,True,0.7845479249954224,0.4
3.5,Pendulum-v1,next-action,10,"Based on the provided sequence of states, actions, and rewards, we can observe that the agent is making adjustments to the torque applied based on the state of the pendulum. The agent seems to be trying to minimize the negative reward by adjusting the torque. Since the state s28 = [[ 0.999 , -0.0448,  0.0811]] has a positive angular velocity and is not too far from the upright position, the agent will likely apply a torque that helps stabilize the pendulum towards the upright position.",4,18,1730,44aecade14fa2dca846de86f0e63d3c9006d50e883a0ae80a41a6e3efdc8517e,3.5__Pendulum-v1__next-action__H10,28,data/llmx_data/offline_data/physics_data/raw_transitions/Pendulum-v1/episodes/episode_0.npz,,,,,,529,experiments/03_1_gpt35_history_n30_joint/results/records.jsonl,experiments/03_1_gpt35_history_n30_joint/results/runs/3.5__Pendulum-v1__next-action__H10/episode_000/predictions.jsonl,81790a8ed92b524200083e690c963f1931575bfda08f5b452bba399c8dbb2e33,True,1512,257,1769,2.424468791927211,2.4203364580171183,[-1.375152826309204],,,False,not_applicable,[1.2],True,,[8],True,,,False,not_applicable,,False,not_applicable,,False,not_applicable,,,,,,[1],,,,,,,,True,1.0,8.0,True,-1.375152826309204,1.2
3.5,Pendulum-v1,next-action,10,"Based on the provided sequence of states, actions, and rewards, we can observe that the agent is making adjustments to the torque applied based on the state of the pendulum. The agent seems to be trying to stabilize the pendulum by adjusting the torque in response to the pendulum's position and velocity. Given the trend in the actions taken so far, we can expect the agent to continue adjusting the torque to bring the pendulum closer to the upright position.",4,19,1731,d1455ed74febe3bf2bb20715322d5288da781beeb59ee014f44acd75074fcdcc,3.5__Pendulum-v1__next-action__H10,29,data/llmx_data/offline_data/physics_data/raw_transitions/Pendulum-v1/episodes/episode_0.npz,,,,,,530,experiments/03_1_gpt35_history_n30_joint/results/records.jsonl,experiments/03_1_gpt35_history_n30_joint/results/runs/3.5__Pendulum-v1__next-action__H10/episode_000/predictions.jsonl,7fbfa3d1474a5cd0444a880a1d835404f539def6788a0aab92071ca8eb4b4050,True,1513,271,1784,2.685280125006102,2.681683167000301,[1.9077938795089722],,,False,not_applicable,[1.2],True,,[8],True,,,False,not_applicable,,False,not_applicable,,False,not_applicable,,,,,,[9],,,,,,,,True,9.0,8.0,True,1.9077938795089722,1.2
3.5,Pendulum-v1,next-action,10,"Looking at the sequence of actions taken by the RL agent in the provided steps, we can observe that the agent adjusts its actions based on the state's angular position, velocity, and the rewards received. The agent seems to be making small adjustments to the torque applied to the pendulum based on the current state to optimize the reward function.",3,20,1732,28d3a85de7b9d0c3f39a2810b87be0b9d183ce30dba0192babb378a16bde882c,3.5__Pendulum-v1__next-action__H10,30,data/llmx_data/offline_data/physics_data/raw_transitions/Pendulum-v1/episodes/episode_0.npz,,,,,,531,experiments/03_1_gpt35_history_n30_joint/results/records.jsonl,experiments/03_1_gpt35_history_n30_joint/results/runs/3.5__Pendulum-v1__next-action__H10/episode_000/predictions.jsonl,45c724e2c2d98c74997aef147f19bab3e925feb8517e0c1ac20868bc5122b225,True,1514,217,1731,2.816850792034529,2.812778332969174,[-0.8885178565979004],,,False,not_applicable,[0.4],True,,[5],True,,,False,not_applicable,,False,not_applicable,,False,not_applicable,,,,,,[2],,,,,,,,True,2.0,5.0,True,-0.8885178565979004,0.4
3.5,Pendulum-v1,next-action,10,"Based on the provided sequence of states, actions, and rewards, we can observe the agent's behavior in response to different states. The agent seems to be adjusting its actions based on the state values to optimize the reward. Since the pendulum swingup problem requires balancing the pendulum, the agent is likely to choose actions that help stabilize the pendulum towards the upright position. Additionally, the agent might consider the angular velocity and position of the pendulum in its decision-making process.",4,21,1733,5d192afc4fed7303bb180e2687f4d4a48cedbe8361985b391a6189888e489c4d,3.5__Pendulum-v1__next-action__H10,31,data/llmx_data/offline_data/physics_data/raw_transitions/Pendulum-v1/episodes/episode_0.npz,,,,,,532,experiments/03_1_gpt35_history_n30_joint/results/records.jsonl,experiments/03_1_gpt35_history_n30_joint/results/runs/3.5__Pendulum-v1__next-action__H10/episode_000/predictions.jsonl,f556fb1c4e6e1ebf3850c3c6d2cc7d5bf4a4868bfa5a125064c5cfc3b8ca42c2,False,1514,388,1902,2.5847531660692766,2.580524083925411,[1.4703737497329712],,,False,not_applicable,,False,missing_marker,[8],True,,,False,not_applicable,,False,not_applicable,,False,not_applicable,,,,,,[8],,,,,,,,True,8.0,8.0,False,1.4703737497329712,
3.5,Pendulum-v1,next-action,10,"Based on the provided sequence of states, actions, and rewards, we can observe that the agent is trying to swing the pendulum upright by applying torque in different directions. The rewards are negative, indicating that the agent is penalized for deviating from the upright position. The actions taken by the agent seem to be based on the current state's angle and angular velocity, aiming to minimize the deviation from the upright position.",4,22,1734,e57ee84980592ef1d91789a1ef67db9111bf8be1e790f862cb7475e1307a422a,3.5__Pendulum-v1__next-action__H10,32,data/llmx_data/offline_data/physics_data/raw_transitions/Pendulum-v1/episodes/episode_0.npz,,,,,,533,experiments/03_1_gpt35_history_n30_joint/results/records.jsonl,experiments/03_1_gpt35_history_n30_joint/results/runs/3.5__Pendulum-v1__next-action__H10/episode_000/predictions.jsonl,0d86f14dd079598d64c6841c45fac7d9be2dbc454dbbb7cf4247e31108b6367c,False,1516,378,1894,3.8131850420031697,3.8079044580226764,[-0.9442287683486938],,,False,not_applicable,,False,missing_marker,[8],True,,,False,not_applicable,,False,not_applicable,,False,not_applicable,,,,,,[2],,,,,,,,True,2.0,8.0,False,-0.9442287683486938,
3.5,Pendulum-v1,next-action,10,"Based on the agent's behavior in the provided steps, we can observe that the agent tends to adjust its actions based on the state's angular position and velocity. The agent seems to be trying to minimize the deviation of the pendulum from the upright position while also considering the angular velocity. Given the state s33 = [[ 0.9987, -0.0514, -0.0779]], the agent will likely choose an action that helps stabilize the pendulum towards the upright position.",4,23,1735,d301cbfa456d43fe335490858a287a8879b794df48cfdfef31d663ce39b9d839,3.5__Pendulum-v1__next-action__H10,33,data/llmx_data/offline_data/physics_data/raw_transitions/Pendulum-v1/episodes/episode_0.npz,,,,,,534,experiments/03_1_gpt35_history_n30_joint/results/records.jsonl,experiments/03_1_gpt35_history_n30_joint/results/runs/3.5__Pendulum-v1__next-action__H10/episode_000/predictions.jsonl,9ef39d1dc9d32761565f1580be4e175d22cb4b396fc0268dfbe51c80bea45d89,True,1515,240,1755,1.6791882920078933,1.6754855830222368,[1.5583062171936035],,,False,not_applicable,[0.5],True,,[6],True,,,False,not_applicable,,False,not_applicable,,False,not_applicable,,,,,,[8],,,,,,,,True,8.0,6.0,True,1.5583062171936035,0.5
3.5,Pendulum-v1,next-action,10,"Based on the agent's behavior in the provided steps, we can observe that the agent tends to adjust its actions based on the state's angular position and velocity to maximize rewards. The agent seems to be making corrections to the pendulum's position and velocity by applying torque in the opposite direction to the current angular velocity. Given the state s34 with an increase in the y-coordinate and angular velocity, the agent will likely apply a negative torque to slow down the pendulum's movement in the positive y-direction.",3,24,1736,8f018d499cdc81c0ed864491e4e3d2dd8bb8a10e98a8c2d0fda8b75cb80e3aed,3.5__Pendulum-v1__next-action__H10,34,data/llmx_data/offline_data/physics_data/raw_transitions/Pendulum-v1/episodes/episode_0.npz,,,,,,535,experiments/03_1_gpt35_history_n30_joint/results/records.jsonl,experiments/03_1_gpt35_history_n30_joint/results/runs/3.5__Pendulum-v1__next-action__H10/episode_000/predictions.jsonl,643161231f7362269675d4609ca46b4bf959ca72566f28d9edb7ffd60e76f153,True,1515,195,1710,1.9876685419585556,1.9833483329275623,[0.1804589033126831],,,False,not_applicable,[-1.8],True,,[1],True,,,False,not_applicable,,False,not_applicable,,False,not_applicable,,,,,,[5],,,,,,,,True,5.0,1.0,True,0.1804589033126831,-1.8
3.5,Pendulum-v1,next-action,10,"Based on the provided sequence of states, actions, and rewards, we can observe that the agent is making adjustments to the torque applied based on the current state. The agent seems to be trying to stabilize the pendulum by adjusting the torque in response to the pendulum's position and velocity. Since the state s35 is close to the upright position with a slight negative y-coordinate and a positive x-coordinate, the agent will likely apply a torque that helps bring the pendulum closer to the upright position.",4,25,1737,d3dcbe995f96028a40a357bc713d0c3f377d7d145421b6309a3d160bf52b6d89,3.5__Pendulum-v1__next-action__H10,35,data/llmx_data/offline_data/physics_data/raw_transitions/Pendulum-v1/episodes/episode_0.npz,,,,,,536,experiments/03_1_gpt35_history_n30_joint/results/records.jsonl,experiments/03_1_gpt35_history_n30_joint/results/runs/3.5__Pendulum-v1__next-action__H10/episode_000/predictions.jsonl,9da75bb1d323bb1d7677413e1b9aee4908600b2941972a8124a2ba42ec500558,True,1515,289,1804,2.5886431250255555,2.584805416991003,[-1.4897518157958984],,,False,not_applicable,[0.2],True,,[5],True,,,False,not_applicable,,False,not_applicable,,False,not_applicable,,,,,,[1],,,,,,,,True,1.0,5.0,True,-1.4897518157958984,0.2
3.5,Pendulum-v1,next-action,10,"Based on the agent's behavior in the provided sequence, we can observe that the agent tends to adjust its actions based on the state's characteristics. The agent seems to be trying to minimize the negative reward by making appropriate torque adjustments. Given the state s36 = [[ 0.9989, -0.0472, -0.1432]], the agent will likely choose an action that aims to reduce the negative reward by either stabilizing the pendulum or swinging it towards the upright position.",4,26,1738,88fd94e70e61deca5481a04dd318269462ab47d43c38f227082d0f4ab792a115,3.5__Pendulum-v1__next-action__H10,36,data/llmx_data/offline_data/physics_data/raw_transitions/Pendulum-v1/episodes/episode_0.npz,,,,,,537,experiments/03_1_gpt35_history_n30_joint/results/records.jsonl,experiments/03_1_gpt35_history_n30_joint/results/runs/3.5__Pendulum-v1__next-action__H10/episode_000/predictions.jsonl,3ced0db9c205755c2c8474f902490000a78d7cf22d72d42e1cc240a6ff53a333,True,1514,208,1722,1.8208710830658674,1.8173218748997897,[1.7350534200668335],,,False,not_applicable,[-0.6],True,,[2],True,,,False,not_applicable,,False,not_applicable,,False,not_applicable,,,,,,[9],,,,,,,,True,9.0,2.0,True,1.7350534200668335,-0.6
3.5,Pendulum-v1,next-action,10,"Given the pattern observed in the agent's behavior in the provided steps, it seems that the agent tends to adjust its actions based on the angular velocity component of the state. When the angular velocity is positive, the agent tends to choose negative actions, and vice versa. Additionally, the agent seems to adjust its actions based on the position of the pendulum, trying to stabilize it towards the upright position.",3,27,1739,e53c45ae89bc3f2d207eb5eea98ce5aa25db173bcd8159a2ca8fffe7d6ac9b6d,3.5__Pendulum-v1__next-action__H10,37,data/llmx_data/offline_data/physics_data/raw_transitions/Pendulum-v1/episodes/episode_0.npz,,,,,,538,experiments/03_1_gpt35_history_n30_joint/results/records.jsonl,experiments/03_1_gpt35_history_n30_joint/results/runs/3.5__Pendulum-v1__next-action__H10/episode_000/predictions.jsonl,40048a07fb52a1e19cdaad97e1395b4ffc6e4cd8bee42c1bc9ffe16b2506150d,True,1515,226,1741,2.0930833750171587,2.089172458043322,[-1.974252700805664],,,False,not_applicable,[-1.2],True,,[2],True,,,False,not_applicable,,False,not_applicable,,False,not_applicable,,,,,,[0],,,,,,,,True,0.0,2.0,True,-1.974252700805664,-1.2
3.5,Pendulum-v1,next-action,10,"Based on the provided sequence of states, actions, and rewards, we can observe that the agent is trying to swing the pendulum upright by applying torque in a way that minimizes the negative reward. The agent seems to be adjusting its actions based on the state information, particularly the angle and angular velocity of the pendulum. Since the state s38 has a negative y-coordinate and a negative angular velocity, the agent will likely need to apply a torque that helps counteract these values to swing the pendulum towards the upright position.",4,28,1740,0c6a819966f7c08074b389b8952ce68c945f31a5dbf028610022ab3ac09b4022,3.5__Pendulum-v1__next-action__H10,38,data/llmx_data/offline_data/physics_data/raw_transitions/Pendulum-v1/episodes/episode_0.npz,,,,,,539,experiments/03_1_gpt35_history_n30_joint/results/records.jsonl,experiments/03_1_gpt35_history_n30_joint/results/runs/3.5__Pendulum-v1__next-action__H10/episode_000/predictions.jsonl,acdcaceeb8897e141b44ff496f1d3607827f60598364ccf27c2d2f1eba0606d2,True,1507,375,1882,3.4059518330032006,3.4033211250789464,[2.0],,,False,not_applicable,[1.5],True,,[8],True,,,False,not_applicable,,False,not_applicable,,False,not_applicable,,,,,,[9],,,,,,,,True,9.0,8.0,True,2.0,1.5
3.5,Pendulum-v1,next-action,10,"Based on the provided sequence of states, actions, and rewards, we can observe that the agent is making adjustments to the torque applied based on the state of the pendulum. The agent seems to be trying to stabilize the pendulum by adjusting the torque in response to the pendulum's position and velocity. Since the state s39 is close to the upright position with a small positive y-coordinate and a small positive angular velocity, the agent will likely apply a torque that helps stabilize the pendulum in the next step.",4,29,1741,9d4ce9f806b9a020f220b1ba726eea25bcdd6d05043f4ce64ab81b9fbdc5af28,3.5__Pendulum-v1__next-action__H10,39,data/llmx_data/offline_data/physics_data/raw_transitions/Pendulum-v1/episodes/episode_0.npz,,,,,,540,experiments/03_1_gpt35_history_n30_joint/results/records.jsonl,experiments/03_1_gpt35_history_n30_joint/results/runs/3.5__Pendulum-v1__next-action__H10/episode_000/predictions.jsonl,51b79a4af4705721163aaf63119a282e2f2550a29b7110769e6e9e95d5944559,True,1505,273,1778,3.2485742080025375,3.2452348329825327,[1.0084922313690186],,,False,not_applicable,[0.6],True,,[6],True,,,False,not_applicable,,False,not_applicable,,False,not_applicable,,,,,,[7],,,,,,,,True,7.0,6.0,True,1.0084922313690186,0.6
3.5,Pendulum-v1,next-action,20,"Given the agent's behavior in the previous steps, we can observe that the agent tends to apply negative torque when the pendulum is swinging to the right (positive angular velocity) and positive torque when the pendulum is swinging to the left (negative angular velocity). Since the angular velocity at step 20 is positive (0.0024), it is likely that the agent will apply a negative torque to slow down the swing to the right and eventually stabilize the pendulum.",3,0,1742,0e2929e552a8c430a3600f230ae3468afbb5ba5c92a42ad7cbcae6d8fa4bca4e,3.5__Pendulum-v1__next-action__H20,20,data/llmx_data/offline_data/physics_data/raw_transitions/Pendulum-v1/episodes/episode_0.npz,,,,,,541,experiments/03_1_gpt35_history_n30_joint/results/records.jsonl,experiments/03_1_gpt35_history_n30_joint/results/runs/3.5__Pendulum-v1__next-action__H20/episode_000/predictions.jsonl,7aeba9369570b8210a915652d72827b0a4a77cf77fd530ef487858de00df413b,True,1935,194,2129,2.9728930830024183,2.9693236249731854,[0.08882922679185867],,,False,not_applicable,[-1.0],True,,[1],True,,,False,not_applicable,,False,not_applicable,,False,not_applicable,,,,,,[5],,,,,,,,True,5.0,1.0,True,0.08882922679185867,-1.0
3.5,Pendulum-v1,next-action,20,"Based on the agent's behavior in the previous steps, we can observe that the agent tends to apply torque in a way that gradually reduces the angular velocity of the pendulum while trying to bring it closer to the upright position. Since the angular velocity at state s21 is -0.0167, which is already close to zero, the agent will likely apply a small torque to further stabilize the pendulum without causing it to swing too far in the opposite direction.",3,1,1743,88c12360e8e8944f99b113e5900128029dd62d73eb48f1859f15a87e9842a7f4,3.5__Pendulum-v1__next-action__H20,21,data/llmx_data/offline_data/physics_data/raw_transitions/Pendulum-v1/episodes/episode_0.npz,,,,,,542,experiments/03_1_gpt35_history_n30_joint/results/records.jsonl,experiments/03_1_gpt35_history_n30_joint/results/runs/3.5__Pendulum-v1__next-action__H20/episode_000/predictions.jsonl,a15fdee6e70adf4215d8b857a258d6d67e1a306bf90d5fd61f13efda4caa5a0a,True,1936,218,2154,1.9542129590408877,1.9493242079624906,[0.6434862613677979],,,False,not_applicable,[0.0],True,,[4],True,,,False,not_applicable,,False,not_applicable,,False,not_applicable,,,,,,[6],,,,,,,,True,6.0,4.0,True,0.6434862613677979,0.0
3.5,Pendulum-v1,next-action,20,"Given the agent's behavior in the previous steps, we can observe that the agent tends to adjust the action based on the state's angular position and velocity to minimize the negative reward. As the state s22 = [[ 0.9991, -0.0418, 0.0467]] has a slightly negative angular velocity and is close to the upright position, the agent might choose an action that helps stabilize the pendulum in the upright position.",4,2,1744,5f2f7e9d6fcccbb52ab5512925ca3a0a29eb2ac11333df8ac01f306dd916711b,3.5__Pendulum-v1__next-action__H20,22,data/llmx_data/offline_data/physics_data/raw_transitions/Pendulum-v1/episodes/episode_0.npz,,,,,,543,experiments/03_1_gpt35_history_n30_joint/results/records.jsonl,experiments/03_1_gpt35_history_n30_joint/results/runs/3.5__Pendulum-v1__next-action__H20/episode_000/predictions.jsonl,72047954ce4d3233f7de09d24ec8142182ce5f672bb4ed1c2ea0e00f3e8e6ee4,True,1939,177,2116,2.5442284590099007,2.540238415938802,[-1.0871518850326538],,,False,not_applicable,[0.0],True,,[5],True,,,False,not_applicable,,False,not_applicable,,False,not_applicable,,,,,,[2],,,,,,,,True,2.0,5.0,True,-1.0871518850326538,0.0
3.5,Pendulum-v1,next-action,20,"Based on the agent's behavior in the provided steps, we can observe that the agent tends to apply negative torque when the pendulum is moving away from the upright position and positive torque when the pendulum is closer to the upright position. Additionally, the agent adjusts the torque magnitude based on the angular velocity and position of the pendulum. Given that the pendulum is currently at state s23 = [[ 0.9988, -0.0492, -0.1478]], which indicates it is slightly away from the upright position with a negative angular velocity, the agent will most likely apply a negative torque to slow down the movement and bring the pendulum closer to the upright position.",3,3,1745,365aff119ac8b4453b3b72496b80578f255bb29f441cd27800cca1be7551a708,3.5__Pendulum-v1__next-action__H20,23,data/llmx_data/offline_data/physics_data/raw_transitions/Pendulum-v1/episodes/episode_0.npz,,,,,,544,experiments/03_1_gpt35_history_n30_joint/results/records.jsonl,experiments/03_1_gpt35_history_n30_joint/results/runs/3.5__Pendulum-v1__next-action__H20/episode_000/predictions.jsonl,bffcee9e0caddcf5837c0cea74f78f36b7abcb9cc14844f9a9caac6033d1f4af,True,1942,191,2133,2.012647166964598,2.007409999961965,[1.421302080154419],,,False,not_applicable,[-1.2],True,,[2],True,,,False,not_applicable,,False,not_applicable,,False,not_applicable,,,,,,[8],,,,,,,,True,8.0,2.0,True,1.421302080154419,-1.2
3.5,Pendulum-v1,next-action,20,"Based on the agent's behavior in the previous steps, we can observe that the agent tends to adjust the torque applied based on the current state to optimize the reward. The agent seems to make gradual adjustments to the torque rather than large abrupt changes. Additionally, the agent's actions are influenced by the current angle and angular velocity of the pendulum.",3,4,1746,82c5b30580390f62fbcd4597d2157463d81e95a8784592771850f880f4b6f738,3.5__Pendulum-v1__next-action__H20,24,data/llmx_data/offline_data/physics_data/raw_transitions/Pendulum-v1/episodes/episode_0.npz,,,,,,545,experiments/03_1_gpt35_history_n30_joint/results/records.jsonl,experiments/03_1_gpt35_history_n30_joint/results/runs/3.5__Pendulum-v1__next-action__H20/episode_000/predictions.jsonl,9e3579cab1ebbde0d5bf0cfcaeee474b9ecd205aae7157f0f5bc0c4f58bfde3f,True,1943,121,2064,1.4791302919620648,1.476169208995998,[0.33447736501693726],,,False,not_applicable,[0.4],True,,[6],True,,,False,not_applicable,,False,not_applicable,,False,not_applicable,,,,,,[5],,,,,,,,True,5.0,6.0,True,0.33447736501693726,0.4
3.5,Pendulum-v1,next-action,20,"Based on the agent's behavior in the previous steps, we can observe that the agent tends to adjust the action based on the state's angular position and velocity. The agent seems to be making small adjustments to the torque applied to the pendulum to stabilize it. In this case, the state s25 has a slight negative angular position and a positive angular velocity. Given the trend of the agent's actions in response to similar states, we can predict that the agent will likely apply a small positive torque to counteract the positive angular velocity and bring the pendulum back towards the upright position.",3,5,1747,8c7f80bd2a1cc283944d53f933bf6dd758b76fc32aa3dc63513482e56bcca637,3.5__Pendulum-v1__next-action__H20,25,data/llmx_data/offline_data/physics_data/raw_transitions/Pendulum-v1/episodes/episode_0.npz,,,,,,546,experiments/03_1_gpt35_history_n30_joint/results/records.jsonl,experiments/03_1_gpt35_history_n30_joint/results/runs/3.5__Pendulum-v1__next-action__H20/episode_000/predictions.jsonl,0fb6f187e8e3ce6c5181760503c281e1cb397f1267a6b6fc058c3bd8f316b293,True,1946,169,2115,1.4967286669416353,1.4934444579994306,[-0.48779454827308655],,,False,not_applicable,[0.4],True,,[6],True,,,False,not_applicable,,False,not_applicable,,False,not_applicable,,,,,,[3],,,,,,,,True,3.0,6.0,True,-0.48779454827308655,0.4
3.5,Pendulum-v1,next-action,20,"Based on the agent's behavior in the previous steps, we can observe that the agent tends to adjust the action based on the state's angular position and velocity to minimize the negative reward. The action values vary based on the state values, and the agent seems to make gradual adjustments rather than drastic changes in consecutive steps.",3,6,1748,765dab97e50b05eb608cbf7d1025541cc9c38092c6782604466a9a052fb61482,3.5__Pendulum-v1__next-action__H20,26,data/llmx_data/offline_data/physics_data/raw_transitions/Pendulum-v1/episodes/episode_0.npz,,,,,,547,experiments/03_1_gpt35_history_n30_joint/results/records.jsonl,experiments/03_1_gpt35_history_n30_joint/results/runs/3.5__Pendulum-v1__next-action__H20/episode_000/predictions.jsonl,2aadcb81697148ebfebda6a1d77d6a9548e4d2635b0eff37e0438cce3fc5b0f4,True,1945,223,2168,2.6464791669277474,2.642801667097956,[0.6751355528831482],,,False,not_applicable,[-1.0],True,,[2],True,,,False,not_applicable,,False,not_applicable,,False,not_applicable,,,,,,[6],,,,,,,,True,6.0,2.0,True,0.6751355528831482,-1.0
3.5,Pendulum-v1,next-action,20,"Given the agent's behavior in the previous steps, we can observe that the agent tends to adjust the torque applied based on the state of the pendulum. The actions taken by the agent seem to be influenced by the angular position and velocity of the pendulum, as well as the rewards received. In this case, the state s27 has a similar angular position to the previous states but with a slightly different angular velocity. Based on the trend observed in the previous actions and rewards, the agent will likely adjust the torque to stabilize the pendulum.",4,7,1749,a44e17784ea82f5b61517c894b001115c688bda9b3d2ff9e7bfd05c7b0942023,3.5__Pendulum-v1__next-action__H20,27,data/llmx_data/offline_data/physics_data/raw_transitions/Pendulum-v1/episodes/episode_0.npz,,,,,,548,experiments/03_1_gpt35_history_n30_joint/results/records.jsonl,experiments/03_1_gpt35_history_n30_joint/results/runs/3.5__Pendulum-v1__next-action__H20/episode_000/predictions.jsonl,56bd49cee5050944b44dc87cc8081c548103446593d860200acc19aae6868f27,True,1953,155,2108,2.706505083013326,2.7033402499509975,[0.7845479249954224],,,False,not_applicable,[0.4],True,,[6],True,,,False,not_applicable,,False,not_applicable,,False,not_applicable,,,,,,[6],,,,,,,,True,6.0,6.0,True,0.7845479249954224,0.4
3.5,Pendulum-v1,next-action,20,"Based on the agent's behavior in the previous steps, we can observe that the agent tends to adjust the torque applied based on the state of the pendulum. The agent seems to be making small adjustments to the torque to stabilize the pendulum towards the upright position. Given that the state s28 = [[ 0.999 , -0.0448,  0.0811]] has a slight deviation from the upright position with a positive angular velocity, the agent will likely apply a torque that helps counteract the angular velocity and move the pendulum closer to the upright position.",3,8,1750,af519ecb0321985daa6cb5fbbc5da96c31fa11128f473ec721bb903fa2d29062,3.5__Pendulum-v1__next-action__H20,28,data/llmx_data/offline_data/physics_data/raw_transitions/Pendulum-v1/episodes/episode_0.npz,,,,,,549,experiments/03_1_gpt35_history_n30_joint/results/records.jsonl,experiments/03_1_gpt35_history_n30_joint/results/runs/3.5__Pendulum-v1__next-action__H20/episode_000/predictions.jsonl,1e031cfd10657d9a36c98741ba47c32f83ef01307a4b1620fdc39a4377e330fe,True,1951,170,2121,2.073133417055942,2.068595999968238,[-1.375152826309204],,,False,not_applicable,[0.4],True,,[6],True,,,False,not_applicable,,False,not_applicable,,False,not_applicable,,,,,,[1],,,,,,,,True,1.0,6.0,True,-1.375152826309204,0.4
3.5,Pendulum-v1,next-action,20,"Based on the agent's behavior in the previous steps, we can observe that the agent tends to adjust the action based on the state's angular position and velocity to minimize the negative reward. The agent seems to be making small adjustments to the torque applied to the pendulum based on the current state. Given the state s29 = [[ 0.9986, -0.0528, -0.1588]], where the angular position is close to -pi and the angular velocity is negative, the agent will likely apply a torque that helps stabilize the pendulum.",3,9,1751,18465e81018f8dc3d928f536ed3e661941800cdca0797027544bfa8db284bfff,3.5__Pendulum-v1__next-action__H20,29,data/llmx_data/offline_data/physics_data/raw_transitions/Pendulum-v1/episodes/episode_0.npz,,,,,,550,experiments/03_1_gpt35_history_n30_joint/results/records.jsonl,experiments/03_1_gpt35_history_n30_joint/results/runs/3.5__Pendulum-v1__next-action__H20/episode_000/predictions.jsonl,3bf26dd0fb3fd620ba0f6597319908740cee8594c7329dd1062b92d5176557b9,True,1953,249,2202,1.8510374169563875,1.8470629999646917,[1.9077938795089722],,,False,not_applicable,[1.2],True,,[8],True,,,False,not_applicable,,False,not_applicable,,False,not_applicable,,,,,,[9],,,,,,,,True,9.0,8.0,True,1.9077938795089722,1.2
3.5,Pendulum-v1,next-action,20,"Based on the agent's behavior in the previous steps, we can observe that the agent tends to adjust its actions based on the state's angular position and velocity to minimize the negative reward. The agent seems to be making small adjustments to the torque applied to the pendulum based on the current state information.",3,10,1752,ad333ad541bd509c93b9516a7d20d9d6216fa2ca90bd297b2f80dcdb58cf993f,3.5__Pendulum-v1__next-action__H20,30,data/llmx_data/offline_data/physics_data/raw_transitions/Pendulum-v1/episodes/episode_0.npz,,,,,,551,experiments/03_1_gpt35_history_n30_joint/results/records.jsonl,experiments/03_1_gpt35_history_n30_joint/results/runs/3.5__Pendulum-v1__next-action__H20/episode_000/predictions.jsonl,d2fd1f5cf098a2788f0c04d36ed041e020086d85e8a0dae14023b1e38cf2076d,True,1953,200,2153,2.1471796669065952,2.1434579170309007,[-0.8885178565979004],,,False,not_applicable,[0.4],True,,[5],True,,,False,not_applicable,,False,not_applicable,,False,not_applicable,,,,,,[2],,,,,,,,True,2.0,5.0,True,-0.8885178565979004,0.4
3.5,Pendulum-v1,next-action,20,"Based on the agent's behavior in the provided steps, we can observe that the agent tends to adjust its actions based on the state's angular position and velocity to minimize the negative reward. The agent seems to be making small adjustments to the torque applied to the pendulum based on the current state information.",3,11,1753,5e053d6e3c44a71c6ff4e2397d2266b8d428ae305028bf16fa543bdc27b02ba8,3.5__Pendulum-v1__next-action__H20,31,data/llmx_data/offline_data/physics_data/raw_transitions/Pendulum-v1/episodes/episode_0.npz,,,,,,552,experiments/03_1_gpt35_history_n30_joint/results/records.jsonl,experiments/03_1_gpt35_history_n30_joint/results/runs/3.5__Pendulum-v1__next-action__H20/episode_000/predictions.jsonl,41ee71fd4ec7a3dec48c92bcd4b5f1586114f97abf935e8827b9e65b29971fa5,True,1953,189,2142,2.5173722920008004,2.5128600420430303,[1.4703737497329712],,,False,not_applicable,[-0.4],True,,[3],True,,,False,not_applicable,,False,not_applicable,,False,not_applicable,,,,,,[8],,,,,,,,True,8.0,3.0,True,1.4703737497329712,-0.4
3.5,Pendulum-v1,next-action,20,"Based on the agent's behavior in the previous steps, we can observe that the agent tends to adjust its actions based on the state's y-coordinate and angular velocity. When the y-coordinate is negative, the agent tends to apply positive torque to swing the pendulum upwards. Additionally, the agent adjusts its actions based on the angular velocity to stabilize the pendulum. Given the state s32 = [[ 0.9989, -0.0475, 0.0994]], we can predict that the agent will likely apply a positive torque to continue swinging the pendulum upwards.",3,12,1754,decbb575c964ece298f0d02f8c12bd1ef79f09ab7e624722ac844d3f38e04cd1,3.5__Pendulum-v1__next-action__H20,32,data/llmx_data/offline_data/physics_data/raw_transitions/Pendulum-v1/episodes/episode_0.npz,,,,,,553,experiments/03_1_gpt35_history_n30_joint/results/records.jsonl,experiments/03_1_gpt35_history_n30_joint/results/runs/3.5__Pendulum-v1__next-action__H20/episode_000/predictions.jsonl,c8f8c743620a2c32784e94f77b8ff7f56b62abf51b67c5a49651b7cf64b24d3d,True,1953,169,2122,1.5522667500190437,1.548392083030194,[-0.9442287683486938],,,False,not_applicable,[1.2],True,,[8],True,,,False,not_applicable,,False,not_applicable,,False,not_applicable,,,,,,[2],,,,,,,,True,2.0,8.0,True,-0.9442287683486938,1.2
3.5,Pendulum-v1,next-action,20,"Given the agent's behavior in the previous steps, we can see that the agent tends to adjust its actions based on the state's angular position and velocity. The rewards are penalizing deviations from the upright position, velocity, and torque. In this case, the state s33 has a negative angular position and a negative angular velocity. To stabilize the pendulum, the agent would likely apply a torque that helps counteract the current angular velocity and move the pendulum towards the upright position.",4,13,1755,2c9d0dd54eecd6612d7675dd274ab335f6e962a4e57406584aa7c848140ae2f9,3.5__Pendulum-v1__next-action__H20,33,data/llmx_data/offline_data/physics_data/raw_transitions/Pendulum-v1/episodes/episode_0.npz,,,,,,554,experiments/03_1_gpt35_history_n30_joint/results/records.jsonl,experiments/03_1_gpt35_history_n30_joint/results/runs/3.5__Pendulum-v1__next-action__H20/episode_000/predictions.jsonl,8e2e4edb807fc375ff65322f38850e0ca8acdde2e34ba066413d0205715f5117,True,1956,230,2186,1.7825831250520423,1.779106167028658,[1.5583062171936035],,,False,not_applicable,[-1.2],True,,[3],True,,,False,not_applicable,,False,not_applicable,,False,not_applicable,,,,,,[8],,,,,,,,True,8.0,3.0,True,1.5583062171936035,-1.2
3.5,Pendulum-v1,next-action,20,"Given the agent's behavior in the previous steps, we can see that the agent tends to adjust the action based on the state's angular position and velocity to minimize the negative reward. The action values are adjusted to stabilize the pendulum towards the upright position.",4,14,1756,a61900bbf3556ae1e372dde7314da1139db98e9dcc1cf471f0c2d9ba19594e5d,3.5__Pendulum-v1__next-action__H20,34,data/llmx_data/offline_data/physics_data/raw_transitions/Pendulum-v1/episodes/episode_0.npz,,,,,,555,experiments/03_1_gpt35_history_n30_joint/results/records.jsonl,experiments/03_1_gpt35_history_n30_joint/results/runs/3.5__Pendulum-v1__next-action__H20/episode_000/predictions.jsonl,b10b0302257338aa285da4106223e3d361737f085a4f203c780aef77113b9b9e,True,1956,197,2153,2.049574250006117,2.0470166249433532,[0.1804589033126831],,,False,not_applicable,[0.2],True,,[5],True,,,False,not_applicable,,False,not_applicable,,False,not_applicable,,,,,,[5],,,,,,,,True,5.0,5.0,True,0.1804589033126831,0.2
3.5,Pendulum-v1,next-action,20,"Given the trend in the agent's actions and rewards in the provided sequence, we can observe that the agent tends to adjust its actions based on the state's angular position and velocity to maximize rewards. The agent seems to be making gradual adjustments to stabilize the pendulum towards the upright position.",3,15,1757,a97d0ddec1c6e88ea0d110388ab9e638e7b3b0165b440d58218eb453745e7963,3.5__Pendulum-v1__next-action__H20,35,data/llmx_data/offline_data/physics_data/raw_transitions/Pendulum-v1/episodes/episode_0.npz,,,,,,556,experiments/03_1_gpt35_history_n30_joint/results/records.jsonl,experiments/03_1_gpt35_history_n30_joint/results/runs/3.5__Pendulum-v1__next-action__H20/episode_000/predictions.jsonl,7d27dcc85f560e9db697b24339a61087abdff86a3ab4f5e753672c13e9f95ed7,True,1957,192,2149,1.9336010830011219,1.930129082989879,[-1.4897518157958984],,,False,not_applicable,[0.4],True,,[5],True,,,False,not_applicable,,False,not_applicable,,False,not_applicable,,,,,,[1],,,,,,,,True,1.0,5.0,True,-1.4897518157958984,0.4
3.5,Pendulum-v1,next-action,20,"Based on the agent's behavior in the previous steps, we can observe that the agent tends to adjust the action based on the state's angular position and velocity to minimize the negative reward. The agent seems to be making small adjustments to the action values to stabilize the pendulum. Given the state s36 = [[ 0.9989, -0.0472, -0.1432]], we can predict that the agent will likely choose an action that helps in stabilizing the pendulum given the negative reward incurred in the previous steps.",3,16,1758,042922477b684d02967477c1dcf1dc36236ba9e51ca32fb863db5efbc0179815,3.5__Pendulum-v1__next-action__H20,36,data/llmx_data/offline_data/physics_data/raw_transitions/Pendulum-v1/episodes/episode_0.npz,,,,,,557,experiments/03_1_gpt35_history_n30_joint/results/records.jsonl,experiments/03_1_gpt35_history_n30_joint/results/runs/3.5__Pendulum-v1__next-action__H20/episode_000/predictions.jsonl,6a7d4aeba88be90e3b41e5f39f06d3939fb2a293c985086b3903c2facd6049ec,True,1956,161,2117,2.2466004169546068,2.242544624954462,[1.7350534200668335],,,False,not_applicable,[-0.4],True,,[4],True,,,False,not_applicable,,False,not_applicable,,False,not_applicable,,,,,,[9],,,,,,,,True,9.0,4.0,True,1.7350534200668335,-0.4
3.5,Pendulum-v1,next-action,20,"Based on the agent's behavior in the previous steps, we can observe that the agent tends to adjust the action based on the state's angular position and velocity to minimize the negative reward. The agent seems to be making gradual adjustments to the action values to stabilize the pendulum. In this case, the state s37 has a similar angular position to the previous states where the agent applied actions that were not extreme but aimed at stabilizing the pendulum.",3,17,1759,a1dc5ed155329ecdd549017a459535d1a798f694f05ee577cc90e1dd9f5653f7,3.5__Pendulum-v1__next-action__H20,37,data/llmx_data/offline_data/physics_data/raw_transitions/Pendulum-v1/episodes/episode_0.npz,,,,,,558,experiments/03_1_gpt35_history_n30_joint/results/records.jsonl,experiments/03_1_gpt35_history_n30_joint/results/runs/3.5__Pendulum-v1__next-action__H20/episode_000/predictions.jsonl,b128d85450f666a4649dbdc6868d3969df870edcbff1226c551a8d81e42f7981,True,1958,166,2124,1.8686005839845166,1.8645897079259157,[-1.974252700805664],,,False,not_applicable,[0.45],True,,[6],True,,,False,not_applicable,,False,not_applicable,,False,not_applicable,,,,,,[0],,,,,,,,True,0.0,6.0,True,-1.974252700805664,0.45
3.5,Pendulum-v1,next-action,20,"Based on the agent's behavior in the provided steps, we can observe that the agent tends to adjust its actions based on the state's angular position and velocity to minimize the negative reward. The agent seems to be making gradual adjustments in its actions to stabilize the pendulum. Given the state s38 = [[ 0.9985, -0.0554, -0.2468]], we can predict that the agent will likely choose an action that counteracts the current angular position and velocity to bring the pendulum closer to the upright position.",3,18,1760,50b5f035cd82459ea455db3cab4a157e363cf7870a86503147d1a2d966b20de8,3.5__Pendulum-v1__next-action__H20,38,data/llmx_data/offline_data/physics_data/raw_transitions/Pendulum-v1/episodes/episode_0.npz,,,,,,559,experiments/03_1_gpt35_history_n30_joint/results/records.jsonl,experiments/03_1_gpt35_history_n30_joint/results/runs/3.5__Pendulum-v1__next-action__H20/episode_000/predictions.jsonl,851aafcef469e2e367d335f0c5d7fb1b92b01f74946c295e0b3587ef3f29ff5c,True,1960,304,2264,2.4545612090732902,2.4503080419963226,[2.0],,,False,not_applicable,[-1.5],True,,[0],True,,,False,not_applicable,,False,not_applicable,,False,not_applicable,,,,,,[9],,,,,,,,True,9.0,0.0,True,2.0,-1.5
3.5,Pendulum-v1,next-action,20,"Based on the agent's behavior in the provided steps, we can observe that the agent tends to adjust its actions based on the state's angular position and velocity to minimize the negative reward. The agent seems to be making small adjustments to the torque applied to the pendulum based on the current state. Given the state s39 = [[ 0.9985, -0.0548, 0.0116]], the agent will likely choose an action that helps stabilize the pendulum without causing large deviations.",3,19,1761,2b22d7693861b8524302defeb72acd30cc502e728046f0a9ce246903161cf776,3.5__Pendulum-v1__next-action__H20,39,data/llmx_data/offline_data/physics_data/raw_transitions/Pendulum-v1/episodes/episode_0.npz,,,,,,560,experiments/03_1_gpt35_history_n30_joint/results/records.jsonl,experiments/03_1_gpt35_history_n30_joint/results/runs/3.5__Pendulum-v1__next-action__H20/episode_000/predictions.jsonl,5c00dbbb5a322783b677ecf5b946ef18453f0447af02f93e9c3609aaac8a96cc,True,1959,217,2176,2.141158999991603,2.1370193749899045,[1.0084922313690186],,,False,not_applicable,[0.2],True,,[5],True,,,False,not_applicable,,False,not_applicable,,False,not_applicable,,,,,,[7],,,,,,,,True,7.0,5.0,True,1.0084922313690186,0.2
3.5,Pendulum-v1,next-action,20,"Based on the agent's behavior in the provided steps, we can observe that the agent tends to adjust its actions based on the state's angular position and velocity to minimize the negative reward. The agent seems to be making gradual adjustments in its actions to stabilize the pendulum. Given the state s40 = [[ 0.9988, -0.0488,  0.1217]], we can predict that the agent will likely choose an action that helps in stabilizing the pendulum based on the previous trend.",3,20,1762,74b71e9bdfa3a95ea4ee0d5a7243669c957d533f026d182424b33fc78790096b,3.5__Pendulum-v1__next-action__H20,40,data/llmx_data/offline_data/physics_data/raw_transitions/Pendulum-v1/episodes/episode_0.npz,,,,,,561,experiments/03_1_gpt35_history_n30_joint/results/records.jsonl,experiments/03_1_gpt35_history_n30_joint/results/runs/3.5__Pendulum-v1__next-action__H20/episode_000/predictions.jsonl,de66e07a36ce61a3b7d1a4f158e0fb9863d9d47c1dcf61b5b754e4a65eca129a,True,1959,210,2169,2.498735334025696,2.494194500031881,[0.3147212266921997],,,False,not_applicable,[-0.2],True,,[4],True,,,False,not_applicable,,False,not_applicable,,False,not_applicable,,,,,,[5],,,,,,,,True,5.0,4.0,True,0.3147212266921997,-0.2
3.5,Pendulum-v1,next-action,20,"Based on the agent's behavior in the provided steps, we can observe that the agent tends to adjust its actions based on the state's characteristics, such as the angle and angular velocity of the pendulum. The agent seems to be making small adjustments to the torque applied to the pendulum to stabilize it. Given the state s41 = [[ 0.9991, -0.0422,  0.1324]], we can predict that the agent will likely continue this trend by making a subtle adjustment to the torque.",3,21,1763,6a16adffe6e027cff5ad3e66544139e1d2808350c58b2d869ab8bc65745673bc,3.5__Pendulum-v1__next-action__H20,41,data/llmx_data/offline_data/physics_data/raw_transitions/Pendulum-v1/episodes/episode_0.npz,,,,,,562,experiments/03_1_gpt35_history_n30_joint/results/records.jsonl,experiments/03_1_gpt35_history_n30_joint/results/runs/3.5__Pendulum-v1__next-action__H20/episode_000/predictions.jsonl,b0bd4288d4f7f44b4c47f776dda409adc19330dc946854f62f697b4c0d8fa3ac,True,1958,161,2119,1.8959662080742419,1.8920601250138134,[0.46364936232566833],,,False,not_applicable,[0.4],True,,[5],True,,,False,not_applicable,,False,not_applicable,,False,not_applicable,,,,,,[6],,,,,,,,True,6.0,5.0,True,0.46364936232566833,0.4
3.5,Pendulum-v1,next-action,20,"Based on the agent's behavior in the provided episode, we can observe that the agent tends to apply actions that help stabilize the pendulum towards the upright position. The actions taken by the agent seem to be influenced by the current state of the pendulum, with adjustments made to counteract deviations from the desired position. Given the state s42 = [[ 0.9994, -0.0336,  0.1703]], where the pendulum is close to the upright position and has a positive angular velocity, the agent will likely apply an action that helps slow down the pendulum's movement and stabilize it in the upright position.",4,22,1764,aa48b26c9e41b0ea7068566fb7b7e812ab62be1103d0aa4d7ad167616f587d7e,3.5__Pendulum-v1__next-action__H20,42,data/llmx_data/offline_data/physics_data/raw_transitions/Pendulum-v1/episodes/episode_0.npz,,,,,,563,experiments/03_1_gpt35_history_n30_joint/results/records.jsonl,experiments/03_1_gpt35_history_n30_joint/results/runs/3.5__Pendulum-v1__next-action__H20/episode_000/predictions.jsonl,61e93e87e0b6c456986adc9ef834546468732eaff5caa7856babf95b8b6cb3b7,True,1960,182,2142,2.212890458991751,2.2091413750313222,[-0.14764782786369324],,,False,not_applicable,[0.4],True,,[6],True,,,False,not_applicable,,False,not_applicable,,False,not_applicable,,,,,,[4],,,,,,,,True,4.0,6.0,True,-0.14764782786369324,0.4
3.5,Pendulum-v1,next-action,20,"Based on the agent's behavior in the provided sequence, we can observe that the agent tends to adjust its actions gradually based on the state changes. The actions taken by the agent seem to be influenced by the current state values, rewards received, and the goal of swinging the pendulum into an upright position. Since the state s43 = [[ 0.9996, -0.0275,  0.1229]] has a positive x-coordinate and a positive angular velocity, the agent might need to apply a torque that helps in maintaining or adjusting the pendulum's position while considering the velocity.",3,23,1765,71a99aa48946ba48100373ab5d837ba4b7e8a82a34e4067dc6f5ec4255b00934,3.5__Pendulum-v1__next-action__H20,43,data/llmx_data/offline_data/physics_data/raw_transitions/Pendulum-v1/episodes/episode_0.npz,,,,,,564,experiments/03_1_gpt35_history_n30_joint/results/records.jsonl,experiments/03_1_gpt35_history_n30_joint/results/runs/3.5__Pendulum-v1__next-action__H20/episode_000/predictions.jsonl,4fbeb17115e1a48c9c184f0841383cca9aedd421e234bbeb54d84a49b5738c28,True,1960,176,2136,1.8158932089572772,1.8117712499806657,[-1.4927301406860352],,,False,not_applicable,[0.4],True,,[6],True,,,False,not_applicable,,False,not_applicable,,False,not_applicable,,,,,,[1],,,,,,,,True,1.0,6.0,True,-1.4927301406860352,0.4
3.5,Pendulum-v1,next-action,20,"Based on the agent's behavior in the provided episode, we can observe that the agent tends to adjust its actions based on the state's angular position and velocity to minimize the negative reward. The agent seems to be making gradual adjustments in its actions to stabilize the pendulum. Given the state s44 = [[ 0.9994, -0.0336, -0.1216]], we can predict that the agent will likely choose an action that helps in stabilizing the pendulum by counteracting the negative angular position and velocity.",3,24,1766,66f7dedb3795aeb4724dea7c4ea69a2f84701fb7f0a35e4204ac23c7b50d6df9,3.5__Pendulum-v1__next-action__H20,44,data/llmx_data/offline_data/physics_data/raw_transitions/Pendulum-v1/episodes/episode_0.npz,,,,,,565,experiments/03_1_gpt35_history_n30_joint/results/records.jsonl,experiments/03_1_gpt35_history_n30_joint/results/runs/3.5__Pendulum-v1__next-action__H20/episode_000/predictions.jsonl,5c95d067e1f3d2feede857b696cec4433ebcc4d8e2a6ce408c071a9bcde061ac,True,1961,292,2253,2.1017143750796095,2.098069000057876,[0.4636839032173157],,,False,not_applicable,[0.4],True,,[6],True,,,False,not_applicable,,False,not_applicable,,False,not_applicable,,,,,,[6],,,,,,,,True,6.0,6.0,True,0.4636839032173157,0.4
3.5,Pendulum-v1,next-action,20,"Based on the agent's behavior in the provided sequence, we can observe that the agent tends to adjust its actions based on the state's angular position and velocity. The agent seems to be making corrective actions to stabilize the pendulum. Given the state s45 = [[ 0.9993, -0.0374, -0.0772]], where the angular position is close to upright (0.9993) and the angular velocity is negative (-0.0374), the agent will likely apply a corrective action to counter the negative velocity and bring the pendulum closer to the upright position.",4,25,1767,317869d19357a2d726c803dcb27166a3b09a159e070dd9ec9654f271b2731906,3.5__Pendulum-v1__next-action__H20,45,data/llmx_data/offline_data/physics_data/raw_transitions/Pendulum-v1/episodes/episode_0.npz,,,,,,566,experiments/03_1_gpt35_history_n30_joint/results/records.jsonl,experiments/03_1_gpt35_history_n30_joint/results/runs/3.5__Pendulum-v1__next-action__H20/episode_000/predictions.jsonl,3604e0604fd8b7c7de64d8bd94ce389b206691045c04d578c1f4d565ed82ca52,True,1960,246,2206,3.2648632919881493,3.260133625008166,[0.13869135081768036],,,False,not_applicable,[1.2],True,,[8],True,,,False,not_applicable,,False,not_applicable,,False,not_applicable,,,,,,[5],,,,,,,,True,5.0,8.0,True,0.13869135081768036,1.2
3.5,Pendulum-v1,next-action,20,"Given the agent's behavior in the previous steps, we can see that the agent tends to adjust the torque applied based on the state of the pendulum. The torque is adjusted to bring the pendulum closer to the upright position while considering the angular velocity and current angle. In this case, the pendulum is slightly off the upright position with a negative angular velocity. To stabilize and swing the pendulum towards the upright position, the agent will likely apply a torque that counteracts the current angular velocity and brings the pendulum closer to the vertical position.",4,26,1768,2b80a1c41c69c66e7f3e6179c954179d4a1ab41b1bfb72d789d8d41ce24d5070,3.5__Pendulum-v1__next-action__H20,46,data/llmx_data/offline_data/physics_data/raw_transitions/Pendulum-v1/episodes/episode_0.npz,,,,,,567,experiments/03_1_gpt35_history_n30_joint/results/records.jsonl,experiments/03_1_gpt35_history_n30_joint/results/runs/3.5__Pendulum-v1__next-action__H20/episode_000/predictions.jsonl,903d1b6eea87c6e34e5b33753126a4e12f40d0b7ed47138d9c574f7384a84da4,True,1958,221,2179,3.5927979999687523,3.5888673750450835,[0.38437893986701965],,,False,not_applicable,[-0.6],True,,[3],True,,,False,not_applicable,,False,not_applicable,,False,not_applicable,,,,,,[5],,,,,,,,True,5.0,3.0,True,0.38437893986701965,-0.6
3.5,Pendulum-v1,next-action,20,"Given the agent's behavior in the previous steps, we can observe that the agent tends to adjust the action based on the state's angular position and velocity to minimize the negative reward. In this case, the state s47 has a similar angular position to the previous steps but a slightly different angular velocity. The agent might choose an action that helps stabilize the pendulum without causing excessive movement.",4,27,1769,97c20f044e604b4efd2ef13d39ef91d50b6923bb6e18d467c61f7a438e8fa253,3.5__Pendulum-v1__next-action__H20,47,data/llmx_data/offline_data/physics_data/raw_transitions/Pendulum-v1/episodes/episode_0.npz,,,,,,568,experiments/03_1_gpt35_history_n30_joint/results/records.jsonl,experiments/03_1_gpt35_history_n30_joint/results/runs/3.5__Pendulum-v1__next-action__H20/episode_000/predictions.jsonl,2a3abf5780d508386f6cec3a69af6ace8d28d5851d649ae29ced528790b2502f,True,1957,186,2143,2.2813894590362906,2.2785711250035092,[0.7350708246231079],,,False,not_applicable,[0.0],True,,[4],True,,,False,not_applicable,,False,not_applicable,,False,not_applicable,,,,,,[6],,,,,,,,True,6.0,4.0,True,0.7350708246231079,0.0
3.5,Pendulum-v1,next-action,20,"Given the pattern observed in the agent's actions and rewards in the provided steps, we can see that the agent tends to adjust its actions based on the state's y-coordinate and angular velocity. When the y-coordinate is negative, the agent tends to apply positive torque, and vice versa. Additionally, the agent adjusts the torque magnitude based on the angular velocity to stabilize the pendulum. Therefore, at state s48 where the y-coordinate is negative and the angular velocity is positive, the agent will most likely apply a positive torque to counter the angular velocity and bring the pendulum closer to the upright position.",3,28,1770,51b199e46329914ce01cba58c0edae3ea6a2fdcb484fc253aa7b5a6fc05ad068,3.5__Pendulum-v1__next-action__H20,48,data/llmx_data/offline_data/physics_data/raw_transitions/Pendulum-v1/episodes/episode_0.npz,,,,,,569,experiments/03_1_gpt35_history_n30_joint/results/records.jsonl,experiments/03_1_gpt35_history_n30_joint/results/runs/3.5__Pendulum-v1__next-action__H20/episode_000/predictions.jsonl,81ba29f043725acd722798c44d017c0b5dfdcadba8d139d90de8f96ff858a835,True,1948,276,2224,3.0011307500535622,2.997314666979946,[-0.28224530816078186],,,False,not_applicable,[1.6],True,,[8],True,,,False,not_applicable,,False,not_applicable,,False,not_applicable,,,,,,[4],,,,,,,,True,4.0,8.0,True,-0.28224530816078186,1.6
3.5,Pendulum-v1,next-action,20,"Given the trend in the agent's actions and rewards, it seems that the agent is trying to stabilize the pendulum in an upright position. The actions taken by the agent are likely to be in the direction that helps in reducing the angle deviation and angular velocity while minimizing the torque applied.",4,29,1771,ec08b4fca0b8c77506eca1218085e30f4a22931bcee51d5abda69fdfdced4dd6,3.5__Pendulum-v1__next-action__H20,49,data/llmx_data/offline_data/physics_data/raw_transitions/Pendulum-v1/episodes/episode_0.npz,,,,,,570,experiments/03_1_gpt35_history_n30_joint/results/records.jsonl,experiments/03_1_gpt35_history_n30_joint/results/runs/3.5__Pendulum-v1__next-action__H20/episode_000/predictions.jsonl,61f76f99681a8ffd7c07f7424875b5f44f4fc39b5b2443c18643745972b786bf,True,1947,191,2138,2.3650317910360172,2.361966541968286,[0.690740704536438],,,False,not_applicable,[-0.4],True,,[4],True,,,False,not_applicable,,False,not_applicable,,False,not_applicable,,,,,,[6],,,,,,,,True,6.0,4.0,True,0.690740704536438,-0.4
3.5,Pendulum-v1,next-action,30,"Based on the agent's behavior in the previous steps, we can observe that the agent tends to apply negative torque when the pendulum is moving away from the upright position and positive torque when the pendulum is moving towards the upright position. Additionally, the agent adjusts the magnitude of the torque based on the angular velocity and position of the pendulum. In this case, since the angular velocity is positive and the pendulum is slightly away from the upright position, the agent will most likely apply a negative torque to slow down the pendulum's movement away from the upright position.",3,0,1772,92fe62781be30d5ade0ccdcec624772b154f01c1a59c5c163f3aba75ded0f430,3.5__Pendulum-v1__next-action__H30,30,data/llmx_data/offline_data/physics_data/raw_transitions/Pendulum-v1/episodes/episode_0.npz,,,,,,571,experiments/03_1_gpt35_history_n30_joint/results/records.jsonl,experiments/03_1_gpt35_history_n30_joint/results/runs/3.5__Pendulum-v1__next-action__H30/episode_000/predictions.jsonl,5ee0879df9b4afe19536ccb4adf5bee180b548ffb428fd5aceff9ef3a9a3812d,True,2389,166,2555,1.5995192499831319,1.596133082988672,[-0.8885178565979004],,,False,not_applicable,[-1.2],True,,[2],True,,,False,not_applicable,,False,not_applicable,,False,not_applicable,,,,,,[2],,,,,,,,True,2.0,2.0,True,-0.8885178565979004,-1.2
3.5,Pendulum-v1,next-action,30,"Based on the agent's behavior in the previous steps, we can observe that the agent tends to adjust the action based on the state's angular position and velocity to minimize the negative reward. Since the state s31 has a negative angular position and a negative angular velocity, the agent might need to apply a torque in the positive direction to counteract these negative values and stabilize the pendulum.",4,1,1773,01d99b90addb17a32e48070794778d8d359cca77b2b92a04c0873a3518e3fec4,3.5__Pendulum-v1__next-action__H30,31,data/llmx_data/offline_data/physics_data/raw_transitions/Pendulum-v1/episodes/episode_0.npz,,,,,,572,experiments/03_1_gpt35_history_n30_joint/results/records.jsonl,experiments/03_1_gpt35_history_n30_joint/results/runs/3.5__Pendulum-v1__next-action__H30/episode_000/predictions.jsonl,cef72e347dcadff655fbdc403be91c62b453708bc90b022e51f24f2220baf55c,True,2392,131,2523,2.1075226669199765,2.103776125004515,[1.4703737497329712],,,False,not_applicable,[1.2],True,,[8],True,,,False,not_applicable,,False,not_applicable,,False,not_applicable,,,,,,[8],,,,,,,,True,8.0,8.0,True,1.4703737497329712,1.2
3.5,Pendulum-v1,next-action,30,"Based on the agent's behavior in the previous steps, we can observe that the agent tends to adjust its actions gradually based on the state changes. The actions taken by the agent seem to be influenced by the angular position, velocity, and the rewards received. Since the state s32 = [[ 0.9989, -0.0475,  0.0994]] has a slightly higher y-coordinate and angular velocity compared to the previous state, the agent might adjust its action accordingly to continue balancing the pendulum.",2,2,1774,63ba8179ac0d014e4ef3cebe12be599cd74fcc2d54ac2d71d4f8b3b33cad59db,3.5__Pendulum-v1__next-action__H30,32,data/llmx_data/offline_data/physics_data/raw_transitions/Pendulum-v1/episodes/episode_0.npz,,,,,,573,experiments/03_1_gpt35_history_n30_joint/results/records.jsonl,experiments/03_1_gpt35_history_n30_joint/results/runs/3.5__Pendulum-v1__next-action__H30/episode_000/predictions.jsonl,92be944f742c89ed6d092d8adcda237b38d26c67a9b03427accf2edbc6e404ac,True,2395,214,2609,1.650956999976188,1.6482385419076309,[-0.9442287683486938],,,False,not_applicable,[1.2],True,,[8],True,,,False,not_applicable,,False,not_applicable,,False,not_applicable,,,,,,[2],,,,,,,,True,2.0,8.0,True,-0.9442287683486938,1.2
3.5,Pendulum-v1,next-action,30,"Based on the agent's behavior in the previous steps, we can observe that the agent tends to adjust the action based on the state's angular position and velocity to gradually stabilize the pendulum. Since the state s33 = [[ 0.9987, -0.0514, -0.0779]] has a negative angular position and a negative angular velocity, the agent might need to apply a torque in the positive direction to counteract these negative values and bring the pendulum closer to the upright position.",4,3,1775,40ed6a421a13e3293b946a3090711e2d59f8e40553d7aed38d19525c386983aa,3.5__Pendulum-v1__next-action__H30,33,data/llmx_data/offline_data/physics_data/raw_transitions/Pendulum-v1/episodes/episode_0.npz,,,,,,574,experiments/03_1_gpt35_history_n30_joint/results/records.jsonl,experiments/03_1_gpt35_history_n30_joint/results/runs/3.5__Pendulum-v1__next-action__H30/episode_000/predictions.jsonl,56aefebccf1f176e61b0ef8f0bce4c8d9ff5ebdb406bbb01995ea944e844486d,True,2398,157,2555,2.210820582928136,2.2081853749696165,[1.5583062171936035],,,False,not_applicable,[1.2],True,,[8],True,,,False,not_applicable,,False,not_applicable,,False,not_applicable,,,,,,[8],,,,,,,,True,8.0,8.0,True,1.5583062171936035,1.2
3.5,Pendulum-v1,next-action,30,"Given the agent's behavior in the previous steps, we can observe that the agent tends to adjust the action based on the state's angular position and velocity to minimize the negative reward. As the pendulum is moving towards a more upright position (y coordinate increasing), the agent might need to apply a torque in the positive direction to continue this trend.",4,4,1776,cd48b2ac31e7596ee658be55fda7d8381295d40c4094c3651b05e5bb7e9ff7b5,3.5__Pendulum-v1__next-action__H30,34,data/llmx_data/offline_data/physics_data/raw_transitions/Pendulum-v1/episodes/episode_0.npz,,,,,,575,experiments/03_1_gpt35_history_n30_joint/results/records.jsonl,experiments/03_1_gpt35_history_n30_joint/results/runs/3.5__Pendulum-v1__next-action__H30/episode_000/predictions.jsonl,8e55057b603056f00c120acfb707b51e6d60da43117a23dc6699bbf9e4c95474,True,2398,183,2581,1.9646100000245497,1.960566540947184,[0.1804589033126831],,,False,not_applicable,[1.2],True,,[8],True,,,False,not_applicable,,False,not_applicable,,False,not_applicable,,,,,,[5],,,,,,,,True,5.0,8.0,True,0.1804589033126831,1.2
3.5,Pendulum-v1,next-action,30,"Given the trend in the agent's actions and rewards, it seems that the agent is trying to stabilize the pendulum in an upright position. As the pendulum is currently close to the upright position with a slight negative angular velocity, the agent might apply a small positive torque to prevent it from swinging back too far.",4,5,1777,e1a4b16115475b58de308755fc1142f6b6647f7ef18b27f3c6c7a68fdabe5ad0,3.5__Pendulum-v1__next-action__H30,35,data/llmx_data/offline_data/physics_data/raw_transitions/Pendulum-v1/episodes/episode_0.npz,,,,,,576,experiments/03_1_gpt35_history_n30_joint/results/records.jsonl,experiments/03_1_gpt35_history_n30_joint/results/runs/3.5__Pendulum-v1__next-action__H30/episode_000/predictions.jsonl,6c29a3a78ffad71212d3ba8aa37ff83a152d7205174c42f5b5579cb8736c9c5f,True,2402,151,2553,1.7451027499046177,1.7407313330331817,[-1.4897518157958984],,,False,not_applicable,[0.2],True,,[5],True,,,False,not_applicable,,False,not_applicable,,False,not_applicable,,,,,,[1],,,,,,,,True,1.0,5.0,True,-1.4897518157958984,0.2
3.5,Pendulum-v1,next-action,30,"Given the agent's behavior in the previous steps, we can see that the agent tends to adjust its actions based on the state's angular position and velocity. The agent seems to be trying to stabilize the pendulum by applying torque in the opposite direction of the angular position and velocity. In this case, since the angular position is negative and the angular velocity is also negative, the agent might choose an action that helps reduce the negative angular position and velocity.",3,6,1778,d29c12ff203e0074c003b37b5f04bb4a277b126ce3c45454a922200f685bd9c0,3.5__Pendulum-v1__next-action__H30,36,data/llmx_data/offline_data/physics_data/raw_transitions/Pendulum-v1/episodes/episode_0.npz,,,,,,577,experiments/03_1_gpt35_history_n30_joint/results/records.jsonl,experiments/03_1_gpt35_history_n30_joint/results/runs/3.5__Pendulum-v1__next-action__H30/episode_000/predictions.jsonl,aaec3e936c8f29784a01ffde36d9dda8274eaeef96d67435cfe3102a44a03953,True,2400,172,2572,2.094278624979779,2.090521208010614,[1.7350534200668335],,,False,not_applicable,[-1.2],True,,[2],True,,,False,not_applicable,,False,not_applicable,,False,not_applicable,,,,,,[9],,,,,,,,True,9.0,2.0,True,1.7350534200668335,-1.2
3.5,Pendulum-v1,next-action,30,"Based on the agent's behavior in the previous steps, we can observe that the agent tends to adjust the action based on the state's angular position and velocity to minimize the negative reward. The agent seems to be making small adjustments to the torque applied to the pendulum based on the current state. Given that the state s37 = [[ 0.9991, -0.0431,  0.0816]] has a slightly positive angular velocity and is close to the upright position, the agent might choose an action that helps stabilize the pendulum in this position.",3,7,1779,e8fbe823a5d1a83e9c65cb8af63d6f98f67e9024c95308bf30392030c4f80b61,3.5__Pendulum-v1__next-action__H30,37,data/llmx_data/offline_data/physics_data/raw_transitions/Pendulum-v1/episodes/episode_0.npz,,,,,,578,experiments/03_1_gpt35_history_n30_joint/results/records.jsonl,experiments/03_1_gpt35_history_n30_joint/results/runs/3.5__Pendulum-v1__next-action__H30/episode_000/predictions.jsonl,5e9889f37df090e819255c034422c2d43c9160295928b20193bc9df3801abcdf,True,2399,207,2606,2.6683366250945255,2.664841499994509,[-1.974252700805664],,,False,not_applicable,[0.0],True,,[4],True,,,False,not_applicable,,False,not_applicable,,False,not_applicable,,,,,,[0],,,,,,,,True,0.0,4.0,True,-1.974252700805664,0.0
3.5,Pendulum-v1,next-action,30,"Based on the agent's behavior in the previous steps, we can observe that the agent tends to adjust the action based on the state's angular position and velocity to minimize the negative reward. The agent seems to be making small adjustments to the torque applied to the pendulum based on the current state.",3,8,1780,80960f52eb8aa05701373eabb74773b4da96c0a9b057f8b2121eb770de65a1d7,3.5__Pendulum-v1__next-action__H30,38,data/llmx_data/offline_data/physics_data/raw_transitions/Pendulum-v1/episodes/episode_0.npz,,,,,,579,experiments/03_1_gpt35_history_n30_joint/results/records.jsonl,experiments/03_1_gpt35_history_n30_joint/results/runs/3.5__Pendulum-v1__next-action__H30/episode_000/predictions.jsonl,ec197e78014bc197ff5c2272277e1089c84bd7343c21bbc9d0eb0ec27e3e5e25,True,2399,178,2577,2.450823458028026,2.4462419169722125,[2.0],,,False,not_applicable,[1.0],True,,[8],True,,,False,not_applicable,,False,not_applicable,,False,not_applicable,,,,,,[9],,,,,,,,True,9.0,8.0,True,2.0,1.0
3.5,Pendulum-v1,next-action,30,"Based on the agent's behavior in the previous steps, we can observe that the agent tends to adjust the action based on the state's angular position and velocity to minimize the negative reward. The agent seems to be making small adjustments to the torque applied to the pendulum based on the current state. Given the state s39 = [[ 0.9985, -0.0548,  0.0116]], we can predict that the agent will continue this trend of adjusting the torque to stabilize the pendulum.",3,9,1781,825f9f8046d2263e3d1d5353756094df6a37a11bfc342cc74773d4313ff0736d,3.5__Pendulum-v1__next-action__H30,39,data/llmx_data/offline_data/physics_data/raw_transitions/Pendulum-v1/episodes/episode_0.npz,,,,,,580,experiments/03_1_gpt35_history_n30_joint/results/records.jsonl,experiments/03_1_gpt35_history_n30_joint/results/runs/3.5__Pendulum-v1__next-action__H30/episode_000/predictions.jsonl,fcc0bce634e7b56d7733f5c2a6e5cbf00f2a2c939f9475e0602e7a6a9d7b43f4,True,2399,157,2556,1.9127177080372348,1.909486792050302,[1.0084922313690186],,,False,not_applicable,[0.4],True,,[5],True,,,False,not_applicable,,False,not_applicable,,False,not_applicable,,,,,,[7],,,,,,,,True,7.0,5.0,True,1.0084922313690186,0.4
3.5,Pendulum-v1,next-action,30,"Based on the agent's behavior in the previous steps, we can observe that the agent tends to adjust its actions based on the state's angular position and velocity to minimize the negative reward. The agent seems to be making small adjustments to the torque applied to the pendulum based on the current state. Given the state s40 = [[ 0.9988, -0.0488,  0.1217]], we can predict that the agent will likely choose an action that helps stabilize the pendulum given the positive angular position and velocity.",3,10,1782,29d2c8682d4723a0d87220ebf314372c5df09579d30075e02261456d3d33b4ee,3.5__Pendulum-v1__next-action__H30,40,data/llmx_data/offline_data/physics_data/raw_transitions/Pendulum-v1/episodes/episode_0.npz,,,,,,581,experiments/03_1_gpt35_history_n30_joint/results/records.jsonl,experiments/03_1_gpt35_history_n30_joint/results/runs/3.5__Pendulum-v1__next-action__H30/episode_000/predictions.jsonl,a7eb428bde05b1b05147882b5b98193f1eb3461e8777e56a3fa8801391dc0645,True,2398,162,2560,1.6507189169060439,1.6464134579291567,[0.3147212266921997],,,False,not_applicable,[0.75],True,,[7],True,,,False,not_applicable,,False,not_applicable,,False,not_applicable,,,,,,[5],,,,,,,,True,5.0,7.0,True,0.3147212266921997,0.75
3.5,Pendulum-v1,next-action,30,"Based on the agent's behavior in the previous steps, we can observe that the agent tends to adjust its actions based on the state's angular position and velocity to minimize the negative reward. The agent seems to be making small adjustments to the torque applied to the pendulum based on the current state.",3,11,1783,1a51458b26b4affce84f5a1cbc24ddb374c892e77bf3c7e4099f9f687fccd0de,3.5__Pendulum-v1__next-action__H30,41,data/llmx_data/offline_data/physics_data/raw_transitions/Pendulum-v1/episodes/episode_0.npz,,,,,,582,experiments/03_1_gpt35_history_n30_joint/results/records.jsonl,experiments/03_1_gpt35_history_n30_joint/results/runs/3.5__Pendulum-v1__next-action__H30/episode_000/predictions.jsonl,cf740c2c9c281a15bebb32dd4297715bd05e35f9e7ce3e9636a9687a1df97366,True,2397,260,2657,1.9521911250194535,1.949437583098188,[0.46364936232566833],,,False,not_applicable,[0.6],True,,[6],True,,,False,not_applicable,,False,not_applicable,,False,not_applicable,,,,,,[6],,,,,,,,True,6.0,6.0,True,0.46364936232566833,0.6
3.5,Pendulum-v1,next-action,30,"Based on the agent's behavior in the provided steps, we can observe that the agent tends to adjust its actions based on the state's angular position and velocity to minimize the negative reward. The agent seems to be making small adjustments in the actions to stabilize the pendulum. Given the state s42 = [[ 0.9994, -0.0336, 0.1703]], where the angular position is close to upright and the angular velocity is positive, the agent might choose an action that helps stabilize the pendulum without causing it to swing too far.",3,12,1784,2c927ae738a72f2db4c534f9a6d331092b9e4954096ad4c1b355bb35e8a0ac13,3.5__Pendulum-v1__next-action__H30,42,data/llmx_data/offline_data/physics_data/raw_transitions/Pendulum-v1/episodes/episode_0.npz,,,,,,583,experiments/03_1_gpt35_history_n30_joint/results/records.jsonl,experiments/03_1_gpt35_history_n30_joint/results/runs/3.5__Pendulum-v1__next-action__H30/episode_000/predictions.jsonl,d7a8502f30911bb76d9cc7285e0657a175bd0fd15348b9e0f74d95e17186c73e,True,2397,258,2655,1.8968089590780437,1.8932527089491487,[-0.14764782786369324],,,False,not_applicable,[0.4],True,,[5],True,,,False,not_applicable,,False,not_applicable,,False,not_applicable,,,,,,[4],,,,,,,,True,4.0,5.0,True,-0.14764782786369324,0.4
3.5,Pendulum-v1,next-action,30,"Based on the agent's behavior in the previous steps, we can observe that the agent tends to adjust the torque applied based on the current state to optimize the reward. The agent seems to be making small adjustments in torque to stabilize the pendulum towards the upright position. Given the state s43 = [[ 0.9996, -0.0275,  0.1229]], where the pendulum is slightly tilted and has a positive angular velocity, the agent will likely apply a torque that helps in stabilizing the pendulum without causing it to swing too far in the opposite direction.",3,13,1785,77a5143cb6874c6d700ec745f94b11e790e7893bcef44308130f514b7c291c84,3.5__Pendulum-v1__next-action__H30,43,data/llmx_data/offline_data/physics_data/raw_transitions/Pendulum-v1/episodes/episode_0.npz,,,,,,584,experiments/03_1_gpt35_history_n30_joint/results/records.jsonl,experiments/03_1_gpt35_history_n30_joint/results/runs/3.5__Pendulum-v1__next-action__H30/episode_000/predictions.jsonl,0c8c07e371e472514dedb0ed4ff26aacd3834cc2303ffff893005d0e6261e5d5,True,2401,172,2573,2.1330630839802325,2.1291205410379916,[-1.4927301406860352],,,False,not_applicable,[0.4],True,,[6],True,,,False,not_applicable,,False,not_applicable,,False,not_applicable,,,,,,[1],,,,,,,,True,1.0,6.0,True,-1.4927301406860352,0.4
3.5,Pendulum-v1,next-action,30,"Given the pattern observed in the agent's behavior in the provided steps, it seems that the agent tends to adjust its actions based on the angular position and velocity of the pendulum. When the pendulum is closer to the upright position, the agent tends to apply actions that help stabilize it. In this case, the pendulum is at a position where it needs to swing back towards the upright position, so the agent might choose an action that helps in this swing.",4,14,1786,382e408516a0c4e4633e1706234fb0156e447162e843528e310e29ae82caf87f,3.5__Pendulum-v1__next-action__H30,44,data/llmx_data/offline_data/physics_data/raw_transitions/Pendulum-v1/episodes/episode_0.npz,,,,,,585,experiments/03_1_gpt35_history_n30_joint/results/records.jsonl,experiments/03_1_gpt35_history_n30_joint/results/runs/3.5__Pendulum-v1__next-action__H30/episode_000/predictions.jsonl,9dced8bf9dc88feabd1592948e4e3a644a07023c1b2a8dd87dad8aa962cc860e,True,2402,204,2606,2.547229624935426,2.544384584063664,[0.4636839032173157],,,False,not_applicable,[-1.2],True,,[2],True,,,False,not_applicable,,False,not_applicable,,False,not_applicable,,,,,,[6],,,,,,,,True,6.0,2.0,True,0.4636839032173157,-1.2
3.5,Pendulum-v1,next-action,30,"Based on the agent's behavior in the previous steps, we can observe that the agent tends to adjust its actions gradually based on the state changes. The actions taken by the agent seem to be influenced by the angular position, velocity, and the rewards received. Since the state s45 = [[ 0.9993, -0.0374, -0.0772]] has a slightly lower y-coordinate compared to the previous states, the agent might adjust its action to counteract this change.",3,15,1787,e7a4d3a3663b9fa5753cd5840e2d6c21f69bd7cb793b492ea35f90558ef37a13,3.5__Pendulum-v1__next-action__H30,45,data/llmx_data/offline_data/physics_data/raw_transitions/Pendulum-v1/episodes/episode_0.npz,,,,,,586,experiments/03_1_gpt35_history_n30_joint/results/records.jsonl,experiments/03_1_gpt35_history_n30_joint/results/runs/3.5__Pendulum-v1__next-action__H30/episode_000/predictions.jsonl,e277bea92afea95d92a04db328b3ab3c835aca3dbc6f6002ce06d61c19e75c45,True,2402,238,2640,2.3815991659648716,2.3779856249457225,[0.13869135081768036],,,False,not_applicable,[0.2],True,,[5],True,,,False,not_applicable,,False,not_applicable,,False,not_applicable,,,,,,[5],,,,,,,,True,5.0,5.0,True,0.13869135081768036,0.2
3.5,Pendulum-v1,next-action,30,"Based on the agent's behavior in the previous steps, we can observe that the agent tends to adjust its actions based on the state's angular position and velocity. The agent seems to be trying to stabilize the pendulum by applying torque in the opposite direction to the angular position and velocity. In this case, since the angular position is slightly negative and the angular velocity is also negative, the agent might choose an action that helps counteract these values to stabilize the pendulum.",3,16,1788,17374de956148d9d670908d1017d3f0c9f66681e6ed9ce9a5c0f91d209873381,3.5__Pendulum-v1__next-action__H30,46,data/llmx_data/offline_data/physics_data/raw_transitions/Pendulum-v1/episodes/episode_0.npz,,,,,,587,experiments/03_1_gpt35_history_n30_joint/results/records.jsonl,experiments/03_1_gpt35_history_n30_joint/results/runs/3.5__Pendulum-v1__next-action__H30/episode_000/predictions.jsonl,abf16853c03643a0bfee6d0e5ea7ae54a914cc67b435ba58f6ed96abf506fd45,True,2400,148,2548,1.914352957974188,1.9103724589804187,[0.38437893986701965],,,False,not_applicable,[-0.4],True,,[3],True,,,False,not_applicable,,False,not_applicable,,False,not_applicable,,,,,,[5],,,,,,,,True,5.0,3.0,True,0.38437893986701965,-0.4
3.5,Pendulum-v1,next-action,30,"Based on the agent's behavior in the previous steps, we can observe that the agent tends to adjust its actions based on the state's angular position and velocity. The agent seems to be trying to stabilize the pendulum by applying torque in the opposite direction to the angular position and velocity. Given that the state s47 has a slightly negative angular position and a negative angular velocity, the agent will likely apply a positive torque to counteract these values and stabilize the pendulum.",3,17,1789,07729821e70628b7af106a8c98ad1489c66b3a17dc76a47cadac14708c5a6028,3.5__Pendulum-v1__next-action__H30,47,data/llmx_data/offline_data/physics_data/raw_transitions/Pendulum-v1/episodes/episode_0.npz,,,,,,588,experiments/03_1_gpt35_history_n30_joint/results/records.jsonl,experiments/03_1_gpt35_history_n30_joint/results/runs/3.5__Pendulum-v1__next-action__H30/episode_000/predictions.jsonl,ba9124ff25b22d0d75204b5c869360d109c917e7e3bf0fd178554015ac936732,True,2400,156,2556,2.1677345839561895,2.163341416977346,[0.7350708246231079],,,False,not_applicable,[1.2],True,,[8],True,,,False,not_applicable,,False,not_applicable,,False,not_applicable,,,,,,[6],,,,,,,,True,6.0,8.0,True,0.7350708246231079,1.2
3.5,Pendulum-v1,next-action,30,"Based on the agent's behavior in the previous steps, we can observe that the agent tends to adjust its actions gradually based on the state changes. The actions taken by the agent seem to be influenced by the angular position and velocity of the pendulum. Since the state s48 = [[ 0.999 , -0.0436,  0.0187]] is close to the upright position with a slight positive angular velocity, the agent might choose an action that helps stabilize the pendulum in this position.",3,18,1790,406c238ddca6b68ed0a0db8ec8e2de8213182836df3b7dde57adbf66750f1e0b,3.5__Pendulum-v1__next-action__H30,48,data/llmx_data/offline_data/physics_data/raw_transitions/Pendulum-v1/episodes/episode_0.npz,,,,,,589,experiments/03_1_gpt35_history_n30_joint/results/records.jsonl,experiments/03_1_gpt35_history_n30_joint/results/runs/3.5__Pendulum-v1__next-action__H30/episode_000/predictions.jsonl,7ffdb1b0649f441cb1c1e3f59fdedf475371c2d836804d1d81db3fc90d82acaa,True,2401,230,2631,2.073476415942423,2.069942499976605,[-0.28224530816078186],,,False,not_applicable,[0.2],True,,[5],True,,,False,not_applicable,,False,not_applicable,,False,not_applicable,,,,,,[4],,,,,,,,True,4.0,5.0,True,-0.28224530816078186,0.2
3.5,Pendulum-v1,next-action,30,"Based on the agent's behavior in the previous steps, we can observe that the agent tends to adjust its actions gradually based on the state changes. The actions taken by the agent seem to be influenced by the angular position and velocity of the pendulum. Since the state s49 is close to the previous states in terms of angular position and velocity, we can expect the agent to continue this trend of gradual adjustments in its actions.",3,19,1791,d0959529661edf868e1d6a1ee5c8fa1c745935ddbd1e3ebfab6a811078049c4a,3.5__Pendulum-v1__next-action__H30,49,data/llmx_data/offline_data/physics_data/raw_transitions/Pendulum-v1/episodes/episode_0.npz,,,,,,590,experiments/03_1_gpt35_history_n30_joint/results/records.jsonl,experiments/03_1_gpt35_history_n30_joint/results/runs/3.5__Pendulum-v1__next-action__H30/episode_000/predictions.jsonl,ea5216ee38db728be5fab8ded73aaee5d962d9a414ea622df7e8b268639e834a,True,2401,198,2599,1.963834666996263,1.9600175000960007,[0.690740704536438],,,False,not_applicable,[0.4],True,,[5],True,,,False,not_applicable,,False,not_applicable,,False,not_applicable,,,,,,[6],,,,,,,,True,6.0,5.0,True,0.690740704536438,0.4
3.5,Pendulum-v1,next-action,30,"Based on the agent's behavior in the previous steps, we can observe that the agent tends to adjust the torque applied based on the current state to optimize the reward. Since the state s50 = [[ 0.9989, -0.0458,  0.0124]] is close to the upright position with a slight positive angular velocity, the agent might apply a small positive torque to stabilize the pendulum.",4,20,1792,c4707ba1f912e498ef511941992fd1e2ef2e91bd56c04f1146b9c9999f86b41d,3.5__Pendulum-v1__next-action__H30,50,data/llmx_data/offline_data/physics_data/raw_transitions/Pendulum-v1/episodes/episode_0.npz,,,,,,591,experiments/03_1_gpt35_history_n30_joint/results/records.jsonl,experiments/03_1_gpt35_history_n30_joint/results/runs/3.5__Pendulum-v1__next-action__H30/episode_000/predictions.jsonl,2bf1bd5a53d8636a911a096090b538553bea61f033f51724cb1c01dab33d825f,True,2401,138,2539,1.67314837500453,1.6693327919347212,[0.2219473123550415],,,False,not_applicable,[0.4],True,,[6],True,,,False,not_applicable,,False,not_applicable,,False,not_applicable,,,,,,[5],,,,,,,,True,5.0,6.0,True,0.2219473123550415,0.4
3.5,Pendulum-v1,next-action,30,"Given the trend in the actions taken by the agent in the previous steps and the state transition to s51, where the angular velocity is close to zero and the pendulum is slightly off the vertical position, the agent will likely apply a small corrective action to bring the pendulum closer to the upright position.",4,21,1793,e45b81130c62ce1709344f381c989b3419cd7a41d7c85f7f8738eac29e09faa4,3.5__Pendulum-v1__next-action__H30,51,data/llmx_data/offline_data/physics_data/raw_transitions/Pendulum-v1/episodes/episode_0.npz,,,,,,592,experiments/03_1_gpt35_history_n30_joint/results/records.jsonl,experiments/03_1_gpt35_history_n30_joint/results/runs/3.5__Pendulum-v1__next-action__H30/episode_000/predictions.jsonl,9e1675ff3217041a348c6560acce8bae65aa99e2343ad6262a83a4b8eb759e19,True,2400,150,2550,1.6511073750443757,1.6466866669943556,[0.033985599875450134],,,False,not_applicable,[0.1],True,,[4],True,,,False,not_applicable,,False,not_applicable,,False,not_applicable,,,,,,[5],,,,,,,,True,5.0,4.0,True,0.033985599875450134,0.1
3.5,Pendulum-v1,next-action,30,"Based on the agent's behavior in the previous steps, we can observe that the agent tends to adjust the torque applied gradually based on the state's characteristics. The agent seems to make small adjustments to the torque to stabilize the pendulum. Given the state s52 = [[ 0.9989, -0.0461, -0.0175]], where the pendulum is slightly tilted with a negative angular velocity, the agent will likely apply a small corrective torque to bring the pendulum closer to the upright position.",3,22,1794,5d11d2d58167486ceab7ea6113afa52635ef448ae3528636386aaeaea5f11aa9,3.5__Pendulum-v1__next-action__H30,52,data/llmx_data/offline_data/physics_data/raw_transitions/Pendulum-v1/episodes/episode_0.npz,,,,,,593,experiments/03_1_gpt35_history_n30_joint/results/records.jsonl,experiments/03_1_gpt35_history_n30_joint/results/runs/3.5__Pendulum-v1__next-action__H30/episode_000/predictions.jsonl,c4a7864e0b0d606c6f55c156c20dc39d4d774962ffef0f7cc02c1d3017a2be04,True,2400,208,2608,2.227072999929078,2.223323249956593,[0.6907880306243896],,,False,not_applicable,[0.1],True,,[5],True,,,False,not_applicable,,False,not_applicable,,False,not_applicable,,,,,,[6],,,,,,,,True,6.0,5.0,True,0.6907880306243896,0.1
3.5,Pendulum-v1,next-action,30,"Based on the agent's behavior in the previous steps, we can observe that the agent tends to adjust its actions gradually based on the state changes. The actions taken by the agent seem to be influenced by the angular position and velocity of the pendulum. Given the state transition to s53 = [[ 0.9991, -0.0436, 0.0516]], we can predict that the agent will likely continue this trend of adjusting its actions to stabilize the pendulum.",3,23,1795,4ec20cb21a690cb095b171dbae6902959b36064810fff4dcf9813240f4e37c65,3.5__Pendulum-v1__next-action__H30,53,data/llmx_data/offline_data/physics_data/raw_transitions/Pendulum-v1/episodes/episode_0.npz,,,,,,594,experiments/03_1_gpt35_history_n30_joint/results/records.jsonl,experiments/03_1_gpt35_history_n30_joint/results/runs/3.5__Pendulum-v1__next-action__H30/episode_000/predictions.jsonl,079d7bc0d22fa9351e88d4f5f113f2a3c4e18c3fa09c0f6da6ce0f7ffc08c35a,True,2399,150,2549,1.542006167001091,1.5391288750106469,[-1.3656891584396362],,,False,not_applicable,[0.4],True,,[6],True,,,False,not_applicable,,False,not_applicable,,False,not_applicable,,,,,,[1],,,,,,,,True,1.0,6.0,True,-1.3656891584396362,0.4
3.5,Pendulum-v1,next-action,30,"Based on the agent's behavior in the previous steps, we can observe that the agent tends to adjust its actions based on the state's angular position and velocity to minimize the negative reward. The agent seems to be making small adjustments to the torque applied to the pendulum based on the current state.",3,24,1796,dbadad6c7cc23262ae44fd1b6ac33ec863a6b47e30f5b81d0490b9b888c122c6,3.5__Pendulum-v1__next-action__H30,54,data/llmx_data/offline_data/physics_data/raw_transitions/Pendulum-v1/episodes/episode_0.npz,,,,,,595,experiments/03_1_gpt35_history_n30_joint/results/records.jsonl,experiments/03_1_gpt35_history_n30_joint/results/runs/3.5__Pendulum-v1__next-action__H30/episode_000/predictions.jsonl,092683efb2c1a08f489a6b58e2ca8cbf5dff5c8377988f13f4e22994aa86aabf,True,2399,212,2611,2.3320018749218434,2.3283531250199303,[2.0],,,False,not_applicable,[0.4],True,,[6],True,,,False,not_applicable,,False,not_applicable,,False,not_applicable,,,,,,[9],,,,,,,,True,9.0,6.0,True,2.0,0.4
3.5,Pendulum-v1,next-action,30,"Given the pattern observed in the agent's behavior in the provided steps, it seems that the agent adjusts its actions based on the state's angular position and velocity. The agent tends to apply actions that help stabilize the pendulum towards the upright position while considering the angular velocity to prevent overshooting.",4,25,1797,25b1f2cc5785bf063ff342cd77e30247caf357d0b182325fcec1e1c60040dd13,3.5__Pendulum-v1__next-action__H30,55,data/llmx_data/offline_data/physics_data/raw_transitions/Pendulum-v1/episodes/episode_0.npz,,,,,,596,experiments/03_1_gpt35_history_n30_joint/results/records.jsonl,experiments/03_1_gpt35_history_n30_joint/results/runs/3.5__Pendulum-v1__next-action__H30/episode_000/predictions.jsonl,c3d59f4ae056980c1d20760170712efe58a715241cabdf73d4ea6eec8e77d18f,True,2396,183,2579,2.584844874916598,2.5808419580571353,[-1.0703959465026855],,,False,not_applicable,[0.0],True,,[4],True,,,False,not_applicable,,False,not_applicable,,False,not_applicable,,,,,,[2],,,,,,,,True,2.0,4.0,True,-1.0703959465026855,0.0
3.5,Pendulum-v1,next-action,30,"The agent's behavior seems to be exploring different actions in response to the states it encounters. Based on the rewards received, the agent is likely trying to find the optimal action that minimizes the negative reward function. In the given sequence, the agent has been adjusting its actions based on the state observations to improve its reward. Given the state s56 = [[ 0.9985, -0.0553, -0.123 ]], the agent will likely choose an action that aims to reduce the negative reward by either stabilizing the pendulum or swinging it towards the upright position.",4,26,1798,25784a78bb85f98f8a51e1a030ab8e07cc1b8a999887b47a40af3ed2d8551dd6,3.5__Pendulum-v1__next-action__H30,56,data/llmx_data/offline_data/physics_data/raw_transitions/Pendulum-v1/episodes/episode_0.npz,,,,,,597,experiments/03_1_gpt35_history_n30_joint/results/records.jsonl,experiments/03_1_gpt35_history_n30_joint/results/runs/3.5__Pendulum-v1__next-action__H30/episode_000/predictions.jsonl,8e7277cd6f926522d535349fcedc3693d0c10aa600b3b30404ac522529fcc92d,True,2396,170,2566,1.5354547500610352,1.5321840000106022,[1.6907861232757568],,,False,not_applicable,[-1.2],True,,[2],True,,,False,not_applicable,,False,not_applicable,,False,not_applicable,,,,,,[9],,,,,,,,True,9.0,2.0,True,1.6907861232757568,-1.2
3.5,Pendulum-v1,next-action,30,"Based on the agent's behavior in the previous steps, we can observe that the agent tends to adjust its actions based on the state's angular position and velocity. The agent seems to be making small adjustments to the torque applied to the pendulum based on the current state to gradually move towards the upright position. Since the state s57 = [[ 0.9987, -0.0508, 0.0892]] is close to the upright position with a positive angular velocity, the agent might choose an action that helps stabilize the pendulum without causing it to swing too far in either direction.",3,27,1799,95339a30fc2ba766b40deca7009747f26929db6f34b0c3935093ea9b0be0ac49,3.5__Pendulum-v1__next-action__H30,57,data/llmx_data/offline_data/physics_data/raw_transitions/Pendulum-v1/episodes/episode_0.npz,,,,,,598,experiments/03_1_gpt35_history_n30_joint/results/records.jsonl,experiments/03_1_gpt35_history_n30_joint/results/runs/3.5__Pendulum-v1__next-action__H30/episode_000/predictions.jsonl,aa10eb284f5d894f8eb6e568742a4e1944fcce5dfa9a946789c0502b76a71bec,True,2396,173,2569,2.7804671250050887,2.776211457909085,[-0.09246313571929932],,,False,not_applicable,[0.4],True,,[6],True,,,False,not_applicable,,False,not_applicable,,False,not_applicable,,,,,,[4],,,,,,,,True,4.0,6.0,True,-0.09246313571929932,0.4
3.5,Pendulum-v1,next-action,30,"Based on the agent's behavior in the previous steps, we can observe that the agent tends to adjust its actions based on the state's angular position and velocity to minimize the negative reward. The agent seems to be making small adjustments to the torque applied to the pendulum based on the current state. Given the state s58 = [[ 0.9988, -0.049 ,  0.0372]], the agent will likely continue this trend and choose an action that helps stabilize the pendulum.",3,28,1800,4a60c56fdaaf6f029f659373ba85ea8152fd9afde893cc4ab00200f014c56cc2,3.5__Pendulum-v1__next-action__H30,58,data/llmx_data/offline_data/physics_data/raw_transitions/Pendulum-v1/episodes/episode_0.npz,,,,,,599,experiments/03_1_gpt35_history_n30_joint/results/records.jsonl,experiments/03_1_gpt35_history_n30_joint/results/runs/3.5__Pendulum-v1__next-action__H30/episode_000/predictions.jsonl,6088b69ece9ea9d8b7ba4f5a4b2c9939cf5b225a76fff6995aec58b23594da32,True,2388,156,2544,1.7929487079381943,1.7890682080760598,[0.16217319667339325],,,False,not_applicable,[0.0],True,,[5],True,,,False,not_applicable,,False,not_applicable,,False,not_applicable,,,,,,[5],,,,,,,,True,5.0,5.0,True,0.16217319667339325,0.0
3.5,Pendulum-v1,next-action,30,"Based on the agent's behavior in the previous steps, we can observe that the agent tends to adjust its actions gradually based on the state changes. The actions taken by the agent seem to be influenced by the angular position and velocity of the pendulum. Since the state s59 = [[ 0.9989, -0.0477,  0.0248]] has a slightly different angular position and velocity compared to the previous states, we can expect the agent to make a small adjustment in its action to continue balancing the pendulum.",3,29,1801,770e0f4abad732bb123202ddd2bc5075b04ac729ee32876f27279a9cfd696680,3.5__Pendulum-v1__next-action__H30,59,data/llmx_data/offline_data/physics_data/raw_transitions/Pendulum-v1/episodes/episode_0.npz,,,,,,600,experiments/03_1_gpt35_history_n30_joint/results/records.jsonl,experiments/03_1_gpt35_history_n30_joint/results/runs/3.5__Pendulum-v1__next-action__H30/episode_000/predictions.jsonl,2d8cc1cd4c8ba5a5af9472046db3bfd9688161c35850debf053a9e127daa0324,True,2388,173,2561,1.4874638749752194,1.4832459170138463,[0.14507156610488892],,,False,not_applicable,[0.2],True,,[5],True,,,False,not_applicable,,False,not_applicable,,False,not_applicable,,,,,,[5],,,,,,,,True,5.0,5.0,True,0.14507156610488892,0.2
luna,Pendulum-v1,last-action,5,"The agent has consistently applied a strong negative torque while the pendulum is near the upright position. From \(s_5\) to \(s_6\), the angular velocity decreases from \(-0.1319\) to \(-0.2931\), indicating continued strong negative acceleration. This is consistent with the agent applying the minimum action, \(-2.00\).",2,0,802,5cc598fa332e87b109f1286f08e22a6336e7c2d3621c31411397f80ea14f8bb1,luna__Pendulum-v1__last-action__H5,5,data/llmx_data/offline_data/physics_data/raw_transitions/Pendulum-v1/episodes/episode_0.npz,gpt-5.6-luna,False,06_new_models_n10,True,experiments/06_new_models_n10/results/batches/b36e550af1174766af12f84678e075ce/records.jsonl#5cc598fa332e87b109f1286f08e22a6336e7c2d3621c31411397f80ea14f8bb1,841,experiments/06_new_models_n10/results/merged/c189af3036db4adfb9e4da5bb632ea48/records.jsonl,experiments/06_new_models_n10/results/merged/c189af3036db4adfb9e4da5bb632ea48/runs/source_002/luna__Pendulum-v1__last-action__H5/episode_000/predictions.jsonl,85298850f517d3f520099febacd9ee8e6b6464e3a0311a9df453f4386ef705cf,True,1289,693,1982,11.602574291988276,11.59854074998293,[-1.7580721378326416],,,False,not_applicable,[-2.0],True,,[0],True,,,False,not_applicable,,False,not_applicable,,False,not_applicable,,,,,,[0],,,,,,False,,True,0.0,0.0,True,-1.7580721378326416,-2.0
luna,Pendulum-v1,last-action,5,"The pendulum angle at \(s_6\) is approximately \(\theta_6=\arctan2(0.1221,0.9925)\approx0.122\) radians. Its angular velocity changes from \(-0.2931\) to \(-0.4037\), giving an approximate angular acceleration of
   \[
   \frac{-0.4037-(-0.2931)}{0.05}\approx -2.21.
   \]
   Using the Pendulum-v1 dynamics, this corresponds to a torque of approximately \(-1.34\). This also follows the observed behavior: as the pendulum approaches upright with increasingly negative velocity, the agent reduces the magnitude of its negative torque.",1,1,803,d662f0a88d690005a43d6c1631298ae33347d0c9b9cb4ebc1f8ef8e91479b469,luna__Pendulum-v1__last-action__H5,6,data/llmx_data/offline_data/physics_data/raw_transitions/Pendulum-v1/episodes/episode_0.npz,gpt-5.6-luna,False,06_new_models_n10,True,experiments/06_new_models_n10/results/batches/b36e550af1174766af12f84678e075ce/records.jsonl#d662f0a88d690005a43d6c1631298ae33347d0c9b9cb4ebc1f8ef8e91479b469,842,experiments/06_new_models_n10/results/merged/c189af3036db4adfb9e4da5bb632ea48/records.jsonl,experiments/06_new_models_n10/results/merged/c189af3036db4adfb9e4da5bb632ea48/runs/source_002/luna__Pendulum-v1__last-action__H5/episode_000/predictions.jsonl,589ba9df11f66ebada686992581c452300e5b6f0a943feef4317c04f50791a5c,True,1292,2317,3609,33.42751133290585,33.422889208071865,[-1.347569465637207],,,False,not_applicable,[-1.34],True,,[1],True,,,False,not_applicable,,False,not_applicable,,False,not_applicable,,,,,,[1],,,,,,False,,True,1.0,1.0,True,-1.347569465637207,-1.34
luna,Pendulum-v1,last-action,5,"The angular velocity changes from \(-0.4037\) to \(-0.5066\), so the pendulum continues accelerating in the negative direction. Since the pendulum angle is still slightly positive, gravity contributes a small positive acceleration; therefore, the agent must apply a moderately strong negative torque. Using the observed angular-velocity change gives an estimated torque of approximately \(-1.19\), consistent with the preceding decreasing-magnitude negative actions.",2,2,804,6cae9d75b1afd59f219a967e5b215a01472b960bfecded59760cf0a87750d899,luna__Pendulum-v1__last-action__H5,7,data/llmx_data/offline_data/physics_data/raw_transitions/Pendulum-v1/episodes/episode_0.npz,gpt-5.6-luna,False,06_new_models_n10,True,experiments/06_new_models_n10/results/batches/b36e550af1174766af12f84678e075ce/records.jsonl#6cae9d75b1afd59f219a967e5b215a01472b960bfecded59760cf0a87750d899,843,experiments/06_new_models_n10/results/merged/c189af3036db4adfb9e4da5bb632ea48/records.jsonl,experiments/06_new_models_n10/results/merged/c189af3036db4adfb9e4da5bb632ea48/runs/source_002/luna__Pendulum-v1__last-action__H5/episode_000/predictions.jsonl,ce38a603e4dad8cdddbcf43bdbd0c114ccacaf3bc8222bf2d4b6dd50cae89f22,True,1295,1449,2744,20.200301666976884,20.194979334017262,[-1.195901870727539],,,False,not_applicable,[-1.19],True,,[2],True,,,False,not_applicable,,False,not_applicable,,False,not_applicable,,,,,,[2],,,,,,False,,True,2.0,2.0,True,-1.195901870727539,-1.19
luna,Pendulum-v1,last-action,5,"From \(s_8\) to \(s_9\), the angular velocity changes from \(-0.5066\) to \(-0.7489\), a decrease of approximately \(-0.2423\). At the small positive angle \(\theta \approx \arctan2(0.0768,0.997)\approx 0.077\), gravity contributes a small positive acceleration, so the large negative change in angular velocity must come from a strongly negative torque. Using the pendulum dynamics, this is consistent with the action being clipped at approximately \(-2.00\).",1,3,805,1d16026a95aab4e4c0cdd6d9bda37a2691e43440a0ab63e1f48292e91b4f5f8c,luna__Pendulum-v1__last-action__H5,8,data/llmx_data/offline_data/physics_data/raw_transitions/Pendulum-v1/episodes/episode_0.npz,gpt-5.6-luna,False,06_new_models_n10,True,experiments/06_new_models_n10/results/batches/b36e550af1174766af12f84678e075ce/records.jsonl#1d16026a95aab4e4c0cdd6d9bda37a2691e43440a0ab63e1f48292e91b4f5f8c,844,experiments/06_new_models_n10/results/merged/c189af3036db4adfb9e4da5bb632ea48/records.jsonl,experiments/06_new_models_n10/results/merged/c189af3036db4adfb9e4da5bb632ea48/runs/source_002/luna__Pendulum-v1__last-action__H5/episode_000/predictions.jsonl,3ade86d09fb6e02b596d6365afa879555c31245d18f4bd060e5ff63166488f6a,True,1299,1233,2532,17.740541165927425,17.735627291956916,[-2.0],,,False,not_applicable,[-2.0],True,,[0],True,,,False,not_applicable,,False,not_applicable,,False,not_applicable,,,,,,[0],,,,,,False,,True,0.0,0.0,True,-2.0,-2.0
luna,Pendulum-v1,last-action,5,"The pendulum has a negative angular velocity at \(s_9\), \(-0.7489\), but its velocity becomes less negative at \(s_{10}\), \(-0.4768\). Thus, the agent applied a positive torque to brake the motion. Using the pendulum dynamics with \(\theta \approx \arctan2(0.0394,0.9992)\approx 0.0394\):

   \[
   \Delta\dot\theta = -0.4768 - (-0.7489)=0.2721
   \]

   \[
   \Delta\dot\theta \approx 0.05(4.5\sin(\theta)+3a_9)
   \]

   Solving gives \(a_9 \approx 1.76\).",1,4,806,687e44cad3765d4dd09c995799cc697a8ee1bbd7507392bc9002c3495934b36b,luna__Pendulum-v1__last-action__H5,9,data/llmx_data/offline_data/physics_data/raw_transitions/Pendulum-v1/episodes/episode_0.npz,gpt-5.6-luna,False,06_new_models_n10,True,experiments/06_new_models_n10/results/batches/b36e550af1174766af12f84678e075ce/records.jsonl#687e44cad3765d4dd09c995799cc697a8ee1bbd7507392bc9002c3495934b36b,845,experiments/06_new_models_n10/results/merged/c189af3036db4adfb9e4da5bb632ea48/records.jsonl,experiments/06_new_models_n10/results/merged/c189af3036db4adfb9e4da5bb632ea48/runs/source_002/luna__Pendulum-v1__last-action__H5/episode_000/predictions.jsonl,6bb642bebf1b8df92c4cb6c52ddc13eeb5474bf57e96afbb30af32449ab5923b,True,1299,1821,3120,24.98340012494009,24.979271874995902,[1.6174393892288208],,,False,not_applicable,[1.76],True,,[9],True,,,False,not_applicable,,False,not_applicable,,False,not_applicable,,,,,,[9],,,,,,False,,True,9.0,9.0,True,1.6174393892288208,1.76
luna,Pendulum-v1,last-action,5,"The angular velocity changes from \(-0.4768\) to \(-0.1936\), so the agent applied a positive torque to slow the clockwise motion. Using the Pendulum-v1 dynamics with \(\Delta t=0.05\), \(\theta\approx\arcsin(0.0156)=0.0156\), and \(g\approx10\), the required torque is approximately:
   \[
   a_{10}\approx 1.81.
   \]",1,5,807,1616364d036c006ffa38ee987317d36a19a5a90c2a60301b4cc80e756b45c525,luna__Pendulum-v1__last-action__H5,10,data/llmx_data/offline_data/physics_data/raw_transitions/Pendulum-v1/episodes/episode_0.npz,gpt-5.6-luna,False,06_new_models_n10,True,experiments/06_new_models_n10/results/batches/b36e550af1174766af12f84678e075ce/records.jsonl#1616364d036c006ffa38ee987317d36a19a5a90c2a60301b4cc80e756b45c525,846,experiments/06_new_models_n10/results/merged/c189af3036db4adfb9e4da5bb632ea48/records.jsonl,experiments/06_new_models_n10/results/merged/c189af3036db4adfb9e4da5bb632ea48/runs/source_002/luna__Pendulum-v1__last-action__H5/episode_000/predictions.jsonl,91221f36eeb2ac19d24498e07065b9ced649e8932729603daf251f2823a7c4a8,True,1302,593,1895,8.424560541985556,8.421755000017583,[1.809918761253357],,,False,not_applicable,[1.81],True,,[9],True,,,False,not_applicable,,False,not_applicable,,False,not_applicable,,,,,,[9],,,,,,False,,True,9.0,9.0,True,1.809918761253357,1.81
luna,Pendulum-v1,last-action,5,"Near the upright position, the observed transitions show that positive torque increases angular velocity and negative torque decreases it. From \(s_{11}\) to \(s_{12}\),

\[
\Delta\dot{\theta}=-0.237-(-0.1936)=-0.0434.
\]

The small positive angle contributes approximately \(+0.0044\) to the angular-velocity change due to gravity. Thus, the torque contribution is about \(-0.0478\). Using the Pendulum dynamics torque coefficient of approximately \(0.15\) per step:

\[
a_{11}\approx \frac{-0.0478}{0.15}\approx -0.32.
\]

This lies in the interval \([-0.4,0)\), which is bin 4.",1,6,808,84a57aebc0e02afbe6f6e00db6c2eff50fee2425f1e6fd935363d5c75549be6f,luna__Pendulum-v1__last-action__H5,11,data/llmx_data/offline_data/physics_data/raw_transitions/Pendulum-v1/episodes/episode_0.npz,gpt-5.6-luna,False,06_new_models_n10,True,experiments/06_new_models_n10/results/batches/b36e550af1174766af12f84678e075ce/records.jsonl#84a57aebc0e02afbe6f6e00db6c2eff50fee2425f1e6fd935363d5c75549be6f,847,experiments/06_new_models_n10/results/merged/c189af3036db4adfb9e4da5bb632ea48/records.jsonl,experiments/06_new_models_n10/results/merged/c189af3036db4adfb9e4da5bb632ea48/runs/source_002/luna__Pendulum-v1__last-action__H5/episode_000/predictions.jsonl,d0c2bffc2dbd8652a465aff58c80020212c98871a1e82c7f272dc3b8058ec0e6,True,1299,1057,2356,15.74116391595453,15.736516000004485,[-0.3191149830818176],,,False,not_applicable,[-0.32],True,,[4],True,,,False,not_applicable,,False,not_applicable,,False,not_applicable,,,,,,[4],,,,,,False,,True,4.0,4.0,True,-0.3191149830818176,-0.32
luna,Pendulum-v1,last-action,5,"The angular velocity changes from \(-0.237\) to \(-0.0298\), so the agent applies a positive torque to brake the negative motion. Using the Pendulum-v1 dynamics with \(dt=0.05\), the required angular acceleration is approximately
   \[
   \frac{-0.0298-(-0.237)}{0.05}\approx 4.14.
   \]
   Near the upright position, the gravitational contribution is very small, so the corresponding torque is approximately
   \[
   a_{12}\approx \frac{4.14}{3}\approx 1.41.
   \]",1,7,809,4a5f85084d246c87658a86ae7e3a902718c7d993f44beebb89ecbba7d1ca4336,luna__Pendulum-v1__last-action__H5,12,data/llmx_data/offline_data/physics_data/raw_transitions/Pendulum-v1/episodes/episode_0.npz,gpt-5.6-luna,False,06_new_models_n10,True,experiments/06_new_models_n10/results/batches/b36e550af1174766af12f84678e075ce/records.jsonl#4a5f85084d246c87658a86ae7e3a902718c7d993f44beebb89ecbba7d1ca4336,848,experiments/06_new_models_n10/results/merged/c189af3036db4adfb9e4da5bb632ea48/records.jsonl,experiments/06_new_models_n10/results/merged/c189af3036db4adfb9e4da5bb632ea48/runs/source_002/luna__Pendulum-v1__last-action__H5/episode_000/predictions.jsonl,f39568293fe549abdb4cfa833f8e9704d12543ad22f0c30cdb876eb5b43d61cb,True,1297,1276,2573,18.636865166947246,18.632199791958556,[1.4111299514770508],,,False,not_applicable,[1.41],True,,[8],True,,,False,not_applicable,,False,not_applicable,,False,not_applicable,,,,,,[8],,,,,,False,,True,8.0,8.0,True,1.4111299514770508,1.41
luna,Pendulum-v1,last-action,5,"From \(s_{13}\) to \(s_{14}\), the angular velocity changes from \(-0.0298\) to \(-0.2514\), indicating a substantial negative angular acceleration. Since the pendulum is already very close to upright, gravity contributes little; therefore, the agent likely applied a moderately strong negative torque. Using the observed velocity change and Pendulum-v1 dynamics gives an estimated torque of approximately \(-1.44\), which lies in the bin \([-1.6,-1.2)\).",2,8,810,5690e7f2e6ce110083d515a6d4b559748c80951bb9b5ade954b35d377e7fc0c9,luna__Pendulum-v1__last-action__H5,13,data/llmx_data/offline_data/physics_data/raw_transitions/Pendulum-v1/episodes/episode_0.npz,gpt-5.6-luna,False,06_new_models_n10,True,experiments/06_new_models_n10/results/batches/b36e550af1174766af12f84678e075ce/records.jsonl#5690e7f2e6ce110083d515a6d4b559748c80951bb9b5ade954b35d377e7fc0c9,849,experiments/06_new_models_n10/results/merged/c189af3036db4adfb9e4da5bb632ea48/records.jsonl,experiments/06_new_models_n10/results/merged/c189af3036db4adfb9e4da5bb632ea48/runs/source_002/luna__Pendulum-v1__last-action__H5/episode_000/predictions.jsonl,785152ed0194046fcaf47b1cb0b981a8c6a0c04558128de96eaba99f4ba540f8,True,1295,702,1997,10.99407787504606,10.990651541971602,[-1.4400720596313477],,,False,not_applicable,[-1.44],True,,[1],True,,,False,not_applicable,,False,not_applicable,,False,not_applicable,,,,,,[1],,,,,,False,,True,1.0,1.0,True,-1.4400720596313477,-1.44
luna,Pendulum-v1,last-action,5,"The angular velocity changes from approximately \(-0.2514\) to \(-0.01\), a positive change of about \(0.2414\). Since the pendulum is close to upright, gravity contributes only a small negative acceleration. Therefore, the agent must apply a strong positive torque to counteract the negative angular velocity. Using the pendulum dynamics gives an estimated torque of approximately \(1.71\), which lies in the highest action bin.",1,9,811,1d996faa0ae936d81e8b02bc33ab84308aa79eaa3115113fd34ba6e5abc49c7b,luna__Pendulum-v1__last-action__H5,14,data/llmx_data/offline_data/physics_data/raw_transitions/Pendulum-v1/episodes/episode_0.npz,gpt-5.6-luna,False,06_new_models_n10,True,experiments/06_new_models_n10/results/batches/b36e550af1174766af12f84678e075ce/records.jsonl#1d996faa0ae936d81e8b02bc33ab84308aa79eaa3115113fd34ba6e5abc49c7b,850,experiments/06_new_models_n10/results/merged/c189af3036db4adfb9e4da5bb632ea48/records.jsonl,experiments/06_new_models_n10/results/merged/c189af3036db4adfb9e4da5bb632ea48/runs/source_002/luna__Pendulum-v1__last-action__H5/episode_000/predictions.jsonl,dcf63fdde2fb7cf05241baf6cc36a5f24c7b81c6e793d83e3233c3eb3c886a3d,True,1298,1213,2511,18.899611875065602,18.89581837505102,[1.7092909812927246],,,False,not_applicable,[1.71],True,,[9],True,,,False,not_applicable,,False,not_applicable,,False,not_applicable,,,,,,[9],,,,,,False,,True,9.0,9.0,True,1.7092909812927246,1.71
luna,Pendulum-v1,last-action,10,"From \(s_{10}\) to \(s_{11}\), the angular velocity increases from \(-0.4768\) to \(-0.1936\), so the agent applies a strong positive torque to slow the clockwise motion. Using the pendulum dynamics, the required torque is approximately \(1.8\), consistent with the previous positive action \(1.6174\).",2,0,812,0b0d62e3046cc245bf901729f63855abf39174abaf961cdec6e9b0f4ae3d23bd,luna__Pendulum-v1__last-action__H10,10,data/llmx_data/offline_data/physics_data/raw_transitions/Pendulum-v1/episodes/episode_0.npz,gpt-5.6-luna,False,06_new_models_n10,True,experiments/06_new_models_n10/results/batches/a44a962437a94614a4b870b4e9366437/records.jsonl#0b0d62e3046cc245bf901729f63855abf39174abaf961cdec6e9b0f4ae3d23bd,851,experiments/06_new_models_n10/results/merged/c189af3036db4adfb9e4da5bb632ea48/records.jsonl,experiments/06_new_models_n10/results/merged/c189af3036db4adfb9e4da5bb632ea48/runs/source_001/luna__Pendulum-v1__last-action__H10/query_000/predictions.jsonl,7091ce27016641c5f72fbe5912779b49d2c7380cd1ca1f4978a9394594574fdd,True,1513,807,2320,10.950848916894756,10.94697379192803,[1.809918761253357],,,False,not_applicable,[1.81],True,,[9],True,,,False,not_applicable,,False,not_applicable,,False,not_applicable,,,,,,[9],,,,,,False,,True,9.0,9.0,True,1.809918761253357,1.81
luna,Pendulum-v1,last-action,10,"From \(s_{11}\) to \(s_{12}\), the angular velocity changes from \(-0.1936\) to \(-0.2370\), so the pendulum experiences a small negative angular acceleration. Near the upright position, gravity contributes only a small positive acceleration, so the agent likely applied a modest negative torque to produce the observed decrease in angular velocity. Estimating from the Pendulum-v1 dynamics gives an action of approximately \(-0.32\).",2,1,813,e5dae967aed8d319b2bcfbd101f3b191e49beac8cf1e4cd785cf5c11a8d84f69,luna__Pendulum-v1__last-action__H10,11,data/llmx_data/offline_data/physics_data/raw_transitions/Pendulum-v1/episodes/episode_0.npz,gpt-5.6-luna,False,06_new_models_n10,True,experiments/06_new_models_n10/results/batches/a44a962437a94614a4b870b4e9366437/records.jsonl#e5dae967aed8d319b2bcfbd101f3b191e49beac8cf1e4cd785cf5c11a8d84f69,852,experiments/06_new_models_n10/results/merged/c189af3036db4adfb9e4da5bb632ea48/records.jsonl,experiments/06_new_models_n10/results/merged/c189af3036db4adfb9e4da5bb632ea48/runs/source_001/luna__Pendulum-v1__last-action__H10/query_001/predictions.jsonl,50df40bac11d75c3f13d49c3329277203af0d07e6e79ad3b61ee254151ea61be,True,1514,708,2222,9.50088987511117,9.496737250010483,[-0.3191149830818176],,,False,not_applicable,[-0.32],True,,[4],True,,,False,not_applicable,,False,not_applicable,,False,not_applicable,,,,,,[4],,,,,,False,,True,4.0,4.0,True,-0.3191149830818176,-0.32
luna,Pendulum-v1,last-action,10,"At \(s_{12}\), the pendulum is nearly upright but has negative angular velocity \(-0.237\). The transition to angular velocity \(-0.0298\) indicates that the agent applied a positive torque to brake the negative motion. Using the Pendulum-v1 dynamics, the required torque is approximately \(1.41\), consistent with the agent’s earlier corrective positive actions.",2,2,814,7f2a14cabbb0f63cefcd515417f3a78c6504a4dbdc701aac51e1112b5928d1c3,luna__Pendulum-v1__last-action__H10,12,data/llmx_data/offline_data/physics_data/raw_transitions/Pendulum-v1/episodes/episode_0.npz,gpt-5.6-luna,False,06_new_models_n10,True,experiments/06_new_models_n10/results/batches/a44a962437a94614a4b870b4e9366437/records.jsonl#7f2a14cabbb0f63cefcd515417f3a78c6504a4dbdc701aac51e1112b5928d1c3,853,experiments/06_new_models_n10/results/merged/c189af3036db4adfb9e4da5bb632ea48/records.jsonl,experiments/06_new_models_n10/results/merged/c189af3036db4adfb9e4da5bb632ea48/runs/source_001/luna__Pendulum-v1__last-action__H10/query_002/predictions.jsonl,cf1bb4d5a9134928ab6f36ccb44c50d90fb194bb0f12654123e9e926fb249705,True,1516,982,2498,14.007480041007511,14.002832416910678,[1.4111299514770508],,,False,not_applicable,[1.41],True,,[8],True,,,False,not_applicable,,False,not_applicable,,False,not_applicable,,,,,,[8],,,,,,False,,True,8.0,8.0,True,1.4111299514770508,1.41
luna,Pendulum-v1,last-action,10,"The pendulum is very close to upright at \(s_{13}\), but its angular velocity is slightly negative. The transition to \(s_{14}\) makes the angular velocity substantially more negative, indicating that the agent applied a negative torque. Using the observed change in angular velocity and the Pendulum-v1 dynamics gives an estimated torque of approximately \(-1.44\), which lies in the second bin, \([-1.6,-1.2)\).",2,3,815,7edced4b1c49c0781e9fd0d82ed3e249af7ce925230a3e85cc48f6d618d1ff67,luna__Pendulum-v1__last-action__H10,13,data/llmx_data/offline_data/physics_data/raw_transitions/Pendulum-v1/episodes/episode_0.npz,gpt-5.6-luna,False,06_new_models_n10,True,experiments/06_new_models_n10/results/batches/a44a962437a94614a4b870b4e9366437/records.jsonl#7edced4b1c49c0781e9fd0d82ed3e249af7ce925230a3e85cc48f6d618d1ff67,854,experiments/06_new_models_n10/results/merged/c189af3036db4adfb9e4da5bb632ea48/records.jsonl,experiments/06_new_models_n10/results/merged/c189af3036db4adfb9e4da5bb632ea48/runs/source_001/luna__Pendulum-v1__last-action__H10/query_003/predictions.jsonl,946e2f42bcd435d9b234d5b844a52403a29b455bcdbd36080e2396b57493be41,True,1517,685,2202,8.573196833021939,8.569515333976597,[-1.4400720596313477],,,False,not_applicable,[-1.44],True,,[1],True,,,False,not_applicable,,False,not_applicable,,False,not_applicable,,,,,,[1],,,,,,False,,True,1.0,1.0,True,-1.4400720596313477,-1.44
luna,Pendulum-v1,last-action,10,"At \(s_{14}\), the pendulum has a small negative angle and angular velocity \(-0.2514\). The transition to \(s_{15}\) changes angular velocity to approximately \(-0.01\), an increase of about \(0.24\). This requires a moderately strong positive torque to counteract the negative velocity. Using the Pendulum dynamics gives an estimated torque near \(+1.7\), consistent with the agent’s earlier corrective positive actions.",1,4,816,08da8d8bc3d0297feb4ddcc9cd14f5e25138663efc9c463f69271d5687189107,luna__Pendulum-v1__last-action__H10,14,data/llmx_data/offline_data/physics_data/raw_transitions/Pendulum-v1/episodes/episode_0.npz,gpt-5.6-luna,False,06_new_models_n10,True,experiments/06_new_models_n10/results/batches/a44a962437a94614a4b870b4e9366437/records.jsonl#08da8d8bc3d0297feb4ddcc9cd14f5e25138663efc9c463f69271d5687189107,855,experiments/06_new_models_n10/results/merged/c189af3036db4adfb9e4da5bb632ea48/records.jsonl,experiments/06_new_models_n10/results/merged/c189af3036db4adfb9e4da5bb632ea48/runs/source_001/luna__Pendulum-v1__last-action__H10/query_004/predictions.jsonl,eea703b0007c5cb13a40483eaddfc99d91e2d93efa91779a30bc570b05042fa4,True,1519,707,2226,9.902629500022158,9.898053291020915,[1.7092909812927246],,,False,not_applicable,[1.71],True,,[9],True,,,False,not_applicable,,False,not_applicable,,False,not_applicable,,,,,,[9],,,,,,False,,True,9.0,9.0,True,1.7092909812927246,1.71
luna,Pendulum-v1,last-action,10,"From \(s_{15}\), the pendulum angle is approximately  
   \[
   \theta=\operatorname{atan2}(-0.0205,0.9998)\approx -0.0205,
   \]
   with angular velocity \(-0.01\). The transition to angular velocity \(-0.1678\) over \(dt=0.05\) implies an angular acceleration of approximately
   \[
   \frac{-0.1678-(-0.01)}{0.05}\approx -3.16.
   \]
   Using the Pendulum dynamics,
   \[
   \ddot{\theta}\approx 15\sin(\theta)+3a,
   \]
   gives
   \[
   a\approx \frac{-3.16-15\sin(-0.0205)}{3}\approx -0.95.
   \]",1,5,817,5fc07a4aa8a1d31786bb79fd7f6ef147bedd251933702b53ddea5569aa281ad0,luna__Pendulum-v1__last-action__H10,15,data/llmx_data/offline_data/physics_data/raw_transitions/Pendulum-v1/episodes/episode_0.npz,gpt-5.6-luna,False,06_new_models_n10,True,experiments/06_new_models_n10/results/batches/a44a962437a94614a4b870b4e9366437/records.jsonl#5fc07a4aa8a1d31786bb79fd7f6ef147bedd251933702b53ddea5569aa281ad0,856,experiments/06_new_models_n10/results/merged/c189af3036db4adfb9e4da5bb632ea48/records.jsonl,experiments/06_new_models_n10/results/merged/c189af3036db4adfb9e4da5bb632ea48/runs/source_001/luna__Pendulum-v1__last-action__H10/query_005/predictions.jsonl,be49d92f22a1b35e0312927a9b1bbb112d32a61071c9c8193b14e72c14de2d71,True,1522,1133,2655,13.390758750028908,13.386542957974598,[-0.9497600793838501],,,False,not_applicable,[-0.95],True,,[2],True,,,False,not_applicable,,False,not_applicable,,False,not_applicable,,,,,,[2],,,,,,False,,True,2.0,2.0,True,-0.9497600793838501,-0.95
luna,Pendulum-v1,last-action,10,"The pendulum is close to upright, but its angular velocity is negative. From \(s_{16}\) to \(s_{17}\), the angular velocity changes from \(-0.1678\) to \(-0.1079\), indicating a moderate positive torque that counteracts the negative motion. Using the Pendulum-v1 dynamics, this corresponds to an action of approximately \(+0.54\), which lies in the \([0.4, 0.8)\) bin.",2,6,818,4465118583951835a65248144a423e767d4a4e052bdaf26c9314fa3df0ddcea1,luna__Pendulum-v1__last-action__H10,16,data/llmx_data/offline_data/physics_data/raw_transitions/Pendulum-v1/episodes/episode_0.npz,gpt-5.6-luna,False,06_new_models_n10,True,experiments/06_new_models_n10/results/batches/a44a962437a94614a4b870b4e9366437/records.jsonl#4465118583951835a65248144a423e767d4a4e052bdaf26c9314fa3df0ddcea1,857,experiments/06_new_models_n10/results/merged/c189af3036db4adfb9e4da5bb632ea48/records.jsonl,experiments/06_new_models_n10/results/merged/c189af3036db4adfb9e4da5bb632ea48/runs/source_001/luna__Pendulum-v1__last-action__H10/query_006/predictions.jsonl,f62aea1429dc0c9cb01d22ff37e4164ee1704b413ea0c2013b4e367642274e6f,True,1520,696,2216,9.265225875074975,9.262087665963918,[0.5440352559089661],,,False,not_applicable,[0.54],True,,[6],True,,,False,not_applicable,,False,not_applicable,,False,not_applicable,,,,,,[6],,,,,,False,,True,6.0,6.0,True,0.5440352559089661,0.54
luna,Pendulum-v1,last-action,10,"The pendulum is close to upright, with a small negative angle and negative angular velocity. From \(s_{17}\) to \(s_{18}\), the angular velocity changes from \(-0.1079\) to \(-0.1298\), a small decrease. The gravity term already produces most of this negative acceleration, so only a small positive torque is needed to match the transition. Estimating the dynamics gives \(a_{17}\approx 0.02\), which lies in the \([0, 0.4)\) bin.",2,7,819,5da8e4f3932db48ebf123b5954f03712174e2906d58d76351840a283b7ba3eb6,luna__Pendulum-v1__last-action__H10,17,data/llmx_data/offline_data/physics_data/raw_transitions/Pendulum-v1/episodes/episode_0.npz,gpt-5.6-luna,False,06_new_models_n10,True,experiments/06_new_models_n10/results/batches/a44a962437a94614a4b870b4e9366437/records.jsonl#5da8e4f3932db48ebf123b5954f03712174e2906d58d76351840a283b7ba3eb6,858,experiments/06_new_models_n10/results/merged/c189af3036db4adfb9e4da5bb632ea48/records.jsonl,experiments/06_new_models_n10/results/merged/c189af3036db4adfb9e4da5bb632ea48/runs/source_001/luna__Pendulum-v1__last-action__H10/query_007/predictions.jsonl,e13677881fed76d279a48ee81a159c31a4b63aa2b33ae69e94699b8bc20d9b1d,True,1517,1226,2743,15.754131917026825,15.750691583030857,[0.02499106526374817],,,False,not_applicable,[0.02],True,,[5],True,,,False,not_applicable,,False,not_applicable,,False,not_applicable,,,,,,[5],,,,,,False,,True,5.0,5.0,True,0.02499106526374817,0.02
luna,Pendulum-v1,last-action,10,"The angular velocity changes from \(-0.1298\) to \(-0.0541\), giving an approximate angular acceleration of  
   \[
   \frac{-0.0541-(-0.1298)}{0.05}\approx 1.51.
   \]
   Near the upright position, gravity contributes approximately \(-0.61\), so the torque must provide roughly \(2.12\) acceleration. Using the pendulum dynamics, this corresponds to an action of approximately \(0.71\), a positive corrective torque.",1,8,820,ef52f24ac934548f90514bc1a10adc09bce19961eb911431e5fe2bffce74dd27,luna__Pendulum-v1__last-action__H10,18,data/llmx_data/offline_data/physics_data/raw_transitions/Pendulum-v1/episodes/episode_0.npz,gpt-5.6-luna,False,06_new_models_n10,True,experiments/06_new_models_n10/results/batches/a44a962437a94614a4b870b4e9366437/records.jsonl#ef52f24ac934548f90514bc1a10adc09bce19961eb911431e5fe2bffce74dd27,859,experiments/06_new_models_n10/results/merged/c189af3036db4adfb9e4da5bb632ea48/records.jsonl,experiments/06_new_models_n10/results/merged/c189af3036db4adfb9e4da5bb632ea48/runs/source_001/luna__Pendulum-v1__last-action__H10/query_008/predictions.jsonl,05e6348c104b4d81f7785862bc92e94024cd29922ba76b9fcb52f3f73329fd81,True,1515,1076,2591,14.429901499999687,14.425339124980383,[0.7087789177894592],,,False,not_applicable,[0.71],True,,[6],True,,,False,not_applicable,,False,not_applicable,,False,not_applicable,,,,,,[6],,,,,,False,,True,6.0,6.0,True,0.7087789177894592,0.71
luna,Pendulum-v1,last-action,10,"The angular velocity changes from \(-0.0541\) to \(0.0024\), so the action must apply a positive torque to brake the negative motion and slightly accelerate the pendulum counterclockwise. Using the pendulum dynamics, the required torque is approximately \(0.45\), consistent with the nearby positive actions.",2,9,821,23276908feac23edac745ab05f53e91dd08c5bd129ca283b7670415a4ac997ca,luna__Pendulum-v1__last-action__H10,19,data/llmx_data/offline_data/physics_data/raw_transitions/Pendulum-v1/episodes/episode_0.npz,gpt-5.6-luna,False,06_new_models_n10,True,experiments/06_new_models_n10/results/batches/a44a962437a94614a4b870b4e9366437/records.jsonl#23276908feac23edac745ab05f53e91dd08c5bd129ca283b7670415a4ac997ca,860,experiments/06_new_models_n10/results/merged/c189af3036db4adfb9e4da5bb632ea48/records.jsonl,experiments/06_new_models_n10/results/merged/c189af3036db4adfb9e4da5bb632ea48/runs/source_001/luna__Pendulum-v1__last-action__H10/query_009/predictions.jsonl,27bae5e7bed0c50577b3c9cc8ecaf58ab66614d9ffa91e0673cd98ad319df579,True,1517,1201,2718,15.901955666951835,15.898081165971234,[0.5939425230026245],,,False,not_applicable,[0.45],True,,[6],True,,,False,not_applicable,,False,not_applicable,,False,not_applicable,,,,,,[6],,,,,,False,,True,6.0,6.0,True,0.5939425230026245,0.45
luna,Pendulum-v1,last-action,20,"The pendulum is very close to upright, with a small negative angle and near-zero angular velocity. The previous positive actions reduced the negative angular velocity. From \(s_{20}\) to \(s_{21}\), the angular velocity changes from \(0.0024\) to \(-0.0167\), indicating a small corrective action, likely slightly positive but much smaller than the preceding actions. Estimating from the pendulum dynamics gives an action of approximately \(0.09\).",2,0,822,35d451a31a548c47afce4fcbab7abe799e8737633487844b3eb555621e77aead,luna__Pendulum-v1__last-action__H20,20,data/llmx_data/offline_data/physics_data/raw_transitions/Pendulum-v1/episodes/episode_0.npz,gpt-5.6-luna,True,05_new_models_single,False,experiments/05_new_models_single/results/records.jsonl#35d451a31a548c47afce4fcbab7abe799e8737633487844b3eb555621e77aead,861,experiments/06_new_models_n10/results/merged/c189af3036db4adfb9e4da5bb632ea48/records.jsonl,experiments/06_new_models_n10/results/merged/c189af3036db4adfb9e4da5bb632ea48/runs/source_000/luna__Pendulum-v1__last-action__H20/episode_000/predictions.jsonl,cc19295e603d8b4c15429aaad5c2623e419cd71d0fac0b2c11a25f2a74c8e2c1,True,1951,1232,3183,16.67753308301326,16.67414258304052,[0.08882922679185867],,,False,not_applicable,[0.09],True,,[5],True,,,False,not_applicable,,False,not_applicable,,False,not_applicable,,,,,,[5],,,,,,False,,True,5.0,5.0,True,0.08882922679185867,0.09
luna,Pendulum-v1,last-action,20,"The pendulum is close to upright, with a small negative angle and angular velocity. From \(s_{21}\) to \(s_{22}\), the angular velocity changes from \(-0.0167\) to \(0.0467\), indicating a small positive angular acceleration. A moderate positive torque is therefore expected. Using the Pendulum-v1 dynamics, the required torque is approximately \(0.64\), consistent with the agent applying a corrective positive action.",2,1,823,c2ed047aeb4075bfc03130ad1c1fef9b29592b398f761fec0a768a35326218d8,luna__Pendulum-v1__last-action__H20,21,data/llmx_data/offline_data/physics_data/raw_transitions/Pendulum-v1/episodes/episode_0.npz,gpt-5.6-luna,True,05_new_models_single,False,experiments/05_new_models_single/results/records.jsonl#c2ed047aeb4075bfc03130ad1c1fef9b29592b398f761fec0a768a35326218d8,862,experiments/06_new_models_n10/results/merged/c189af3036db4adfb9e4da5bb632ea48/records.jsonl,experiments/06_new_models_n10/results/merged/c189af3036db4adfb9e4da5bb632ea48/runs/source_000/luna__Pendulum-v1__last-action__H20/episode_000/predictions.jsonl,159dba4f649ade867fffbe1e92c54405978eb21b18f2f658b5d3707d1f83840c,True,1954,708,2662,9.468668124987744,9.465424249996431,[0.6434862613677979],,,False,not_applicable,[0.64],True,,[6],True,,,False,not_applicable,,False,not_applicable,,False,not_applicable,,,,,,[6],,,,,,False,,True,6.0,6.0,True,0.6434862613677979,0.64
luna,Pendulum-v1,last-action,20,"The pendulum is slightly left of upright, with a small positive angular velocity at \(s_{22}\). It then changes to a more negative angular velocity:
   \[
   \Delta\dot{\theta}= -0.1478-0.0467=-0.1945.
   \]
   The natural gravity effect contributes approximately \(-0.031\) over the timestep, so the remaining change must come from a negative torque. Using the Pendulum-v1 dynamics gives an estimated action of about \(-1.09\), consistent with the agent applying a braking torque.",1,2,824,5eff39df2e78ce9aa9a655dd051569b9adfcb490be67a573c27cd3706eef8d62,luna__Pendulum-v1__last-action__H20,22,data/llmx_data/offline_data/physics_data/raw_transitions/Pendulum-v1/episodes/episode_0.npz,gpt-5.6-luna,True,05_new_models_single,False,experiments/05_new_models_single/results/records.jsonl#5eff39df2e78ce9aa9a655dd051569b9adfcb490be67a573c27cd3706eef8d62,863,experiments/06_new_models_n10/results/merged/c189af3036db4adfb9e4da5bb632ea48/records.jsonl,experiments/06_new_models_n10/results/merged/c189af3036db4adfb9e4da5bb632ea48/runs/source_000/luna__Pendulum-v1__last-action__H20/episode_000/predictions.jsonl,94e9c6b7010484f4b4f7e00834e9772d0161c0dca71003ff8366da5abfa40a1d,True,1956,1156,3112,16.588374332990497,16.585270832991228,[-1.0871518850326538],,,False,not_applicable,[-1.09],True,,[2],True,,,False,not_applicable,,False,not_applicable,,False,not_applicable,,,,,,[2],,,,,,False,,True,2.0,2.0,True,-1.0871518850326538,-1.09
luna,Pendulum-v1,last-action,20,"The pendulum’s angular velocity changes from \(-0.1478\) to \(0.0285\), so the action must provide a positive torque to reverse the motion. From the preceding behavior and the pendulum dynamics, this requires a torque of approximately \(+1.4\), likely close to \(+1.42\).",2,3,825,ea8281366ff47f371b931e0dd139bde42f3ca94128bbab4bfa6b3ce2bebf9f09,luna__Pendulum-v1__last-action__H20,23,data/llmx_data/offline_data/physics_data/raw_transitions/Pendulum-v1/episodes/episode_0.npz,gpt-5.6-luna,True,05_new_models_single,False,experiments/05_new_models_single/results/records.jsonl#ea8281366ff47f371b931e0dd139bde42f3ca94128bbab4bfa6b3ce2bebf9f09,864,experiments/06_new_models_n10/results/merged/c189af3036db4adfb9e4da5bb632ea48/records.jsonl,experiments/06_new_models_n10/results/merged/c189af3036db4adfb9e4da5bb632ea48/runs/source_000/luna__Pendulum-v1__last-action__H20/episode_000/predictions.jsonl,1295491c28ef044cc98aea3cc2ab969b0a1792a57f49995423256eb9b92b55e0,True,1960,680,2640,9.444497792050242,9.44057112489827,[1.421302080154419],,,False,not_applicable,[1.42],True,,[8],True,,,False,not_applicable,,False,not_applicable,,False,not_applicable,,,,,,[8],,,,,,False,,True,8.0,8.0,True,1.421302080154419,1.42
luna,Pendulum-v1,last-action,20,"The pendulum is very close to upright, with a small negative angle and angular velocity. From \(s_{24}\) to \(s_{25}\), the angular velocity increases slightly from \(0.0285\) to \(0.0428\), indicating a small positive torque. Accounting for the weak restoring effect of gravity near this angle, the required torque is approximately \(0.33\).",2,4,826,8fcd457a864855c65fd7dadd2afdcfbe9e0f636b04641863cd075f311c94f70a,luna__Pendulum-v1__last-action__H20,24,data/llmx_data/offline_data/physics_data/raw_transitions/Pendulum-v1/episodes/episode_0.npz,gpt-5.6-luna,True,05_new_models_single,False,experiments/05_new_models_single/results/records.jsonl#8fcd457a864855c65fd7dadd2afdcfbe9e0f636b04641863cd075f311c94f70a,865,experiments/06_new_models_n10/results/merged/c189af3036db4adfb9e4da5bb632ea48/records.jsonl,experiments/06_new_models_n10/results/merged/c189af3036db4adfb9e4da5bb632ea48/runs/source_000/luna__Pendulum-v1__last-action__H20/episode_000/predictions.jsonl,3336cf58129a1e6bead14c1457b7247647b1997823aaad74ad49b0a134896239,True,1960,1389,3349,18.097150790970773,18.09408187493682,[0.33447736501693726],,,False,not_applicable,[0.33],True,,[5],True,,,False,not_applicable,,False,not_applicable,,False,not_applicable,,,,,,[5],,,,,,False,,True,5.0,5.0,True,0.33447736501693726,0.33
luna,Pendulum-v1,last-action,20,"Near the upright position, the pendulum has a small positive angular velocity at \(s_{25}\) (\(0.0428\)), but transitions to a negative velocity at \(s_{26}\) (\(-0.0646\)). Thus, the agent likely applied a moderate negative torque to brake and reverse the motion. Comparing the angular-velocity change with the pendulum dynamics gives an estimated torque of approximately \(-0.49\), consistent with the agent’s stabilizing behavior.",2,5,827,b67d027ce4ea3f6ae78cd65ed088f1e7aa29b6386ca4abfc18bfcd82183192fc,luna__Pendulum-v1__last-action__H20,25,data/llmx_data/offline_data/physics_data/raw_transitions/Pendulum-v1/episodes/episode_0.npz,gpt-5.6-luna,True,05_new_models_single,False,experiments/05_new_models_single/results/records.jsonl#b67d027ce4ea3f6ae78cd65ed088f1e7aa29b6386ca4abfc18bfcd82183192fc,866,experiments/06_new_models_n10/results/merged/c189af3036db4adfb9e4da5bb632ea48/records.jsonl,experiments/06_new_models_n10/results/merged/c189af3036db4adfb9e4da5bb632ea48/runs/source_000/luna__Pendulum-v1__last-action__H20/episode_000/predictions.jsonl,3fc57a5eee210c1e4126311739dfaa1caeffb84ff4d948f5aa4b32c150fe0c71,True,1963,927,2890,13.59344012499787,13.588435749989003,[-0.48779454827308655],,,False,not_applicable,[-0.49],True,,[3],True,,,False,not_applicable,,False,not_applicable,,False,not_applicable,,,,,,[3],,,,,,False,,True,3.0,3.0,True,-0.48779454827308655,-0.49
luna,Pendulum-v1,last-action,20,"The pendulum is slightly left of upright with negative angular velocity, \(\dot\theta=-0.0646\). The transition brings the angular velocity almost exactly to zero, so the agent must apply a moderate positive torque to counteract the negative motion. Using the Pendulum dynamics, the required torque is approximately \(a_{26}\approx 0.68\).",2,6,828,3c22a158cb39ee7cc342ad7494bbfedd1a1755bb32138e5ffeaf0098f207c4c5,luna__Pendulum-v1__last-action__H20,26,data/llmx_data/offline_data/physics_data/raw_transitions/Pendulum-v1/episodes/episode_0.npz,gpt-5.6-luna,True,05_new_models_single,False,experiments/05_new_models_single/results/records.jsonl#3c22a158cb39ee7cc342ad7494bbfedd1a1755bb32138e5ffeaf0098f207c4c5,867,experiments/06_new_models_n10/results/merged/c189af3036db4adfb9e4da5bb632ea48/records.jsonl,experiments/06_new_models_n10/results/merged/c189af3036db4adfb9e4da5bb632ea48/runs/source_000/luna__Pendulum-v1__last-action__H20/episode_000/predictions.jsonl,57c7d2dcd87cfe8f3ec657ff4dc139cafd960abd2ae62006a679b0d64f8a83b5,True,1972,1390,3362,19.871641125064343,19.867255416931584,[0.6751355528831482],,,False,not_applicable,[0.68],True,,[6],True,,,False,not_applicable,,False,not_applicable,,False,not_applicable,,,,,,[6],,,,,,False,,True,6.0,6.0,True,0.6751355528831482,0.68
luna,Pendulum-v1,last-action,20,"The pendulum is near upright with almost zero angular velocity at \(s_{27}\). The transition to \(s_{28}\) produces a positive angular velocity (\(0.0811\)), so the agent likely applied a moderate positive torque. Using the observed change in angular velocity and the pendulum dynamics gives an estimated torque of approximately \(0.78\), consistent with the agent’s recent corrective actions.",2,7,829,1007b9e472ce192f9ad255942687fc3d2075ee41e769fd94d175848c7b0c5d20,luna__Pendulum-v1__last-action__H20,27,data/llmx_data/offline_data/physics_data/raw_transitions/Pendulum-v1/episodes/episode_0.npz,gpt-5.6-luna,True,05_new_models_single,False,experiments/05_new_models_single/results/records.jsonl#1007b9e472ce192f9ad255942687fc3d2075ee41e769fd94d175848c7b0c5d20,868,experiments/06_new_models_n10/results/merged/c189af3036db4adfb9e4da5bb632ea48/records.jsonl,experiments/06_new_models_n10/results/merged/c189af3036db4adfb9e4da5bb632ea48/runs/source_000/luna__Pendulum-v1__last-action__H20/episode_000/predictions.jsonl,509a3913681e486ad94dbcd4cee493bfc6dcd6559794a557c8e08fc8fe452762,True,1970,1211,3181,20.092083167051896,20.08689012506511,[0.7845479249954224],,,False,not_applicable,[0.78],True,,[6],True,,,False,not_applicable,,False,not_applicable,,False,not_applicable,,,,,,[6],,,,,,False,,True,6.0,6.0,True,0.7845479249954224,0.78
luna,Pendulum-v1,last-action,20,"The angular velocity changes from \(0.0811\) to \(-0.1588\), so
   \[
   \dot\omega \approx \frac{-0.1588-0.0811}{0.05}=-4.80.
   \]
   Near \(\theta\approx -0.0448\), the gravity contribution is approximately \(15\sin(\theta)\approx -0.67\). Using the Pendulum-v1 dynamics,
   \[
   \dot\omega \approx 15\sin(\theta)+3a,
   \]
   gives
   \[
   a\approx\frac{-4.80-(-0.67)}{3}\approx -1.38.
   \]",1,8,830,1a73306ae9b6882c36cbc1fc14c9d7455ec85f9cf0d30671561bb84352a6af32,luna__Pendulum-v1__last-action__H20,28,data/llmx_data/offline_data/physics_data/raw_transitions/Pendulum-v1/episodes/episode_0.npz,gpt-5.6-luna,True,05_new_models_single,False,experiments/05_new_models_single/results/records.jsonl#1a73306ae9b6882c36cbc1fc14c9d7455ec85f9cf0d30671561bb84352a6af32,869,experiments/06_new_models_n10/results/merged/c189af3036db4adfb9e4da5bb632ea48/records.jsonl,experiments/06_new_models_n10/results/merged/c189af3036db4adfb9e4da5bb632ea48/runs/source_000/luna__Pendulum-v1__last-action__H20/episode_000/predictions.jsonl,ae7c86e23a4b1570f2c741935f9377597c09832c282a8939f2bb5e6de919b543,True,1968,773,2741,9.935565291903913,9.931556583032943,[-1.375152826309204],,,False,not_applicable,[-1.38],True,,[1],True,,,False,not_applicable,,False,not_applicable,,False,not_applicable,,,,,,[1],,,,,,False,,True,1.0,1.0,True,-1.375152826309204,-1.38
luna,Pendulum-v1,last-action,20,"At \(s_{29}\), the angular velocity is negative (\(-0.1588\)), so the agent should apply a positive torque to reverse the motion. The transition to \(+0.0878\) indicates a fairly strong positive action, consistent with an action around \(1.78\), similar to the agent’s earlier corrective torques.",2,9,831,15b07a1cd8e01bed4af40bdb541e6effdcf354d2e7e21f08a272a4397f583625,luna__Pendulum-v1__last-action__H20,29,data/llmx_data/offline_data/physics_data/raw_transitions/Pendulum-v1/episodes/episode_0.npz,gpt-5.6-luna,True,05_new_models_single,False,experiments/05_new_models_single/results/records.jsonl#15b07a1cd8e01bed4af40bdb541e6effdcf354d2e7e21f08a272a4397f583625,870,experiments/06_new_models_n10/results/merged/c189af3036db4adfb9e4da5bb632ea48/records.jsonl,experiments/06_new_models_n10/results/merged/c189af3036db4adfb9e4da5bb632ea48/runs/source_000/luna__Pendulum-v1__last-action__H20/episode_000/predictions.jsonl,24fcbd82d85f85ea29907f3bbdc64fe02de5c9cc0dce950ab8b5ce651320057e,True,1971,2375,4346,28.697610083036125,28.693712958018295,[1.9077938795089722],,,False,not_applicable,[1.78],True,,[9],True,,,False,not_applicable,,False,not_applicable,,False,not_applicable,,,,,,[9],,,,,,False,,True,9.0,9.0,True,1.9077938795089722,1.78
luna,Pendulum-v1,last-action,30,"The angular velocity changes from \(0.0878\) to \(-0.0818\), giving an acceleration of approximately
   \[
   \frac{-0.0818-0.0878}{0.05}\approx -3.39.
   \]
   At \(\theta\approx\arctan2(-0.0484,0.9988)\approx-0.0484\), the gravity contribution is about \(-0.71\). Using the Pendulum dynamics, the required torque is therefore approximately
   \[
   a_{30}\approx\frac{-3.39-(-0.71)}{3}\approx -0.89.
   \]",1,0,832,799a305ba679704d8af3d5df92a358fc595615d9141327d5773ba5c594302261,luna__Pendulum-v1__last-action__H30,30,data/llmx_data/offline_data/physics_data/raw_transitions/Pendulum-v1/episodes/episode_0.npz,gpt-5.6-luna,False,06_new_models_n10,True,experiments/06_new_models_n10/results/batches/a44a962437a94614a4b870b4e9366437/records.jsonl#799a305ba679704d8af3d5df92a358fc595615d9141327d5773ba5c594302261,871,experiments/06_new_models_n10/results/merged/c189af3036db4adfb9e4da5bb632ea48/records.jsonl,experiments/06_new_models_n10/results/merged/c189af3036db4adfb9e4da5bb632ea48/runs/source_001/luna__Pendulum-v1__last-action__H30/query_000/predictions.jsonl,e3ba3d3a522ffa0456c0512f634c5e89da0d64483b0c2a25c49bf57cfed4ab0e,True,2406,2189,4595,29.317285541910678,29.312193416059017,[-0.8885178565979004],,,False,not_applicable,[-0.89],True,,[2],True,,,False,not_applicable,,False,not_applicable,,False,not_applicable,,,,,,[2],,,,,,False,,True,2.0,2.0,True,-0.8885178565979004,-0.89
luna,Pendulum-v1,last-action,30,"The pendulum is near upright, with a small negative angular velocity at \(s_{31}\) (\(-0.0818\)). The next velocity increases to \(0.0994\), so the agent must apply a positive torque to reverse the motion. Using the observed velocity change and the pendulum dynamics gives an estimated torque of approximately \(1.46\), consistent with the agent’s alternating corrective actions near the upright position.",2,1,833,e99f1a205225d6284d56668a6bfe22eee5c26061c6b7a605c39fe410689a9dd3,luna__Pendulum-v1__last-action__H30,31,data/llmx_data/offline_data/physics_data/raw_transitions/Pendulum-v1/episodes/episode_0.npz,gpt-5.6-luna,False,06_new_models_n10,True,experiments/06_new_models_n10/results/batches/a44a962437a94614a4b870b4e9366437/records.jsonl#e99f1a205225d6284d56668a6bfe22eee5c26061c6b7a605c39fe410689a9dd3,872,experiments/06_new_models_n10/results/merged/c189af3036db4adfb9e4da5bb632ea48/records.jsonl,experiments/06_new_models_n10/results/merged/c189af3036db4adfb9e4da5bb632ea48/runs/source_001/luna__Pendulum-v1__last-action__H30/query_001/predictions.jsonl,fa74e92e9607dd175e68cfe224f4fa3a9a5663a93a05d636f802db917f529655,True,2410,1219,3629,16.747131708078086,16.74286291701719,[1.4703737497329712],,,False,not_applicable,[1.46],True,,[8],True,,,False,not_applicable,,False,not_applicable,,False,not_applicable,,,,,,[8],,,,,,False,,True,8.0,8.0,True,1.4703737497329712,1.46
luna,Pendulum-v1,last-action,30,"The pendulum is close to upright, but its angular velocity is positive at \(s_{32}\) (\(0.0994\)). The transition to \(s_{33}\) changes the velocity to \(-0.0779\), so the agent must apply a negative corrective torque. Comparing nearby transitions, a torque close to \(-0.95\) produces a velocity change of approximately \(-0.18\).",1,2,834,918761fc63b5367a273e0274a78622f7cb964412243a508a1bda48b17cdbfc85,luna__Pendulum-v1__last-action__H30,32,data/llmx_data/offline_data/physics_data/raw_transitions/Pendulum-v1/episodes/episode_0.npz,gpt-5.6-luna,False,06_new_models_n10,True,experiments/06_new_models_n10/results/batches/a44a962437a94614a4b870b4e9366437/records.jsonl#918761fc63b5367a273e0274a78622f7cb964412243a508a1bda48b17cdbfc85,873,experiments/06_new_models_n10/results/merged/c189af3036db4adfb9e4da5bb632ea48/records.jsonl,experiments/06_new_models_n10/results/merged/c189af3036db4adfb9e4da5bb632ea48/runs/source_001/luna__Pendulum-v1__last-action__H30/query_002/predictions.jsonl,06e4ed6aa8b7329077d44de84a93c2efcb5405345ba587988f2244f1c5cb1599,True,2412,1702,4114,23.655121833086014,23.65018679201603,[-0.9442287683486938],,,False,not_applicable,[-0.95],True,,[2],True,,,False,not_applicable,,False,not_applicable,,False,not_applicable,,,,,,[2],,,,,,False,,True,2.0,2.0,True,-0.9442287683486938,-0.95
luna,Pendulum-v1,last-action,30,"At \(s_{33}\), the angular velocity is slightly negative \((-0.0779)\). The next state has positive angular velocity \((0.1173)\), so the agent applied a positive torque to reverse the motion. A closely matching earlier transition was:

   - \(s_{31}\): angular velocity \(-0.0818\)
   - action: \(1.4704\)
   - \(s_{32}\): angular velocity \(0.0994\)

   The transition from \(s_{33}\) to \(s_{34}\) requires a slightly larger increase in angular velocity, suggesting an action around \(1.56\).",1,3,835,b7f94790b0c33e144ef30f1b5428a6100948465bd2d62c093eaa9a65e7efd51c,luna__Pendulum-v1__last-action__H30,33,data/llmx_data/offline_data/physics_data/raw_transitions/Pendulum-v1/episodes/episode_0.npz,gpt-5.6-luna,False,06_new_models_n10,True,experiments/06_new_models_n10/results/batches/a44a962437a94614a4b870b4e9366437/records.jsonl#b7f94790b0c33e144ef30f1b5428a6100948465bd2d62c093eaa9a65e7efd51c,874,experiments/06_new_models_n10/results/merged/c189af3036db4adfb9e4da5bb632ea48/records.jsonl,experiments/06_new_models_n10/results/merged/c189af3036db4adfb9e4da5bb632ea48/runs/source_001/luna__Pendulum-v1__last-action__H30/query_003/predictions.jsonl,d7deea9025626d915610548eeae43b11ad5da28973173c43de7187c6bdb151ed,True,2415,1230,3645,14.475237207952887,14.47047499998007,[1.5583062171936035],,,False,not_applicable,[1.56],True,,[8],True,,,False,not_applicable,,False,not_applicable,,False,not_applicable,,,,,,[8],,,,,,False,,True,8.0,8.0,True,1.5583062171936035,1.56
luna,Pendulum-v1,last-action,30,"At \(s_{34}\), the angular velocity is \(0.1173\), and after the transition it decreases slightly to \(0.1103\). Using the Pendulum-v1 dynamics, this small decrease is consistent with a small positive torque that mostly offsets gravity near the upright position. Estimating from the velocity change gives an action of approximately \(0.18\). This lies in the bin \([0, 0.4)\), which is bin 5.",2,4,836,4f9dd54445564d80a79872b33ed1cd54e9c4c000ef68c0bb954fc61a6e0b7bd5,luna__Pendulum-v1__last-action__H30,34,data/llmx_data/offline_data/physics_data/raw_transitions/Pendulum-v1/episodes/episode_0.npz,gpt-5.6-luna,False,06_new_models_n10,True,experiments/06_new_models_n10/results/batches/a44a962437a94614a4b870b4e9366437/records.jsonl#4f9dd54445564d80a79872b33ed1cd54e9c4c000ef68c0bb954fc61a6e0b7bd5,875,experiments/06_new_models_n10/results/merged/c189af3036db4adfb9e4da5bb632ea48/records.jsonl,experiments/06_new_models_n10/results/merged/c189af3036db4adfb9e4da5bb632ea48/runs/source_001/luna__Pendulum-v1__last-action__H30/query_004/predictions.jsonl,145302137866c257b5a3d52d9e0a81269ae57dc5161a85953d48fd56dc631e18,True,2416,1159,3575,14.640843417029828,14.63660758396145,[0.1804589033126831],,,False,not_applicable,[0.18],True,,[5],True,,,False,not_applicable,,False,not_applicable,,False,not_applicable,,,,,,[5],,,,,,False,,True,5.0,5.0,True,0.1804589033126831,0.18
luna,Pendulum-v1,last-action,30,"The pendulum is near upright, but its angular velocity changes from \(+0.1103\) at \(s_{35}\) to \(-0.1432\) at \(s_{36}\). This substantial reversal suggests a strong negative torque. The agent frequently applies near-maximal corrective actions when the angular velocity needs to be rapidly reversed, so \(a_{35}\) was likely close to the lower action limit.",2,5,837,1042981161e6895e8d8323a45ba5ff7154511b2247fe8d6cb89c17d50e1df0f8,luna__Pendulum-v1__last-action__H30,35,data/llmx_data/offline_data/physics_data/raw_transitions/Pendulum-v1/episodes/episode_0.npz,gpt-5.6-luna,False,06_new_models_n10,True,experiments/06_new_models_n10/results/batches/a44a962437a94614a4b870b4e9366437/records.jsonl#1042981161e6895e8d8323a45ba5ff7154511b2247fe8d6cb89c17d50e1df0f8,876,experiments/06_new_models_n10/results/merged/c189af3036db4adfb9e4da5bb632ea48/records.jsonl,experiments/06_new_models_n10/results/merged/c189af3036db4adfb9e4da5bb632ea48/runs/source_001/luna__Pendulum-v1__last-action__H30/query_005/predictions.jsonl,842e2ce001fae598a7ab3dfd9b6283620c003b5928d12820b0637c832d593ad3,True,2419,1048,3467,12.40229812497273,12.398294541984797,[-1.4897518157958984],,,False,not_applicable,[-2.0],True,,[0],True,,,False,not_applicable,,False,not_applicable,,False,not_applicable,,,,,,[1],,,,,,False,,True,1.0,0.0,True,-1.4897518157958984,-2.0
luna,Pendulum-v1,last-action,30,"The angular velocity changes from \(-0.1432\) at \(s_{36}\) to \(+0.0816\) at \(s_{37}\), so the agent must apply a positive torque. Using the nearby transitions, a torque around \(+1.7\) is consistent with this velocity increase. This falls in the interval \([1.6, 2.0]\), corresponding to bin 9.",2,6,838,9ffc78c54dff6d4361332550f4ceb8e26c39b14f4076b6b264967c4da6b8a823,luna__Pendulum-v1__last-action__H30,36,data/llmx_data/offline_data/physics_data/raw_transitions/Pendulum-v1/episodes/episode_0.npz,gpt-5.6-luna,False,06_new_models_n10,True,experiments/06_new_models_n10/results/batches/a44a962437a94614a4b870b4e9366437/records.jsonl#9ffc78c54dff6d4361332550f4ceb8e26c39b14f4076b6b264967c4da6b8a823,877,experiments/06_new_models_n10/results/merged/c189af3036db4adfb9e4da5bb632ea48/records.jsonl,experiments/06_new_models_n10/results/merged/c189af3036db4adfb9e4da5bb632ea48/runs/source_001/luna__Pendulum-v1__last-action__H30/query_006/predictions.jsonl,6687d1f6422347943841bbcea68a67f935fd387105265e58c7af7aef20851998,True,2418,1156,3574,15.081871708040126,15.077714874991216,[1.7350534200668335],,,False,not_applicable,[1.73],True,,[9],True,,,False,not_applicable,,False,not_applicable,,False,not_applicable,,,,,,[9],,,,,,False,,True,9.0,9.0,True,1.7350534200668335,1.73
luna,Pendulum-v1,last-action,30,"The pendulum is close to upright at \(s_{37}\), but its angular velocity is positive (\(0.0816\)). The transition to \(s_{38}\) produces a strong negative angular velocity (\(-0.2468\)), so the agent must have applied a large negative torque. Using the observed angular-velocity change and the pendulum dynamics gives an action of approximately \(-1.97\), close to the lower action limit.",2,7,839,dee2b96473d5b6ef28c297e59dbf22cfe6296253f8d3f03dae554e34ab8d791d,luna__Pendulum-v1__last-action__H30,37,data/llmx_data/offline_data/physics_data/raw_transitions/Pendulum-v1/episodes/episode_0.npz,gpt-5.6-luna,False,06_new_models_n10,True,experiments/06_new_models_n10/results/batches/a44a962437a94614a4b870b4e9366437/records.jsonl#dee2b96473d5b6ef28c297e59dbf22cfe6296253f8d3f03dae554e34ab8d791d,878,experiments/06_new_models_n10/results/merged/c189af3036db4adfb9e4da5bb632ea48/records.jsonl,experiments/06_new_models_n10/results/merged/c189af3036db4adfb9e4da5bb632ea48/runs/source_001/luna__Pendulum-v1__last-action__H30/query_007/predictions.jsonl,269c088d9cb1e823c983c02ce1bf8494f4bdebea56bcd56c76160d19dc9ef5b6,True,2416,1739,4155,21.60509562504012,21.600438374909572,[-1.974252700805664],,,False,not_applicable,[-1.97],True,,[0],True,,,False,not_applicable,,False,not_applicable,,False,not_applicable,,,,,,[0],,,,,,False,,True,0.0,0.0,True,-1.974252700805664,-1.97
luna,Pendulum-v1,last-action,30,"The pendulum is very close to upright, but its angular velocity at \(s_{38}\) is negative (\(-0.2468\)). The transition to \(s_{39}\) changes this to a small positive velocity (\(0.0116\)), indicating a strong positive corrective torque. Using the approximate angular-acceleration change, the required action is about \(+1.8\), consistent with the agent’s alternating corrective behavior.",2,8,840,6bd2f508935647a398544f4cd0073d5802d8e24567b6869dfaed6fef57e5e164,luna__Pendulum-v1__last-action__H30,38,data/llmx_data/offline_data/physics_data/raw_transitions/Pendulum-v1/episodes/episode_0.npz,gpt-5.6-luna,False,06_new_models_n10,True,experiments/06_new_models_n10/results/batches/a44a962437a94614a4b870b4e9366437/records.jsonl#6bd2f508935647a398544f4cd0073d5802d8e24567b6869dfaed6fef57e5e164,879,experiments/06_new_models_n10/results/merged/c189af3036db4adfb9e4da5bb632ea48/records.jsonl,experiments/06_new_models_n10/results/merged/c189af3036db4adfb9e4da5bb632ea48/runs/source_001/luna__Pendulum-v1__last-action__H30/query_008/predictions.jsonl,983bcf38b4f30fdcbf0a74ac5711730a9db82054518627a992f61504578c4c3a,True,2417,1746,4163,20.97127358301077,20.96628229203634,[2.0],,,False,not_applicable,[1.81],True,,[9],True,,,False,not_applicable,,False,not_applicable,,False,not_applicable,,,,,,[9],,,,,,False,,True,9.0,9.0,True,2.0,1.81
luna,Pendulum-v1,last-action,30,"The pendulum’s angular velocity increases from \(0.0116\) to \(0.1217\), so \(\Delta\dot\theta \approx 0.1101\). Near the upright position, the dynamics imply that an action of roughly \(1.0\) produces this increase after accounting for gravity. Thus, \(a_{39}\) was likely close to \(1.01\), consistent with the agent’s alternating corrective torques.",1,9,841,bc896cc7f134893ee5797d3ac03e36b384e7a6ea5dcb7c40addbe228e6c499e8,luna__Pendulum-v1__last-action__H30,39,data/llmx_data/offline_data/physics_data/raw_transitions/Pendulum-v1/episodes/episode_0.npz,gpt-5.6-luna,False,06_new_models_n10,True,experiments/06_new_models_n10/results/batches/a44a962437a94614a4b870b4e9366437/records.jsonl#bc896cc7f134893ee5797d3ac03e36b384e7a6ea5dcb7c40addbe228e6c499e8,880,experiments/06_new_models_n10/results/merged/c189af3036db4adfb9e4da5bb632ea48/records.jsonl,experiments/06_new_models_n10/results/merged/c189af3036db4adfb9e4da5bb632ea48/runs/source_001/luna__Pendulum-v1__last-action__H30/query_009/predictions.jsonl,c79ba6d23b678b26716c608bfd968f7c4618296f81ae8bd7528b308e28aa7e42,True,2417,1554,3971,18.54654600005597,18.533151958952658,[1.0084922313690186],,,False,not_applicable,[1.01],True,,[7],True,,,False,not_applicable,,False,not_applicable,,False,not_applicable,,,,,,[7],,,,,,False,,True,7.0,7.0,True,1.0084922313690186,1.01
luna,Pendulum-v1,next-action,5,"The agent has applied strong negative torque while the pendulum moved toward the upright position and its positive angular velocity decreased. At \(s_5\), the angular velocity has become negative (\(-0.1319\)), indicating that the pendulum is beginning to move past the desired equilibrium direction. The agent will likely switch to a strong positive torque to counteract this motion and stabilize the pendulum.",3,0,882,ec237f399cf2f2cbd774d27ff88cb4949ddcf47d3578156f6c4d07d4b86a5aa7,luna__Pendulum-v1__next-action__H5,5,data/llmx_data/offline_data/physics_data/raw_transitions/Pendulum-v1/episodes/episode_0.npz,gpt-5.6-luna,False,06_new_models_n10,True,experiments/06_new_models_n10/results/batches/b36e550af1174766af12f84678e075ce/records.jsonl#ec237f399cf2f2cbd774d27ff88cb4949ddcf47d3578156f6c4d07d4b86a5aa7,801,experiments/06_new_models_n10/results/merged/c189af3036db4adfb9e4da5bb632ea48/records.jsonl,experiments/06_new_models_n10/results/merged/c189af3036db4adfb9e4da5bb632ea48/runs/source_002/luna__Pendulum-v1__next-action__H5/episode_000/predictions.jsonl,b4af220bb2f7abee2d527a31745e0636e285fbda44e5e8ac3ed7613813c7dc8d,True,1261,473,1734,8.618514416972175,8.615301333949901,[-1.7580721378326416],,,False,not_applicable,[2.0],True,,[9],True,,,False,not_applicable,,False,not_applicable,,False,not_applicable,,,,,,[0],,,,,,False,,True,0.0,9.0,True,-1.7580721378326416,2.0
luna,Pendulum-v1,next-action,5,"The agent has consistently applied a strong negative torque while the pendulum angle is slightly positive. However, the angular velocity has now become increasingly negative, so the controller will likely reduce the magnitude of the negative torque to avoid excessive overshoot. A value around **-1.42** is therefore plausible.",3,1,883,662b168126676df7d08fa5a21a22e92102ebc8b61795d0db0d5c370095c0d592,luna__Pendulum-v1__next-action__H5,6,data/llmx_data/offline_data/physics_data/raw_transitions/Pendulum-v1/episodes/episode_0.npz,gpt-5.6-luna,False,06_new_models_n10,True,experiments/06_new_models_n10/results/batches/b36e550af1174766af12f84678e075ce/records.jsonl#662b168126676df7d08fa5a21a22e92102ebc8b61795d0db0d5c370095c0d592,802,experiments/06_new_models_n10/results/merged/c189af3036db4adfb9e4da5bb632ea48/records.jsonl,experiments/06_new_models_n10/results/merged/c189af3036db4adfb9e4da5bb632ea48/runs/source_002/luna__Pendulum-v1__next-action__H5/episode_000/predictions.jsonl,05ebe5986210f7824b2e9f047bd1bcafb1c6b055d1fa647234cef3b3d58fbdcb,True,1265,2080,3345,31.831254458986223,31.82773020793684,[-1.347569465637207],,,False,not_applicable,[-1.42],True,,[1],True,,,False,not_applicable,,False,not_applicable,,False,not_applicable,,,,,,[1],,,,,,False,,True,1.0,1.0,True,-1.347569465637207,-1.42
luna,Pendulum-v1,next-action,5,"The agent has consistently applied negative torque while the pendulum is slightly displaced to the positive-angle side. As the pendulum approaches upright, the negative torque magnitude has been decreasing, suggesting a further reduction at \(s_7\). A moderate negative action near \(-0.90\) is therefore most likely.",3,2,884,ead8d41faaf6b0bbaa1cf734682cce6330bf9033dd190655daba7a04d92655c4,luna__Pendulum-v1__next-action__H5,7,data/llmx_data/offline_data/physics_data/raw_transitions/Pendulum-v1/episodes/episode_0.npz,gpt-5.6-luna,False,06_new_models_n10,True,experiments/06_new_models_n10/results/batches/b36e550af1174766af12f84678e075ce/records.jsonl#ead8d41faaf6b0bbaa1cf734682cce6330bf9033dd190655daba7a04d92655c4,803,experiments/06_new_models_n10/results/merged/c189af3036db4adfb9e4da5bb632ea48/records.jsonl,experiments/06_new_models_n10/results/merged/c189af3036db4adfb9e4da5bb632ea48/runs/source_002/luna__Pendulum-v1__next-action__H5/episode_000/predictions.jsonl,03de0384e9af7d998681dcc1edef1c3a58083b88db0253e417e315c1cc1732a2,True,1268,1675,2943,25.66475033306051,25.66086354199797,[-1.195901870727539],,,False,not_applicable,[-0.9],True,,[2],True,,,False,not_applicable,,False,not_applicable,,False,not_applicable,,,,,,[2],,,,,,False,,True,2.0,2.0,True,-1.195901870727539,-0.9
luna,Pendulum-v1,next-action,5,"The pendulum is close to upright, but its angular velocity is increasingly negative. The agent has been reducing the magnitude of its negative torque as the state approaches the upright region, so the next action will likely continue this trend with a moderately negative torque, around \(-0.9\).",3,3,885,e24385e7ee48d5554cb85f9635508b84f502f12ba8310b441f2f09cc4fe31eb4,luna__Pendulum-v1__next-action__H5,8,data/llmx_data/offline_data/physics_data/raw_transitions/Pendulum-v1/episodes/episode_0.npz,gpt-5.6-luna,False,06_new_models_n10,True,experiments/06_new_models_n10/results/batches/b36e550af1174766af12f84678e075ce/records.jsonl#e24385e7ee48d5554cb85f9635508b84f502f12ba8310b441f2f09cc4fe31eb4,804,experiments/06_new_models_n10/results/merged/c189af3036db4adfb9e4da5bb632ea48/records.jsonl,experiments/06_new_models_n10/results/merged/c189af3036db4adfb9e4da5bb632ea48/runs/source_002/luna__Pendulum-v1__next-action__H5/episode_000/predictions.jsonl,1eba302a93105d85530a243f682c28f56aca304af7dd527d725d8a116bf6bb68,True,1271,657,1928,10.771001000073738,10.767628374975175,[-2.0],,,False,not_applicable,[-0.9],True,,[2],True,,,False,not_applicable,,False,not_applicable,,False,not_applicable,,,,,,[0],,,,,,False,,True,0.0,2.0,True,-2.0,-0.9
luna,Pendulum-v1,next-action,5,"The pendulum is very close to upright, but its angular velocity is strongly negative (`-0.7489`). The previous negative torques have driven it toward and nearly past the upright position. To counteract this negative angular velocity and prevent overshooting, the agent will most likely apply a strong positive torque.",3,4,886,fbdd888ed4f7daa07bac70940975c6c7eb10b9410e7118fea975dd7d83a4b014,luna__Pendulum-v1__next-action__H5,9,data/llmx_data/offline_data/physics_data/raw_transitions/Pendulum-v1/episodes/episode_0.npz,gpt-5.6-luna,False,06_new_models_n10,True,experiments/06_new_models_n10/results/batches/b36e550af1174766af12f84678e075ce/records.jsonl#fbdd888ed4f7daa07bac70940975c6c7eb10b9410e7118fea975dd7d83a4b014,805,experiments/06_new_models_n10/results/merged/c189af3036db4adfb9e4da5bb632ea48/records.jsonl,experiments/06_new_models_n10/results/merged/c189af3036db4adfb9e4da5bb632ea48/runs/source_002/luna__Pendulum-v1__next-action__H5/episode_000/predictions.jsonl,a0ffdfc5ca615091865b0fcf98f623dd36c89b58340bb108e0fd16454d08cdc2,True,1271,1164,2435,20.89339454099536,20.888968667015433,[1.6174393892288208],,,False,not_applicable,[2.0],True,,[9],True,,,False,not_applicable,,False,not_applicable,,False,not_applicable,,,,,,[9],,,,,,False,,True,9.0,9.0,True,1.6174393892288208,2.0
luna,Pendulum-v1,next-action,5,"The pendulum is very close to upright: \(x \approx 1\), \(y \approx 0\). Its angular velocity is still negative (\(-0.4768\)), so the agent will likely continue applying a positive counterclockwise torque to brake the motion and stabilize the pendulum. Since the previous action was strongly positive (\(1.6174\)), the next action will likely remain positive but be somewhat reduced.",2,5,887,edcdb07a9c8f2dc6e6f35dd01d88c2a4553ef3b3848c3fa16ca5223151dc9f93,luna__Pendulum-v1__next-action__H5,10,data/llmx_data/offline_data/physics_data/raw_transitions/Pendulum-v1/episodes/episode_0.npz,gpt-5.6-luna,False,06_new_models_n10,True,experiments/06_new_models_n10/results/batches/b36e550af1174766af12f84678e075ce/records.jsonl#edcdb07a9c8f2dc6e6f35dd01d88c2a4553ef3b3848c3fa16ca5223151dc9f93,806,experiments/06_new_models_n10/results/merged/c189af3036db4adfb9e4da5bb632ea48/records.jsonl,experiments/06_new_models_n10/results/merged/c189af3036db4adfb9e4da5bb632ea48/runs/source_002/luna__Pendulum-v1__next-action__H5/episode_000/predictions.jsonl,0ec7a40d8894172c6927058e3a4d79d446a2e6fd479702600a3bc18ac7aa75d7,True,1275,706,1981,8.775093125062995,8.772280875011347,[1.809918761253357],,,False,not_applicable,[1.3],True,,[8],True,,,False,not_applicable,,False,not_applicable,,False,not_applicable,,,,,,[9],,,,,,False,,True,9.0,8.0,True,1.809918761253357,1.3
luna,Pendulum-v1,next-action,5,"The pendulum is very close to upright: \(x \approx 1\) and \(y=0.0059\). Its angular velocity is still negative (\(-0.1936\)), so the agent should continue applying a positive torque to brake the remaining clockwise motion. Since the velocity magnitude is smaller than in steps 9–10, the torque will likely be somewhat reduced, around \(+1.3\).",2,6,888,29ac0e14a711a26d66379026930285715038bf3c8682b5b667f0de7cb68a79e5,luna__Pendulum-v1__next-action__H5,11,data/llmx_data/offline_data/physics_data/raw_transitions/Pendulum-v1/episodes/episode_0.npz,gpt-5.6-luna,False,06_new_models_n10,True,experiments/06_new_models_n10/results/batches/b36e550af1174766af12f84678e075ce/records.jsonl#29ac0e14a711a26d66379026930285715038bf3c8682b5b667f0de7cb68a79e5,807,experiments/06_new_models_n10/results/merged/c189af3036db4adfb9e4da5bb632ea48/records.jsonl,experiments/06_new_models_n10/results/merged/c189af3036db4adfb9e4da5bb632ea48/runs/source_002/luna__Pendulum-v1__next-action__H5/episode_000/predictions.jsonl,7f797dd2cbf4be698a0d4e9af05b66123d9c8f6ae6cb2ce12d118798526a1a05,True,1273,1208,2481,18.37282316701021,18.368010667036287,[-0.3191149830818176],,,False,not_applicable,[1.3],True,,[8],True,,,False,not_applicable,,False,not_applicable,,False,not_applicable,,,,,,[4],,,,,,False,,True,4.0,8.0,True,-0.3191149830818176,1.3
luna,Pendulum-v1,next-action,5,"The pendulum is extremely close to upright, but its angular velocity is negative (`-0.237`). The agent will most likely apply a small positive torque to counteract this motion and damp the oscillation, rather than using a large corrective action.",4,7,889,e48c36a835527ae45f248380c91c440352c817b32489db7473eaf5c7ea0b7bbe,luna__Pendulum-v1__next-action__H5,12,data/llmx_data/offline_data/physics_data/raw_transitions/Pendulum-v1/episodes/episode_0.npz,gpt-5.6-luna,False,06_new_models_n10,True,experiments/06_new_models_n10/results/batches/b36e550af1174766af12f84678e075ce/records.jsonl#e48c36a835527ae45f248380c91c440352c817b32489db7473eaf5c7ea0b7bbe,808,experiments/06_new_models_n10/results/merged/c189af3036db4adfb9e4da5bb632ea48/records.jsonl,experiments/06_new_models_n10/results/merged/c189af3036db4adfb9e4da5bb632ea48/runs/source_002/luna__Pendulum-v1__next-action__H5/episode_000/predictions.jsonl,ba37b4eeb753bde372243b99e9b774ce91697f73e2d7afeb92518513b826bd64,True,1271,1073,2344,15.51110233401414,15.505658084060997,[1.4111299514770508],,,False,not_applicable,[0.35],True,,[5],True,,,False,not_applicable,,False,not_applicable,,False,not_applicable,,,,,,[8],,,,,,False,,True,8.0,5.0,True,1.4111299514770508,0.35
luna,Pendulum-v1,next-action,5,"The pendulum is extremely close to upright, with only a small negative angle and a slight negative angular velocity. The preceding positive torque reduced the negative velocity substantially, so the agent will likely continue applying a small positive torque to stabilize the pendulum without causing overshoot.",3,8,890,6898e466dcc5967b9a20b7120ec33b7bca842687a7bf8dac8d5dd696944fc8bb,luna__Pendulum-v1__next-action__H5,13,data/llmx_data/offline_data/physics_data/raw_transitions/Pendulum-v1/episodes/episode_0.npz,gpt-5.6-luna,False,06_new_models_n10,True,experiments/06_new_models_n10/results/batches/b36e550af1174766af12f84678e075ce/records.jsonl#6898e466dcc5967b9a20b7120ec33b7bca842687a7bf8dac8d5dd696944fc8bb,809,experiments/06_new_models_n10/results/merged/c189af3036db4adfb9e4da5bb632ea48/records.jsonl,experiments/06_new_models_n10/results/merged/c189af3036db4adfb9e4da5bb632ea48/runs/source_002/luna__Pendulum-v1__next-action__H5/episode_000/predictions.jsonl,f189aa100edd86553045659ccbd131ea50fbfadc601b7abfc52da34ba8b061ef,True,1268,1185,2453,17.45499370805919,17.450627790996805,[-1.4400720596313477],,,False,not_applicable,[0.25],True,,[5],True,,,False,not_applicable,,False,not_applicable,,False,not_applicable,,,,,,[1],,,,,,False,,True,1.0,5.0,True,-1.4400720596313477,0.25
luna,Pendulum-v1,next-action,5,"At \(s_{14}\), the pendulum is very close to upright, but its angular velocity is negative (\(-0.2514\)) and its angle is slightly negative. The agent has recently used positive torque to counteract negative angular velocity, so it will most likely apply a moderately strong positive torque to stabilize the pendulum.",3,9,891,eac208cdf03bcd7c71559a1e49a5ca592fe6f4af17e089a136ea49a27c767908,luna__Pendulum-v1__next-action__H5,14,data/llmx_data/offline_data/physics_data/raw_transitions/Pendulum-v1/episodes/episode_0.npz,gpt-5.6-luna,False,06_new_models_n10,True,experiments/06_new_models_n10/results/batches/b36e550af1174766af12f84678e075ce/records.jsonl#eac208cdf03bcd7c71559a1e49a5ca592fe6f4af17e089a136ea49a27c767908,810,experiments/06_new_models_n10/results/merged/c189af3036db4adfb9e4da5bb632ea48/records.jsonl,experiments/06_new_models_n10/results/merged/c189af3036db4adfb9e4da5bb632ea48/runs/source_002/luna__Pendulum-v1__next-action__H5/episode_000/predictions.jsonl,69373ef23ab17e225ad3d0b7e1f3dd0d7cfc67fa66bf9489650a63becf1be34f,True,1270,684,1954,9.648438250063919,9.644242374924943,[1.7092909812927246],,,False,not_applicable,[1.62],True,,[9],True,,,False,not_applicable,,False,not_applicable,,False,not_applicable,,,,,,[9],,,,,,False,,True,9.0,9.0,True,1.7092909812927246,1.62
luna,Pendulum-v1,next-action,10,"At \(s_{10}\), the pendulum is very close to upright (\(\theta \approx 0.0156\)), but its angular velocity is still negative (\(-0.4768\)). The previous action switched to a positive torque to counteract this negative motion. The agent will therefore most likely continue applying a positive torque, somewhat smaller than the previous \(1.6174\) as the angular velocity is being reduced.",2,0,892,cad5f8495442eeb35ab6e76eef442a347845bb5d0fd760af97859550772929a7,luna__Pendulum-v1__next-action__H10,10,data/llmx_data/offline_data/physics_data/raw_transitions/Pendulum-v1/episodes/episode_0.npz,gpt-5.6-luna,False,06_new_models_n10,True,experiments/06_new_models_n10/results/batches/a44a962437a94614a4b870b4e9366437/records.jsonl#cad5f8495442eeb35ab6e76eef442a347845bb5d0fd760af97859550772929a7,811,experiments/06_new_models_n10/results/merged/c189af3036db4adfb9e4da5bb632ea48/records.jsonl,experiments/06_new_models_n10/results/merged/c189af3036db4adfb9e4da5bb632ea48/runs/source_001/luna__Pendulum-v1__next-action__H10/query_000/predictions.jsonl,61c8d035306805d48d50671de3b280c79e9aa971f55bad49ee993f71def36abf,True,1486,714,2200,8.773115291027352,8.768974625039846,[1.809918761253357],,,False,not_applicable,[1.2],True,,[8],True,,,False,not_applicable,,False,not_applicable,,False,not_applicable,,,,,,[9],,,,,,False,,True,9.0,8.0,True,1.809918761253357,1.2
luna,Pendulum-v1,next-action,10,"The pendulum is almost upright at \(s_{11}\), but its angular velocity is still negative (\(-0.1936\)). The agent has recently switched to positive torque to counteract this downward angular motion. Since the velocity magnitude is now smaller than in Step 10, a moderate positive torque is likely rather than the larger \(1.81\) torque previously applied.",2,1,893,27f0b6299f6b3d593c1aa5d2a510249e4a1f6bc58c35c92076d7a6a526073cac,luna__Pendulum-v1__next-action__H10,11,data/llmx_data/offline_data/physics_data/raw_transitions/Pendulum-v1/episodes/episode_0.npz,gpt-5.6-luna,False,06_new_models_n10,True,experiments/06_new_models_n10/results/batches/a44a962437a94614a4b870b4e9366437/records.jsonl#27f0b6299f6b3d593c1aa5d2a510249e4a1f6bc58c35c92076d7a6a526073cac,812,experiments/06_new_models_n10/results/merged/c189af3036db4adfb9e4da5bb632ea48/records.jsonl,experiments/06_new_models_n10/results/merged/c189af3036db4adfb9e4da5bb632ea48/runs/source_001/luna__Pendulum-v1__next-action__H10/query_001/predictions.jsonl,e622b1136a8cd616bd1e4a6f15c1bccce7d56150a66255ff1b4b4b2a9d3f38e1,True,1488,810,2298,10.82982325006742,10.8262928329641,[-0.3191149830818176],,,False,not_applicable,[0.95],True,,[7],True,,,False,not_applicable,,False,not_applicable,,False,not_applicable,,,,,,[4],,,,,,False,,True,4.0,7.0,True,-0.3191149830818176,0.95
luna,Pendulum-v1,next-action,10,"The pendulum is very close to upright, but its angle and angular velocity are both slightly negative. To counteract this motion and push the pendulum back toward the upright position, the agent will likely apply a small positive torque. Since the velocity magnitude is modest, a torque substantially below the maximum is expected.",4,2,894,7f67fa101e7fef8dd14b63d4e519bab46e75d0a14066b9552f28d925bff1f5bd,luna__Pendulum-v1__next-action__H10,12,data/llmx_data/offline_data/physics_data/raw_transitions/Pendulum-v1/episodes/episode_0.npz,gpt-5.6-luna,False,06_new_models_n10,True,experiments/06_new_models_n10/results/batches/a44a962437a94614a4b870b4e9366437/records.jsonl#7f67fa101e7fef8dd14b63d4e519bab46e75d0a14066b9552f28d925bff1f5bd,813,experiments/06_new_models_n10/results/merged/c189af3036db4adfb9e4da5bb632ea48/records.jsonl,experiments/06_new_models_n10/results/merged/c189af3036db4adfb9e4da5bb632ea48/runs/source_001/luna__Pendulum-v1__next-action__H10/query_002/predictions.jsonl,ef72f4bb652520d45358935d7f49938b83eea6406939df3c168603fad4283381,True,1490,1697,3187,20.569119209074415,20.56447391700931,[1.4111299514770508],,,False,not_applicable,[0.4],True,,[6],True,,,False,not_applicable,,False,not_applicable,,False,not_applicable,,,,,,[8],,,,,,False,,True,8.0,6.0,True,1.4111299514770508,0.4
luna,Pendulum-v1,next-action,10,"The pendulum is very close to upright: \(x\approx1\), the angle is slightly negative, and angular velocity is also slightly negative. A small positive torque should counteract this motion and stabilize the pendulum without applying the large torques seen earlier.",4,3,895,b6e7e4921946438ea850cbc5c1cc42e85e3165d4df1e87012eddf682e30bdc25,luna__Pendulum-v1__next-action__H10,13,data/llmx_data/offline_data/physics_data/raw_transitions/Pendulum-v1/episodes/episode_0.npz,gpt-5.6-luna,False,06_new_models_n10,True,experiments/06_new_models_n10/results/batches/a44a962437a94614a4b870b4e9366437/records.jsonl#b6e7e4921946438ea850cbc5c1cc42e85e3165d4df1e87012eddf682e30bdc25,814,experiments/06_new_models_n10/results/merged/c189af3036db4adfb9e4da5bb632ea48/records.jsonl,experiments/06_new_models_n10/results/merged/c189af3036db4adfb9e4da5bb632ea48/runs/source_001/luna__Pendulum-v1__next-action__H10/query_003/predictions.jsonl,86ca0d46689effa049e07bf91da5fe425547ba9a84155e676718aed07ec69257,True,1490,905,2395,11.235161707969382,11.230507833999582,[-1.4400720596313477],,,False,not_applicable,[0.18],True,,[5],True,,,False,not_applicable,,False,not_applicable,,False,not_applicable,,,,,,[1],,,,,,False,,True,1.0,5.0,True,-1.4400720596313477,0.18
luna,Pendulum-v1,next-action,10,"The pendulum is very close to upright, but its angular velocity is negative (`-0.2514`), meaning it is moving away from the desired zero-velocity state. The agent has recently used a positive torque to reduce negative angular velocity (Step 12), followed by a negative corrective torque (Step 13). At state `s14`, the agent will most likely apply another positive torque to counteract the negative angular velocity, likely with a moderately large magnitude.",2,4,896,80044f121959323bbd38a97b3324bedc7f7d574c552f39d6ae7757057eb875b3,luna__Pendulum-v1__next-action__H10,14,data/llmx_data/offline_data/physics_data/raw_transitions/Pendulum-v1/episodes/episode_0.npz,gpt-5.6-luna,False,06_new_models_n10,True,experiments/06_new_models_n10/results/batches/a44a962437a94614a4b870b4e9366437/records.jsonl#80044f121959323bbd38a97b3324bedc7f7d574c552f39d6ae7757057eb875b3,815,experiments/06_new_models_n10/results/merged/c189af3036db4adfb9e4da5bb632ea48/records.jsonl,experiments/06_new_models_n10/results/merged/c189af3036db4adfb9e4da5bb632ea48/runs/source_001/luna__Pendulum-v1__next-action__H10/query_004/predictions.jsonl,b234ef643d3b5719b48c034ca5cdcf86fbbe9380fcef1b912f866bef69d07127,True,1491,696,2187,9.690945208072662,9.686361291911453,[1.7092909812927246],,,False,not_applicable,[1.45],True,,[8],True,,,False,not_applicable,,False,not_applicable,,False,not_applicable,,,,,,[9],,,,,,False,,True,9.0,8.0,True,1.7092909812927246,1.45
luna,Pendulum-v1,next-action,10,"The pendulum is very close to upright: \(x\approx 1\), \(y\approx -0.0205\), and its angular velocity is nearly zero. The agent has recently used alternating strong torques to damp the small oscillation: positive torque at step 14 reduced the negative angular velocity from \(-0.2514\) to approximately \(-0.01\). Based on the alternating behavior around the upright position, the next action is most likely a moderate negative torque.",2,5,897,bd210d117d7fab62f22d482f4a8229686334414790bb0cc96daae523a53d0230,luna__Pendulum-v1__next-action__H10,15,data/llmx_data/offline_data/physics_data/raw_transitions/Pendulum-v1/episodes/episode_0.npz,gpt-5.6-luna,False,06_new_models_n10,True,experiments/06_new_models_n10/results/batches/a44a962437a94614a4b870b4e9366437/records.jsonl#bd210d117d7fab62f22d482f4a8229686334414790bb0cc96daae523a53d0230,816,experiments/06_new_models_n10/results/merged/c189af3036db4adfb9e4da5bb632ea48/records.jsonl,experiments/06_new_models_n10/results/merged/c189af3036db4adfb9e4da5bb632ea48/runs/source_001/luna__Pendulum-v1__next-action__H10/query_005/predictions.jsonl,40ac5d5f1bfdb00d5565ecacdbefa53b075c11f0a8e2d1dbdda206a6ea391e58,True,1495,703,2198,9.90458312490955,9.901430875062943,[-0.9497600793838501],,,False,not_applicable,[-1.4],True,,[1],True,,,False,not_applicable,,False,not_applicable,,False,not_applicable,,,,,,[2],,,,,,False,,True,2.0,1.0,True,-0.9497600793838501,-1.4
luna,Pendulum-v1,next-action,10,"At \(s_{16}\), the pendulum is slightly below upright (\(\sin\theta<0\)) and has negative angular velocity. The agent has generally responded to this motion with a positive counter-torque, as seen at Steps 12 and 14. A moderately strong positive action is therefore most likely.",2,6,898,891e3d411362bc8942f331388c8b6010ef615d9d38367077c818930758270554,luna__Pendulum-v1__next-action__H10,16,data/llmx_data/offline_data/physics_data/raw_transitions/Pendulum-v1/episodes/episode_0.npz,gpt-5.6-luna,False,06_new_models_n10,True,experiments/06_new_models_n10/results/batches/a44a962437a94614a4b870b4e9366437/records.jsonl#891e3d411362bc8942f331388c8b6010ef615d9d38367077c818930758270554,817,experiments/06_new_models_n10/results/merged/c189af3036db4adfb9e4da5bb632ea48/records.jsonl,experiments/06_new_models_n10/results/merged/c189af3036db4adfb9e4da5bb632ea48/runs/source_001/luna__Pendulum-v1__next-action__H10/query_006/predictions.jsonl,96122a9fd421af1b3d6d4c65b8b4de545f70b14ee09285df40f8a503fed32210,True,1493,657,2150,9.6130297499476,9.60882408299949,[0.5440352559089661],,,False,not_applicable,[1.45],True,,[8],True,,,False,not_applicable,,False,not_applicable,,False,not_applicable,,,,,,[6],,,,,,False,,True,6.0,8.0,True,0.5440352559089661,1.45
luna,Pendulum-v1,next-action,10,"At \(s_{17}\), the pendulum is very close to upright, but both its angle and angular velocity are slightly negative. The recent positive torque at step 16 reduced the negative angular velocity, so the agent will likely continue applying a small positive torque to counteract the remaining motion while avoiding excessive control effort.",2,7,899,48454174668653dadbb074971af2ce8a341819624abced3c07588b5f65493531,luna__Pendulum-v1__next-action__H10,17,data/llmx_data/offline_data/physics_data/raw_transitions/Pendulum-v1/episodes/episode_0.npz,gpt-5.6-luna,False,06_new_models_n10,True,experiments/06_new_models_n10/results/batches/a44a962437a94614a4b870b4e9366437/records.jsonl#48454174668653dadbb074971af2ce8a341819624abced3c07588b5f65493531,818,experiments/06_new_models_n10/results/merged/c189af3036db4adfb9e4da5bb632ea48/records.jsonl,experiments/06_new_models_n10/results/merged/c189af3036db4adfb9e4da5bb632ea48/runs/source_001/luna__Pendulum-v1__next-action__H10/query_007/predictions.jsonl,ca3b0ee41cac7a40cfcdb2f835b8b1be75303d09d8513e7713c199379b1de4b1,True,1490,1153,2643,13.559456374961883,13.555399500066414,[0.02499106526374817],,,False,not_applicable,[0.46],True,,[6],True,,,False,not_applicable,,False,not_applicable,,False,not_applicable,,,,,,[5],,,,,,False,,True,5.0,6.0,True,0.02499106526374817,0.46
luna,Pendulum-v1,next-action,10,"The pendulum is slightly left of upright (`sin(theta) < 0`) and has negative angular velocity, so the agent will likely apply a positive counterclockwise torque to reduce the negative motion and move back toward upright. The recent actions near equilibrium alternate in sign with small magnitudes, suggesting a modest positive action rather than saturation.",3,8,900,f30a313d7bb3b8c60d1b101db4ad66fe3e7e54089e4a2fe89034557858f3bbf3,luna__Pendulum-v1__next-action__H10,18,data/llmx_data/offline_data/physics_data/raw_transitions/Pendulum-v1/episodes/episode_0.npz,gpt-5.6-luna,False,06_new_models_n10,True,experiments/06_new_models_n10/results/batches/a44a962437a94614a4b870b4e9366437/records.jsonl#f30a313d7bb3b8c60d1b101db4ad66fe3e7e54089e4a2fe89034557858f3bbf3,819,experiments/06_new_models_n10/results/merged/c189af3036db4adfb9e4da5bb632ea48/records.jsonl,experiments/06_new_models_n10/results/merged/c189af3036db4adfb9e4da5bb632ea48/runs/source_001/luna__Pendulum-v1__next-action__H10/query_008/predictions.jsonl,70f7fd71d3cec99c38060391c4402c9e68ee0ff0c14242c72143f71717317591,True,1488,661,2149,8.719961791997775,8.715616666944697,[0.7087789177894592],,,False,not_applicable,[0.3],True,,[5],True,,,False,not_applicable,,False,not_applicable,,False,not_applicable,,,,,,[6],,,,,,False,,True,6.0,5.0,True,0.7087789177894592,0.3
luna,Pendulum-v1,next-action,10,"The pendulum is very close to upright, but both its angle and angular velocity are slightly negative. The recent positive torque at step 18 reduced the negative angular velocity, so the agent will likely continue applying a moderate positive torque to stabilize the pendulum without using a large corrective action.",2,9,901,8b70d91fa01c231571cdd6fc688d0975f31c595a7f14453b0156945cd2a81594,luna__Pendulum-v1__next-action__H10,19,data/llmx_data/offline_data/physics_data/raw_transitions/Pendulum-v1/episodes/episode_0.npz,gpt-5.6-luna,False,06_new_models_n10,True,experiments/06_new_models_n10/results/batches/a44a962437a94614a4b870b4e9366437/records.jsonl#8b70d91fa01c231571cdd6fc688d0975f31c595a7f14453b0156945cd2a81594,820,experiments/06_new_models_n10/results/merged/c189af3036db4adfb9e4da5bb632ea48/records.jsonl,experiments/06_new_models_n10/results/merged/c189af3036db4adfb9e4da5bb632ea48/runs/source_001/luna__Pendulum-v1__next-action__H10/query_009/predictions.jsonl,74ca7a48f698c791ac94f0651e50bb6da3fb83ccb5e460753989608576023154,True,1489,1559,3048,18.924296334036626,18.919984917039983,[0.5939425230026245],,,False,not_applicable,[0.5],True,,[6],True,,,False,not_applicable,,False,not_applicable,,False,not_applicable,,,,,,[6],,,,,,False,,True,6.0,6.0,True,0.5939425230026245,0.5
luna,Pendulum-v1,next-action,20,"The pendulum is very close to upright, with a small negative angle and nearly zero angular velocity. The recent positive torques have reduced the negative angular velocity, so the agent will likely apply a small positive torque to counteract the remaining negative displacement without causing a large oscillation.",3,0,902,4552a91faa72303d60acd593c0208f95904cc77837fcad4affd0df89eba41462,luna__Pendulum-v1__next-action__H20,20,data/llmx_data/offline_data/physics_data/raw_transitions/Pendulum-v1/episodes/episode_0.npz,gpt-5.6-luna,True,05_new_models_single,False,experiments/05_new_models_single/results/records.jsonl#4552a91faa72303d60acd593c0208f95904cc77837fcad4affd0df89eba41462,821,experiments/06_new_models_n10/results/merged/c189af3036db4adfb9e4da5bb632ea48/records.jsonl,experiments/06_new_models_n10/results/merged/c189af3036db4adfb9e4da5bb632ea48/runs/source_000/luna__Pendulum-v1__next-action__H20/episode_000/predictions.jsonl,5502d2a69891139e784b7b5e707df38bb0cdf868084007eee2fd712e3df1bdf6,True,1925,659,2584,9.481071208021604,9.477524708025157,[0.08882922679185867],,,False,not_applicable,[0.4],True,,[6],True,,,False,not_applicable,,False,not_applicable,,False,not_applicable,,,,,,[5],,,,,,False,,True,5.0,6.0,True,0.08882922679185867,0.4
luna,Pendulum-v1,next-action,20,"The pendulum is very close to upright, but its angle and angular velocity are both slightly negative. The agent has recently used small positive torques to counter this motion, so a modest positive action is most likely rather than a large corrective torque.",3,1,903,99023e6e517f3a7f52d1087d2e2d23cb9005cfb0f9c1bc62df96ec98ee85e1a9,luna__Pendulum-v1__next-action__H20,21,data/llmx_data/offline_data/physics_data/raw_transitions/Pendulum-v1/episodes/episode_0.npz,gpt-5.6-luna,True,05_new_models_single,False,experiments/05_new_models_single/results/records.jsonl#99023e6e517f3a7f52d1087d2e2d23cb9005cfb0f9c1bc62df96ec98ee85e1a9,822,experiments/06_new_models_n10/results/merged/c189af3036db4adfb9e4da5bb632ea48/records.jsonl,experiments/06_new_models_n10/results/merged/c189af3036db4adfb9e4da5bb632ea48/runs/source_000/luna__Pendulum-v1__next-action__H20/episode_000/predictions.jsonl,d2c5563b526d74bde9db20ceedad44a69e87c556ffd694562504de1519195379,True,1926,587,2513,7.662258750060573,7.658478540950455,[0.6434862613677979],,,False,not_applicable,[0.25],True,,[5],True,,,False,not_applicable,,False,not_applicable,,False,not_applicable,,,,,,[6],,,,,,False,,True,6.0,5.0,True,0.6434862613677979,0.25
luna,Pendulum-v1,next-action,20,"The pendulum is very close to upright, but its angular velocity has become slightly positive. The recent actions have been small corrective torques around the equilibrium. To counter the positive angular motion and keep the pendulum centered, the agent will most likely apply a modest negative torque.",3,2,904,44078d329f7721cd5587cb54a149c5ddb5a7b62408d42235b375c0d99ac4a87d,luna__Pendulum-v1__next-action__H20,22,data/llmx_data/offline_data/physics_data/raw_transitions/Pendulum-v1/episodes/episode_0.npz,gpt-5.6-luna,True,05_new_models_single,False,experiments/05_new_models_single/results/records.jsonl#44078d329f7721cd5587cb54a149c5ddb5a7b62408d42235b375c0d99ac4a87d,823,experiments/06_new_models_n10/results/merged/c189af3036db4adfb9e4da5bb632ea48/records.jsonl,experiments/06_new_models_n10/results/merged/c189af3036db4adfb9e4da5bb632ea48/runs/source_000/luna__Pendulum-v1__next-action__H20/episode_000/predictions.jsonl,ee2a54f68b218f0e2ba5932c5a50e2963243f600acbe587e31751310a6f0cb83,True,1929,1176,3105,16.10433791705873,16.10067016701214,[-1.0871518850326538],,,False,not_applicable,[-0.45],True,,[3],True,,,False,not_applicable,,False,not_applicable,,False,not_applicable,,,,,,[2],,,,,,False,,True,2.0,3.0,True,-1.0871518850326538,-0.45
luna,Pendulum-v1,next-action,20,"At \(s_{23}\), the pendulum is slightly displaced from upright with negative angular velocity: \(\theta \approx -0.049\) and \(\dot{\theta}=-0.1478\). The agent has generally responded to similar negative-angle, negative-velocity states with a positive corrective torque. A moderate positive action is therefore most likely.",3,3,905,b73dd7348c66229d839d3a3f356d0b95a306bebc36e8ed5d80eb3893c3d5a285,luna__Pendulum-v1__next-action__H20,23,data/llmx_data/offline_data/physics_data/raw_transitions/Pendulum-v1/episodes/episode_0.npz,gpt-5.6-luna,True,05_new_models_single,False,experiments/05_new_models_single/results/records.jsonl#b73dd7348c66229d839d3a3f356d0b95a306bebc36e8ed5d80eb3893c3d5a285,824,experiments/06_new_models_n10/results/merged/c189af3036db4adfb9e4da5bb632ea48/records.jsonl,experiments/06_new_models_n10/results/merged/c189af3036db4adfb9e4da5bb632ea48/runs/source_000/luna__Pendulum-v1__next-action__H20/episode_000/predictions.jsonl,2d9b792be944471a8b57bb8c3db324fd5df36e17a69262dc27a8d131dfbd7da8,True,1932,702,2634,9.19198529201094,9.187662833021022,[1.421302080154419],,,False,not_applicable,[0.85],True,,[7],True,,,False,not_applicable,,False,not_applicable,,False,not_applicable,,,,,,[8],,,,,,False,,True,8.0,7.0,True,1.421302080154419,0.85
luna,Pendulum-v1,next-action,20,"The pendulum is close to upright, but its angular velocity has just changed to a small positive value after the strong positive action at step 23. The agent will likely apply a moderate negative torque to damp this motion and keep the pendulum near equilibrium.",2,4,906,a978510251a96f5567f726aeb5d3e2f4197625754898790fddf14501a9744bcf,luna__Pendulum-v1__next-action__H20,24,data/llmx_data/offline_data/physics_data/raw_transitions/Pendulum-v1/episodes/episode_0.npz,gpt-5.6-luna,True,05_new_models_single,False,experiments/05_new_models_single/results/records.jsonl#a978510251a96f5567f726aeb5d3e2f4197625754898790fddf14501a9744bcf,825,experiments/06_new_models_n10/results/merged/c189af3036db4adfb9e4da5bb632ea48/records.jsonl,experiments/06_new_models_n10/results/merged/c189af3036db4adfb9e4da5bb632ea48/runs/source_000/luna__Pendulum-v1__next-action__H20/episode_000/predictions.jsonl,f14c832b2f3848f0a78855dc98e9c4f5aed32b292d38d9a552456fb3acf0d0dc,True,1933,1172,3105,14.77768820791971,14.77320170798339,[0.33447736501693726],,,False,not_applicable,[-0.7],True,,[3],True,,,False,not_applicable,,False,not_applicable,,False,not_applicable,,,,,,[5],,,,,,False,,True,5.0,3.0,True,0.33447736501693726,-0.7
luna,Pendulum-v1,next-action,20,"The pendulum is very close to upright, but at \(s_{25}\) it has a small negative angle and positive angular velocity. The recent policy alternates torque to damp this small oscillation. Since the angular velocity is now positive, the agent will most likely apply a moderate negative torque, similar to the corrective action at Step 22.",2,5,907,3a97b20bde0d69f30bbee571b4d0b429d63bc87de81e5c11dc94a5a0f602164c,luna__Pendulum-v1__next-action__H20,25,data/llmx_data/offline_data/physics_data/raw_transitions/Pendulum-v1/episodes/episode_0.npz,gpt-5.6-luna,True,05_new_models_single,False,experiments/05_new_models_single/results/records.jsonl#3a97b20bde0d69f30bbee571b4d0b429d63bc87de81e5c11dc94a5a0f602164c,826,experiments/06_new_models_n10/results/merged/c189af3036db4adfb9e4da5bb632ea48/records.jsonl,experiments/06_new_models_n10/results/merged/c189af3036db4adfb9e4da5bb632ea48/runs/source_000/luna__Pendulum-v1__next-action__H20/episode_000/predictions.jsonl,fe02d679eaa45347fe0ca65976da7b79c503d9a57c1aa97c74c166a4db659c49,True,1936,668,2604,8.922485499992035,8.91816966701299,[-0.48779454827308655],,,False,not_applicable,[-1.05],True,,[2],True,,,False,not_applicable,,False,not_applicable,,False,not_applicable,,,,,,[3],,,,,,False,,True,3.0,2.0,True,-0.48779454827308655,-1.05
luna,Pendulum-v1,next-action,20,"The pendulum is very close to upright, but its angular velocity is slightly negative and its angle is also slightly negative. The agent has generally applied a small positive corrective torque when the pendulum begins moving negatively, while avoiding sustained large actions near equilibrium. Thus, a moderate positive action is most likely.",3,6,908,2555ec94bd4a7247f417ea1b9c471d8546a59baf7d44eb5b7fab8e1e13b4941f,luna__Pendulum-v1__next-action__H20,26,data/llmx_data/offline_data/physics_data/raw_transitions/Pendulum-v1/episodes/episode_0.npz,gpt-5.6-luna,True,05_new_models_single,False,experiments/05_new_models_single/results/records.jsonl#2555ec94bd4a7247f417ea1b9c471d8546a59baf7d44eb5b7fab8e1e13b4941f,827,experiments/06_new_models_n10/results/merged/c189af3036db4adfb9e4da5bb632ea48/records.jsonl,experiments/06_new_models_n10/results/merged/c189af3036db4adfb9e4da5bb632ea48/runs/source_000/luna__Pendulum-v1__next-action__H20/episode_000/predictions.jsonl,d65e485edc84de0bfc5bc70dfd932615a7bb72fe067a7006f67443638996ef78,True,1935,577,2512,8.062533500022255,8.058643999975175,[0.6751355528831482],,,False,not_applicable,[0.72],True,,[6],True,,,False,not_applicable,,False,not_applicable,,False,not_applicable,,,,,,[6],,,,,,False,,True,6.0,6.0,True,0.6751355528831482,0.72
luna,Pendulum-v1,next-action,20,"The pendulum is close to upright but slightly displaced with \(y<0\), corresponding to a small negative angle. Its angular velocity is essentially zero. The agent has generally applied a small positive torque in this region to correct the negative displacement, with nearby actions often falling around \(0.3\)–\(0.7\). A likely prediction is therefore a moderate positive action.",3,7,909,75db5e2bf2b250047fb6e6dc0794e5ca68c6ba174d5b40d1066efe2523c9f0f4,luna__Pendulum-v1__next-action__H20,27,data/llmx_data/offline_data/physics_data/raw_transitions/Pendulum-v1/episodes/episode_0.npz,gpt-5.6-luna,True,05_new_models_single,False,experiments/05_new_models_single/results/records.jsonl#75db5e2bf2b250047fb6e6dc0794e5ca68c6ba174d5b40d1066efe2523c9f0f4,828,experiments/06_new_models_n10/results/merged/c189af3036db4adfb9e4da5bb632ea48/records.jsonl,experiments/06_new_models_n10/results/merged/c189af3036db4adfb9e4da5bb632ea48/runs/source_000/luna__Pendulum-v1__next-action__H20/episode_000/predictions.jsonl,1a857c8d51ac106c468f4e15b5ce935565a49600c11b2acebb719c56acd7b373,True,1943,1726,3669,24.5831045829691,24.579357040929608,[0.7845479249954224],,,False,not_applicable,[0.5],True,,[6],True,,,False,not_applicable,,False,not_applicable,,False,not_applicable,,,,,,[6],,,,,,False,,True,6.0,6.0,True,0.7845479249954224,0.5
luna,Pendulum-v1,next-action,20,"The pendulum remains close to upright, but at \(s_{28}\) its angular velocity is positive (\(0.0811\)) while the angle is slightly negative. The recent actions show alternating corrective torques near equilibrium. A negative torque is therefore most likely to brake the positive angular motion and maintain stability. A moderate value around \(-0.7\) is a reasonable prediction.",3,8,910,55f4688bb6cc506607afef9e7946d348de74d4c720e63f55b4db0053bafd28c7,luna__Pendulum-v1__next-action__H20,28,data/llmx_data/offline_data/physics_data/raw_transitions/Pendulum-v1/episodes/episode_0.npz,gpt-5.6-luna,True,05_new_models_single,False,experiments/05_new_models_single/results/records.jsonl#55f4688bb6cc506607afef9e7946d348de74d4c720e63f55b4db0053bafd28c7,829,experiments/06_new_models_n10/results/merged/c189af3036db4adfb9e4da5bb632ea48/records.jsonl,experiments/06_new_models_n10/results/merged/c189af3036db4adfb9e4da5bb632ea48/runs/source_000/luna__Pendulum-v1__next-action__H20/episode_000/predictions.jsonl,6561bee4d651b54535f60aa6f58a57ff14f927a87c240e6aef190bbc5bdcc776,True,1941,691,2632,10.25782329204958,10.253486957983114,[-1.375152826309204],,,False,not_applicable,[-0.7],True,,[3],True,,,False,not_applicable,,False,not_applicable,,False,not_applicable,,,,,,[1],,,,,,False,,True,1.0,3.0,True,-1.375152826309204,-0.7
luna,Pendulum-v1,next-action,20,"The pendulum is slightly left of upright (\(\sin\theta=-0.0528\)) and has negative angular velocity (\(-0.1588\)). The agent typically applies a positive torque to counteract this motion. A very similar state at Step 23 led to action \(+1.4213\), so an action around \(+1.4\) is most likely.",2,9,911,bc56ca858b45de16bd1576a7d2855d6613d9fc1fda86d2772bd7d22fd5d49b6a,luna__Pendulum-v1__next-action__H20,29,data/llmx_data/offline_data/physics_data/raw_transitions/Pendulum-v1/episodes/episode_0.npz,gpt-5.6-luna,True,05_new_models_single,False,experiments/05_new_models_single/results/records.jsonl#bc56ca858b45de16bd1576a7d2855d6613d9fc1fda86d2772bd7d22fd5d49b6a,830,experiments/06_new_models_n10/results/merged/c189af3036db4adfb9e4da5bb632ea48/records.jsonl,experiments/06_new_models_n10/results/merged/c189af3036db4adfb9e4da5bb632ea48/runs/source_000/luna__Pendulum-v1__next-action__H20/episode_000/predictions.jsonl,569a295a9a99faac7ac751dcf14da214e820b2617539e609043fe524a08b5b0e,True,1943,441,2384,6.017522624926642,6.012463791994378,[1.9077938795089722],,,False,not_applicable,[1.42],True,,[8],True,,,False,not_applicable,,False,not_applicable,,False,not_applicable,,,,,,[9],,,,,,False,,True,9.0,8.0,True,1.9077938795089722,1.42
luna,Pendulum-v1,next-action,30,"At \(s_{30}\), the pendulum is close to upright but has a small positive angular velocity (\(0.0878\)). The agent has recently used alternating strong torques to damp this oscillation: a positive action at step 29 changed the velocity from negative to positive. Therefore, it will most likely apply a negative corrective torque, similar to the \(-1.3752\) action taken at step 28 for a very similar state.",2,0,912,b1a8116fd4bff5be5c90e6078db3a9f82c342821b47ebd84bf8dd1a69d73acce,luna__Pendulum-v1__next-action__H30,30,data/llmx_data/offline_data/physics_data/raw_transitions/Pendulum-v1/episodes/episode_0.npz,gpt-5.6-luna,False,06_new_models_n10,True,experiments/06_new_models_n10/results/batches/a44a962437a94614a4b870b4e9366437/records.jsonl#b1a8116fd4bff5be5c90e6078db3a9f82c342821b47ebd84bf8dd1a69d73acce,831,experiments/06_new_models_n10/results/merged/c189af3036db4adfb9e4da5bb632ea48/records.jsonl,experiments/06_new_models_n10/results/merged/c189af3036db4adfb9e4da5bb632ea48/runs/source_001/luna__Pendulum-v1__next-action__H30/query_000/predictions.jsonl,949dc62ca1e5da0554f8a0fc992699553f4c48c6d0f7d8feb1e8d2610f9d0af1,True,2379,705,3084,8.981402374920435,8.977817166014574,[-0.8885178565979004],,,False,not_applicable,[-1.4],True,,[1],True,,,False,not_applicable,,False,not_applicable,,False,not_applicable,,,,,,[2],,,,,,False,,True,2.0,1.0,True,-0.8885178565979004,-1.4
luna,Pendulum-v1,next-action,30,"The pendulum is slightly displaced to the negative side and has negative angular velocity. In the recent sequence, negative angular velocity is generally followed by a positive corrective torque. Since the deviation is small, the agent will likely choose a moderate positive action, around \(0.8\).",3,1,913,115eeee174ead594f899acea9ab04d5157cd4dcba66c4eae09fb98fee5ed322b,luna__Pendulum-v1__next-action__H30,31,data/llmx_data/offline_data/physics_data/raw_transitions/Pendulum-v1/episodes/episode_0.npz,gpt-5.6-luna,False,06_new_models_n10,True,experiments/06_new_models_n10/results/batches/a44a962437a94614a4b870b4e9366437/records.jsonl#115eeee174ead594f899acea9ab04d5157cd4dcba66c4eae09fb98fee5ed322b,832,experiments/06_new_models_n10/results/merged/c189af3036db4adfb9e4da5bb632ea48/records.jsonl,experiments/06_new_models_n10/results/merged/c189af3036db4adfb9e4da5bb632ea48/runs/source_001/luna__Pendulum-v1__next-action__H30/query_001/predictions.jsonl,43c870a3eccd412c2a31656dc134349901a4e96a50f781a0bf59e52fc81db312,True,2382,1551,3933,19.635332333971746,19.631254334002733,[1.4703737497329712],,,False,not_applicable,[0.82],True,,[7],True,,,False,not_applicable,,False,not_applicable,,False,not_applicable,,,,,,[8],,,,,,False,,True,8.0,7.0,True,1.4703737497329712,0.82
luna,Pendulum-v1,next-action,30,"The pendulum remains close to upright, but at \(s_{32}\) its angular velocity is positive (\(0.0994\)). In the preceding steps, the agent generally applies a negative torque after positive angular velocity to brake and stabilize the pendulum:

   - \(s_{28}\): velocity \(0.0811\), action \(-1.3752\)
   - \(s_{30}\): velocity \(0.0878\), action \(-0.8885\)

   Since \(s_{32}\) has a similar angle and slightly larger positive velocity, a moderately strong negative action is most likely.",2,2,914,37cc113bb3b7dacb617f9811e30bd083d74f83c02038dfacc7b8ee05e4858cec,luna__Pendulum-v1__next-action__H30,32,data/llmx_data/offline_data/physics_data/raw_transitions/Pendulum-v1/episodes/episode_0.npz,gpt-5.6-luna,False,06_new_models_n10,True,experiments/06_new_models_n10/results/batches/a44a962437a94614a4b870b4e9366437/records.jsonl#37cc113bb3b7dacb617f9811e30bd083d74f83c02038dfacc7b8ee05e4858cec,833,experiments/06_new_models_n10/results/merged/c189af3036db4adfb9e4da5bb632ea48/records.jsonl,experiments/06_new_models_n10/results/merged/c189af3036db4adfb9e4da5bb632ea48/runs/source_001/luna__Pendulum-v1__next-action__H30/query_002/predictions.jsonl,0b5e19f9d8a5ce5b71e3856e57b8e086f62f39c5e3623eec9cc4ddf45fb65aa1,True,2385,735,3120,7.964136917027645,7.958540625055321,[-0.9442287683486938],,,False,not_applicable,[-1.1],True,,[2],True,,,False,not_applicable,,False,not_applicable,,False,not_applicable,,,,,,[2],,,,,,False,,True,2.0,2.0,True,-0.9442287683486938,-1.1
luna,Pendulum-v1,next-action,30,"At \(s_{33}\), the pendulum has a small negative angle and negative angular velocity. The agent has recently responded to similar states with a positive corrective torque—for example, at Step 31, a nearly identical state received action \(+1.4704\). Therefore, a positive action around \(1.4\)–\(1.5\) is most likely.",2,3,915,76275fcdaf299468dc2943fb834e84ab3f418520b5c9325cb4906683194c35bd,luna__Pendulum-v1__next-action__H30,33,data/llmx_data/offline_data/physics_data/raw_transitions/Pendulum-v1/episodes/episode_0.npz,gpt-5.6-luna,False,06_new_models_n10,True,experiments/06_new_models_n10/results/batches/a44a962437a94614a4b870b4e9366437/records.jsonl#76275fcdaf299468dc2943fb834e84ab3f418520b5c9325cb4906683194c35bd,834,experiments/06_new_models_n10/results/merged/c189af3036db4adfb9e4da5bb632ea48/records.jsonl,experiments/06_new_models_n10/results/merged/c189af3036db4adfb9e4da5bb632ea48/runs/source_001/luna__Pendulum-v1__next-action__H30/query_003/predictions.jsonl,866ad57fc0079c4829f664bf3a0bf61e372fc26cddcd3fc32793cfcc491869ad,True,2388,584,2972,7.297471625031903,7.292649415903725,[1.5583062171936035],,,False,not_applicable,[1.47],True,,[8],True,,,False,not_applicable,,False,not_applicable,,False,not_applicable,,,,,,[8],,,,,,False,,True,8.0,8.0,True,1.5583062171936035,1.47
luna,Pendulum-v1,next-action,30,"The pendulum is close to upright but has positive angular velocity at \(s_{34}\). In the preceding oscillatory pattern, the agent applies a negative torque after positive angular velocity to brake and stabilize the pendulum. Comparable states received actions around \(-0.9\) to \(-1.4\), so a moderate negative action is most likely.",3,4,916,d96993e420d41a8326215c87dc5b591ec48cf7cefc905c1c96e9887da588853d,luna__Pendulum-v1__next-action__H30,34,data/llmx_data/offline_data/physics_data/raw_transitions/Pendulum-v1/episodes/episode_0.npz,gpt-5.6-luna,False,06_new_models_n10,True,experiments/06_new_models_n10/results/batches/a44a962437a94614a4b870b4e9366437/records.jsonl#d96993e420d41a8326215c87dc5b591ec48cf7cefc905c1c96e9887da588853d,835,experiments/06_new_models_n10/results/merged/c189af3036db4adfb9e4da5bb632ea48/records.jsonl,experiments/06_new_models_n10/results/merged/c189af3036db4adfb9e4da5bb632ea48/runs/source_001/luna__Pendulum-v1__next-action__H30/query_004/predictions.jsonl,3358be3822dc8bb51b50e4c4a416347b759d5835621d6596c29fdb30c36da550,True,2388,513,2901,6.048217250034213,6.044148207991384,[0.1804589033126831],,,False,not_applicable,[-1.05],True,,[2],True,,,False,not_applicable,,False,not_applicable,,False,not_applicable,,,,,,[5],,,,,,False,,True,5.0,2.0,True,0.1804589033126831,-1.05
luna,Pendulum-v1,next-action,30,"The pendulum is close to upright, but its angular velocity is positive while the angle is slightly negative. In recent similar states with positive angular velocity, the agent generally applies a negative corrective torque, often around \(-0.9\). Therefore, a moderately negative action is most likely.",3,5,917,e3f6304a94621f390cce8594ca6e63376aef9a56787b75b0ae392efacccf4424,luna__Pendulum-v1__next-action__H30,35,data/llmx_data/offline_data/physics_data/raw_transitions/Pendulum-v1/episodes/episode_0.npz,gpt-5.6-luna,False,06_new_models_n10,True,experiments/06_new_models_n10/results/batches/a44a962437a94614a4b870b4e9366437/records.jsonl#e3f6304a94621f390cce8594ca6e63376aef9a56787b75b0ae392efacccf4424,836,experiments/06_new_models_n10/results/merged/c189af3036db4adfb9e4da5bb632ea48/records.jsonl,experiments/06_new_models_n10/results/merged/c189af3036db4adfb9e4da5bb632ea48/runs/source_001/luna__Pendulum-v1__next-action__H30/query_005/predictions.jsonl,2e9eb021b33a3a7556fda73f0d040d7d030173a46d0a1ee62799a0dd27e6a0dc,True,2392,1366,3758,14.722388082998805,14.718129458022304,[-1.4897518157958984],,,False,not_applicable,[-0.9],True,,[2],True,,,False,not_applicable,,False,not_applicable,,False,not_applicable,,,,,,[1],,,,,,False,,True,1.0,2.0,True,-1.4897518157958984,-0.9
luna,Pendulum-v1,next-action,30,"The pendulum is slightly displaced to the negative side and has negative angular velocity (`-0.1432`). The agent generally responds to negative angular velocity with a positive corrective torque. Nearby examples show positive actions around `1.4–1.9` for similar states, so a relatively strong positive action is likely.",3,6,918,0bef43e6890de04e7faf6094f45c4a153bad1dd8859e77a2a8c5a88a14a07579,luna__Pendulum-v1__next-action__H30,36,data/llmx_data/offline_data/physics_data/raw_transitions/Pendulum-v1/episodes/episode_0.npz,gpt-5.6-luna,False,06_new_models_n10,True,experiments/06_new_models_n10/results/batches/a44a962437a94614a4b870b4e9366437/records.jsonl#0bef43e6890de04e7faf6094f45c4a153bad1dd8859e77a2a8c5a88a14a07579,837,experiments/06_new_models_n10/results/merged/c189af3036db4adfb9e4da5bb632ea48/records.jsonl,experiments/06_new_models_n10/results/merged/c189af3036db4adfb9e4da5bb632ea48/runs/source_001/luna__Pendulum-v1__next-action__H30/query_006/predictions.jsonl,f1d6257c1b6f09e3d84ac853a1578bffe08ae7a65f43d304cc16da7de66aa004,True,2390,657,3047,7.757210957934149,7.751931957900524,[1.7350534200668335],,,False,not_applicable,[1.7],True,,[9],True,,,False,not_applicable,,False,not_applicable,,False,not_applicable,,,,,,[9],,,,,,False,,True,9.0,9.0,True,1.7350534200668335,1.7
luna,Pendulum-v1,next-action,30,"The pendulum is close to upright, but its angular velocity at \(s_{37}\) is positive (\(0.0816\)). The agent typically applies a negative torque to counteract positive angular velocity and stabilize the pendulum. For similar near-upright states with positive angular velocity, actions were approximately \(-0.9\) to \(-1.4\). Thus, a moderate negative action is most likely.",3,7,919,557629926f9cfe552f6523099967d30e52d37147d4fe81e91f613ed64228938d,luna__Pendulum-v1__next-action__H30,37,data/llmx_data/offline_data/physics_data/raw_transitions/Pendulum-v1/episodes/episode_0.npz,gpt-5.6-luna,False,06_new_models_n10,True,experiments/06_new_models_n10/results/batches/a44a962437a94614a4b870b4e9366437/records.jsonl#557629926f9cfe552f6523099967d30e52d37147d4fe81e91f613ed64228938d,838,experiments/06_new_models_n10/results/merged/c189af3036db4adfb9e4da5bb632ea48/records.jsonl,experiments/06_new_models_n10/results/merged/c189af3036db4adfb9e4da5bb632ea48/runs/source_001/luna__Pendulum-v1__next-action__H30/query_007/predictions.jsonl,16172024fb9614ff023f2bfcdddd3944218a7638ed0eb141a3c9bca1c79d216d,True,2389,682,3071,7.201903625042178,7.197215165942907,[-1.974252700805664],,,False,not_applicable,[-1.0],True,,[2],True,,,False,not_applicable,,False,not_applicable,,False,not_applicable,,,,,,[0],,,,,,False,,True,0.0,2.0,True,-1.974252700805664,-1.0
luna,Pendulum-v1,next-action,30,"The pendulum is slightly left of upright (`y = -0.0554`) and has a fairly negative angular velocity (`-0.2468`). The agent has recently used alternating strong torques: negative torque at step 37 produced this negative velocity, so it will likely apply a strong positive torque to reverse the motion and stabilize the pendulum. This places the action in the highest positive bin.",2,8,920,f2a072b2e356f1471c80d137b43cfb75fa4f5b1e780537c11907a90a686cd9fa,luna__Pendulum-v1__next-action__H30,38,data/llmx_data/offline_data/physics_data/raw_transitions/Pendulum-v1/episodes/episode_0.npz,gpt-5.6-luna,False,06_new_models_n10,True,experiments/06_new_models_n10/results/batches/a44a962437a94614a4b870b4e9366437/records.jsonl#f2a072b2e356f1471c80d137b43cfb75fa4f5b1e780537c11907a90a686cd9fa,839,experiments/06_new_models_n10/results/merged/c189af3036db4adfb9e4da5bb632ea48/records.jsonl,experiments/06_new_models_n10/results/merged/c189af3036db4adfb9e4da5bb632ea48/runs/source_001/luna__Pendulum-v1__next-action__H30/query_008/predictions.jsonl,01f480670eea7b9a381dfabf342bbe3b396e2617b4a66491b833a134f9e59a17,True,2389,520,2909,6.396430499968119,6.391700250096619,[2.0],,,False,not_applicable,[1.9],True,,[9],True,,,False,not_applicable,,False,not_applicable,,False,not_applicable,,,,,,[9],,,,,,False,,True,9.0,9.0,True,2.0,1.9
luna,Pendulum-v1,next-action,30,"The pendulum is very close to upright at \(s_{39}\), with a small negative angle and a small positive angular velocity. The agent has recently used alternating torques: positive torque when angular velocity is negative and negative torque when it becomes positive. Since the angular velocity at \(s_{39}\) is slightly positive, the agent will most likely apply a moderate negative torque to damp the motion.",3,9,921,2947729148cf0e4b1187a79dc844516e3d0b0da98f76efd92fa144c14ccc336b,luna__Pendulum-v1__next-action__H30,39,data/llmx_data/offline_data/physics_data/raw_transitions/Pendulum-v1/episodes/episode_0.npz,gpt-5.6-luna,False,06_new_models_n10,True,experiments/06_new_models_n10/results/batches/a44a962437a94614a4b870b4e9366437/records.jsonl#2947729148cf0e4b1187a79dc844516e3d0b0da98f76efd92fa144c14ccc336b,840,experiments/06_new_models_n10/results/merged/c189af3036db4adfb9e4da5bb632ea48/records.jsonl,experiments/06_new_models_n10/results/merged/c189af3036db4adfb9e4da5bb632ea48/runs/source_001/luna__Pendulum-v1__next-action__H30/query_009/predictions.jsonl,c3fe0379e8c9790e7d7d9a83b8990638d2dcb70f9917d9e70663c2f9c07e8f4e,True,2389,1726,4115,18.755901791970246,18.751954499981366,[1.0084922313690186],,,False,not_applicable,[-0.9],True,,[2],True,,,False,not_applicable,,False,not_applicable,,False,not_applicable,,,,,,[7],,,,,,False,,True,7.0,2.0,True,1.0084922313690186,-0.9
sol,Pendulum-v1,last-action,5,"The angular velocity changes from \(-0.1319\) to \(-0.2931\). Using the Pendulum-v1 dynamics, this transition implies a strong negative torque of approximately \(-1.76\), consistent with the agent’s recent negative actions.",2,0,162,f1d77c17d30a6ddccbdf6c0459e69d52a9c75312ec31033629fa1b5ecd6f9983,sol__Pendulum-v1__last-action__H5,5,data/llmx_data/offline_data/physics_data/raw_transitions/Pendulum-v1/episodes/episode_0.npz,gpt-5.6-sol,False,06_new_models_n10,True,experiments/06_new_models_n10/results/batches/b36e550af1174766af12f84678e075ce/records.jsonl#f1d77c17d30a6ddccbdf6c0459e69d52a9c75312ec31033629fa1b5ecd6f9983,201,experiments/06_new_models_n10/results/merged/c189af3036db4adfb9e4da5bb632ea48/records.jsonl,experiments/06_new_models_n10/results/merged/c189af3036db4adfb9e4da5bb632ea48/runs/source_002/sol__Pendulum-v1__last-action__H5/episode_000/predictions.jsonl,b037ca43f9266bf2373257015732075bf73d8bf88ff640a1290ef5daeb19296a,True,1289,439,1728,8.37415070796851,8.369520167005248,[-1.7580721378326416],,,False,not_applicable,[-1.76],True,,[0],True,,,False,not_applicable,,False,not_applicable,,False,not_applicable,,,,,,[0],,,,,,False,,True,0.0,0.0,True,-1.7580721378326416,-1.76
sol,Pendulum-v1,last-action,5,"The angular velocity changes from \(-0.2931\) to \(-0.4037\), so the agent applies substantial clockwise (negative) torque. Using the Pendulum-v1 dynamics, this transition corresponds to approximately \(-1.35\) torque, consistent with the agent reducing its previously saturated negative actions as the pendulum approaches upright.",2,1,163,b67186bacedabafe22d2b8cb88c61bbd2ec7e0a8740af342c86d013520e10680,sol__Pendulum-v1__last-action__H5,6,data/llmx_data/offline_data/physics_data/raw_transitions/Pendulum-v1/episodes/episode_0.npz,gpt-5.6-sol,False,06_new_models_n10,True,experiments/06_new_models_n10/results/batches/b36e550af1174766af12f84678e075ce/records.jsonl#b67186bacedabafe22d2b8cb88c61bbd2ec7e0a8740af342c86d013520e10680,202,experiments/06_new_models_n10/results/merged/c189af3036db4adfb9e4da5bb632ea48/records.jsonl,experiments/06_new_models_n10/results/merged/c189af3036db4adfb9e4da5bb632ea48/runs/source_002/sol__Pendulum-v1__last-action__H5/episode_000/predictions.jsonl,55c176c4834231943ad2935afcc3015914eb26d8d28b2e7e3b90649d89e56aa0,True,1292,391,1683,6.574323249980807,6.570005874964409,[-1.347569465637207],,,False,not_applicable,[-1.35],True,,[1],True,,,False,not_applicable,,False,not_applicable,,False,not_applicable,,,,,,[1],,,,,,False,,True,1.0,1.0,True,-1.347569465637207,-1.35
sol,Pendulum-v1,last-action,5,"From \(s_7\) to \(s_8\), angular velocity decreases from \(-0.4037\) to \(-0.5066\). Using the pendulum dynamics, this change corresponds to a torque of approximately \(-1.20\), continuing the agent’s trend of applying progressively weaker negative torque near the upright position.",2,2,164,1d97f84fe8e2041a5b94c8b0ab7319e6c7142000c0c235ca5bc0b1f7a6204a6e,sol__Pendulum-v1__last-action__H5,7,data/llmx_data/offline_data/physics_data/raw_transitions/Pendulum-v1/episodes/episode_0.npz,gpt-5.6-sol,False,06_new_models_n10,True,experiments/06_new_models_n10/results/batches/b36e550af1174766af12f84678e075ce/records.jsonl#1d97f84fe8e2041a5b94c8b0ab7319e6c7142000c0c235ca5bc0b1f7a6204a6e,203,experiments/06_new_models_n10/results/merged/c189af3036db4adfb9e4da5bb632ea48/records.jsonl,experiments/06_new_models_n10/results/merged/c189af3036db4adfb9e4da5bb632ea48/runs/source_002/sol__Pendulum-v1__last-action__H5/episode_000/predictions.jsonl,5a5c8a5f722e264de118d8bc60b8f68310c522602c4dee6a97d7df7ebcbad5c9,True,1295,594,1889,10.412033916101791,10.408463290892541,[-1.195901870727539],,,False,not_applicable,[-1.2],True,,[2],True,,,False,not_applicable,,False,not_applicable,,False,not_applicable,,,,,,[2],,,,,,False,,True,2.0,2.0,True,-1.195901870727539,-1.2
sol,Pendulum-v1,last-action,5,"The angular velocity changes from \(-0.5066\) to \(-0.7489\), a strong clockwise acceleration. Using the Pendulum-v1 dynamics, this transition corresponds almost exactly to the maximum negative torque, \(-2.0\).",2,3,165,8a84fe7692326ace508e8956bdfb548bd3a515743ab790e0aae4a39e79822c97,sol__Pendulum-v1__last-action__H5,8,data/llmx_data/offline_data/physics_data/raw_transitions/Pendulum-v1/episodes/episode_0.npz,gpt-5.6-sol,False,06_new_models_n10,True,experiments/06_new_models_n10/results/batches/b36e550af1174766af12f84678e075ce/records.jsonl#8a84fe7692326ace508e8956bdfb548bd3a515743ab790e0aae4a39e79822c97,204,experiments/06_new_models_n10/results/merged/c189af3036db4adfb9e4da5bb632ea48/records.jsonl,experiments/06_new_models_n10/results/merged/c189af3036db4adfb9e4da5bb632ea48/runs/source_002/sol__Pendulum-v1__last-action__H5/episode_000/predictions.jsonl,9e95fc708c6081dbfbf770a31c1e16fc6c760258fe72db043cf96fe4ff857fb1,True,1299,317,1616,5.6425380419241264,5.638488208060153,[-2.0],,,False,not_applicable,[-2.0],True,,[0],True,,,False,not_applicable,,False,not_applicable,,False,not_applicable,,,,,,[0],,,,,,False,,True,0.0,0.0,True,-2.0,-2.0
sol,Pendulum-v1,last-action,5,"At \(s_9\), the pendulum is near upright but rotating clockwise with angular velocity \(-0.7489\). The transition to \(s_{10}\) reduces this speed to \(-0.4768\), indicating a strong positive counterclockwise braking torque. Using the Pendulum-v1 dynamics gives an estimated torque of approximately \(+1.62\).",2,4,166,175556fe3ad960bdbd9796034b09b9a801eb1b8398a80f80e0fb3d1f43cf220e,sol__Pendulum-v1__last-action__H5,9,data/llmx_data/offline_data/physics_data/raw_transitions/Pendulum-v1/episodes/episode_0.npz,gpt-5.6-sol,False,06_new_models_n10,True,experiments/06_new_models_n10/results/batches/b36e550af1174766af12f84678e075ce/records.jsonl#175556fe3ad960bdbd9796034b09b9a801eb1b8398a80f80e0fb3d1f43cf220e,205,experiments/06_new_models_n10/results/merged/c189af3036db4adfb9e4da5bb632ea48/records.jsonl,experiments/06_new_models_n10/results/merged/c189af3036db4adfb9e4da5bb632ea48/runs/source_002/sol__Pendulum-v1__last-action__H5/episode_000/predictions.jsonl,f0db4909cf744f1bf2580c2896d9927916c13f1ef447c5839795406e7c3c6e07,True,1299,357,1656,6.062049999949522,6.057317625032738,[1.6174393892288208],,,False,not_applicable,[1.62],True,,[9],True,,,False,not_applicable,,False,not_applicable,,False,not_applicable,,,,,,[9],,,,,,False,,True,9.0,9.0,True,1.6174393892288208,1.62
sol,Pendulum-v1,last-action,5,"The angular velocity changes from \(-0.4768\) to \(-0.1936\), so the agent applies a strong positive torque to slow the clockwise motion. Using the Pendulum-v1 dynamics,
   \[
   \tau \approx \frac{(-0.1936+0.4768)/0.05-15\sin(0.0156)}{3}\approx 1.81.
   \]
   This also explains the new angle: \(0.0156+0.05(-0.1936)\approx0.0059\).",1,5,167,28590891f37e7729bcb2296d0bcc0d82fd0f76001aa0db521e303c01113cfa37,sol__Pendulum-v1__last-action__H5,10,data/llmx_data/offline_data/physics_data/raw_transitions/Pendulum-v1/episodes/episode_0.npz,gpt-5.6-sol,False,06_new_models_n10,True,experiments/06_new_models_n10/results/batches/b36e550af1174766af12f84678e075ce/records.jsonl#28590891f37e7729bcb2296d0bcc0d82fd0f76001aa0db521e303c01113cfa37,206,experiments/06_new_models_n10/results/merged/c189af3036db4adfb9e4da5bb632ea48/records.jsonl,experiments/06_new_models_n10/results/merged/c189af3036db4adfb9e4da5bb632ea48/runs/source_002/sol__Pendulum-v1__last-action__H5/episode_000/predictions.jsonl,6bdfaaf2875871185332ec4abca06440cd225db52a8cbdbff56007a1861e10e1,True,1302,454,1756,7.746579792001285,7.742942542070523,[1.809918761253357],,,False,not_applicable,[1.81],True,,[9],True,,,False,not_applicable,,False,not_applicable,,False,not_applicable,,,,,,[9],,,,,,False,,True,9.0,9.0,True,1.809918761253357,1.81
sol,Pendulum-v1,last-action,5,"From \(s_{11}\) to \(s_{12}\), angular velocity changes from \(-0.1936\) to \(-0.2370\). Using the Pendulum-v1 dynamics,
   \[
   \Delta\dot\theta \approx 0.75\sin(\theta)+0.15a,
   \]
   with \(\sin(\theta)=0.0059\), gives \(a\approx-0.32\). This lies in \([-0.4,0)\), bin 4.",1,6,168,321b41832597970c2dae796e9045296c2aef4cd6c0c0c2ed21854b48d17e1e7e,sol__Pendulum-v1__last-action__H5,11,data/llmx_data/offline_data/physics_data/raw_transitions/Pendulum-v1/episodes/episode_0.npz,gpt-5.6-sol,False,06_new_models_n10,True,experiments/06_new_models_n10/results/batches/b36e550af1174766af12f84678e075ce/records.jsonl#321b41832597970c2dae796e9045296c2aef4cd6c0c0c2ed21854b48d17e1e7e,207,experiments/06_new_models_n10/results/merged/c189af3036db4adfb9e4da5bb632ea48/records.jsonl,experiments/06_new_models_n10/results/merged/c189af3036db4adfb9e4da5bb632ea48/runs/source_002/sol__Pendulum-v1__last-action__H5/episode_000/predictions.jsonl,3e785eb743b3dc30f82e91f9166ed0c2c1ff533d72784dcb93ce12b57c74ee2b,True,1299,402,1701,6.550586499972269,6.5471127920318395,[-0.3191149830818176],,,False,not_applicable,[-0.32],True,,[4],True,,,False,not_applicable,,False,not_applicable,,False,not_applicable,,,,,,[4],,,,,,False,,True,4.0,4.0,True,-0.3191149830818176,-0.32
sol,Pendulum-v1,last-action,5,"The angular velocity changes from \(-0.237\) to \(-0.0298\), indicating a strong positive torque opposing the clockwise motion. Using the Pendulum-v1 dynamics gives an estimated torque of approximately \(1.41\).",2,7,169,0488a1c7b6b97969da3cde25c718399873eb515dd6c72706a85ce705a5effd6d,sol__Pendulum-v1__last-action__H5,12,data/llmx_data/offline_data/physics_data/raw_transitions/Pendulum-v1/episodes/episode_0.npz,gpt-5.6-sol,False,06_new_models_n10,True,experiments/06_new_models_n10/results/batches/b36e550af1174766af12f84678e075ce/records.jsonl#0488a1c7b6b97969da3cde25c718399873eb515dd6c72706a85ce705a5effd6d,208,experiments/06_new_models_n10/results/merged/c189af3036db4adfb9e4da5bb632ea48/records.jsonl,experiments/06_new_models_n10/results/merged/c189af3036db4adfb9e4da5bb632ea48/runs/source_002/sol__Pendulum-v1__last-action__H5/episode_000/predictions.jsonl,bdaecd04330c963f0fcd78d6b98aa1200a0f725d61c4dc40e3a5bdd579056464,True,1297,345,1642,5.678962708916515,5.675280582974665,[1.4111299514770508],,,False,not_applicable,[1.41],True,,[8],True,,,False,not_applicable,,False,not_applicable,,False,not_applicable,,,,,,[8],,,,,,False,,True,8.0,8.0,True,1.4111299514770508,1.41
sol,Pendulum-v1,last-action,5,"The angular velocity changes from \(-0.0298\) to \(-0.2514\), indicating a strong clockwise (negative) torque. Using the Pendulum-v1 dynamics, this transition corresponds to an action of approximately \(-1.44\).",2,8,170,d1f629054e25dd8d335b40b672d16d9f1948b59e57908a29952b5bee06276a4b,sol__Pendulum-v1__last-action__H5,13,data/llmx_data/offline_data/physics_data/raw_transitions/Pendulum-v1/episodes/episode_0.npz,gpt-5.6-sol,False,06_new_models_n10,True,experiments/06_new_models_n10/results/batches/b36e550af1174766af12f84678e075ce/records.jsonl#d1f629054e25dd8d335b40b672d16d9f1948b59e57908a29952b5bee06276a4b,209,experiments/06_new_models_n10/results/merged/c189af3036db4adfb9e4da5bb632ea48/records.jsonl,experiments/06_new_models_n10/results/merged/c189af3036db4adfb9e4da5bb632ea48/runs/source_002/sol__Pendulum-v1__last-action__H5/episode_000/predictions.jsonl,8eb9e52571f4374fb062304c4227e069761286611a1ba15fe6b5ac8bf2f63639,True,1295,338,1633,5.571220000041649,5.5673284999793395,[-1.4400720596313477],,,False,not_applicable,[-1.44],True,,[1],True,,,False,not_applicable,,False,not_applicable,,False,not_applicable,,,,,,[1],,,,,,False,,True,1.0,1.0,True,-1.4400720596313477,-1.44
sol,Pendulum-v1,last-action,5,"In Pendulum-v1,
   \[
   \dot\theta_{15}=\dot\theta_{14}+\left(15\sin\theta_{14}+3a_{14}\right)(0.05).
   \]
   Using \(\theta_{14}\approx-0.0200\), \(\dot\theta_{14}=-0.2514\), and \(\dot\theta_{15}=-0.0100\) gives \(a_{14}\approx1.71\).",1,9,171,ff5fb065d7a751e3650a88c01ce50c93b346ff12800c12ed6549dbe4c6478734,sol__Pendulum-v1__last-action__H5,14,data/llmx_data/offline_data/physics_data/raw_transitions/Pendulum-v1/episodes/episode_0.npz,gpt-5.6-sol,False,06_new_models_n10,True,experiments/06_new_models_n10/results/batches/b36e550af1174766af12f84678e075ce/records.jsonl#ff5fb065d7a751e3650a88c01ce50c93b346ff12800c12ed6549dbe4c6478734,210,experiments/06_new_models_n10/results/merged/c189af3036db4adfb9e4da5bb632ea48/records.jsonl,experiments/06_new_models_n10/results/merged/c189af3036db4adfb9e4da5bb632ea48/runs/source_002/sol__Pendulum-v1__last-action__H5/episode_000/predictions.jsonl,f4bb81804abe462188bfef7d24401c03876ed379974208579614467937a1ada5,True,1298,407,1705,6.236263333004899,6.2312666670186445,[1.7092909812927246],,,False,not_applicable,[1.71],True,,[9],True,,,False,not_applicable,,False,not_applicable,,False,not_applicable,,,,,,[9],,,,,,False,,True,9.0,9.0,True,1.7092909812927246,1.71
sol,Pendulum-v1,last-action,10,"The angular velocity changes from \(-0.4768\) to \(-0.1936\), a positive change of \(0.2832\). Using the Pendulum-v1 dynamics,
   \[
   \Delta\dot\theta \approx 0.75\sin(\theta)+0.15a,
   \]
   with \(\sin(\theta)=0.0156\), gives
   \[
   a\approx\frac{0.2832-0.75(0.0156)}{0.15}\approx1.81.
   \]
   This positive torque brakes the clockwise motion and lies in bin 9, \([1.6,2.0]\).",1,0,172,82a2295925559f2747f24f7aa4adc3cee82a6964307ca70ce1e1338c97938825,sol__Pendulum-v1__last-action__H10,10,data/llmx_data/offline_data/physics_data/raw_transitions/Pendulum-v1/episodes/episode_0.npz,gpt-5.6-sol,False,06_new_models_n10,True,experiments/06_new_models_n10/results/batches/a44a962437a94614a4b870b4e9366437/records.jsonl#82a2295925559f2747f24f7aa4adc3cee82a6964307ca70ce1e1338c97938825,211,experiments/06_new_models_n10/results/merged/c189af3036db4adfb9e4da5bb632ea48/records.jsonl,experiments/06_new_models_n10/results/merged/c189af3036db4adfb9e4da5bb632ea48/runs/source_001/sol__Pendulum-v1__last-action__H10/query_000/predictions.jsonl,7253caba8ed86b212905fde9f66ec36cc124933a457b52f22ce4cb3d37537154,True,1513,412,1925,12.149023041012697,12.14501191698946,[1.809918761253357],,,False,not_applicable,[1.81],True,,[9],True,,,False,not_applicable,,False,not_applicable,,False,not_applicable,,,,,,[9],,,,,,False,,True,9.0,9.0,True,1.809918761253357,1.81
sol,Pendulum-v1,last-action,10,"Using the Pendulum-v1 dynamics,
   \[
   \dot\theta_{12}-\dot\theta_{11}
   \approx 0.05\left(15\sin(\theta_{11})+3a_{11}\right).
   \]
   Substituting \(\theta_{11}\approx0.0059\), \(\dot\theta_{11}=-0.1936\), and \(\dot\theta_{12}=-0.2370\) gives \(a_{11}\approx-0.32\). This also produces the observed next angle near \(-0.0059\).",1,1,173,fc6ff9ca7a1bfcfcb4f3f56509f25f24d8d260736b770fc360fc9bbfe752b2d4,sol__Pendulum-v1__last-action__H10,11,data/llmx_data/offline_data/physics_data/raw_transitions/Pendulum-v1/episodes/episode_0.npz,gpt-5.6-sol,False,06_new_models_n10,True,experiments/06_new_models_n10/results/batches/a44a962437a94614a4b870b4e9366437/records.jsonl#fc6ff9ca7a1bfcfcb4f3f56509f25f24d8d260736b770fc360fc9bbfe752b2d4,212,experiments/06_new_models_n10/results/merged/c189af3036db4adfb9e4da5bb632ea48/records.jsonl,experiments/06_new_models_n10/results/merged/c189af3036db4adfb9e4da5bb632ea48/runs/source_001/sol__Pendulum-v1__last-action__H10/query_001/predictions.jsonl,f12aadaf53f1e89fdc438e0e6d8f219a96511f982e0f1e33c9d3d8e9d793ee62,True,1514,407,1921,13.078968708054163,13.074306334019639,[-0.3191149830818176],,,False,not_applicable,[-0.32],True,,[4],True,,,False,not_applicable,,False,not_applicable,,False,not_applicable,,,,,,[4],,,,,,False,,True,4.0,4.0,True,-0.3191149830818176,-0.32
sol,Pendulum-v1,last-action,10,"The angular velocity changes from \(-0.2370\) to \(-0.0298\), indicating a positive torque that strongly counters the clockwise motion. Using the Pendulum-v1 dynamics with \(\Delta t=0.05\),
   \[
   \dot\theta_{13}=\dot\theta_{12}+\left(15\sin(\theta_{12})+3a_{12}\right)0.05,
   \]
   gives \(a_{12}\approx 1.41\). This also reproduces the next angle, approximately \(-0.0074\).",1,2,174,83add4e1aba4a520bb4562c05b6b4895b73e65621a99d50117e344da61d096c9,sol__Pendulum-v1__last-action__H10,12,data/llmx_data/offline_data/physics_data/raw_transitions/Pendulum-v1/episodes/episode_0.npz,gpt-5.6-sol,False,06_new_models_n10,True,experiments/06_new_models_n10/results/batches/a44a962437a94614a4b870b4e9366437/records.jsonl#83add4e1aba4a520bb4562c05b6b4895b73e65621a99d50117e344da61d096c9,213,experiments/06_new_models_n10/results/merged/c189af3036db4adfb9e4da5bb632ea48/records.jsonl,experiments/06_new_models_n10/results/merged/c189af3036db4adfb9e4da5bb632ea48/runs/source_001/sol__Pendulum-v1__last-action__H10/query_002/predictions.jsonl,0564296140600d8266996f35ff8c368b49626fd74f90e57d278fb3bd7d6c6792,True,1516,402,1918,13.661782833049074,13.658017292036675,[1.4111299514770508],,,False,not_applicable,[1.41],True,,[8],True,,,False,not_applicable,,False,not_applicable,,False,not_applicable,,,,,,[8],,,,,,False,,True,8.0,8.0,True,1.4111299514770508,1.41
sol,Pendulum-v1,last-action,10,"Using the Pendulum-v1 update  
   \[
   \dot\theta_{14}-\dot\theta_{13}\approx 0.05\left(15\sin(\theta_{13})+3a_{13}\right),
   \]
   the angular velocity changes from \(-0.0298\) to \(-0.2514\). With \(\sin(\theta_{13})\approx-0.0074\), solving gives \(a_{13}\approx-1.44\). This lies in the interval \([-1.6,-1.2)\), which is bin 1.",1,3,175,6c9fa38943fd44863273baccbd2434cbbc23d285d65b4985f962daee745cc2cc,sol__Pendulum-v1__last-action__H10,13,data/llmx_data/offline_data/physics_data/raw_transitions/Pendulum-v1/episodes/episode_0.npz,gpt-5.6-sol,False,06_new_models_n10,True,experiments/06_new_models_n10/results/batches/a44a962437a94614a4b870b4e9366437/records.jsonl#6c9fa38943fd44863273baccbd2434cbbc23d285d65b4985f962daee745cc2cc,214,experiments/06_new_models_n10/results/merged/c189af3036db4adfb9e4da5bb632ea48/records.jsonl,experiments/06_new_models_n10/results/merged/c189af3036db4adfb9e4da5bb632ea48/runs/source_001/sol__Pendulum-v1__last-action__H10/query_003/predictions.jsonl,b2f1518767cf5a493c07d3cf29d570e73879e55b8a97538e208db8ed5f6e1b92,True,1517,454,1971,14.124189750058576,14.120339040993713,[-1.4400720596313477],,,False,not_applicable,[-1.44],True,,[1],True,,,False,not_applicable,,False,not_applicable,,False,not_applicable,,,,,,[1],,,,,,False,,True,1.0,1.0,True,-1.4400720596313477,-1.44
sol,Pendulum-v1,last-action,10,"The pendulum has a small negative angle and negative angular velocity. To reduce the angular velocity from \(-0.2514\) to \(-0.0100\), the agent applies a strong positive counterclockwise torque. Using the Pendulum-v1 dynamics gives an estimated torque of approximately \(1.71\).",2,4,176,d042fcbd50e71b9466f2b24ca81f8d7bfdf094499d318ecc0318c60bdf901109,sol__Pendulum-v1__last-action__H10,14,data/llmx_data/offline_data/physics_data/raw_transitions/Pendulum-v1/episodes/episode_0.npz,gpt-5.6-sol,False,06_new_models_n10,True,experiments/06_new_models_n10/results/batches/a44a962437a94614a4b870b4e9366437/records.jsonl#d042fcbd50e71b9466f2b24ca81f8d7bfdf094499d318ecc0318c60bdf901109,215,experiments/06_new_models_n10/results/merged/c189af3036db4adfb9e4da5bb632ea48/records.jsonl,experiments/06_new_models_n10/results/merged/c189af3036db4adfb9e4da5bb632ea48/runs/source_001/sol__Pendulum-v1__last-action__H10/query_004/predictions.jsonl,65c427569bb413531b7064f2357684b7bbdcf8e9aa491a6a79b1c15465eca375,True,1519,363,1882,15.191269749891944,15.187569958041422,[1.7092909812927246],,,False,not_applicable,[1.71],True,,[9],True,,,False,not_applicable,,False,not_applicable,,False,not_applicable,,,,,,[9],,,,,,False,,True,9.0,9.0,True,1.7092909812927246,1.71
sol,Pendulum-v1,last-action,10,"From \(s_{15}\) to \(s_{16}\), angular velocity changes from \(-0.0100\) to \(-0.1678\). Applying the Pendulum-v1 dynamics with \(\Delta t=0.05\) and \(\theta\approx\operatorname{atan2}(-0.0205,0.9998)=-0.0205\) gives an estimated torque of approximately \(-0.95\).",1,5,177,6b6a5f2bedfe8d5e7a14bc9f431d398ad2e67d695a8bed89f2db622a765e0a60,sol__Pendulum-v1__last-action__H10,15,data/llmx_data/offline_data/physics_data/raw_transitions/Pendulum-v1/episodes/episode_0.npz,gpt-5.6-sol,False,06_new_models_n10,True,experiments/06_new_models_n10/results/batches/a44a962437a94614a4b870b4e9366437/records.jsonl#6b6a5f2bedfe8d5e7a14bc9f431d398ad2e67d695a8bed89f2db622a765e0a60,216,experiments/06_new_models_n10/results/merged/c189af3036db4adfb9e4da5bb632ea48/records.jsonl,experiments/06_new_models_n10/results/merged/c189af3036db4adfb9e4da5bb632ea48/runs/source_001/sol__Pendulum-v1__last-action__H10/query_005/predictions.jsonl,592af3cd2a18b6c2e9ced9ed1f9245d3b8aeb3e87dacfc8d2d65ee9d9cac3ee5,True,1522,462,1984,17.598361332900822,17.59491612506099,[-0.9497600793838501],,,False,not_applicable,[-0.95],True,,[2],True,,,False,not_applicable,,False,not_applicable,,False,not_applicable,,,,,,[2],,,,,,False,,True,2.0,2.0,True,-0.9497600793838501,-0.95
sol,Pendulum-v1,last-action,10,"Using the Pendulum-v1 dynamics, the angular velocity changes from \(-0.1678\) to \(-0.1079\). Accounting for gravity at \(\theta \approx \operatorname{atan2}(-0.0289,0.9996)=-0.0289\), the required torque is approximately \(0.54\).",1,6,178,77ab4fe1e9383e7a46872a2e1dd54fa66713073ede141472a5de4cf9c068eeec,sol__Pendulum-v1__last-action__H10,16,data/llmx_data/offline_data/physics_data/raw_transitions/Pendulum-v1/episodes/episode_0.npz,gpt-5.6-sol,False,06_new_models_n10,True,experiments/06_new_models_n10/results/batches/a44a962437a94614a4b870b4e9366437/records.jsonl#77ab4fe1e9383e7a46872a2e1dd54fa66713073ede141472a5de4cf9c068eeec,217,experiments/06_new_models_n10/results/merged/c189af3036db4adfb9e4da5bb632ea48/records.jsonl,experiments/06_new_models_n10/results/merged/c189af3036db4adfb9e4da5bb632ea48/runs/source_001/sol__Pendulum-v1__last-action__H10/query_006/predictions.jsonl,d038615b68b875a02025bd33ea84b4df056c68771cfe219267c5728724a57520,True,1520,399,1919,15.383494957932271,15.38112995796837,[0.5440352559089661],,,False,not_applicable,[0.54],True,,[6],True,,,False,not_applicable,,False,not_applicable,,False,not_applicable,,,,,,[6],,,,,,False,,True,6.0,6.0,True,0.5440352559089661,0.54
sol,Pendulum-v1,last-action,10,"Using the Pendulum-v1 velocity update,
   \[
   \dot\theta_{18}-\dot\theta_{17}
   \approx 0.05\left(15\sin(\theta_{17})+3a_{17}\right).
   \]
   Substituting \(\sin(\theta_{17})=-0.0343\), \(\dot\theta_{17}=-0.1079\), and \(\dot\theta_{18}=-0.1298\) gives \(a_{17}\approx 0.03\). This small positive torque slightly counteracts the negative gravitational acceleration.",1,7,179,fc2b8d749add0ec0b3b2378d548808e9c3326860a5cf4a5897b6778cf965a9ae,sol__Pendulum-v1__last-action__H10,17,data/llmx_data/offline_data/physics_data/raw_transitions/Pendulum-v1/episodes/episode_0.npz,gpt-5.6-sol,False,06_new_models_n10,True,experiments/06_new_models_n10/results/batches/a44a962437a94614a4b870b4e9366437/records.jsonl#fc2b8d749add0ec0b3b2378d548808e9c3326860a5cf4a5897b6778cf965a9ae,218,experiments/06_new_models_n10/results/merged/c189af3036db4adfb9e4da5bb632ea48/records.jsonl,experiments/06_new_models_n10/results/merged/c189af3036db4adfb9e4da5bb632ea48/runs/source_001/sol__Pendulum-v1__last-action__H10/query_007/predictions.jsonl,bcbb07dc9b5371b390538a0c17d0e04f0183acc3d5e2359ba8b55ee5fa5be247,True,1517,461,1978,15.424455458996817,15.420901749981567,[0.02499106526374817],,,False,not_applicable,[0.03],True,,[5],True,,,False,not_applicable,,False,not_applicable,,False,not_applicable,,,,,,[5],,,,,,False,,True,5.0,5.0,True,0.02499106526374817,0.03
sol,Pendulum-v1,last-action,10,"The angular velocity changes from \(-0.1298\) to \(-0.0541\), so the agent applied positive torque to counteract the clockwise motion. Using the Pendulum-v1 dynamics,
   \[
   \Delta\dot{\theta}\approx 0.75\sin(\theta)+0.15a,
   \]
   gives an action of approximately \(a_{18}\approx 0.71\).",1,8,180,838c2c14271f3daa9416e32db7c695ac3a155787490fd0464d8f1e3c19cb9927,sol__Pendulum-v1__last-action__H10,18,data/llmx_data/offline_data/physics_data/raw_transitions/Pendulum-v1/episodes/episode_0.npz,gpt-5.6-sol,False,06_new_models_n10,True,experiments/06_new_models_n10/results/batches/a44a962437a94614a4b870b4e9366437/records.jsonl#838c2c14271f3daa9416e32db7c695ac3a155787490fd0464d8f1e3c19cb9927,219,experiments/06_new_models_n10/results/merged/c189af3036db4adfb9e4da5bb632ea48/records.jsonl,experiments/06_new_models_n10/results/merged/c189af3036db4adfb9e4da5bb632ea48/runs/source_001/sol__Pendulum-v1__last-action__H10/query_008/predictions.jsonl,1847fadb644e525c289bffea368ddffcd2427dc1dcb1e231c43773fb5ae66e95,True,1515,368,1883,13.850115915993229,13.845827542012557,[0.7087789177894592],,,False,not_applicable,[0.71],True,,[6],True,,,False,not_applicable,,False,not_applicable,,False,not_applicable,,,,,,[6],,,,,,False,,True,6.0,6.0,True,0.7087789177894592,0.71
sol,Pendulum-v1,last-action,10,"The angular velocity increases from \(-0.0541\) to \(0.0024\), so the agent applies positive torque. Using the Pendulum-v1 update
   \[
   \Delta\dot\theta=\left(15\sin\theta+3a\right)(0.05),
   \]
   with \(\theta\approx\operatorname{atan2}(-0.0435,0.9991)\approx-0.0435\), gives \(a\approx0.59\).",1,9,181,e06f8d0fe33fe4e21c580b554770b55da955c82c840ea3bc71b612eb3437394e,sol__Pendulum-v1__last-action__H10,19,data/llmx_data/offline_data/physics_data/raw_transitions/Pendulum-v1/episodes/episode_0.npz,gpt-5.6-sol,False,06_new_models_n10,True,experiments/06_new_models_n10/results/batches/a44a962437a94614a4b870b4e9366437/records.jsonl#e06f8d0fe33fe4e21c580b554770b55da955c82c840ea3bc71b612eb3437394e,220,experiments/06_new_models_n10/results/merged/c189af3036db4adfb9e4da5bb632ea48/records.jsonl,experiments/06_new_models_n10/results/merged/c189af3036db4adfb9e4da5bb632ea48/runs/source_001/sol__Pendulum-v1__last-action__H10/query_009/predictions.jsonl,0583e4bdc6022d228b4aceb0d9f38c67f88a0106fdec552c0585f591530d6759,True,1517,463,1980,16.269283832982183,16.265900708036497,[0.5939425230026245],,,False,not_applicable,[0.59],True,,[6],True,,,False,not_applicable,,False,not_applicable,,False,not_applicable,,,,,,[6],,,,,,False,,True,6.0,6.0,True,0.5939425230026245,0.59
sol,Pendulum-v1,last-action,20,"The angular velocity changes from \(0.0024\) to \(-0.0167\). Near \(\theta\approx-0.0433\), gravity produces negative angular acceleration, while a small positive torque partially offsets it. Using the Pendulum-v1 dynamics gives an estimated torque of approximately \(+0.09\).",2,0,182,97a29a6fb2626527811800080323c94f8b4412088f62b517ef40706f5b4a1a3b,sol__Pendulum-v1__last-action__H20,20,data/llmx_data/offline_data/physics_data/raw_transitions/Pendulum-v1/episodes/episode_0.npz,gpt-5.6-sol,True,05_new_models_single,False,experiments/05_new_models_single/results/records.jsonl#97a29a6fb2626527811800080323c94f8b4412088f62b517ef40706f5b4a1a3b,221,experiments/06_new_models_n10/results/merged/c189af3036db4adfb9e4da5bb632ea48/records.jsonl,experiments/06_new_models_n10/results/merged/c189af3036db4adfb9e4da5bb632ea48/runs/source_000/sol__Pendulum-v1__last-action__H20/episode_000/predictions.jsonl,46afa44077ff7fa701511b170c297fb8c6b585b93d39f9b4217522f529ff84fd,True,1951,513,2464,12.106247624964453,12.102246499969624,[0.08882922679185867],,,False,not_applicable,[0.09],True,,[5],True,,,False,not_applicable,,False,not_applicable,,False,not_applicable,,,,,,[5],,,,,,False,,True,5.0,5.0,True,0.08882922679185867,0.09
sol,Pendulum-v1,last-action,20,"The angular velocity rises from \(-0.0167\) to \(0.0467\). Accounting for the small negative gravitational acceleration at \(\theta \approx -0.0442\), this transition requires a positive torque of approximately \(0.64\), consistent with the agent’s recent corrective actions.",2,1,183,4c1d6fb20b65f9b0b3bc7c20f4e7d53ff46cd9587bd5fc1256acb32b52582bbf,sol__Pendulum-v1__last-action__H20,21,data/llmx_data/offline_data/physics_data/raw_transitions/Pendulum-v1/episodes/episode_0.npz,gpt-5.6-sol,True,05_new_models_single,False,experiments/05_new_models_single/results/records.jsonl#4c1d6fb20b65f9b0b3bc7c20f4e7d53ff46cd9587bd5fc1256acb32b52582bbf,222,experiments/06_new_models_n10/results/merged/c189af3036db4adfb9e4da5bb632ea48/records.jsonl,experiments/06_new_models_n10/results/merged/c189af3036db4adfb9e4da5bb632ea48/runs/source_000/sol__Pendulum-v1__last-action__H20/episode_000/predictions.jsonl,3111c0430606cd534881df04c13c27cd423651308468f6cb0c99b4b6c110b20e,True,1954,437,2391,8.392976874951273,8.389099291991442,[0.6434862613677979],,,False,not_applicable,[0.64],True,,[6],True,,,False,not_applicable,,False,not_applicable,,False,not_applicable,,,,,,[6],,,,,,False,,True,6.0,6.0,True,0.6434862613677979,0.64
sol,Pendulum-v1,last-action,20,"Using the pendulum dynamics,
   \[
   \dot\theta_{23}-\dot\theta_{22}
   \approx 0.05\left(15\sin(\theta_{22})+3a_{22}\right).
   \]
   Here, \(\theta_{22}\approx\operatorname{atan2}(-0.0418,0.9991)=-0.0418\), while the angular velocity changes from \(0.0467\) to \(-0.1478\). Solving gives \(a_{22}\approx-1.09\).",1,2,184,fd68060b7b74a37540df547fcc59e27ebea59105cdf104e15340048c07931f1c,sol__Pendulum-v1__last-action__H20,22,data/llmx_data/offline_data/physics_data/raw_transitions/Pendulum-v1/episodes/episode_0.npz,gpt-5.6-sol,True,05_new_models_single,False,experiments/05_new_models_single/results/records.jsonl#fd68060b7b74a37540df547fcc59e27ebea59105cdf104e15340048c07931f1c,223,experiments/06_new_models_n10/results/merged/c189af3036db4adfb9e4da5bb632ea48/records.jsonl,experiments/06_new_models_n10/results/merged/c189af3036db4adfb9e4da5bb632ea48/runs/source_000/sol__Pendulum-v1__last-action__H20/episode_000/predictions.jsonl,d769fb58d0a58b53137eacbc0cb16fb3af552a07fda506023da0e0b4542dac0a,True,1956,500,2456,11.016913042054512,11.01301900006365,[-1.0871518850326538],,,False,not_applicable,[-1.09],True,,[2],True,,,False,not_applicable,,False,not_applicable,,False,not_applicable,,,,,,[2],,,,,,False,,True,2.0,2.0,True,-1.0871518850326538,-1.09
sol,Pendulum-v1,last-action,20,"The angular velocity changes from \(-0.1478\) to \(0.0285\), so the agent applies positive torque to reverse the pendulum’s clockwise motion. Using the Pendulum-v1 dynamics,
   \[
   \frac{0.0285-(-0.1478)}{0.05}\approx 15\sin(-0.0492)+3a_{23},
   \]
   gives \(a_{23}\approx 1.42\).",1,3,185,a5fa3b7f7f38970f3a6f8a17e049d7749cc4f8c4eeb434335a55f2cd0fc55e13,sol__Pendulum-v1__last-action__H20,23,data/llmx_data/offline_data/physics_data/raw_transitions/Pendulum-v1/episodes/episode_0.npz,gpt-5.6-sol,True,05_new_models_single,False,experiments/05_new_models_single/results/records.jsonl#a5fa3b7f7f38970f3a6f8a17e049d7749cc4f8c4eeb434335a55f2cd0fc55e13,224,experiments/06_new_models_n10/results/merged/c189af3036db4adfb9e4da5bb632ea48/records.jsonl,experiments/06_new_models_n10/results/merged/c189af3036db4adfb9e4da5bb632ea48/runs/source_000/sol__Pendulum-v1__last-action__H20/episode_000/predictions.jsonl,9ba80ca157e05eac6e6e5129bb48528f5f9ace13ca25d74a292f95174970af07,True,1960,457,2417,8.430226958007552,8.426992250024341,[1.421302080154419],,,False,not_applicable,[1.42],True,,[8],True,,,False,not_applicable,,False,not_applicable,,False,not_applicable,,,,,,[8],,,,,,False,,True,8.0,8.0,True,1.421302080154419,1.42
sol,Pendulum-v1,last-action,20,"The angular velocity increases from \(0.0285\) to \(0.0428\). Using the Pendulum-v1 dynamics,
   \[
   \dot\theta_{t+1}=\dot\theta_t+\left(15\sin(\theta_t)+3a_t\right)(0.05),
   \]
   with \(\theta_t\approx\operatorname{atan2}(-0.0478,0.9989)\approx-0.0478\), gives \(a_{24}\approx0.33\).",1,4,186,e8066f190326bf585e666f0ac6a962a4d2240851c74331ff4d4ce6d30d61fee4,sol__Pendulum-v1__last-action__H20,24,data/llmx_data/offline_data/physics_data/raw_transitions/Pendulum-v1/episodes/episode_0.npz,gpt-5.6-sol,True,05_new_models_single,False,experiments/05_new_models_single/results/records.jsonl#e8066f190326bf585e666f0ac6a962a4d2240851c74331ff4d4ce6d30d61fee4,225,experiments/06_new_models_n10/results/merged/c189af3036db4adfb9e4da5bb632ea48/records.jsonl,experiments/06_new_models_n10/results/merged/c189af3036db4adfb9e4da5bb632ea48/runs/source_000/sol__Pendulum-v1__last-action__H20/episode_000/predictions.jsonl,47694142c7f93d260e0beea8f188cad31f7e2440f1fc9c713864d0a240f88866,True,1960,458,2418,8.579799999948591,8.576338374987245,[0.33447736501693726],,,False,not_applicable,[0.33],True,,[5],True,,,False,not_applicable,,False,not_applicable,,False,not_applicable,,,,,,[5],,,,,,False,,True,5.0,5.0,True,0.33447736501693726,0.33
sol,Pendulum-v1,last-action,20,"Using the Pendulum-v1 update  
   \[
   \dot\theta_{26}-\dot\theta_{25}
   =\left(15\sin\theta_{25}+3a_{25}\right)(0.05),
   \]
   with \(\sin\theta_{25}=-0.0457\), \(\dot\theta_{25}=0.0428\), and \(\dot\theta_{26}=-0.0646\), gives
   \[
   a_{25}\approx\frac{(-0.0646-0.0428)/0.05-15(-0.0457)}{3}
   =-0.4875.
   \]",1,5,187,2c77882a0397f35f61d7f0d94070500e4ca30aebea99077014fbd4f90ce93cf5,sol__Pendulum-v1__last-action__H20,25,data/llmx_data/offline_data/physics_data/raw_transitions/Pendulum-v1/episodes/episode_0.npz,gpt-5.6-sol,True,05_new_models_single,False,experiments/05_new_models_single/results/records.jsonl#2c77882a0397f35f61d7f0d94070500e4ca30aebea99077014fbd4f90ce93cf5,226,experiments/06_new_models_n10/results/merged/c189af3036db4adfb9e4da5bb632ea48/records.jsonl,experiments/06_new_models_n10/results/merged/c189af3036db4adfb9e4da5bb632ea48/runs/source_000/sol__Pendulum-v1__last-action__H20/episode_000/predictions.jsonl,9ea3a2f224e8e06b7ba24c49ac30a9de40f30bf9a636bbc2da2ef50819edfa0c,True,1963,603,2566,10.934436165960506,10.930658750003204,[-0.48779454827308655],,,False,not_applicable,[-0.49],True,,[3],True,,,False,not_applicable,,False,not_applicable,,False,not_applicable,,,,,,[3],,,,,,False,,True,3.0,3.0,True,-0.48779454827308655,-0.49
sol,Pendulum-v1,last-action,20,"The angular velocity changes from \(-0.0646\) to approximately \(0\), so the agent applies positive torque to counter both the negative velocity and the gravitational acceleration at \(\theta\approx-0.049\). Inverting the Pendulum-v1 dynamics gives a torque of approximately \(0.68\).",2,6,188,ae9beca6bcb0c2f9050e9983b982df7bf20a7721decec9f607e55546ee010f72,sol__Pendulum-v1__last-action__H20,26,data/llmx_data/offline_data/physics_data/raw_transitions/Pendulum-v1/episodes/episode_0.npz,gpt-5.6-sol,True,05_new_models_single,False,experiments/05_new_models_single/results/records.jsonl#ae9beca6bcb0c2f9050e9983b982df7bf20a7721decec9f607e55546ee010f72,227,experiments/06_new_models_n10/results/merged/c189af3036db4adfb9e4da5bb632ea48/records.jsonl,experiments/06_new_models_n10/results/merged/c189af3036db4adfb9e4da5bb632ea48/runs/source_000/sol__Pendulum-v1__last-action__H20/episode_000/predictions.jsonl,17159ad0a3f2aa6d82f82280b900a918d7954de29469f7159b1291b527ddf14c,True,1972,345,2317,6.785802250029519,6.781865417025983,[0.6751355528831482],,,False,not_applicable,[0.68],True,,[6],True,,,False,not_applicable,,False,not_applicable,,False,not_applicable,,,,,,[6],,,,,,False,,True,6.0,6.0,True,0.6751355528831482,0.68
sol,Pendulum-v1,last-action,20,"The angular velocity increases from approximately \(0\) to \(0.0811\). Inverting the Pendulum-v1 update
   \[
   \dot\theta'=\dot\theta+\left(15\sin\theta+3a\right)(0.05)
   \]
   at \(\sin\theta=-0.048879\) gives \(a\approx0.785\). This also produces the observed next angle.",1,7,189,520713d903897376b33061093e802b3dfdbd9ff93cf03170c5a0bc38935f8608,sol__Pendulum-v1__last-action__H20,27,data/llmx_data/offline_data/physics_data/raw_transitions/Pendulum-v1/episodes/episode_0.npz,gpt-5.6-sol,True,05_new_models_single,False,experiments/05_new_models_single/results/records.jsonl#520713d903897376b33061093e802b3dfdbd9ff93cf03170c5a0bc38935f8608,228,experiments/06_new_models_n10/results/merged/c189af3036db4adfb9e4da5bb632ea48/records.jsonl,experiments/06_new_models_n10/results/merged/c189af3036db4adfb9e4da5bb632ea48/runs/source_000/sol__Pendulum-v1__last-action__H20/episode_000/predictions.jsonl,6dbbbc9ab92cf3ec41257cdcc18863a9cf0076547b9fe9775dee497a37f80b8a,True,1970,499,2469,9.78788433293812,9.784454500069842,[0.7845479249954224],,,False,not_applicable,[0.78],True,,[6],True,,,False,not_applicable,,False,not_applicable,,False,not_applicable,,,,,,[6],,,,,,False,,True,6.0,6.0,True,0.7845479249954224,0.78
sol,Pendulum-v1,last-action,20,"Using the Pendulum-v1 angular-velocity update,
   \[
   \dot\theta_{29}-\dot\theta_{28}
   \approx 0.75\sin(\theta_{28})+0.15a_{28}.
   \]
   Since \(\sin(\theta_{28})=-0.0448\), \(\dot\theta_{28}=0.0811\), and \(\dot\theta_{29}=-0.1588\):
   \[
   -0.1588-0.0811=0.75(-0.0448)+0.15a_{28},
   \]
   giving \(a_{28}\approx-1.38\).",1,8,190,bcd404eb89a66d21a68955aaff4f32f54bfa7e988d942aa9aea90404b0fdd5c9,sol__Pendulum-v1__last-action__H20,28,data/llmx_data/offline_data/physics_data/raw_transitions/Pendulum-v1/episodes/episode_0.npz,gpt-5.6-sol,True,05_new_models_single,False,experiments/05_new_models_single/results/records.jsonl#bcd404eb89a66d21a68955aaff4f32f54bfa7e988d942aa9aea90404b0fdd5c9,229,experiments/06_new_models_n10/results/merged/c189af3036db4adfb9e4da5bb632ea48/records.jsonl,experiments/06_new_models_n10/results/merged/c189af3036db4adfb9e4da5bb632ea48/runs/source_000/sol__Pendulum-v1__last-action__H20/episode_000/predictions.jsonl,56a16d76554aa273d9459d02a2554ed11f308663e406546ee84d445deb66e5d7,True,1968,493,2461,9.471314458991401,9.467312542023137,[-1.375152826309204],,,False,not_applicable,[-1.38],True,,[1],True,,,False,not_applicable,,False,not_applicable,,False,not_applicable,,,,,,[1],,,,,,False,,True,1.0,1.0,True,-1.375152826309204,-1.38
sol,Pendulum-v1,last-action,20,"The angular velocity changes from \(-0.1588\) to \(0.0878\), a substantial positive increase despite gravity acting negatively at \(\theta\approx-0.0528\). Using the Pendulum-v1 dynamics,
   \[
   \Delta\dot\theta \approx 0.05\left(15\sin\theta+3a_{29}\right),
   \]
   gives \(a_{29}\approx1.91\).",1,9,191,ea03a5c21b9f42347244d604dda6f55027cdb13b421df509a70366f0c095bd0d,sol__Pendulum-v1__last-action__H20,29,data/llmx_data/offline_data/physics_data/raw_transitions/Pendulum-v1/episodes/episode_0.npz,gpt-5.6-sol,True,05_new_models_single,False,experiments/05_new_models_single/results/records.jsonl#ea03a5c21b9f42347244d604dda6f55027cdb13b421df509a70366f0c095bd0d,230,experiments/06_new_models_n10/results/merged/c189af3036db4adfb9e4da5bb632ea48/records.jsonl,experiments/06_new_models_n10/results/merged/c189af3036db4adfb9e4da5bb632ea48/runs/source_000/sol__Pendulum-v1__last-action__H20/episode_000/predictions.jsonl,0168a36ef4d2db7105adfae726ad4e906a4188b1188409261eeeb01475801662,True,1971,473,2444,9.509043583995663,9.494667500024661,[1.9077938795089722],,,False,not_applicable,[1.91],True,,[9],True,,,False,not_applicable,,False,not_applicable,,False,not_applicable,,,,,,[9],,,,,,False,,True,9.0,9.0,True,1.9077938795089722,1.91
sol,Pendulum-v1,last-action,30,"The angular velocity changes from \(0.0878\) to \(-0.0818\), a decrease of \(0.1696\). Using the Pendulum-v1 dynamics,
   \[
   \dot\theta_{31}-\dot\theta_{30}
   \approx 0.05\left(15\sin(\theta_{30})+3a_{30}\right),
   \]
   with \(\sin(\theta_{30})=-0.0484\), gives \(a_{30}\approx-0.89\).",1,0,192,7e68638d7ae63da59effeb0f80559d2cbe97e1d700c6fb315ae6c1056e5f329c,sol__Pendulum-v1__last-action__H30,30,data/llmx_data/offline_data/physics_data/raw_transitions/Pendulum-v1/episodes/episode_0.npz,gpt-5.6-sol,False,06_new_models_n10,True,experiments/06_new_models_n10/results/batches/a44a962437a94614a4b870b4e9366437/records.jsonl#7e68638d7ae63da59effeb0f80559d2cbe97e1d700c6fb315ae6c1056e5f329c,231,experiments/06_new_models_n10/results/merged/c189af3036db4adfb9e4da5bb632ea48/records.jsonl,experiments/06_new_models_n10/results/merged/c189af3036db4adfb9e4da5bb632ea48/runs/source_001/sol__Pendulum-v1__last-action__H30/query_000/predictions.jsonl,88cb2b68ac6b58d1acd40192597768d1ee8a0b1f5e2afffcb3342b219694971a,True,2406,555,2961,15.114951541996561,15.111173875047825,[-0.8885178565979004],,,False,not_applicable,[-0.89],True,,[2],True,,,False,not_applicable,,False,not_applicable,,False,not_applicable,,,,,,[2],,,,,,False,,True,2.0,2.0,True,-0.8885178565979004,-0.89
sol,Pendulum-v1,last-action,30,"The angular velocity changes from \(-0.0818\) to \(0.0994\). Using the Pendulum-v1 dynamics,
   \[
   \dot\theta_{t+1}=\dot\theta_t+\left(15\sin(\theta_t)+3a_t\right)(0.05),
   \]
   and \(\sin(\theta_t)=-0.0525\), solving for the action gives:
   \[
   a_{31}\approx
   \frac{(0.0994+0.0818)-0.75(-0.0525)}{0.15}
   \approx 1.47.
   \]",1,1,193,c1bafa888cd5e894257bb65b2331a5db28c7982fc2a81f7b6846b8c0667c6be4,sol__Pendulum-v1__last-action__H30,31,data/llmx_data/offline_data/physics_data/raw_transitions/Pendulum-v1/episodes/episode_0.npz,gpt-5.6-sol,False,06_new_models_n10,True,experiments/06_new_models_n10/results/batches/a44a962437a94614a4b870b4e9366437/records.jsonl#c1bafa888cd5e894257bb65b2331a5db28c7982fc2a81f7b6846b8c0667c6be4,232,experiments/06_new_models_n10/results/merged/c189af3036db4adfb9e4da5bb632ea48/records.jsonl,experiments/06_new_models_n10/results/merged/c189af3036db4adfb9e4da5bb632ea48/runs/source_001/sol__Pendulum-v1__last-action__H30/query_001/predictions.jsonl,50a19c170edf38aac3538c0827c8ee4edee042c80bb96ac1b23566f49e769b3e,True,2410,453,2863,17.987231665989384,17.983076374977827,[1.4703737497329712],,,False,not_applicable,[1.47],True,,[8],True,,,False,not_applicable,,False,not_applicable,,False,not_applicable,,,,,,[8],,,,,,False,,True,8.0,8.0,True,1.4703737497329712,1.47
sol,Pendulum-v1,last-action,30,"The angular velocity changes from \(0.0994\) to \(-0.0779\). Using the Pendulum-v1 dynamics,
   \[
   \dot\theta_{t+1}-\dot\theta_t
   =0.05\left(15\sin(\theta_t)+3a_t\right),
   \]
   with \(\theta_t\approx\operatorname{atan2}(-0.0475,0.9989)\approx-0.0475\), gives \(a_{32}\approx-0.94\).",1,2,194,e2c557db3c257d51cb9ab7e094bcf4856b6bf7b483e4cf3370d90f0bd1dbac20,sol__Pendulum-v1__last-action__H30,32,data/llmx_data/offline_data/physics_data/raw_transitions/Pendulum-v1/episodes/episode_0.npz,gpt-5.6-sol,False,06_new_models_n10,True,experiments/06_new_models_n10/results/batches/a44a962437a94614a4b870b4e9366437/records.jsonl#e2c557db3c257d51cb9ab7e094bcf4856b6bf7b483e4cf3370d90f0bd1dbac20,233,experiments/06_new_models_n10/results/merged/c189af3036db4adfb9e4da5bb632ea48/records.jsonl,experiments/06_new_models_n10/results/merged/c189af3036db4adfb9e4da5bb632ea48/runs/source_001/sol__Pendulum-v1__last-action__H30/query_002/predictions.jsonl,4bb41a0cb806fcc2e959f0fda3b6351434ff80c3bf4ceecdf9c68ebe69f27754,True,2412,450,2862,13.931072624982335,13.927331042010337,[-0.9442287683486938],,,False,not_applicable,[-0.94],True,,[2],True,,,False,not_applicable,,False,not_applicable,,False,not_applicable,,,,,,[2],,,,,,False,,True,2.0,2.0,True,-0.9442287683486938,-0.94
sol,Pendulum-v1,last-action,30,"The angular velocity increases from \(-0.0779\) to \(0.1173\), indicating a strong positive torque. Using the Pendulum-v1 dynamics, this transition implies a torque of approximately \(1.56\).",2,3,195,ac4f37acce78941ad886f8e9ca506bfd37e7fb7d9d55ca2a9fed619bfb5c10e9,sol__Pendulum-v1__last-action__H30,33,data/llmx_data/offline_data/physics_data/raw_transitions/Pendulum-v1/episodes/episode_0.npz,gpt-5.6-sol,False,06_new_models_n10,True,experiments/06_new_models_n10/results/batches/a44a962437a94614a4b870b4e9366437/records.jsonl#ac4f37acce78941ad886f8e9ca506bfd37e7fb7d9d55ca2a9fed619bfb5c10e9,234,experiments/06_new_models_n10/results/merged/c189af3036db4adfb9e4da5bb632ea48/records.jsonl,experiments/06_new_models_n10/results/merged/c189af3036db4adfb9e4da5bb632ea48/runs/source_001/sol__Pendulum-v1__last-action__H30/query_003/predictions.jsonl,ed4a621dca0a6e0031bb38e48bd38ae5d6a8634628d2697b69c5fa2bd117bb5f,True,2415,440,2855,13.238049792009406,13.234059583046474,[1.5583062171936035],,,False,not_applicable,[1.56],True,,[8],True,,,False,not_applicable,,False,not_applicable,,False,not_applicable,,,,,,[8],,,,,,False,,True,8.0,8.0,True,1.5583062171936035,1.56
sol,Pendulum-v1,last-action,30,"The angular velocity changes only slightly, from \(0.1173\) to \(0.1103\). At \(\theta\approx-0.0455\), gravity produces negative angular acceleration, so a small positive torque is needed to nearly offset it. Using the Pendulum-v1 dynamics gives an estimated torque of approximately \(0.18\).",2,4,196,cd8a9bb27bc76e1664109eed13da578a2a48432f126b89af7acea094efc1f3e9,sol__Pendulum-v1__last-action__H30,34,data/llmx_data/offline_data/physics_data/raw_transitions/Pendulum-v1/episodes/episode_0.npz,gpt-5.6-sol,False,06_new_models_n10,True,experiments/06_new_models_n10/results/batches/a44a962437a94614a4b870b4e9366437/records.jsonl#cd8a9bb27bc76e1664109eed13da578a2a48432f126b89af7acea094efc1f3e9,235,experiments/06_new_models_n10/results/merged/c189af3036db4adfb9e4da5bb632ea48/records.jsonl,experiments/06_new_models_n10/results/merged/c189af3036db4adfb9e4da5bb632ea48/runs/source_001/sol__Pendulum-v1__last-action__H30/query_004/predictions.jsonl,72890da2853e0a2f6bfba22af44f8fd637ff00592039e55d338081a02e0209db,True,2416,378,2794,11.962554541998543,11.95909058302641,[0.1804589033126831],,,False,not_applicable,[0.18],True,,[5],True,,,False,not_applicable,,False,not_applicable,,False,not_applicable,,,,,,[5],,,,,,False,,True,5.0,5.0,True,0.1804589033126831,0.18
sol,Pendulum-v1,last-action,30,"The angular velocity changes from \(0.1103\) to \(-0.1432\), a strong clockwise acceleration. Using the pendulum dynamics and accounting for gravity at \(\theta \approx -0.04\), the required torque is approximately \(-1.49\).",2,5,197,221fc08bb9336cb2e53c822ee520f2e9059e0fdea0bbf5fa84173b66ab7b5e9c,sol__Pendulum-v1__last-action__H30,35,data/llmx_data/offline_data/physics_data/raw_transitions/Pendulum-v1/episodes/episode_0.npz,gpt-5.6-sol,False,06_new_models_n10,True,experiments/06_new_models_n10/results/batches/a44a962437a94614a4b870b4e9366437/records.jsonl#221fc08bb9336cb2e53c822ee520f2e9059e0fdea0bbf5fa84173b66ab7b5e9c,236,experiments/06_new_models_n10/results/merged/c189af3036db4adfb9e4da5bb632ea48/records.jsonl,experiments/06_new_models_n10/results/merged/c189af3036db4adfb9e4da5bb632ea48/runs/source_001/sol__Pendulum-v1__last-action__H30/query_005/predictions.jsonl,18302f225807376788301a17f23f4f4a3de9e1069e365e3c37bd0773352d50a7,True,2419,388,2807,14.111400707974099,14.10677912493702,[-1.4897518157958984],,,False,not_applicable,[-1.49],True,,[1],True,,,False,not_applicable,,False,not_applicable,,False,not_applicable,,,,,,[1],,,,,,False,,True,1.0,1.0,True,-1.4897518157958984,-1.49
sol,Pendulum-v1,last-action,30,"The angular velocity rises from \(-0.1432\) to \(0.0816\), indicating a strong positive torque. Using the Pendulum-v1 dynamics,
   \[
   \dot\theta_{37}=\dot\theta_{36}+\left(15\sin(\theta_{36})+3a_{36}\right)(0.05),
   \]
   with \(\sin(\theta_{36})=-0.0472\), gives \(a_{36}\approx1.73\).",1,6,198,e1147a5481dc30708613a445fa824b3273321d74174754b69382f88518e1458c,sol__Pendulum-v1__last-action__H30,36,data/llmx_data/offline_data/physics_data/raw_transitions/Pendulum-v1/episodes/episode_0.npz,gpt-5.6-sol,False,06_new_models_n10,True,experiments/06_new_models_n10/results/batches/a44a962437a94614a4b870b4e9366437/records.jsonl#e1147a5481dc30708613a445fa824b3273321d74174754b69382f88518e1458c,237,experiments/06_new_models_n10/results/merged/c189af3036db4adfb9e4da5bb632ea48/records.jsonl,experiments/06_new_models_n10/results/merged/c189af3036db4adfb9e4da5bb632ea48/runs/source_001/sol__Pendulum-v1__last-action__H30/query_006/predictions.jsonl,9a27ba440d11b67daacc73e84f25d7f54dd1cec2615f1e2ff2d1747c0ec27848,True,2418,608,3026,18.496054999995977,18.49241449998226,[1.7350534200668335],,,False,not_applicable,[1.73],True,,[9],True,,,False,not_applicable,,False,not_applicable,,False,not_applicable,,,,,,[9],,,,,,False,,True,9.0,9.0,True,1.7350534200668335,1.73
sol,Pendulum-v1,last-action,30,"The angular velocity changes from \(0.0816\) to \(-0.2468\), a strong clockwise acceleration. Using the Pendulum-v1 dynamics,
   \[
   \Delta\dot\theta \approx 0.75\sin(\theta)+0.15a,
   \]
   with \(\sin(\theta)=-0.0431\), gives \(a\approx-1.97\). This is also consistent with the agent’s alternating corrective torques near the upright position.",1,7,199,ed86f2fc389f62db524305bca773e237525341d06d54db32e67d462b5d744108,sol__Pendulum-v1__last-action__H30,37,data/llmx_data/offline_data/physics_data/raw_transitions/Pendulum-v1/episodes/episode_0.npz,gpt-5.6-sol,False,06_new_models_n10,True,experiments/06_new_models_n10/results/batches/a44a962437a94614a4b870b4e9366437/records.jsonl#ed86f2fc389f62db524305bca773e237525341d06d54db32e67d462b5d744108,238,experiments/06_new_models_n10/results/merged/c189af3036db4adfb9e4da5bb632ea48/records.jsonl,experiments/06_new_models_n10/results/merged/c189af3036db4adfb9e4da5bb632ea48/runs/source_001/sol__Pendulum-v1__last-action__H30/query_007/predictions.jsonl,661eb0e0589be7dfa1a7feb43b6cfb72289b4693ced2f78d0cc9db8710a3bf0f,True,2416,464,2880,15.332818208960816,15.323169915936887,[-1.974252700805664],,,False,not_applicable,[-1.97],True,,[0],True,,,False,not_applicable,,False,not_applicable,,False,not_applicable,,,,,,[0],,,,,,False,,True,0.0,0.0,True,-1.974252700805664,-1.97
sol,Pendulum-v1,last-action,30,"The angular velocity changes from \(-0.2468\) to \(0.0116\), a strong positive acceleration. Using the Pendulum-v1 dynamics,
   \[
   \dot\theta_{39}\approx \dot\theta_{38}
   +\left(15\sin(\theta_{38})+3a_{38}\right)0.05,
   \]
   with \(\theta_{38}\approx -0.0554\), gives \(a_{38}\approx 2.00\). This is the maximum positive torque and falls in bin 9.",1,8,200,0a1faeb362ea5c9f708f252ec7386cf19ef5c36ef76bedce989ae390474a3286,sol__Pendulum-v1__last-action__H30,38,data/llmx_data/offline_data/physics_data/raw_transitions/Pendulum-v1/episodes/episode_0.npz,gpt-5.6-sol,False,06_new_models_n10,True,experiments/06_new_models_n10/results/batches/a44a962437a94614a4b870b4e9366437/records.jsonl#0a1faeb362ea5c9f708f252ec7386cf19ef5c36ef76bedce989ae390474a3286,239,experiments/06_new_models_n10/results/merged/c189af3036db4adfb9e4da5bb632ea48/records.jsonl,experiments/06_new_models_n10/results/merged/c189af3036db4adfb9e4da5bb632ea48/runs/source_001/sol__Pendulum-v1__last-action__H30/query_008/predictions.jsonl,c51f00672fae996a2be88d6c13c349fc0a510a7fe2f0de810c1a572ac7be3303,True,2417,420,2837,13.897750500007533,13.893671875004657,[2.0],,,False,not_applicable,[2.0],True,,[9],True,,,False,not_applicable,,False,not_applicable,,False,not_applicable,,,,,,[9],,,,,,False,,True,9.0,9.0,True,2.0,2.0
sol,Pendulum-v1,last-action,30,"The angular velocity increases from \(0.0116\) to \(0.1217\). Using the Pendulum-v1 dynamics,
   \[
   \dot\theta_{40}-\dot\theta_{39}
   =\left(15\sin(\theta_{39})+3a_{39}\right)(0.05),
   \]
   with \(\theta_{39}\approx\operatorname{atan2}(-0.0548,0.9985)\approx-0.0548\). Solving gives \(a_{39}\approx1.01\). This also predicts \(\theta_{40}\approx-0.0487\), matching the observed next state.",1,9,201,aa028008e0412484e8f698b1db2e7f0b953f4dd5aa104c7860d9c0ebf0d48cf0,sol__Pendulum-v1__last-action__H30,39,data/llmx_data/offline_data/physics_data/raw_transitions/Pendulum-v1/episodes/episode_0.npz,gpt-5.6-sol,False,06_new_models_n10,True,experiments/06_new_models_n10/results/batches/a44a962437a94614a4b870b4e9366437/records.jsonl#aa028008e0412484e8f698b1db2e7f0b953f4dd5aa104c7860d9c0ebf0d48cf0,240,experiments/06_new_models_n10/results/merged/c189af3036db4adfb9e4da5bb632ea48/records.jsonl,experiments/06_new_models_n10/results/merged/c189af3036db4adfb9e4da5bb632ea48/runs/source_001/sol__Pendulum-v1__last-action__H30/query_009/predictions.jsonl,dbf812bf648e19de5ee305f2d27ba48b5cd0c9d1de989dc49671fa618cb3ca6d,True,2417,416,2833,7.936585625051521,7.932715542032383,[1.0084922313690186],,,False,not_applicable,[1.01],True,,[7],True,,,False,not_applicable,,False,not_applicable,,False,not_applicable,,,,,,[7],,,,,,False,,True,7.0,7.0,True,1.0084922313690186,1.01
sol,Pendulum-v1,next-action,5,"The pendulum remains slightly to the positive-angle side of upright (\(\theta \approx 0.137\)). Although its angular velocity has just become negative, the observed policy consistently applies strong negative torque to drive the angle toward zero. It will most likely remain saturated at the lower action bound.",3,0,242,25161d2798fe58286909c9c987e5ca38c0e834fbd51e5fa4b9780a3a087cda2a,sol__Pendulum-v1__next-action__H5,5,data/llmx_data/offline_data/physics_data/raw_transitions/Pendulum-v1/episodes/episode_0.npz,gpt-5.6-sol,False,06_new_models_n10,True,experiments/06_new_models_n10/results/batches/b36e550af1174766af12f84678e075ce/records.jsonl#25161d2798fe58286909c9c987e5ca38c0e834fbd51e5fa4b9780a3a087cda2a,161,experiments/06_new_models_n10/results/merged/c189af3036db4adfb9e4da5bb632ea48/records.jsonl,experiments/06_new_models_n10/results/merged/c189af3036db4adfb9e4da5bb632ea48/runs/source_002/sol__Pendulum-v1__next-action__H5/episode_000/predictions.jsonl,428005323cddd5e677743deb98833c2e0535e29fcbdf412911544e3957ff0a1d,True,1261,872,2133,18.9156257500872,18.65681549999863,[-1.7580721378326416],,,False,not_applicable,[-2.0],True,,[0],True,,,False,not_applicable,,False,not_applicable,,False,not_applicable,,,,,,[0],,,,,,False,,True,0.0,0.0,True,-1.7580721378326416,-2.0
sol,Pendulum-v1,next-action,5,"The pendulum remains slightly to the positive-angle side but is now rotating back toward upright with negative angular velocity. The agent has consistently applied strong negative torque, though it began reducing its magnitude as angular velocity became negative. Thus, a moderately strong negative action is most likely.",3,1,243,f95de71282d7b1da3f47abf273f2ab459b2f8beef327ed5b76baae6df500d509,sol__Pendulum-v1__next-action__H5,6,data/llmx_data/offline_data/physics_data/raw_transitions/Pendulum-v1/episodes/episode_0.npz,gpt-5.6-sol,False,06_new_models_n10,True,experiments/06_new_models_n10/results/batches/b36e550af1174766af12f84678e075ce/records.jsonl#f95de71282d7b1da3f47abf273f2ab459b2f8beef327ed5b76baae6df500d509,162,experiments/06_new_models_n10/results/merged/c189af3036db4adfb9e4da5bb632ea48/records.jsonl,experiments/06_new_models_n10/results/merged/c189af3036db4adfb9e4da5bb632ea48/runs/source_002/sol__Pendulum-v1__next-action__H5/episode_000/predictions.jsonl,336624ad2415446e1a0d089800bf66f489ae1aa501bfe30abd8be2e8ebfe4c27,True,1265,1048,2313,20.3783099160064,20.37522466701921,[-1.347569465637207],,,False,not_applicable,[-1.45],True,,[1],True,,,False,not_applicable,,False,not_applicable,,False,not_applicable,,,,,,[1],,,,,,False,,True,1.0,1.0,True,-1.347569465637207,-1.45
sol,Pendulum-v1,next-action,5,"The pendulum is slightly right of upright (\(\theta \approx 0.102\)) and moving clockwise with increasingly negative angular velocity. The agent’s negative torque has been steadily weakening as the pendulum approaches upright, suggesting it will further reduce the negative torque to avoid excessive clockwise speed.",3,2,244,d02d041b4d706e25189260a5ff00491aaa889cff1df203b4cd86a52207f356e7,sol__Pendulum-v1__next-action__H5,7,data/llmx_data/offline_data/physics_data/raw_transitions/Pendulum-v1/episodes/episode_0.npz,gpt-5.6-sol,False,06_new_models_n10,True,experiments/06_new_models_n10/results/batches/b36e550af1174766af12f84678e075ce/records.jsonl#d02d041b4d706e25189260a5ff00491aaa889cff1df203b4cd86a52207f356e7,163,experiments/06_new_models_n10/results/merged/c189af3036db4adfb9e4da5bb632ea48/records.jsonl,experiments/06_new_models_n10/results/merged/c189af3036db4adfb9e4da5bb632ea48/runs/source_002/sol__Pendulum-v1__next-action__H5/episode_000/predictions.jsonl,116e9e113aae1627398fc995d97b187900f3982d76ddacbddb2495853db3a931,True,1268,878,2146,16.893526540952735,16.890299333957955,[-1.195901870727539],,,False,not_applicable,[-0.9],True,,[2],True,,,False,not_applicable,,False,not_applicable,,False,not_applicable,,,,,,[2],,,,,,False,,True,2.0,2.0,True,-1.195901870727539,-0.9
sol,Pendulum-v1,next-action,5,"The pendulum remains slightly to the positive-angle side but is moving increasingly clockwise. The agent has progressively reduced the magnitude of its negative torque as the angular velocity becomes more negative, so it will likely continue that trend and choose a less-negative torque at \(s_8\).",3,3,245,f3b4df245b5ab0fabf0a7fcfdc6a3d8f7fed36605361a7f70b3608e157379fae,sol__Pendulum-v1__next-action__H5,8,data/llmx_data/offline_data/physics_data/raw_transitions/Pendulum-v1/episodes/episode_0.npz,gpt-5.6-sol,False,06_new_models_n10,True,experiments/06_new_models_n10/results/batches/b36e550af1174766af12f84678e075ce/records.jsonl#f3b4df245b5ab0fabf0a7fcfdc6a3d8f7fed36605361a7f70b3608e157379fae,164,experiments/06_new_models_n10/results/merged/c189af3036db4adfb9e4da5bb632ea48/records.jsonl,experiments/06_new_models_n10/results/merged/c189af3036db4adfb9e4da5bb632ea48/runs/source_002/sol__Pendulum-v1__next-action__H5/episode_000/predictions.jsonl,d8a99b7282eb5f396e4fb4d5aae64c73a262b7073f8f71d45487418202b4654b,True,1271,1272,2543,23.820535958977416,23.815765040926635,[-2.0],,,False,not_applicable,[-0.95],True,,[2],True,,,False,not_applicable,,False,not_applicable,,False,not_applicable,,,,,,[0],,,,,,False,,True,0.0,2.0,True,-2.0,-0.95
sol,Pendulum-v1,next-action,5,"At \(s_9\), the pendulum is nearly upright (\(\theta \approx 0.039\)) but moving clockwise quickly (\(\dot\theta=-0.7489\)). The agent will likely reverse torque strongly to brake the motion and prevent overshooting the upright position.",4,4,246,9fa4b38694dc1f2be2a3c5929da54105e367cd9f9ca0c92f44c4759237f4d4df,sol__Pendulum-v1__next-action__H5,9,data/llmx_data/offline_data/physics_data/raw_transitions/Pendulum-v1/episodes/episode_0.npz,gpt-5.6-sol,False,06_new_models_n10,True,experiments/06_new_models_n10/results/batches/b36e550af1174766af12f84678e075ce/records.jsonl#9fa4b38694dc1f2be2a3c5929da54105e367cd9f9ca0c92f44c4759237f4d4df,165,experiments/06_new_models_n10/results/merged/c189af3036db4adfb9e4da5bb632ea48/records.jsonl,experiments/06_new_models_n10/results/merged/c189af3036db4adfb9e4da5bb632ea48/runs/source_002/sol__Pendulum-v1__next-action__H5/episode_000/predictions.jsonl,a9114da9b070f05a8dc7e9a30450ffa133afcb3cb92a1497223ce51a7551f32b,True,1271,1070,2341,20.21023066691123,20.20525766699575,[1.6174393892288208],,,False,not_applicable,[2.0],True,,[9],True,,,False,not_applicable,,False,not_applicable,,False,not_applicable,,,,,,[9],,,,,,False,,True,9.0,9.0,True,1.6174393892288208,2.0
sol,Pendulum-v1,next-action,5,"The pendulum is nearly upright (\(\theta \approx 0.016\)) but still rotating clockwise with negative angular velocity. The agent switched to positive torque at step 9 to brake this motion, so it will likely continue applying strong positive torque to reduce the remaining negative velocity.",2,5,247,37f52606a7a016b5dd64a17c0c6228433f12fe81a4cc4664dd04999a466ed731,sol__Pendulum-v1__next-action__H5,10,data/llmx_data/offline_data/physics_data/raw_transitions/Pendulum-v1/episodes/episode_0.npz,gpt-5.6-sol,False,06_new_models_n10,True,experiments/06_new_models_n10/results/batches/b36e550af1174766af12f84678e075ce/records.jsonl#37f52606a7a016b5dd64a17c0c6228433f12fe81a4cc4664dd04999a466ed731,166,experiments/06_new_models_n10/results/merged/c189af3036db4adfb9e4da5bb632ea48/records.jsonl,experiments/06_new_models_n10/results/merged/c189af3036db4adfb9e4da5bb632ea48/runs/source_002/sol__Pendulum-v1__next-action__H5/episode_000/predictions.jsonl,017633f1872d484c0967acc5850a6133c9d3b99d139ac099c1f6287c9f67747f,True,1275,323,1598,6.254438624950126,6.2505826249253005,[1.809918761253357],,,False,not_applicable,[2.0],True,,[9],True,,,False,not_applicable,,False,not_applicable,,False,not_applicable,,,,,,[9],,,,,,False,,True,9.0,9.0,True,1.809918761253357,2.0
sol,Pendulum-v1,next-action,5,"The pendulum is almost upright (\(\theta \approx 0.0059\)) but still has negative angular velocity. Following the positive braking torques at steps 9–10, the agent will likely apply another positive, moderately strong torque to reduce the remaining clockwise velocity without causing a large overshoot.",2,6,248,1d67503437cd33e37390065577fd7fbc36f16d0e98b7e5e08f1869870fe6ec56,sol__Pendulum-v1__next-action__H5,11,data/llmx_data/offline_data/physics_data/raw_transitions/Pendulum-v1/episodes/episode_0.npz,gpt-5.6-sol,False,06_new_models_n10,True,experiments/06_new_models_n10/results/batches/b36e550af1174766af12f84678e075ce/records.jsonl#1d67503437cd33e37390065577fd7fbc36f16d0e98b7e5e08f1869870fe6ec56,167,experiments/06_new_models_n10/results/merged/c189af3036db4adfb9e4da5bb632ea48/records.jsonl,experiments/06_new_models_n10/results/merged/c189af3036db4adfb9e4da5bb632ea48/runs/source_002/sol__Pendulum-v1__next-action__H5/episode_000/predictions.jsonl,70bd75d86cea8f49e294f1747bec8f96938cf310e44b98672cf96deea9b545b3,True,1273,528,1801,10.027765583014116,10.023672875016928,[-0.3191149830818176],,,False,not_applicable,[1.3],True,,[8],True,,,False,not_applicable,,False,not_applicable,,False,not_applicable,,,,,,[4],,,,,,False,,True,4.0,8.0,True,-0.3191149830818176,1.3
sol,Pendulum-v1,next-action,5,The pendulum has just crossed slightly past upright (\(\theta\approx-0.0059\)) and is moving farther in the negative direction (\(\dot\theta=-0.237\)). The agent will likely apply a strong positive torque to brake this motion and return toward upright. A torque around \(+1.6\) is consistent with the earlier corrective actions.,3,7,249,76beda9c493e342f92174c224e526d56965d5e442dc27eea632e938f7d85aa81,sol__Pendulum-v1__next-action__H5,12,data/llmx_data/offline_data/physics_data/raw_transitions/Pendulum-v1/episodes/episode_0.npz,gpt-5.6-sol,False,06_new_models_n10,True,experiments/06_new_models_n10/results/batches/b36e550af1174766af12f84678e075ce/records.jsonl#76beda9c493e342f92174c224e526d56965d5e442dc27eea632e938f7d85aa81,168,experiments/06_new_models_n10/results/merged/c189af3036db4adfb9e4da5bb632ea48/records.jsonl,experiments/06_new_models_n10/results/merged/c189af3036db4adfb9e4da5bb632ea48/runs/source_002/sol__Pendulum-v1__next-action__H5/episode_000/predictions.jsonl,fa63b39392555099814ee9dcb1d8cf21487ffb08b688589b3f3df32c24a25f42,True,1271,1185,2456,20.43672316696029,20.43253095797263,[1.4111299514770508],,,False,not_applicable,[1.62],True,,[9],True,,,False,not_applicable,,False,not_applicable,,False,not_applicable,,,,,,[8],,,,,,False,,True,8.0,9.0,True,1.4111299514770508,1.62
sol,Pendulum-v1,next-action,5,"The pendulum is almost upright, but both its angle and angular velocity are slightly negative. A small positive torque should arrest the remaining clockwise motion without causing a large overshoot. The approximate torque needed to reduce the next angular velocity toward zero is about \(+0.24\).",4,8,250,430d2eafdf6d44e838ce78eca3f1702b38361500d99403596da1aea9cf1da864,sol__Pendulum-v1__next-action__H5,13,data/llmx_data/offline_data/physics_data/raw_transitions/Pendulum-v1/episodes/episode_0.npz,gpt-5.6-sol,False,06_new_models_n10,True,experiments/06_new_models_n10/results/batches/b36e550af1174766af12f84678e075ce/records.jsonl#430d2eafdf6d44e838ce78eca3f1702b38361500d99403596da1aea9cf1da864,169,experiments/06_new_models_n10/results/merged/c189af3036db4adfb9e4da5bb632ea48/records.jsonl,experiments/06_new_models_n10/results/merged/c189af3036db4adfb9e4da5bb632ea48/runs/source_002/sol__Pendulum-v1__next-action__H5/episode_000/predictions.jsonl,35cfef2e56104a2b037734f476b2ae8d87335233e22de7615a5c6ac85e415fc1,True,1268,941,2209,16.25161320902407,16.24787237495184,[-1.4400720596313477],,,False,not_applicable,[0.24],True,,[5],True,,,False,not_applicable,,False,not_applicable,,False,not_applicable,,,,,,[1],,,,,,False,,True,1.0,5.0,True,-1.4400720596313477,0.24
sol,Pendulum-v1,next-action,5,"At \(s_{14}\), the pendulum is slightly clockwise from upright (\(\theta \approx -0.02\)) and moving further clockwise (\(\dot\theta=-0.2514\)). The agent has recently alternated torque signs to stabilize near upright. This state closely resembles step 12, where it applied \(+1.4111\), so a similar positive corrective torque is likely.",2,9,251,212be5fb01c8a9ede441b1a8c3cad947dccb85a2c831c595963292c0ba558273,sol__Pendulum-v1__next-action__H5,14,data/llmx_data/offline_data/physics_data/raw_transitions/Pendulum-v1/episodes/episode_0.npz,gpt-5.6-sol,False,06_new_models_n10,True,experiments/06_new_models_n10/results/batches/b36e550af1174766af12f84678e075ce/records.jsonl#212be5fb01c8a9ede441b1a8c3cad947dccb85a2c831c595963292c0ba558273,170,experiments/06_new_models_n10/results/merged/c189af3036db4adfb9e4da5bb632ea48/records.jsonl,experiments/06_new_models_n10/results/merged/c189af3036db4adfb9e4da5bb632ea48/runs/source_002/sol__Pendulum-v1__next-action__H5/episode_000/predictions.jsonl,3a9a97bbdfc514275797e78a6c74a7a8d720c4526bfe34328eb5b9fe173ac7cf,True,1270,856,2126,15.108212916064076,15.102901582955383,[1.7092909812927246],,,False,not_applicable,[1.45],True,,[8],True,,,False,not_applicable,,False,not_applicable,,False,not_applicable,,,,,,[9],,,,,,False,,True,9.0,8.0,True,1.7092909812927246,1.45
sol,Pendulum-v1,next-action,10,"The pendulum is very close to upright (\(\theta \approx 0.016\)) but still has negative angular velocity. After applying positive torque at step 9 to brake that motion, the agent will likely continue with a moderately strong positive torque, reduced somewhat as the angular speed decreases.",2,0,252,4065987a467e6e38991a8ba878e5cb556c31d175800886629b01c989f27d67f8,sol__Pendulum-v1__next-action__H10,10,data/llmx_data/offline_data/physics_data/raw_transitions/Pendulum-v1/episodes/episode_0.npz,gpt-5.6-sol,False,06_new_models_n10,True,experiments/06_new_models_n10/results/batches/a44a962437a94614a4b870b4e9366437/records.jsonl#4065987a467e6e38991a8ba878e5cb556c31d175800886629b01c989f27d67f8,171,experiments/06_new_models_n10/results/merged/c189af3036db4adfb9e4da5bb632ea48/records.jsonl,experiments/06_new_models_n10/results/merged/c189af3036db4adfb9e4da5bb632ea48/runs/source_001/sol__Pendulum-v1__next-action__H10/query_000/predictions.jsonl,64c27c0b0c12f7895c5dfe866122fca30fb79a54a0f026b478739cf986b0e5c2,True,1486,1124,2610,24.05889812496025,24.05526304198429,[1.809918761253357],,,False,not_applicable,[1.35],True,,[8],True,,,False,not_applicable,,False,not_applicable,,False,not_applicable,,,,,,[9],,,,,,False,,True,9.0,8.0,True,1.809918761253357,1.35
sol,Pendulum-v1,next-action,10,The pendulum is nearly upright (\(\theta \approx 0.0059\)) but still rotating clockwise (\(\dot\theta=-0.1936\)). The agent recently applied strong positive torque to reduce this negative angular velocity. A smaller positive torque should now brake the remaining motion without causing a large overshoot. Estimating the torque needed to bring the next angular velocity close to zero gives approximately \(+1.26\).,3,1,253,259dcc39714c6a0439de15e236b5933577aaa48a414e62a6404c6cb571b863cd,sol__Pendulum-v1__next-action__H10,11,data/llmx_data/offline_data/physics_data/raw_transitions/Pendulum-v1/episodes/episode_0.npz,gpt-5.6-sol,False,06_new_models_n10,True,experiments/06_new_models_n10/results/batches/a44a962437a94614a4b870b4e9366437/records.jsonl#259dcc39714c6a0439de15e236b5933577aaa48a414e62a6404c6cb571b863cd,172,experiments/06_new_models_n10/results/merged/c189af3036db4adfb9e4da5bb632ea48/records.jsonl,experiments/06_new_models_n10/results/merged/c189af3036db4adfb9e4da5bb632ea48/runs/source_001/sol__Pendulum-v1__next-action__H10/query_001/predictions.jsonl,0c2794aea174f2c7bfa0e339ff1eeb55b1d1e60f2edf5c8ec4b97a2d71b49ad7,True,1488,692,2180,13.233104125014506,13.228765250067227,[-0.3191149830818176],,,False,not_applicable,[1.26],True,,[8],True,,,False,not_applicable,,False,not_applicable,,False,not_applicable,,,,,,[4],,,,,,False,,True,4.0,8.0,True,-0.3191149830818176,1.26
sol,Pendulum-v1,next-action,10,"The pendulum is just past upright (\(\theta \approx -0.0059\)) and moving clockwise with negative angular velocity (\(-0.237\)). A strong positive torque should brake this motion and push it back toward upright. Based on the prior corrective torques and the dynamics, an action near \(+1.6\) is likely.",3,2,254,1cc1212cf3f5855490bb4a85db8bee1c16f1b9d9271412517d6f94cf18154c2e,sol__Pendulum-v1__next-action__H10,12,data/llmx_data/offline_data/physics_data/raw_transitions/Pendulum-v1/episodes/episode_0.npz,gpt-5.6-sol,False,06_new_models_n10,True,experiments/06_new_models_n10/results/batches/a44a962437a94614a4b870b4e9366437/records.jsonl#1cc1212cf3f5855490bb4a85db8bee1c16f1b9d9271412517d6f94cf18154c2e,173,experiments/06_new_models_n10/results/merged/c189af3036db4adfb9e4da5bb632ea48/records.jsonl,experiments/06_new_models_n10/results/merged/c189af3036db4adfb9e4da5bb632ea48/runs/source_001/sol__Pendulum-v1__next-action__H10/query_002/predictions.jsonl,b0093f769692eb505e9a2bea600ecc603c7ca38f4e0e7979ca937f62446cfe53,True,1490,922,2412,18.25720870902296,18.253347916994244,[1.4111299514770508],,,False,not_applicable,[1.62],True,,[9],True,,,False,not_applicable,,False,not_applicable,,False,not_applicable,,,,,,[8],,,,,,False,,True,8.0,9.0,True,1.4111299514770508,1.62
sol,Pendulum-v1,next-action,10,"At \(s_{13}\), the pendulum is nearly upright but has a slightly negative angle and angular velocity. A moderate positive torque should oppose this negative motion and guide it back toward zero. Since the previous positive torque substantially reduced the negative angular velocity, the agent will likely continue with a smaller positive correction.",3,3,255,88beb4885c8859fe93e6820a30920c5d03fdd121fa349c43dfe8a452613ef213,sol__Pendulum-v1__next-action__H10,13,data/llmx_data/offline_data/physics_data/raw_transitions/Pendulum-v1/episodes/episode_0.npz,gpt-5.6-sol,False,06_new_models_n10,True,experiments/06_new_models_n10/results/batches/a44a962437a94614a4b870b4e9366437/records.jsonl#88beb4885c8859fe93e6820a30920c5d03fdd121fa349c43dfe8a452613ef213,174,experiments/06_new_models_n10/results/merged/c189af3036db4adfb9e4da5bb632ea48/records.jsonl,experiments/06_new_models_n10/results/merged/c189af3036db4adfb9e4da5bb632ea48/runs/source_001/sol__Pendulum-v1__next-action__H10/query_003/predictions.jsonl,ca1f3f52e57727a9075f6a69c11738de75892ba4a755f6b8e9344a538fc9d50d,True,1490,1045,2535,20.51261329196859,20.50889633304905,[-1.4400720596313477],,,False,not_applicable,[0.6],True,,[6],True,,,False,not_applicable,,False,not_applicable,,False,not_applicable,,,,,,[1],,,,,,False,,True,1.0,6.0,True,-1.4400720596313477,0.6
sol,Pendulum-v1,next-action,10,"The pendulum is slightly past upright (\(\theta \approx -0.02\)) and moving farther in the negative direction (\(\dot\theta=-0.2514\)). The agent will likely apply a strong positive torque to brake and reverse this motion, similar to its corrective actions at steps 9, 10, and 12.",2,4,256,ff118478432cc24b8fab553bc782639bd6c29a1e05f4000b526a5d5e6e9dad64,sol__Pendulum-v1__next-action__H10,14,data/llmx_data/offline_data/physics_data/raw_transitions/Pendulum-v1/episodes/episode_0.npz,gpt-5.6-sol,False,06_new_models_n10,True,experiments/06_new_models_n10/results/batches/a44a962437a94614a4b870b4e9366437/records.jsonl#ff118478432cc24b8fab553bc782639bd6c29a1e05f4000b526a5d5e6e9dad64,175,experiments/06_new_models_n10/results/merged/c189af3036db4adfb9e4da5bb632ea48/records.jsonl,experiments/06_new_models_n10/results/merged/c189af3036db4adfb9e4da5bb632ea48/runs/source_001/sol__Pendulum-v1__next-action__H10/query_004/predictions.jsonl,6d2d9e1e85d99ff8ade5ae6b7d9c994809a73e383c67c4b3d5811310e8e78c80,True,1491,1114,2605,21.077641124953516,21.072917041019537,[1.7092909812927246],,,False,not_applicable,[1.65],True,,[9],True,,,False,not_applicable,,False,not_applicable,,False,not_applicable,,,,,,[9],,,,,,False,,True,9.0,9.0,True,1.7092909812927246,1.65
sol,Pendulum-v1,next-action,10,"State \(s_{15}\) is near upright with a slightly negative angle and almost zero angular velocity. The closest observed state is step 13, where the agent applied a strong negative torque of \(-1.4401\). The recent pattern also alternates between strong positive and negative corrections, so after step 14’s positive torque, a negative action is likely.",2,5,257,52f881316f2fd8e53da0eb00e35d706041ccfbad56f162302eda22f7fa951700,sol__Pendulum-v1__next-action__H10,15,data/llmx_data/offline_data/physics_data/raw_transitions/Pendulum-v1/episodes/episode_0.npz,gpt-5.6-sol,False,06_new_models_n10,True,experiments/06_new_models_n10/results/batches/a44a962437a94614a4b870b4e9366437/records.jsonl#52f881316f2fd8e53da0eb00e35d706041ccfbad56f162302eda22f7fa951700,176,experiments/06_new_models_n10/results/merged/c189af3036db4adfb9e4da5bb632ea48/records.jsonl,experiments/06_new_models_n10/results/merged/c189af3036db4adfb9e4da5bb632ea48/runs/source_001/sol__Pendulum-v1__next-action__H10/query_005/predictions.jsonl,2e77bfcc78ef221f6fab8f05b8323fb01c6284a5d7f52dae5f753804cea01cc6,True,1495,984,2479,18.3242808340583,18.321097292006016,[-0.9497600793838501],,,False,not_applicable,[-1.44],True,,[1],True,,,False,not_applicable,,False,not_applicable,,False,not_applicable,,,,,,[2],,,,,,False,,True,2.0,1.0,True,-0.9497600793838501,-1.44
sol,Pendulum-v1,next-action,10,"The pendulum is slightly clockwise from upright (\(\theta \approx -0.029\)) and moving farther clockwise (\(\dot\theta=-0.168\)). In similar recent states, the agent applies a strong positive torque to brake this motion and return toward upright.",3,6,258,c3819ef3396ee516b43cdfeeefe20493b2ebf80eb407430c0f12c6eea8f55441,sol__Pendulum-v1__next-action__H10,16,data/llmx_data/offline_data/physics_data/raw_transitions/Pendulum-v1/episodes/episode_0.npz,gpt-5.6-sol,False,06_new_models_n10,True,experiments/06_new_models_n10/results/batches/a44a962437a94614a4b870b4e9366437/records.jsonl#c3819ef3396ee516b43cdfeeefe20493b2ebf80eb407430c0f12c6eea8f55441,177,experiments/06_new_models_n10/results/merged/c189af3036db4adfb9e4da5bb632ea48/records.jsonl,experiments/06_new_models_n10/results/merged/c189af3036db4adfb9e4da5bb632ea48/runs/source_001/sol__Pendulum-v1__next-action__H10/query_006/predictions.jsonl,1d6decfb8fde7c2a61993e0b9affaaed764a62e956ee9fa9f4aa5dd98111ca9c,True,1493,335,1828,6.918126208009198,6.914578124997206,[0.5440352559089661],,,False,not_applicable,[1.7],True,,[9],True,,,False,not_applicable,,False,not_applicable,,False,not_applicable,,,,,,[6],,,,,,False,,True,6.0,9.0,True,0.5440352559089661,1.7
sol,Pendulum-v1,next-action,10,"The pendulum is slightly clockwise from upright (\(\theta \approx -0.034\)) and still moving clockwise (\(\dot\theta=-0.108\)). The agent will likely apply a modest positive counterclockwise torque, similar to but slightly below the previous \(0.544\), to reduce this motion without overshooting.",2,7,259,816958f9206fed81faa90b6103de1994fbe5dde4d7e3026cc43902b408d0ef2e,sol__Pendulum-v1__next-action__H10,17,data/llmx_data/offline_data/physics_data/raw_transitions/Pendulum-v1/episodes/episode_0.npz,gpt-5.6-sol,False,06_new_models_n10,True,experiments/06_new_models_n10/results/batches/a44a962437a94614a4b870b4e9366437/records.jsonl#816958f9206fed81faa90b6103de1994fbe5dde4d7e3026cc43902b408d0ef2e,178,experiments/06_new_models_n10/results/merged/c189af3036db4adfb9e4da5bb632ea48/records.jsonl,experiments/06_new_models_n10/results/merged/c189af3036db4adfb9e4da5bb632ea48/runs/source_001/sol__Pendulum-v1__next-action__H10/query_007/predictions.jsonl,971525eb42b81f3a08549ca39015c5eb104a5104add5031e83568156c4b31367,True,1490,1906,3396,43.7696161250351,43.76436920801643,[0.02499106526374817],,,False,not_applicable,[0.48],True,,[6],True,,,False,not_applicable,,False,not_applicable,,False,not_applicable,,,,,,[5],,,,,,False,,True,5.0,6.0,True,0.02499106526374817,0.48
sol,Pendulum-v1,next-action,10,"At \(s_{18}\), both the angle (\(\theta\approx-0.0408\)) and angular velocity (\(-0.1298\)) are negative, so the pendulum is drifting farther clockwise from upright. The agent will likely apply a modest positive counterclockwise torque. Extrapolating from the recent corrections suggests approximately \(+0.26\).",3,8,260,21e3a0234c33a054a87fe77942eee72bcca269eef0fdbae86b84e20d7736594e,sol__Pendulum-v1__next-action__H10,18,data/llmx_data/offline_data/physics_data/raw_transitions/Pendulum-v1/episodes/episode_0.npz,gpt-5.6-sol,False,06_new_models_n10,True,experiments/06_new_models_n10/results/batches/a44a962437a94614a4b870b4e9366437/records.jsonl#21e3a0234c33a054a87fe77942eee72bcca269eef0fdbae86b84e20d7736594e,179,experiments/06_new_models_n10/results/merged/c189af3036db4adfb9e4da5bb632ea48/records.jsonl,experiments/06_new_models_n10/results/merged/c189af3036db4adfb9e4da5bb632ea48/runs/source_001/sol__Pendulum-v1__next-action__H10/query_008/predictions.jsonl,97921bfb67b41165778e52d5f12c145f758ab555204979e8f899bb2c14747b69,True,1488,820,2308,17.439319791970775,17.435342874960043,[0.7087789177894592],,,False,not_applicable,[0.26],True,,[5],True,,,False,not_applicable,,False,not_applicable,,False,not_applicable,,,,,,[6],,,,,,False,,True,6.0,5.0,True,0.7087789177894592,0.26
sol,Pendulum-v1,next-action,10,"The pendulum is slightly clockwise from upright (\(\theta \approx -0.0435\)) and still moving clockwise slowly. Recent behavior alternates between positive braking torque and small negative corrections. Since the previous positive torque substantially reduced the angular speed, the agent will likely apply a small negative torque to avoid overshooting.",3,9,261,8fba3d6e8843e5488f0088a77b33d1005d8b5f28792439b1a79b3ddd42525a79,sol__Pendulum-v1__next-action__H10,19,data/llmx_data/offline_data/physics_data/raw_transitions/Pendulum-v1/episodes/episode_0.npz,gpt-5.6-sol,False,06_new_models_n10,True,experiments/06_new_models_n10/results/batches/a44a962437a94614a4b870b4e9366437/records.jsonl#8fba3d6e8843e5488f0088a77b33d1005d8b5f28792439b1a79b3ddd42525a79,180,experiments/06_new_models_n10/results/merged/c189af3036db4adfb9e4da5bb632ea48/records.jsonl,experiments/06_new_models_n10/results/merged/c189af3036db4adfb9e4da5bb632ea48/runs/source_001/sol__Pendulum-v1__next-action__H10/query_009/predictions.jsonl,9381143a7b279dec409525b8606d9d40ab3319ce4d1302877b3931f47af11041,True,1489,1920,3409,42.42034470802173,42.41620920889545,[0.5939425230026245],,,False,not_applicable,[-0.2],True,,[4],True,,,False,not_applicable,,False,not_applicable,,False,not_applicable,,,,,,[6],,,,,,False,,True,6.0,4.0,True,0.5939425230026245,-0.2
sol,Pendulum-v1,next-action,20,The pendulum is slightly clockwise from upright (\(\theta\approx-0.0433\)) and has almost zero angular velocity. Recent behavior shows the agent applying moderate positive torque in this region to push the angle back toward zero. A torque near \(0.6\) is therefore likely.,3,0,262,aa75e7afee88bb4655bc98f532dc93526417b54ddd373a18e4d8c303d3b55563,sol__Pendulum-v1__next-action__H20,20,data/llmx_data/offline_data/physics_data/raw_transitions/Pendulum-v1/episodes/episode_0.npz,gpt-5.6-sol,True,05_new_models_single,False,experiments/05_new_models_single/results/records.jsonl#aa75e7afee88bb4655bc98f532dc93526417b54ddd373a18e4d8c303d3b55563,181,experiments/06_new_models_n10/results/merged/c189af3036db4adfb9e4da5bb632ea48/records.jsonl,experiments/06_new_models_n10/results/merged/c189af3036db4adfb9e4da5bb632ea48/runs/source_000/sol__Pendulum-v1__next-action__H20/episode_000/predictions.jsonl,99db7908cc8b0712ad0d3153057b0a5d7ace262c825a740dc1d919b1267b29ad,True,1925,729,2654,19.557204250013456,19.33246474992484,[0.08882922679185867],,,False,not_applicable,[0.62],True,,[6],True,,,False,not_applicable,,False,not_applicable,,False,not_applicable,,,,,,[5],,,,,,False,,True,5.0,6.0,True,0.08882922679185867,0.62
sol,Pendulum-v1,next-action,20,"The pendulum is slightly clockwise from upright (\(\theta \approx -0.044\)) and moving slowly farther in that direction (\(\dot\theta=-0.0167\)). The agent will likely apply a modest positive torque to reverse this drift, consistent with its recent corrective positive actions.",3,1,263,099ac3f92ad6428b229808ab52f19e1f835539e1b64b58e338f404503a0eb69f,sol__Pendulum-v1__next-action__H20,21,data/llmx_data/offline_data/physics_data/raw_transitions/Pendulum-v1/episodes/episode_0.npz,gpt-5.6-sol,True,05_new_models_single,False,experiments/05_new_models_single/results/records.jsonl#099ac3f92ad6428b229808ab52f19e1f835539e1b64b58e338f404503a0eb69f,182,experiments/06_new_models_n10/results/merged/c189af3036db4adfb9e4da5bb632ea48/records.jsonl,experiments/06_new_models_n10/results/merged/c189af3036db4adfb9e4da5bb632ea48/runs/source_000/sol__Pendulum-v1__next-action__H20/episode_000/predictions.jsonl,a4221e3c622ec300ed6875a5ca28d4c7f799b0ca50c3353bf2d7a23a20a93161,True,1926,654,2580,13.30234954203479,13.29929087497294,[0.6434862613677979],,,False,not_applicable,[0.45],True,,[6],True,,,False,not_applicable,,False,not_applicable,,False,not_applicable,,,,,,[6],,,,,,False,,True,6.0,6.0,True,0.6434862613677979,0.45
sol,Pendulum-v1,next-action,20,The pendulum is slightly to the negative-angle side of upright (\(\theta \approx -0.042\)) and moving slowly toward upright (\(\dot\theta \approx 0.047\)). The recent policy applies mostly modest positive torque in this region. A small positive torque should counter gravity without causing a large overshoot.,3,2,264,909ed98ac5b2065e5d0c2fad89546859b47bbdd829f9e3cf2e222aef1f62f6ea,sol__Pendulum-v1__next-action__H20,22,data/llmx_data/offline_data/physics_data/raw_transitions/Pendulum-v1/episodes/episode_0.npz,gpt-5.6-sol,True,05_new_models_single,False,experiments/05_new_models_single/results/records.jsonl#909ed98ac5b2065e5d0c2fad89546859b47bbdd829f9e3cf2e222aef1f62f6ea,183,experiments/06_new_models_n10/results/merged/c189af3036db4adfb9e4da5bb632ea48/records.jsonl,experiments/06_new_models_n10/results/merged/c189af3036db4adfb9e4da5bb632ea48/runs/source_000/sol__Pendulum-v1__next-action__H20/episode_000/predictions.jsonl,a232f77e4f450391a46e8a642d0b9a5267c8835c24801dcc4943d878ac74fb98,True,1929,992,2921,19.21341199998278,19.209687915979885,[-1.0871518850326538],,,False,not_applicable,[0.2],True,,[5],True,,,False,not_applicable,,False,not_applicable,,False,not_applicable,,,,,,[2],,,,,,False,,True,2.0,5.0,True,-1.0871518850326538,0.2
sol,Pendulum-v1,next-action,20,"The pendulum is slightly past upright in the negative-angle direction and has a negative angular velocity, so it is moving farther from upright. The agent will likely apply a moderately positive counterclockwise torque to brake and reverse that motion. Similar nearby states received positive actions around \(0.5\)–\(0.7\); the larger deviation suggests a somewhat stronger action.",3,3,265,09bd3472bca22c09a681750560ac0bdb1c5c26ba61fed2290765ba59099d14bf,sol__Pendulum-v1__next-action__H20,23,data/llmx_data/offline_data/physics_data/raw_transitions/Pendulum-v1/episodes/episode_0.npz,gpt-5.6-sol,True,05_new_models_single,False,experiments/05_new_models_single/results/records.jsonl#09bd3472bca22c09a681750560ac0bdb1c5c26ba61fed2290765ba59099d14bf,184,experiments/06_new_models_n10/results/merged/c189af3036db4adfb9e4da5bb632ea48/records.jsonl,experiments/06_new_models_n10/results/merged/c189af3036db4adfb9e4da5bb632ea48/runs/source_000/sol__Pendulum-v1__next-action__H20/episode_000/predictions.jsonl,51c03f12bc3346e4008dd9bcf805ab5447b3224ed735d4b17231c9128b9a54f0,True,1932,1043,2975,22.044112292001955,22.039617709000595,[1.421302080154419],,,False,not_applicable,[0.9],True,,[7],True,,,False,not_applicable,,False,not_applicable,,False,not_applicable,,,,,,[8],,,,,,False,,True,8.0,7.0,True,1.421302080154419,0.9
sol,Pendulum-v1,next-action,20,The pendulum is slightly clockwise from upright (\(\theta \approx -0.048\)) and has a small positive angular velocity. In similar nearby states—especially step 22—the agent applied a negative torque to reduce/reverse that positive motion. A moderate negative action near \(-1\) is therefore most likely.,2,4,266,337fc2a62d367e0e14ca4df32af52a1e94b4bae094f9335101383d6a74d1858d,sol__Pendulum-v1__next-action__H20,24,data/llmx_data/offline_data/physics_data/raw_transitions/Pendulum-v1/episodes/episode_0.npz,gpt-5.6-sol,True,05_new_models_single,False,experiments/05_new_models_single/results/records.jsonl#337fc2a62d367e0e14ca4df32af52a1e94b4bae094f9335101383d6a74d1858d,185,experiments/06_new_models_n10/results/merged/c189af3036db4adfb9e4da5bb632ea48/records.jsonl,experiments/06_new_models_n10/results/merged/c189af3036db4adfb9e4da5bb632ea48/runs/source_000/sol__Pendulum-v1__next-action__H20/episode_000/predictions.jsonl,f64233adb5e524bd59540c52533f4664436c20a61cbf1cd8af079b2c35e66c63,True,1933,804,2737,15.110163583070971,15.106292792013846,[0.33447736501693726],,,False,not_applicable,[-1.0],True,,[2],True,,,False,not_applicable,,False,not_applicable,,False,not_applicable,,,,,,[5],,,,,,False,,True,5.0,2.0,True,0.33447736501693726,-1.0
sol,Pendulum-v1,next-action,20,"The pendulum is slightly clockwise from upright (\(\theta \approx -0.046\)) and moving counterclockwise with a small positive angular velocity. The agent has generally applied negative torque in nearby states with positive angular velocity to brake the motion. Comparing especially with steps 22 and 24 suggests a moderate negative action, likely between \(-0.8\) and \(-0.4\).",2,5,267,5b04e7d66ad2213b2a33b84f2b67d010d2b0128b1b94fa3d20ab8381859889bf,sol__Pendulum-v1__next-action__H20,25,data/llmx_data/offline_data/physics_data/raw_transitions/Pendulum-v1/episodes/episode_0.npz,gpt-5.6-sol,True,05_new_models_single,False,experiments/05_new_models_single/results/records.jsonl#5b04e7d66ad2213b2a33b84f2b67d010d2b0128b1b94fa3d20ab8381859889bf,186,experiments/06_new_models_n10/results/merged/c189af3036db4adfb9e4da5bb632ea48/records.jsonl,experiments/06_new_models_n10/results/merged/c189af3036db4adfb9e4da5bb632ea48/runs/source_000/sol__Pendulum-v1__next-action__H20/episode_000/predictions.jsonl,49cf5d7f772b7a215f3600b31782c2df2b41f365621c0da209cfb3daac6e2f9b,True,1936,1470,3406,29.918714624946006,29.914013165980577,[-0.48779454827308655],,,False,not_applicable,[-0.58],True,,[3],True,,,False,not_applicable,,False,not_applicable,,False,not_applicable,,,,,,[3],,,,,,False,,True,3.0,3.0,True,-0.48779454827308655,-0.58
sol,Pendulum-v1,next-action,20,"The pendulum is slightly clockwise from upright (\(\theta \approx -0.049\)) and moving clockwise (\(\dot\theta=-0.0646\)). The agent generally responds to similar states with a positive counterclockwise torque. Nearby examples, especially steps 19 and 21, suggest a moderate action around \(0.6\)–\(0.7\).",2,6,268,96a0ab90e587ba397df5efe55effcd6f9216cdb2f834431e7c1d87600efcedeb,sol__Pendulum-v1__next-action__H20,26,data/llmx_data/offline_data/physics_data/raw_transitions/Pendulum-v1/episodes/episode_0.npz,gpt-5.6-sol,True,05_new_models_single,False,experiments/05_new_models_single/results/records.jsonl#96a0ab90e587ba397df5efe55effcd6f9216cdb2f834431e7c1d87600efcedeb,187,experiments/06_new_models_n10/results/merged/c189af3036db4adfb9e4da5bb632ea48/records.jsonl,experiments/06_new_models_n10/results/merged/c189af3036db4adfb9e4da5bb632ea48/runs/source_000/sol__Pendulum-v1__next-action__H20/episode_000/predictions.jsonl,da3a7e7ad5fdcaacc786311fc2adb45fec38202e010774faf87c77b8c60effa8,True,1935,1010,2945,22.092095083091408,22.086962791974656,[0.6751355528831482],,,False,not_applicable,[0.65],True,,[6],True,,,False,not_applicable,,False,not_applicable,,False,not_applicable,,,,,,[6],,,,,,False,,True,6.0,6.0,True,0.6751355528831482,0.65
sol,Pendulum-v1,next-action,20,The pendulum is slightly clockwise from upright (\(\theta \approx -0.049\)) with essentially zero angular velocity. The agent generally applies a modest positive torque in this region to push it counterclockwise toward upright. Nearby states suggest a torque around \(0.3\).,3,7,269,558c2f524a403bf42e3ad94ddf68af1ed4881d319deb0bd5aec5fd91a9a32185,sol__Pendulum-v1__next-action__H20,27,data/llmx_data/offline_data/physics_data/raw_transitions/Pendulum-v1/episodes/episode_0.npz,gpt-5.6-sol,True,05_new_models_single,False,experiments/05_new_models_single/results/records.jsonl#558c2f524a403bf42e3ad94ddf68af1ed4881d319deb0bd5aec5fd91a9a32185,188,experiments/06_new_models_n10/results/merged/c189af3036db4adfb9e4da5bb632ea48/records.jsonl,experiments/06_new_models_n10/results/merged/c189af3036db4adfb9e4da5bb632ea48/runs/source_000/sol__Pendulum-v1__next-action__H20/episode_000/predictions.jsonl,f541e8dc89d091657a0778c7cc0f4851201d8f0afdce5cb366599f301b5e4aa0,True,1943,1114,3057,26.440741332946345,26.435243665939197,[0.7845479249954224],,,False,not_applicable,[0.3],True,,[5],True,,,False,not_applicable,,False,not_applicable,,False,not_applicable,,,,,,[6],,,,,,False,,True,6.0,5.0,True,0.7845479249954224,0.3
sol,Pendulum-v1,next-action,20,"The pendulum is slightly clockwise from upright (\(\sin\theta<0\)) but is moving counterclockwise with positive angular velocity. In comparable recent states with positive angular velocity, the agent generally applied negative torque to brake the motion. Since \(0.0811\) is relatively large near equilibrium, a moderately strong negative action is likely.",3,8,270,6c1fedcde25d9466c8070e7c67414222c196400c85f299bc4072c7266f6d47d6,sol__Pendulum-v1__next-action__H20,28,data/llmx_data/offline_data/physics_data/raw_transitions/Pendulum-v1/episodes/episode_0.npz,gpt-5.6-sol,True,05_new_models_single,False,experiments/05_new_models_single/results/records.jsonl#6c1fedcde25d9466c8070e7c67414222c196400c85f299bc4072c7266f6d47d6,189,experiments/06_new_models_n10/results/merged/c189af3036db4adfb9e4da5bb632ea48/records.jsonl,experiments/06_new_models_n10/results/merged/c189af3036db4adfb9e4da5bb632ea48/runs/source_000/sol__Pendulum-v1__next-action__H20/episode_000/predictions.jsonl,8002a1dc0ca72114ed5923196b01e2bf4a671ad31fc089905d423034d9034ce6,True,1941,1812,3753,39.576863916940056,39.57258566597011,[-1.375152826309204],,,False,not_applicable,[-1.4],True,,[1],True,,,False,not_applicable,,False,not_applicable,,False,not_applicable,,,,,,[1],,,,,,False,,True,1.0,1.0,True,-1.375152826309204,-1.4
sol,Pendulum-v1,next-action,20,"At state \(s_{29}\), both the angle (\(\theta\approx-0.053\)) and angular velocity (\(-0.159\)) are negative, so the agent will likely apply a positive corrective torque. The closest observed state is Step 23, where a similar angle and velocity led to action \(1.4213\). A slightly stronger correction is plausible here.",2,9,271,feb575cd42bbc0732bd597acfe2c9e030729ae963021edb32b45f00069eae49c,sol__Pendulum-v1__next-action__H20,29,data/llmx_data/offline_data/physics_data/raw_transitions/Pendulum-v1/episodes/episode_0.npz,gpt-5.6-sol,True,05_new_models_single,False,experiments/05_new_models_single/results/records.jsonl#feb575cd42bbc0732bd597acfe2c9e030729ae963021edb32b45f00069eae49c,190,experiments/06_new_models_n10/results/merged/c189af3036db4adfb9e4da5bb632ea48/records.jsonl,experiments/06_new_models_n10/results/merged/c189af3036db4adfb9e4da5bb632ea48/runs/source_000/sol__Pendulum-v1__next-action__H20/episode_000/predictions.jsonl,560b2ce071a5e7b26dbcb4fd703109cf99febf893d995a86523dee1fe64b2708,True,1943,415,2358,7.458984542055987,7.454897040966898,[1.9077938795089722],,,False,not_applicable,[1.48],True,,[8],True,,,False,not_applicable,,False,not_applicable,,False,not_applicable,,,,,,[9],,,,,,False,,True,9.0,8.0,True,1.9077938795089722,1.48
sol,Pendulum-v1,next-action,30,"The pendulum is slightly clockwise from upright (\(\theta \approx -0.048\)) and moving counterclockwise with positive angular velocity \(0.0878\). In similar states—especially step 28—the agent applied a strong negative torque to brake that motion. Thus, an action near \(-1.4\) is likely.",2,0,272,12d70cf3ed8243cecb52c7057ce5112c1c88bf38f7b990172793a751380a9e0f,sol__Pendulum-v1__next-action__H30,30,data/llmx_data/offline_data/physics_data/raw_transitions/Pendulum-v1/episodes/episode_0.npz,gpt-5.6-sol,False,06_new_models_n10,True,experiments/06_new_models_n10/results/batches/a44a962437a94614a4b870b4e9366437/records.jsonl#12d70cf3ed8243cecb52c7057ce5112c1c88bf38f7b990172793a751380a9e0f,191,experiments/06_new_models_n10/results/merged/c189af3036db4adfb9e4da5bb632ea48/records.jsonl,experiments/06_new_models_n10/results/merged/c189af3036db4adfb9e4da5bb632ea48/runs/source_001/sol__Pendulum-v1__next-action__H30/query_000/predictions.jsonl,bf7fae2873a557c9bfc34bd3683148edc1bb712965719b5606912696846269f4,True,2379,304,2683,6.7738749999552965,6.77034970803652,[-0.8885178565979004],,,False,not_applicable,[-1.4],True,,[1],True,,,False,not_applicable,,False,not_applicable,,False,not_applicable,,,,,,[2],,,,,,False,,True,2.0,1.0,True,-0.8885178565979004,-1.4
sol,Pendulum-v1,next-action,30,"The pendulum is slightly clockwise from upright (\(\theta\approx-0.053\)) and moving farther clockwise (\(\dot\theta=-0.0818\)). The agent generally responds to this local state with positive counterclockwise torque, as seen at similar states in Steps 23, 26, and 29. A moderately strong positive action is therefore likely.",2,1,273,387c1a27cee121fc7e60e9e23225e1de14f882cf89db796771974e44f768e0d5,sol__Pendulum-v1__next-action__H30,31,data/llmx_data/offline_data/physics_data/raw_transitions/Pendulum-v1/episodes/episode_0.npz,gpt-5.6-sol,False,06_new_models_n10,True,experiments/06_new_models_n10/results/batches/a44a962437a94614a4b870b4e9366437/records.jsonl#387c1a27cee121fc7e60e9e23225e1de14f882cf89db796771974e44f768e0d5,192,experiments/06_new_models_n10/results/merged/c189af3036db4adfb9e4da5bb632ea48/records.jsonl,experiments/06_new_models_n10/results/merged/c189af3036db4adfb9e4da5bb632ea48/runs/source_001/sol__Pendulum-v1__next-action__H30/query_001/predictions.jsonl,0c5da8e0232300144b98766d76a144abb0edfdca22aa1a58d609ee184a61b54f,True,2382,978,3360,20.95499237498734,20.951606000075117,[1.4703737497329712],,,False,not_applicable,[1.25],True,,[8],True,,,False,not_applicable,,False,not_applicable,,False,not_applicable,,,,,,[8],,,,,,False,,True,8.0,8.0,True,1.4703737497329712,1.25
sol,Pendulum-v1,next-action,30,"The pendulum is slightly clockwise from upright (\(\theta\approx-0.048\)) and moving counterclockwise with positive angular velocity \(0.0994\). In similar recent states with positive velocity (steps 28 and 30), the agent applied a moderately strong negative torque to brake the motion. Thus, a negative action near \(-1.1\) is most likely.",2,2,274,f7d8001523da77e2e8d0700282d1edd8e704a1324ae2566467f90d334bb2c0b9,sol__Pendulum-v1__next-action__H30,32,data/llmx_data/offline_data/physics_data/raw_transitions/Pendulum-v1/episodes/episode_0.npz,gpt-5.6-sol,False,06_new_models_n10,True,experiments/06_new_models_n10/results/batches/a44a962437a94614a4b870b4e9366437/records.jsonl#f7d8001523da77e2e8d0700282d1edd8e704a1324ae2566467f90d334bb2c0b9,193,experiments/06_new_models_n10/results/merged/c189af3036db4adfb9e4da5bb632ea48/records.jsonl,experiments/06_new_models_n10/results/merged/c189af3036db4adfb9e4da5bb632ea48/runs/source_001/sol__Pendulum-v1__next-action__H30/query_002/predictions.jsonl,4c66befc40259c8775dac655c554af91b3a82b64e68fffcc091f9938cdbc587e,True,2385,1012,3397,20.75990120903589,20.755611541098915,[-0.9442287683486938],,,False,not_applicable,[-1.15],True,,[2],True,,,False,not_applicable,,False,not_applicable,,False,not_applicable,,,,,,[2],,,,,,False,,True,2.0,2.0,True,-0.9442287683486938,-1.15
sol,Pendulum-v1,next-action,30,"State \(s_{33}\) is very close to \(s_{31}\), especially in angle and angular velocity. At \(s_{31}=[0.9986,-0.0525,-0.0818]\), the agent applied \(+1.4704\). The recent behavior alternates torque direction to damp angular velocity near the upright position, so a similar positive corrective torque is likely.",2,3,275,b66dad0d31ba893710ba19f0fb47ead95d3c94aa36baa878d25d1707e87a4f12,sol__Pendulum-v1__next-action__H30,33,data/llmx_data/offline_data/physics_data/raw_transitions/Pendulum-v1/episodes/episode_0.npz,gpt-5.6-sol,False,06_new_models_n10,True,experiments/06_new_models_n10/results/batches/a44a962437a94614a4b870b4e9366437/records.jsonl#b66dad0d31ba893710ba19f0fb47ead95d3c94aa36baa878d25d1707e87a4f12,194,experiments/06_new_models_n10/results/merged/c189af3036db4adfb9e4da5bb632ea48/records.jsonl,experiments/06_new_models_n10/results/merged/c189af3036db4adfb9e4da5bb632ea48/runs/source_001/sol__Pendulum-v1__next-action__H30/query_003/predictions.jsonl,9fe6f24d6f4a538af1cdc8a1a731288cdf0a668cd834f447786b9a7d74a55e0f,True,2388,510,2898,15.059692749986425,15.05682433291804,[1.5583062171936035],,,False,not_applicable,[1.47],True,,[8],True,,,False,not_applicable,,False,not_applicable,,False,not_applicable,,,,,,[8],,,,,,False,,True,8.0,8.0,True,1.5583062171936035,1.47
sol,Pendulum-v1,next-action,30,"Near the upright position, the agent counteracts positive angular velocity with negative torque. Recent comparable states at steps 28, 30, and 32 received actions of \(-1.3752\), \(-0.8885\), and \(-0.9442\). Since \(s_{34}\) has a slightly larger positive angular velocity (\(0.1173\)), a somewhat stronger negative action is likely.",2,4,276,a5d19c47040b2404ef6ad51f0867df099697ded1bee788464de0d426b7a46f9d,sol__Pendulum-v1__next-action__H30,34,data/llmx_data/offline_data/physics_data/raw_transitions/Pendulum-v1/episodes/episode_0.npz,gpt-5.6-sol,False,06_new_models_n10,True,experiments/06_new_models_n10/results/batches/a44a962437a94614a4b870b4e9366437/records.jsonl#a5d19c47040b2404ef6ad51f0867df099697ded1bee788464de0d426b7a46f9d,195,experiments/06_new_models_n10/results/merged/c189af3036db4adfb9e4da5bb632ea48/records.jsonl,experiments/06_new_models_n10/results/merged/c189af3036db4adfb9e4da5bb632ea48/runs/source_001/sol__Pendulum-v1__next-action__H30/query_004/predictions.jsonl,e250c8da0b3098a2c1187492c0421577749606283396ca382c9e9dca4c789239,True,2388,489,2877,11.122552208020352,11.118079042062163,[0.1804589033126831],,,False,not_applicable,[-1.1],True,,[2],True,,,False,not_applicable,,False,not_applicable,,False,not_applicable,,,,,,[5],,,,,,False,,True,5.0,2.0,True,0.1804589033126831,-1.1
sol,Pendulum-v1,next-action,30,"The pendulum is close to upright (\(\theta \approx -0.04\)) but has positive angular velocity (\(0.1103\)). In similar nearby states—especially steps 28, 30, and 32—the agent applied a moderately strong negative torque to brake this motion and avoid overshooting. Thus, a torque near \(-1\) is most likely.",2,5,277,0df18a493e95c31d83b0a1b20349710bf2d200a13d97f0aa1e258a17c9926985,sol__Pendulum-v1__next-action__H30,35,data/llmx_data/offline_data/physics_data/raw_transitions/Pendulum-v1/episodes/episode_0.npz,gpt-5.6-sol,False,06_new_models_n10,True,experiments/06_new_models_n10/results/batches/a44a962437a94614a4b870b4e9366437/records.jsonl#0df18a493e95c31d83b0a1b20349710bf2d200a13d97f0aa1e258a17c9926985,196,experiments/06_new_models_n10/results/merged/c189af3036db4adfb9e4da5bb632ea48/records.jsonl,experiments/06_new_models_n10/results/merged/c189af3036db4adfb9e4da5bb632ea48/runs/source_001/sol__Pendulum-v1__next-action__H30/query_005/predictions.jsonl,a411f23a36faa763df1f90d77259e6d043ac29d99cb19b5de33314f4173af34a,True,2392,1557,3949,32.53823745797854,32.533525000093505,[-1.4897518157958984],,,False,not_applicable,[-1.0],True,,[2],True,,,False,not_applicable,,False,not_applicable,,False,not_applicable,,,,,,[1],,,,,,False,,True,1.0,2.0,True,-1.4897518157958984,-1.0
sol,Pendulum-v1,next-action,30,"The pendulum is slightly clockwise from upright (\(y=-0.0472\)) and moving farther clockwise (\(\dot\theta=-0.1432\)). In similar states—especially steps 23, 29, 31, and 33—the agent applies a strong positive counterclockwise torque. A value near \(+1.7\) is therefore likely.",2,6,278,4b169435a71bf02d605a3530f6e17b9f908614db0d5f81e6a0a6a135b532a4cc,sol__Pendulum-v1__next-action__H30,36,data/llmx_data/offline_data/physics_data/raw_transitions/Pendulum-v1/episodes/episode_0.npz,gpt-5.6-sol,False,06_new_models_n10,True,experiments/06_new_models_n10/results/batches/a44a962437a94614a4b870b4e9366437/records.jsonl#4b169435a71bf02d605a3530f6e17b9f908614db0d5f81e6a0a6a135b532a4cc,197,experiments/06_new_models_n10/results/merged/c189af3036db4adfb9e4da5bb632ea48/records.jsonl,experiments/06_new_models_n10/results/merged/c189af3036db4adfb9e4da5bb632ea48/runs/source_001/sol__Pendulum-v1__next-action__H30/query_006/predictions.jsonl,1354de4fbd8570ff83bde3209ddf3a0c627bce956bd02def6a73fe6ac12792af,True,2390,367,2757,10.363468165975064,10.359426415991038,[1.7350534200668335],,,False,not_applicable,[1.7],True,,[9],True,,,False,not_applicable,,False,not_applicable,,False,not_applicable,,,,,,[9],,,,,,False,,True,9.0,9.0,True,1.7350534200668335,1.7
sol,Pendulum-v1,next-action,30,"State \(s_{37}\) has a small negative angle and positive angular velocity. The agent typically counters this motion with negative torque. The closest observed state is step 28, which produced action \(-1.3752\), so a similar action is likely.",2,7,279,e2cc9c473d776cb477b3fe926455cbaa36ee7e14177dfa42339ddba9ac0d8c80,sol__Pendulum-v1__next-action__H30,37,data/llmx_data/offline_data/physics_data/raw_transitions/Pendulum-v1/episodes/episode_0.npz,gpt-5.6-sol,False,06_new_models_n10,True,experiments/06_new_models_n10/results/batches/a44a962437a94614a4b870b4e9366437/records.jsonl#e2cc9c473d776cb477b3fe926455cbaa36ee7e14177dfa42339ddba9ac0d8c80,198,experiments/06_new_models_n10/results/merged/c189af3036db4adfb9e4da5bb632ea48/records.jsonl,experiments/06_new_models_n10/results/merged/c189af3036db4adfb9e4da5bb632ea48/runs/source_001/sol__Pendulum-v1__next-action__H30/query_007/predictions.jsonl,91d513b88e3e9f0eb5aa522afa004c973b6a489b957522165080ad9c32a9d9c3,True,2389,344,2733,9.95552525005769,9.951160334050655,[-1.974252700805664],,,False,not_applicable,[-1.38],True,,[1],True,,,False,not_applicable,,False,not_applicable,,False,not_applicable,,,,,,[0],,,,,,False,,True,0.0,1.0,True,-1.974252700805664,-1.38
sol,Pendulum-v1,next-action,30,"The agent generally counters substantial negative angular velocity with strong positive torque. At \(s_{38}\), the angular velocity is \(-0.2468\), larger in magnitude than several prior states where the agent selected positive torques around \(1.4\)–\(1.9\). Thus, a near-maximum positive action is likely.",3,8,280,3a7caa1e8c8a2296087081fe62dd0e500a65fdc0c9315b425333addd8e42cbdd,sol__Pendulum-v1__next-action__H30,38,data/llmx_data/offline_data/physics_data/raw_transitions/Pendulum-v1/episodes/episode_0.npz,gpt-5.6-sol,False,06_new_models_n10,True,experiments/06_new_models_n10/results/batches/a44a962437a94614a4b870b4e9366437/records.jsonl#3a7caa1e8c8a2296087081fe62dd0e500a65fdc0c9315b425333addd8e42cbdd,199,experiments/06_new_models_n10/results/merged/c189af3036db4adfb9e4da5bb632ea48/records.jsonl,experiments/06_new_models_n10/results/merged/c189af3036db4adfb9e4da5bb632ea48/runs/source_001/sol__Pendulum-v1__next-action__H30/query_008/predictions.jsonl,ab42ac5dde135f9b6960420c1e44c203a3878b836a6fc837be41ee47d80c8339,True,2389,464,2853,14.821235624956898,14.816968708997592,[2.0],,,False,not_applicable,[1.95],True,,[9],True,,,False,not_applicable,,False,not_applicable,,False,not_applicable,,,,,,[9],,,,,,False,,True,9.0,9.0,True,2.0,1.95
sol,Pendulum-v1,next-action,30,"Near the upright position, the agent generally applies positive torque when the angle is slightly negative, while damping positive angular velocity. At \(s_{39}\), the angle is approximately \(-0.0548\) rad and the angular velocity is only \(0.0116\), so a small positive corrective torque is likely.",3,9,281,f7b50db021a3ded38d577245fd0e4dfe0c898ab5a9ffcaf6066ecfec84908ab7,sol__Pendulum-v1__next-action__H30,39,data/llmx_data/offline_data/physics_data/raw_transitions/Pendulum-v1/episodes/episode_0.npz,gpt-5.6-sol,False,06_new_models_n10,True,experiments/06_new_models_n10/results/batches/a44a962437a94614a4b870b4e9366437/records.jsonl#f7b50db021a3ded38d577245fd0e4dfe0c898ab5a9ffcaf6066ecfec84908ab7,200,experiments/06_new_models_n10/results/merged/c189af3036db4adfb9e4da5bb632ea48/records.jsonl,experiments/06_new_models_n10/results/merged/c189af3036db4adfb9e4da5bb632ea48/runs/source_001/sol__Pendulum-v1__next-action__H30/query_009/predictions.jsonl,6f07524aff4afcea8ef9a70823eb8bb981a3ee49526ca3008e0c545c54f6c1fd,True,2389,1091,3480,31.310046083061025,31.30593700008467,[1.0084922313690186],,,False,not_applicable,[0.29],True,,[5],True,,,False,not_applicable,,False,not_applicable,,False,not_applicable,,,,,,[7],,,,,,False,,True,7.0,5.0,True,1.0084922313690186,0.29
terra,Pendulum-v1,last-action,5,"From \(s_5\) to \(s_6\), the angular velocity becomes more negative, from \(-0.1319\) to \(-0.2931\). The pendulum remains slightly to the positive-angle side of upright, and the agent continues applying a strong negative (clockwise) torque, consistent with its prior actions near \(-2\). Using the observed velocity change and Pendulum dynamics gives an estimated torque near \(-1.75\).",2,0,482,5138ec7cd73da5abd09c2b1c53f2e297d4e624f001f5741cc469ad6a3dc72a66,terra__Pendulum-v1__last-action__H5,5,data/llmx_data/offline_data/physics_data/raw_transitions/Pendulum-v1/episodes/episode_0.npz,gpt-5.6-terra,False,06_new_models_n10,True,experiments/06_new_models_n10/results/batches/b36e550af1174766af12f84678e075ce/records.jsonl#5138ec7cd73da5abd09c2b1c53f2e297d4e624f001f5741cc469ad6a3dc72a66,521,experiments/06_new_models_n10/results/merged/c189af3036db4adfb9e4da5bb632ea48/records.jsonl,experiments/06_new_models_n10/results/merged/c189af3036db4adfb9e4da5bb632ea48/runs/source_002/terra__Pendulum-v1__last-action__H5/episode_000/predictions.jsonl,25a12d6e249adc591af93e571842efda78a6409879924d632ef649b05bc9ae6d,True,1289,657,1946,9.40259483398404,9.399637916940264,[-1.7580721378326416],,,False,not_applicable,[-1.75],True,,[0],True,,,False,not_applicable,,False,not_applicable,,False,not_applicable,,,,,,[0],,,,,,False,,True,0.0,0.0,True,-1.7580721378326416,-1.75
terra,Pendulum-v1,last-action,5,"From \(s_6\) to \(s_7\), angular velocity decreases from \(-0.2931\) to \(-0.4037\), indicating a negative (clockwise) torque. Using the Pendulum dynamics and the observed velocity change, the torque is estimated to be approximately \(-1.35\). This is consistent with the agent’s preceding behavior, where it applies negative torque to reduce the pendulum’s positive angular displacement and stabilize near upright.",2,1,483,144b4a9e68268c623bbf92e8bb9432c9f558c8c523afb79f558a69110c620215,terra__Pendulum-v1__last-action__H5,6,data/llmx_data/offline_data/physics_data/raw_transitions/Pendulum-v1/episodes/episode_0.npz,gpt-5.6-terra,False,06_new_models_n10,True,experiments/06_new_models_n10/results/batches/b36e550af1174766af12f84678e075ce/records.jsonl#144b4a9e68268c623bbf92e8bb9432c9f558c8c523afb79f558a69110c620215,522,experiments/06_new_models_n10/results/merged/c189af3036db4adfb9e4da5bb632ea48/records.jsonl,experiments/06_new_models_n10/results/merged/c189af3036db4adfb9e4da5bb632ea48/runs/source_002/terra__Pendulum-v1__last-action__H5/episode_000/predictions.jsonl,014a098eb5d8b642d36becc58cb65b922b355f16547478aa42d5e1986b985b32,True,1292,571,1863,8.204130583093502,8.200856667011976,[-1.347569465637207],,,False,not_applicable,[-1.35],True,,[1],True,,,False,not_applicable,,False,not_applicable,,False,not_applicable,,,,,,[1],,,,,,False,,True,1.0,1.0,True,-1.347569465637207,-1.35
terra,Pendulum-v1,last-action,5,"From s7 to s8, angular velocity decreases from -0.4037 to -0.5066, indicating continued negative (clockwise) torque. The torque magnitude is less negative than earlier saturated actions and is consistent with approximately -1.2 based on the observed angular-velocity transition and pendulum dynamics.",2,2,484,25eac966b254553181e47283cba678fde5f36b800655fa7a4bd8b36d108e4c95,terra__Pendulum-v1__last-action__H5,7,data/llmx_data/offline_data/physics_data/raw_transitions/Pendulum-v1/episodes/episode_0.npz,gpt-5.6-terra,False,06_new_models_n10,True,experiments/06_new_models_n10/results/batches/b36e550af1174766af12f84678e075ce/records.jsonl#25eac966b254553181e47283cba678fde5f36b800655fa7a4bd8b36d108e4c95,523,experiments/06_new_models_n10/results/merged/c189af3036db4adfb9e4da5bb632ea48/records.jsonl,experiments/06_new_models_n10/results/merged/c189af3036db4adfb9e4da5bb632ea48/runs/source_002/terra__Pendulum-v1__last-action__H5/episode_000/predictions.jsonl,f001c4b89aa65dadf7f152410f4b5c1b9d4df49ce2e7931a44df06b819078841,True,1295,675,1970,10.227664708974771,10.223340166034177,[-1.195901870727539],,,False,not_applicable,[-1.2],True,,[2],True,,,False,not_applicable,,False,not_applicable,,False,not_applicable,,,,,,[2],,,,,,False,,True,2.0,2.0,True,-1.195901870727539,-1.2
terra,Pendulum-v1,last-action,5,"From \(s8\) to \(s9\), angular velocity decreases substantially from \(-0.5066\) to \(-0.7489\), while the pendulum is still slightly left of upright (\(\sin(\theta)=0.0768\)). This requires a strong negative/counteracting torque. The observed transition is consistent with the action being clipped at the lower action limit, approximately \(-2.0\).",2,3,485,3cc671dd282ff61f3a501c83a72151e9b999013b657685d13015b9e5e984f635,terra__Pendulum-v1__last-action__H5,8,data/llmx_data/offline_data/physics_data/raw_transitions/Pendulum-v1/episodes/episode_0.npz,gpt-5.6-terra,False,06_new_models_n10,True,experiments/06_new_models_n10/results/batches/b36e550af1174766af12f84678e075ce/records.jsonl#3cc671dd282ff61f3a501c83a72151e9b999013b657685d13015b9e5e984f635,524,experiments/06_new_models_n10/results/merged/c189af3036db4adfb9e4da5bb632ea48/records.jsonl,experiments/06_new_models_n10/results/merged/c189af3036db4adfb9e4da5bb632ea48/runs/source_002/terra__Pendulum-v1__last-action__H5/episode_000/predictions.jsonl,1d3159f47d31d0e776fa99415c08c3bd8e5113d40aee32d449c32d71826a3907,True,1299,387,1686,5.751391708035953,5.747288834070787,[-2.0],,,False,not_applicable,[-2.0],True,,[0],True,,,False,not_applicable,,False,not_applicable,,False,not_applicable,,,,,,[0],,,,,,False,,True,0.0,0.0,True,-2.0,-2.0
terra,Pendulum-v1,last-action,5,"The angular velocity changes from \(-0.7489\) to \(-0.4768\), meaning the agent applied a strong positive (counterclockwise) torque to slow the pendulum’s negative angular motion as it approached the upright position. Using the Pendulum dynamics, the implied torque is approximately \(+1.62\).",2,4,486,e97042e7e91ab8d9ca154b28351386053450daf774c5883cf98b92e893d398cf,terra__Pendulum-v1__last-action__H5,9,data/llmx_data/offline_data/physics_data/raw_transitions/Pendulum-v1/episodes/episode_0.npz,gpt-5.6-terra,False,06_new_models_n10,True,experiments/06_new_models_n10/results/batches/b36e550af1174766af12f84678e075ce/records.jsonl#e97042e7e91ab8d9ca154b28351386053450daf774c5883cf98b92e893d398cf,525,experiments/06_new_models_n10/results/merged/c189af3036db4adfb9e4da5bb632ea48/records.jsonl,experiments/06_new_models_n10/results/merged/c189af3036db4adfb9e4da5bb632ea48/runs/source_002/terra__Pendulum-v1__last-action__H5/episode_000/predictions.jsonl,8d090dd97cdc9081bea9bb492c34a0e596b577910e46bdb6ac3b07fd640ef9ac,True,1299,352,1651,5.664183333981782,5.660916458000429,[1.6174393892288208],,,False,not_applicable,[1.62],True,,[9],True,,,False,not_applicable,,False,not_applicable,,False,not_applicable,,,,,,[9],,,,,,False,,True,9.0,9.0,True,1.6174393892288208,1.62
terra,Pendulum-v1,last-action,5,"The angular velocity changes from \(-0.4768\) at \(s_{10}\) to \(-0.1936\) at \(s_{11}\), a positive change of about \(+0.2832\). Since the pendulum is near upright (\(\theta \approx 0.0156\)), gravity contributes only slightly; the main cause of this strong positive angular acceleration is a positive, near-maximum counterclockwise torque. Using the Pendulum dynamics and the preceding transition pattern gives an estimated torque of approximately \(+1.81\).",1,5,487,672e10aab266a24e559da7f1ea9bddf518a1bc0db730c0c997b239665bc48f59,terra__Pendulum-v1__last-action__H5,10,data/llmx_data/offline_data/physics_data/raw_transitions/Pendulum-v1/episodes/episode_0.npz,gpt-5.6-terra,False,06_new_models_n10,True,experiments/06_new_models_n10/results/batches/b36e550af1174766af12f84678e075ce/records.jsonl#672e10aab266a24e559da7f1ea9bddf518a1bc0db730c0c997b239665bc48f59,526,experiments/06_new_models_n10/results/merged/c189af3036db4adfb9e4da5bb632ea48/records.jsonl,experiments/06_new_models_n10/results/merged/c189af3036db4adfb9e4da5bb632ea48/runs/source_002/terra__Pendulum-v1__last-action__H5/episode_000/predictions.jsonl,b86887b0c8562bf85dd2437376996712068818a3131581995c7732b53e2103af,True,1302,473,1775,7.4217221670551226,7.4169792080065235,[1.809918761253357],,,False,not_applicable,[1.81],True,,[9],True,,,False,not_applicable,,False,not_applicable,,False,not_applicable,,,,,,[9],,,,,,False,,True,9.0,9.0,True,1.809918761253357,1.81
terra,Pendulum-v1,last-action,5,"Near the upright position, the agent applies corrective torque to control angular velocity. From \(s_{11}\) to \(s_{12}\), the angular velocity becomes more negative, from \(-0.1936\) to \(-0.2370\). Since gravity near the upright position contributes a small positive acceleration for positive angle, the observed negative acceleration implies a modest negative (clockwise) torque. Using the Pendulum dynamics gives an estimated torque of approximately \(-0.32\).",2,6,488,75681bc44e879c50113c438b4960cda7d762abb7b6b080e8d39989dd8a247225,terra__Pendulum-v1__last-action__H5,11,data/llmx_data/offline_data/physics_data/raw_transitions/Pendulum-v1/episodes/episode_0.npz,gpt-5.6-terra,False,06_new_models_n10,True,experiments/06_new_models_n10/results/batches/b36e550af1174766af12f84678e075ce/records.jsonl#75681bc44e879c50113c438b4960cda7d762abb7b6b080e8d39989dd8a247225,527,experiments/06_new_models_n10/results/merged/c189af3036db4adfb9e4da5bb632ea48/records.jsonl,experiments/06_new_models_n10/results/merged/c189af3036db4adfb9e4da5bb632ea48/runs/source_002/terra__Pendulum-v1__last-action__H5/episode_000/predictions.jsonl,4fb530207408d5d802885455c4818a771e7e2ede7b56015463b1d686efc52da0,True,1299,561,1860,8.913359291967936,8.909406499937177,[-0.3191149830818176],,,False,not_applicable,[-0.32],True,,[4],True,,,False,not_applicable,,False,not_applicable,,False,not_applicable,,,,,,[4],,,,,,False,,True,4.0,4.0,True,-0.3191149830818176,-0.32
terra,Pendulum-v1,last-action,5,"At \(s_{12}\), the pendulum is slightly left of upright (\(\theta \approx -0.0059\)) and moving left/downward with angular velocity \(-0.237\). By \(s_{13}\), its velocity has been strongly corrected toward zero (\(-0.0298\)), requiring a positive (counterclockwise) torque. Using the Pendulum dynamics, the estimated torque is approximately \(+1.41\).",2,7,489,eeb428412738f5b905422c40a57556e786af897b1c678e7a8065f38258a6ecef,terra__Pendulum-v1__last-action__H5,12,data/llmx_data/offline_data/physics_data/raw_transitions/Pendulum-v1/episodes/episode_0.npz,gpt-5.6-terra,False,06_new_models_n10,True,experiments/06_new_models_n10/results/batches/b36e550af1174766af12f84678e075ce/records.jsonl#eeb428412738f5b905422c40a57556e786af897b1c678e7a8065f38258a6ecef,528,experiments/06_new_models_n10/results/merged/c189af3036db4adfb9e4da5bb632ea48/records.jsonl,experiments/06_new_models_n10/results/merged/c189af3036db4adfb9e4da5bb632ea48/runs/source_002/terra__Pendulum-v1__last-action__H5/episode_000/predictions.jsonl,526d7c24b4419dc1c193b6f5f0f375d21806bc34705c4e226fc6cb5501d1161d,True,1297,475,1772,6.536521542002447,6.532856791047379,[1.4111299514770508],,,False,not_applicable,[1.41],True,,[8],True,,,False,not_applicable,,False,not_applicable,,False,not_applicable,,,,,,[8],,,,,,False,,True,8.0,8.0,True,1.4111299514770508,1.41
terra,Pendulum-v1,last-action,5,"Near the upright position, the pendulum has a very small negative angle and nearly zero angular velocity at \(s_{13}\). The transition to \(s_{14}\) produces a substantially more negative angular velocity (\(-0.0298 \rightarrow -0.2514\)), indicating a strong negative (clockwise) torque. Using the Pendulum dynamics gives an estimated torque of approximately \(-1.44\).",2,8,490,77d2696dae83bdea2aeb076369e4f0e866f01a8462b31cc2151f719b4b1ddcbc,terra__Pendulum-v1__last-action__H5,13,data/llmx_data/offline_data/physics_data/raw_transitions/Pendulum-v1/episodes/episode_0.npz,gpt-5.6-terra,False,06_new_models_n10,True,experiments/06_new_models_n10/results/batches/b36e550af1174766af12f84678e075ce/records.jsonl#77d2696dae83bdea2aeb076369e4f0e866f01a8462b31cc2151f719b4b1ddcbc,529,experiments/06_new_models_n10/results/merged/c189af3036db4adfb9e4da5bb632ea48/records.jsonl,experiments/06_new_models_n10/results/merged/c189af3036db4adfb9e4da5bb632ea48/runs/source_002/terra__Pendulum-v1__last-action__H5/episode_000/predictions.jsonl,1c681e7a2a5ed51963fb4c0a4c600b7af3eb7ed7a78f2fe9042ec1b658c6eddb,True,1295,401,1696,5.842059000045992,5.837749792030081,[-1.4400720596313477],,,False,not_applicable,[-1.44],True,,[1],True,,,False,not_applicable,,False,not_applicable,,False,not_applicable,,,,,,[1],,,,,,False,,True,1.0,1.0,True,-1.4400720596313477,-1.44
terra,Pendulum-v1,last-action,5,"The angular velocity changes from \(-0.2514\) to approximately \(-0.0100\), a strong positive increase of about \(+0.24\). Since the pendulum is slightly to the negative-angle side, a substantial positive (counterclockwise) torque is needed to slow its negative angular velocity and nearly stabilize it. This is consistent with an action near the upper positive range.",1,9,491,02431f958150502fc08ba4f62f3f00e4abe05a4cf4e3399aba5d546471d6dc06,terra__Pendulum-v1__last-action__H5,14,data/llmx_data/offline_data/physics_data/raw_transitions/Pendulum-v1/episodes/episode_0.npz,gpt-5.6-terra,False,06_new_models_n10,True,experiments/06_new_models_n10/results/batches/b36e550af1174766af12f84678e075ce/records.jsonl#02431f958150502fc08ba4f62f3f00e4abe05a4cf4e3399aba5d546471d6dc06,530,experiments/06_new_models_n10/results/merged/c189af3036db4adfb9e4da5bb632ea48/records.jsonl,experiments/06_new_models_n10/results/merged/c189af3036db4adfb9e4da5bb632ea48/runs/source_002/terra__Pendulum-v1__last-action__H5/episode_000/predictions.jsonl,a2bc5c3239b3b275ba58c5366ae4c788536e8a4f96584037092d2bf9e2f968e6,True,1298,332,1630,5.529591375030577,5.525545874959789,[1.7092909812927246],,,False,not_applicable,[1.71],True,,[9],True,,,False,not_applicable,,False,not_applicable,,False,not_applicable,,,,,,[9],,,,,,False,,True,9.0,9.0,True,1.7092909812927246,1.71
terra,Pendulum-v1,last-action,10,"At \(s_{10}\), the pendulum is very close to upright but rotating clockwise (\(\dot{\theta}=-0.4768\)). To reduce this negative angular velocity, the agent should apply a strong positive (counterclockwise) torque. The transition to \(s_{11}\), whose angular velocity is much less negative (\(-0.1936\)), is consistent with an action near the positive maximum.",2,0,492,1598d05adbed88414698b29fa2800ce4239ac12e431796498130a7d2ce1319e4,terra__Pendulum-v1__last-action__H10,10,data/llmx_data/offline_data/physics_data/raw_transitions/Pendulum-v1/episodes/episode_0.npz,gpt-5.6-terra,False,06_new_models_n10,True,experiments/06_new_models_n10/results/batches/a44a962437a94614a4b870b4e9366437/records.jsonl#1598d05adbed88414698b29fa2800ce4239ac12e431796498130a7d2ce1319e4,531,experiments/06_new_models_n10/results/merged/c189af3036db4adfb9e4da5bb632ea48/records.jsonl,experiments/06_new_models_n10/results/merged/c189af3036db4adfb9e4da5bb632ea48/runs/source_001/terra__Pendulum-v1__last-action__H10/query_000/predictions.jsonl,3b83cb0722d97242cb435e140a7267f6d649e58b242cb73766f7267230d22d9b,True,1513,395,1908,7.7503428750205785,7.745808833045885,[1.809918761253357],,,False,not_applicable,[1.81],True,,[9],True,,,False,not_applicable,,False,not_applicable,,False,not_applicable,,,,,,[9],,,,,,False,,True,9.0,9.0,True,1.809918761253357,1.81
terra,Pendulum-v1,last-action,10,"From \(s_{11}\) to \(s_{12}\), angular velocity changes from \(-0.1936\) to \(-0.2370\), so the pendulum accelerates slightly further in the negative direction. Near the upright position, gravity contributes a small positive acceleration, so the agent must apply a modest negative torque to produce the observed negative angular acceleration. Using the Pendulum-v1 dynamics gives an estimated torque of approximately \(-0.32\).",2,1,493,62bcfdefea9654283a2be51340dd52c18e4bb3862df1c796b97d935570666c1f,terra__Pendulum-v1__last-action__H10,11,data/llmx_data/offline_data/physics_data/raw_transitions/Pendulum-v1/episodes/episode_0.npz,gpt-5.6-terra,False,06_new_models_n10,True,experiments/06_new_models_n10/results/batches/a44a962437a94614a4b870b4e9366437/records.jsonl#62bcfdefea9654283a2be51340dd52c18e4bb3862df1c796b97d935570666c1f,532,experiments/06_new_models_n10/results/merged/c189af3036db4adfb9e4da5bb632ea48/records.jsonl,experiments/06_new_models_n10/results/merged/c189af3036db4adfb9e4da5bb632ea48/runs/source_001/terra__Pendulum-v1__last-action__H10/query_001/predictions.jsonl,6099b64a195ef408d9899c48be819f2138ec03bb0e74cb9ad7d6eec6dce4eb91,True,1514,628,2142,10.489908417104743,10.485680500045419,[-0.3191149830818176],,,False,not_applicable,[-0.32],True,,[4],True,,,False,not_applicable,,False,not_applicable,,False,not_applicable,,,,,,[4],,,,,,False,,True,4.0,4.0,True,-0.3191149830818176,-0.32
terra,Pendulum-v1,last-action,10,"The angular velocity changes from \(-0.2370\) to \(-0.0298\), a strong positive acceleration. Since the pendulum is nearly upright but slightly to the negative-angle side, a positive (counterclockwise) torque is needed to reduce the negative angular velocity. Using the Pendulum dynamics, this corresponds to a torque of approximately \(+1.41\).",2,2,494,c447d597d5e1536c1b7b5ed8799998e735d958c4908fd15a79e7da6b4c16518d,terra__Pendulum-v1__last-action__H10,12,data/llmx_data/offline_data/physics_data/raw_transitions/Pendulum-v1/episodes/episode_0.npz,gpt-5.6-terra,False,06_new_models_n10,True,experiments/06_new_models_n10/results/batches/a44a962437a94614a4b870b4e9366437/records.jsonl#c447d597d5e1536c1b7b5ed8799998e735d958c4908fd15a79e7da6b4c16518d,533,experiments/06_new_models_n10/results/merged/c189af3036db4adfb9e4da5bb632ea48/records.jsonl,experiments/06_new_models_n10/results/merged/c189af3036db4adfb9e4da5bb632ea48/runs/source_001/terra__Pendulum-v1__last-action__H10/query_002/predictions.jsonl,c2ad0dcce60f9379114744bb2d2d3f8dd4a0025c8098eaecde38a091a8eec220,True,1516,486,2002,8.19869774999097,8.195457249996252,[1.4111299514770508],,,False,not_applicable,[1.41],True,,[8],True,,,False,not_applicable,,False,not_applicable,,False,not_applicable,,,,,,[8],,,,,,False,,True,8.0,8.0,True,1.4111299514770508,1.41
terra,Pendulum-v1,last-action,10,"From \(s_{13}\) to \(s_{14}\), angular velocity changes from \(-0.0298\) to \(-0.2514\), a decrease of about \(-0.2216\). Near the upright position, gravity contributes only a small negative acceleration because the angle is slightly negative. Therefore, the substantial negative velocity change is caused by a negative torque. Using the Pendulum dynamics and the observed transition, the torque is approximately \(-1.44\).",1,3,495,4e77ff1a0190d6e3c024697400e06c89dae95054454e6b0ea1356e1e003b6143,terra__Pendulum-v1__last-action__H10,13,data/llmx_data/offline_data/physics_data/raw_transitions/Pendulum-v1/episodes/episode_0.npz,gpt-5.6-terra,False,06_new_models_n10,True,experiments/06_new_models_n10/results/batches/a44a962437a94614a4b870b4e9366437/records.jsonl#4e77ff1a0190d6e3c024697400e06c89dae95054454e6b0ea1356e1e003b6143,534,experiments/06_new_models_n10/results/merged/c189af3036db4adfb9e4da5bb632ea48/records.jsonl,experiments/06_new_models_n10/results/merged/c189af3036db4adfb9e4da5bb632ea48/runs/source_001/terra__Pendulum-v1__last-action__H10/query_003/predictions.jsonl,bfab62d510945f28c5ac6751e2b18bfc4f09c3ebbbd263af711d181c2886a863,True,1517,470,1987,8.382159500033595,8.378263749997132,[-1.4400720596313477],,,False,not_applicable,[-1.44],True,,[1],True,,,False,not_applicable,,False,not_applicable,,False,not_applicable,,,,,,[1],,,,,,False,,True,1.0,1.0,True,-1.4400720596313477,-1.44
terra,Pendulum-v1,last-action,10,"At \(s14\), the pendulum has a small negative angle and is moving clockwise (\(\dot{\theta}=-0.2514\)). At \(s15\), its angular velocity is nearly zero (\(-0.01\)), so the agent must apply a substantial positive/counterclockwise torque to brake the negative angular velocity. Based on the Pendulum dynamics, this is approximately \(+1.7\).",2,4,496,cb9cd7adc5fb5592fffd2fc33caeb9cf81817bfe4031303ce060c13d567c3c55,terra__Pendulum-v1__last-action__H10,14,data/llmx_data/offline_data/physics_data/raw_transitions/Pendulum-v1/episodes/episode_0.npz,gpt-5.6-terra,False,06_new_models_n10,True,experiments/06_new_models_n10/results/batches/a44a962437a94614a4b870b4e9366437/records.jsonl#cb9cd7adc5fb5592fffd2fc33caeb9cf81817bfe4031303ce060c13d567c3c55,535,experiments/06_new_models_n10/results/merged/c189af3036db4adfb9e4da5bb632ea48/records.jsonl,experiments/06_new_models_n10/results/merged/c189af3036db4adfb9e4da5bb632ea48/runs/source_001/terra__Pendulum-v1__last-action__H10/query_004/predictions.jsonl,be83d55a1c91894c2387f7a6d5424ada0d3c7ce592bd37c8f12ca78a137764c2,True,1519,395,1914,7.549474333063699,7.545017708907835,[1.7092909812927246],,,False,not_applicable,[1.71],True,,[9],True,,,False,not_applicable,,False,not_applicable,,False,not_applicable,,,,,,[9],,,,,,False,,True,9.0,9.0,True,1.7092909812927246,1.71
terra,Pendulum-v1,last-action,10,"At \(s_{15}\), the pendulum is slightly to the right of upright in the negative-angle direction (\(\theta \approx -0.0205\)) with near-zero negative angular velocity. By \(s_{16}\), its angular velocity becomes substantially more negative, from \(-0.01\) to \(-0.1678\). This indicates the agent applied a negative (clockwise) torque. Using the observed Pendulum dynamics, the implied torque is approximately \(-0.95\).",2,5,497,7d1ed1f16c19be3fd6b2ed34f453c084559a9ec982d3437a3af6432b51bfbaaa,terra__Pendulum-v1__last-action__H10,15,data/llmx_data/offline_data/physics_data/raw_transitions/Pendulum-v1/episodes/episode_0.npz,gpt-5.6-terra,False,06_new_models_n10,True,experiments/06_new_models_n10/results/batches/a44a962437a94614a4b870b4e9366437/records.jsonl#7d1ed1f16c19be3fd6b2ed34f453c084559a9ec982d3437a3af6432b51bfbaaa,536,experiments/06_new_models_n10/results/merged/c189af3036db4adfb9e4da5bb632ea48/records.jsonl,experiments/06_new_models_n10/results/merged/c189af3036db4adfb9e4da5bb632ea48/runs/source_001/terra__Pendulum-v1__last-action__H10/query_005/predictions.jsonl,70de207df61c582fa94a1c5ccfba78b04cee69afc01a4f95ceb07d50693a1209,True,1522,421,1943,7.146031792042777,7.141143542015925,[-0.9497600793838501],,,False,not_applicable,[-0.95],True,,[2],True,,,False,not_applicable,,False,not_applicable,,False,not_applicable,,,,,,[2],,,,,,False,,True,2.0,2.0,True,-0.9497600793838501,-0.95
terra,Pendulum-v1,last-action,10,"From \(s_{16}\) to \(s_{17}\), the angular velocity changes from \(-0.1678\) to \(-0.1079\), i.e. it becomes less negative. This requires a positive (counterclockwise) torque. Using the Pendulum dynamics near the upright position, the observed velocity increase corresponds to an action of approximately \(+0.54\).",2,6,498,57442273fea620d5ed9d6d43962b3617b36920dfb0b76e3d67fd5c45a7ed33df,terra__Pendulum-v1__last-action__H10,16,data/llmx_data/offline_data/physics_data/raw_transitions/Pendulum-v1/episodes/episode_0.npz,gpt-5.6-terra,False,06_new_models_n10,True,experiments/06_new_models_n10/results/batches/a44a962437a94614a4b870b4e9366437/records.jsonl#57442273fea620d5ed9d6d43962b3617b36920dfb0b76e3d67fd5c45a7ed33df,537,experiments/06_new_models_n10/results/merged/c189af3036db4adfb9e4da5bb632ea48/records.jsonl,experiments/06_new_models_n10/results/merged/c189af3036db4adfb9e4da5bb632ea48/runs/source_001/terra__Pendulum-v1__last-action__H10/query_006/predictions.jsonl,1ad473c9f6266a7478ebef37040b9cbaa6a014863c46675fa7bf23222dc952cd,True,1520,350,1870,6.013774874969386,6.009893125039525,[0.5440352559089661],,,False,not_applicable,[0.54],True,,[6],True,,,False,not_applicable,,False,not_applicable,,False,not_applicable,,,,,,[6],,,,,,False,,True,6.0,6.0,True,0.5440352559089661,0.54
terra,Pendulum-v1,last-action,10,"From \(s_{17}\) to \(s_{18}\), the angular velocity changes from \(-0.1079\) to \(-0.1298\), a change of about \(-0.0219\). At the small negative angle (\(\theta \approx -0.0343\)), gravity contributes a negative acceleration, while the agent appears to apply a very small positive torque to partially counteract it. Using the pendulum dynamics, the inferred torque is approximately \(+0.03\).",1,7,499,bc4d2c06bf76cc5a87691e71f49d5bd1e84267a841c8ed5f42f4a8b3a3080405,terra__Pendulum-v1__last-action__H10,17,data/llmx_data/offline_data/physics_data/raw_transitions/Pendulum-v1/episodes/episode_0.npz,gpt-5.6-terra,False,06_new_models_n10,True,experiments/06_new_models_n10/results/batches/a44a962437a94614a4b870b4e9366437/records.jsonl#bc4d2c06bf76cc5a87691e71f49d5bd1e84267a841c8ed5f42f4a8b3a3080405,538,experiments/06_new_models_n10/results/merged/c189af3036db4adfb9e4da5bb632ea48/records.jsonl,experiments/06_new_models_n10/results/merged/c189af3036db4adfb9e4da5bb632ea48/runs/source_001/terra__Pendulum-v1__last-action__H10/query_007/predictions.jsonl,510c999814171ad1c856ee6973d9bdc16a2f07c4a112f9c4ed2d808344c12344,True,1517,613,2130,10.626892167027108,10.622895917040296,[0.02499106526374817],,,False,not_applicable,[0.03],True,,[5],True,,,False,not_applicable,,False,not_applicable,,False,not_applicable,,,,,,[5],,,,,,False,,True,5.0,5.0,True,0.02499106526374817,0.03
terra,Pendulum-v1,last-action,10,"The angular velocity changes from \(-0.1298\) at \(s18\) to \(-0.0541\) at \(s19\), meaning the applied torque produced a positive (counterclockwise) angular acceleration to slow the pendulum’s negative velocity. Accounting for the small negative angle and gravitational contribution, the torque is approximately \(+0.71\).",2,8,500,b4ed7fbe854cd19f04f12e5d011c615d76aebe59f8cbe007594e511a4760caf2,terra__Pendulum-v1__last-action__H10,18,data/llmx_data/offline_data/physics_data/raw_transitions/Pendulum-v1/episodes/episode_0.npz,gpt-5.6-terra,False,06_new_models_n10,True,experiments/06_new_models_n10/results/batches/a44a962437a94614a4b870b4e9366437/records.jsonl#b4ed7fbe854cd19f04f12e5d011c615d76aebe59f8cbe007594e511a4760caf2,539,experiments/06_new_models_n10/results/merged/c189af3036db4adfb9e4da5bb632ea48/records.jsonl,experiments/06_new_models_n10/results/merged/c189af3036db4adfb9e4da5bb632ea48/runs/source_001/terra__Pendulum-v1__last-action__H10/query_008/predictions.jsonl,982665b2f8a7ff7e65a74bb8da779cd63211b0c63c84b6e2fc1a53a63ba86ffe,True,1515,373,1888,6.94302837504074,6.938681999919936,[0.7087789177894592],,,False,not_applicable,[0.71],True,,[6],True,,,False,not_applicable,,False,not_applicable,,False,not_applicable,,,,,,[6],,,,,,False,,True,6.0,6.0,True,0.7087789177894592,0.71
terra,Pendulum-v1,last-action,10,"Near the upright position, the agent applies positive torque to counter the current negative angle and negative angular velocity. From \(s_{19}\), the angular velocity changes from \(-0.0541\) to \(0.0024\), requiring a moderately positive torque. Based on the observed Pendulum dynamics, this corresponds to an action of approximately \(+0.59\).",2,9,501,7acdaef9ea72894466994c3840649715e8ac8abf1852587c597132aea9f08f5e,terra__Pendulum-v1__last-action__H10,19,data/llmx_data/offline_data/physics_data/raw_transitions/Pendulum-v1/episodes/episode_0.npz,gpt-5.6-terra,False,06_new_models_n10,True,experiments/06_new_models_n10/results/batches/a44a962437a94614a4b870b4e9366437/records.jsonl#7acdaef9ea72894466994c3840649715e8ac8abf1852587c597132aea9f08f5e,540,experiments/06_new_models_n10/results/merged/c189af3036db4adfb9e4da5bb632ea48/records.jsonl,experiments/06_new_models_n10/results/merged/c189af3036db4adfb9e4da5bb632ea48/runs/source_001/terra__Pendulum-v1__last-action__H10/query_009/predictions.jsonl,e82effff96a486795372d2faa2a082345eff7e1e81e5d760555f7d236ab500f6,True,1517,538,2055,9.911121999961324,9.907479166984558,[0.5939425230026245],,,False,not_applicable,[0.59],True,,[6],True,,,False,not_applicable,,False,not_applicable,,False,not_applicable,,,,,,[6],,,,,,False,,True,6.0,6.0,True,0.5939425230026245,0.59
terra,Pendulum-v1,last-action,20,"At \(s_{20}\), the pendulum is slightly to the negative-angle side (\(\sin\theta \approx -0.0433\)) and has nearly zero angular velocity (\(0.0024\)). The next angular velocity becomes slightly negative (\(-0.0167\)). Using the observed Pendulum dynamics, a small positive torque—approximately \(+0.09\)—matches this change after accounting for gravity. This is a gentle balancing action rather than a large corrective torque.",2,0,502,4750f3e42c51cbc2cae4c99b3c8486bbce4c1998c6ef9ee1647843049c80d022,terra__Pendulum-v1__last-action__H20,20,data/llmx_data/offline_data/physics_data/raw_transitions/Pendulum-v1/episodes/episode_0.npz,gpt-5.6-terra,True,05_new_models_single,False,experiments/05_new_models_single/results/records.jsonl#4750f3e42c51cbc2cae4c99b3c8486bbce4c1998c6ef9ee1647843049c80d022,541,experiments/06_new_models_n10/results/merged/c189af3036db4adfb9e4da5bb632ea48/records.jsonl,experiments/06_new_models_n10/results/merged/c189af3036db4adfb9e4da5bb632ea48/runs/source_000/terra__Pendulum-v1__last-action__H20/episode_000/predictions.jsonl,d7ea68b025199d671e889904bf32fb655e2f75261e8e498e06bc0bab9ce834db,True,1951,440,2391,7.544370083021931,7.540636499994434,[0.08882922679185867],,,False,not_applicable,[0.09],True,,[5],True,,,False,not_applicable,,False,not_applicable,,False,not_applicable,,,,,,[5],,,,,,False,,True,5.0,5.0,True,0.08882922679185867,0.09
terra,Pendulum-v1,last-action,20,"At \(s_{21}\), the pendulum is slightly to the negative-angle side (\(y=-0.0442\)) with a small negative angular velocity (\(-0.0167\)). At \(s_{22}\), its angular velocity becomes positive (\(0.0467\)), indicating a positive/counterclockwise torque was applied to reverse the motion. Estimating from the observed angular-velocity change and nearby dynamics suggests a torque of approximately \(+0.64\).",2,1,503,a846d4812d1dd085d4ce67ac9444d9734195667aac70789efc7391fc7d722b99,terra__Pendulum-v1__last-action__H20,21,data/llmx_data/offline_data/physics_data/raw_transitions/Pendulum-v1/episodes/episode_0.npz,gpt-5.6-terra,True,05_new_models_single,False,experiments/05_new_models_single/results/records.jsonl#a846d4812d1dd085d4ce67ac9444d9734195667aac70789efc7391fc7d722b99,542,experiments/06_new_models_n10/results/merged/c189af3036db4adfb9e4da5bb632ea48/records.jsonl,experiments/06_new_models_n10/results/merged/c189af3036db4adfb9e4da5bb632ea48/runs/source_000/terra__Pendulum-v1__last-action__H20/episode_000/predictions.jsonl,51e8d8ffd0c8e07e08bd3324ae9291c6b29b4e24bb8f3bff383cc5862756456b,True,1954,518,2472,7.612862291978672,7.608466374920681,[0.6434862613677979],,,False,not_applicable,[0.64],True,,[6],True,,,False,not_applicable,,False,not_applicable,,False,not_applicable,,,,,,[6],,,,,,False,,True,6.0,6.0,True,0.6434862613677979,0.64
terra,Pendulum-v1,last-action,20,"From \(s_{22}\) to \(s_{23}\), angular velocity changes from \(0.0467\) to \(-0.1478\), a substantial negative acceleration. Since the pendulum is slightly right/clockwise of upright (\(\sin\theta=-0.0418\)), gravity contributes only a small negative acceleration; most of the velocity reduction must come from a negative (clockwise) torque. Estimating the Pendulum-v1 dynamics gives an action near \(-1.09\).",2,2,504,5b4b859dff9aa56c784c4c58c46d15f8d994a4c2d1b3e8e80f0201732d4fc7da,terra__Pendulum-v1__last-action__H20,22,data/llmx_data/offline_data/physics_data/raw_transitions/Pendulum-v1/episodes/episode_0.npz,gpt-5.6-terra,True,05_new_models_single,False,experiments/05_new_models_single/results/records.jsonl#5b4b859dff9aa56c784c4c58c46d15f8d994a4c2d1b3e8e80f0201732d4fc7da,543,experiments/06_new_models_n10/results/merged/c189af3036db4adfb9e4da5bb632ea48/records.jsonl,experiments/06_new_models_n10/results/merged/c189af3036db4adfb9e4da5bb632ea48/runs/source_000/terra__Pendulum-v1__last-action__H20/episode_000/predictions.jsonl,3524af8ad994e31b5c9ecec0bb04a10c6203ff46ec217cd3063e2c185675b62c,True,1956,552,2508,7.8817035420797765,7.877551000099629,[-1.0871518850326538],,,False,not_applicable,[-1.09],True,,[2],True,,,False,not_applicable,,False,not_applicable,,False,not_applicable,,,,,,[2],,,,,,False,,True,2.0,2.0,True,-1.0871518850326538,-1.09
terra,Pendulum-v1,last-action,20,"At \(s_{23}\), the pendulum has a small negative angle and negative angular velocity. The next state has a positive angular velocity, so the applied torque must be strongly positive (counterclockwise) to reverse the motion. Comparing the angular-velocity change with the observed dynamics suggests a torque of approximately \(+1.4\).",2,3,505,272a0f494b30d8d6c85fa6c3d76b83eb350e3d6ccfa74c33efdafc8b9a9ccf23,terra__Pendulum-v1__last-action__H20,23,data/llmx_data/offline_data/physics_data/raw_transitions/Pendulum-v1/episodes/episode_0.npz,gpt-5.6-terra,True,05_new_models_single,False,experiments/05_new_models_single/results/records.jsonl#272a0f494b30d8d6c85fa6c3d76b83eb350e3d6ccfa74c33efdafc8b9a9ccf23,544,experiments/06_new_models_n10/results/merged/c189af3036db4adfb9e4da5bb632ea48/records.jsonl,experiments/06_new_models_n10/results/merged/c189af3036db4adfb9e4da5bb632ea48/runs/source_000/terra__Pendulum-v1__last-action__H20/episode_000/predictions.jsonl,3d9d1ad228bd402bab8cc7a7c90950a7b7b038a09021266346130bbe2dacdce6,True,1960,459,2419,6.972164166974835,6.969160749926232,[1.421302080154419],,,False,not_applicable,[1.42],True,,[8],True,,,False,not_applicable,,False,not_applicable,,False,not_applicable,,,,,,[8],,,,,,False,,True,8.0,8.0,True,1.421302080154419,1.42
terra,Pendulum-v1,last-action,20,"Near the upright position, the pendulum’s angular-velocity change is determined by gravity plus the applied torque. From \(s_{24}\) to \(s_{25}\), angular velocity increases from \(0.0285\) to \(0.0428\), a change of about \(+0.0143\). Given the slight negative angle, gravity contributes a small negative acceleration, so a modest positive torque is needed to produce the observed velocity increase. This corresponds to an action of approximately \(+0.33\).",1,4,506,f06b110ca51f87e3ed48f2afcef48293ebddbe25dce531987fda42c96a413c99,terra__Pendulum-v1__last-action__H20,24,data/llmx_data/offline_data/physics_data/raw_transitions/Pendulum-v1/episodes/episode_0.npz,gpt-5.6-terra,True,05_new_models_single,False,experiments/05_new_models_single/results/records.jsonl#f06b110ca51f87e3ed48f2afcef48293ebddbe25dce531987fda42c96a413c99,545,experiments/06_new_models_n10/results/merged/c189af3036db4adfb9e4da5bb632ea48/records.jsonl,experiments/06_new_models_n10/results/merged/c189af3036db4adfb9e4da5bb632ea48/runs/source_000/terra__Pendulum-v1__last-action__H20/episode_000/predictions.jsonl,a1076c5ca626f6e46dda02cd8a61b922aca733600fe799432defa4f69ecb313c,True,1960,520,2480,7.152358875027858,7.148764375015162,[0.33447736501693726],,,False,not_applicable,[0.33],True,,[5],True,,,False,not_applicable,,False,not_applicable,,False,not_applicable,,,,,,[5],,,,,,False,,True,5.0,5.0,True,0.33447736501693726,0.33
terra,Pendulum-v1,last-action,20,"From \(s_{25}\), the pendulum has a small negative angle and a small positive angular velocity. At \(s_{26}\), its angular velocity becomes negative, indicating that the applied torque counteracted the positive motion and drove it clockwise. Using the observed transition dynamics, the inferred torque is approximately \(-0.49\).",2,5,507,72c67c69223351ce72ab4102dc855bf6e164f2c60857e042113a533838fb4ca5,terra__Pendulum-v1__last-action__H20,25,data/llmx_data/offline_data/physics_data/raw_transitions/Pendulum-v1/episodes/episode_0.npz,gpt-5.6-terra,True,05_new_models_single,False,experiments/05_new_models_single/results/records.jsonl#72c67c69223351ce72ab4102dc855bf6e164f2c60857e042113a533838fb4ca5,546,experiments/06_new_models_n10/results/merged/c189af3036db4adfb9e4da5bb632ea48/records.jsonl,experiments/06_new_models_n10/results/merged/c189af3036db4adfb9e4da5bb632ea48/runs/source_000/terra__Pendulum-v1__last-action__H20/episode_000/predictions.jsonl,4a2f5a444316b14aec6b2cc330612fc7a35b0b40653dae1772dc508d779c3246,True,1963,676,2639,9.477720374939963,9.473538625054061,[-0.48779454827308655],,,False,not_applicable,[-0.49],True,,[3],True,,,False,not_applicable,,False,not_applicable,,False,not_applicable,,,,,,[3],,,,,,False,,True,3.0,3.0,True,-0.48779454827308655,-0.49
terra,Pendulum-v1,last-action,20,"At \(s_{26}\), the pendulum has a small negative angular velocity (\(-0.0646\)) while slightly to the negative-angle side of upright. The next angular velocity is essentially zero (\(2.7873\times10^{-5}\)), so the action should provide a moderate positive (counterclockwise) torque to cancel the negative velocity and compensate for gravity. Using the local Pendulum dynamics gives an estimated torque of about \(+0.68\).",2,6,508,5e21971052033497a9efff4a479209a49244636f97953f3cec35c91a9a3eb0c2,terra__Pendulum-v1__last-action__H20,26,data/llmx_data/offline_data/physics_data/raw_transitions/Pendulum-v1/episodes/episode_0.npz,gpt-5.6-terra,True,05_new_models_single,False,experiments/05_new_models_single/results/records.jsonl#5e21971052033497a9efff4a479209a49244636f97953f3cec35c91a9a3eb0c2,547,experiments/06_new_models_n10/results/merged/c189af3036db4adfb9e4da5bb632ea48/records.jsonl,experiments/06_new_models_n10/results/merged/c189af3036db4adfb9e4da5bb632ea48/runs/source_000/terra__Pendulum-v1__last-action__H20/episode_000/predictions.jsonl,ed34814d491cd15c00352b936f284ba78e39c8c2495a60765eb8f60b5c75cf12,True,1972,643,2615,10.424448250094429,10.419734916067682,[0.6751355528831482],,,False,not_applicable,[0.68],True,,[6],True,,,False,not_applicable,,False,not_applicable,,False,not_applicable,,,,,,[6],,,,,,False,,True,6.0,6.0,True,0.6751355528831482,0.68
terra,Pendulum-v1,last-action,20,"From \(s_{27}\), the pendulum has near-zero angular velocity and is slightly to the negative-angle side. To reach angular velocity \(0.0811\) in \(s_{28}\), the agent must apply a positive torque to counter gravity and accelerate the pendulum counterclockwise. Using the Pendulum dynamics gives an estimated torque of approximately \(0.78\).",2,7,509,31e639b0d4590a8825b489c413c4c08fd47b22d12fd22949e41e92a5aafb41f2,terra__Pendulum-v1__last-action__H20,27,data/llmx_data/offline_data/physics_data/raw_transitions/Pendulum-v1/episodes/episode_0.npz,gpt-5.6-terra,True,05_new_models_single,False,experiments/05_new_models_single/results/records.jsonl#31e639b0d4590a8825b489c413c4c08fd47b22d12fd22949e41e92a5aafb41f2,548,experiments/06_new_models_n10/results/merged/c189af3036db4adfb9e4da5bb632ea48/records.jsonl,experiments/06_new_models_n10/results/merged/c189af3036db4adfb9e4da5bb632ea48/runs/source_000/terra__Pendulum-v1__last-action__H20/episode_000/predictions.jsonl,da5ead727f0356276ff4bd50aee9c05147b816f3baffd82d5dd8666d5e584af0,True,1970,540,2510,7.645154458004981,7.641164749977179,[0.7845479249954224],,,False,not_applicable,[0.78],True,,[6],True,,,False,not_applicable,,False,not_applicable,,False,not_applicable,,,,,,[6],,,,,,False,,True,6.0,6.0,True,0.7845479249954224,0.78
terra,Pendulum-v1,last-action,20,"The pendulum is slightly to the right of upright (\(\theta \approx -0.045\)) and has a small positive angular velocity at step 28. By step 29, its angular velocity becomes strongly negative (\(0.0811 \rightarrow -0.1588\)), indicating a substantial negative/counterclockwise-opposing torque. Estimating from the pendulum dynamics gives an action near \(-1.38\).",2,8,510,ee52580e8e1a00b3bf4763ab9a6a4feecd9baf1616f15339ee2bd5cd739c793b,terra__Pendulum-v1__last-action__H20,28,data/llmx_data/offline_data/physics_data/raw_transitions/Pendulum-v1/episodes/episode_0.npz,gpt-5.6-terra,True,05_new_models_single,False,experiments/05_new_models_single/results/records.jsonl#ee52580e8e1a00b3bf4763ab9a6a4feecd9baf1616f15339ee2bd5cd739c793b,549,experiments/06_new_models_n10/results/merged/c189af3036db4adfb9e4da5bb632ea48/records.jsonl,experiments/06_new_models_n10/results/merged/c189af3036db4adfb9e4da5bb632ea48/runs/source_000/terra__Pendulum-v1__last-action__H20/episode_000/predictions.jsonl,5fc3366f8d0543cfd279c01213632eea468cc643314df782291c737c2d2f9d10,True,1968,557,2525,8.60476879205089,8.600915874936618,[-1.375152826309204],,,False,not_applicable,[-1.38],True,,[1],True,,,False,not_applicable,,False,not_applicable,,False,not_applicable,,,,,,[1],,,,,,False,,True,1.0,1.0,True,-1.375152826309204,-1.38
terra,Pendulum-v1,last-action,20,"At \(s_{29}\), the pendulum has a negative angle and negative angular velocity. The transition to \(s_{30}\) sharply increases angular velocity from \(-0.1588\) to \(+0.0878\), indicating a strong positive (counterclockwise) torque. Comparing with the observed dynamics and nearby transitions, the required torque is close to the upper action limit, approximately \(+1.9\).",2,9,511,8e355fc0d6688199e8d2fb4516f4cbce4c9b29df6593de1408e788c0eef7ac57,terra__Pendulum-v1__last-action__H20,29,data/llmx_data/offline_data/physics_data/raw_transitions/Pendulum-v1/episodes/episode_0.npz,gpt-5.6-terra,True,05_new_models_single,False,experiments/05_new_models_single/results/records.jsonl#8e355fc0d6688199e8d2fb4516f4cbce4c9b29df6593de1408e788c0eef7ac57,550,experiments/06_new_models_n10/results/merged/c189af3036db4adfb9e4da5bb632ea48/records.jsonl,experiments/06_new_models_n10/results/merged/c189af3036db4adfb9e4da5bb632ea48/runs/source_000/terra__Pendulum-v1__last-action__H20/episode_000/predictions.jsonl,84809c637476a435a2ecf9bfe6de582135d2f7c2d0edab1b377e3108b1c27e25,True,1971,425,2396,6.260917332954705,6.256495542009361,[1.9077938795089722],,,False,not_applicable,[1.91],True,,[9],True,,,False,not_applicable,,False,not_applicable,,False,not_applicable,,,,,,[9],,,,,,False,,True,9.0,9.0,True,1.9077938795089722,1.91
terra,Pendulum-v1,last-action,30,"From the recent dynamics, positive torque increases angular velocity and negative torque decreases it. At \(s_{30}\), angular velocity changes from \(0.0878\) to \(-0.0818\), a decrease of about \(0.1696\). Given the slightly negative angle also contributes a small negative gravitational acceleration, the required applied torque is approximately \(-0.89\).",1,0,512,06bb5a07300c417b1d334a411014eb84054fb9aa87fb94063d4040550cb2720d,terra__Pendulum-v1__last-action__H30,30,data/llmx_data/offline_data/physics_data/raw_transitions/Pendulum-v1/episodes/episode_0.npz,gpt-5.6-terra,False,06_new_models_n10,True,experiments/06_new_models_n10/results/batches/a44a962437a94614a4b870b4e9366437/records.jsonl#06bb5a07300c417b1d334a411014eb84054fb9aa87fb94063d4040550cb2720d,551,experiments/06_new_models_n10/results/merged/c189af3036db4adfb9e4da5bb632ea48/records.jsonl,experiments/06_new_models_n10/results/merged/c189af3036db4adfb9e4da5bb632ea48/runs/source_001/terra__Pendulum-v1__last-action__H30/query_000/predictions.jsonl,339437aae07af82e08c75906693d435ea061d90843dd8abeb235772f8eb3fc86,True,2406,532,2938,9.259126750053838,9.25480095797684,[-0.8885178565979004],,,False,not_applicable,[-0.89],True,,[2],True,,,False,not_applicable,,False,not_applicable,,False,not_applicable,,,,,,[2],,,,,,False,,True,2.0,2.0,True,-0.8885178565979004,-0.89
terra,Pendulum-v1,last-action,30,"At \(s_{31}\), the pendulum is slightly right/clockwise of upright (\(\sin\theta=-0.0525\)) and has negative angular velocity. The next state has positive angular velocity, indicating a substantial positive (counterclockwise) torque. Comparing the velocity change with nearby transitions suggests an action around \(+1.46\).",2,1,513,cde077ec4d6155c98a992b26c75c835768947e73fc41f2c6617e0032045614e8,terra__Pendulum-v1__last-action__H30,31,data/llmx_data/offline_data/physics_data/raw_transitions/Pendulum-v1/episodes/episode_0.npz,gpt-5.6-terra,False,06_new_models_n10,True,experiments/06_new_models_n10/results/batches/a44a962437a94614a4b870b4e9366437/records.jsonl#cde077ec4d6155c98a992b26c75c835768947e73fc41f2c6617e0032045614e8,552,experiments/06_new_models_n10/results/merged/c189af3036db4adfb9e4da5bb632ea48/records.jsonl,experiments/06_new_models_n10/results/merged/c189af3036db4adfb9e4da5bb632ea48/runs/source_001/terra__Pendulum-v1__last-action__H30/query_001/predictions.jsonl,c03e444d7651e91fa95934a0588f0e6935110adb18d8b92df2c14892507b40ca,True,2410,388,2798,7.993508292012848,7.988341707969084,[1.4703737497329712],,,False,not_applicable,[1.46],True,,[8],True,,,False,not_applicable,,False,not_applicable,,False,not_applicable,,,,,,[8],,,,,,False,,True,8.0,8.0,True,1.4703737497329712,1.46
terra,Pendulum-v1,last-action,30,"From \(s_{32}\) to \(s_{33}\), angular velocity changes from \(0.0994\) to \(-0.0779\), a decrease of about \(-0.1773\). At the slightly negative pendulum angle (\(\theta \approx -0.0475\)), gravity also contributes a small negative acceleration. The remaining deceleration is consistent with a negative torque of approximately \(-0.94\).",1,2,514,d8f0556357b2132b07b789d1f5fcc2050695fcd8d9fcdeae142b8857a08c21bc,terra__Pendulum-v1__last-action__H30,32,data/llmx_data/offline_data/physics_data/raw_transitions/Pendulum-v1/episodes/episode_0.npz,gpt-5.6-terra,False,06_new_models_n10,True,experiments/06_new_models_n10/results/batches/a44a962437a94614a4b870b4e9366437/records.jsonl#d8f0556357b2132b07b789d1f5fcc2050695fcd8d9fcdeae142b8857a08c21bc,553,experiments/06_new_models_n10/results/merged/c189af3036db4adfb9e4da5bb632ea48/records.jsonl,experiments/06_new_models_n10/results/merged/c189af3036db4adfb9e4da5bb632ea48/runs/source_001/terra__Pendulum-v1__last-action__H30/query_002/predictions.jsonl,8b5c413fa350d91611302270589a825a6acbc45df150573d680dc705964dbea3,True,2412,579,2991,10.007386208046228,10.00229129102081,[-0.9442287683486938],,,False,not_applicable,[-0.94],True,,[2],True,,,False,not_applicable,,False,not_applicable,,False,not_applicable,,,,,,[2],,,,,,False,,True,2.0,2.0,True,-0.9442287683486938,-0.94
terra,Pendulum-v1,last-action,30,"From \(s_{33}\) to \(s_{34}\), angular velocity changes from \(-0.0779\) to \(0.1173\), a substantial positive increase of about \(0.1952\). At the slightly negative angle (\(y=-0.0514\)), gravity contributes a small negative angular acceleration, so the observed positive velocity change requires a relatively strong positive (counterclockwise) torque. Using the Pendulum dynamics gives an estimated torque close to \(+1.55\).",1,3,515,5d8032001afcc548e8d8e7be4ae5798fd49fe763241f814f7d3957bcc549d174,terra__Pendulum-v1__last-action__H30,33,data/llmx_data/offline_data/physics_data/raw_transitions/Pendulum-v1/episodes/episode_0.npz,gpt-5.6-terra,False,06_new_models_n10,True,experiments/06_new_models_n10/results/batches/a44a962437a94614a4b870b4e9366437/records.jsonl#5d8032001afcc548e8d8e7be4ae5798fd49fe763241f814f7d3957bcc549d174,554,experiments/06_new_models_n10/results/merged/c189af3036db4adfb9e4da5bb632ea48/records.jsonl,experiments/06_new_models_n10/results/merged/c189af3036db4adfb9e4da5bb632ea48/runs/source_001/terra__Pendulum-v1__last-action__H30/query_003/predictions.jsonl,1d2b87bc3b31e265124360ce139eb231cc2a06a90e24843679f23ccf75ee30f8,True,2415,491,2906,8.47209037502762,8.467002416029572,[1.5583062171936035],,,False,not_applicable,[1.55],True,,[8],True,,,False,not_applicable,,False,not_applicable,,False,not_applicable,,,,,,[8],,,,,,False,,True,8.0,8.0,True,1.5583062171936035,1.55
terra,Pendulum-v1,last-action,30,"At \(s_{34}\), the pendulum is slightly to the right of upright (\(\theta \approx -0.0455\)) and moving counterclockwise (\(\dot\theta=0.1173\)). Its angular velocity decreases slightly to \(0.1103\), indicating a small positive torque that partly offsets gravity while slowing the velocity change. Using the observed transition dynamics gives an estimated torque near \(+0.18\).",2,4,516,970868566c1176e17d222d351ce092d3977773adb1174a7929e335a4c8f0fae2,terra__Pendulum-v1__last-action__H30,34,data/llmx_data/offline_data/physics_data/raw_transitions/Pendulum-v1/episodes/episode_0.npz,gpt-5.6-terra,False,06_new_models_n10,True,experiments/06_new_models_n10/results/batches/a44a962437a94614a4b870b4e9366437/records.jsonl#970868566c1176e17d222d351ce092d3977773adb1174a7929e335a4c8f0fae2,555,experiments/06_new_models_n10/results/merged/c189af3036db4adfb9e4da5bb632ea48/records.jsonl,experiments/06_new_models_n10/results/merged/c189af3036db4adfb9e4da5bb632ea48/runs/source_001/terra__Pendulum-v1__last-action__H30/query_004/predictions.jsonl,81d723c46a3bed45e5b1c7450c3753e2ec8402607e2c2aedb650561b1687d7dc,True,2416,678,3094,12.255381166934967,12.251383041962981,[0.1804589033126831],,,False,not_applicable,[0.18],True,,[5],True,,,False,not_applicable,,False,not_applicable,,False,not_applicable,,,,,,[5],,,,,,False,,True,5.0,5.0,True,0.1804589033126831,0.18
terra,Pendulum-v1,last-action,30,"From the transition \(s35 \rightarrow s36\), angular velocity changes from \(0.1103\) to \(-0.1432\), a strong negative change. Since the pendulum is slightly to the negative-angle side (\(y \approx -0.04\)), gravity already contributes a small negative acceleration, but the observed velocity reversal requires a substantial negative torque. Using the Pendulum-v1 dynamics gives an estimated torque of approximately \(-1.49\).",2,5,517,553f152d40b9f8eb0d24e464ffc7519bb1ae1b2fe47a1170333606fc298d653e,terra__Pendulum-v1__last-action__H30,35,data/llmx_data/offline_data/physics_data/raw_transitions/Pendulum-v1/episodes/episode_0.npz,gpt-5.6-terra,False,06_new_models_n10,True,experiments/06_new_models_n10/results/batches/a44a962437a94614a4b870b4e9366437/records.jsonl#553f152d40b9f8eb0d24e464ffc7519bb1ae1b2fe47a1170333606fc298d653e,556,experiments/06_new_models_n10/results/merged/c189af3036db4adfb9e4da5bb632ea48/records.jsonl,experiments/06_new_models_n10/results/merged/c189af3036db4adfb9e4da5bb632ea48/runs/source_001/terra__Pendulum-v1__last-action__H30/query_005/predictions.jsonl,ccfd91f165dcb4f190eedb08529b99bfa31198efe7f0d1decdbc6983b0ef2310,True,2419,528,2947,9.09324291604571,9.088149834075011,[-1.4897518157958984],,,False,not_applicable,[-1.49],True,,[1],True,,,False,not_applicable,,False,not_applicable,,False,not_applicable,,,,,,[1],,,,,,False,,True,1.0,1.0,True,-1.4897518157958984,-1.49
terra,Pendulum-v1,last-action,30,"From \(s36\) to \(s37\), angular velocity changes from \(-0.1432\) to \(+0.0816\), a strong positive increase of about \(0.2248\). Near the upright position with a slightly negative angle, this requires a substantial positive (counterclockwise) torque. Comparing nearby transitions suggests an action around \(+1.7\).",1,6,518,834128a3e24019a304ffdae97ef5b778dbb572636dad023f2868ba8a7def2a95,terra__Pendulum-v1__last-action__H30,36,data/llmx_data/offline_data/physics_data/raw_transitions/Pendulum-v1/episodes/episode_0.npz,gpt-5.6-terra,False,06_new_models_n10,True,experiments/06_new_models_n10/results/batches/a44a962437a94614a4b870b4e9366437/records.jsonl#834128a3e24019a304ffdae97ef5b778dbb572636dad023f2868ba8a7def2a95,557,experiments/06_new_models_n10/results/merged/c189af3036db4adfb9e4da5bb632ea48/records.jsonl,experiments/06_new_models_n10/results/merged/c189af3036db4adfb9e4da5bb632ea48/runs/source_001/terra__Pendulum-v1__last-action__H30/query_006/predictions.jsonl,7d9c5fcd10f3edaee64969256be0ddaf27105eb11182798234ba46d4b52d81e2,True,2418,407,2825,7.443100833916105,7.438417291967198,[1.7350534200668335],,,False,not_applicable,[1.73],True,,[9],True,,,False,not_applicable,,False,not_applicable,,False,not_applicable,,,,,,[9],,,,,,False,,True,9.0,9.0,True,1.7350534200668335,1.73
terra,Pendulum-v1,last-action,30,"The angular velocity changes from \(0.0816\) to \(-0.2468\), a strong negative acceleration. At this slightly negative angle, gravity contributes only a small negative acceleration, so the main cause is a near-minimum negative torque. Using the Pendulum dynamics gives an estimated action of approximately \(-1.97\).",2,7,519,a8874d72325148093c8f5fa0b746f6133ac8b154525e9e8aeb4e98bdfe7b23bd,terra__Pendulum-v1__last-action__H30,37,data/llmx_data/offline_data/physics_data/raw_transitions/Pendulum-v1/episodes/episode_0.npz,gpt-5.6-terra,False,06_new_models_n10,True,experiments/06_new_models_n10/results/batches/a44a962437a94614a4b870b4e9366437/records.jsonl#a8874d72325148093c8f5fa0b746f6133ac8b154525e9e8aeb4e98bdfe7b23bd,558,experiments/06_new_models_n10/results/merged/c189af3036db4adfb9e4da5bb632ea48/records.jsonl,experiments/06_new_models_n10/results/merged/c189af3036db4adfb9e4da5bb632ea48/runs/source_001/terra__Pendulum-v1__last-action__H30/query_007/predictions.jsonl,92630428b9f739817d846a98d7a225c7b25abb8b0ca9201b9e3da1910940525e,True,2416,511,2927,9.59583591693081,9.590976665960625,[-1.974252700805664],,,False,not_applicable,[-1.97],True,,[0],True,,,False,not_applicable,,False,not_applicable,,False,not_applicable,,,,,,[0],,,,,,False,,True,0.0,0.0,True,-1.974252700805664,-1.97
terra,Pendulum-v1,last-action,30,"The angular velocity changes from \(-0.2468\) to \(0.0116\), a large positive increase of about \(+0.2584\). Near the upright position with a slightly negative angle, gravity contributes a small negative angular acceleration, so the agent must apply a nearly maximum positive (counterclockwise) torque to reverse the negative angular velocity this strongly. This is consistent with the observed dynamics: high positive actions produce roughly \(+0.2\) to \(+0.26\) increases in angular velocity.",1,8,520,ab1a2b67c8fd4b62b49a7ebf443ae3dbe430326c2873f76304d4dd85f44c7198,terra__Pendulum-v1__last-action__H30,38,data/llmx_data/offline_data/physics_data/raw_transitions/Pendulum-v1/episodes/episode_0.npz,gpt-5.6-terra,False,06_new_models_n10,True,experiments/06_new_models_n10/results/batches/a44a962437a94614a4b870b4e9366437/records.jsonl#ab1a2b67c8fd4b62b49a7ebf443ae3dbe430326c2873f76304d4dd85f44c7198,559,experiments/06_new_models_n10/results/merged/c189af3036db4adfb9e4da5bb632ea48/records.jsonl,experiments/06_new_models_n10/results/merged/c189af3036db4adfb9e4da5bb632ea48/runs/source_001/terra__Pendulum-v1__last-action__H30/query_008/predictions.jsonl,6de9eb5b2765262522e0502847745619981dd62cf4c525c3183553520e21cdd1,True,2417,507,2924,8.8797854159493,8.875100375036709,[2.0],,,False,not_applicable,[2.0],True,,[9],True,,,False,not_applicable,,False,not_applicable,,False,not_applicable,,,,,,[9],,,,,,False,,True,9.0,9.0,True,2.0,2.0
terra,Pendulum-v1,last-action,30,"The angular velocity increases from \(0.0116\) to \(0.1217\), while the pendulum remains slightly left of upright (\(\sin(\theta)\approx -0.055\)). A positive torque is therefore needed to overcome the local gravitational tendency and create the observed positive angular acceleration. Using the Pendulum dynamics gives an estimated torque close to \(+1.0\).",2,9,521,af78443b3b24b3185b6222d4449f911a62194deddc0b3fe6bf2d852ec9abaf94,terra__Pendulum-v1__last-action__H30,39,data/llmx_data/offline_data/physics_data/raw_transitions/Pendulum-v1/episodes/episode_0.npz,gpt-5.6-terra,False,06_new_models_n10,True,experiments/06_new_models_n10/results/batches/a44a962437a94614a4b870b4e9366437/records.jsonl#af78443b3b24b3185b6222d4449f911a62194deddc0b3fe6bf2d852ec9abaf94,560,experiments/06_new_models_n10/results/merged/c189af3036db4adfb9e4da5bb632ea48/records.jsonl,experiments/06_new_models_n10/results/merged/c189af3036db4adfb9e4da5bb632ea48/runs/source_001/terra__Pendulum-v1__last-action__H30/query_009/predictions.jsonl,6d8ff035532df3eb03e59f7c50ff4c304397fb1ebb05e6b3153d09214812b5e4,True,2417,403,2820,7.54986337502487,7.546361834043637,[1.0084922313690186],,,False,not_applicable,[1.0],True,,[7],True,,,False,not_applicable,,False,not_applicable,,False,not_applicable,,,,,,[7],,,,,,False,,True,7.0,7.0,True,1.0084922313690186,1.0
terra,Pendulum-v1,next-action,5,"The pendulum is still displaced to the positive-angle side (\(\theta \approx 0.137\) rad) but is now moving back toward upright with a small negative angular velocity. The agent has consistently applied near-maximal negative torque to reduce the positive angle and build corrective motion toward the upright position. Since the pendulum is still noticeably offset from upright and its negative velocity is modest, the most likely policy remains saturated negative torque.",3,0,562,e53ab3835fc2352e4247b41d1f02399334bec1796155b12890a875dd9c58a4d6,terra__Pendulum-v1__next-action__H5,5,data/llmx_data/offline_data/physics_data/raw_transitions/Pendulum-v1/episodes/episode_0.npz,gpt-5.6-terra,False,06_new_models_n10,True,experiments/06_new_models_n10/results/batches/b36e550af1174766af12f84678e075ce/records.jsonl#e53ab3835fc2352e4247b41d1f02399334bec1796155b12890a875dd9c58a4d6,481,experiments/06_new_models_n10/results/merged/c189af3036db4adfb9e4da5bb632ea48/records.jsonl,experiments/06_new_models_n10/results/merged/c189af3036db4adfb9e4da5bb632ea48/runs/source_002/terra__Pendulum-v1__next-action__H5/episode_000/predictions.jsonl,7f42803ca29387c03f738b52b1545165d26229bf84e61e09cdc383e03ab6e4e8,True,1261,1175,2436,20.019914000062272,20.016326416982338,[-1.7580721378326416],,,False,not_applicable,[-2.0],True,,[0],True,,,False,not_applicable,,False,not_applicable,,False,not_applicable,,,,,,[0],,,,,,False,,True,0.0,0.0,True,-1.7580721378326416,-2.0
terra,Pendulum-v1,next-action,5,"The pendulum remains slightly displaced from upright with positive angle (`sin(theta) > 0`), so the agent continues applying negative torque to correct the displacement. However, its angular velocity is increasingly negative, meaning it is already moving back toward upright; therefore the agent will likely reduce the magnitude of the negative torque relative to the earlier near-`-2` actions.",3,1,563,1b310af855fc97a13b0771bb1959935a78cdd89e69345ff643f92916ea62a3e6,terra__Pendulum-v1__next-action__H5,6,data/llmx_data/offline_data/physics_data/raw_transitions/Pendulum-v1/episodes/episode_0.npz,gpt-5.6-terra,False,06_new_models_n10,True,experiments/06_new_models_n10/results/batches/b36e550af1174766af12f84678e075ce/records.jsonl#1b310af855fc97a13b0771bb1959935a78cdd89e69345ff643f92916ea62a3e6,482,experiments/06_new_models_n10/results/merged/c189af3036db4adfb9e4da5bb632ea48/records.jsonl,experiments/06_new_models_n10/results/merged/c189af3036db4adfb9e4da5bb632ea48/runs/source_002/terra__Pendulum-v1__next-action__H5/episode_000/predictions.jsonl,03ee5f22eb50afa5913a3a1c5066a7d21f572d8163ddfa23414b52be33924422,True,1265,1047,2312,14.772056916961446,14.767089916043915,[-1.347569465637207],,,False,not_applicable,[-1.55],True,,[1],True,,,False,not_applicable,,False,not_applicable,,False,not_applicable,,,,,,[1],,,,,,False,,True,1.0,1.0,True,-1.347569465637207,-1.55
terra,Pendulum-v1,next-action,5,"The pendulum is still slightly to the positive-angle side (`sin(theta) ≈ 0.102`) but is moving back toward upright with increasingly negative angular velocity (`-0.4037`). The agent has been progressively reducing the magnitude of its negative torque as the pendulum gains negative angular velocity, likely preparing to brake/correct the return motion. A negative action around `-0.9` is a plausible continuation of this behavior.",3,2,564,c228fe1eeff5428af461d301c93c5f1d1ce6491d2147a40907bb0372bed728db,terra__Pendulum-v1__next-action__H5,7,data/llmx_data/offline_data/physics_data/raw_transitions/Pendulum-v1/episodes/episode_0.npz,gpt-5.6-terra,False,06_new_models_n10,True,experiments/06_new_models_n10/results/batches/b36e550af1174766af12f84678e075ce/records.jsonl#c228fe1eeff5428af461d301c93c5f1d1ce6491d2147a40907bb0372bed728db,483,experiments/06_new_models_n10/results/merged/c189af3036db4adfb9e4da5bb632ea48/records.jsonl,experiments/06_new_models_n10/results/merged/c189af3036db4adfb9e4da5bb632ea48/runs/source_002/terra__Pendulum-v1__next-action__H5/episode_000/predictions.jsonl,0fe3bce0952bc9c83ec23a393bf16ba46b4fbdc52edd24e15c06a393cea12e3b,True,1268,1166,2434,17.10224866704084,17.098295249976218,[-1.195901870727539],,,False,not_applicable,[-0.9],True,,[2],True,,,False,not_applicable,,False,not_applicable,,False,not_applicable,,,,,,[2],,,,,,False,,True,2.0,2.0,True,-1.195901870727539,-0.9
terra,Pendulum-v1,next-action,5,"The pendulum is close to upright (`cos≈0.997`, `sin≈0.077`) but is rotating increasingly in the negative direction (`angular velocity=-0.5066`). Recent actions remain negative but their magnitude has generally been reduced as the pendulum approaches the upright position and gains negative angular velocity. Thus, the next torque is likely still negative, but weaker than the previous `-1.1959`, approximately around `-0.9`.",2,3,565,38a4c0cbe39039a67b261a33c846d1fb000bb20194879b1a90f1e7fc8ece7ec8,terra__Pendulum-v1__next-action__H5,8,data/llmx_data/offline_data/physics_data/raw_transitions/Pendulum-v1/episodes/episode_0.npz,gpt-5.6-terra,False,06_new_models_n10,True,experiments/06_new_models_n10/results/batches/b36e550af1174766af12f84678e075ce/records.jsonl#38a4c0cbe39039a67b261a33c846d1fb000bb20194879b1a90f1e7fc8ece7ec8,484,experiments/06_new_models_n10/results/merged/c189af3036db4adfb9e4da5bb632ea48/records.jsonl,experiments/06_new_models_n10/results/merged/c189af3036db4adfb9e4da5bb632ea48/runs/source_002/terra__Pendulum-v1__next-action__H5/episode_000/predictions.jsonl,be10c6679fc92b421bcbcea3ea4000ddc90faf672f32ba64b2b34c86fa6b2a9b,True,1271,1160,2431,17.157394208945334,17.153407915960997,[-2.0],,,False,not_applicable,[-0.9],True,,[2],True,,,False,not_applicable,,False,not_applicable,,False,not_applicable,,,,,,[0],,,,,,False,,True,0.0,2.0,True,-2.0,-0.9
terra,Pendulum-v1,next-action,5,"At state \(s_9\), the pendulum is very close to upright (\(\sin\theta \approx 0.0394\)) but has a relatively large negative angular velocity (\(-0.7489\)), meaning it is rotating past the upright position clockwise. A stabilizing policy would most likely apply a positive (counterclockwise) torque to brake this negative motion and prevent overshooting. Given the magnitude of the angular velocity, the torque is likely near the positive action limit.",4,4,566,acb3525776652a94264d5d051d999fba0852e0f5d41bb6a94204d9e870eae2f5,terra__Pendulum-v1__next-action__H5,9,data/llmx_data/offline_data/physics_data/raw_transitions/Pendulum-v1/episodes/episode_0.npz,gpt-5.6-terra,False,06_new_models_n10,True,experiments/06_new_models_n10/results/batches/b36e550af1174766af12f84678e075ce/records.jsonl#acb3525776652a94264d5d051d999fba0852e0f5d41bb6a94204d9e870eae2f5,485,experiments/06_new_models_n10/results/merged/c189af3036db4adfb9e4da5bb632ea48/records.jsonl,experiments/06_new_models_n10/results/merged/c189af3036db4adfb9e4da5bb632ea48/runs/source_002/terra__Pendulum-v1__next-action__H5/episode_000/predictions.jsonl,1994a42e8be4178d62592bd58edb9681c21af97cdf2791a6ee4d84feb2c3396d,True,1271,1215,2486,20.52390487503726,20.518641999922693,[1.6174393892288208],,,False,not_applicable,[2.0],True,,[9],True,,,False,not_applicable,,False,not_applicable,,False,not_applicable,,,,,,[9],,,,,,False,,True,9.0,9.0,True,1.6174393892288208,2.0
terra,Pendulum-v1,next-action,5,"The pendulum is very close to upright (`cos≈1`, `sin≈0.016`) but still has negative angular velocity (`-0.4768`). The previous strong positive torque at step 9 reduced the negative velocity substantially. The agent will likely continue applying a positive, but somewhat reduced, counterclockwise torque to brake the remaining clockwise motion without overshooting excessively.",2,5,567,00136b8334c907429e2cbd6b348c82024fe410f269ac5fafa05f3851dfa204e3,terra__Pendulum-v1__next-action__H5,10,data/llmx_data/offline_data/physics_data/raw_transitions/Pendulum-v1/episodes/episode_0.npz,gpt-5.6-terra,False,06_new_models_n10,True,experiments/06_new_models_n10/results/batches/b36e550af1174766af12f84678e075ce/records.jsonl#00136b8334c907429e2cbd6b348c82024fe410f269ac5fafa05f3851dfa204e3,486,experiments/06_new_models_n10/results/merged/c189af3036db4adfb9e4da5bb632ea48/records.jsonl,experiments/06_new_models_n10/results/merged/c189af3036db4adfb9e4da5bb632ea48/runs/source_002/terra__Pendulum-v1__next-action__H5/episode_000/predictions.jsonl,8cebfae926e1995897cb5c41167dea26d14b700e570a842a89fa10e9bf7acbb7,True,1275,1634,2909,26.440144040971063,26.436119750025682,[1.809918761253357],,,False,not_applicable,[1.35],True,,[8],True,,,False,not_applicable,,False,not_applicable,,False,not_applicable,,,,,,[9],,,,,,False,,True,9.0,8.0,True,1.809918761253357,1.35
terra,Pendulum-v1,next-action,5,"The pendulum is almost upright (`cos≈1`, `sin≈0.0059`) but still has a negative angular velocity (`-0.1936`), meaning it is moving clockwise away from the upright equilibrium. In the preceding steps, the agent applied positive torque to counteract the negative angular velocity and stabilize the pendulum. Since the velocity magnitude is now smaller than at step 10, the needed corrective positive torque should also be smaller, likely around `0.7`.",2,6,568,52e0e32a78fea08700d5cb11667a410ea15ffafc29878b5505599a825a204144,terra__Pendulum-v1__next-action__H5,11,data/llmx_data/offline_data/physics_data/raw_transitions/Pendulum-v1/episodes/episode_0.npz,gpt-5.6-terra,False,06_new_models_n10,True,experiments/06_new_models_n10/results/batches/b36e550af1174766af12f84678e075ce/records.jsonl#52e0e32a78fea08700d5cb11667a410ea15ffafc29878b5505599a825a204144,487,experiments/06_new_models_n10/results/merged/c189af3036db4adfb9e4da5bb632ea48/records.jsonl,experiments/06_new_models_n10/results/merged/c189af3036db4adfb9e4da5bb632ea48/runs/source_002/terra__Pendulum-v1__next-action__H5/episode_000/predictions.jsonl,2e1cb8c923369895b71b5ad7405813ac9555142ff34cf4b8b818adea2add3983,True,1273,1035,2308,15.144342958927155,15.140555000049062,[-0.3191149830818176],,,False,not_applicable,[0.72],True,,[6],True,,,False,not_applicable,,False,not_applicable,,False,not_applicable,,,,,,[4],,,,,,False,,True,4.0,6.0,True,-0.3191149830818176,0.72
terra,Pendulum-v1,next-action,5,"At state \(s_{12}\), the pendulum has just crossed the upright position (\(y<0\)) and is still rotating clockwise (\(\dot{\theta}=-0.237\)). A positive (counterclockwise) torque is therefore likely needed to slow and reverse this motion, keeping the pendulum near upright. The preceding corrective action at step 10 was strongly positive, so a similarly positive action is likely, though somewhat below saturation.",2,7,569,6d0a820eaf3c90a30a3d4559080883a127256a8cfc680cf22b753e6d9d9afc0d,terra__Pendulum-v1__next-action__H5,12,data/llmx_data/offline_data/physics_data/raw_transitions/Pendulum-v1/episodes/episode_0.npz,gpt-5.6-terra,False,06_new_models_n10,True,experiments/06_new_models_n10/results/batches/b36e550af1174766af12f84678e075ce/records.jsonl#6d0a820eaf3c90a30a3d4559080883a127256a8cfc680cf22b753e6d9d9afc0d,488,experiments/06_new_models_n10/results/merged/c189af3036db4adfb9e4da5bb632ea48/records.jsonl,experiments/06_new_models_n10/results/merged/c189af3036db4adfb9e4da5bb632ea48/runs/source_002/terra__Pendulum-v1__next-action__H5/episode_000/predictions.jsonl,ebe668e6c18e78e7b1636b1c8e817925360242c18ad85f17f425572c09262f41,True,1271,695,1966,10.01694458303973,10.012290040962398,[1.4111299514770508],,,False,not_applicable,[1.65],True,,[9],True,,,False,not_applicable,,False,not_applicable,,False,not_applicable,,,,,,[8],,,,,,False,,True,8.0,9.0,True,1.4111299514770508,1.65
terra,Pendulum-v1,next-action,5,"At \(s_{13}\), the pendulum is extremely close to upright (\(\sin(\theta)\approx -0.0074\)) and has a small negative angular velocity (\(-0.0298\)). A small positive (counterclockwise) torque should be applied to counter the slight clockwise displacement/velocity and stabilize the pendulum around the upright equilibrium. Based on the preceding corrective actions, a modest positive torque is most likely.",3,8,570,68d34bbc532c5290da08f6031c0a458e0c32933f7675fc21895c33e191e49868,terra__Pendulum-v1__next-action__H5,13,data/llmx_data/offline_data/physics_data/raw_transitions/Pendulum-v1/episodes/episode_0.npz,gpt-5.6-terra,False,06_new_models_n10,True,experiments/06_new_models_n10/results/batches/b36e550af1174766af12f84678e075ce/records.jsonl#68d34bbc532c5290da08f6031c0a458e0c32933f7675fc21895c33e191e49868,489,experiments/06_new_models_n10/results/merged/c189af3036db4adfb9e4da5bb632ea48/records.jsonl,experiments/06_new_models_n10/results/merged/c189af3036db4adfb9e4da5bb632ea48/runs/source_002/terra__Pendulum-v1__next-action__H5/episode_000/predictions.jsonl,d4232d69782809d70340fd089c73b15b0cad39bcad426272699a28bafa8be5d3,True,1268,1341,2609,20.22827787499409,20.223416708991863,[-1.4400720596313477],,,False,not_applicable,[0.25],True,,[5],True,,,False,not_applicable,,False,not_applicable,,False,not_applicable,,,,,,[1],,,,,,False,,True,1.0,5.0,True,-1.4400720596313477,0.25
terra,Pendulum-v1,next-action,5,"At \(s_{14}\), the pendulum is slightly left of upright (\(\sin(\theta)\approx -0.02\)) and has negative angular velocity (\(-0.2514\)), meaning it is moving further left. The preceding behavior indicates the agent generally applies a positive (counterclockwise) torque when angular velocity is negative, to slow/reverse that motion and stabilize near upright. A relatively strong positive corrective torque is therefore likely.",3,9,571,aa7954b8fe5839cd8c1cb0113f457d19d3904309e579b3b8a835bb4c6ce33263,terra__Pendulum-v1__next-action__H5,14,data/llmx_data/offline_data/physics_data/raw_transitions/Pendulum-v1/episodes/episode_0.npz,gpt-5.6-terra,False,06_new_models_n10,True,experiments/06_new_models_n10/results/batches/b36e550af1174766af12f84678e075ce/records.jsonl#aa7954b8fe5839cd8c1cb0113f457d19d3904309e579b3b8a835bb4c6ce33263,490,experiments/06_new_models_n10/results/merged/c189af3036db4adfb9e4da5bb632ea48/records.jsonl,experiments/06_new_models_n10/results/merged/c189af3036db4adfb9e4da5bb632ea48/runs/source_002/terra__Pendulum-v1__next-action__H5/episode_000/predictions.jsonl,0bcf10e2e7f3cef22fc57aec4ae21e5d36962ca3981f014db1deff3fe2c907bb,True,1270,1047,2317,14.854721500072628,14.851216457900591,[1.7092909812927246],,,False,not_applicable,[1.75],True,,[9],True,,,False,not_applicable,,False,not_applicable,,False,not_applicable,,,,,,[9],,,,,,False,,True,9.0,9.0,True,1.7092909812927246,1.75
terra,Pendulum-v1,next-action,10,"At \(s_{10}\), the pendulum is very close to upright (\(\sin\theta \approx 0.0156\)) but has a negative angular velocity (\(-0.4768\)), meaning it is moving away from the upright point in the negative direction. The previous positive torque at step 9 reduced the negative velocity from \(-0.7489\) to \(-0.4768\). The agent will likely continue applying a strong positive torque to brake this motion and stabilize the pendulum upright.",2,0,572,e9205448e8fbe469c43953a2703759399260735f0e5cf033659959112a05b1ea,terra__Pendulum-v1__next-action__H10,10,data/llmx_data/offline_data/physics_data/raw_transitions/Pendulum-v1/episodes/episode_0.npz,gpt-5.6-terra,False,06_new_models_n10,True,experiments/06_new_models_n10/results/batches/a44a962437a94614a4b870b4e9366437/records.jsonl#e9205448e8fbe469c43953a2703759399260735f0e5cf033659959112a05b1ea,491,experiments/06_new_models_n10/results/merged/c189af3036db4adfb9e4da5bb632ea48/records.jsonl,experiments/06_new_models_n10/results/merged/c189af3036db4adfb9e4da5bb632ea48/runs/source_001/terra__Pendulum-v1__next-action__H10/query_000/predictions.jsonl,b30d046b1eed50d4e86bcce2a5119458e7ae5ce7522c833b13bd1dead1ae0efa,True,1486,1101,2587,18.723160583060235,18.717929832986556,[1.809918761253357],,,False,not_applicable,[2.0],True,,[9],True,,,False,not_applicable,,False,not_applicable,,False,not_applicable,,,,,,[9],,,,,,False,,True,9.0,9.0,True,1.809918761253357,2.0
terra,Pendulum-v1,next-action,10,"Near the upright equilibrium, the pendulum angle is very small and angular velocity is negative. The agent has recently switched to positive torques to counteract this negative rotation. Since the magnitude of the negative angular velocity has decreased substantially, the required corrective torque should remain positive but be lower than the previous actions around \(1.6\)–\(1.8\). A moderate positive torque around \(0.6\) is most likely.",2,1,573,cca01d37a2c20a34a4ac18d641a8b69ae0e28179cc265e1c070e956c25083b4a,terra__Pendulum-v1__next-action__H10,11,data/llmx_data/offline_data/physics_data/raw_transitions/Pendulum-v1/episodes/episode_0.npz,gpt-5.6-terra,False,06_new_models_n10,True,experiments/06_new_models_n10/results/batches/a44a962437a94614a4b870b4e9366437/records.jsonl#cca01d37a2c20a34a4ac18d641a8b69ae0e28179cc265e1c070e956c25083b4a,492,experiments/06_new_models_n10/results/merged/c189af3036db4adfb9e4da5bb632ea48/records.jsonl,experiments/06_new_models_n10/results/merged/c189af3036db4adfb9e4da5bb632ea48/runs/source_001/terra__Pendulum-v1__next-action__H10/query_001/predictions.jsonl,5d3214892620bef3b9d6bc0da4e6d9148056bcadf4afaa18493e4bcb5abe750c,True,1488,1375,2863,24.346876916941255,24.34377241693437,[-0.3191149830818176],,,False,not_applicable,[0.64],True,,[6],True,,,False,not_applicable,,False,not_applicable,,False,not_applicable,,,,,,[4],,,,,,False,,True,4.0,6.0,True,-0.3191149830818176,0.64
terra,Pendulum-v1,next-action,10,"At s12, the pendulum has just crossed the upright position: angle is slightly negative (`sin(theta) ≈ -0.0059`) and angular velocity remains negative (`-0.237`), meaning it is continuing leftward. The prior actions near upright generally switch to positive torque to brake/reverse this leftward motion. A strong positive corrective torque is therefore likely.",3,2,574,feeea6bb846d807e0e25ad6df3dd8f4ae0e9b066cf6920cc39072564b1b96659,terra__Pendulum-v1__next-action__H10,12,data/llmx_data/offline_data/physics_data/raw_transitions/Pendulum-v1/episodes/episode_0.npz,gpt-5.6-terra,False,06_new_models_n10,True,experiments/06_new_models_n10/results/batches/a44a962437a94614a4b870b4e9366437/records.jsonl#feeea6bb846d807e0e25ad6df3dd8f4ae0e9b066cf6920cc39072564b1b96659,493,experiments/06_new_models_n10/results/merged/c189af3036db4adfb9e4da5bb632ea48/records.jsonl,experiments/06_new_models_n10/results/merged/c189af3036db4adfb9e4da5bb632ea48/runs/source_001/terra__Pendulum-v1__next-action__H10/query_002/predictions.jsonl,b0968f5cdf1db575489d27ee7fe2ca509e2dbd0e8497419b1a3de160eccc05ad,True,1490,1187,2677,20.561412417097017,20.557160582975484,[1.4111299514770508],,,False,not_applicable,[1.8],True,,[9],True,,,False,not_applicable,,False,not_applicable,,False,not_applicable,,,,,,[8],,,,,,False,,True,8.0,9.0,True,1.4111299514770508,1.8
terra,Pendulum-v1,next-action,10,"At \(s_{13}\), the pendulum is extremely close to upright (\(\sin(\theta)\approx -0.0074\)) but remains slightly tilted and moving clockwise (negative angular velocity). The recent policy behavior applies positive/counterclockwise torque to reduce this negative angular motion and bring the angle back toward zero. A moderate positive torque is therefore most likely.",3,3,575,aa2c20ff917959faeaa6b6007b0288c9a786ae0269925e0d1b3ad702544712ee,terra__Pendulum-v1__next-action__H10,13,data/llmx_data/offline_data/physics_data/raw_transitions/Pendulum-v1/episodes/episode_0.npz,gpt-5.6-terra,False,06_new_models_n10,True,experiments/06_new_models_n10/results/batches/a44a962437a94614a4b870b4e9366437/records.jsonl#aa2c20ff917959faeaa6b6007b0288c9a786ae0269925e0d1b3ad702544712ee,494,experiments/06_new_models_n10/results/merged/c189af3036db4adfb9e4da5bb632ea48/records.jsonl,experiments/06_new_models_n10/results/merged/c189af3036db4adfb9e4da5bb632ea48/runs/source_001/terra__Pendulum-v1__next-action__H10/query_003/predictions.jsonl,75000ed0845e08244b2f7b730726cb80ef8674060bb5e01f6edd268713d8498e,True,1490,1398,2888,24.66226400004234,24.65777633409016,[-1.4400720596313477],,,False,not_applicable,[1.1],True,,[7],True,,,False,not_applicable,,False,not_applicable,,False,not_applicable,,,,,,[1],,,,,,False,,True,1.0,7.0,True,-1.4400720596313477,1.1
terra,Pendulum-v1,next-action,10,"At \(s_{14}\), the pendulum is slightly to the negative-angle side (\(\sin\theta=-0.02\)) and has a negative angular velocity (\(-0.2514\)), meaning it is continuing to move away from the upright position in that direction. The recent policy behavior applies positive torque to counteract negative angular velocity near upright (e.g., steps 9, 10, and 12). Since both the angle and velocity need correction, a strong positive corrective torque, likely near the action limit, is expected.",2,4,576,1f5bd3d1949cc25d5beb6012f602e453239c66c7224db92ef6655951c18e2033,terra__Pendulum-v1__next-action__H10,14,data/llmx_data/offline_data/physics_data/raw_transitions/Pendulum-v1/episodes/episode_0.npz,gpt-5.6-terra,False,06_new_models_n10,True,experiments/06_new_models_n10/results/batches/a44a962437a94614a4b870b4e9366437/records.jsonl#1f5bd3d1949cc25d5beb6012f602e453239c66c7224db92ef6655951c18e2033,495,experiments/06_new_models_n10/results/merged/c189af3036db4adfb9e4da5bb632ea48/records.jsonl,experiments/06_new_models_n10/results/merged/c189af3036db4adfb9e4da5bb632ea48/runs/source_001/terra__Pendulum-v1__next-action__H10/query_004/predictions.jsonl,7168b00dc0fbc93ef72c40da9c4b75da121352713c97f329065d348c1335e50e,True,1491,780,2271,12.458952375105582,12.454398999921978,[1.7092909812927246],,,False,not_applicable,[2.0],True,,[9],True,,,False,not_applicable,,False,not_applicable,,False,not_applicable,,,,,,[9],,,,,,False,,True,9.0,9.0,True,1.7092909812927246,2.0
terra,Pendulum-v1,next-action,10,"At \(s_{15}\), the pendulum is very close to upright but is slightly to the negative-angle side (\(y=-0.0205\)) with near-zero negative angular velocity. The recent policy behavior uses positive torque to counter negative angle/negative angular velocity and push the pendulum back toward the upright equilibrium. A moderately strong positive corrective torque is therefore likely.",3,5,577,b9031685d81735cd4a19f4f33677ed214495a80fc6a8ff8167b96e7d470a475f,terra__Pendulum-v1__next-action__H10,15,data/llmx_data/offline_data/physics_data/raw_transitions/Pendulum-v1/episodes/episode_0.npz,gpt-5.6-terra,False,06_new_models_n10,True,experiments/06_new_models_n10/results/batches/a44a962437a94614a4b870b4e9366437/records.jsonl#b9031685d81735cd4a19f4f33677ed214495a80fc6a8ff8167b96e7d470a475f,496,experiments/06_new_models_n10/results/merged/c189af3036db4adfb9e4da5bb632ea48/records.jsonl,experiments/06_new_models_n10/results/merged/c189af3036db4adfb9e4da5bb632ea48/runs/source_001/terra__Pendulum-v1__next-action__H10/query_005/predictions.jsonl,d40ae1ccab4c66b582a2944a7e7fb276c7a0ea1a8ade910bd7ee51349e649434,True,1495,1302,2797,22.62509270897135,22.621245665941387,[-0.9497600793838501],,,False,not_applicable,[1.4],True,,[8],True,,,False,not_applicable,,False,not_applicable,,False,not_applicable,,,,,,[2],,,,,,False,,True,2.0,8.0,True,-0.9497600793838501,1.4
terra,Pendulum-v1,next-action,10,"At \(s_{16}\), the pendulum is slightly to the negative-angle side (\(\sin(\theta)=-0.0289\)) and is moving further in that direction (\(\dot{\theta}=-0.1678\)). The agent’s earlier behavior in similar states—negative angle and negative angular velocity—typically applies a strong positive (counterclockwise) torque to slow/reverse the motion toward upright. A torque around \(+1.7\) is therefore most likely.",3,6,578,8d78f95bf4b5091db4bbf4386b1f76b243baeac47a336d93f11f60839bf10315,terra__Pendulum-v1__next-action__H10,16,data/llmx_data/offline_data/physics_data/raw_transitions/Pendulum-v1/episodes/episode_0.npz,gpt-5.6-terra,False,06_new_models_n10,True,experiments/06_new_models_n10/results/batches/a44a962437a94614a4b870b4e9366437/records.jsonl#8d78f95bf4b5091db4bbf4386b1f76b243baeac47a336d93f11f60839bf10315,497,experiments/06_new_models_n10/results/merged/c189af3036db4adfb9e4da5bb632ea48/records.jsonl,experiments/06_new_models_n10/results/merged/c189af3036db4adfb9e4da5bb632ea48/runs/source_001/terra__Pendulum-v1__next-action__H10/query_006/predictions.jsonl,4d835af0e9558914f6c2a6faf719eca7cb376971999dc6529a852d43820541a0,True,1493,798,2291,13.63445958297234,13.629819041932933,[0.5440352559089661],,,False,not_applicable,[1.7],True,,[9],True,,,False,not_applicable,,False,not_applicable,,False,not_applicable,,,,,,[6],,,,,,False,,True,6.0,9.0,True,0.5440352559089661,1.7
terra,Pendulum-v1,next-action,10,"At \(s_{17}\), the pendulum is slightly left of upright (\(\sin\theta=-0.0343\)) and still rotating in the negative direction (\(\dot{\theta}=-0.1079\)). The agent has generally applied positive torque when the pendulum is left of upright and moving further left/downward, in order to counteract that motion. A moderate positive corrective torque is therefore likely.",3,7,579,fd47a157e3851be0f274400452077d118a0c86cb0872ae5fe6f37c042b4591bb,terra__Pendulum-v1__next-action__H10,17,data/llmx_data/offline_data/physics_data/raw_transitions/Pendulum-v1/episodes/episode_0.npz,gpt-5.6-terra,False,06_new_models_n10,True,experiments/06_new_models_n10/results/batches/a44a962437a94614a4b870b4e9366437/records.jsonl#fd47a157e3851be0f274400452077d118a0c86cb0872ae5fe6f37c042b4591bb,498,experiments/06_new_models_n10/results/merged/c189af3036db4adfb9e4da5bb632ea48/records.jsonl,experiments/06_new_models_n10/results/merged/c189af3036db4adfb9e4da5bb632ea48/runs/source_001/terra__Pendulum-v1__next-action__H10/query_007/predictions.jsonl,dbeeb4e9fb1bfae64ae1a1da8b024a1fbff7dcfef668c65493f8592f92ca97fb,True,1490,1298,2788,22.109431667020544,22.105038583977148,[0.02499106526374817],,,False,not_applicable,[0.73],True,,[6],True,,,False,not_applicable,,False,not_applicable,,False,not_applicable,,,,,,[5],,,,,,False,,True,5.0,6.0,True,0.02499106526374817,0.73
terra,Pendulum-v1,next-action,10,"The pendulum is slightly left of upright (`sin(theta) < 0`) and continues moving left (`angular velocity < 0`). A positive (counterclockwise) torque is likely needed to oppose the leftward motion and steer it back toward the upright position. Recent corrective actions in comparable states are positive, so a moderate positive torque is expected.",3,8,580,3b227c1da8ed3d257bc07f2b5c72f4573c08642e01bb55bbf233027bb06ea5f4,terra__Pendulum-v1__next-action__H10,18,data/llmx_data/offline_data/physics_data/raw_transitions/Pendulum-v1/episodes/episode_0.npz,gpt-5.6-terra,False,06_new_models_n10,True,experiments/06_new_models_n10/results/batches/a44a962437a94614a4b870b4e9366437/records.jsonl#3b227c1da8ed3d257bc07f2b5c72f4573c08642e01bb55bbf233027bb06ea5f4,499,experiments/06_new_models_n10/results/merged/c189af3036db4adfb9e4da5bb632ea48/records.jsonl,experiments/06_new_models_n10/results/merged/c189af3036db4adfb9e4da5bb632ea48/runs/source_001/terra__Pendulum-v1__next-action__H10/query_008/predictions.jsonl,4acfa899660645ee4fb79bd7c299f5839368798c3417e69be2a8ba175e047fc8,True,1488,1146,2634,19.669005417032167,19.664345083991066,[0.7087789177894592],,,False,not_applicable,[0.85],True,,[7],True,,,False,not_applicable,,False,not_applicable,,False,not_applicable,,,,,,[6],,,,,,False,,True,6.0,7.0,True,0.7087789177894592,0.85
terra,Pendulum-v1,next-action,10,"The pendulum is slightly left of upright (`sin(theta) < 0`) and has a small negative angular velocity, so it is still moving left. The agent’s recent behavior generally applies a positive (counterclockwise) torque in such states to reduce the leftward motion and bring the pendulum back toward upright. A moderate positive corrective torque is therefore most likely.",3,9,581,34111d1ff2f27c3f804923ae0aa073d3f290a6261a0184d2c5cfa342741f9e89,terra__Pendulum-v1__next-action__H10,19,data/llmx_data/offline_data/physics_data/raw_transitions/Pendulum-v1/episodes/episode_0.npz,gpt-5.6-terra,False,06_new_models_n10,True,experiments/06_new_models_n10/results/batches/a44a962437a94614a4b870b4e9366437/records.jsonl#34111d1ff2f27c3f804923ae0aa073d3f290a6261a0184d2c5cfa342741f9e89,500,experiments/06_new_models_n10/results/merged/c189af3036db4adfb9e4da5bb632ea48/records.jsonl,experiments/06_new_models_n10/results/merged/c189af3036db4adfb9e4da5bb632ea48/runs/source_001/terra__Pendulum-v1__next-action__H10/query_009/predictions.jsonl,a9fb62f0185cd5b44b48d3fdf4c1c692e855d2c291f8784a1d1b967c2e50a3e0,True,1489,678,2167,11.920313250040635,11.916326209087856,[0.5939425230026245],,,False,not_applicable,[0.65],True,,[6],True,,,False,not_applicable,,False,not_applicable,,False,not_applicable,,,,,,[6],,,,,,False,,True,6.0,6.0,True,0.5939425230026245,0.65
terra,Pendulum-v1,next-action,20,"At \(s_{20}\), the pendulum is slightly to the negative-angle side (\(\sin\theta=-0.0433\)) and its angular velocity is almost zero but slightly positive. Recent actions near similar negative angles are generally positive, supplying counterclockwise torque to bring the pendulum back toward upright while avoiding excessive velocity. A moderate positive action is therefore most likely.",3,0,582,6ba91638cc87a4c69a3150e9c3109875b07552c3f925e89ec7e5d139703d420a,terra__Pendulum-v1__next-action__H20,20,data/llmx_data/offline_data/physics_data/raw_transitions/Pendulum-v1/episodes/episode_0.npz,gpt-5.6-terra,True,05_new_models_single,False,experiments/05_new_models_single/results/records.jsonl#6ba91638cc87a4c69a3150e9c3109875b07552c3f925e89ec7e5d139703d420a,501,experiments/06_new_models_n10/results/merged/c189af3036db4adfb9e4da5bb632ea48/records.jsonl,experiments/06_new_models_n10/results/merged/c189af3036db4adfb9e4da5bb632ea48/runs/source_000/terra__Pendulum-v1__next-action__H20/episode_000/predictions.jsonl,6c8967d188b411cd3c968387aba22169420193cab25e41a938ef2a693fa0ff04,True,1925,680,2605,10.755031917011365,10.75109708297532,[0.08882922679185867],,,False,not_applicable,[0.55],True,,[6],True,,,False,not_applicable,,False,not_applicable,,False,not_applicable,,,,,,[5],,,,,,False,,True,5.0,6.0,True,0.08882922679185867,0.55
terra,Pendulum-v1,next-action,20,The pendulum is very close to upright but is slightly displaced to the negative-angle side (`sin(theta) ≈ -0.0442`) and has a small negative angular velocity (`-0.0167`). The recent behavior shows the policy applying a modest positive torque in this region to counteract the negative displacement/velocity and stabilize the pendulum. A small-to-moderate positive action is therefore most likely.,3,1,583,6ffe0e3fc9b51ab391239af1e7045eef8394a6961b68758181cf44fce426ced4,terra__Pendulum-v1__next-action__H20,21,data/llmx_data/offline_data/physics_data/raw_transitions/Pendulum-v1/episodes/episode_0.npz,gpt-5.6-terra,True,05_new_models_single,False,experiments/05_new_models_single/results/records.jsonl#6ffe0e3fc9b51ab391239af1e7045eef8394a6961b68758181cf44fce426ced4,502,experiments/06_new_models_n10/results/merged/c189af3036db4adfb9e4da5bb632ea48/records.jsonl,experiments/06_new_models_n10/results/merged/c189af3036db4adfb9e4da5bb632ea48/runs/source_000/terra__Pendulum-v1__next-action__H20/episode_000/predictions.jsonl,bf8dd90dadb0c9887badcd3d963a6ee427c8c26196900773d7fd946db8bbe79a,True,1926,612,2538,8.026431208942086,8.022861334029585,[0.6434862613677979],,,False,not_applicable,[0.35],True,,[5],True,,,False,not_applicable,,False,not_applicable,,False,not_applicable,,,,,,[6],,,,,,False,,True,6.0,5.0,True,0.6434862613677979,0.35
terra,Pendulum-v1,next-action,20,"At \(s_{22}\), the pendulum is still slightly left of upright (\(\sin(\theta)=-0.0418\)) but now has a small positive angular velocity (\(0.0467\)), meaning it is moving back toward/through upright. Recent actions applied positive torque to reverse the prior negative velocity; since the velocity is now positive, the agent will likely apply a modest negative corrective torque to damp the motion and avoid overshooting.",3,2,584,85f2457e17749e287737102a615a4314d74c823022266f2317110cff7cc05acf,terra__Pendulum-v1__next-action__H20,22,data/llmx_data/offline_data/physics_data/raw_transitions/Pendulum-v1/episodes/episode_0.npz,gpt-5.6-terra,True,05_new_models_single,False,experiments/05_new_models_single/results/records.jsonl#85f2457e17749e287737102a615a4314d74c823022266f2317110cff7cc05acf,503,experiments/06_new_models_n10/results/merged/c189af3036db4adfb9e4da5bb632ea48/records.jsonl,experiments/06_new_models_n10/results/merged/c189af3036db4adfb9e4da5bb632ea48/runs/source_000/terra__Pendulum-v1__next-action__H20/episode_000/predictions.jsonl,b62f7d8514f8b90db1c4542cc5725c4bc25a575362bc8bd62e34e370f19fe239,True,1929,1440,3369,20.18967670807615,20.184621292049997,[-1.0871518850326538],,,False,not_applicable,[-0.55],True,,[3],True,,,False,not_applicable,,False,not_applicable,,False,not_applicable,,,,,,[2],,,,,,False,,True,2.0,3.0,True,-1.0871518850326538,-0.55
terra,Pendulum-v1,next-action,20,"At \(s_{23}\), the pendulum is slightly to the negative-angle side (\(y=-0.0492\)) and moving further negative (\(\dot{\theta}=-0.1478\)). The recent policy behavior applies positive torque in similar states to counteract negative angular velocity and return the pendulum toward upright. A moderately positive corrective torque is therefore likely.",3,3,585,41900605be5dfd28003a1076f8fbe52c4cecaad25c58c5e2769d0d60a0d35db2,terra__Pendulum-v1__next-action__H20,23,data/llmx_data/offline_data/physics_data/raw_transitions/Pendulum-v1/episodes/episode_0.npz,gpt-5.6-terra,True,05_new_models_single,False,experiments/05_new_models_single/results/records.jsonl#41900605be5dfd28003a1076f8fbe52c4cecaad25c58c5e2769d0d60a0d35db2,504,experiments/06_new_models_n10/results/merged/c189af3036db4adfb9e4da5bb632ea48/records.jsonl,experiments/06_new_models_n10/results/merged/c189af3036db4adfb9e4da5bb632ea48/runs/source_000/terra__Pendulum-v1__next-action__H20/episode_000/predictions.jsonl,b18ccedb530500b95eeabc7e7dce2ab874f60271507bbfbe3451ac786f249265,True,1932,644,2576,9.616602791007608,9.612325499998406,[1.421302080154419],,,False,not_applicable,[0.9],True,,[7],True,,,False,not_applicable,,False,not_applicable,,False,not_applicable,,,,,,[8],,,,,,False,,True,8.0,7.0,True,1.421302080154419,0.9
terra,Pendulum-v1,next-action,20,"The pendulum is slightly to the negative-angle side (`sin(theta) ≈ -0.0478`) but now has a small positive angular velocity (`+0.0285`), meaning it is moving back toward/through the upright point. In similar recent states with negative angle and positive angular velocity (especially step 22), the agent applies negative torque to brake the positive motion and keep the pendulum near upright. A moderately negative corrective torque is therefore likely.",2,4,586,fcb03313df583e210ddbcd9dd32325e03f2a2d2bc0879bfaac4279e53d9d7a41,terra__Pendulum-v1__next-action__H20,24,data/llmx_data/offline_data/physics_data/raw_transitions/Pendulum-v1/episodes/episode_0.npz,gpt-5.6-terra,True,05_new_models_single,False,experiments/05_new_models_single/results/records.jsonl#fcb03313df583e210ddbcd9dd32325e03f2a2d2bc0879bfaac4279e53d9d7a41,505,experiments/06_new_models_n10/results/merged/c189af3036db4adfb9e4da5bb632ea48/records.jsonl,experiments/06_new_models_n10/results/merged/c189af3036db4adfb9e4da5bb632ea48/runs/source_000/terra__Pendulum-v1__next-action__H20/episode_000/predictions.jsonl,ffa70034cd799aafb26467143853db0d5194845149e956e76a541d27a9adc94f,True,1933,678,2611,9.595605292008258,9.591244791983627,[0.33447736501693726],,,False,not_applicable,[-0.75],True,,[3],True,,,False,not_applicable,,False,not_applicable,,False,not_applicable,,,,,,[5],,,,,,False,,True,5.0,3.0,True,0.33447736501693726,-0.75
terra,Pendulum-v1,next-action,20,The pendulum is very close to upright but is moving counterclockwise (positive angular velocity). Similar nearby states with positive angular velocity received negative torque to brake that motion and prevent overshooting. A moderately negative corrective action is therefore likely.,3,5,587,579723da3aea87ecc2999a9cba0737dda15b33ca17caa94da0b82426ca2cae16,terra__Pendulum-v1__next-action__H20,25,data/llmx_data/offline_data/physics_data/raw_transitions/Pendulum-v1/episodes/episode_0.npz,gpt-5.6-terra,True,05_new_models_single,False,experiments/05_new_models_single/results/records.jsonl#579723da3aea87ecc2999a9cba0737dda15b33ca17caa94da0b82426ca2cae16,506,experiments/06_new_models_n10/results/merged/c189af3036db4adfb9e4da5bb632ea48/records.jsonl,experiments/06_new_models_n10/results/merged/c189af3036db4adfb9e4da5bb632ea48/runs/source_000/terra__Pendulum-v1__next-action__H20/episode_000/predictions.jsonl,26bca914afcef5785e2c9240344669ae59166e1013229b0b1652b4e31e1e90e7,True,1936,1108,3044,16.696033417014405,16.69098449999001,[-0.48779454827308655],,,False,not_applicable,[-1.0],True,,[2],True,,,False,not_applicable,,False,not_applicable,,False,not_applicable,,,,,,[3],,,,,,False,,True,3.0,2.0,True,-0.48779454827308655,-1.0
terra,Pendulum-v1,next-action,20,"At \(s_{26}\), the pendulum is slightly to the right of upright in the observation convention (\(y<0\)) and has negative angular velocity. In nearby states with similarly negative angle and negative velocity (e.g., steps 18–19), the agent generally applies a moderate positive torque to counteract the motion and return toward upright. A positive action around \(0.6\)–\(0.8\) is most likely.",2,6,588,55a7dd757ed368d7d45a9dafdbf0e322906d7f8f6375a5876054281abb647a53,terra__Pendulum-v1__next-action__H20,26,data/llmx_data/offline_data/physics_data/raw_transitions/Pendulum-v1/episodes/episode_0.npz,gpt-5.6-terra,True,05_new_models_single,False,experiments/05_new_models_single/results/records.jsonl#55a7dd757ed368d7d45a9dafdbf0e322906d7f8f6375a5876054281abb647a53,507,experiments/06_new_models_n10/results/merged/c189af3036db4adfb9e4da5bb632ea48/records.jsonl,experiments/06_new_models_n10/results/merged/c189af3036db4adfb9e4da5bb632ea48/runs/source_000/terra__Pendulum-v1__next-action__H20/episode_000/predictions.jsonl,24cd5cbc45670696373138bde879ec2cbd60cf89f3dbe3510e04a9387490cb4e,True,1935,650,2585,8.625971083063632,8.621996916015632,[0.6751355528831482],,,False,not_applicable,[0.7],True,,[6],True,,,False,not_applicable,,False,not_applicable,,False,not_applicable,,,,,,[6],,,,,,False,,True,6.0,6.0,True,0.6751355528831482,0.7
terra,Pendulum-v1,next-action,20,"At \(s_{27}\), the pendulum is slightly to the negative-angle side (\(\theta \approx -0.049\)) but has essentially zero angular velocity. The previous positive action \(0.6751\) appears to have successfully cancelled the negative angular velocity. A small positive torque is now likely to counteract gravity and keep the pendulum near the upright equilibrium, rather than applying another large correction.",2,7,589,181bb36b66b1cf45f7561c24c9ac63dd60a61fb63c4bfdd4363f2b5b2128f992,terra__Pendulum-v1__next-action__H20,27,data/llmx_data/offline_data/physics_data/raw_transitions/Pendulum-v1/episodes/episode_0.npz,gpt-5.6-terra,True,05_new_models_single,False,experiments/05_new_models_single/results/records.jsonl#181bb36b66b1cf45f7561c24c9ac63dd60a61fb63c4bfdd4363f2b5b2128f992,508,experiments/06_new_models_n10/results/merged/c189af3036db4adfb9e4da5bb632ea48/records.jsonl,experiments/06_new_models_n10/results/merged/c189af3036db4adfb9e4da5bb632ea48/runs/source_000/terra__Pendulum-v1__next-action__H20/episode_000/predictions.jsonl,16dffaf0ee4f97942431ddaa5d948b8f6655aee4956dd8dccb6ea1167c274f1c,True,1943,1371,3314,19.355633459053934,19.351620749919675,[0.7845479249954224],,,False,not_applicable,[0.24],True,,[5],True,,,False,not_applicable,,False,not_applicable,,False,not_applicable,,,,,,[6],,,,,,False,,True,6.0,5.0,True,0.7845479249954224,0.24
terra,Pendulum-v1,next-action,20,"The pendulum is slightly to the negative-angle side (`sin(theta) ≈ -0.0448`) but is moving counterclockwise with positive angular velocity (`+0.0811`), away from a stable upright correction. The recent policy behavior generally applies negative torque when angular velocity becomes positive, to brake the motion and pull the pendulum back toward upright. A moderately strong negative torque is therefore likely.",3,8,590,916477c30498d313ed0f71baf49ed3d7b9c5b6d670feff21ab5efab4a71480f4,terra__Pendulum-v1__next-action__H20,28,data/llmx_data/offline_data/physics_data/raw_transitions/Pendulum-v1/episodes/episode_0.npz,gpt-5.6-terra,True,05_new_models_single,False,experiments/05_new_models_single/results/records.jsonl#916477c30498d313ed0f71baf49ed3d7b9c5b6d670feff21ab5efab4a71480f4,509,experiments/06_new_models_n10/results/merged/c189af3036db4adfb9e4da5bb632ea48/records.jsonl,experiments/06_new_models_n10/results/merged/c189af3036db4adfb9e4da5bb632ea48/runs/source_000/terra__Pendulum-v1__next-action__H20/episode_000/predictions.jsonl,9862aa1e7da38eb85f4d02520f36fcdde5bdae52b166f260473c1c8d849ef3d0,True,1941,1226,3167,19.085397082963027,19.080976249999367,[-1.375152826309204],,,False,not_applicable,[-0.9],True,,[2],True,,,False,not_applicable,,False,not_applicable,,False,not_applicable,,,,,,[1],,,,,,False,,True,1.0,2.0,True,-1.375152826309204,-0.9
terra,Pendulum-v1,next-action,20,"At \(s_{29}\), the pendulum is slightly left of upright (\(\sin(\theta)=-0.0528\)) and moving further in the negative angular direction (\(\dot{\theta}=-0.1588\)). The agent’s prior behavior in similar states applies a positive corrective torque to reduce the negative angular velocity and move the pendulum back toward upright. The closest example is step 23, where a similar angle and velocity led to action \(+1.4213\).",2,9,591,88163557c9daa47093270beebb9be1f894ee251b958193283ca44e2c41dc6443,terra__Pendulum-v1__next-action__H20,29,data/llmx_data/offline_data/physics_data/raw_transitions/Pendulum-v1/episodes/episode_0.npz,gpt-5.6-terra,True,05_new_models_single,False,experiments/05_new_models_single/results/records.jsonl#88163557c9daa47093270beebb9be1f894ee251b958193283ca44e2c41dc6443,510,experiments/06_new_models_n10/results/merged/c189af3036db4adfb9e4da5bb632ea48/records.jsonl,experiments/06_new_models_n10/results/merged/c189af3036db4adfb9e4da5bb632ea48/runs/source_000/terra__Pendulum-v1__next-action__H20/episode_000/predictions.jsonl,071a03758cb805c9995101ebc800527c2d3af9525f85e6d249b7f719187f88dc,True,1943,469,2412,6.3906707499409094,6.386931459070183,[1.9077938795089722],,,False,not_applicable,[1.42],True,,[8],True,,,False,not_applicable,,False,not_applicable,,False,not_applicable,,,,,,[9],,,,,,False,,True,9.0,8.0,True,1.9077938795089722,1.42
terra,Pendulum-v1,next-action,30,"The pendulum is slightly left of upright (`sin(theta) < 0`) and moving counterclockwise (`angular velocity > 0`), which moves it further away from the target. Similar nearby states, especially step 28, received a strong negative torque to brake and reverse this motion. Thus a negative action around \(-1.4\) is likely.",2,0,592,f3c75a1128f962a606927199a1901e998aac55b149e9e701fc7b53d155a7e28a,terra__Pendulum-v1__next-action__H30,30,data/llmx_data/offline_data/physics_data/raw_transitions/Pendulum-v1/episodes/episode_0.npz,gpt-5.6-terra,False,06_new_models_n10,True,experiments/06_new_models_n10/results/batches/a44a962437a94614a4b870b4e9366437/records.jsonl#f3c75a1128f962a606927199a1901e998aac55b149e9e701fc7b53d155a7e28a,511,experiments/06_new_models_n10/results/merged/c189af3036db4adfb9e4da5bb632ea48/records.jsonl,experiments/06_new_models_n10/results/merged/c189af3036db4adfb9e4da5bb632ea48/runs/source_001/terra__Pendulum-v1__next-action__H30/query_000/predictions.jsonl,1d3b292b7298d102985b35c7d97aeca17388cb58fa0a3addc1638314bf73f0b0,True,2379,352,2731,6.0336550830397755,6.029995125019923,[-0.8885178565979004],,,False,not_applicable,[-1.45],True,,[1],True,,,False,not_applicable,,False,not_applicable,,False,not_applicable,,,,,,[2],,,,,,False,,True,2.0,1.0,True,-0.8885178565979004,-1.45
terra,Pendulum-v1,next-action,30,The pendulum is very close to upright but is tilted slightly negative (`sin(theta) ≈ -0.0525`) and moving further in the negative direction (`angular velocity = -0.0818`). The agent’s recent behavior in similar states applies a positive torque to counter the negative angular velocity and return the pendulum toward upright. A moderate positive torque is therefore most likely.,3,1,593,06b73a511428432f33b3a529f1d2754320c8e2def2225eee08205c102020a13b,terra__Pendulum-v1__next-action__H30,31,data/llmx_data/offline_data/physics_data/raw_transitions/Pendulum-v1/episodes/episode_0.npz,gpt-5.6-terra,False,06_new_models_n10,True,experiments/06_new_models_n10/results/batches/a44a962437a94614a4b870b4e9366437/records.jsonl#06b73a511428432f33b3a529f1d2754320c8e2def2225eee08205c102020a13b,512,experiments/06_new_models_n10/results/merged/c189af3036db4adfb9e4da5bb632ea48/records.jsonl,experiments/06_new_models_n10/results/merged/c189af3036db4adfb9e4da5bb632ea48/runs/source_001/terra__Pendulum-v1__next-action__H30/query_001/predictions.jsonl,30bdaf0368a226f394f15445da8b9d02bc73ad33cd306d80f102906156fbef62,True,2382,790,3172,12.890529957949184,12.886510791024193,[1.4703737497329712],,,False,not_applicable,[0.9],True,,[7],True,,,False,not_applicable,,False,not_applicable,,False,not_applicable,,,,,,[8],,,,,,False,,True,8.0,7.0,True,1.4703737497329712,0.9
terra,Pendulum-v1,next-action,30,"At \(s_{32} = [0.9989, -0.0475, 0.0994]\), the pendulum is slightly to the negative-angle side and moving with positive angular velocity. The agent’s nearby actions (e.g., steps 28 and 30) use negative torque to counteract this positive velocity and prevent overshooting the upright position. A moderate-to-strong negative torque around \(-1.1\) is most consistent with the observed control behavior.",2,2,594,23b584383a0154fe04bb9ee99760f8527789ad2fbf69412eb578febb2f94665b,terra__Pendulum-v1__next-action__H30,32,data/llmx_data/offline_data/physics_data/raw_transitions/Pendulum-v1/episodes/episode_0.npz,gpt-5.6-terra,False,06_new_models_n10,True,experiments/06_new_models_n10/results/batches/a44a962437a94614a4b870b4e9366437/records.jsonl#23b584383a0154fe04bb9ee99760f8527789ad2fbf69412eb578febb2f94665b,513,experiments/06_new_models_n10/results/merged/c189af3036db4adfb9e4da5bb632ea48/records.jsonl,experiments/06_new_models_n10/results/merged/c189af3036db4adfb9e4da5bb632ea48/runs/source_001/terra__Pendulum-v1__next-action__H30/query_002/predictions.jsonl,4fbf85f76253e23d4c9124fc6161763bff434b632ee0d8a8e828069ad6c969d8,True,2385,603,2988,9.834439874975942,9.829320083023049,[-0.9442287683486938],,,False,not_applicable,[-1.1],True,,[2],True,,,False,not_applicable,,False,not_applicable,,False,not_applicable,,,,,,[2],,,,,,False,,True,2.0,2.0,True,-0.9442287683486938,-1.1
terra,Pendulum-v1,next-action,30,"State \(s_{33}\) has a small negative angle (\(\theta \approx -0.051\)) and negative angular velocity (\(-0.0779\)), meaning the pendulum is slightly to one side of upright and moving further away in the negative direction. In similar states—especially step 31, with angle about \(-0.0525\) and velocity \(-0.0818\)—the policy selected a positive corrective torque of \(1.4704\). Thus a positive torque near \(+1.4\) to \(+1.5\) is most likely.",2,3,595,24088ecfdf4d09ff0ddedbc96098839b38f9b2ed3100e914ab0ccaa60d188c5c,terra__Pendulum-v1__next-action__H30,33,data/llmx_data/offline_data/physics_data/raw_transitions/Pendulum-v1/episodes/episode_0.npz,gpt-5.6-terra,False,06_new_models_n10,True,experiments/06_new_models_n10/results/batches/a44a962437a94614a4b870b4e9366437/records.jsonl#24088ecfdf4d09ff0ddedbc96098839b38f9b2ed3100e914ab0ccaa60d188c5c,514,experiments/06_new_models_n10/results/merged/c189af3036db4adfb9e4da5bb632ea48/records.jsonl,experiments/06_new_models_n10/results/merged/c189af3036db4adfb9e4da5bb632ea48/runs/source_001/terra__Pendulum-v1__next-action__H30/query_003/predictions.jsonl,012cba18258bb36af739e16b961adf05ea724435378e387abf3a1b6a962e9674,True,2388,515,2903,7.420093541033566,7.415804749936797,[1.5583062171936035],,,False,not_applicable,[1.45],True,,[8],True,,,False,not_applicable,,False,not_applicable,,False,not_applicable,,,,,,[8],,,,,,False,,True,8.0,8.0,True,1.5583062171936035,1.45
terra,Pendulum-v1,next-action,30,"The pendulum is very close to upright but is moving with positive angular velocity (`0.1173`). In the preceding sequence, when angular velocity becomes positive, the agent generally applies a negative torque to brake the motion and prevent overshooting. Given the relatively larger positive velocity at step 34, a moderately strong negative action is likely.",3,4,596,89e9fdd74d20aad261e8f83e65e8762f08e578d30b0e1bed3bfe6e84f5a8ef6f,terra__Pendulum-v1__next-action__H30,34,data/llmx_data/offline_data/physics_data/raw_transitions/Pendulum-v1/episodes/episode_0.npz,gpt-5.6-terra,False,06_new_models_n10,True,experiments/06_new_models_n10/results/batches/a44a962437a94614a4b870b4e9366437/records.jsonl#89e9fdd74d20aad261e8f83e65e8762f08e578d30b0e1bed3bfe6e84f5a8ef6f,515,experiments/06_new_models_n10/results/merged/c189af3036db4adfb9e4da5bb632ea48/records.jsonl,experiments/06_new_models_n10/results/merged/c189af3036db4adfb9e4da5bb632ea48/runs/source_001/terra__Pendulum-v1__next-action__H30/query_004/predictions.jsonl,712a2d6b4311ff1788573fd13016a8edff0a7d3ae57a9f1e0437d1a31e6e92ca,True,2388,667,3055,11.443230708944611,11.438287124969065,[0.1804589033126831],,,False,not_applicable,[-1.3],True,,[1],True,,,False,not_applicable,,False,not_applicable,,False,not_applicable,,,,,,[5],,,,,,False,,True,5.0,1.0,True,0.1804589033126831,-1.3
terra,Pendulum-v1,next-action,30,"At \(s_{35}\), the pendulum is slightly left of upright (\(\sin\theta=-0.04\)) but has a positive angular velocity (\(+0.1103\)), meaning it is moving counterclockwise/toward and potentially past the upright position. In similar nearby states with positive angular velocity (steps 28, 30, and 32), the policy generally applies a negative torque to damp the motion and prevent overshoot. A torque near \(-1.0\) is therefore likely.",2,5,597,282310d4a7767f9a165ca6603729d9a59936e4ca2a92c64fc8556f497a66614e,terra__Pendulum-v1__next-action__H30,35,data/llmx_data/offline_data/physics_data/raw_transitions/Pendulum-v1/episodes/episode_0.npz,gpt-5.6-terra,False,06_new_models_n10,True,experiments/06_new_models_n10/results/batches/a44a962437a94614a4b870b4e9366437/records.jsonl#282310d4a7767f9a165ca6603729d9a59936e4ca2a92c64fc8556f497a66614e,516,experiments/06_new_models_n10/results/merged/c189af3036db4adfb9e4da5bb632ea48/records.jsonl,experiments/06_new_models_n10/results/merged/c189af3036db4adfb9e4da5bb632ea48/runs/source_001/terra__Pendulum-v1__next-action__H30/query_005/predictions.jsonl,ed9b7b150fdb03ad7775bcdef443969634f844075564dd2657f74a4a618d14b2,True,2392,1030,3422,17.794513707980514,17.789696124964394,[-1.4897518157958984],,,False,not_applicable,[-0.95],True,,[2],True,,,False,not_applicable,,False,not_applicable,,False,not_applicable,,,,,,[1],,,,,,False,,True,1.0,2.0,True,-1.4897518157958984,-0.95
terra,Pendulum-v1,next-action,30,"At \(s_{36}\), the pendulum is slightly to the negative-angle side (\(\sin\theta=-0.0472\)) and moving further negative with angular velocity \(-0.1432\). In similar states with negative angular velocity, the agent consistently applies a strong positive (counterclockwise) torque to brake and reverse the motion toward upright. Comparable actions are approximately \(+1.42\) to \(+1.91\), so a value around \(+1.75\) is likely.",3,6,598,a78a8b48080e16a5202200a0a646954989150ef4a67533a13e51829fefd90b20,terra__Pendulum-v1__next-action__H30,36,data/llmx_data/offline_data/physics_data/raw_transitions/Pendulum-v1/episodes/episode_0.npz,gpt-5.6-terra,False,06_new_models_n10,True,experiments/06_new_models_n10/results/batches/a44a962437a94614a4b870b4e9366437/records.jsonl#a78a8b48080e16a5202200a0a646954989150ef4a67533a13e51829fefd90b20,517,experiments/06_new_models_n10/results/merged/c189af3036db4adfb9e4da5bb632ea48/records.jsonl,experiments/06_new_models_n10/results/merged/c189af3036db4adfb9e4da5bb632ea48/runs/source_001/terra__Pendulum-v1__next-action__H30/query_006/predictions.jsonl,397828f60b1a904c8b7e20db8eeb4ef7b7197539a8b07125c80916255588462e,True,2390,472,2862,7.333142791991122,7.328288874938153,[1.7350534200668335],,,False,not_applicable,[1.75],True,,[9],True,,,False,not_applicable,,False,not_applicable,,False,not_applicable,,,,,,[9],,,,,,False,,True,9.0,9.0,True,1.7350534200668335,1.75
terra,Pendulum-v1,next-action,30,"The pendulum is slightly left of upright (\(y<0\)) and moving counterclockwise/leftward (\(\dot\theta>0\)). In similar nearby states (steps 28, 30, and 32), the policy applies a negative torque to slow that positive angular velocity and avoid overshooting upright. The closest match is step 28, so a moderately strong negative action is most likely.",2,7,599,44ab40309ff6ae310dbd22d780586ca56d783299a023b2b04156db4216085e9c,terra__Pendulum-v1__next-action__H30,37,data/llmx_data/offline_data/physics_data/raw_transitions/Pendulum-v1/episodes/episode_0.npz,gpt-5.6-terra,False,06_new_models_n10,True,experiments/06_new_models_n10/results/batches/a44a962437a94614a4b870b4e9366437/records.jsonl#44ab40309ff6ae310dbd22d780586ca56d783299a023b2b04156db4216085e9c,518,experiments/06_new_models_n10/results/merged/c189af3036db4adfb9e4da5bb632ea48/records.jsonl,experiments/06_new_models_n10/results/merged/c189af3036db4adfb9e4da5bb632ea48/runs/source_001/terra__Pendulum-v1__next-action__H30/query_007/predictions.jsonl,1007a90f48a83eb9e7c34704f5cae7010e0fa269a7822aac07433e47d7dd0044,True,2389,475,2864,10.017923165927641,10.01450416597072,[-1.974252700805664],,,False,not_applicable,[-1.2],True,,[2],True,,,False,not_applicable,,False,not_applicable,,False,not_applicable,,,,,,[0],,,,,,False,,True,0.0,2.0,True,-1.974252700805664,-1.2
terra,Pendulum-v1,next-action,30,"The pendulum is slightly right of upright (`sin(theta) = -0.0554`) and moving further in that direction with a relatively large negative angular velocity (`-0.2468`). In similar preceding states with negative angle and negative velocity, the agent applies a strong positive (counterclockwise) torque to brake/reverse the fall. Because the current negative velocity is stronger than in most nearby examples, the action is likely near the positive torque limit.",3,8,600,7d46fd3837cf359b59c9268b5252034bf9fff6c20d6f42672005e302e850edff,terra__Pendulum-v1__next-action__H30,38,data/llmx_data/offline_data/physics_data/raw_transitions/Pendulum-v1/episodes/episode_0.npz,gpt-5.6-terra,False,06_new_models_n10,True,experiments/06_new_models_n10/results/batches/a44a962437a94614a4b870b4e9366437/records.jsonl#7d46fd3837cf359b59c9268b5252034bf9fff6c20d6f42672005e302e850edff,519,experiments/06_new_models_n10/results/merged/c189af3036db4adfb9e4da5bb632ea48/records.jsonl,experiments/06_new_models_n10/results/merged/c189af3036db4adfb9e4da5bb632ea48/runs/source_001/terra__Pendulum-v1__next-action__H30/query_008/predictions.jsonl,0e3314babf91df896183c7ba18715a99e01c09698aaa7edf30dba9ae8bc91c6e,True,2389,565,2954,9.80449445801787,9.800178583944216,[2.0],,,False,not_applicable,[1.95],True,,[9],True,,,False,not_applicable,,False,not_applicable,,False,not_applicable,,,,,,[9],,,,,,False,,True,9.0,9.0,True,2.0,1.95
terra,Pendulum-v1,next-action,30,"The pendulum is slightly left of upright (`sin(theta) < 0`) with near-zero positive angular velocity. In the preceding sequence, when the pendulum is left of upright and its velocity is small, the agent generally applies a positive (counterclockwise) corrective torque. A moderate positive torque is therefore most likely.",3,9,601,59476f2bb1c5e8e6b6b689e3028ea5a074899ef54bc58c3be7c9617a157065ad,terra__Pendulum-v1__next-action__H30,39,data/llmx_data/offline_data/physics_data/raw_transitions/Pendulum-v1/episodes/episode_0.npz,gpt-5.6-terra,False,06_new_models_n10,True,experiments/06_new_models_n10/results/batches/a44a962437a94614a4b870b4e9366437/records.jsonl#59476f2bb1c5e8e6b6b689e3028ea5a074899ef54bc58c3be7c9617a157065ad,520,experiments/06_new_models_n10/results/merged/c189af3036db4adfb9e4da5bb632ea48/records.jsonl,experiments/06_new_models_n10/results/merged/c189af3036db4adfb9e4da5bb632ea48/runs/source_001/terra__Pendulum-v1__next-action__H30/query_009/predictions.jsonl,0620ff5f29797f59a7d771df89fb4cc88a7f2ec684aac13df7ea15cdd290f830,True,2389,893,3282,14.936861708993092,14.931951041100547,[1.0084922313690186],,,False,not_applicable,[0.7],True,,[6],True,,,False,not_applicable,,False,not_applicable,,False,not_applicable,,,,,,[7],,,,,,False,,True,7.0,6.0,True,1.0084922313690186,0.7
