"model","Task","Metrics","H","Reasoning","score"
"sol","MountainCar-v0","last-action","5","Using  
   \(v_{6}=v_{5}+(a_5-1)(0.001)-0.0025\cos(3x_5)\),  
   with \(x_5=-0.4858\) and \(v_5=0.0039\):

   \[
   0.0025\cos(3(-0.4858)) \approx 0.00028.
   \]

   For action \(2\):

   \[
   v_6 \approx 0.0039+0.001-0.00028=0.00462,
   \]

   which rounds to \(0.0046\), matching the observed next state. The resulting position also matches:
   \[
   -0.4858+0.00462\approx -0.4812,
   \]
   consistent with the rounded value \(-0.4811\).","1"
"sol","MountainCar-v0","last-action","5","The velocity increased from 0.0046 to 0.0053, a change of about 0.0007. At position −0.4811, gravity contributes approximately \(-0.0025\cos(3(-0.4811)) \approx -0.00032\). Action 2 adds \(+0.001\), yielding a net velocity increase of roughly \(0.00068\), consistent with the observed transition.","1"
"sol","MountainCar-v0","last-action","5","Using  
   \(v_{8}=0.0053+(a_7-1)(0.001)-0.0025\cos(3(-0.4758))\).  
   Since \(\cos(-1.4274)\approx0.143\), choosing action 2 gives  
   \(v_8\approx0.0053+0.001-0.000357=0.00594\), which rounds to \(0.0060\). This also gives \(x_8\approx-0.4758+0.00594=-0.4699\), matching the observed state.","1"
"sol","MountainCar-v0","last-action","5","The velocity changes from \(0.0060\) to \(0.0065\). At \(x=-0.4699\), the gravity term is
   \[
   -0.0025\cos(3x)\approx -0.0025\cos(-1.4097)\approx -0.0004.
   \]
   Taking action 2 adds \(+0.001\), giving
   \[
   v_9\approx 0.0060+0.001-0.0004=0.0066,
   \]
   consistent with the displayed rounded velocity \(0.0065\) and position \(-0.4633\).","1"
"sol","MountainCar-v0","last-action","5","Using  
   \(v_{10}=v_9+(a_9-1)(0.001)-0.0025\cos(3x_9)\),  
   with \(x_9=-0.4633\) and \(v_9=0.0065\):
   \[
   0.0025\cos(3(-0.4633))\approx 0.00045.
   \]
   For action \(a_9=1\) (no acceleration):
   \[
   v_{10}\approx 0.0065-0.00045=0.00605\approx 0.0061.
   \]
   This also gives \(x_{10}\approx-0.4633+0.0061=-0.4572\), matching the observed state.","1"
"sol","MountainCar-v0","last-action","5","Using  
   \(v_{11}=v_{10}+(a_{10}-1)(0.001)-\cos(3x_{10})(0.0025)\),  
   with \(x_{10}=-0.4572\) and \(v_{10}=0.0061\):
   \[
   \cos(3x_{10})(0.0025)\approx \cos(-1.3716)(0.0025)\approx 0.000495.
   \]
   Thus,
   \[
   v_{11}\approx 0.0061+(a_{10}-1)(0.001)-0.000495.
   \]
   For action \(1\), this gives \(v_{11}\approx0.005605\), matching the observed \(0.0056\). It also yields \(x_{11}\approx-0.4572+0.0056=-0.4516\).","1"
"sol","MountainCar-v0","last-action","5","Using  
   \(v_{12}=v_{11}+(a_{11}-1)(0.001)-0.0025\cos(3x_{11})\),  
   with \(x_{11}=-0.4516\) and \(v_{11}=0.0056\):
   \[
   0.0025\cos(3(-0.4516))\approx 0.00054.
   \]
   Thus, for action \(1\):
   \[
   v_{12}\approx 0.0056-0.00054=0.00506\approx 0.0051,
   \]
   matching the observed next velocity. It also gives \(x_{12}\approx-0.4516+0.00506=-0.44654\approx-0.4466\).","1"
"sol","MountainCar-v0","last-action","5","Using  
   \(v_{13}=v_{12}+(a_{12}-1)(0.001)-\cos(3x_{12})(0.0025)\),  
   with \(x_{12}=-0.4466\) and \(v_{12}=0.0051\):
   \[
   \cos(3x_{12})=\cos(-1.3398)\approx0.229
   \]
   \[
   v_{13}\approx0.0051+(a_{12}-1)(0.001)-0.000572.
   \]
   For action \(0\):
   \[
   v_{13}\approx0.0051-0.001-0.000572=0.003528\approx0.0035,
   \]
   matching the observed next velocity and position change.","1"
"sol","MountainCar-v0","last-action","5","Using  
   \(v_{14}=v_{13}+(a_{13}-1)(0.001)-\cos(3x_{13})(0.0025)\),  
   with \(x_{13}=-0.4431\) and \(v_{13}=0.0035\), the gravity term is approximately \(0.0006\). For action \(0\):  
   \(v_{14}\approx0.0035-0.001-0.0006=0.0019\), matching the observed velocity.","1"
"sol","MountainCar-v0","last-action","5","Using  
   \[
   v_{15}=v_{14}+(a_{14}-1)(0.001)-\cos(3x_{14})(0.0025),
   \]
   with \(x_{14}=-0.4412\) and \(v_{14}=0.0019\), the gravity term is approximately \(0.00061\). Action 0 gives  
   \[
   v_{15}\approx0.0019-0.001-0.00061=0.00029,
   \]
   matching the observed \(2.8657\times10^{-4}\).","1"
"sol","MountainCar-v0","last-action","10","Using  
   \(v_{11}=v_{10}+(a_{10}-1)(0.001)-0.0025\cos(3x_{10})\),  
   with \(x_{10}=-0.4572\) and \(v_{10}=0.0061\):
   \[
   0.0025\cos(3(-0.4572))\approx 0.000495.
   \]
   Thus,
   \[
   v_{11}\approx0.0061+(a_{10}-1)(0.001)-0.000495.
   \]
   For action \(1\), this gives \(v_{11}\approx0.005605\), which rounds to \(0.0056\), matching \(s_{11}\).","1"
"sol","MountainCar-v0","last-action","10","Using  
   \(v_{12}=v_{11}+(a_{11}-1)(0.001)-\cos(3x_{11})(0.0025)\),  
   with \(x_{11}=-0.4516\) and \(v_{11}=0.0056\), the gravity term is approximately \(0.00054\). For action \(1\):  
   \(v_{12}\approx0.0056-0.00054=0.00506\), which rounds to \(0.0051\), matching the observed state.","1"
"sol","MountainCar-v0","last-action","10","Using  
   \(v_{13}=v_{12}+(a_{12}-1)(0.001)-0.0025\cos(3x_{12})\),  
   with \(x_{12}=-0.4466\) and \(v_{12}=0.0051\):
   \[
   0.0025\cos(3(-0.4466))\approx 0.00057.
   \]
   For action \(0\):
   \[
   v_{13}\approx 0.0051-0.001-0.00057=0.00353,
   \]
   which rounds to \(0.0035\). The resulting position is
   \[
   -0.4466+0.00353\approx -0.4431,
   \]
   exactly matching \(s_{13}\).","1"
"sol","MountainCar-v0","last-action","10","Using  
   \(v_{14}=v_{13}+(a_{13}-1)(0.001)-\cos(3x_{13})(0.0025)\),  
   with \(x_{13}=-0.4431\) and \(v_{13}=0.0035\), the gravity term is approximately \(-0.0006\). To obtain \(v_{14}\approx0.0019\), the action must contribute \(-0.001\), corresponding to acceleration left.","1"
"sol","MountainCar-v0","last-action","10","Using  
   \(v_{15}=v_{14}+(a_{14}-1)(0.001)-0.0025\cos(3p_{14})\),  
   with \(p_{14}=-0.4412\) and \(v_{14}=0.0019\), the gravity term is approximately \(0.00061\). For action \(0\):
   \[
   v_{15}\approx0.0019-0.001-0.00061=0.00029,
   \]
   matching the observed \(2.8657\times10^{-4}\).","1"
"sol","MountainCar-v0","last-action","10","Using  
   \[
   v_{16}=v_{15}+(a_{15}-1)(0.001)-0.0025\cos(3p_{15}),
   \]
   with \(p_{15}=-0.44088\) and \(v_{15}=0.00028657\):
   \[
   0.0025\cos(3p_{15})\approx 0.000614.
   \]
   Thus
   \[
   v_{16}\approx -0.000327+(a_{15}-1)(0.001).
   \]
   For action \(0\), \(v_{16}\approx-0.001327\), matching the reported \(-0.0013\). It also gives \(p_{16}\approx-0.4422\).","1"
"sol","MountainCar-v0","last-action","10","Using  
   \[
   v_{17}=v_{16}+(a_{16}-1)(0.001)-0.0025\cos(3p_{16}),
   \]
   with \(p_{16}=-0.4422\) and \(v_{16}=-0.0013\):
   \[
   -0.0025\cos(3(-0.4422))\approx -0.00060.
   \]
   Thus:
   \[
   v_{17}\approx -0.0019+(a_{16}-1)(0.001).
   \]
   The observed \(v_{17}=-0.0029\) requires \(a_{16}-1=-1\), so \(a_{16}=0\). This also gives \(p_{17}\approx-0.4422-0.0029=-0.4451\), matching the observed state.","1"
"sol","MountainCar-v0","last-action","10","Using  
   \(v_{18}=v_{17}+(a_{17}-1)(0.001)-0.0025\cos(3x_{17})\),  
   with \(x_{17}=-0.4451\) and \(v_{17}=-0.0029\):

   \[
   0.0025\cos(3(-0.4451))\approx 0.00058.
   \]

   The observed velocity change is approximately \(-0.0045-(-0.0029)=-0.0016\). Action 0 predicts:

   \[
   v_{18}\approx -0.0029-0.001-0.00058=-0.00448,
   \]

   which rounds to \(-0.0045\), matching the given state.","1"
"sol","MountainCar-v0","last-action","10","Using  
   \[
   v_{19}=v_{18}+(a_{18}-1)(0.001)-\cos(3x_{18})(0.0025),
   \]
   with \(x_{18}=-0.4497\) and \(v_{18}=-0.0045\):
   \[
   \cos(3x_{18})(0.0025)\approx \cos(-1.3491)(0.0025)\approx 0.00055.
   \]
   For action \(0\):
   \[
   v_{19}\approx -0.0045-0.001-0.00055=-0.00605,
   \]
   which rounds to \(-0.0061\). The resulting position is approximately
   \[
   -0.4497-0.00605=-0.45575,
   \]
   matching \(s_{19}\).","1"
"sol","MountainCar-v0","last-action","10","Using  
   \(v_{20}=v_{19}+(a_{19}-1)(0.001)-0.0025\cos(3p_{19})\),  
   with \(p_{19}=-0.4557\) and \(v_{19}=-0.0061\):
   \[
   -0.0025\cos(3(-0.4557))\approx -0.0005.
   \]
   Thus:
   \[
   v_{20}\approx -0.0066+(a_{19}-1)(0.001).
   \]
   The observed \(v_{20}=-0.0076\) requires \((a_{19}-1)(0.001)=-0.001\), so \(a_{19}=0\), acceleration to the left.","1"
"sol","MountainCar-v0","last-action","20","Using \(v_{21}=v_{20}+(a-1)(0.001)-\cos(3x_{20})(0.0025)\), with \(x_{20}=-0.4633\) and \(v_{20}=-0.0076\), the gravity term is approximately \(0.00045\). For action \(0\), \(v_{21}\approx-0.0076-0.001-0.00045=-0.00905\), matching the observed \(-0.009\).","1"
"sol","MountainCar-v0","last-action","20","Using  
   \(v_{22}=v_{21}+(a_{21}-1)(0.001)-0.0025\cos(3x_{21})\),  
   with \(x_{21}=-0.4723\) and \(v_{21}=-0.009\):
   \[
   0.0025\cos(3(-0.4723))\approx 0.00038.
   \]
   For action \(0\):
   \[
   v_{22}\approx -0.009-0.001-0.00038=-0.01038,
   \]
   which rounds to the observed \(-0.0104\). The new position is then approximately
   \(-0.4723-0.01038=-0.4827\), also matching \(s_{22}\).","1"
"sol","MountainCar-v0","last-action","20","Using  
   \[
   v_{23}=v_{22}+(a_{22}-1)(0.001)-\cos(3x_{22})(0.0025),
   \]
   with \(x_{22}=-0.4827\) and \(v_{22}=-0.0104\):
   \[
   -\cos(3(-0.4827))(0.0025)\approx -0.000306.
   \]
   Therefore,
   \[
   v_{23}\approx -0.010706+(a_{22}-1)(0.001).
   \]
   For action \(0\), \(v_{23}\approx-0.011706\), matching the observed \(-0.0117\). This also gives \(x_{23}\approx-0.4827-0.0117=-0.4944\).","1"
"sol","MountainCar-v0","last-action","20","Using  
   \[
   v_{24}=v_{23}+(a_{23}-1)(0.001)-0.0025\cos(3p_{23}),
   \]
   with \(p_{23}=-0.4944\) and \(v_{23}=-0.0117\):
   \[
   0.0025\cos(3p_{23})\approx 0.00022.
   \]
   For action \(0\):
   \[
   v_{24}\approx -0.0117-0.001-0.00022=-0.01292,
   \]
   matching the observed \(-0.0129\). Then
   \[
   p_{24}\approx -0.4944-0.01292=-0.50732,
   \]
   matching \(-0.5073\).","1"
"sol","MountainCar-v0","last-action","20","Using  
   \[
   v_{25}=v_{24}+(a_{24}-1)(0.001)-\cos(3p_{24})(0.0025),
   \]
   with \(p_{24}=-0.5073\) and \(v_{24}=-0.0129\), the slope term is approximately \(-0.00012\). To obtain \(v_{25}\approx-0.0140\), the action must contribute another \(-0.001\), corresponding to \(a_{24}=0\) (accelerate left). This also agrees with the continued leftward motion and preceding actions.","1"
"sol","MountainCar-v0","last-action","20","Using  
   \(v_{26}=v_{25}+(a_{25}-1)(0.001)-0.0025\cos(3p_{25})\),  
   with \(p_{25}=-0.5214\) and \(v_{25}=-0.014\), the gravity term is nearly zero because \(\cos(3p_{25})\approx\cos(-1.5642)\approx0.0066\). The velocity decrease of approximately \(0.0011\) therefore corresponds to \((a_{25}-1)0.001\approx-0.001\), implying \(a_{25}=0\). This is also consistent with the continued left acceleration in the preceding steps.","1"
"sol","MountainCar-v0","last-action","20","Using  
   \[
   v_{27}=v_{26}+(a_{26}-1)(0.001)-\cos(3x_{26})(0.0025),
   \]
   with \(x_{26}=-0.5365\) and \(v_{26}=-0.0151\), the gravity contribution is approximately \(+0.000097\). For action \(0\):
   \[
   v_{27}\approx -0.0151-0.001+0.000097=-0.0160,
   \]
   matching the observed next velocity. The continued sequence of left accelerations also supports this.","1"
"sol","MountainCar-v0","last-action","20","Using  
   \[
   v_{28}=v_{27}+(a_{27}-1)(0.001)-\cos(3x_{27})(0.0025),
   \]
   with \(x_{27}=-0.5524\) and \(v_{27}=-0.016\):
   \[
   -\cos(3(-0.5524))(0.0025)\approx +0.000216.
   \]
   For action \(0\):
   \[
   v_{28}\approx -0.016-0.001+0.000216=-0.016784\approx-0.0168.
   \]
   Then:
   \[
   x_{28}\approx-0.5524-0.016784=-0.569184\approx-0.5692,
   \]
   exactly matching the observed next state.","1"
"sol","MountainCar-v0","last-action","20","Using  
   \[
   v_{29}=v_{28}+(a_{28}-1)(0.001)-0.0025\cos(3x_{28}),
   \]
   with \(x_{28}=-0.5692\) and \(v_{28}=-0.0168\), the gravity contribution is approximately \(+0.00034\). For action \(0\):
   \[
   v_{29}\approx -0.0168-0.001+0.00034=-0.01746,
   \]
   consistent with the reported \(-0.0174\) after rounding. The position change also matches this velocity.","1"
"sol","MountainCar-v0","last-action","20","Using  
   \[
   v_{30}=v_{29}+(a_{29}-1)(0.001)-\cos(3x_{29})(0.0025),
   \]
   with \(x_{29}=-0.5866\) and \(v_{29}=-0.0174\):
   \[
   -\cos(3(-0.5866))(0.0025)\approx +0.00047.
   \]
   For action \(0\), the acceleration term is \(-0.001\), giving
   \[
   v_{30}\approx -0.0174-0.001+0.00047=-0.01793,
   \]
   which rounds to \(-0.0179\) and produces \(x_{30}\approx-0.6045\).","1"
"sol","MountainCar-v0","last-action","30","Using  
   \[
   v_{31}=v_{30}+(a_{30}-1)(0.001)-\cos(3x_{30})(0.0025),
   \]
   with \(x_{30}=-0.6045\) and \(v_{30}=-0.0179\), the gravity contribution is approximately \(+0.0006\). For action \(0\):
   \[
   v_{31}\approx -0.0179-0.001+0.0006=-0.0183,
   \]
   matching the observed next velocity. This action also continues the established leftward acceleration pattern.","1"
"sol","MountainCar-v0","last-action","30","Using  
   \(v_{32}=v_{31}+(a_{31}-1)(0.001)-\cos(3x_{31})(0.0025)\),  
   with \(x_{31}=-0.6229\) and \(v_{31}=-0.0183\):

   \[
   -\cos(3(-0.6229))(0.0025)\approx +0.00073.
   \]

   For action \(0\):

   \[
   v_{32}\approx -0.0183-0.001+0.00073=-0.01857,
   \]

   which rounds to the observed \(-0.0186\). It also gives  
   \(x_{32}\approx-0.6229-0.01857=-0.6415\).","1"
"sol","MountainCar-v0","last-action","30","Using  
   \[
   v_{33}=v_{32}+(a_{32}-1)(0.001)-\cos(3x_{32})(0.0025),
   \]
   with \(x_{32}=-0.6415\) and \(v_{32}=-0.0186\), the gravity term is approximately \(+0.00087\). For action \(0\):
   \[
   v_{33}\approx-0.0186-0.001+0.00087=-0.01873,
   \]
   matching the observed \(-0.0187\). It also gives \(x_{33}\approx-0.6415-0.0187=-0.6602\).","1"
"sol","MountainCar-v0","last-action","30","Using  
   \[
   v_{34}=v_{33}+(a_{33}-1)(0.001)-\cos(3x_{33})(0.0025),
   \]
   with \(x_{33}=-0.6602\) and \(v_{33}=-0.0187\):
   \[
   -\cos(3(-0.6602))(0.0025)\approx +0.001.
   \]
   Choosing action \(0\) contributes \(-0.001\), nearly canceling the gravity term, so the velocity remains approximately \(-0.0187\), matching \(s_{34}\). It also continues the established left-acceleration pattern.","1"
"sol","MountainCar-v0","last-action","30","Using  
   \[
   v_{35}=v_{34}+(a_{34}-1)(0.001)-\cos(3x_{34})(0.0025),
   \]
   with \(x_{34}=-0.679\) and \(v_{34}=-0.0187\):
   \[
   -\cos(-2.037)(0.0025)\approx +0.00112.
   \]
   For action \(0\):
   \[
   v_{35}\approx-0.0187-0.001+0.00112=-0.01858\approx-0.0186.
   \]
   Then \(x_{35}\approx-0.679-0.01858=-0.69758\approx-0.6976\), matching the observed state.","1"
"sol","MountainCar-v0","last-action","30","Using  
   \(v_{36}=v_{35}+(a_{35}-1)(0.001)-\cos(3x_{35})(0.0025)\),  
   with \(x_{35}=-0.6976\) and \(v_{35}=-0.0186\):
   \[
   -\cos(3x_{35})(0.0025)\approx +0.00125.
   \]
   For action \(0\):
   \[
   v_{36}\approx -0.0186-0.001+0.00125=-0.01835,
   \]
   which rounds to the observed \(-0.0184\). It also gives \(x_{36}\approx-0.6976-0.01835=-0.7160\).","1"
"sol","MountainCar-v0","last-action","30","Using  
   \[
   v_{37}=v_{36}+(a_{36}-1)(0.001)-\cos(3x_{36})(0.0025),
   \]
   with \(x_{36}=-0.716\) and \(v_{36}=-0.0184\):
   \[
   -\cos(3(-0.716))(0.0025)\approx +0.00136.
   \]
   For action \(0\):
   \[
   v_{37}\approx -0.0184-0.001+0.00136=-0.01804,
   \]
   which rounds to \(-0.018\). It also gives \(x_{37}\approx-0.716-0.01804=-0.73404\), matching the stated next state.","1"
"sol","MountainCar-v0","last-action","30","Using  
   \(v_{38}=v_{37}+(a_{37}-1)(0.001)-\cos(3x_{37})(0.0025)\).  
   With \(x_{37}=-0.734\) and \(v_{37}=-0.018\), the gravity contribution is approximately \(+0.00148\). For action 0, the acceleration contribution is \(-0.001\), giving  
   \(v_{38}\approx-0.018-0.001+0.00148=-0.01752\), matching the observed \(-0.0175\).","1"
"sol","MountainCar-v0","last-action","30","Using  
   \(v_{39}=v_{38}+(a_{38}-1)(0.001)-\cos(3p_{38})(0.0025)\),  
   with \(p_{38}=-0.7515\) and \(v_{38}=-0.0175\):

   \[
   -\cos(3(-0.7515))(0.0025)\approx +0.00158.
   \]

   For action \(0\):

   \[
   v_{39}\approx -0.0175-0.001+0.00158=-0.01692\approx -0.017,
   \]

   matching the observed next velocity. It also gives  
   \(p_{39}\approx-0.7515-0.01692=-0.7684\), matching \(-0.7685\).","1"
"sol","MountainCar-v0","last-action","30","Using  
   \[
   v_{40}=v_{39}+(a_{39}-1)(0.001)-\cos(3p_{39})(0.0025),
   \]
   with \(p_{39}=-0.7685\) and \(v_{39}=-0.0170\):
   \[
   -\cos(3(-0.7685))(0.0025)\approx +0.00168.
   \]
   For action \(0\), the acceleration term is \(-0.001\), giving
   \[
   v_{40}\approx -0.0170-0.001+0.00168=-0.01632,
   \]
   which rounds to the observed \(-0.0163\). The resulting position is approximately \(-0.7848\).","1"
"sol","MountainCar-v0","last-state","5","With action 2, the car continues accelerating right. From step 4, the dynamics give an estimated velocity of about `0.0039` and position of about `-0.4858` at \(s_5\). The subsequent transition to \(s_6=[-0.4811, 0.0046]\) increases both position and velocity by more than \(10^{-4}\).","1"
"sol","MountainCar-v0","last-state","5","Under the transition rule, the new position equals the previous position plus the new velocity. Thus,
   \(p_6 \approx -0.4758-0.0053=-0.4811\).
   With action 2, the velocity increases by approximately \(0.00068\), giving \(v_6\approx0.0046\). Both position and velocity therefore increased from \(s_6\) to \(s_7\).","1"
"sol","MountainCar-v0","last-state","5","Action 2 accelerates right. Applying the transition dynamics to \(s_6=[-0.4811,\,0.0046]\) gives approximately \(s_7=[-0.4758,\,0.0053]\). The next action again increases the velocity, producing \(s_8=[-0.4699,\,0.0060]\). Thus both position and velocity increased from \(s_7\) to \(s_8\).","1"
"sol","MountainCar-v0","last-state","5","With action 2, the car continues accelerating right. From the dynamics, \(p_9=p_8+v_9\), so \(p_8\approx-0.4633-0.0065=-0.4698\). The prior velocity was approximately \(0.0059\), consistent with the increasing positive-velocity pattern. Both changes exceed \(10^{-4}\).","1"
"sol","MountainCar-v0","last-state","5","At step 8, action 2 continues accelerating the car rightward, giving an estimated \(s_9 \approx [-0.4633, 0.0066]\). At \(s_9\), action 1 applies no engine force. Since \(\cos(3x)>0\) near \(x=-0.4633\), gravity slightly reduces the positive velocity, while the car continues moving right to \(s_{10}=[-0.4572,0.0061]\).","2"
"sol","MountainCar-v0","last-state","5","With action 1, no engine force is applied. The car continues moving right, so its position increases. Gravity reduces its positive velocity. Reversing the dynamics from \(s_{11}\) gives \(p_{10}\approx -0.4572\) and \(v_{10}\approx 0.0061\).","2"
"sol","MountainCar-v0","last-state","5","With action \(a_{11}=1\), there is no engine acceleration. Gravity slightly reduces the positive velocity. Thus, the car continues moving right, so position increases, while velocity decreases. From the prior trend, \(s_{11}\approx[-0.4516,\,0.0056]\).","2"
"sol","MountainCar-v0","last-state","5","From step 11, applying action 1 gives approximately
   \(v_{12}=0.0056-0.0025\cos(3(-0.4516))\approx0.0051\), and
   \(p_{12}=-0.4516+0.0051\approx-0.4465\).
   Action 0 then reduces the velocity to about \(0.0035\), producing \(p_{13}\approx-0.4431\).","1"
"sol","MountainCar-v0","last-state","5","Since \(p_{14}=p_{13}+v_{14}\),  
   \[
   p_{13}\approx -0.4412-0.0019=-0.4431.
   \]
   For action \(a_{13}=0\),
   \[
   v_{14}=v_{13}-0.001-0.0025\cos(3p_{13}),
   \]
   giving \(v_{13}\approx0.0035\). Thus, the position increased by about \(0.0019\), while the velocity decreased by about \(0.0016\).","1"
"sol","MountainCar-v0","last-state","5","Since \(p_{15}=p_{14}+v_{15}\),
   \[
   p_{14}=-0.44088-0.00028657=-0.44116657.
   \]
   For action \(a_{14}=0\),
   \[
   v_{15}=v_{14}-0.001-0.0025\cos(3p_{14}),
   \]
   giving \(v_{14}\approx0.00189853\). Thus, position increased by \(0.00028657\), while velocity decreased by about \(0.00161196\). Both changes exceed \(10^{-4}\).","1"
"sol","MountainCar-v0","last-state","10","With action 1, no engine force is applied. The velocity changes only due to gravity:
   \[
   v_{11}=v_{10}-0.0025\cos(3x_{10}),\qquad x_{11}=x_{10}+v_{11}.
   \]
   Thus \(x_{10}\approx-0.4516-0.0056=-0.4572\). Inverting the velocity equation gives \(v_{10}\approx0.0061\). Therefore, position increased while velocity decreased.","1"
"sol","MountainCar-v0","last-state","10","With action 1, no engine force is applied. The next position satisfies \(p_{12}=p_{11}+v_{12}\), giving \(p_{11}\approx-0.4466-0.0051=-0.4517\). Gravity reduces the positive velocity by roughly \(0.0005\), so \(v_{11}\approx0.0056\).","1"
"sol","MountainCar-v0","last-state","10","Position updates as \(p_{13}=p_{12}+v_{13}\), so \(p_{12}\approx-0.4431-0.0035=-0.4466\). Reversing the velocity dynamics for action 0 gives \(v_{12}\approx0.00507\), or \(0.0051\) rounded. Thus, position increased while velocity decreased.","1"
"sol","MountainCar-v0","last-state","10","MountainCar updates position by adding the new velocity. Since \(s_{14}\) has positive velocity \(0.0019\), its position is higher than at \(s_{13}\). Thus,
   \[
   x_{13}\approx -0.4412-0.0019=-0.4431.
   \]
   For action \(a_{13}=0\),
   \[
   v_{14}=v_{13}-0.001-0.0025\cos(3x_{13}),
   \]
   giving \(v_{13}\approx0.0035\). Therefore, position increased while velocity decreased.","1"
"sol","MountainCar-v0","last-state","10","MountainCar updates position via \(x_{15}=x_{14}+v_{15}\). Thus,
   \[
   x_{14}=-0.44088-0.00028657=-0.44116657.
   \]
   For action \(a_{14}=0\),
   \[
   v_{15}=v_{14}-0.001-0.0025\cos(3x_{14}),
   \]
   giving \(v_{14}\approx0.00189853\). Therefore, position increased while velocity decreased by more than \(10^{-4}\).","1"
"sol","MountainCar-v0","last-state","10","Since \(p_{16}=p_{15}+v_{16}\),
   \[
   p_{15}=-0.4422-(-0.0013)=-0.4409.
   \]
   Inverting the velocity update for action \(0\):
   \[
   v_{15}=v_{16}+0.001+0.0025\cos(3p_{15})
   \approx 0.000314.
   \]
   Thus, both position and velocity decreased from \(s_{15}\) to \(s_{16}\).","1"
"sol","MountainCar-v0","last-state","10","Action `0` accelerates left. Continuing the observed dynamics from step 15, the velocity becomes negative at \(s_{16}\), approximately \(-0.00133\). Applying action `0` again makes it more negative, approximately \(-0.00293\), causing the position to decrease from about \(-0.44221\) to \(-0.4451\).","2"
"sol","MountainCar-v0","last-state","10","MountainCar updates position as \(x_{18}=x_{17}+v_{18}\). Thus,
   \[
   x_{17}=-0.4497-(-0.0045)=-0.4452.
   \]
   For action \(a_{17}=0\),
   \[
   v_{18}=v_{17}-0.001-0.0025\cos(3x_{17}),
   \]
   giving \(v_{17}\approx-0.00292\). Both position and velocity therefore became lower (more negative) when transitioning to \(s_{18}\).","1"
"sol","MountainCar-v0","last-state","10","Since \(p_{19}=p_{18}+v_{19}\),
   \[
   p_{18}=-0.4557-(-0.0061)=-0.4496.
   \]
   For action \(0\),
   \[
   v_{19}=v_{18}-0.001-0.0025\cos(3p_{18}),
   \]
   giving \(v_{18}\approx-0.00455\). Thus both position and velocity became more negative when transitioning to \(s_{19}\).","1"
"sol","MountainCar-v0","last-state","10","Since \(x_{20}=x_{19}+v_{20}\),
   \[
   x_{19}=-0.4633-(-0.0076)=-0.4557.
   \]
   For action \(0\),
   \[
   v_{20}=v_{19}-0.001-0.0025\cos(3x_{19}),
   \]
   giving \(v_{19}\approx-0.00609\). Thus both position and velocity decrease in the transition to \(s_{20}\).","1"
"sol","MountainCar-v0","last-state","20","With action 0, the car accelerates left. Continuing the observed trajectory, its already-negative velocity becomes more negative, from approximately \(-0.0076\) at \(s_{20}\) to \(-0.0090\) at \(s_{21}\). Since \(p_{21}=p_{20}+v_{21}\), \(p_{20}\approx-0.4723-(-0.0090)=-0.4633\). Thus both state elements decreased.","1"
"sol","MountainCar-v0","last-state","20","No boundary collision occurs, so \(p_{22}=p_{21}+v_{22}\). Therefore,
   \[
   p_{21}=-0.4827-(-0.0104)=-0.4723.
   \]
   For action \(0\),
   \[
   v_{22}=v_{21}-0.001-0.0025\cos(3p_{21}),
   \]
   giving \(v_{21}\approx-0.00902\). Thus, both position and velocity become more negative when transitioning to \(s_{22}\).","1"
"sol","MountainCar-v0","last-state","20","MountainCar updates position using \(x_{23}=x_{22}+v_{23}\). Therefore,
   \[
   x_{22}=-0.4944-(-0.0117)=-0.4827.
   \]
   With action \(a_{22}=0\),
   \[
   v_{23}=v_{22}-0.001-0.0025\cos(3x_{22}),
   \]
   giving \(v_{22}\approx-0.0104\). Thus, both position and velocity became more negative from \(s_{22}\) to \(s_{23}\).","1"
"sol","MountainCar-v0","last-state","20","Position updates by the new velocity, so
   \[
   p_{23}=p_{24}-v_{24}\approx -0.5073-(-0.0129)=-0.4944.
   \]
   Reversing the velocity dynamics for action \(0\):
   \[
   v_{23}=v_{24}+0.001+0.0025\cos(3p_{23})\approx-0.0117.
   \]
   Thus, both position and velocity became more negative from \(s_{23}\) to \(s_{24}\).","1"
"sol","MountainCar-v0","last-state","20","Since the next position equals the previous position plus the next velocity,
   \[
   p_{24}=p_{25}-v_{25}=-0.5214-(-0.0140)\approx-0.5074.
   \]
   Reversing the velocity update for action \(0\),
   \[
   v_{24}=v_{25}+0.001+0.0025\cos(3p_{24})\approx-0.01288.
   \]
   Thus, both position and velocity became more negative from \(s_{24}\) to \(s_{25}\).","1"
"sol","MountainCar-v0","last-state","20","Since \(x_{26}=x_{25}+v_{26}\),
   \[
   x_{25}=-0.5365-(-0.0151)=-0.5214.
   \]
   For action \(0\),
   \[
   v_{26}=v_{25}-0.001-0.0025\cos(3x_{25}),
   \]
   giving
   \[
   v_{25}\approx-0.0151+0.001+0.0025\cos(3(-0.5214))
   \approx-0.01408.
   \]
   Thus both position and velocity decreased in the forward transition from \(s_{25}\) to \(s_{26}\).","1"
"sol","MountainCar-v0","last-state","20","Since position updates as \(p_{27}=p_{26}+v_{27}\),
   \[
   p_{26}=-0.5524-(-0.0160)=-0.5364.
   \]
   For action 0,
   \[
   v_{27}=v_{26}-0.001-0.0025\cos(3p_{26}),
   \]
   giving \(v_{26}\approx-0.015096\). Thus both position and velocity became more negative in the transition to \(s_{27}\).","1"
"sol","MountainCar-v0","last-state","20","MountainCar updates position as \(p_{28}=p_{27}+v_{28}\). Therefore,
   \[
   p_{27}=-0.5692-(-0.0168)=-0.5524.
   \]
   With action 0, the velocity update is
   \[
   v_{28}=v_{27}-0.001-0.0025\cos(3p_{27}),
   \]
   giving \(v_{27}\approx-0.0160\). Thus, both position and velocity become more negative from \(s_{27}\) to \(s_{28}\).","1"
"sol","MountainCar-v0","last-state","20","","4"
"sol","MountainCar-v0","last-state","20","","4"
"sol","MountainCar-v0","last-state","30","","4"
"sol","MountainCar-v0","last-state","30","","4"
"sol","MountainCar-v0","last-state","30","","4"
"sol","MountainCar-v0","last-state","30","From step 32, continuing action `0` makes the position more negative. Applying the dynamics to \(s_{32}\approx[-0.6415,-0.0186]\) gives \(s_{33}\approx[-0.6602,-0.0187]\). The next transition reaches \(s_{34}=[-0.6790,-0.0187]\). Position therefore decreases by about \(0.0188\), while the velocity change is only a few \(10^{-6}\), below the \(10^{-4}\) threshold.","1"
"sol","MountainCar-v0","last-state","30","The transition satisfies \(p_{35}=p_{34}+v_{35}\). Thus,
   \[
   p_{34}\approx -0.6976-(-0.0186)=-0.6790.
   \]
   For action \(0\),
   \[
   v_{35}=v_{34}-0.001-0.0025\cos(3p_{34}),
   \]
   giving \(v_{34}\approx-0.01872\). Therefore, the position decreased by about \(0.0186\), while the velocity increased by about \(0.000124\), slightly exceeding the \(10^{-4}\) threshold.","1"
"sol","MountainCar-v0","last-state","30","Since the next velocity is \(-0.0184\), the position changes by approximately \(-0.0184\). Thus \(s_{35}\)'s position was approximately \(-0.7160-(-0.0184)=-0.6976\). With action 0, the dynamics indicate the velocity becomes slightly less negative, from approximately \(-0.0186\) to \(-0.0184\).","1"
"sol","MountainCar-v0","last-state","30","Using \(x_{37}=x_{36}+v_{37}\),  
   \[
   x_{36}\approx -0.734-(-0.018)=-0.716.
   \]
   Applying the velocity dynamics for action \(0\) gives \(v_{36}\approx-0.0184\). Thus, the position decreased by about \(0.0180\), while velocity increased by about \(0.0004\) (became less negative).","1"
"sol","MountainCar-v0","last-state","30","MountainCar updates position as \(p_{38}=p_{37}+v_{38}\). Thus,
   \[
   p_{37}\approx-0.7515-(-0.0175)=-0.7340.
   \]
   Inverting the velocity update for action 0 gives
   \[
   v_{37}=v_{38}+0.001+0.0025\cos(3p_{37})\approx-0.01798.
   \]
   Therefore, position decreased by approximately \(0.0175\), while velocity increased—became less negative—by approximately \(0.00048\).","1"
"sol","MountainCar-v0","last-state","30","Since position updates as \(p_{39}=p_{38}+v_{39}\),  
   \(p_{38}\approx-0.7685-(-0.0170)=-0.7515\).  
   Reversing the velocity update for action 0 gives \(v_{38}\approx-0.01758\). Thus, the position decreased while the velocity increased (became less negative).","1"
"sol","MountainCar-v0","last-state","30","Since \(x_{40}=x_{39}+v_{40}\),
   \[
   x_{39}=-0.7848-(-0.0163)=-0.7685.
   \]
   Reversing the velocity update for action \(0\):
   \[
   v_{39}=v_{40}+0.001+0.0025\cos(3x_{39})\approx-0.016976.
   \]
   Thus, the position decreased by about \(0.0163\), while velocity increased by about \(0.000676\) (became less negative).","1"
"sol","MountainCar-v0","next-action","5","The agent has consistently accelerated right, and at \(s_5\) the car is still moving right with increasing positive velocity. It will most likely continue building rightward momentum.","3"
"sol","MountainCar-v0","next-action","5","The agent has consistently accelerated right (action 2), causing position and positive velocity to increase each step. At \(s_6\), the car is still moving right with increasing velocity, so it will most likely continue accelerating right.","3"
"sol","MountainCar-v0","next-action","5","The agent has consistently accelerated right as both position and positive velocity increase. At \(s_7\), the car is still moving right with greater velocity, so the learned momentum-building behavior most likely continues with right acceleration.","3"
"sol","MountainCar-v0","next-action","5","The agent has consistently accelerated right (action 2), causing both position and positive velocity to increase. At \(s_8=[-0.4699, 0.006]\), this trend is likely to continue.","3"
"sol","MountainCar-v0","next-action","5","The agent has consistently accelerated right (action 2), producing steadily increasing positive velocity. At \(s_9\), the car is still moving right and remains far from the goal, so continuing to accelerate right is most likely.","3"
"sol","MountainCar-v0","next-action","5","The agent switched from right acceleration (2) to no acceleration (1) at step 9. Since step 10 is a nearby state with continued positive velocity, it will most likely maintain this no-acceleration policy rather than immediately switch again.","2"
"sol","MountainCar-v0","next-action","5","The agent accelerated right through step 8, then switched to no acceleration at steps 9–10. At \(s_{11}\), the car is still moving right but slowing gradually, suggesting the agent will likely continue coasting.","2"
"sol","MountainCar-v0","next-action","5","The agent selected action 1 for three consecutive states while moving slowly rightward, and s12 is a small continuation of that trajectory. No clear policy-boundary crossing is evident, so it will most likely continue without acceleration.","2"
"sol","MountainCar-v0","next-action","5","The car is still moving right, but its velocity has fallen from 0.0051 to 0.0035 after the agent began accelerating left at step 12. This suggests the agent is intentionally reversing direction to build momentum on the left hill, so it will likely continue accelerating left.","2"
"sol","MountainCar-v0","next-action","5","The agent switched to left acceleration at step 12 and continued it at step 13, reducing rightward velocity from 0.0051 to 0.0019. It will likely keep accelerating left to reverse direction and build momentum for a later climb.","2"
"sol","MountainCar-v0","next-action","10","The agent switched from accelerating right (action 2) to coasting (action 1) at step 9. Since state 10 is very close to state 9 and the car is still moving right with substantial positive velocity, the agent will most likely continue coasting.","2"
"sol","MountainCar-v0","next-action","10","The agent accelerated right while gaining speed, then switched to action 1 at steps 9–10. At \(s_{11}=[-0.4516, 0.0056]\), it is still moving right with similar positive velocity, so it will most likely continue coasting.","2"
"sol","MountainCar-v0","next-action","10","The agent switched from accelerating right (action 2) to coasting (action 1) at step 9 and continued coasting through step 11. At \(s_{12}\), the car is still moving right with a gradually decreasing positive velocity, so the most likely continuation is action 1.","2"
"sol","MountainCar-v0","next-action","10","The agent shifted from accelerating right (action 2), to coasting (action 1), and then began accelerating left (action 0) as its rightward velocity declined. At \(s_{13}\), the car is still moving right but has slowed to \(0.0035\), so the agent will likely continue accelerating left to reverse direction and build momentum.","2"
"sol","MountainCar-v0","next-action","10","The agent progressively switched from accelerating right (2), to coasting (1), and then accelerating left (0). At step 14 the car is still moving right but has slowed to velocity 0.0019, so the agent will likely continue accelerating left to reverse direction and build momentum.","2"
"sol","MountainCar-v0","next-action","10","The agent has switched from right acceleration to coasting and then to sustained left acceleration. At \(s_{15}\), the velocity is nearly zero at a right-side turning point, so continuing to accelerate left will help build momentum for the next swing.","2"
"sol","MountainCar-v0","next-action","10","The agent has switched from right acceleration to coasting, then to sustained left acceleration. At \(s_{16}\), the velocity is now negative, indicating the car has begun moving left; continuing action 0 will build leftward momentum for a later swing toward the goal.","2"
"sol","MountainCar-v0","next-action","10","The agent began accelerating left before reaching the turning point and has continued choosing action 0 as its velocity changed from positive to negative. At \(s_{17}\), the car is moving left faster, so it will likely keep accelerating left to build momentum for a later swing toward the goal.","2"
"sol","MountainCar-v0","next-action","10","The agent has consistently accelerated left (action 0) from steps 12–17. At \(s_{18}\), the car is moving left faster (\(v=-0.0045\)), suggesting it will continue building momentum toward the left hill before reversing direction.","2"
"sol","MountainCar-v0","next-action","10","The agent switched to action 0 at step 12 and has continued accelerating left as its velocity became increasingly negative. At \(s_{19}\), the car is still moving left, so it will most likely maintain leftward acceleration to build momentum for the next climb.","2"
"sol","MountainCar-v0","next-action","20","The agent switched to action 0 at step 12 to reverse direction and has continued accelerating left as its velocity became increasingly negative. At \(s_{20}=[-0.4633,-0.0076]\), it is still moving left and will likely keep accelerating left to build momentum for a later swing toward the goal.","2"
"sol","MountainCar-v0","next-action","20","The agent has consistently chosen action 0 since step 12, intentionally accelerating left to build momentum. At \(s_{21}=[-0.4723,-0.009]\), the car is still moving left and has not yet reached its likely turnaround point, so the agent will probably continue accelerating left.","2"
"sol","MountainCar-v0","next-action","20","The agent has consistently accelerated left (action 0) since step 12. At step 22, the car is still moving left with increasing speed, suggesting it is continuing to build momentum by climbing the left hill before reversing direction.","2"
"sol","MountainCar-v0","next-action","20","The agent has consistently accelerated left since step 12. At step 23, the car is moving left with increasing negative velocity, so it will likely continue accelerating left to build momentum up the left hill.","2"
"sol","MountainCar-v0","next-action","20","The agent has consistently selected action 0 while moving left, increasing its negative velocity to build momentum before eventually reversing direction. At \(s_{24}=[-0.5073,-0.0129]\), it is still far from the leftmost turning point, so it will likely continue accelerating left.","3"
"sol","MountainCar-v0","next-action","20","The agent has consistently accelerated left since step 12, and at \(s_{25}\) the car is still moving left with increasing speed. It will likely continue accelerating left to build momentum before reversing direction near the left hill.","2"
"sol","MountainCar-v0","next-action","20","The car is moving increasingly fast to the left, and the agent has consistently selected action 0 since step 12. This likely reflects the momentum-building strategy of continuing leftward acceleration until reaching farther up the left hill.","2"
"sol","MountainCar-v0","next-action","20","The agent has consistently chosen action 0 while building leftward momentum. At \(s_{27}=(-0.5524,-0.016)\), it is still moving left and has not yet reached a likely turnaround point, so it will probably continue accelerating left.","3"
"sol","MountainCar-v0","next-action","20","The agent has consistently accelerated left (action 0) while its velocity became increasingly negative. At step 28, the car is still moving left at −0.0168 and has not reached its leftward turning point, so it will likely continue accelerating left to build momentum.","3"
"sol","MountainCar-v0","next-action","20","The agent has consistently accelerated left since step 12, building negative velocity to climb the left hill. At \(s_{29}=[-0.5866,-0.0174]\), it is still moving left and has not reached a turning point, so it will likely continue accelerating left.","2"
"sol","MountainCar-v0","next-action","30","The agent has consistently accelerated left since step 12, building negative velocity to climb the left hill. At step 30, the car is still moving left rapidly and has not yet reached its turnaround point, so it will likely continue accelerating left to gain height and momentum.","2"
"sol","MountainCar-v0","next-action","30","The car is still moving left with negative velocity, and the agent has consistently chosen action 0 while building momentum toward the left hill. It will likely continue accelerating left until the velocity reverses direction.","3"
"sol","MountainCar-v0","next-action","30","The agent has consistently accelerated left (action 0) since step 12. At step 32, the car is still moving left with increasing momentum, so it will likely continue accelerating left to climb the left hill and build energy for the later rightward swing.","2"
"sol","MountainCar-v0","next-action","30","The agent has consistently accelerated left (action 0) while its velocity is negative, building momentum to climb the left hill before reversing toward the goal. At \(s_{33}=(-0.6602,-0.0187)\), it is still moving strongly left and has not reached its turning point, so this behavior should continue.","3"
"sol","MountainCar-v0","next-action","30","The car is moving left with substantial negative velocity, and the agent has consistently accelerated left (action 0) to build momentum for a later swing toward the right hill. At \(s_{34}\), it will most likely continue this strategy.","3"
"sol","MountainCar-v0","next-action","30","The agent has consistently accelerated left while its velocity remains negative, building momentum toward the left hill. At \(s_{35}\), the car is still moving left at \(-0.0186\), so the policy will likely continue accelerating left.","3"
"sol","MountainCar-v0","next-action","30","The agent has consistently accelerated left since step 12. At \(s_{36}\), the car is still moving left with velocity \(-0.0184\), so continuing action 0 will help it climb the left hill and build momentum before reversing toward the goal.","2"
"sol","MountainCar-v0","next-action","30","The agent has consistently accelerated left (action 0) since step 12 to build momentum by climbing the left hill. At state 37, the car is still moving left with substantial negative velocity and has not yet reached its left turning point, so the policy will likely continue accelerating left.","2"
"sol","MountainCar-v0","next-action","30","The agent has consistently accelerated left while its velocity remains negative, building momentum toward the left hill. At \(s_{38}\), the car is still moving left (\(v=-0.0175\)), so it will most likely continue accelerating left until nearing the turnaround point.","3"
"sol","MountainCar-v0","next-action","30","The agent has consistently accelerated left while moving left, building momentum by climbing the left hill. At \(s_{39}\), the velocity is still negative (\(-0.017\)), so it will likely continue accelerating left until it approaches the turning point.","3"
"sol","MountainCar-v0","next-state","5","Action 2 accelerates right. Using the transition equations:
   \[
   v_5=0.0032+0.001-0.0025\cos(3(-0.4897))\approx0.003946
   \]
   \[
   x_5=-0.4897+0.003946\approx-0.485754
   \]
   Both changes exceed \(10^{-4}\), so both elements increase.","1"
"sol","MountainCar-v0","next-state","5","With action 2, rightward acceleration adds \(0.001\) to velocity, while gravity subtracts \(0.0025\cos(3x)\). From \(x=-0.4858\), \(v=0.0039\):
   \[
   v_6=0.0039+0.001-0.0025\cos(3(-0.4858))\approx0.004617
   \]
   \[
   x_6=-0.4858+0.004617\approx-0.481183
   \]","1"
"sol","MountainCar-v0","next-state","5","Action `2` applies rightward acceleration. Using the transition equations:
   \[
   v_7=0.0046+0.001-0.0025\cos(3(-0.4811))\approx0.005282
   \]
   \[
   x_7=-0.4811+0.005282\approx-0.475818
   \]
   Thus, both position and velocity increase by more than \(10^{-4}\).","1"
"sol","MountainCar-v0","next-state","5","Action 2 accelerates right. Using the dynamics,
   \[
   v_8=0.0053+0.001-0.0025\cos(3(-0.4758))\approx0.0059427
   \]
   \[
   x_8=-0.4758+0.0059427\approx-0.4698573.
   \]
   Thus, both position and velocity increase by more than \(10^{-4}\).","1"
"sol","MountainCar-v0","next-state","5","With action 2, the car accelerates right. Using
   \[
   v_9=0.006+0.001-0.0025\cos(3(-0.4699))\approx0.006599,
   \]
   \[
   x_9=-0.4699+0.006599\approx-0.463301.
   \]
   Both changes exceed \(10^{-4}\), so both elements increase.","1"
"sol","MountainCar-v0","next-state","5","Action 1 applies no engine force. At position \(-0.4633\), gravity slightly reduces the positive velocity, but the velocity remains positive, so the car continues moving right:
   \[
   v_{10}=0.0065-0.0025\cos(3(-0.4633))\approx0.0060502
   \]
   \[
   x_{10}=-0.4633+0.0060502\approx-0.4572498
   \]","1"
"sol","MountainCar-v0","next-state","5","Action 1 applies no engine acceleration. Using
   \[
   v_{11}=v_{10}-0.0025\cos(3x_{10}),
   \]
   with \(x_{10}=-0.4572\) and \(v_{10}=0.0061\):
   \[
   v_{11}\approx0.0061-0.0025\cos(-1.3716)\approx0.005605.
   \]
   Then:
   \[
   x_{11}=x_{10}+v_{11}\approx-0.451595.
   \]","1"
"sol","MountainCar-v0","next-state","5","Action 1 applies no engine acceleration. Using the transition dynamics:
   \[
   v_{12}=0.0056-0.0025\cos(3(-0.4516))\approx0.005064
   \]
   \[
   x_{12}=-0.4516+0.005064\approx-0.446536
   \]
   The positive velocity makes position increase, while gravity reduces the velocity by about \(0.000536\).","1"
"sol","MountainCar-v0","next-state","5","With action 0, the car accelerates left. Using the transition rule:
   \[
   v_{13}=0.0051-0.001-0.0025\cos(3(-0.4466))\approx0.00353
   \]
   \[
   p_{13}=-0.4466+0.00353\approx-0.44307
   \]
   The velocity remains positive but decreases, so the position continues increasing.","1"
"sol","MountainCar-v0","next-state","5","With action \(a_{13}=0\), the car accelerates left:
   \[
   v_{14}=0.0035-0.001-0.0025\cos(3(-0.4431))
          \approx 0.001902.
   \]
   The velocity remains positive, so the position increases:
   \[
   x_{14}=-0.4431+0.001902\approx -0.441198.
   \]
   Compared with \(s_{13}\), position increases while velocity decreases.","1"
"sol","MountainCar-v0","next-state","10","Action 1 applies no acceleration. Gravity reduces the positive velocity:
   \[
   v_{10}=0.0065-0.0025\cos(3(-0.4633))\approx0.006050.
   \]
   The velocity remains positive, so the position increases:
   \[
   x_{10}=-0.4633+0.006050\approx-0.457250.
   \]","1"
"sol","MountainCar-v0","next-state","10","Action `1` applies no acceleration. The slope term reduces the positive velocity:
   \[
   v_{11}=0.0061-0.0025\cos(3(-0.4572))\approx0.005605
   \]
   The velocity remains positive, so the position increases:
   \[
   p_{11}=-0.4572+0.005605\approx-0.451595
   \]","1"
"sol","MountainCar-v0","next-state","10","Action `1` applies no engine acceleration. Gravity reduces the positive velocity:
   \[
   v_{12}=0.0056-0.0025\cos(3(-0.4516))\approx0.005064.
   \]
   The velocity remains positive, so the position increases:
   \[
   x_{12}=-0.4516+0.005064\approx-0.446536.
   \]","1"
"sol","MountainCar-v0","next-state","10","With action 0, the car accelerates left:
   \[
   v_{13}=0.0051-0.001-0.0025\cos(3(-0.4466))\approx0.003528
   \]
   \[
   x_{13}=-0.4466+0.003528\approx-0.443072
   \]
   The position increases because velocity remains positive, while velocity decreases due to the leftward action and gravity.","1"
"sol","MountainCar-v0","next-state","10","Using the MountainCar transition dynamics with \(p_{13}=-0.4431\), \(v_{13}=0.0035\), and action \(a_{13}=0\):
   \[
   v_{14}=0.0035-0.001-0.0025\cos(3(-0.4431))\approx0.001902
   \]
   \[
   p_{14}=-0.4431+0.001902\approx-0.441198
   \]
   Thus, position increases while velocity decreases.","1"
"sol","MountainCar-v0","next-state","10","With action `0`, the car accelerates left:
   \[
   v_{15}=0.0019-0.001-0.0025\cos(3(-0.4412))\approx0.0002883
   \]
   \[
   x_{15}=-0.4412+0.0002883\approx-0.4409117
   \]
   The position becomes less negative, so it increases. The velocity remains positive but decreases substantially.","1"
"sol","MountainCar-v0","next-state","10","For action \(a_{15}=0\), the car accelerates left:
   \[
   v_{16}=v_{15}-0.001-0.0025\cos(3p_{15})
   \]
   Using \(p_{15}=-0.44088\) and \(v_{15}=0.00028657\):
   \[
   v_{16}\approx-0.00132747,\qquad
   p_{16}=p_{15}+v_{16}\approx-0.44220747.
   \]","1"
"sol","MountainCar-v0","next-state","10","Action 0 accelerates left. Using the transition dynamics:
   \[
   v_{17}= -0.0013-0.001-0.0025\cos(3(-0.4422))
          \approx -0.002904
   \]
   \[
   x_{17}= -0.4422+(-0.002904)\approx -0.445104
   \]
   Thus, both position and velocity decrease by more than \(10^{-4}\).","1"
"sol","MountainCar-v0","next-state","10","With action `0`, leftward acceleration contributes `-0.001`. At position `-0.4451`, gravity also makes the velocity more negative:
   \[
   v_{18}=-0.0029-0.001-0.0025\cos(3(-0.4451))\approx-0.004483.
   \]
   Then:
   \[
   x_{18}=-0.4451+v_{18}\approx-0.449583.
   \]
   Thus, both position and velocity decrease by more than \(10^{-4}\).","1"
"sol","MountainCar-v0","next-state","10","With action 0, the car accelerates left. From \(s_{18}=(-0.4497,-0.0045)\):
   \[
   v_{19}=-0.0045-0.001-0.0025\cos(3(-0.4497))\approx-0.00605
   \]
   \[
   x_{19}=-0.4497+v_{19}\approx-0.45575
   \]
   Thus, both position and velocity decrease by more than \(10^{-4}\).","1"
"sol","MountainCar-v0","next-state","20","With action `0`, the car accelerates left. Using  
   \[
   v_{20}=v_{19}-0.001-0.0025\cos(3x_{19}),
   \quad x_{20}=x_{19}+v_{20},
   \]
   the velocity becomes more negative, so both velocity and position decrease.","1"
"sol","MountainCar-v0","next-state","20","With action `0`, the car accelerates left:
   \[
   v_{21}=v_{20}-0.001-0.0025\cos(3x_{20})
   \]
   Using \(x_{20}=-0.4633\) and \(v_{20}=-0.0076\):
   \[
   v_{21}\approx-0.00905,\qquad
   x_{21}=x_{20}+v_{21}\approx-0.47235.
   \]
   Thus, both position and velocity decrease by more than \(10^{-4}\).","1"
"sol","MountainCar-v0","next-state","20","With action \(a_{21}=0\), the car accelerates left. Using
   \[
   v_{22}=v_{21}-0.001-0.0025\cos(3x_{21}),
   \qquad
   x_{22}=x_{21}+v_{22},
   \]
   for \(x_{21}=-0.4723\) and \(v_{21}=-0.0090\):
   \[
   v_{22}\approx -0.010383,\qquad x_{22}\approx -0.482683.
   \]
   Thus, both position and velocity decrease by more than \(10^{-4}\).","1"
"sol","MountainCar-v0","next-state","20","With action 0, the car accelerates left:
   \[
   v_{23}=v_{22}-0.001-0.0025\cos(3x_{22})
   \]
   Using \(x_{22}=-0.4827\) and \(v_{22}=-0.0104\):
   \[
   v_{23}\approx-0.011706,\qquad
   x_{23}=x_{22}+v_{23}\approx-0.494406.
   \]
   Both changes exceed the \(10^{-4}\) threshold and are negative.","1"
"sol","MountainCar-v0","next-state","20","With action \(a_{23}=0\), the car accelerates left:
   \[
   v_{24}=v_{23}-0.001-0.0025\cos(3x_{23})
   \]
   For \(x_{23}=-0.4944\) and \(v_{23}=-0.0117\):
   \[
   v_{24}\approx-0.0117-0.001-0.0025\cos(-1.4832)
   \approx-0.0129187
   \]
   Then:
   \[
   x_{24}=x_{23}+v_{24}\approx-0.5073187
   \]
   Both changes are negative and exceed \(10^{-4}\).","1"
"sol","MountainCar-v0","next-state","20","With action `0`, the car accelerates left. Using the MountainCar dynamics:
   \[
   v_{25}=v_{24}-0.001-0.0025\cos(3x_{24})
   \]
   For \(x_{24}=-0.5073\) and \(v_{24}=-0.0129\), this gives approximately \(v_{25}=-0.01402\). The new position is \(x_{25}=x_{24}+v_{25}\approx-0.52132\). Thus, both position and velocity decrease by more than \(10^{-4}\).","1"
"sol","MountainCar-v0","next-state","20","Action `0` accelerates left. Using the MountainCar dynamics:
   \[
   v_{26}=v_{25}-0.001-0.0025\cos(3p_{25})
   \]
   With \(p_{25}=-0.5214\) and \(v_{25}=-0.0140\), \(\cos(3p_{25})\approx0.0066\), giving \(v_{26}\approx-0.01502\). Then:
   \[
   p_{26}=p_{25}+v_{26}\approx-0.53642.
   \]
   Thus, both position and velocity decrease by more than \(10^{-4}\).","1"
"sol","MountainCar-v0","next-state","20","Using the transition dynamics for action \(a_{26}=0\):
   \[
   v_{27}=v_{26}-0.001-0.0025\cos(3x_{26})
   \]
   With \(x_{26}=-0.5365\) and \(v_{26}=-0.0151\), this gives approximately \(v_{27}=-0.016003\). Then:
   \[
   x_{27}=x_{26}+v_{27}\approx -0.552503.
   \]
   Both changes have magnitude greater than \(10^{-4}\).","1"
"sol","MountainCar-v0","next-state","20","Using the MountainCar transition equations with \(p_{27}=-0.5524\), \(v_{27}=-0.0160\), and action \(a_{27}=0\):
   \[
   v_{28}=v_{27}-0.001-0.0025\cos(3p_{27})
   \]
   Since \(\cos(3(-0.5524))\approx -0.0863\),
   \[
   v_{28}\approx -0.0167843
   \]
   Then:
   \[
   p_{28}=p_{27}+v_{28}\approx -0.5691843
   \]
   Both changes exceed the \(10^{-4}\) threshold and are negative.","1"
"sol","MountainCar-v0","next-state","20","With action 0, the car accelerates left. Using the transition dynamics,
   \[
   v_{29}= -0.0168-0.001-0.0025\cos(3(-0.5692))\approx -0.017459,
   \]
   \[
   x_{29}= -0.5692+v_{29}\approx -0.586659.
   \]
   Thus, both position and velocity decrease by more than \(10^{-4}\).","1"
"sol","MountainCar-v0","next-state","30","With action \(a_{29}=0\), the car accelerates left. Using
   \[
   v_{30}=v_{29}-0.001-0.0025\cos(3x_{29}),
   \]
   with \(x_{29}=-0.5866\) and \(v_{29}=-0.0174\), gives \(v_{30}\approx-0.01793\). Then
   \[
   x_{30}=x_{29}+v_{30}\approx-0.60453.
   \]
   Both changes exceed \(10^{-4}\) in magnitude.","1"
"sol","MountainCar-v0","next-state","30","With action 0, the car accelerates left. Using  
   \[
   v_{31}=v_{30}-0.001-0.0025\cos(3x_{30}),
   \]
   for \(x_{30}=-0.6045\), \(v_{30}=-0.0179\), gives \(v_{31}\approx-0.01830\). Then \(x_{31}=x_{30}+v_{31}\approx-0.62280\). Thus both position and velocity decrease by more than \(10^{-4}\).","1"
"sol","MountainCar-v0","next-state","30","For action \(a_{31}=0\), the car accelerates left:
   \[
   v_{32}=v_{31}-0.001-0.0025\cos(3x_{31})
   \]
   Using \(x_{31}=-0.6229\) and \(v_{31}=-0.0183\):
   \[
   v_{32}\approx-0.0183-0.001-0.0025\cos(-1.8687)
   \approx-0.01857.
   \]
   Then:
   \[
   x_{32}=x_{31}+v_{32}\approx-0.64147.
   \]
   Thus, both position and velocity decrease by more than \(10^{-4}\).","1"
"sol","MountainCar-v0","next-state","30","With action 0, the car accelerates left. Using  
   \[
   v_{33}=v_{32}-0.001-0.0025\cos(3x_{32}),\qquad
   x_{33}=x_{32}+v_{33},
   \]
   gives \(v_{33}\approx-0.018734\) and \(x_{33}\approx-0.660234\). Both changes exceed \(10^{-4}\) in magnitude.","1"
"sol","MountainCar-v0","next-state","30","For action \(a_{33}=0\), the acceleration term is \(-0.001\). Using the MountainCar dynamics:
   \[
   v_{34}= -0.0187-0.001-0.0025\cos(3(-0.6602))
           \approx -0.0187039
   \]
   \[
   x_{34}= -0.6602+v_{34}\approx -0.6789039
   \]
   Position therefore decreases. Velocity decreases by only about \(3.9\times10^{-6}\), below the \(10^{-4}\) threshold, so it is classified as unchanged.","1"
"sol","MountainCar-v0","next-state","30","With action \(a_{34}=0\), the acceleration term is \(-0.001\). At position \(-0.679\), the slope term partly offsets this:
   \[
   v_{35}=-0.0187-0.001-0.0025\cos(3(-0.679))
          \approx -0.0185763.
   \]
   Thus velocity becomes less negative, increasing by about \(0.0001237\). The new position is:
   \[
   x_{35}=-0.679+(-0.0185763)\approx -0.6975763,
   \]
   so position decreases.","1"
"sol","MountainCar-v0","next-state","30","Using the MountainCar dynamics for action \(a_{35}=0\):
   \[
   v_{36}=v_{35}-0.001-0.0025\cos(3x_{35})
   \]
   With \(x_{35}=-0.6976\) and \(v_{35}=-0.0186\), this gives \(v_{36}\approx-0.0183535\). The velocity becomes less negative, so it **increases**. Then:
   \[
   x_{36}=x_{35}+v_{36}\approx-0.7159535
   \]
   Thus, the position **decreases**.","1"
"sol","MountainCar-v0","next-state","30","With action \(a_{36}=0\), the car accelerates left. Using
   \[
   v_{37}=v_{36}-0.001-0.0025\cos(3x_{36}),
   \]
   with \(x_{36}=-0.716\) and \(v_{36}=-0.0184\):
   \[
   v_{37}\approx -0.0184-0.001-0.0025\cos(-2.148)
   \approx -0.018036.
   \]
   The velocity remains negative but becomes less negative, so it **increases**. Then
   \[
   x_{37}=x_{36}+v_{37}\approx -0.734036,
   \]
   so position **decreases**.","1"
"sol","MountainCar-v0","next-state","30","With action \(0\), the car accelerates left. From \(s_{37}=[-0.734,-0.018]\):
   \[
   v_{38}=-0.018-0.001-0.0025\cos(3(-0.734))
          \approx -0.017525
   \]
   \[
   x_{38}=-0.734+v_{38}\approx -0.751525
   \]
   The position decreases, while the velocity becomes less negative and therefore increases. Both changes exceed \(10^{-4}\).","1"
"sol","MountainCar-v0","next-state","30","For action \(a_{38}=0\), the car accelerates left:
   \[
   v_{39}=v_{38}-0.001-0.0025\cos(3x_{38})
   \]
   Using \(x_{38}=-0.7515\) and \(v_{38}=-0.0175\):
   \[
   v_{39}\approx -0.01692,\qquad
   x_{39}=x_{38}+v_{39}\approx -0.76842.
   \]
   Thus, position decreases, while velocity increases because it becomes less negative.","1"
"sol","Pendulum-v1","last-action","5","The angular velocity changes from \(-0.1319\) to \(-0.2931\). Using the Pendulum-v1 dynamics, this transition implies a strong negative torque of approximately \(-1.76\), consistent with the agent’s recent negative actions.","2"
"sol","Pendulum-v1","last-action","5","The angular velocity changes from \(-0.2931\) to \(-0.4037\), so the agent applies substantial clockwise (negative) torque. Using the Pendulum-v1 dynamics, this transition corresponds to approximately \(-1.35\) torque, consistent with the agent reducing its previously saturated negative actions as the pendulum approaches upright.","2"
"sol","Pendulum-v1","last-action","5","From \(s_7\) to \(s_8\), angular velocity decreases from \(-0.4037\) to \(-0.5066\). Using the pendulum dynamics, this change corresponds to a torque of approximately \(-1.20\), continuing the agent’s trend of applying progressively weaker negative torque near the upright position.","2"
"sol","Pendulum-v1","last-action","5","The angular velocity changes from \(-0.5066\) to \(-0.7489\), a strong clockwise acceleration. Using the Pendulum-v1 dynamics, this transition corresponds almost exactly to the maximum negative torque, \(-2.0\).","2"
"sol","Pendulum-v1","last-action","5","At \(s_9\), the pendulum is near upright but rotating clockwise with angular velocity \(-0.7489\). The transition to \(s_{10}\) reduces this speed to \(-0.4768\), indicating a strong positive counterclockwise braking torque. Using the Pendulum-v1 dynamics gives an estimated torque of approximately \(+1.62\).","2"
"sol","Pendulum-v1","last-action","5","The angular velocity changes from \(-0.4768\) to \(-0.1936\), so the agent applies a strong positive torque to slow the clockwise motion. Using the Pendulum-v1 dynamics,
   \[
   \tau \approx \frac{(-0.1936+0.4768)/0.05-15\sin(0.0156)}{3}\approx 1.81.
   \]
   This also explains the new angle: \(0.0156+0.05(-0.1936)\approx0.0059\).","1"
"sol","Pendulum-v1","last-action","5","From \(s_{11}\) to \(s_{12}\), angular velocity changes from \(-0.1936\) to \(-0.2370\). Using the Pendulum-v1 dynamics,
   \[
   \Delta\dot\theta \approx 0.75\sin(\theta)+0.15a,
   \]
   with \(\sin(\theta)=0.0059\), gives \(a\approx-0.32\). This lies in \([-0.4,0)\), bin 4.","1"
"sol","Pendulum-v1","last-action","5","The angular velocity changes from \(-0.237\) to \(-0.0298\), indicating a strong positive torque opposing the clockwise motion. Using the Pendulum-v1 dynamics gives an estimated torque of approximately \(1.41\).","2"
"sol","Pendulum-v1","last-action","5","The angular velocity changes from \(-0.0298\) to \(-0.2514\), indicating a strong clockwise (negative) torque. Using the Pendulum-v1 dynamics, this transition corresponds to an action of approximately \(-1.44\).","2"
"sol","Pendulum-v1","last-action","5","In Pendulum-v1,
   \[
   \dot\theta_{15}=\dot\theta_{14}+\left(15\sin\theta_{14}+3a_{14}\right)(0.05).
   \]
   Using \(\theta_{14}\approx-0.0200\), \(\dot\theta_{14}=-0.2514\), and \(\dot\theta_{15}=-0.0100\) gives \(a_{14}\approx1.71\).","1"
"sol","Pendulum-v1","last-action","10","The angular velocity changes from \(-0.4768\) to \(-0.1936\), a positive change of \(0.2832\). Using the Pendulum-v1 dynamics,
   \[
   \Delta\dot\theta \approx 0.75\sin(\theta)+0.15a,
   \]
   with \(\sin(\theta)=0.0156\), gives
   \[
   a\approx\frac{0.2832-0.75(0.0156)}{0.15}\approx1.81.
   \]
   This positive torque brakes the clockwise motion and lies in bin 9, \([1.6,2.0]\).","1"
"sol","Pendulum-v1","last-action","10","Using the Pendulum-v1 dynamics,
   \[
   \dot\theta_{12}-\dot\theta_{11}
   \approx 0.05\left(15\sin(\theta_{11})+3a_{11}\right).
   \]
   Substituting \(\theta_{11}\approx0.0059\), \(\dot\theta_{11}=-0.1936\), and \(\dot\theta_{12}=-0.2370\) gives \(a_{11}\approx-0.32\). This also produces the observed next angle near \(-0.0059\).","1"
"sol","Pendulum-v1","last-action","10","The angular velocity changes from \(-0.2370\) to \(-0.0298\), indicating a positive torque that strongly counters the clockwise motion. Using the Pendulum-v1 dynamics with \(\Delta t=0.05\),
   \[
   \dot\theta_{13}=\dot\theta_{12}+\left(15\sin(\theta_{12})+3a_{12}\right)0.05,
   \]
   gives \(a_{12}\approx 1.41\). This also reproduces the next angle, approximately \(-0.0074\).","1"
"sol","Pendulum-v1","last-action","10","Using the Pendulum-v1 update  
   \[
   \dot\theta_{14}-\dot\theta_{13}\approx 0.05\left(15\sin(\theta_{13})+3a_{13}\right),
   \]
   the angular velocity changes from \(-0.0298\) to \(-0.2514\). With \(\sin(\theta_{13})\approx-0.0074\), solving gives \(a_{13}\approx-1.44\). This lies in the interval \([-1.6,-1.2)\), which is bin 1.","1"
"sol","Pendulum-v1","last-action","10","The pendulum has a small negative angle and negative angular velocity. To reduce the angular velocity from \(-0.2514\) to \(-0.0100\), the agent applies a strong positive counterclockwise torque. Using the Pendulum-v1 dynamics gives an estimated torque of approximately \(1.71\).","2"
"sol","Pendulum-v1","last-action","10","From \(s_{15}\) to \(s_{16}\), angular velocity changes from \(-0.0100\) to \(-0.1678\). Applying the Pendulum-v1 dynamics with \(\Delta t=0.05\) and \(\theta\approx\operatorname{atan2}(-0.0205,0.9998)=-0.0205\) gives an estimated torque of approximately \(-0.95\).","1"
"sol","Pendulum-v1","last-action","10","Using the Pendulum-v1 dynamics, the angular velocity changes from \(-0.1678\) to \(-0.1079\). Accounting for gravity at \(\theta \approx \operatorname{atan2}(-0.0289,0.9996)=-0.0289\), the required torque is approximately \(0.54\).","1"
"sol","Pendulum-v1","last-action","10","Using the Pendulum-v1 velocity update,
   \[
   \dot\theta_{18}-\dot\theta_{17}
   \approx 0.05\left(15\sin(\theta_{17})+3a_{17}\right).
   \]
   Substituting \(\sin(\theta_{17})=-0.0343\), \(\dot\theta_{17}=-0.1079\), and \(\dot\theta_{18}=-0.1298\) gives \(a_{17}\approx 0.03\). This small positive torque slightly counteracts the negative gravitational acceleration.","1"
"sol","Pendulum-v1","last-action","10","The angular velocity changes from \(-0.1298\) to \(-0.0541\), so the agent applied positive torque to counteract the clockwise motion. Using the Pendulum-v1 dynamics,
   \[
   \Delta\dot{\theta}\approx 0.75\sin(\theta)+0.15a,
   \]
   gives an action of approximately \(a_{18}\approx 0.71\).","1"
"sol","Pendulum-v1","last-action","10","The angular velocity increases from \(-0.0541\) to \(0.0024\), so the agent applies positive torque. Using the Pendulum-v1 update
   \[
   \Delta\dot\theta=\left(15\sin\theta+3a\right)(0.05),
   \]
   with \(\theta\approx\operatorname{atan2}(-0.0435,0.9991)\approx-0.0435\), gives \(a\approx0.59\).","1"
"sol","Pendulum-v1","last-action","20","The angular velocity changes from \(0.0024\) to \(-0.0167\). Near \(\theta\approx-0.0433\), gravity produces negative angular acceleration, while a small positive torque partially offsets it. Using the Pendulum-v1 dynamics gives an estimated torque of approximately \(+0.09\).","2"
"sol","Pendulum-v1","last-action","20","The angular velocity rises from \(-0.0167\) to \(0.0467\). Accounting for the small negative gravitational acceleration at \(\theta \approx -0.0442\), this transition requires a positive torque of approximately \(0.64\), consistent with the agent’s recent corrective actions.","2"
"sol","Pendulum-v1","last-action","20","Using the pendulum dynamics,
   \[
   \dot\theta_{23}-\dot\theta_{22}
   \approx 0.05\left(15\sin(\theta_{22})+3a_{22}\right).
   \]
   Here, \(\theta_{22}\approx\operatorname{atan2}(-0.0418,0.9991)=-0.0418\), while the angular velocity changes from \(0.0467\) to \(-0.1478\). Solving gives \(a_{22}\approx-1.09\).","1"
"sol","Pendulum-v1","last-action","20","The angular velocity changes from \(-0.1478\) to \(0.0285\), so the agent applies positive torque to reverse the pendulum’s clockwise motion. Using the Pendulum-v1 dynamics,
   \[
   \frac{0.0285-(-0.1478)}{0.05}\approx 15\sin(-0.0492)+3a_{23},
   \]
   gives \(a_{23}\approx 1.42\).","1"
"sol","Pendulum-v1","last-action","20","The angular velocity increases from \(0.0285\) to \(0.0428\). Using the Pendulum-v1 dynamics,
   \[
   \dot\theta_{t+1}=\dot\theta_t+\left(15\sin(\theta_t)+3a_t\right)(0.05),
   \]
   with \(\theta_t\approx\operatorname{atan2}(-0.0478,0.9989)\approx-0.0478\), gives \(a_{24}\approx0.33\).","1"
"sol","Pendulum-v1","last-action","20","Using the Pendulum-v1 update  
   \[
   \dot\theta_{26}-\dot\theta_{25}
   =\left(15\sin\theta_{25}+3a_{25}\right)(0.05),
   \]
   with \(\sin\theta_{25}=-0.0457\), \(\dot\theta_{25}=0.0428\), and \(\dot\theta_{26}=-0.0646\), gives
   \[
   a_{25}\approx\frac{(-0.0646-0.0428)/0.05-15(-0.0457)}{3}
   =-0.4875.
   \]","1"
"sol","Pendulum-v1","last-action","20","The angular velocity changes from \(-0.0646\) to approximately \(0\), so the agent applies positive torque to counter both the negative velocity and the gravitational acceleration at \(\theta\approx-0.049\). Inverting the Pendulum-v1 dynamics gives a torque of approximately \(0.68\).","2"
"sol","Pendulum-v1","last-action","20","The angular velocity increases from approximately \(0\) to \(0.0811\). Inverting the Pendulum-v1 update
   \[
   \dot\theta'=\dot\theta+\left(15\sin\theta+3a\right)(0.05)
   \]
   at \(\sin\theta=-0.048879\) gives \(a\approx0.785\). This also produces the observed next angle.","1"
"sol","Pendulum-v1","last-action","20","Using the Pendulum-v1 angular-velocity update,
   \[
   \dot\theta_{29}-\dot\theta_{28}
   \approx 0.75\sin(\theta_{28})+0.15a_{28}.
   \]
   Since \(\sin(\theta_{28})=-0.0448\), \(\dot\theta_{28}=0.0811\), and \(\dot\theta_{29}=-0.1588\):
   \[
   -0.1588-0.0811=0.75(-0.0448)+0.15a_{28},
   \]
   giving \(a_{28}\approx-1.38\).","1"
"sol","Pendulum-v1","last-action","20","The angular velocity changes from \(-0.1588\) to \(0.0878\), a substantial positive increase despite gravity acting negatively at \(\theta\approx-0.0528\). Using the Pendulum-v1 dynamics,
   \[
   \Delta\dot\theta \approx 0.05\left(15\sin\theta+3a_{29}\right),
   \]
   gives \(a_{29}\approx1.91\).","1"
"sol","Pendulum-v1","last-action","30","The angular velocity changes from \(0.0878\) to \(-0.0818\), a decrease of \(0.1696\). Using the Pendulum-v1 dynamics,
   \[
   \dot\theta_{31}-\dot\theta_{30}
   \approx 0.05\left(15\sin(\theta_{30})+3a_{30}\right),
   \]
   with \(\sin(\theta_{30})=-0.0484\), gives \(a_{30}\approx-0.89\).","1"
"sol","Pendulum-v1","last-action","30","The angular velocity changes from \(-0.0818\) to \(0.0994\). Using the Pendulum-v1 dynamics,
   \[
   \dot\theta_{t+1}=\dot\theta_t+\left(15\sin(\theta_t)+3a_t\right)(0.05),
   \]
   and \(\sin(\theta_t)=-0.0525\), solving for the action gives:
   \[
   a_{31}\approx
   \frac{(0.0994+0.0818)-0.75(-0.0525)}{0.15}
   \approx 1.47.
   \]","1"
"sol","Pendulum-v1","last-action","30","The angular velocity changes from \(0.0994\) to \(-0.0779\). Using the Pendulum-v1 dynamics,
   \[
   \dot\theta_{t+1}-\dot\theta_t
   =0.05\left(15\sin(\theta_t)+3a_t\right),
   \]
   with \(\theta_t\approx\operatorname{atan2}(-0.0475,0.9989)\approx-0.0475\), gives \(a_{32}\approx-0.94\).","1"
"sol","Pendulum-v1","last-action","30","The angular velocity increases from \(-0.0779\) to \(0.1173\), indicating a strong positive torque. Using the Pendulum-v1 dynamics, this transition implies a torque of approximately \(1.56\).","2"
"sol","Pendulum-v1","last-action","30","The angular velocity changes only slightly, from \(0.1173\) to \(0.1103\). At \(\theta\approx-0.0455\), gravity produces negative angular acceleration, so a small positive torque is needed to nearly offset it. Using the Pendulum-v1 dynamics gives an estimated torque of approximately \(0.18\).","2"
"sol","Pendulum-v1","last-action","30","The angular velocity changes from \(0.1103\) to \(-0.1432\), a strong clockwise acceleration. Using the pendulum dynamics and accounting for gravity at \(\theta \approx -0.04\), the required torque is approximately \(-1.49\).","2"
"sol","Pendulum-v1","last-action","30","The angular velocity rises from \(-0.1432\) to \(0.0816\), indicating a strong positive torque. Using the Pendulum-v1 dynamics,
   \[
   \dot\theta_{37}=\dot\theta_{36}+\left(15\sin(\theta_{36})+3a_{36}\right)(0.05),
   \]
   with \(\sin(\theta_{36})=-0.0472\), gives \(a_{36}\approx1.73\).","1"
"sol","Pendulum-v1","last-action","30","The angular velocity changes from \(0.0816\) to \(-0.2468\), a strong clockwise acceleration. Using the Pendulum-v1 dynamics,
   \[
   \Delta\dot\theta \approx 0.75\sin(\theta)+0.15a,
   \]
   with \(\sin(\theta)=-0.0431\), gives \(a\approx-1.97\). This is also consistent with the agent’s alternating corrective torques near the upright position.","1"
"sol","Pendulum-v1","last-action","30","The angular velocity changes from \(-0.2468\) to \(0.0116\), a strong positive acceleration. Using the Pendulum-v1 dynamics,
   \[
   \dot\theta_{39}\approx \dot\theta_{38}
   +\left(15\sin(\theta_{38})+3a_{38}\right)0.05,
   \]
   with \(\theta_{38}\approx -0.0554\), gives \(a_{38}\approx 2.00\). This is the maximum positive torque and falls in bin 9.","1"
"sol","Pendulum-v1","last-action","30","The angular velocity increases from \(0.0116\) to \(0.1217\). Using the Pendulum-v1 dynamics,
   \[
   \dot\theta_{40}-\dot\theta_{39}
   =\left(15\sin(\theta_{39})+3a_{39}\right)(0.05),
   \]
   with \(\theta_{39}\approx\operatorname{atan2}(-0.0548,0.9985)\approx-0.0548\). Solving gives \(a_{39}\approx1.01\). This also predicts \(\theta_{40}\approx-0.0487\), matching the observed next state.","1"
"sol","Pendulum-v1","last-state","5","The negative torque continues reducing angular velocity. Between \(s_5\) and \(s_6\), the angle remains positive but moves closer to zero, so \(\sin(\theta)\) decreases while \(\cos(\theta)\) increases. Inverting the pendulum update gives approximately \(s_5=[0.9906, 0.1366, -0.1319]\).","2"
"sol","Pendulum-v1","last-state","5","From step 5, the negative torque continues reducing angular velocity, giving approximately \(\dot\theta_6=-0.2931\). The corresponding angle is about \(0.12236\) rad, so \(s_6\approx[\cos(0.12236),\sin(0.12236),-0.2931]\). Applying \(a_6=-1.3476\) decreases the angle and angular velocity further, producing \(s_7\).","1"
"sol","Pendulum-v1","last-state","5","The negative torque continues driving angular velocity more negative. Consequently, the small positive angle moves closer to zero: \(\sin(\theta)\) decreases while \(\cos(\theta)\) increases. Using the Pendulum-v1 dynamics gives approximately \(s_7=[0.9948,0.1020,-0.4037]\).","2"
"sol","Pendulum-v1","last-state","5","The negative torque continues the trend seen through steps 5–7: angular velocity becomes more negative, moving the pendulum angle closer to zero. Because the angle remains slightly positive, its sine decreases while its cosine increases toward 1. Using the Pendulum-v1 dynamics backward from \(s_9\) gives approximately \(s_8=[0.9970,\,0.0768,\,-0.5065]\).","2"
"sol","Pendulum-v1","last-state","5","Using the Pendulum-v1 dynamics with a time step of \(0.05\), step 8’s state and action imply an angular velocity at step 9 of approximately \(-0.7490\). The corresponding angle is about \(0.03943\) rad, giving \(s_9\approx[0.9992,0.0394,-0.7490]\). The positive action at step 9 increases the angular velocity to \(-0.4768\), while the still-negative velocity decreases the angle.","1"
"sol","Pendulum-v1","last-state","5","Using \(\theta=\operatorname{atan2}(y,x)\) and the Pendulum-v1 dynamics, \(s_{11}\) implies \(\theta_{11}\approx0.0059\). Since \(\dot\theta_{11}=-0.1936\) and \(dt=0.05\), \(\theta_{10}\approx0.01558\). Reversing the velocity update with \(a_{10}=1.8099\) gives \(\dot\theta_{10}\approx-0.4768\). Thus \(s_{10}\approx[\cos\theta_{10},\sin\theta_{10},\dot\theta_{10}]\).","1"
"sol","Pendulum-v1","last-state","5","Pendulum dynamics update angular velocity before angle. Continuing from step 10 gives approximately \(\dot\theta_{11}=-0.1936\) and \(\theta_{11}=0.0059\), so \(s_{11}\approx[1.0000,0.0059,-0.1936]\). Action \(-0.3191\) reduces angular velocity to \(-0.2370\), moving the angle across zero to approximately \(-0.0059\). The cosine change is below \(10^{-4}\).","1"
"sol","Pendulum-v1","last-state","5","The step-11 negative torque drives angular velocity from \(-0.1936\) to approximately \(-0.2370\), moving the angle slightly past upright to about \(-0.0059\) rad at \(s_{12}\). At step 12, the positive torque \(1.4111\) raises angular velocity to \(-0.0298\). The angle becomes slightly more negative, from approximately \(-0.0059\) to \(-0.0074\). Since both angles are very close to zero, their cosine values differ by less than \(10^{-4}\).","1"
"sol","Pendulum-v1","last-state","5","The negative torque at step 13 strongly reduces angular velocity. Working backward from \(s_{14}\), the preceding angle was closer to zero, so its cosine was slightly larger and its sine was less negative. The cosine change is about \(-1.72\times10^{-4}\), exceeding the \(10^{-4}\) threshold.","1"
"sol","Pendulum-v1","last-state","5","Using the Pendulum dynamics with the step-13 state and action, the angular velocity becomes approximately \(-0.2514\), and the angle advances to about \(-0.0200\). Thus,
   \[
   s_{14}\approx[0.9998,-0.0200,-0.2514].
   \]
   Under \(a_{14}=1.7093\), the positive torque raises the angular velocity to about \(-0.0100\). The angle becomes slightly more negative, so the sine decreases, while the cosine changes by only about \(10^{-5}\), below the \(10^{-4}\) threshold.","1"
"sol","Pendulum-v1","last-state","10","Using the Pendulum-v1 update interval \(dt=0.05\), the angle satisfies
   \[
   \theta_{11}=\theta_{10}+0.05\dot\theta_{11}.
   \]
   From \(s_{11}\), \(\theta_{11}\approx\arcsin(0.0059)=0.005900\), so \(\theta_{10}\approx0.015580\). Reversing the angular-velocity update under torque \(1.8099\) gives \(\dot\theta_{10}\approx-0.47677\). Thus \(s_{10}\approx[0.999879,0.015579,-0.476770]\).","1"
"sol","Pendulum-v1","last-state","10","From Step 10, the pendulum is moving clockwise with angular velocity \(-0.4768\). The positive torque \(1.8099\) reduces its clockwise speed, giving an estimated next angular velocity of about \(-0.1936\) and moving the angle from \(0.0156\) to approximately \(0.0059\). Thus,
   \[
   s_{11}\approx[0.99998,\ 0.0059,\ -0.1936].
   \]
   Action \(a_{11}=-0.3191\) then makes the angular velocity more negative, taking it to \(-0.2370\), while the angle crosses zero to approximately \(-0.0059\). The cosine change is below \(10^{-4}\), so element 0 is unchanged under the specified threshold.","1"
"sol","Pendulum-v1","last-state","10","Using the Pendulum-v1 update interval \(dt=0.05\), Step 11’s action produces an estimated angular velocity at \(s_{12}\) of about \(-0.2370\). The angle advances from approximately \(0.0059\) to \(-0.0060\), giving \(s_{12}\approx[1.0000,-0.0059,-0.2370]\). Under action \(a_{12}=1.4111\), the angular velocity rises to \(-0.0298\), while the angle becomes slightly more negative. The cosine change is below \(10^{-4}\), so it is classified as unchanged.","1"
"sol","Pendulum-v1","last-state","10","Using the Pendulum-v1 update interval \(dt=0.05\), step 12 and action \(1.4111\) imply that the angular velocity at \(s_{13}\) was approximately \(-0.0298\), with angle approximately \(-0.0074\) rad. Thus,
   \[
   s_{13}\approx[1.0000,-0.0074,-0.0298].
   \]
   Applying \(a_{13}=-1.4401\) makes the angle more negative and lowers the angular velocity to \(-0.2514\). Consequently, cosine also decreases by slightly more than \(10^{-4}\).","1"
"sol","Pendulum-v1","last-state","10","Using the observed Pendulum dynamics, action \(a_{13}=-1.4401\) changes the step-13 angular velocity from \(-0.0298\) to approximately \(-0.2514\), producing \(s_{14}\approx[0.9998,-0.0200,-0.2514]\). Action \(a_{14}=1.7093\) then strongly increases the angular velocity to about \(-0.01\). During that transition, the angle becomes slightly more negative. Consequently, the sine coordinate decreases, while the cosine decreases by only about \(10^{-5}\), below the \(10^{-4}\) unchanged threshold.","1"
"sol","Pendulum-v1","last-state","10","In Pendulum-v1, the updated angular velocity is used to update the angle. Since \(s_{16}\) has angular velocity \(-0.1678\), the angle changes by approximately \(0.05(-0.1678)=-0.00839\). Thus, the prior angle was about \(-0.0205\), giving \((\cos\theta,\sin\theta)\approx(0.9998,-0.0205)\). Reversing the velocity update with action \(-0.9498\) gives a prior angular velocity of approximately \(-0.0100\).","1"
"sol","Pendulum-v1","last-state","10","From step 15, the negative torque drives the angular velocity more negative, giving approximately \(\dot\theta_{16}=-0.1678\) and \(\theta_{16}=-0.0289\). At step 16, the positive action \(0.544\) increases angular velocity to \(-0.1079\). The pendulum still moves in the negative-angle direction, so \(y=\sin\theta\) decreases, while \(x=\cos\theta\) also decreases slightly as the pendulum moves farther from upright.","2"
"sol","Pendulum-v1","last-state","10","At step 16, the pendulum has a negative angle and negative angular velocity. Action \(0.544\) reduces the magnitude of that negative velocity, giving approximately \(s_{17}=[0.9994,-0.0343,-0.1079]\). At step 17, the small positive torque \(0.025\) is insufficient to overcome the restoring gravitational acceleration, so the angle and angular velocity become more negative. Moving farther from zero also decreases \(\cos(\theta)\).","2"
"sol","Pendulum-v1","last-state","10","Using the Pendulum-v1 dynamics with \(dt=0.05\), step 17’s state and action imply that \(s_{18}\) had an angle near \(-0.0408\) rad and angular velocity near \(-0.1299\). Applying \(a_{18}=0.7088\) increases the angular velocity to \(-0.0541\), while the angle becomes more negative. Consequently, cosine decreases slightly, sine decreases, and angular velocity increases.","2"
"sol","Pendulum-v1","last-state","10","In Pendulum-v1, the next angle is updated using the next angular velocity:  
   \(\theta_{20}\approx\theta_{19}+0.05\dot\theta_{20}\).  
   Since \(\dot\theta_{20}=0.0024\), the angle moves about \(+0.00012\) rad toward zero. Thus, \(y=\sin\theta\) increases slightly, while \(x=\cos\theta\) increases by only about \(5\times10^{-6}\), below the \(10^{-4}\) threshold. The positive action increases angular velocity from approximately \(-0.0541\) to \(0.0024\).","1"
"sol","Pendulum-v1","last-state","20","The pendulum continues slightly in the negative-angle direction. Its angular velocity changes from a small positive value to \(-0.0167\), so the sine component decreases. The cosine changes only by roughly \(6\times10^{-5}\), below the \(10^{-4}\) threshold, and is therefore treated as unchanged.","1"
"sol","Pendulum-v1","last-state","20","At step 20, the pendulum was near \(\theta\approx-0.0433\) with almost zero angular velocity. The subsequent dynamics place \(s_{21}\) near \(\theta\approx-0.0441\) and \(\dot\theta\approx-0.0167\). The positive action \(a_{21}=0.6435\) then increases angular velocity to \(0.0467\), moving the angle toward zero. Consequently, both \(\cos(\theta)\) and \(\sin(\theta)\) increase.","1"
"sol","Pendulum-v1","last-state","20","In Pendulum-v1, the next angle is updated using the next angular velocity. Since \(s_{23}\) has angular velocity \(-0.1478\), the angle moved farther in the negative direction from \(s_{22}\). Thus, sine decreased, while cosine decreased slightly as the pendulum moved farther from the upright position. Inverting the torque update for \(a_{22}=-1.0872\) gives an estimated prior angular velocity of about \(0.0466\).","2"
"sol","Pendulum-v1","last-state","20","Using the Pendulum-v1 update, the positive torque increases angular velocity from approximately \(-0.1478\) to \(0.0285\). The updated positive angular velocity moves the angle slightly toward zero, so the sine coordinate increases. The cosine coordinate also increases, but only by about \(6.9\times10^{-5}\), below the \(10^{-4}\) threshold, so it is classified as unchanged.","1"
"sol","Pendulum-v1","last-state","20","From step 23, the positive torque reverses the angular velocity from \(-0.1478\) to approximately \(+0.0285\), giving  
   \(s_{24}\approx[0.9989,-0.0478,0.0285]\).  
   Action \(a_{24}=0.3345\) then raises the angular velocity to \(0.0428\). The angle moves closer to zero, so both \(\cos(\theta)\) and \(\sin(\theta)\) increase.","1"
"sol","Pendulum-v1","last-state","20","The pendulum state is \([\cos\theta,\sin\theta,\dot\theta]\). From step 24 and its action \(0.3345\), the next state is approximately
   \[
   s_{25}\approx[0.9990,-0.0457,0.0428].
   \]
   Applying \(a_{25}=-0.4878\) reverses the small positive angular velocity to \(-0.0646\). The resulting clockwise motion makes the angle more negative, so both \(\sin\theta\) and—slightly—\(\cos\theta\) decrease. The cosine change exceeds the \(10^{-4}\) threshold.","1"
"sol","Pendulum-v1","last-state","20","Pendulum-v1 updates the angle using the new angular velocity:
   \[
   \theta_{27}=\theta_{26}+0.05\dot\theta_{27}.
   \]
   Since \(\dot\theta_{27}=2.7873\times10^{-5}\), the angle changes by only \(1.39\times10^{-6}\) radians. Thus, both cosine and sine change by less than \(10^{-4}\) and are classified as unchanged. Inverting the velocity update with action \(0.6751\) gives \(\dot\theta_{26}\approx-0.06458\), so angular velocity increased substantially to reach approximately zero.","1"
"sol","Pendulum-v1","last-state","20","The pendulum remains slightly clockwise from upright. Using \(s_{28}\)'s angle and angular velocity to reverse one dynamics step gives an estimated \(s_{27}\approx[0.9988,-0.0489,0.0001]\). This also agrees with step 26: action \(0.6751\) nearly cancels the negative angular velocity. Action \(a_{27}=0.7845\) then produces positive angular velocity, moving the angle toward zero. Consequently, \(x=\cos\theta\), \(y=\sin\theta\), and angular velocity all increase.","2"
"sol","Pendulum-v1","last-state","20","From step 27, the positive torque \(0.7845\) raises angular velocity from nearly zero to about \(0.0810\), giving
   \[
   s_{28}\approx[0.998995,-0.044831,0.081044].
   \]
   Action \(a_{28}=-1.3752\) then produces strong negative angular acceleration, reversing the velocity to \(-0.1588\). The angle becomes more negative, so both \(\sin(\theta)\) and \(\cos(\theta)\) decrease.","1"
"sol","Pendulum-v1","last-state","20","Using the Pendulum-v1 dynamics with \(dt=0.05\), \(u=1.9078\), and \(s_{30}=[0.9988,-0.0484,0.0878]\):
   - \(\theta_{30}\approx\operatorname{atan2}(-0.0484,0.9988)=-0.04842\).
   - Since \(\theta_{30}=\theta_{29}+0.05\dot\theta_{30}\), \(\theta_{29}\approx-0.05281\).
   - Reversing the angular-velocity update gives \(\dot\theta_{29}\approx-0.15878\).
   - Thus \(s_{29}\approx[\cos\theta_{29},\sin\theta_{29},\dot\theta_{29}]=[0.998606,-0.052786,-0.158781]\).","1"
"sol","Pendulum-v1","last-state","30","From step 29, the positive torque \(1.9078\) reverses the angular velocity from \(-0.1588\) to approximately \(+0.0878\), producing
   \[
   s_{30}\approx[0.9988,-0.0484,0.0878].
   \]
   Action \(a_{30}=-0.8885\) then reduces the angular velocity to \(-0.0818\). The resulting negative angular motion makes the angle more negative, so the sine component decreases. The cosine component also decreases by about \(2.1\times10^{-4}\), exceeding the \(10^{-4}\) unchanged threshold.","1"
"sol","Pendulum-v1","last-state","30","Using \(\theta_{32}=\operatorname{atan2}(-0.0475,0.9989)\approx-0.04752\) and the observed Pendulum-v1 update pattern,
   \[
   \theta_{32}=\theta_{31}+0.05\,\dot\theta_{32},
   \]
   gives \(\theta_{31}\approx-0.05249\). Thus \(s_{31}\)'s position components were approximately \((\cos\theta_{31},\sin\theta_{31})=(0.99862,-0.05246)\). Reversing the angular-velocity update under \(a_{31}=1.4704\) gives \(\dot\theta_{31}\approx-0.08181\).","1"
"sol","Pendulum-v1","last-state","30","Using the Pendulum-v1 time step \(dt=0.05\), the angle advances according to \(\theta_{33}=\theta_{32}+0.05\dot\theta_{33}\). Working backward from \(s_{33}\), and checking against the transition from step 31, gives approximately \(s_{32}=[0.9989,-0.0475,0.0994]\). The negative torque then reduces angular velocity to \(-0.0779\), moves the angle farther negative, decreases sine, and slightly decreases cosine.","1"
"sol","Pendulum-v1","last-state","30","The positive torque strongly increases angular velocity from a small negative value to \(0.1173\). Since the next angular velocity is positive, the angle moves toward zero, so \(\sin(\theta)\) becomes less negative and \(\cos(\theta)\) increases slightly. Using the Pendulum-v1 dynamics gives \(s_{33}\approx[0.9987,-0.0514,-0.0779]\).","2"
"sol","Pendulum-v1","last-state","30","Near the upright position, the transition approximately satisfies  
   \(\theta_{35}=\theta_{34}+0.05\dot\theta_{35}\).  
   Using \(s_{35}\), \(\theta_{35}\approx\operatorname{atan2}(-0.0400,0.9992)=-0.04001\), giving \(\theta_{34}\approx-0.04553\). Thus \(s_{34}\approx[0.99896,-0.04551,0.11736]\). From \(s_{34}\) to \(s_{35}\), cosine and sine increase, while angular velocity decreases.","1"
"sol","Pendulum-v1","last-state","30","In Pendulum-v1, the angle advances using the updated angular velocity. Working backward from \(s_{36}\), the angle at \(s_{35}\) was approximately \(-0.0400\) rad. Thus \(s_{35}\approx[\cos(-0.0400),\sin(-0.0400),0.1103]\). The negative torque then drove angular velocity from positive to negative, moving the pendulum farther into the negative-angle direction.","1"
"sol","Pendulum-v1","last-state","30","Using the standard Pendulum-v1 update with \(dt=0.05\), the next angle satisfies approximately
   \[
   \theta_{37}=\theta_{36}+0.05\,\dot\theta_{37}.
   \]
   From \(s_{37}\), \(\theta_{37}\approx\operatorname{atan2}(-0.0431,0.9991)=-0.04311\), giving \(\theta_{36}\approx-0.04719\). The positive torque \(1.7351\) raises angular velocity from approximately \(-0.1433\) to \(0.0816\). As the negative angle moves closer to zero, both cosine and sine increase numerically.","1"
"sol","Pendulum-v1","last-state","30","From \(s_{36}\) and \(a_{36}=1.7351\), the angular velocity should rise from \(-0.1432\) to approximately \(0.0817\), placing the angle near \(-0.0431\) rad at \(s_{37}\). The strong negative torque \(a_{37}=-1.9743\) then reduces angular velocity to \(-0.2468\), moving the angle farther negative to approximately \(-0.0554\). Consequently, cosine, sine, and angular velocity all decrease by more than \(10^{-4}\).","1"
"sol","Pendulum-v1","last-state","30","Using the Pendulum-v1 dynamics, step 37’s negative torque implies that \(s_{38}\) had angular velocity near \(-0.2469\) and angle near \(-0.05546\) rad. Applying \(a_{38}=2\) then raises the angular velocity to \(0.0116\), making the angle slightly less negative. Consequently, sine and angular velocity increase. Cosine also increases slightly, but by less than \(10^{-4}\), so it is classified as unchanged.","2"
"sol","Pendulum-v1","last-state","30","Using \(\theta_{40}=\operatorname{atan2}(-0.0488,0.9988)\approx-0.04882\) and the Pendulum transition \(\theta_{40}=\theta_{39}+0.05\dot\theta_{40}\), we obtain \(\theta_{39}\approx-0.05490\). Thus \(s_{39}\approx[\cos\theta_{39},\sin\theta_{39},\dot\theta_{39}]\). Reversing the angular-velocity update with torque \(1.0085\) gives \(\dot\theta_{39}\approx0.0116\).","1"
"sol","Pendulum-v1","next-action","5","The pendulum remains slightly to the positive-angle side of upright (\(\theta \approx 0.137\)). Although its angular velocity has just become negative, the observed policy consistently applies strong negative torque to drive the angle toward zero. It will most likely remain saturated at the lower action bound.","3"
"sol","Pendulum-v1","next-action","5","The pendulum remains slightly to the positive-angle side but is now rotating back toward upright with negative angular velocity. The agent has consistently applied strong negative torque, though it began reducing its magnitude as angular velocity became negative. Thus, a moderately strong negative action is most likely.","3"
"sol","Pendulum-v1","next-action","5","The pendulum is slightly right of upright (\(\theta \approx 0.102\)) and moving clockwise with increasingly negative angular velocity. The agent’s negative torque has been steadily weakening as the pendulum approaches upright, suggesting it will further reduce the negative torque to avoid excessive clockwise speed.","3"
"sol","Pendulum-v1","next-action","5","The pendulum remains slightly to the positive-angle side but is moving increasingly clockwise. The agent has progressively reduced the magnitude of its negative torque as the angular velocity becomes more negative, so it will likely continue that trend and choose a less-negative torque at \(s_8\).","3"
"sol","Pendulum-v1","next-action","5","At \(s_9\), the pendulum is nearly upright (\(\theta \approx 0.039\)) but moving clockwise quickly (\(\dot\theta=-0.7489\)). The agent will likely reverse torque strongly to brake the motion and prevent overshooting the upright position.","4"
"sol","Pendulum-v1","next-action","5","The pendulum is nearly upright (\(\theta \approx 0.016\)) but still rotating clockwise with negative angular velocity. The agent switched to positive torque at step 9 to brake this motion, so it will likely continue applying strong positive torque to reduce the remaining negative velocity.","2"
"sol","Pendulum-v1","next-action","5","The pendulum is almost upright (\(\theta \approx 0.0059\)) but still has negative angular velocity. Following the positive braking torques at steps 9–10, the agent will likely apply another positive, moderately strong torque to reduce the remaining clockwise velocity without causing a large overshoot.","2"
"sol","Pendulum-v1","next-action","5","The pendulum has just crossed slightly past upright (\(\theta\approx-0.0059\)) and is moving farther in the negative direction (\(\dot\theta=-0.237\)). The agent will likely apply a strong positive torque to brake this motion and return toward upright. A torque around \(+1.6\) is consistent with the earlier corrective actions.","3"
"sol","Pendulum-v1","next-action","5","The pendulum is almost upright, but both its angle and angular velocity are slightly negative. A small positive torque should arrest the remaining clockwise motion without causing a large overshoot. The approximate torque needed to reduce the next angular velocity toward zero is about \(+0.24\).","4"
"sol","Pendulum-v1","next-action","5","At \(s_{14}\), the pendulum is slightly clockwise from upright (\(\theta \approx -0.02\)) and moving further clockwise (\(\dot\theta=-0.2514\)). The agent has recently alternated torque signs to stabilize near upright. This state closely resembles step 12, where it applied \(+1.4111\), so a similar positive corrective torque is likely.","2"
"sol","Pendulum-v1","next-action","10","The pendulum is very close to upright (\(\theta \approx 0.016\)) but still has negative angular velocity. After applying positive torque at step 9 to brake that motion, the agent will likely continue with a moderately strong positive torque, reduced somewhat as the angular speed decreases.","2"
"sol","Pendulum-v1","next-action","10","The pendulum is nearly upright (\(\theta \approx 0.0059\)) but still rotating clockwise (\(\dot\theta=-0.1936\)). The agent recently applied strong positive torque to reduce this negative angular velocity. A smaller positive torque should now brake the remaining motion without causing a large overshoot. Estimating the torque needed to bring the next angular velocity close to zero gives approximately \(+1.26\).","3"
"sol","Pendulum-v1","next-action","10","The pendulum is just past upright (\(\theta \approx -0.0059\)) and moving clockwise with negative angular velocity (\(-0.237\)). A strong positive torque should brake this motion and push it back toward upright. Based on the prior corrective torques and the dynamics, an action near \(+1.6\) is likely.","3"
"sol","Pendulum-v1","next-action","10","At \(s_{13}\), the pendulum is nearly upright but has a slightly negative angle and angular velocity. A moderate positive torque should oppose this negative motion and guide it back toward zero. Since the previous positive torque substantially reduced the negative angular velocity, the agent will likely continue with a smaller positive correction.","3"
"sol","Pendulum-v1","next-action","10","The pendulum is slightly past upright (\(\theta \approx -0.02\)) and moving farther in the negative direction (\(\dot\theta=-0.2514\)). The agent will likely apply a strong positive torque to brake and reverse this motion, similar to its corrective actions at steps 9, 10, and 12.","2"
"sol","Pendulum-v1","next-action","10","State \(s_{15}\) is near upright with a slightly negative angle and almost zero angular velocity. The closest observed state is step 13, where the agent applied a strong negative torque of \(-1.4401\). The recent pattern also alternates between strong positive and negative corrections, so after step 14’s positive torque, a negative action is likely.","2"
"sol","Pendulum-v1","next-action","10","The pendulum is slightly clockwise from upright (\(\theta \approx -0.029\)) and moving farther clockwise (\(\dot\theta=-0.168\)). In similar recent states, the agent applies a strong positive torque to brake this motion and return toward upright.","3"
"sol","Pendulum-v1","next-action","10","The pendulum is slightly clockwise from upright (\(\theta \approx -0.034\)) and still moving clockwise (\(\dot\theta=-0.108\)). The agent will likely apply a modest positive counterclockwise torque, similar to but slightly below the previous \(0.544\), to reduce this motion without overshooting.","2"
"sol","Pendulum-v1","next-action","10","At \(s_{18}\), both the angle (\(\theta\approx-0.0408\)) and angular velocity (\(-0.1298\)) are negative, so the pendulum is drifting farther clockwise from upright. The agent will likely apply a modest positive counterclockwise torque. Extrapolating from the recent corrections suggests approximately \(+0.26\).","3"
"sol","Pendulum-v1","next-action","10","The pendulum is slightly clockwise from upright (\(\theta \approx -0.0435\)) and still moving clockwise slowly. Recent behavior alternates between positive braking torque and small negative corrections. Since the previous positive torque substantially reduced the angular speed, the agent will likely apply a small negative torque to avoid overshooting.","3"
"sol","Pendulum-v1","next-action","20","The pendulum is slightly clockwise from upright (\(\theta\approx-0.0433\)) and has almost zero angular velocity. Recent behavior shows the agent applying moderate positive torque in this region to push the angle back toward zero. A torque near \(0.6\) is therefore likely.","3"
"sol","Pendulum-v1","next-action","20","The pendulum is slightly clockwise from upright (\(\theta \approx -0.044\)) and moving slowly farther in that direction (\(\dot\theta=-0.0167\)). The agent will likely apply a modest positive torque to reverse this drift, consistent with its recent corrective positive actions.","3"
"sol","Pendulum-v1","next-action","20","The pendulum is slightly to the negative-angle side of upright (\(\theta \approx -0.042\)) and moving slowly toward upright (\(\dot\theta \approx 0.047\)). The recent policy applies mostly modest positive torque in this region. A small positive torque should counter gravity without causing a large overshoot.","3"
"sol","Pendulum-v1","next-action","20","The pendulum is slightly past upright in the negative-angle direction and has a negative angular velocity, so it is moving farther from upright. The agent will likely apply a moderately positive counterclockwise torque to brake and reverse that motion. Similar nearby states received positive actions around \(0.5\)–\(0.7\); the larger deviation suggests a somewhat stronger action.","3"
"sol","Pendulum-v1","next-action","20","The pendulum is slightly clockwise from upright (\(\theta \approx -0.048\)) and has a small positive angular velocity. In similar nearby states—especially step 22—the agent applied a negative torque to reduce/reverse that positive motion. A moderate negative action near \(-1\) is therefore most likely.","2"
"sol","Pendulum-v1","next-action","20","The pendulum is slightly clockwise from upright (\(\theta \approx -0.046\)) and moving counterclockwise with a small positive angular velocity. The agent has generally applied negative torque in nearby states with positive angular velocity to brake the motion. Comparing especially with steps 22 and 24 suggests a moderate negative action, likely between \(-0.8\) and \(-0.4\).","2"
"sol","Pendulum-v1","next-action","20","The pendulum is slightly clockwise from upright (\(\theta \approx -0.049\)) and moving clockwise (\(\dot\theta=-0.0646\)). The agent generally responds to similar states with a positive counterclockwise torque. Nearby examples, especially steps 19 and 21, suggest a moderate action around \(0.6\)–\(0.7\).","2"
"sol","Pendulum-v1","next-action","20","The pendulum is slightly clockwise from upright (\(\theta \approx -0.049\)) with essentially zero angular velocity. The agent generally applies a modest positive torque in this region to push it counterclockwise toward upright. Nearby states suggest a torque around \(0.3\).","3"
"sol","Pendulum-v1","next-action","20","The pendulum is slightly clockwise from upright (\(\sin\theta<0\)) but is moving counterclockwise with positive angular velocity. In comparable recent states with positive angular velocity, the agent generally applied negative torque to brake the motion. Since \(0.0811\) is relatively large near equilibrium, a moderately strong negative action is likely.","3"
"sol","Pendulum-v1","next-action","20","At state \(s_{29}\), both the angle (\(\theta\approx-0.053\)) and angular velocity (\(-0.159\)) are negative, so the agent will likely apply a positive corrective torque. The closest observed state is Step 23, where a similar angle and velocity led to action \(1.4213\). A slightly stronger correction is plausible here.","2"
"sol","Pendulum-v1","next-action","30","The pendulum is slightly clockwise from upright (\(\theta \approx -0.048\)) and moving counterclockwise with positive angular velocity \(0.0878\). In similar states—especially step 28—the agent applied a strong negative torque to brake that motion. Thus, an action near \(-1.4\) is likely.","2"
"sol","Pendulum-v1","next-action","30","The pendulum is slightly clockwise from upright (\(\theta\approx-0.053\)) and moving farther clockwise (\(\dot\theta=-0.0818\)). The agent generally responds to this local state with positive counterclockwise torque, as seen at similar states in Steps 23, 26, and 29. A moderately strong positive action is therefore likely.","2"
"sol","Pendulum-v1","next-action","30","The pendulum is slightly clockwise from upright (\(\theta\approx-0.048\)) and moving counterclockwise with positive angular velocity \(0.0994\). In similar recent states with positive velocity (steps 28 and 30), the agent applied a moderately strong negative torque to brake the motion. Thus, a negative action near \(-1.1\) is most likely.","2"
"sol","Pendulum-v1","next-action","30","State \(s_{33}\) is very close to \(s_{31}\), especially in angle and angular velocity. At \(s_{31}=[0.9986,-0.0525,-0.0818]\), the agent applied \(+1.4704\). The recent behavior alternates torque direction to damp angular velocity near the upright position, so a similar positive corrective torque is likely.","2"
"sol","Pendulum-v1","next-action","30","Near the upright position, the agent counteracts positive angular velocity with negative torque. Recent comparable states at steps 28, 30, and 32 received actions of \(-1.3752\), \(-0.8885\), and \(-0.9442\). Since \(s_{34}\) has a slightly larger positive angular velocity (\(0.1173\)), a somewhat stronger negative action is likely.","2"
"sol","Pendulum-v1","next-action","30","The pendulum is close to upright (\(\theta \approx -0.04\)) but has positive angular velocity (\(0.1103\)). In similar nearby states—especially steps 28, 30, and 32—the agent applied a moderately strong negative torque to brake this motion and avoid overshooting. Thus, a torque near \(-1\) is most likely.","2"
"sol","Pendulum-v1","next-action","30","The pendulum is slightly clockwise from upright (\(y=-0.0472\)) and moving farther clockwise (\(\dot\theta=-0.1432\)). In similar states—especially steps 23, 29, 31, and 33—the agent applies a strong positive counterclockwise torque. A value near \(+1.7\) is therefore likely.","2"
"sol","Pendulum-v1","next-action","30","State \(s_{37}\) has a small negative angle and positive angular velocity. The agent typically counters this motion with negative torque. The closest observed state is step 28, which produced action \(-1.3752\), so a similar action is likely.","2"
"sol","Pendulum-v1","next-action","30","The agent generally counters substantial negative angular velocity with strong positive torque. At \(s_{38}\), the angular velocity is \(-0.2468\), larger in magnitude than several prior states where the agent selected positive torques around \(1.4\)–\(1.9\). Thus, a near-maximum positive action is likely.","3"
"sol","Pendulum-v1","next-action","30","Near the upright position, the agent generally applies positive torque when the angle is slightly negative, while damping positive angular velocity. At \(s_{39}\), the angle is approximately \(-0.0548\) rad and the angular velocity is only \(0.0116\), so a small positive corrective torque is likely.","3"
"sol","Pendulum-v1","next-state","5","The strong negative torque reverses the small positive angular velocity. Using the Pendulum-v1 dynamics, the next angular velocity is approximately \(-0.1319\), so the angle decreases slightly. Near the upright position at a positive angle, a decreasing angle causes \(\cos(\theta)\) to increase and \(\sin(\theta)\) to decrease.","4"
"sol","Pendulum-v1","next-state","5","The negative torque continues to reduce angular velocity. Using the Pendulum-v1 dynamics, the angular velocity changes from approximately \(-0.1319\) to \(-0.2932\), causing the positive angle to move closer to zero. Therefore, \(\cos(\theta)\) increases while \(\sin(\theta)\) decreases.","2"
"sol","Pendulum-v1","next-state","5","In Pendulum-v1, the negative torque further reduces angular velocity. Using the standard dynamics, angular velocity changes from about \(-0.2931\) to \(-0.4037\). The resulting clockwise motion lowers the positive angle, so \(\sin(\theta)\) decreases while \(\cos(\theta)\) increases as the pendulum moves closer to upright.","2"
"sol","Pendulum-v1","next-state","5","The pendulum has a small positive angle and negative angular velocity, so it is moving clockwise toward the upright position. The negative torque further decreases angular velocity. Using the Pendulum-v1 dynamics,
   \[
   \dot\theta_8 \approx \dot\theta_7+
   \left(15\sin\theta_7+3a_7\right)(0.05),
   \qquad
   \theta_8\approx\theta_7+\dot\theta_8(0.05),
   \]
   gives \(\dot\theta_8\approx-0.5066\) and \(\theta_8\approx0.0769\). Therefore, \(\cos(\theta)\) increases, \(\sin(\theta)\) decreases, and angular velocity becomes more negative.","1"
"sol","Pendulum-v1","next-state","5","The negative torque makes the already-negative angular velocity more negative. Using the Pendulum-v1 update,
   \[
   \dot\theta_9 \approx \dot\theta_8+
   \left(15\sin(\theta_8)+3a_8\right)(0.05)
   \approx -0.7490.
   \]
   Thus, the small positive angle moves closer to zero, so \(\sin(\theta)\) decreases while \(\cos(\theta)\) increases.","1"
"sol","Pendulum-v1","next-state","5","Using the Pendulum-v1 dynamics, the positive torque produces positive angular acceleration. Thus, angular velocity becomes less negative, but remains negative. The pendulum angle therefore continues decreasing toward zero, causing \(\sin(\theta)\) to decrease and \(\cos(\theta)\) to increase.","4"
"sol","Pendulum-v1","next-state","5","Using Pendulum-v1 dynamics with \(dt=0.05\),
   \[
   \dot\theta_{11}\approx \dot\theta_{10}
   +\left(15\sin\theta_{10}+3a_{10}\right)dt.
   \]
   With \(\theta_{10}\approx \operatorname{atan2}(0.0156,0.9999)=0.01560\), the positive torque raises angular velocity from \(-0.4768\) to approximately \(-0.1936\). The angle remains positive but moves closer to zero, so sine decreases and cosine slightly increases. The cosine change is below \(10^{-4}\), so it is classified as unchanged.","1"
"sol","Pendulum-v1","next-state","5","Pendulum-v1 approximately follows
   \[
   \dot\theta_{12}=\dot\theta_{11}
   +0.05\left(15\sin(\theta_{11})+3a_{11}\right),
   \qquad
   \theta_{12}=\theta_{11}+0.05\dot\theta_{12}.
   \]
   From \(s_{11}\), \(\theta_{11}\approx\operatorname{atan2}(0.0059,1)\approx0.0059\). With \(a_{11}=-0.3191\), the angular velocity becomes more negative, moving the pendulum slightly past the upright position. Thus sine decreases through zero, while cosine decreases only by about \(1.8\times10^{-5}\), below the \(10^{-4}\) unchanged threshold.","1"
"sol","Pendulum-v1","next-state","5","Using the Pendulum-v1 dynamics, the positive torque \(1.4111\) strongly increases the angular velocity from \(-0.237\) to approximately \(-0.030\). The pendulum is still rotating slightly in the negative-angle direction during this transition, so \(\theta\) becomes a little more negative. Consequently, \(\sin(\theta)\) decreases, while the change in \(\cos(\theta)\) is below the \(10^{-4}\) threshold.","2"
"sol","Pendulum-v1","next-state","5","Using the Pendulum-v1 dynamics with \(dt=0.05\),
   \[
   \dot\theta_{14}\approx -0.0298+
   0.05\left(15\sin(-0.0074)+3(-1.4401)\right)
   \approx -0.2514.
   \]
   Thus,
   \[
   \theta_{14}\approx -0.0074+0.05(-0.2514)\approx -0.0200.
   \]
   Therefore, \(\cos(\theta)\) moves below 1, \(\sin(\theta)\) becomes more negative, and angular velocity becomes substantially more negative.","1"
"sol","Pendulum-v1","next-state","10","The current angle is \(\theta_9 \approx \operatorname{atan2}(0.0394,0.9992)=0.0394\) rad. Under Pendulum-v1 dynamics, the positive torque \(1.6174\) increases angular velocity from \(-0.7489\) to approximately \(-0.4767\). Since angular velocity remains negative, the angle moves closer to zero. Therefore, \(\sin(\theta)\) decreases, while \(\cos(\theta)\) increases toward 1.","1"
"sol","Pendulum-v1","next-state","10","The inferred Pendulum dynamics use \(dt=0.05\). The positive torque produces positive angular acceleration, raising angular velocity from \(-0.4768\) to approximately \(-0.1936\). The pendulum still moves toward \(\theta=0\), so its sine decreases while its cosine increases slightly. Using the underlying trigonometric values rather than the four-decimal display, the cosine increase is about \(1.04\times10^{-4}\), just above the unchanged threshold.","1"
"sol","Pendulum-v1","next-state","10","In Pendulum-v1, the negative torque further decreases the angular velocity. With the updated angular velocity remaining negative, the angle moves from slightly positive to slightly negative. Thus, the sine component decreases and crosses zero. The cosine remains extremely close to 1; its estimated change is below \(10^{-4}\), so it is classified as unchanged.","4"
"sol","Pendulum-v1","next-state","10","Gym’s Pendulum dynamics use approximately
   \[
   \dot\theta_{13}=\dot\theta_{12}+0.05\left(15\sin\theta_{12}+3a_{12}\right),
   \qquad
   \theta_{13}=\theta_{12}+0.05\dot\theta_{13}.
   \]
   With \(\theta_{12}\approx-0.0059\), \(\dot\theta_{12}=-0.237\), and \(a_{12}=1.4111\), the positive torque raises the angular velocity to about \(-0.0298\). The angle therefore becomes slightly more negative, making sine decrease. Cosine decreases by only about \(10^{-5}\), below the \(10^{-4}\) unchanged threshold.","1"
"sol","Pendulum-v1","next-state","10","Using the Pendulum-v1 dynamics with \(dt=0.05\), the negative torque \(-1.4401\) produces a strongly negative angular acceleration. Thus angular velocity becomes more negative, the angle moves farther below zero, \(\sin(\theta)\) decreases, and \(\cos(\theta)\) decreases as the pendulum moves away from upright.","4"
"sol","Pendulum-v1","next-state","10","Using the Pendulum-v1 dynamics, the positive torque \(1.7093\) strongly increases angular velocity from \(-0.2514\) to approximately \(-0.0100\). The pendulum therefore continues moving slightly in the negative-angle direction during this transition. Consequently, \(\sin(\theta)\) decreases, while \(\cos(\theta)\) decreases by less than \(10^{-4}\) and is classified as unchanged.","2"
"sol","Pendulum-v1","next-state","10","","4"
"sol","Pendulum-v1","next-state","10","In Pendulum-v1, the positive torque \(0.544\) counteracts the current negative angular velocity. Thus, the angular velocity becomes less negative, but remains negative for the next transition. The angle therefore continues moving slightly clockwise: its sine decreases, while its cosine decreases as the angle moves farther from zero.","4"
"sol","Pendulum-v1","next-state","10","The current angle is \(\theta_{17}=\operatorname{atan2}(-0.0343,0.9994)\approx-0.03431\). Under Pendulum-v1 dynamics, the small positive torque \(0.025\) is insufficient to overcome the negative gravitational acceleration at this angle. Thus, angular velocity becomes more negative, and the angle moves farther in the negative direction:
   \[
   \dot\theta_{18}\approx-0.1299,\qquad \theta_{18}\approx-0.0408.
   \]
   Consequently, both \(\cos(\theta)\) and \(\sin(\theta)\) decrease.","1"
"sol","Pendulum-v1","next-state","10","The positive torque produces a positive angular acceleration, raising angular velocity from \(-0.1298\) to approximately \(-0.0541\). However, the velocity remains negative during this transition, so the angle becomes slightly more negative. Consequently, \(\sin(\theta)\) decreases, while \(\cos(\theta)\) also decreases slightly as the pendulum moves farther from the upright angle.","2"
"sol","Pendulum-v1","next-state","20","Using the Pendulum-v1 dynamics with \(dt=0.05\),
   \[
   \dot\theta_{20}\approx \dot\theta_{19}
   +0.05\left(15\sin\theta_{19}+3a_{19}\right).
   \]
   Here \(\sin\theta_{19}\approx-0.0435\), \(\dot\theta_{19}=-0.0541\), and \(a_{19}=0.5939\), giving \(\dot\theta_{20}\approx0.0024\). Thus the angle moves slightly back toward zero. Consequently, \(y=\sin\theta\) increases, while \(x=\cos\theta\) increases by only about \(5\times10^{-6}\), below the \(10^{-4}\) unchanged threshold.","1"
"sol","Pendulum-v1","next-state","20","The current angle is approximately
   \[
   \theta_{20}=\operatorname{atan2}(-0.0433,0.9991)\approx-0.04331.
   \]
   Using the Pendulum-v1 dynamics, the positive torque \(0.0888\) is not large enough to overcome the negative gravitational acceleration at this angle. Thus, angular velocity changes from slightly positive to negative, and the angle becomes slightly more negative. Consequently, sine decreases, while cosine decreases by less than \(10^{-4}\) and is classified as unchanged.","1"
"sol","Pendulum-v1","next-state","20","In Pendulum-v1, positive torque increases angular velocity. At \(s_{21}\), the pendulum has a small negative angle and angular velocity. The positive action \(0.6435\) overcomes the small negative gravitational acceleration, making angular velocity positive. The angle consequently moves toward zero, so \(\sin(\theta)\) increases and \(\cos(\theta)\) also increases slightly.","2"
"sol","Pendulum-v1","next-state","20","The action is a negative torque, which produces a strong negative angular acceleration. Using the Pendulum-v1 dynamics, the angular velocity changes from slightly positive to approximately \(-0.148\). The resulting negative angular velocity moves the angle farther into the negative direction. Therefore, \(\sin(\theta)\) decreases, while \(\cos(\theta)\) also decreases slightly as the pendulum moves farther from the upright position.","4"
"sol","Pendulum-v1","next-state","20","The positive torque \(1.4213\) opposes the current negative angular velocity. Using the observed Pendulum-v1 dynamics, it increases angular velocity from \(-0.1478\) to slightly positive. The resulting small positive angular displacement moves \(\theta\) toward zero, so \(\sin(\theta)\) increases while \(\cos(\theta)\) increases only by about \(5.8\times10^{-5}\), below the \(10^{-4}\) unchanged threshold.","1"
"sol","Pendulum-v1","next-state","20","The angle is slightly negative, \(\theta \approx \operatorname{atan2}(-0.0478,0.9989)\approx-0.0478\), while angular velocity is slightly positive. The positive torque \(0.3345\) overcomes the negative gravitational acceleration, increasing angular velocity to approximately \(0.0428\). The pendulum therefore moves closer to the upright angle \(0\): \(\sin(\theta)\) becomes less negative and \(\cos(\theta)\) increases slightly.","1"
"sol","Pendulum-v1","next-state","20","Using the Pendulum-v1 dynamics with \(dt=0.05\),
   \[
   \dot\theta_{26}\approx \dot\theta_{25}
   +\left(15\sin(\theta_{25})+3a_{25}\right)dt.
   \]
   Since \(\sin(\theta_{25})=-0.0457\), \(\dot\theta_{25}=0.0428\), and \(a_{25}=-0.4878\),
   \[
   \dot\theta_{26}\approx 0.0428+
   [15(-0.0457)+3(-0.4878)](0.05)
   \approx -0.0646.
   \]
   The resulting negative angular velocity moves the angle farther into the negative direction, so \(\sin(\theta)\) decreases and \(\cos(\theta)\) decreases slightly.","1"
"sol","Pendulum-v1","next-state","20","The recent transitions match the standard Pendulum-v1 update. At step 26, the positive torque nearly cancels the gravitational acceleration:
   \[
   \dot\theta_{27}\approx -0.0646+0.05\left(15(-0.0489)+3(0.6751)\right)\approx-0.00001.
   \]
   Thus, angular velocity increases sharply toward zero. The resulting angular displacement is only about \(-5\times10^{-7}\) radians, so both trigonometric coordinates change by less than \(10^{-4}\).","1"
"sol","Pendulum-v1","next-state","20","At step 27 the pendulum angle is slightly negative, since \(\sin(\theta)=-0.048879\), while its angular velocity is nearly zero. The positive torque \(0.7845\) overcomes the negative gravitational acceleration, producing a positive angular velocity of about \(0.0810\). Thus, the angle moves toward zero. Consequently, both \(\cos(\theta)\) and \(\sin(\theta)\) increase, as does angular velocity.","2"
"sol","Pendulum-v1","next-state","20","The Pendulum dynamics use approximately
   \[
   \dot\theta_{29}=\dot\theta_{28}
   +\left(15\sin\theta_{28}+3a_{28}\right)(0.05).
   \]
   Here, \(\theta_{28}\approx\operatorname{atan2}(-0.0448,0.999)=-0.04481\). The strong negative torque decreases the angular velocity from \(0.0811\) to approximately \(-0.1588\). Updating the angle using this new velocity gives \(\theta_{29}\approx-0.05275\), so both \(\cos\theta\) and \(\sin\theta\) decrease.","1"
"sol","Pendulum-v1","next-state","30","Pendulum-v1 updates angular velocity approximately as  
   \[
   \dot\theta_{30}=\dot\theta_{29}+\left(15\sin(\theta_{29})+3a_{29}\right)(0.05).
   \]
   With \(\sin(\theta_{29})=-0.0528\), \(\dot\theta_{29}=-0.1588\), and \(a_{29}=1.9078\), the positive torque overcomes the gravitational term, making the angular velocity positive. The updated angle becomes less negative, so its sine increases and its cosine also increases toward 1.","1"
"sol","Pendulum-v1","next-state","30","The negative torque causes angular acceleration in the negative direction. Using the Pendulum-v1 dynamics, the angular velocity changes from \(0.0878\) to approximately \(-0.0818\). The resulting negative angular velocity makes the angle more negative, so \(\sin(\theta)\) decreases. As the pendulum moves slightly farther from the upright position, \(\cos(\theta)\) also decreases by more than \(10^{-4}\).","2"
"sol","Pendulum-v1","next-state","30","Pendulum-v1 updates angular velocity first and then angle:
   \[
   \dot\theta_{32}\approx \dot\theta_{31}
   +\left(15\sin\theta_{31}+3a_{31}\right)(0.05).
   \]
   With \(\sin\theta_{31}\approx-0.0525\), \(\dot\theta_{31}=-0.0818\), and \(a_{31}=1.4704\), the positive torque changes the angular velocity to approximately \(0.0994\). The resulting angle becomes less negative, so sine increases toward zero and cosine also increases toward one.","1"
"sol","Pendulum-v1","next-state","30","The observed transitions match the standard Pendulum-v1 dynamics:
   \[
   \dot\theta_{33}\approx \dot\theta_{32}
   +\left(15\sin\theta_{32}+3a_{32}\right)(0.05).
   \]
   With \(\sin\theta_{32}=-0.0475\), \(\dot\theta_{32}=0.0994\), and \(a_{32}=-0.9442\), the negative torque changes the angular velocity to approximately \(-0.0779\). The resulting angle becomes more negative, so its sine decreases while its cosine decreases slightly as the pendulum moves farther from zero angle.","1"
"sol","Pendulum-v1","next-state","30","The Pendulum transition approximately follows
   \[
   \dot\theta_{34}=\dot\theta_{33}
   +\left(15\sin(\theta_{33})+3a_{33}\right)(0.05),
   \qquad
   \theta_{34}=\theta_{33}+\dot\theta_{34}(0.05).
   \]
   From \(s_{33}\), \(\theta_{33}\approx\operatorname{atan2}(-0.0514,0.9987)=-0.05142\). The positive torque \(1.5583\) raises angular velocity from \(-0.0779\) to approximately \(0.1173\), moving the angle toward zero. Therefore, both \(\cos(\theta)\) and \(\sin(\theta)\) increase.","1"
"sol","Pendulum-v1","next-state","30","Using the Pendulum-v1 dynamics, the angular-velocity update is approximately
   \[
   \Delta\dot\theta
   =0.05\left(15\sin\theta+3u\right).
   \]
   At step 34, \(\sin\theta=-0.0455\) and \(u=0.1805\), giving \(\Delta\dot\theta\approx-0.0071\). Thus angular velocity decreases to about \(0.1102\), while remaining positive. The angle therefore moves toward zero, making \(\sin\theta\) less negative and \(\cos\theta\) closer to one.","1"
"sol","Pendulum-v1","next-state","30","Using the Pendulum-v1 dynamics with \(dt=0.05\),
   \[
   \dot\theta_{36}\approx \dot\theta_{35}
   +\left(15\sin(\theta_{35})+3a_{35}\right)dt.
   \]
   Here \(\theta_{35}\approx \operatorname{atan2}(-0.04,0.9992)\approx-0.0400\). The negative torque sharply reduces angular velocity from \(0.1103\) to approximately \(-0.1432\). The resulting angle becomes more negative, so both \(\cos(\theta)\) and \(\sin(\theta)\) decrease.","1"
"sol","Pendulum-v1","next-state","30","Pendulum-v1 updates angular velocity and then angle:
   \[
   \dot\theta_{37}\approx \dot\theta_{36}+
   \left(15\sin\theta_{36}+3a_{36}\right)(0.05).
   \]
   Here, \(\theta_{36}\approx\operatorname{atan2}(-0.0472,0.9989)=-0.04722\). The positive torque \(1.7351\) overcomes the small negative gravitational term, changing angular velocity from \(-0.1432\) to approximately \(0.0817\). The resulting angle becomes less negative, so both its sine and cosine increase.","1"
"sol","Pendulum-v1","next-state","30","From \(s_{37}\), the angle is approximately
   \[
   \theta_{37}=\operatorname{atan2}(-0.0431,0.9991)\approx-0.04311.
   \]
   The large negative torque produces negative angular acceleration, changing angular velocity from \(0.0816\) to approximately \(-0.2469\). The resulting angle becomes more negative, so \(\sin(\theta)\) decreases. Since the pendulum moves slightly farther from zero angle, \(\cos(\theta)\) also decreases.","1"
"sol","Pendulum-v1","next-state","30","Using the standard Pendulum-v1 dynamics with \(dt=0.05\), the maximum positive torque counteracts the current negative angular velocity. The angular velocity therefore changes from \(-0.2468\) to approximately \(+0.0117\). The updated angle moves slightly toward zero, so \(\sin(\theta)\) increases, while the change in \(\cos(\theta)\) is below the \(10^{-4}\) threshold.","2"
"terra","MountainCar-v0","last-action","5","From \(s_5\), the velocity changes from \(0.0039\) to \(0.0046\), an increase of about \(0.0007\). At position \(-0.4858\), the gravity term slightly reduces velocity, so accelerating right (action 2) adds enough force to produce this observed increase. This is also consistent with all prior actions being 2.","1"
"terra","MountainCar-v0","last-action","5","Using the velocity transition, the observed velocity increases from \(0.0046\) to approximately \(0.0053\), an increase of about \(0.0007\). At position \(-0.4811\), gravity opposes rightward motion by roughly \(0.0003\). Applying action 2 adds \(+0.001\) acceleration, yielding a net increase near \(+0.0007\), consistent with the observed next velocity.","1"
"terra","MountainCar-v0","last-action","5","From \(s_7\), the velocity changes from \(0.0053\) to approximately \(0.0060\), an increase of about \(0.0007\). At position \(-0.4758\), gravity contributes a small negative term. Accelerating right (action 2) adds \(+0.001\), producing the observed positive velocity increase. This is also consistent with the preceding actions, which were all action 2.","1"
"terra","MountainCar-v0","last-action","5","From s8, the velocity changes from approximately 0.0060 to 0.0065. Near position -0.4699, gravity slightly reduces velocity, so maintaining/increasing velocity requires accelerating right. Action 2 adds positive force (+0.001), yielding the observed velocity increase and position transition.","2"
"terra","MountainCar-v0","last-action","5","From \(s9\), the velocity changes from \(0.0065\) to \(0.0061\). At position \(-0.4633\), the gravity term reduces velocity by approximately \(0.00045\). With no acceleration, this gives approximately \(0.0065 - 0.00045 = 0.00605\), matching the observed next velocity \(0.0061\). Therefore the agent selected the no-acceleration action.","1"
"terra","MountainCar-v0","last-action","5","At \(s_{10}\), position is \(-0.4572\) and velocity is \(0.0061\). The next velocity is \(0.0056\), so the velocity change is approximately:
   \[
   0.0056 - 0.0061 = -0.0005.
   \]
   At this position, the gravity term \(-\cos(3x)\cdot 0.0025\) is approximately \(-0.0005\). This matches the transition expected when there is no additional acceleration, i.e., action 1.","1"
"terra","MountainCar-v0","last-action","5","Using the velocity transition:
   \[
   v_{12} = v_{11} + (a_{11}-1)\cdot 0.001 - \cos(3p_{11})\cdot 0.0025
   \]
   At \(p_{11}=-0.4516\), the gravity contribution is approximately \(\cos(-1.3548)\cdot0.0025 \approx 0.00054\).  
   With no acceleration (\(a_{11}=1\)):
   \[
   v_{12} \approx 0.0056 - 0.00054 = 0.00506 \approx 0.0051,
   \]
   which matches the observed next velocity. The position also matches: \(-0.4516 + 0.0051 \approx -0.4466\).","1"
"terra","MountainCar-v0","last-action","5","The velocity change is \(0.0035 - 0.0051 = -0.0016\). At position \(-0.4466\), gravity contributes approximately \(-0.0025\cos(3 \cdot -0.4466) \approx -0.00057\). The remaining decrease is approximately \(-0.001\), which corresponds to action 0 (accelerate left).","1"
"terra","MountainCar-v0","last-action","5","Using the velocity update:
   \[
   v_{14}=v_{13}+(a_{13}-1)\cdot0.001-\cos(3p_{13})\cdot0.0025
   \]
   At \(p_{13}=-0.4431\), \(\cos(3p_{13})=\cos(-1.3293)\approx 0.239\), so the gravity contribution is approximately \(-0.0006\).

   With \(v_{13}=0.0035\), action 0 gives:
   \[
   0.0035 + (0-1)\cdot0.001 - 0.0006
   = 0.0019
   \]
   This matches the observed next velocity in \(s_{14}\).","1"
"terra","MountainCar-v0","last-action","5","Using the velocity transition:
   \[
   v_{15}=v_{14}+(a_{14}-1)\cdot 0.001-\cos(3p_{14})\cdot0.0025
   \]
   At \(p_{14}=-0.4412\), the gravity contribution is approximately \(-0.00061\). With \(v_{14}=0.0019\), taking no acceleration would give a velocity near \(0.00129\). The observed next velocity is approximately \(0.0002866\), about \(0.001\) lower, which corresponds to accelerating left.","1"
"terra","MountainCar-v0","last-action","10","From \(s_{10}\), the velocity changes from \(0.0061\) to \(0.0056\), a decrease of about \(0.0005\). At position \(-0.4572\), the gravity term accounts for approximately this decrease. No additional left or right acceleration is indicated, so the agent must have selected the neutral action.","1"
"terra","MountainCar-v0","last-action","10","Using the velocity transition:
   \[
   v_{t+1} = v_t + (a-1)\cdot 0.001 - \cos(3p_t)\cdot 0.0025
   \]
   At \(s_{11}\), \(p=-0.4516\) and \(v=0.0056\). The observed next velocity is \(0.0051\), a decrease of about \(0.0005\). At this position, the gravity term produces approximately this decrease when no acceleration is applied. Therefore, the action was “do not accelerate.”","1"
"terra","MountainCar-v0","last-action","10","From \(s_{12}\), the velocity changes from \(0.0051\) to \(0.0035\), a decrease of approximately \(0.0016\). At position \(-0.4466\), the gravity term also decreases velocity. Choosing action 0 (accelerate left) adds an additional negative acceleration, matching the observed velocity decrease.","1"
"terra","MountainCar-v0","last-action","10","From \(s_{13}\), the velocity changes from \(0.0035\) to \(0.0019\), a change of approximately \(-0.0016\). At position \(-0.4431\), the gravity component contributes roughly \(-0.0006\) to velocity. The remaining approximately \(-0.0010\) corresponds to applying left acceleration, i.e. action 0.","1"
"terra","MountainCar-v0","last-action","10","From \(s_{14}\), the velocity changes from \(0.0019\) to approximately \(0.0002866\), a decrease of about \(0.00161\). At position \(-0.4412\), gravity contributes a negative velocity change of roughly \(-0.00061\). The remaining decrease is approximately \(-0.001\), corresponding to applying left acceleration, i.e. action \(0\).","1"
"terra","MountainCar-v0","last-action","10","From \(s_{15}\), the velocity is approximately \(0.0002866\). At position \(-0.44088\), the gravity term is negative:
   \[
   -\cos(3 \cdot -0.44088)\cdot 0.0025 \approx -0.00061.
   \]
   To obtain the next velocity of approximately \(-0.0013\), the agent must also apply the left acceleration contribution of \(-0.001\):
   \[
   0.0002866 - 0.001 - 0.00061 \approx -0.00132.
   \]
   This matches the observed velocity in \(s_{16}\). Therefore the action was acceleration to the left.","1"
"terra","MountainCar-v0","last-action","10","From \(s_{16}\), the velocity changes from \(-0.0013\) to \(-0.0029\), a decrease of about \(-0.0016\). At position \(-0.4422\), gravity contributes a negative velocity change, and action 0 adds an additional leftward acceleration of \(-0.001\). This matches the observed transition.","1"
"terra","MountainCar-v0","last-action","10","From \(s_{17} = [-0.4451, -0.0029]\) to \(s_{18} = [-0.4497, -0.0045]\), the velocity decreases by about \(-0.0016\). At this position, gravity contributes a negative velocity change, and choosing action 0 adds an additional leftward acceleration of \(-0.001\). This is consistent with the observed next velocity of approximately \(-0.0045\).","1"
"terra","MountainCar-v0","last-action","10","From \(s18\), the velocity changes from \(-0.0045\) to \(-0.0061\), a decrease of about \(-0.0016\). At position \(-0.4497\), gravity contributes a negative velocity change, and applying left acceleration adds an additional \(-0.001\). This matches the observed decrease most closely.","1"
"terra","MountainCar-v0","last-action","10","From \(s_{19}\), the velocity changes from \(-0.0061\) to \(-0.0076\), a decrease of about \(-0.0015\). At position \(-0.4557\), the gravity term contributes roughly \(-0.0005\). Action 0 contributes an additional \(-0.001\) acceleration, yielding a total expected velocity change near \(-0.0015\). This matches the observed transition.","1"
"terra","MountainCar-v0","last-action","20","Using the velocity transition:
   \[
   v_{t+1}=v_t+(a-1)\cdot0.001-\cos(3p_t)\cdot0.0025
   \]
   At \(s_{20}\), \(p_t=-0.4633\) and \(v_t=-0.0076\). The gravity term is approximately:
   \[
   \cos(3\cdot -0.4633)\cdot0.0025 \approx 0.00045
   \]
   With action 0 (accelerate left), the velocity becomes approximately:
   \[
   -0.0076 - 0.001 - 0.00045 = -0.00905
   \]
   which matches the observed next velocity of \(-0.009\) after rounding.","1"
"terra","MountainCar-v0","last-action","20","From \(s_{21}\), the velocity changes from \(-0.0090\) to \(-0.0104\), a decrease of about \(-0.0014\). At position \(-0.4723\), gravity contributes a small negative velocity change. Applying action 0 (accelerate left) adds an additional \(-0.001\), matching the observed decrease in velocity.","1"
"terra","MountainCar-v0","last-action","20","From \(s_{22}\), the velocity changes from \(-0.0104\) to \(-0.0117\), a decrease of approximately \(-0.0013\). At position \(-0.4827\), the gravity term contributes roughly \(-0.0003\). Action 0 adds an additional \(-0.001\) acceleration, giving a total change near \(-0.0013\), matching the observed transition.","1"
"terra","MountainCar-v0","last-action","20","From \(s_{23}\), the velocity is \(-0.0117\). The observed next velocity is approximately \(-0.0129\), a decrease of about \(-0.0012\). At position \(-0.4944\), gravity contributes a small negative velocity change (about \(-0.0002\)). Choosing action 0 adds an additional \(-0.001\) acceleration, giving a next velocity near \(-0.0129\).","1"
"terra","MountainCar-v0","last-action","20","At \(s_{24}\), the velocity is \(-0.0129\). The next velocity is approximately \(-0.0140\), a decrease of about \(-0.0011\). At position \(-0.5073\), gravity contributes a small negative velocity change, and action 0 adds an additional \(-0.001\) acceleration to the left. This matches the observed velocity decrease.","1"
"terra","MountainCar-v0","last-action","20","From \(s_{25}\), the velocity changes according to  
   \[
   v_{26} = v_{25} + (a_{25}-1)\cdot 0.001 - \cos(3p_{25})\cdot 0.0025.
   \]
   At position \(p_{25}=-0.5214\), \(\cos(3p_{25})\) is close to zero, so gravity contributes only a very small negative amount. The velocity changes from approximately \(-0.0140\) to \(-0.0151\), a decrease of about \(0.0011\). This matches action 0, which applies left acceleration and decreases velocity by roughly \(0.001\), plus the small gravitational effect.","1"
"terra","MountainCar-v0","last-action","20","From \(s_{26}\), the velocity changes from \(-0.0151\) to \(-0.0160\), a decrease of approximately \(-0.0009\). At position \(-0.5365\), gravity provides only a small positive velocity contribution, so the observed negative change is consistent with applying left acceleration, action \(0\), which contributes \(-0.001\).","1"
"terra","MountainCar-v0","last-action","20","From \(s_{27}\), the velocity changes from \(-0.0160\) to \(-0.0168\), a decrease of about \(-0.0008\). At position \(-0.5524\), gravity contributes slightly to the right, so an action accelerating left is needed to produce the observed decrease in velocity. Action 0 applies a \(-0.001\) acceleration term, consistent with the transition.","1"
"terra","MountainCar-v0","last-action","20","From \(s_{28}\), the velocity decreases from approximately \(-0.0168\) to \(-0.0174\). At position \(-0.5692\), gravity contributes a small positive amount to velocity, so to obtain an overall decrease the agent must apply left acceleration. This corresponds to action 0.","2"
"terra","MountainCar-v0","last-action","20","From \(s_{29}\), the velocity changes from \(-0.0174\) to \(-0.0179\), a decrease of about \(-0.0005\). At position \(-0.5866\), gravity contributes a small positive amount to velocity, so an acceleration to the left (\(a=0\), contributing \(-0.001\)) is needed to produce the observed net decrease.","1"
"terra","MountainCar-v0","last-action","30","The velocity changes from \(-0.0179\) to \(-0.0183\), a change of approximately \(-0.0004\). At position \(-0.6045\), the gravity component acts slightly to the right (positive velocity contribution), so the observed net decrease in velocity requires applying left acceleration, action 0.","1"
"terra","MountainCar-v0","last-action","30","At \(s_{31}\), position is \(-0.6229\) and velocity is \(-0.0183\). The next velocity is approximately \(-0.0186\), so the velocity decreased slightly. At this position, the gravity component pushes the car rightward slightly, so to obtain a further leftward/decreasing velocity, the agent must apply left acceleration (action 0).","2"
"terra","MountainCar-v0","last-action","30","From \(s_{32}\), the velocity changes from \(-0.0186\) to \(-0.0187\), a small further decrease. At position \(-0.6415\), the slope/gravity contribution slightly increases velocity to the right, so to obtain the observed small decrease in velocity the agent must apply left acceleration. This corresponds to action 0.","2"
"terra","MountainCar-v0","last-action","30","At \(s_{33}\), the car is moving left with velocity \(-0.0187\). Around position \(-0.6602\), gravity contributes a small rightward acceleration, but action 0 supplies leftward acceleration that nearly offsets it. This produces a next velocity close to \(-0.0187\), consistent with \(s_{34}\). Actions 1 or 2 would make the velocity noticeably less negative.","2"
"terra","MountainCar-v0","last-action","30","From \(s_{34}\), the car is moving left with velocity \(-0.0187\). At position \(-0.679\), gravity contributes a small rightward acceleration, but the next velocity remains approximately \(-0.0186\). Applying action 0 (accelerate left) gives a velocity consistent with this transition; actions 1 or 2 would produce a substantially less negative velocity.","2"
"terra","MountainCar-v0","last-action","30","From \(s_{35}\), the velocity changes from \(-0.0186\) to \(-0.0184\), an increase of about \(+0.0002\). At position \(-0.6976\), the slope/gravity term contributes a positive velocity change (the car is moving down the left side). Applying action 0 adds a leftward acceleration of \(-0.001\), which offsets much of that gravitational increase and is consistent with the observed small net velocity increase. This also continues the agent's preceding sequence of left accelerations.","1"
"terra","MountainCar-v0","last-action","30","From \(s_{36}\), the velocity changes from \(-0.0184\) to \(-0.0180\), an increase of about \(+0.0004\). At position \(-0.716\), the slope/gravity contribution pushes the car leftward/downhill enough to increase its velocity slightly even while accelerating left. This behavior is consistent with action 0, which applies left acceleration.","1"
"terra","MountainCar-v0","last-action","30","From \(s_{37} = [-0.734, -0.018]\) to \(s_{38} = [-0.7515, -0.0175]\), velocity increases by approximately \(+0.0005\). At this position, the gravity term contributes a positive velocity change (pushing the car left/downhill). Choosing action 0 adds \(-0.001\) acceleration, which matches the observed small net increase in velocity.","1"
"terra","MountainCar-v0","last-action","30","At \(s_{38}\), the car has negative velocity and continues moving left. Using the dynamics, action 0 adds a leftward acceleration of \(-0.001\). Combined with the slope/gravity term at position \(-0.7515\), this gives a next velocity close to \(-0.0170\), matching \(s_{39}\).","2"
"terra","MountainCar-v0","last-action","30","Using the velocity transition:
   \[
   v_{40} = v_{39} + (a_{39}-1)\cdot0.001 - \cos(3p_{39})\cdot0.0025
   \]
   At \(p_{39}=-0.7685\), \(\cos(3p_{39})=\cos(-2.3055)\) is negative, so the gravity term contributes a positive amount of roughly \(+0.0017\). Starting from \(v_{39}=-0.0170\), action 0 adds \(-0.001\), yielding approximately:
   \[
   -0.0170 - 0.001 + 0.0017 \approx -0.0163,
   \]
   which matches the observed next velocity in \(s_{40}\).","1"
"terra","MountainCar-v0","last-state","5","Under action `[2]` (accelerate right), the velocity continues to increase by roughly `0.0007` in this region. The next position is the prior position plus the updated velocity. Since `s6 = [-0.4811, 0.0046]`, the preceding position is approximately `-0.4811 - 0.0046 = -0.4857`, and the preceding velocity is approximately `0.0046 - 0.0007 = 0.0039`. Both position and velocity increased from `s5` to `s6`.","1"
"terra","MountainCar-v0","last-state","5","With action `2` (accelerate right), the velocity continues increasing while the car is on this part of the valley. The position update uses the new velocity, so  
   \[
   p_7 = p_6 + v_7.
   \]
   Therefore, \(p_6 \approx -0.4758 - 0.0053 = -0.4811\).  
   Reversing the velocity dynamics gives \(v_6 \approx 0.0046\). Both the position and velocity increase by more than \(10^{-4}\).","1"
"terra","MountainCar-v0","last-state","5","With action `[2]` (accelerate right), the velocity continues increasing in the observed sequence. Position advances by approximately the new velocity. Since `s8 = [-0.4699, 0.0060]`, the preceding position and velocity at `s7` should both be smaller. Using the transition pattern, `s7` is approximately `[-0.4758, 0.0053]`.","2"
"terra","MountainCar-v0","last-state","5","With action `[2]` (accelerate right), the velocity continues increasing in the observed sequence. The position update follows `position_next = position + velocity_next`, so using s9 position `-0.4633` and velocity `0.0065`, the prior position is approximately `-0.4698`. Using the velocity dynamics gives a prior velocity of approximately `0.0059`. Both values therefore increased to reach s9.","1"
"terra","MountainCar-v0","last-state","5","From step 8, the car is moving right with positive velocity. Applying action `[2]` at step 8 would produce an estimated s9 near `[-0.4633, 0.0066]`. At s9, action `[1]` applies no engine acceleration; gravity on this part of the right slope slightly reduces the positive velocity. Thus, position continues increasing to `-0.4572`, while velocity decreases slightly to `0.0061`.","2"
"terra","MountainCar-v0","last-state","5","With action `a10 = [1]` (no acceleration), gravity reduces the positive velocity while the car is still moving right. Thus, from `s10` to `s11`, position increases by approximately the next velocity (`+0.0056`), while velocity decreases slightly due to the slope/gravity term. Working backward from `s11 = [-0.4516, 0.0056]` gives an estimated `s10` of approximately `[-0.4572, 0.0061]`.","1"
"terra","MountainCar-v0","last-state","5","With action `[1]` (no acceleration), the velocity decreases slightly due to gravity at this position. The next position is the previous position plus the new velocity. Since \(s12\) has position `-0.4466` and velocity `0.0051`, the preceding position is approximately `-0.4517`. The prior velocity must have been slightly higher than `0.0051`, approximately `0.0056`, before gravity reduced it.","1"
"terra","MountainCar-v0","last-state","5","At step 12, action `[0]` applies left acceleration, reducing the velocity. However, the car still has positive velocity, so its position continues moving rightward. Using the transition relation \(p_{13} = p_{12} + v_{13}\), the prior position is approximately \(-0.4431 - 0.0035 = -0.4466\). The prior velocity is approximately \(0.0051\), which decreases to \(0.0035\) after the left acceleration and gravity effect.","1"
"terra","MountainCar-v0","last-state","5","At step 13, action `[0]` applies left acceleration, reducing the car’s positive velocity while it is still moving rightward. Thus, the position continues to increase from s13 to s14, but velocity decreases. Using the transition dynamics and the prior step pattern, s13 is approximately `[-0.4431, 0.0035]`.","2"
"terra","MountainCar-v0","last-state","5","With action `a14 = [0]` (accelerate left), the velocity decreases because of the left acceleration and gravity term. The next position is the previous position plus the new velocity. Since `s15` has a small positive velocity (`0.00028657`), the position still increases slightly from `s14` to `s15`, while velocity decreases substantially from its prior positive value.","2"
"terra","MountainCar-v0","last-state","10","With action `a10 = [1]` (no acceleration), the car’s velocity changes only due to gravity:
   \[
   v_{11} = v_{10} - 0.0025\cos(3p_{10})
   \]
   Since \(p_{11} = p_{10} + v_{11}\), use the observed \(p_{11}=-0.4516\) and \(v_{11}=0.0056\):
   \[
   p_{10} \approx -0.4516 - 0.0056 = -0.4572
   \]
   At this position, the gravity term reduces velocity by roughly `0.0005`, so:
   \[
   v_{10} \approx 0.0061
   \]
   Thus, position increased to reach `s11`, while velocity decreased.","1"
"terra","MountainCar-v0","last-state","10","With action `a11 = [1]` (no acceleration), the velocity decreases slightly due to gravity at this position. Since the next position is `position_t + velocity_{t+1}`, the previous position is approximately `-0.4466 - 0.0051 = -0.4517`. The prior velocity was slightly larger than `0.0051`, approximately `0.0056`, before gravity reduced it.","1"
"terra","MountainCar-v0","last-state","10","From step 11, the car is moving right with positive velocity. With action `[1]` (no acceleration), gravity reduces the rightward velocity slightly, giving an estimated \(s_{12}\) near `[-0.4465, 0.0051]`. At step 12, action `[0]` accelerates left, reducing velocity from about `0.0051` to `0.0035`. The velocity remains positive, so the position still increases from about `-0.4465` to `-0.4431`.","1"
"terra","MountainCar-v0","last-state","10","From the dynamics, the next position is approximately the previous position plus the new velocity. Since \(s14 = [-0.4412, 0.0019]\), the prior position is approximately \(-0.4412 - 0.0019 = -0.4431\). With action `[0]` (accelerate left), velocity decreases due to the leftward force and gravity term. This is consistent with the prior trend after step 12, where the agent switched to action `[0]`.","1"
"terra","MountainCar-v0","last-state","10","With action `0` (accelerate left), the velocity decreases due to the left force plus the gravity term. Since `s15` has a small positive velocity (`0.00028657`), `s14` must have had a higher positive velocity. Position updates as `position_next = position_current + velocity_next`, so the prior position was slightly lower than the position in `s15`.","1"
"terra","MountainCar-v0","last-state","10","From step 14, action `[0]` (accelerate left) is applied at state `[-0.4412, 0.0019]`. This reduces the velocity because of the left acceleration and gravity term, producing a small positive velocity at `s15`. The position therefore moves slightly right to approximately `-0.4409`. Then action `[0]` at `s15` makes velocity negative, leading to `s16 = [-0.4422, -0.0013]`. Both position and velocity decrease from `s15` to `s16`.","1"
"terra","MountainCar-v0","last-state","10","At step 15, the car has nearly zero positive velocity and action `[0]` (accelerate left) is applied. This makes the velocity negative at step 16. Applying action `[0]` again at step 16 further decreases the velocity, producing the observed negative velocity in `s17`. Since the position update is `position_next = position + velocity_next`, the negative `s17` velocity means the position also decreases from `s16` to `s17`.

   Using the transition dynamics and the observed `s17 ≈ [-0.4451, -0.0029]`, the preceding state is approximately:
   \[
   s16 \approx [-0.4422,\ -0.00133].
   \]","1"
"terra","MountainCar-v0","last-state","10","With action `a17 = [0]` (accelerate left), the velocity becomes more negative due to the left force and gravity component. Since the resulting velocity at `s18` is negative, the position also moves left (decreases). From the preceding pattern, `s17` is approximately `[-0.4451, -0.0029]`, transitioning to `s18 = [-0.4497, -0.0045]`.","2"
"terra","MountainCar-v0","last-state","10","At step 17 the car is moving left with negative velocity, and action `[0]` continues accelerating left. Thus at step 18 the position and velocity should both be more negative than at step 17. Applying action `[0]` again at step 18 leads to `s19 = [-0.4557, -0.0061]`, so both state components decreased from `s18` to `s19`.","2"
"terra","MountainCar-v0","last-state","10","At step 18, the car is moving left with negative velocity and takes action `[0]` (accelerate left). Thus, at \(s_{19}\) both position and velocity continue decreasing. The subsequent left acceleration at \(s_{19}\) leads to \(s_{20}=[-0.4633,-0.0076]\). Reconstructing from the observed dynamics gives approximately \(s_{19}=[-0.4557,-0.0060]\). Both components are higher at \(s_{19}\) than at \(s_{20}\), so both decrease in the forward transition.","2"
"terra","MountainCar-v0","last-state","20","From step 19, the car has state approximately `[-0.4557, -0.0061]` and takes action `[0]` (accelerate left). This produces a more negative velocity and a lower position at step 20. Applying action `[0]` again from step 20 leads to `s21 = [-0.4723, -0.0090]`. Therefore, both position and velocity decreased from `s20` to `s21`.","2"
"terra","MountainCar-v0","last-state","20","With action `0` (accelerate left), the velocity decreases due to both the leftward force and gravity at this part of the hill. Since the resulting state is `s22 = [-0.4827, -0.0104]`, the prior position must have been less negative (higher) because the car moved left. The position update uses the new velocity, so `position_21 ≈ position_22 - velocity_22 = -0.4827 - (-0.0104) = -0.4723`.  
   The velocity change under action `0` near position `-0.4723` is approximately `-0.00138`, giving `velocity_21 ≈ -0.00902`.","1"
"terra","MountainCar-v0","last-state","20","With action `[0]` (accelerate left), the velocity becomes more negative. The next position is the prior position plus the updated velocity. Since \(s_{23} = [-0.4944, -0.0117]\), the preceding position is approximately \(-0.4944 - (-0.0117) = -0.4827\). Using the transition dynamics at that position gives a prior velocity of approximately \(-0.0104\). Both position and velocity therefore decreased from \(s_{22}\) to \(s_{23}\).","1"
"terra","MountainCar-v0","last-state","20","At step 22, the car is moving left with negative velocity, and action `[0]` continues accelerating left. Thus, the transition from \(s_{23}\) to \(s_{24}\) should further decrease both position and velocity. Using the observed dynamics, \(s_{23}\) is approximately `[-0.4944, -0.0117]`, which transitions to `[-0.5073, -0.0129]`.","2"
"terra","MountainCar-v0","last-state","20","With action `[0]` (accelerate left), the car continues moving left and its velocity becomes more negative. From the transition rule, position changes by the next velocity. Since \(s25 = [-0.5214, -0.0140]\), the preceding position is approximately \(-0.5214 - (-0.0140) = -0.5074\). The prior velocity is approximately \(-0.0129\), which then decreases to \(-0.0140\) after the left acceleration and gravity contribution.","1"
"terra","MountainCar-v0","last-state","20","With action `[0]` (accelerate left), the car continues moving leftward. From step 24, both position and velocity are already negative and decreasing. Therefore, at step 25 the car should be around `[-0.5214, -0.0140]`, and applying action `[0]` produces the more-negative state `s26 = [-0.5365, -0.0151]`.","2"
"terra","MountainCar-v0","last-state","20","The agent continues applying action `[0]` (accelerate left), so both position and velocity continue becoming more negative. From step 25, applying the dynamics gives an estimated step-26 state of approximately `[-0.5364, -0.0150]`. Applying action `[0]` again yields `s27 ≈ [-0.5524, -0.0160]`. Thus, both elements decreased from `s26` to `s27`.","2"
"terra","MountainCar-v0","last-state","20","With action `[0]` (accelerate left), the car continues moving left and its velocity becomes more negative. Since \(s_{28}=[-0.5692,-0.0168]\), the preceding position is approximately the next position minus the next velocity: \(-0.5692-(-0.0168)\approx -0.5524\). The velocity at \(s_{27}\) was approximately \(-0.0160\), becoming about \(-0.0168\) after the left acceleration.","1"
"terra","MountainCar-v0","last-state","20","With action `[0]` (accelerate left), the car continues moving left and gains more negative velocity. From the observed trend through step 27, both position and velocity are decreasing. Using the transition dynamics, the prior state is approximately `s28 = [-0.5692, -0.0168]`, which transitions to `s29 = [-0.5866, -0.0174]`.","2"
"terra","MountainCar-v0","last-state","20","With action `0` (accelerate left), the car continues moving left and gains more negative velocity. From the observed pattern, after step 28 `[-0.5692, -0.0168]`, the likely step-29 state is approximately `[-0.5866, -0.0174]`. Applying action `0` then produces `s30 = [-0.6045, -0.0179]`. Both position and velocity decrease beyond the `1e-4` threshold.","1"
"terra","MountainCar-v0","last-state","30","From step 29, the car is moving left with negative velocity under action `[0]` (accelerate left). Thus at step 30 it should be further left and have a more negative velocity than at step 29. Given \(s_{31}=[-0.6229,-0.0183]\), the preceding position is approximately \(s_{30,position}=s_{31,position}-v_{31}\approx -0.6046\). The left acceleration and terrain force make the velocity slightly more negative, so the velocity at \(s_{30}\) was approximately \(-0.0179\). Both components decrease from \(s_{30}\) to \(s_{31}\).","1"
"terra","MountainCar-v0","last-state","30","With action `a31 = [0]` (accelerate left), the car continues moving left. Since `s32` has position `-0.6415` and velocity `-0.0186`, the preceding position is approximately:

   \[
   p_{31} = p_{32} - v_{32} = -0.6415 - (-0.0186) \approx -0.6229
   \]

   The left acceleration makes the velocity slightly more negative over this transition. Using the observed trend and dynamics, the preceding velocity is approximately `-0.0183`. Thus, both position and velocity decreased from `s31` to `s32`.","1"
"terra","MountainCar-v0","last-state","30","With action `0` (accelerate left), the car continues moving left. From the observed pattern, position becomes more negative each step, while velocity also becomes slightly more negative. Using the transition from the preceding state at step 31, `s32` is approximately `[-0.6415, -0.0186]`. Applying action `0` produces `s33 = [-0.6602, -0.0187]`.","2"
"terra","MountainCar-v0","last-state","30","With action `[0]` (accelerate left), the car continues moving left. From step 32, the position is decreasing by about `0.0186–0.0188` each step. The velocity is near `-0.0187`; at this location the left acceleration and slope contribution nearly cancel, so its change is below the `1e-4` threshold. Thus, position decreases while velocity is effectively unchanged.","1"
"terra","MountainCar-v0","last-state","30","With action `0` (accelerate left), the car continues moving left, so position decreases. Around this part of the left slope, gravity begins to offset the left acceleration, causing the negative velocity to become slightly less negative. Thus, from `s34` to `s35`, position decreases while velocity slightly increases.","2"
"terra","MountainCar-v0","last-state","30","With action `0` (accelerate left), the car continues moving left, so its position decreases. Around this part of the valley, the gravitational term offsets part of the left acceleration, making the negative velocity slightly less negative. Thus, from `s35` to `s36`, position decreases while velocity increases slightly.","2"
"terra","MountainCar-v0","last-state","30","With action `0` (accelerate left), the position continues moving left while the car’s negative velocity begins to weaken as it descends/approaches the left side of the valley. Since `s37 = [-0.734, -0.018]`, the preceding position is approximately `-0.716`, and the preceding velocity is slightly more negative than `-0.018`, approximately `-0.01836`.","2"
"terra","MountainCar-v0","last-state","30","The car is moving leftward at step 36, with negative velocity. With action `[0]` (accelerate left), the position continues decreasing. However, as the car moves farther up the left side of the valley, gravity increasingly acts to the right, making the negative velocity less negative. Thus, from \(s_{37}\) to \(s_{38}\), position decreases while velocity increases (becomes less negative).","2"
"terra","MountainCar-v0","last-state","30","With action `[0]` (accelerate left), the car is still moving left, so position continues decreasing. As it moves farther up the left slope, gravity increasingly counteracts the leftward acceleration, making the negative velocity less negative. Thus, from `s38` to `s39`, position decreases while velocity increases.","2"
"terra","MountainCar-v0","last-state","30","At step 39, action `[0]` applies left acceleration. The car is still moving left, so its position becomes more negative from `s39` to `s40`. However, near this part of the left slope, gravity acts rightward strongly enough to reduce the magnitude of the negative velocity, making velocity less negative (an increase). Using the transition relation \(p_{40} = p_{39} + v_{40}\), the prior position is approximately \(-0.7685\).","1"
"terra","MountainCar-v0","next-action","5","The agent has consistently accelerated right (action 2), producing steadily increasing positive velocity while moving rightward. At state \(s_5\), it is still near the valley bottom and has not yet built enough momentum to need a direction change, so continuing right acceleration is most likely.","3"
"terra","MountainCar-v0","next-action","5","The agent has consistently selected action 2 (accelerate right) while gaining positive velocity and moving up the right side of the valley. At position -0.4811 with velocity 0.0046, it will most likely continue accelerating right to build momentum toward the goal.","3"
"terra","MountainCar-v0","next-action","5","The agent has consistently selected action 2 (accelerate right) from steps 2–6, while its position and positive velocity steadily increase toward the right. At state \(s_7=[-0.4758, 0.0053]\), it is still gaining rightward momentum, so it will most likely continue accelerating right.","2"
"terra","MountainCar-v0","next-action","5","The agent has repeatedly chosen action 2 (accelerate right) while its position and rightward velocity steadily increase. At \(s_8\), it is still moving uphill to the right and has not yet reached a region where it would typically reverse direction to build momentum. Continuing to accelerate right is most consistent with the observed policy behavior.","3"
"terra","MountainCar-v0","next-action","5","The agent has consistently accelerated right (action 2) while moving up the right slope, with positive velocity increasing across the shown steps. At state s9, it is still far from the goal at position 0.5, so continuing to accelerate right is most likely.","3"
"terra","MountainCar-v0","next-action","5","The car is moving right with positive velocity and is still far from the goal. The agent mostly used action 2 to build rightward momentum; the action 1 at step 9 slightly reduced velocity due to gravity. To continue gaining momentum toward the right hill, action 2 is most likely next.","2"
"terra","MountainCar-v0","next-action","5","The agent switched from accelerating right (action 2) to no acceleration (action 1) as it gained positive velocity. At states around position \(-0.46\) with decreasing velocity, it has consistently selected action 1 for the last two steps, so it will most likely continue coasting at step 11.","2"
"terra","MountainCar-v0","next-action","5","The agent has switched from accelerating right (action 2) to repeatedly coasting (action 1) for steps 9–11. Its velocity remains positive but is gradually decreasing due to gravity, and the new state continues this same rightward motion. The most likely immediate continuation is another no-acceleration action.","2"
"terra","MountainCar-v0","next-action","5","The car is moving right but its velocity is decreasing. At step 12, the agent chose left acceleration (action 0), likely to slow the rightward motion and begin building momentum for a later swing. At state \(s_{13}\), it is still moving right with positive velocity, so continuing to accelerate left is most consistent with this behavior.","2"
"terra","MountainCar-v0","next-action","5","The agent has switched from no acceleration (action 1) to accelerating left (action 0) as it approaches the rightward turning point. At state \(s_{14}=[-0.4412, 0.0019]\), it is still moving right but slowing down, so continuing to accelerate left is most consistent with building momentum for the next swing.","2"
"terra","MountainCar-v0","next-action","10","The agent accelerated right for several steps to build positive velocity, then switched to neutral at step 9, causing the velocity to decrease from about 0.0065 to 0.0061. In MountainCar, the agent typically needs to reverse direction and build momentum by moving left before making the final strong rightward climb. Since it is still moving right but has started reducing rightward acceleration, the most likely next action is to accelerate left.","2"
"terra","MountainCar-v0","next-action","10","The agent has switched from accelerating right (`2`) to coasting (`1`) as it moves up the right side and its velocity begins decreasing due to gravity. At \(s_{11}\), it is still moving right with positive velocity, so it will most likely continue coasting rather than immediately accelerate left.","2"
"terra","MountainCar-v0","next-action","10","The agent switched from accelerating right (action 2) to no acceleration (action 1) at step 9 and has continued action 1 while the car’s positive velocity gradually decreases due to gravity. At state \(s_{12}=[-0.4466, 0.0051]\), it is still moving right, and the observed policy pattern suggests it will likely continue coasting rather than immediately reverse acceleration.","2"
"terra","MountainCar-v0","next-action","10","The agent first accelerates right to gain positive velocity, then switches to neutral and finally left acceleration as it moves up the right side of the valley. At state \(s_{13}=[-0.4431, 0.0035]\), it still has positive velocity but is slowing down; continuing to accelerate left is consistent with building momentum for the next swing.","2"
"terra","MountainCar-v0","next-action","10","The agent has switched from accelerating right to neutral and then to accelerating left as its rightward velocity decreases near the rightward turning point. At \(s_{14}=[-0.4412, 0.0019]\), it is still moving slightly right but slowing, so it will likely continue accelerating left to reverse direction and build momentum for the next swing.","2"
"terra","MountainCar-v0","next-action","10","The agent has switched from right acceleration to neutral and then left acceleration as it approaches the rightmost point of its current swing. At \(s_{15}\), its velocity is almost zero but still slightly positive, so continuing to accelerate left is the likely strategy to reverse direction and build momentum for a later climb to the right hill.","2"
"terra","MountainCar-v0","next-action","10","The car has reached its rightward turning point around position \(-0.44\). The agent switched from right acceleration to no acceleration and then left acceleration to reverse its velocity. At step 16 the velocity is now negative, so the agent will most likely continue accelerating left to build momentum toward the left hill before swinging back right.","2"
"terra","MountainCar-v0","next-action","10","The agent has switched to accelerating left (action 0) since step 12, reducing its rightward velocity and then building leftward velocity. At state \(s_{17}=[[-0.4451,-0.0029]]\), it is moving left and will likely continue accelerating left to gain momentum for the later swing toward the right hill.","2"
"terra","MountainCar-v0","next-action","10","From steps 12–17, the agent consistently chooses action 0 (accelerate left). Its velocity has crossed from positive to increasingly negative, indicating it is building leftward momentum to later swing back up the right hill. At state \(s_{18}=[-0.4497,-0.0045]\), it is still moving left and will most likely continue accelerating left.","2"
"terra","MountainCar-v0","next-action","10","The car is moving left with increasingly negative velocity, and the agent has consistently selected action 0 since step 12 to accelerate left and build momentum for the eventual swing toward the right hill. At state \(s_{19}=[-0.4557,-0.0061]\), it is still moving left and will most likely continue accelerating left.","2"
"terra","MountainCar-v0","next-action","20","The agent has switched to accelerating left (action 0) since step 12 and is now moving left with increasingly negative velocity. In MountainCar, continuing to accelerate in the direction of travel builds momentum for climbing the left hill before reversing toward the goal. Thus it will most likely keep accelerating left.","2"
"terra","MountainCar-v0","next-action","20","The car is moving left with increasingly negative velocity after repeatedly taking action 0. This is the momentum-building phase: accelerating left while descending toward the left side of the valley, before later reversing direction to climb the right hill. At position \(-0.4723\) with velocity \(-0.009\), it is still appropriate to accelerate left.","3"
"terra","MountainCar-v0","next-action","20","The car is moving left with increasingly negative velocity. The agent has consistently selected action 0 to accelerate left after reversing direction, building momentum to climb the left hill before later switching right. At state \([-0.4827, -0.0104]\), it is still moving left and will most likely continue accelerating left.","3"
"terra","MountainCar-v0","next-action","20","The agent has switched to accelerating left and is now moving left with increasingly negative velocity. Continuing action 0 builds momentum for climbing the left hill before reversing toward the goal on the right.","3"
"terra","MountainCar-v0","next-action","20","The agent has consistently selected action 0 (accelerate left) while moving left and increasing its negative velocity, building momentum by climbing the left side of the valley. At state \(s_{24}=[-0.5073,-0.0129]\), it is still moving left, so it will most likely continue accelerating left.","3"
"terra","MountainCar-v0","next-action","20","The car is moving left with increasing negative velocity, and the agent has consistently chosen action 0 to accelerate left. This is the usual momentum-building strategy in MountainCar before reversing toward the right hill.","3"
"terra","MountainCar-v0","next-action","20","The car is moving left with increasingly negative velocity, and the agent has consistently chosen action 0 (accelerate left) since step 12 to build momentum while climbing the left side. At state \(s_{26}=[-0.5365,-0.0151]\), continuing to accelerate left is consistent with this momentum-building strategy.","2"
"terra","MountainCar-v0","next-action","20","The car is moving left with increasingly negative velocity, and the agent has consistently selected action 0 to accelerate left since step 12. This builds momentum by driving up the left hill before reversing direction toward the goal on the right. At position -0.5524 with velocity -0.016, it is still in the leftward momentum-building phase.","2"
"terra","MountainCar-v0","next-action","20","The car is moving left with increasing negative velocity, and the agent has consistently selected action 0 since step 12 to accelerate left and build momentum by climbing the left hill. At position -0.5692 with velocity -0.0168, it will most likely continue accelerating left.","2"
"terra","MountainCar-v0","next-action","20","The agent has consistently chosen action 0 (accelerate left) while moving left and gaining negative velocity. At state \(s_{29}=[-0.5866,-0.0174]\), it is still descending toward the left side of the valley, so continuing to accelerate left helps build momentum for the later climb to the right.","3"
"terra","MountainCar-v0","next-action","30","The agent has been applying action 0 (accelerate left) continuously since step 12. At step 30 it is still moving left with substantial negative velocity, so it is likely continuing to build momentum by driving up the left hill before reversing direction.","2"
"terra","MountainCar-v0","next-action","30","The agent has consistently selected action 0 (accelerate left) since step 12. At \(s_{31}=[-0.6229,-0.0183]\), it is still moving left and building momentum toward the left hill, which is the typical strategy before reversing direction to climb the right hill. It is therefore most likely to continue accelerating left.","2"
"terra","MountainCar-v0","next-action","30","The agent has switched from accelerating right to consistently accelerating left since step 12. This is a standard MountainCar strategy: build momentum by driving up the left hill before reversing direction to gain enough speed to reach the right-side goal. At step 32, the car is still moving left with increasing negative velocity (`-0.0186`), so it will most likely continue accelerating left to build momentum.","2"
"terra","MountainCar-v0","next-action","30","The agent has consistently chosen action 0 (accelerate left) since step 12, building negative velocity and moving up the left side of the valley. At state \(s_{33} = [-0.6602, -0.0187]\), it is still moving left and has not yet reached the usual left-side turning point, so it will likely continue accelerating left to gain momentum.","2"
"terra","MountainCar-v0","next-action","30","The agent has switched to repeated left acceleration (action 0) while moving leftward to build momentum for a later swing to the right. At step 34, the car is still moving left with substantial negative velocity, so continuing left acceleration is most consistent with this momentum-building behavior.","3"
"terra","MountainCar-v0","next-action","30","The agent has been accelerating left (action 0) while moving leftward to build momentum on the left hill. At \(s_{35}\), velocity is still negative, so it is still travelling left. A typical trained MountainCar policy continues pushing in the direction of current motion until near the turning point, then switches rightward.","3"
"terra","MountainCar-v0","next-action","30","The car is moving left with increasing negative velocity and the agent has consistently selected action 0 to accelerate left since step 12. This is the momentum-building phase needed to later climb the right hill. At position -0.716 with velocity -0.0184, it is still descending toward the left side, so continuing to accelerate left is most likely.","2"
"terra","MountainCar-v0","next-action","30","The car is still moving left/downhill with negative velocity at step 37. From steps 12–36, the agent consistently applies left acceleration (action 0) to build momentum toward the left side before reversing and accelerating right to climb the goal hill. At position \(-0.734\) with velocity \(-0.018\), it will most likely continue accelerating left.","2"
"terra","MountainCar-v0","next-action","30","The agent has consistently selected action 0 (accelerate left) since step 12 while moving leftward and building negative velocity. At state \(s_{38}=[-0.7515,-0.0175]\), it is still descending toward the left side of the valley; the usual MountainCar strategy is to continue accelerating left to build momentum before reversing direction near the left turning point.","2"
"terra","MountainCar-v0","next-action","30","The car is still moving left with substantial negative velocity on the leftward descent. The agent has consistently selected action 0 to build momentum toward the left hill before reversing direction. At \(s_{39}\), it will most likely continue accelerating left.","3"
"terra","MountainCar-v0","next-state","5","The agent continues taking action `2` (accelerate right). The observed velocity has increased by about `0.0008` each step, while position has increased by the current positive velocity. At state \(s_4=[-0.4897, 0.0032]\), applying action 2 produces a further positive velocity increase (slightly less than `0.001` because of gravity), so both position and velocity should increase.","1"
"terra","MountainCar-v0","next-state","5","The agent repeatedly takes action `2` (accelerate right). The historical states show both position and velocity increasing at every step. Using the MountainCar dynamics from \(s_5=[-0.4858, 0.0039]\):

   \[
   v_6 = 0.0039 + (2-1)(0.001) - \cos(3\cdot -0.4858)(0.0025)
   \]

   This gives approximately \(v_6 \approx 0.0046\). The next position is then:

   \[
   x_6 = -0.4858 + v_6 \approx -0.4812
   \]

   Both changes are larger than \(10^{-4}\), so both state elements increase.","1"
"terra","MountainCar-v0","next-state","5","Action `2` applies rightward acceleration. From the prior sequence, both position and velocity have been increasing under repeated right acceleration. Using the MountainCar dynamics:

   \[
   v_7 = 0.0046 + 0.001 - 0.0025\cos(3\cdot -0.4811) \approx 0.00528
   \]

   \[
   x_7 = -0.4811 + 0.00528 \approx -0.47582
   \]

   Both changes exceed the \(10^{-4}\) threshold, so both state elements increase.","1"
"terra","MountainCar-v0","next-state","5","The agent continues taking action `2` (accelerate right). The recent history shows both position and velocity increasing at every step. Using the MountainCar dynamics:

   - Next velocity is increased by the rightward force (`+0.001`) and reduced slightly by gravity.
   - At position `-0.4758`, the gravity term is still smaller than the applied rightward acceleration, so velocity continues to increase.
   - The next position is the current position plus the next velocity, so position also increases.","2"
"terra","MountainCar-v0","next-state","5","The agent repeatedly applies action `2` (accelerate right). Across steps 4–8, both position and velocity have been increasing. Using the MountainCar dynamics from \(s_8 = [-0.4699, 0.0060]\):

   \[
   v_9 = 0.0060 + (2-1)(0.001) - \cos(3 \cdot -0.4699)(0.0025)
   \]

   This gives approximately \(v_9 \approx 0.0066\). Then:

   \[
   p_9 = -0.4699 + 0.0066 \approx -0.4633
   \]

   Both changes are well above the \(10^{-4}\) unchanged threshold.","1"
"terra","MountainCar-v0","next-state","5","Action `1` applies no engine acceleration. The gravitational term is still negative at the current position, so the velocity should slightly decrease from `0.0065`, but remain positive. Since the resulting velocity remains positive, the position continues moving rightward (increases).","4"
"terra","MountainCar-v0","next-state","5","Action `1` applies no engine force. At position `-0.4572`, gravity contributes a negative velocity change because  
   \[
   v_{11} = v_{10} - \cos(3p_{10})\cdot 0.0025.
   \]
   This slightly reduces the positive velocity from about `0.0061` to about `0.0056`. Since the velocity remains positive, the position continues moving rightward and increases by approximately the new velocity.","1"
"terra","MountainCar-v0","next-state","5","With action `a11 = 1` (no acceleration), the velocity changes only due to gravity:
   \[
   v_{12} = v_{11} - \cos(3p_{11}) \cdot 0.0025
   \]
   At position \(-0.4516\), the gravitational term is positive in magnitude and reduces the currently positive velocity. The car still has positive velocity, so its position continues moving right (increasing), but more slowly.","1"
"terra","MountainCar-v0","next-state","5","Action `0` applies left acceleration, reducing the velocity by `0.001`. At the current position, the gravity term also slightly reduces the velocity because `cos(3 * position)` is positive. Thus velocity decreases from `0.0051` to roughly `0.0045`. The car still has positive velocity, so its position continues moving right (increases).","2"
"terra","MountainCar-v0","next-state","5","Action `0` applies left acceleration, reducing velocity by `0.001`. At position `-0.4431`, gravity also acts leftward because `cos(3 * position)` is positive, further decreasing velocity. The resulting velocity remains positive, so the car still moves rightward, increasing its position, but at a slower speed.","2"
"terra","MountainCar-v0","next-state","10","At step 9, the agent takes action `1` (no acceleration). The gravity term is still negative on the current part of the hill, so velocity decreases slightly. However, the velocity remains positive, so the position continues moving right/increasing.","2"
"terra","MountainCar-v0","next-state","10","With action `a10 = 1` (“do not accelerate”), there is no engine force contribution. The car is on the right-facing slope near position `-0.4572`, so gravity reduces its positive velocity slightly. The velocity remains positive, however, so the position continues increasing.

   \[
   v_{11} = 0.0061 - \cos(3 \cdot -0.4572)\cdot 0.0025 \approx 0.0056
   \]

   \[
   x_{11} = -0.4572 + 0.0056 \approx -0.4516
   \]","1"
"terra","MountainCar-v0","next-state","10","Action `1` applies no engine acceleration. At position `-0.4516`, the gravity term `-cos(3 * position) * 0.0025` is negative, so the positive velocity decreases slightly. The car still has positive velocity, so its position continues moving right (increases).","1"
"terra","MountainCar-v0","next-state","10","At step 12, the agent takes action `0` (accelerate left). This applies a negative force (`-0.001`) while gravity also reduces the current positive velocity at this position. Therefore, velocity decreases from `0.0051` to approximately `0.0035`. Since the resulting velocity is still positive, position continues moving right (becomes less negative), from `-0.4466` to approximately `-0.4431`.","2"
"terra","MountainCar-v0","next-state","10","Action `0` applies left acceleration, reducing velocity by `0.001`. At position `-0.4431`, the gravity term also acts to reduce the velocity by roughly `0.0006`. Thus velocity decreases from `0.0035` to about `0.0019`, but remains positive. Since the resulting velocity is still positive, the position continues increasing (moving right), though by a smaller amount than in the preceding transition.","1"
"terra","MountainCar-v0","next-state","10","Action `0` applies left acceleration. From \(s_{14}=[-0.4412, 0.0019]\), the velocity update is approximately:
   \[
   v_{15}=0.0019 - 0.001 - 0.0025\cos(3\cdot -0.4412)\approx 0.00029.
   \]
   Thus velocity decreases substantially but remains slightly positive. Since the new velocity is still positive, the position increases slightly:
   \[
   x_{15}= -0.4412 + 0.00029 \approx -0.44091.
   \]","1"
"terra","MountainCar-v0","next-state","10","At step 15 the car is at position \(-0.44088\) with a small positive velocity \(0.00028657\). Action \(0\) applies leftward acceleration, reducing velocity by the force term \(0.001\), while gravity at this position also pulls the velocity leftward. Therefore the next velocity becomes negative, and the next position decreases accordingly.

   Using:
   \[
   v_{16} = v_{15} + (0-1)\cdot0.001 - \cos(3p_{15})\cdot0.0025
   \]
   \[
   p_{16} = p_{15} + v_{16}
   \]

   Approximate result:
   \[
   v_{16} \approx -0.001327
   \]
   \[
   p_{16} \approx -0.442207
   \]","1"
"terra","MountainCar-v0","next-state","10","With action `0` (accelerate left), the velocity receives a `-0.001` force contribution. At position `-0.4422`, the gravity term also pulls the car left/down the slope contribution, making velocity more negative. Thus the next velocity decreases from `-0.0013` to approximately `-0.0029`, and the next position decreases by that new velocity.","2"
"terra","MountainCar-v0","next-state","10","At step 17 the car is at position \(-0.4451\) with velocity \(-0.0029\), and action 0 applies left acceleration. The left acceleration contributes \(-0.001\) to velocity, while gravity at this position also pulls the car leftward (negative velocity contribution). Thus the velocity becomes more negative, and the next position decreases by approximately that new velocity.

Using the transition dynamics:

\[
v_{18} = -0.0029 + (0-1)(0.001) - \cos(3 \cdot -0.4451)(0.0025)
\]

\[
v_{18} \approx -0.0029 - 0.0010 - 0.00058 = -0.00448
\]

\[
p_{18} = -0.4451 + (-0.00448) \approx -0.44958
\]","1"
"terra","MountainCar-v0","next-state","10","At step 18, the car is at position \(-0.4497\) with velocity \(-0.0045\), and action 0 applies acceleration to the left. The left acceleration and the gravity term both make the velocity more negative at this position. Therefore, the car continues moving left: both its position and velocity decrease.

   Using the transition rule:
   \[
   v_{19} = v_{18} + (0-1)(0.001) - \cos(3p_{18})(0.0025)
   \]
   \[
   p_{19} = p_{18} + v_{19}
   \]

   Approximate calculation:
   \[
   v_{19} \approx -0.0045 - 0.001 - 0.00055 = -0.00605
   \]
   \[
   p_{19} \approx -0.4497 + (-0.00605) = -0.45575
   \]","1"
"terra","MountainCar-v0","next-state","20","At step 19 the agent takes action `0` (accelerate left), which applies a negative force to the velocity. The gravity term is also negative at this position, so the velocity becomes more negative. The next position is the current position plus this more-negative velocity, so position also decreases.","2"
"terra","MountainCar-v0","next-state","20","With action `0` (accelerate left), the force contribution is negative (`-0.001`). At position `-0.4633`, the gravity term also reduces the velocity. Thus the velocity becomes more negative, and the next position decreases because it is updated using this negative next velocity.","2"
"terra","MountainCar-v0","next-state","20","The agent continues taking action `0` (accelerate left). At step 21, the car already has negative velocity, so it will continue moving left. The left acceleration and gravity component both make the velocity more negative at this position. Therefore, both position and velocity decrease.

   Using the transition dynamics approximately:
   \[
   v_{22} = -0.0090 - 0.001 - 0.0025\cos(3 \cdot -0.4723)
   \approx -0.0104
   \]
   \[
   x_{22} = -0.4723 + (-0.0104) \approx -0.4827
   \]","1"
"terra","MountainCar-v0","next-state","20","Action `0` applies left acceleration, so it further decreases the already negative velocity. The next position is updated by adding this more negative velocity, so the position also decreases. Using the MountainCar dynamics:

   \[
   v_{23} = -0.0104 + (0-1)(0.001) - \cos(3 \cdot -0.4827)(0.0025)
   \approx -0.0117
   \]

   \[
   p_{23} = -0.4827 + (-0.0117) \approx -0.4944
   \]","1"
"terra","MountainCar-v0","next-state","20","Action `0` applies left acceleration, reducing velocity by `0.001`. At position `-0.4944`, the gravity term also slightly reduces velocity because `cos(3 * position)` is positive. Thus velocity becomes more negative, and the position decreases by that new negative velocity.","2"
"terra","MountainCar-v0","next-state","20","Action `0` applies left acceleration, which decreases velocity by `0.001` in addition to the gravity/slope term. At position `-0.5073`, the slope contribution also decreases velocity slightly. Therefore velocity becomes more negative, and the next position decreases because it is updated using this negative next velocity.","2"
"terra","MountainCar-v0","next-state","20","Action `0` accelerates left, adding `-0.001` to velocity. At position `-0.5214`, the gravity term is very small because `cos(3 * -0.5214)` is close to zero. Therefore, the velocity becomes more negative, and the position decreases accordingly.","1"
"terra","MountainCar-v0","next-state","20","Action `0` accelerates left, adding `-0.001` to velocity. At position `-0.5365`, the gravity term is slightly positive but much smaller than the left acceleration, so velocity becomes more negative. The next position is the current position plus this more-negative velocity, so position also decreases.","2"
"terra","MountainCar-v0","next-state","20","At step 27, the car is at position \(-0.5524\) with velocity \(-0.0160\), and takes action 0 (accelerate left). The left acceleration further decreases velocity, while the local slope/gravity term slightly offsets that decrease. The next velocity remains more negative, and the next position moves left by that negative velocity.","2"
"terra","MountainCar-v0","next-state","20","At step 28 the agent continues taking action `0` (accelerate left). The current velocity is already negative, so the position will continue moving left (decrease). Under the MountainCar dynamics, the left acceleration decreases velocity by `0.001`, while the gravity term at position `-0.5692` provides a small opposing positive contribution. The net result is still a more negative velocity.","2"
"terra","MountainCar-v0","next-state","30","At step 29, the agent takes action `0` (accelerate left). The velocity is already negative, and the recent sequence shows that repeated left acceleration makes the car move further left with increasingly negative velocity. Using the MountainCar dynamics, the next velocity is approximately `-0.0179`, and the next position is approximately `-0.6045`. Therefore, both position and velocity decrease.","2"
"terra","MountainCar-v0","next-state","30","Action `0` applies left acceleration, contributing `-0.001` to velocity. At position `-0.6045`, the gravity term partially offsets this left acceleration, but not enough to reverse it. Thus velocity becomes slightly more negative, and the position decreases by the new negative velocity.","2"
"terra","MountainCar-v0","next-state","30","At step 31, the car is at position \(-0.6229\) with velocity \(-0.0183\), and takes action 0 (accelerate left). The left acceleration further makes velocity more negative. Around this position, the slope-related gravity term partially offsets the left acceleration, but not enough to reverse it. Therefore, the next velocity remains negative and slightly decreases. Since the next position is updated by adding this negative next velocity, the position also decreases (moves farther left).

   Using the dynamics:
   \[
   v_{32} = -0.0183 + (0-1)(0.001) - \cos(3 \cdot -0.6229)(0.0025)
   \]
   \[
   v_{32} \approx -0.0186
   \]
   \[
   p_{32} = -0.6229 + v_{32} \approx -0.6415
   \]","1"
"terra","MountainCar-v0","next-state","30","With action `0` (accelerate left), the velocity remains negative and becomes slightly more negative at this position. The car therefore continues moving left, so position decreases. Using the transition dynamics gives an approximate next velocity of `-0.01873` and position of `-0.66023`.","4"
"terra","MountainCar-v0","next-state","30","With action `0` (accelerate left), the car continues moving left. At `s33`, the velocity is approximately `-0.0187`. The left acceleration is partly offset by the slope/gravity term at position `-0.6602`, yielding an almost unchanged velocity (change magnitude below `1e-4`). Since the velocity remains negative, the position decreases by roughly `0.0187`.","2"
"terra","MountainCar-v0","next-state","30","At step 34 the agent takes action `0` (accelerate left). The car is moving left with negative velocity. Around position `-0.679`, the gravity term begins opposing the leftward motion enough that the velocity becomes slightly less negative, but the car still moves left overall. Thus, position decreases while velocity slightly increases (becomes less negative).","2"
"terra","MountainCar-v0","next-state","30","Action `0` applies leftward acceleration (`-0.001`). At position `-0.6976`, the hill’s gravity contribution acts rightward strongly enough to slightly offset that leftward acceleration. Thus, the velocity remains negative but becomes slightly less negative. Since the velocity is still negative, the position continues moving left.","2"
"terra","MountainCar-v0","next-state","30","Action `0` applies left acceleration. At \(s_{36}=[-0.7160,-0.0184]\), the velocity is still negative, so the car continues moving left and position decreases. However, on this portion of the left slope the gravity term partially offsets the left acceleration, making the velocity slightly less negative (thus velocity increases numerically).

   Using the dynamics:
   \[
   v_{37}=v_{36}-0.001-\cos(3p_{36})\cdot 0.0025
   \]
   \[
   p_{37}=p_{36}+v_{37}
   \]

   With \(p_{36}=-0.7160\), \(\cos(3p_{36})\approx -0.545\), giving:
   \[
   v_{37}\approx -0.0184-0.001+0.00136\approx -0.0180
   \]
   \[
   p_{37}\approx -0.7160-0.0180\approx -0.7340
   \]","1"
"terra","MountainCar-v0","next-state","30","Action `0` applies left acceleration, contributing `-0.001` to velocity. At position `-0.734`, the slope/gravity term partially offsets this leftward acceleration because `cos(3 * -0.734)` is negative. Thus velocity becomes slightly less negative (increases), but remains negative. The position consequently continues moving left and decreases.","1"
"terra","MountainCar-v0","next-state","30","With action `0` (accelerate left), the car continues moving left, so position decreases. At position about `-0.7515`, the gravity term points sufficiently rightward that it reduces the magnitude of the negative velocity: velocity becomes less negative (increases).

   Using the transition dynamics:
   \[
   v_{39} \approx -0.0175 - 0.001 - 0.0025\cos(3 \cdot -0.7515)
   \approx -0.0169
   \]
   \[
   x_{39} \approx -0.7515 + (-0.0169) \approx -0.7684
   \]","1"
"terra","Pendulum-v1","last-action","5","From \(s_5\) to \(s_6\), the angular velocity becomes more negative, from \(-0.1319\) to \(-0.2931\). The pendulum remains slightly to the positive-angle side of upright, and the agent continues applying a strong negative (clockwise) torque, consistent with its prior actions near \(-2\). Using the observed velocity change and Pendulum dynamics gives an estimated torque near \(-1.75\).","2"
"terra","Pendulum-v1","last-action","5","From \(s_6\) to \(s_7\), angular velocity decreases from \(-0.2931\) to \(-0.4037\), indicating a negative (clockwise) torque. Using the Pendulum dynamics and the observed velocity change, the torque is estimated to be approximately \(-1.35\). This is consistent with the agent’s preceding behavior, where it applies negative torque to reduce the pendulum’s positive angular displacement and stabilize near upright.","2"
"terra","Pendulum-v1","last-action","5","From s7 to s8, angular velocity decreases from -0.4037 to -0.5066, indicating continued negative (clockwise) torque. The torque magnitude is less negative than earlier saturated actions and is consistent with approximately -1.2 based on the observed angular-velocity transition and pendulum dynamics.","2"
"terra","Pendulum-v1","last-action","5","From \(s8\) to \(s9\), angular velocity decreases substantially from \(-0.5066\) to \(-0.7489\), while the pendulum is still slightly left of upright (\(\sin(\theta)=0.0768\)). This requires a strong negative/counteracting torque. The observed transition is consistent with the action being clipped at the lower action limit, approximately \(-2.0\).","2"
"terra","Pendulum-v1","last-action","5","The angular velocity changes from \(-0.7489\) to \(-0.4768\), meaning the agent applied a strong positive (counterclockwise) torque to slow the pendulum’s negative angular motion as it approached the upright position. Using the Pendulum dynamics, the implied torque is approximately \(+1.62\).","2"
"terra","Pendulum-v1","last-action","5","The angular velocity changes from \(-0.4768\) at \(s_{10}\) to \(-0.1936\) at \(s_{11}\), a positive change of about \(+0.2832\). Since the pendulum is near upright (\(\theta \approx 0.0156\)), gravity contributes only slightly; the main cause of this strong positive angular acceleration is a positive, near-maximum counterclockwise torque. Using the Pendulum dynamics and the preceding transition pattern gives an estimated torque of approximately \(+1.81\).","1"
"terra","Pendulum-v1","last-action","5","Near the upright position, the agent applies corrective torque to control angular velocity. From \(s_{11}\) to \(s_{12}\), the angular velocity becomes more negative, from \(-0.1936\) to \(-0.2370\). Since gravity near the upright position contributes a small positive acceleration for positive angle, the observed negative acceleration implies a modest negative (clockwise) torque. Using the Pendulum dynamics gives an estimated torque of approximately \(-0.32\).","2"
"terra","Pendulum-v1","last-action","5","At \(s_{12}\), the pendulum is slightly left of upright (\(\theta \approx -0.0059\)) and moving left/downward with angular velocity \(-0.237\). By \(s_{13}\), its velocity has been strongly corrected toward zero (\(-0.0298\)), requiring a positive (counterclockwise) torque. Using the Pendulum dynamics, the estimated torque is approximately \(+1.41\).","2"
"terra","Pendulum-v1","last-action","5","Near the upright position, the pendulum has a very small negative angle and nearly zero angular velocity at \(s_{13}\). The transition to \(s_{14}\) produces a substantially more negative angular velocity (\(-0.0298 \rightarrow -0.2514\)), indicating a strong negative (clockwise) torque. Using the Pendulum dynamics gives an estimated torque of approximately \(-1.44\).","2"
"terra","Pendulum-v1","last-action","5","The angular velocity changes from \(-0.2514\) to approximately \(-0.0100\), a strong positive increase of about \(+0.24\). Since the pendulum is slightly to the negative-angle side, a substantial positive (counterclockwise) torque is needed to slow its negative angular velocity and nearly stabilize it. This is consistent with an action near the upper positive range.","1"
"terra","Pendulum-v1","last-action","10","At \(s_{10}\), the pendulum is very close to upright but rotating clockwise (\(\dot{\theta}=-0.4768\)). To reduce this negative angular velocity, the agent should apply a strong positive (counterclockwise) torque. The transition to \(s_{11}\), whose angular velocity is much less negative (\(-0.1936\)), is consistent with an action near the positive maximum.","2"
"terra","Pendulum-v1","last-action","10","From \(s_{11}\) to \(s_{12}\), angular velocity changes from \(-0.1936\) to \(-0.2370\), so the pendulum accelerates slightly further in the negative direction. Near the upright position, gravity contributes a small positive acceleration, so the agent must apply a modest negative torque to produce the observed negative angular acceleration. Using the Pendulum-v1 dynamics gives an estimated torque of approximately \(-0.32\).","2"
"terra","Pendulum-v1","last-action","10","The angular velocity changes from \(-0.2370\) to \(-0.0298\), a strong positive acceleration. Since the pendulum is nearly upright but slightly to the negative-angle side, a positive (counterclockwise) torque is needed to reduce the negative angular velocity. Using the Pendulum dynamics, this corresponds to a torque of approximately \(+1.41\).","2"
"terra","Pendulum-v1","last-action","10","From \(s_{13}\) to \(s_{14}\), angular velocity changes from \(-0.0298\) to \(-0.2514\), a decrease of about \(-0.2216\). Near the upright position, gravity contributes only a small negative acceleration because the angle is slightly negative. Therefore, the substantial negative velocity change is caused by a negative torque. Using the Pendulum dynamics and the observed transition, the torque is approximately \(-1.44\).","1"
"terra","Pendulum-v1","last-action","10","At \(s14\), the pendulum has a small negative angle and is moving clockwise (\(\dot{\theta}=-0.2514\)). At \(s15\), its angular velocity is nearly zero (\(-0.01\)), so the agent must apply a substantial positive/counterclockwise torque to brake the negative angular velocity. Based on the Pendulum dynamics, this is approximately \(+1.7\).","2"
"terra","Pendulum-v1","last-action","10","At \(s_{15}\), the pendulum is slightly to the right of upright in the negative-angle direction (\(\theta \approx -0.0205\)) with near-zero negative angular velocity. By \(s_{16}\), its angular velocity becomes substantially more negative, from \(-0.01\) to \(-0.1678\). This indicates the agent applied a negative (clockwise) torque. Using the observed Pendulum dynamics, the implied torque is approximately \(-0.95\).","2"
"terra","Pendulum-v1","last-action","10","From \(s_{16}\) to \(s_{17}\), the angular velocity changes from \(-0.1678\) to \(-0.1079\), i.e. it becomes less negative. This requires a positive (counterclockwise) torque. Using the Pendulum dynamics near the upright position, the observed velocity increase corresponds to an action of approximately \(+0.54\).","2"
"terra","Pendulum-v1","last-action","10","From \(s_{17}\) to \(s_{18}\), the angular velocity changes from \(-0.1079\) to \(-0.1298\), a change of about \(-0.0219\). At the small negative angle (\(\theta \approx -0.0343\)), gravity contributes a negative acceleration, while the agent appears to apply a very small positive torque to partially counteract it. Using the pendulum dynamics, the inferred torque is approximately \(+0.03\).","1"
"terra","Pendulum-v1","last-action","10","The angular velocity changes from \(-0.1298\) at \(s18\) to \(-0.0541\) at \(s19\), meaning the applied torque produced a positive (counterclockwise) angular acceleration to slow the pendulum’s negative velocity. Accounting for the small negative angle and gravitational contribution, the torque is approximately \(+0.71\).","2"
"terra","Pendulum-v1","last-action","10","Near the upright position, the agent applies positive torque to counter the current negative angle and negative angular velocity. From \(s_{19}\), the angular velocity changes from \(-0.0541\) to \(0.0024\), requiring a moderately positive torque. Based on the observed Pendulum dynamics, this corresponds to an action of approximately \(+0.59\).","2"
"terra","Pendulum-v1","last-action","20","At \(s_{20}\), the pendulum is slightly to the negative-angle side (\(\sin\theta \approx -0.0433\)) and has nearly zero angular velocity (\(0.0024\)). The next angular velocity becomes slightly negative (\(-0.0167\)). Using the observed Pendulum dynamics, a small positive torque—approximately \(+0.09\)—matches this change after accounting for gravity. This is a gentle balancing action rather than a large corrective torque.","2"
"terra","Pendulum-v1","last-action","20","At \(s_{21}\), the pendulum is slightly to the negative-angle side (\(y=-0.0442\)) with a small negative angular velocity (\(-0.0167\)). At \(s_{22}\), its angular velocity becomes positive (\(0.0467\)), indicating a positive/counterclockwise torque was applied to reverse the motion. Estimating from the observed angular-velocity change and nearby dynamics suggests a torque of approximately \(+0.64\).","2"
"terra","Pendulum-v1","last-action","20","From \(s_{22}\) to \(s_{23}\), angular velocity changes from \(0.0467\) to \(-0.1478\), a substantial negative acceleration. Since the pendulum is slightly right/clockwise of upright (\(\sin\theta=-0.0418\)), gravity contributes only a small negative acceleration; most of the velocity reduction must come from a negative (clockwise) torque. Estimating the Pendulum-v1 dynamics gives an action near \(-1.09\).","2"
"terra","Pendulum-v1","last-action","20","At \(s_{23}\), the pendulum has a small negative angle and negative angular velocity. The next state has a positive angular velocity, so the applied torque must be strongly positive (counterclockwise) to reverse the motion. Comparing the angular-velocity change with the observed dynamics suggests a torque of approximately \(+1.4\).","2"
"terra","Pendulum-v1","last-action","20","Near the upright position, the pendulum’s angular-velocity change is determined by gravity plus the applied torque. From \(s_{24}\) to \(s_{25}\), angular velocity increases from \(0.0285\) to \(0.0428\), a change of about \(+0.0143\). Given the slight negative angle, gravity contributes a small negative acceleration, so a modest positive torque is needed to produce the observed velocity increase. This corresponds to an action of approximately \(+0.33\).","1"
"terra","Pendulum-v1","last-action","20","From \(s_{25}\), the pendulum has a small negative angle and a small positive angular velocity. At \(s_{26}\), its angular velocity becomes negative, indicating that the applied torque counteracted the positive motion and drove it clockwise. Using the observed transition dynamics, the inferred torque is approximately \(-0.49\).","2"
"terra","Pendulum-v1","last-action","20","At \(s_{26}\), the pendulum has a small negative angular velocity (\(-0.0646\)) while slightly to the negative-angle side of upright. The next angular velocity is essentially zero (\(2.7873\times10^{-5}\)), so the action should provide a moderate positive (counterclockwise) torque to cancel the negative velocity and compensate for gravity. Using the local Pendulum dynamics gives an estimated torque of about \(+0.68\).","2"
"terra","Pendulum-v1","last-action","20","From \(s_{27}\), the pendulum has near-zero angular velocity and is slightly to the negative-angle side. To reach angular velocity \(0.0811\) in \(s_{28}\), the agent must apply a positive torque to counter gravity and accelerate the pendulum counterclockwise. Using the Pendulum dynamics gives an estimated torque of approximately \(0.78\).","2"
"terra","Pendulum-v1","last-action","20","The pendulum is slightly to the right of upright (\(\theta \approx -0.045\)) and has a small positive angular velocity at step 28. By step 29, its angular velocity becomes strongly negative (\(0.0811 \rightarrow -0.1588\)), indicating a substantial negative/counterclockwise-opposing torque. Estimating from the pendulum dynamics gives an action near \(-1.38\).","2"
"terra","Pendulum-v1","last-action","20","At \(s_{29}\), the pendulum has a negative angle and negative angular velocity. The transition to \(s_{30}\) sharply increases angular velocity from \(-0.1588\) to \(+0.0878\), indicating a strong positive (counterclockwise) torque. Comparing with the observed dynamics and nearby transitions, the required torque is close to the upper action limit, approximately \(+1.9\).","2"
"terra","Pendulum-v1","last-action","30","From the recent dynamics, positive torque increases angular velocity and negative torque decreases it. At \(s_{30}\), angular velocity changes from \(0.0878\) to \(-0.0818\), a decrease of about \(0.1696\). Given the slightly negative angle also contributes a small negative gravitational acceleration, the required applied torque is approximately \(-0.89\).","1"
"terra","Pendulum-v1","last-action","30","At \(s_{31}\), the pendulum is slightly right/clockwise of upright (\(\sin\theta=-0.0525\)) and has negative angular velocity. The next state has positive angular velocity, indicating a substantial positive (counterclockwise) torque. Comparing the velocity change with nearby transitions suggests an action around \(+1.46\).","2"
"terra","Pendulum-v1","last-action","30","From \(s_{32}\) to \(s_{33}\), angular velocity changes from \(0.0994\) to \(-0.0779\), a decrease of about \(-0.1773\). At the slightly negative pendulum angle (\(\theta \approx -0.0475\)), gravity also contributes a small negative acceleration. The remaining deceleration is consistent with a negative torque of approximately \(-0.94\).","1"
"terra","Pendulum-v1","last-action","30","From \(s_{33}\) to \(s_{34}\), angular velocity changes from \(-0.0779\) to \(0.1173\), a substantial positive increase of about \(0.1952\). At the slightly negative angle (\(y=-0.0514\)), gravity contributes a small negative angular acceleration, so the observed positive velocity change requires a relatively strong positive (counterclockwise) torque. Using the Pendulum dynamics gives an estimated torque close to \(+1.55\).","1"
"terra","Pendulum-v1","last-action","30","At \(s_{34}\), the pendulum is slightly to the right of upright (\(\theta \approx -0.0455\)) and moving counterclockwise (\(\dot\theta=0.1173\)). Its angular velocity decreases slightly to \(0.1103\), indicating a small positive torque that partly offsets gravity while slowing the velocity change. Using the observed transition dynamics gives an estimated torque near \(+0.18\).","2"
"terra","Pendulum-v1","last-action","30","From the transition \(s35 \rightarrow s36\), angular velocity changes from \(0.1103\) to \(-0.1432\), a strong negative change. Since the pendulum is slightly to the negative-angle side (\(y \approx -0.04\)), gravity already contributes a small negative acceleration, but the observed velocity reversal requires a substantial negative torque. Using the Pendulum-v1 dynamics gives an estimated torque of approximately \(-1.49\).","2"
"terra","Pendulum-v1","last-action","30","From \(s36\) to \(s37\), angular velocity changes from \(-0.1432\) to \(+0.0816\), a strong positive increase of about \(0.2248\). Near the upright position with a slightly negative angle, this requires a substantial positive (counterclockwise) torque. Comparing nearby transitions suggests an action around \(+1.7\).","1"
"terra","Pendulum-v1","last-action","30","The angular velocity changes from \(0.0816\) to \(-0.2468\), a strong negative acceleration. At this slightly negative angle, gravity contributes only a small negative acceleration, so the main cause is a near-minimum negative torque. Using the Pendulum dynamics gives an estimated action of approximately \(-1.97\).","2"
"terra","Pendulum-v1","last-action","30","The angular velocity changes from \(-0.2468\) to \(0.0116\), a large positive increase of about \(+0.2584\). Near the upright position with a slightly negative angle, gravity contributes a small negative angular acceleration, so the agent must apply a nearly maximum positive (counterclockwise) torque to reverse the negative angular velocity this strongly. This is consistent with the observed dynamics: high positive actions produce roughly \(+0.2\) to \(+0.26\) increases in angular velocity.","1"
"terra","Pendulum-v1","last-action","30","The angular velocity increases from \(0.0116\) to \(0.1217\), while the pendulum remains slightly left of upright (\(\sin(\theta)\approx -0.055\)). A positive torque is therefore needed to overcome the local gravitational tendency and create the observed positive angular acceleration. Using the Pendulum dynamics gives an estimated torque close to \(+1.0\).","2"
"terra","Pendulum-v1","last-state","5","From step 4, the pendulum has a small positive angle and positive angular velocity. The negative torque at step 4 reverses the angular motion, so by state \(s5\) the angular velocity should be negative but still less negative than the later velocity in \(s6\). As the pendulum begins moving back toward upright, cosine increases and sine decreases from \(s5\) to \(s6\).","2"
"terra","Pendulum-v1","last-state","5","The negative torque continues to reduce the angular velocity from step 5 onward. From \(s_6\) to \(s_7\), the pendulum moves closer to the upright angle: cosine increases, sine decreases, and angular velocity becomes more negative. Using the observed dynamics and the given \(a_6=-1.3476\), \(s_6\) is approximately \([0.9925,\ 0.1221,\ -0.2932]\).","2"
"terra","Pendulum-v1","last-state","5","The pendulum is moving back toward the upright position from a small positive angle. From \(s7\) to \(s8\), the angle decreases, so the cosine component increases and the sine component decreases. The negative torque continues making the angular velocity more negative. Using the observed dynamics and \(s8\), \(s7\) is approximately \([0.9948, 0.1020, -0.4037]\).","2"
"terra","Pendulum-v1","last-state","5","At step 7, the pendulum is slightly left of upright with decreasing angle and negative angular velocity. The negative torque at step 7 should further increase the negative angular velocity, moving the pendulum angle closer to zero. Thus, by s8 the cosine coordinate should be larger, sine coordinate smaller, and angular velocity more negative than at s7. Applying `a8 = -2` then continues this trend to s9: cosine increases, sine decreases, and angular velocity decreases further.","2"
"terra","Pendulum-v1","last-state","5","From step 8, the pendulum has positive angle (`sin(theta) > 0`) but a negative angular velocity. The negative torque at step 8 should continue moving it clockwise, reducing the angle toward zero and making the angular velocity more negative. Thus at `s9`, the pendulum is still slightly left of upright but moving clockwise faster. The positive action `a9 = 1.6174` then counteracts this clockwise motion, so by `s10` the angular velocity becomes less negative. The pendulum angle continues decreasing during this transition, bringing `sin(theta)` closer to zero and `cos(theta)` closer to one.","2"
"terra","Pendulum-v1","last-state","5","The pendulum is near upright at step 10. The positive action \(a10=1.8099\) counteracts the prior negative angular velocity, causing angular velocity to become less negative by s11. As the pendulum moves from a small positive angle toward zero, its sine/y-coordinate decreases, while cosine/x-coordinate moves closer to 1.","2"
"terra","Pendulum-v1","last-state","5","From step 10, the pendulum is slightly to the positive-angle side (`y = 0.0156`) and moving clockwise/negative angular direction (`angular velocity = -0.4768`). The positive torque at step 10 slows that negative angular velocity, so at `s11` the pendulum should still have a small positive `y` value but a less-negative angular velocity.  
   
   Applying `a11 = -0.3191` then pushes the angular velocity more negative, causing the pendulum to cross from slightly positive `y` to negative `y` at `s12`. The cosine/x coordinate remains effectively unchanged near `1.0`, within the `1e-4` threshold.","2"
"terra","Pendulum-v1","last-state","5","From step 11, the pendulum is near upright with a small positive angle and negative angular velocity. The negative torque at step 11 causes it to pass slightly to the negative-angle side by step 12. Then the positive action `a12 = 1.4111` increases angular velocity substantially, producing the less-negative angular velocity in `s13`. Since the angle moves from roughly `-0.0059` to `-0.0074`, the sine/y component decreases. The cosine/x component changes by less than `1e-4`, so it is treated as unchanged.","2"
"terra","Pendulum-v1","last-state","5","At step 12 the pendulum is slightly to the right of upright (`y < 0`) with negative angular velocity. The positive action at step 12 slows/reverses that negative motion, so at `s13` the angular velocity should be close to zero but still slightly negative. Then action `a13 = -1.4401` applies a substantial clockwise torque, making the angular velocity more negative by `s14`. As the angle moves further negative, `y = sin(theta)` decreases, while `x = cos(theta)` decreases slightly because the pendulum moves farther from the upright angle.","2"
"terra","Pendulum-v1","last-state","5","From step 13, the negative torque causes the pendulum’s angular velocity to become more negative at step 14, moving the angle further left/downward (more negative sine). Then the positive action `a14 = 1.7093` substantially increases angular velocity from a negative value to approximately `-0.01` at `s15`. The cosine coordinate changes by less than `1e-4`, so it is treated as unchanged.","2"
"terra","Pendulum-v1","last-state","10","From step 9, the pendulum has positive sine/angle and a negative angular velocity. The positive action at step 9 slows the negative rotation, leading to a smaller positive angle at \(s10\). At step 10, another positive torque further reduces the magnitude of the negative angular velocity, resulting in \(s11 = [1.0, 0.0059, -0.1936]\). Thus, from \(s10\) to \(s11\), cosine increases toward 1, sine decreases toward 0, and angular velocity increases (becomes less negative).","2"
"terra","Pendulum-v1","last-state","10","The prior state should be very near upright, with a small positive sine component before crossing to the small negative sine component in \(s12\). The negative torque \(a11=-0.3191\) continues the clockwise angular motion, making angular velocity more negative. The cosine coordinate remains effectively unchanged because both angles are extremely close to zero and \(\cos(\theta)\approx 1\); its change is below the \(10^{-4}\) threshold.","2"
"terra","Pendulum-v1","last-state","10","At step 12, the positive torque \(a_{12}=1.4111\) increases angular velocity substantially: the angular velocity moves from a more negative value toward \(-0.0298\). Since the resulting angular velocity is still slightly negative, the pendulum angle continues moving left/downward, so the sine component becomes more negative. Near the upright position, the cosine component changes only by a tiny amount (below \(10^{-4}\)), so it is classified as unchanged.","2"
"terra","Pendulum-v1","last-state","10","From step 12, the pendulum is slightly to the negative-angle side (`y < 0`) with negative angular velocity. The positive action at step 12 should slow that negative motion substantially, producing an s13 close to upright with a small negative angle and near-zero negative angular velocity. Then action `a13 = -1.4401` drives the angular velocity more negative, moving the pendulum farther into negative angles by s14. Therefore, `x = cos(theta)` decreases slightly, `y = sin(theta)` decreases, and angular velocity decreases.","2"
"terra","Pendulum-v1","last-state","10","From step 13, the pendulum is near upright but slightly left of vertical with negative angular velocity. The negative action at step 13 should make the angular velocity substantially more negative at \(s14\), moving the sine component further negative. Then the positive action \(a14=1.7093\) counteracts that negative velocity, yielding the near-zero angular velocity in \(s15\). The cosine component remains effectively unchanged because both angles are very close to zero and its change is below \(10^{-4}\).","2"
"terra","Pendulum-v1","last-state","10","The pendulum’s angle at \(s_{16}\) is slightly more negative than at \(s_{15}\), since \(y=\sin(\theta)\) changes from approximately \(-0.0205\) to \(-0.0289\). The negative angular velocity at \(s_{16}\) indicates continued clockwise motion. With action \(a_{15}=-0.9498\), the torque also acts clockwise, making angular velocity substantially more negative. Consequently, the cosine coordinate decreases slightly, the sine coordinate decreases, and angular velocity decreases.","2"
"terra","Pendulum-v1","last-state","10","From step 15, the pendulum is slightly right of upright with a small negative angular velocity. The negative action at step 15 likely drives it further in the negative-angle direction, producing an s16 with a slightly more negative sine component and more negative angular velocity. Then at step 16, the positive torque `a16 = 0.544` counteracts that negative motion: angular velocity becomes less negative by s17, while the pendulum still moves slightly further into negative angle during the transition.","2"
"terra","Pendulum-v1","last-state","10","From step 16, the pendulum is slightly to the right of upright with a negative angular velocity. The positive action at step 16 likely reduces the negative angular velocity somewhat, producing an s17 angle around \(-0.034\) rad and angular velocity around \(-0.108\). From s17 to s18, the small positive torque (`0.025`) is insufficient to overcome the pendulum’s gravitational acceleration, so it continues moving in the negative-angle direction. Thus both cosine and sine coordinates decrease, and angular velocity becomes more negative.","2"
"terra","Pendulum-v1","last-state","10","From step 17, the pendulum is slightly left of upright and moving clockwise (negative angular velocity). The small action at step 17 likely lets it continue moving farther left, so at \(s18\) the angle is more negative than at step 17 and the angular velocity is still negative. Then action \(a18=0.7088\) applies positive/counterclockwise torque, making the angular velocity less negative by \(s19\). The pendulum nevertheless moves slightly farther left during this transition, so \(y=\sin(\theta)\) decreases and \(x=\cos(\theta)\) slightly decreases as the angle magnitude grows.","2"
"terra","Pendulum-v1","last-state","10","From step 18, the pendulum has a negative angle and negative angular velocity. The positive action at step 18 likely reduces the negative angular velocity, producing an s19 angular velocity still slightly negative. Then action `a19 = 0.5939` further accelerates it counterclockwise, resulting in the near-zero positive angular velocity in s20. Thus, from s19 to s20, the sine/y component becomes less negative (increases), angular velocity increases, and the cosine/x component remains effectively unchanged at the displayed precision.","2"
"terra","Pendulum-v1","last-state","20","Near step 19 the pendulum is slightly to the negative-angle side of upright. With the small positive action `0.0888`, the angular velocity becomes more negative due to gravity dominating the small applied torque. Thus, from `s20` to `s21`, the sine/angle coordinate decreases and angular velocity decreases. The cosine coordinate changes only very slightly (less than `1e-4`), so it is treated as unchanged.","2"
"terra","Pendulum-v1","last-state","20","The pendulum is near the upright position, with a small negative angle. From \(s_{21}\) to \(s_{22}\), the positive torque \(a_{21}=0.6435\) increases angular velocity from slightly negative to positive. This moves the pendulum angle upward (the sine/y component becomes less negative). The cosine/x component changes only extremely slightly because it is already very close to 1; its change is below the \(10^{-4}\) threshold and is therefore treated as unchanged.","2"
"terra","Pendulum-v1","last-state","20","From step 21, the positive torque `0.6435` should increase angular velocity from `-0.0167` to a small positive value at step 22. This moves the pendulum slightly back toward upright, so `y` becomes less negative and `x` slightly increases. Then action `a22 = -1.0872` produces a strong negative angular acceleration, yielding the observed negative angular velocity in `s23` and moving `y` more negative.","2"
"terra","Pendulum-v1","last-state","20","From step 22, the pendulum has a small negative angle (`sin(theta) < 0`) and a small positive angular velocity. The negative torque at step 22 drives its angular velocity negative, so the inferred `s23` has a more negative sine component and negative angular velocity. The positive action `a23 = 1.4213` then raises the angular velocity to `0.0285` and moves the pendulum angle slightly back toward zero. The cosine change is only about `+0.00007`, below the `1e-4` threshold, so it is treated as unchanged.","1"
"terra","Pendulum-v1","last-state","20","From step 23, the positive torque likely increases angular velocity from its negative value and moves the pendulum angle upward (the sine component becomes less negative). With action \(a_{24}=0.3345\), the angular velocity should increase further to the observed \(0.0428\). Therefore, compared with \(s_{24}\), the next state \(s_{25}\) has a slightly larger cosine value, a less-negative sine value, and a larger angular velocity.","2"
"terra","Pendulum-v1","last-state","20","From step 24, the pendulum is slightly to the right of upright with a small positive angular velocity. The positive action at step 24 likely raises the angular velocity slightly, giving an estimated \(s25\) with a less-negative sine component and positive angular velocity. At step 25, the negative torque `-0.4878` drives the angular velocity downward to `-0.0646`, causing the pendulum angle to move further negative: `y` decreases and `x` also slightly decreases. All changes exceed the \(10^{-4}\) unchanged threshold.","2"
"terra","Pendulum-v1","last-state","20","From step 25, the pendulum is slightly left of upright with a small positive angular velocity. The negative action at step 25 should make the angular velocity negative at \(s_{26}\), moving the pendulum slightly farther left. Then the positive action \(a_{26}=0.6751\) counteracts that negative velocity, bringing the angular velocity at \(s_{27}\) essentially to zero. The position coordinates change only by about \(10^{-6}\), below the \(10^{-4}\) threshold, so they are classified as unchanged.","1"
"terra","Pendulum-v1","last-state","20","From step 26, the pendulum is at a small negative angle with negative angular velocity. The positive action at step 26 (`0.6751`) should nearly cancel the negative angular velocity by step 27. Then the further positive action at step 27 (`0.7845`) accelerates the pendulum counterclockwise, producing the positive angular velocity observed in `s28 = [0.9990, -0.0448, 0.0811]`. Thus, `s27` should have a slightly smaller cosine value, a more-negative sine value, and an angular velocity near zero/slightly negative.","2"
"terra","Pendulum-v1","last-state","20","From step 27, the pendulum is near angle \(\theta \approx -0.0489\) with nearly zero angular velocity. The positive action at step 27 likely produces a small positive angular velocity in \(s28\), moving the pendulum slightly toward upright, so the sine component becomes less negative. Then action \(a28=-1.3752\) applies a strong clockwise torque, producing the negative angular velocity observed in \(s29\) and moving the angle farther negative. Therefore, from \(s28\) to \(s29\), cosine decreases slightly, sine decreases (becomes more negative), and angular velocity decreases substantially.","2"
"terra","Pendulum-v1","last-state","20","From step 28, the pendulum is slightly left of upright with positive angular velocity. The negative action at step 28 likely pushes it farther left and reverses its velocity, making \(s29\) have a more negative y-coordinate and negative angular velocity. Then action \(a29=1.9078\) strongly accelerates it counterclockwise, producing the positive angular velocity in \(s30\). Since the angle moves from slightly more negative to less negative, both x and y increase from \(s29\) to \(s30\).","2"
"terra","Pendulum-v1","last-state","30","At step 30, the pendulum was likely slightly closer to upright than at \(s31\), with a small positive angular velocity. The negative torque \(a30=-0.8885\) reverses/reduces that positive angular motion, producing the negative angular velocity in \(s31\). As the angle moves from about \(-0.0484\) to \(-0.0525\), both cosine decreases slightly and sine becomes more negative.","2"
"terra","Pendulum-v1","last-state","30","At step 30, the pendulum has a slightly negative angle (`y < 0`) and positive angular velocity. The negative action at step 30 likely reverses the angular velocity, moving the pendulum somewhat farther into the negative-angle region by state `s31`. Then the positive action `a31 = 1.4704` accelerates it counterclockwise, producing the positive angular velocity in `s32 = [0.9989, -0.0475, 0.0994]`. Thus, compared with `s31`, all three values increase by `s32`: cosine increases because the pendulum moves closer to upright, sine becomes less negative, and angular velocity becomes positive.","2"
"terra","Pendulum-v1","last-state","30","From step 31, the positive torque increases angular velocity from negative to slightly positive at \(s_{32}\). Then action \(a_{32}=-0.9442\) applies a negative (clockwise) torque, causing the angular velocity to drop to \(-0.0779\) at \(s_{33}\). The pendulum moves farther into negative sine/angle territory, so the sine coordinate decreases. Since the pendulum moves slightly farther from the upright position, the cosine coordinate also decreases by more than \(10^{-4}\).","2"
"terra","Pendulum-v1","last-state","30","The positive action at step 33 (`a33 = 1.5583`) applies counterclockwise torque, reversing the previously negative angular velocity and producing the positive angular velocity in `s34`. From the pendulum integration pattern, the angle at `s33` was slightly more negative than at `s34`; therefore its sine was more negative and cosine slightly lower. All three state components increased from `s33` to `s34`.","2"
"terra","Pendulum-v1","last-state","30","From step 33, the positive torque `1.5583` reverses the negative angular velocity and moves the pendulum angle upward (the negative `y` coordinate becomes less negative). Thus `s34` should have a slightly larger `x`, larger `y`, and positive angular velocity. Under the small positive action `0.1805` at step 34, gravity slightly reduces the positive angular velocity while the pendulum continues moving toward upright, producing `s35`.","2"
"terra","Pendulum-v1","last-state","30","From step 34, the pendulum is slightly left of upright (`y < 0`) with positive angular velocity. The small positive action at step 34 likely moves it closer to upright, yielding an estimated \(s35\) with a less-negative y-coordinate and positive angular velocity. Then the strongly negative action \(a35=-1.4898\) reverses the angular velocity and moves the pendulum farther left/downward, producing the given \(s36\). Thus all displayed state components decrease from \(s35\) to \(s36\).","2"
"terra","Pendulum-v1","last-state","30","From step 35, the negative torque likely moves the pendulum slightly farther into negative angle and reverses/reduces its positive angular velocity, yielding an estimated \(s36\) with a more negative \(y\) and negative angular velocity. Action \(a36=1.7351\) is a strong positive torque, which increases angular velocity to the observed positive value in \(s37\), and moves the pendulum angle back toward upright. Thus all three state components increase from \(s36\) to \(s37\). The small increase in element 0 is above the \(10^{-4}\) unchanged threshold.","2"
"terra","Pendulum-v1","last-state","30","From the observed dynamics, the angle components follow the angular velocity: the pendulum moved from a slightly less-negative angle at step 37 to a more-negative angle at step 38 because the resulting angular velocity at step 38 is negative (`-0.2468`). The torque at step 37 is strongly negative (`-1.9743`), producing a substantial reduction in angular velocity. Therefore, compared with `s38`, `s37` had slightly higher cosine, less-negative sine, and higher angular velocity.","2"
"terra","Pendulum-v1","last-state","30","From step 37, the strong negative torque likely moves the pendulum slightly farther to the negative-angle side and makes its angular velocity substantially negative at \(s38\). Then action \(a38=+2\) produces a strong positive angular acceleration, changing the angular velocity from negative to slightly positive by \(s39\). The sine/y coordinate therefore increases (becomes less negative). The cosine/x coordinate increases only by roughly \(3\times10^{-5}\), which is below the \(10^{-4}\) threshold and is treated as unchanged.","1"
"terra","Pendulum-v1","last-state","30","From step 38, the pendulum has negative angular velocity (`-0.2468`) and receives maximum positive torque (`2.0`), so its angular velocity should increase substantially by step 39, becoming slightly positive. With the pendulum still slightly to the right/negative-angle side (`y < 0`), the subsequent positive action `a39 = 1.0085` increases angular velocity further, moving the angle toward zero. Thus `x`, `y`, and angular velocity all increase from `s39` to `s40`.","2"
"terra","Pendulum-v1","next-action","5","The pendulum is still displaced to the positive-angle side (\(\theta \approx 0.137\) rad) but is now moving back toward upright with a small negative angular velocity. The agent has consistently applied near-maximal negative torque to reduce the positive angle and build corrective motion toward the upright position. Since the pendulum is still noticeably offset from upright and its negative velocity is modest, the most likely policy remains saturated negative torque.","3"
"terra","Pendulum-v1","next-action","5","The pendulum remains slightly displaced from upright with positive angle (`sin(theta) > 0`), so the agent continues applying negative torque to correct the displacement. However, its angular velocity is increasingly negative, meaning it is already moving back toward upright; therefore the agent will likely reduce the magnitude of the negative torque relative to the earlier near-`-2` actions.","3"
"terra","Pendulum-v1","next-action","5","The pendulum is still slightly to the positive-angle side (`sin(theta) ≈ 0.102`) but is moving back toward upright with increasingly negative angular velocity (`-0.4037`). The agent has been progressively reducing the magnitude of its negative torque as the pendulum gains negative angular velocity, likely preparing to brake/correct the return motion. A negative action around `-0.9` is a plausible continuation of this behavior.","3"
"terra","Pendulum-v1","next-action","5","The pendulum is close to upright (`cos≈0.997`, `sin≈0.077`) but is rotating increasingly in the negative direction (`angular velocity=-0.5066`). Recent actions remain negative but their magnitude has generally been reduced as the pendulum approaches the upright position and gains negative angular velocity. Thus, the next torque is likely still negative, but weaker than the previous `-1.1959`, approximately around `-0.9`.","2"
"terra","Pendulum-v1","next-action","5","At state \(s_9\), the pendulum is very close to upright (\(\sin\theta \approx 0.0394\)) but has a relatively large negative angular velocity (\(-0.7489\)), meaning it is rotating past the upright position clockwise. A stabilizing policy would most likely apply a positive (counterclockwise) torque to brake this negative motion and prevent overshooting. Given the magnitude of the angular velocity, the torque is likely near the positive action limit.","4"
"terra","Pendulum-v1","next-action","5","The pendulum is very close to upright (`cos≈1`, `sin≈0.016`) but still has negative angular velocity (`-0.4768`). The previous strong positive torque at step 9 reduced the negative velocity substantially. The agent will likely continue applying a positive, but somewhat reduced, counterclockwise torque to brake the remaining clockwise motion without overshooting excessively.","2"
"terra","Pendulum-v1","next-action","5","The pendulum is almost upright (`cos≈1`, `sin≈0.0059`) but still has a negative angular velocity (`-0.1936`), meaning it is moving clockwise away from the upright equilibrium. In the preceding steps, the agent applied positive torque to counteract the negative angular velocity and stabilize the pendulum. Since the velocity magnitude is now smaller than at step 10, the needed corrective positive torque should also be smaller, likely around `0.7`.","2"
"terra","Pendulum-v1","next-action","5","At state \(s_{12}\), the pendulum has just crossed the upright position (\(y<0\)) and is still rotating clockwise (\(\dot{\theta}=-0.237\)). A positive (counterclockwise) torque is therefore likely needed to slow and reverse this motion, keeping the pendulum near upright. The preceding corrective action at step 10 was strongly positive, so a similarly positive action is likely, though somewhat below saturation.","2"
"terra","Pendulum-v1","next-action","5","At \(s_{13}\), the pendulum is extremely close to upright (\(\sin(\theta)\approx -0.0074\)) and has a small negative angular velocity (\(-0.0298\)). A small positive (counterclockwise) torque should be applied to counter the slight clockwise displacement/velocity and stabilize the pendulum around the upright equilibrium. Based on the preceding corrective actions, a modest positive torque is most likely.","3"
"terra","Pendulum-v1","next-action","5","At \(s_{14}\), the pendulum is slightly left of upright (\(\sin(\theta)\approx -0.02\)) and has negative angular velocity (\(-0.2514\)), meaning it is moving further left. The preceding behavior indicates the agent generally applies a positive (counterclockwise) torque when angular velocity is negative, to slow/reverse that motion and stabilize near upright. A relatively strong positive corrective torque is therefore likely.","3"
"terra","Pendulum-v1","next-action","10","At \(s_{10}\), the pendulum is very close to upright (\(\sin\theta \approx 0.0156\)) but has a negative angular velocity (\(-0.4768\)), meaning it is moving away from the upright point in the negative direction. The previous positive torque at step 9 reduced the negative velocity from \(-0.7489\) to \(-0.4768\). The agent will likely continue applying a strong positive torque to brake this motion and stabilize the pendulum upright.","2"
"terra","Pendulum-v1","next-action","10","Near the upright equilibrium, the pendulum angle is very small and angular velocity is negative. The agent has recently switched to positive torques to counteract this negative rotation. Since the magnitude of the negative angular velocity has decreased substantially, the required corrective torque should remain positive but be lower than the previous actions around \(1.6\)–\(1.8\). A moderate positive torque around \(0.6\) is most likely.","2"
"terra","Pendulum-v1","next-action","10","At s12, the pendulum has just crossed the upright position: angle is slightly negative (`sin(theta) ≈ -0.0059`) and angular velocity remains negative (`-0.237`), meaning it is continuing leftward. The prior actions near upright generally switch to positive torque to brake/reverse this leftward motion. A strong positive corrective torque is therefore likely.","3"
"terra","Pendulum-v1","next-action","10","At \(s_{13}\), the pendulum is extremely close to upright (\(\sin(\theta)\approx -0.0074\)) but remains slightly tilted and moving clockwise (negative angular velocity). The recent policy behavior applies positive/counterclockwise torque to reduce this negative angular motion and bring the angle back toward zero. A moderate positive torque is therefore most likely.","3"
"terra","Pendulum-v1","next-action","10","At \(s_{14}\), the pendulum is slightly to the negative-angle side (\(\sin\theta=-0.02\)) and has a negative angular velocity (\(-0.2514\)), meaning it is continuing to move away from the upright position in that direction. The recent policy behavior applies positive torque to counteract negative angular velocity near upright (e.g., steps 9, 10, and 12). Since both the angle and velocity need correction, a strong positive corrective torque, likely near the action limit, is expected.","2"
"terra","Pendulum-v1","next-action","10","At \(s_{15}\), the pendulum is very close to upright but is slightly to the negative-angle side (\(y=-0.0205\)) with near-zero negative angular velocity. The recent policy behavior uses positive torque to counter negative angle/negative angular velocity and push the pendulum back toward the upright equilibrium. A moderately strong positive corrective torque is therefore likely.","3"
"terra","Pendulum-v1","next-action","10","At \(s_{16}\), the pendulum is slightly to the negative-angle side (\(\sin(\theta)=-0.0289\)) and is moving further in that direction (\(\dot{\theta}=-0.1678\)). The agent’s earlier behavior in similar states—negative angle and negative angular velocity—typically applies a strong positive (counterclockwise) torque to slow/reverse the motion toward upright. A torque around \(+1.7\) is therefore most likely.","3"
"terra","Pendulum-v1","next-action","10","At \(s_{17}\), the pendulum is slightly left of upright (\(\sin\theta=-0.0343\)) and still rotating in the negative direction (\(\dot{\theta}=-0.1079\)). The agent has generally applied positive torque when the pendulum is left of upright and moving further left/downward, in order to counteract that motion. A moderate positive corrective torque is therefore likely.","3"
"terra","Pendulum-v1","next-action","10","The pendulum is slightly left of upright (`sin(theta) < 0`) and continues moving left (`angular velocity < 0`). A positive (counterclockwise) torque is likely needed to oppose the leftward motion and steer it back toward the upright position. Recent corrective actions in comparable states are positive, so a moderate positive torque is expected.","3"
"terra","Pendulum-v1","next-action","10","The pendulum is slightly left of upright (`sin(theta) < 0`) and has a small negative angular velocity, so it is still moving left. The agent’s recent behavior generally applies a positive (counterclockwise) torque in such states to reduce the leftward motion and bring the pendulum back toward upright. A moderate positive corrective torque is therefore most likely.","3"
"terra","Pendulum-v1","next-action","20","At \(s_{20}\), the pendulum is slightly to the negative-angle side (\(\sin\theta=-0.0433\)) and its angular velocity is almost zero but slightly positive. Recent actions near similar negative angles are generally positive, supplying counterclockwise torque to bring the pendulum back toward upright while avoiding excessive velocity. A moderate positive action is therefore most likely.","3"
"terra","Pendulum-v1","next-action","20","The pendulum is very close to upright but is slightly displaced to the negative-angle side (`sin(theta) ≈ -0.0442`) and has a small negative angular velocity (`-0.0167`). The recent behavior shows the policy applying a modest positive torque in this region to counteract the negative displacement/velocity and stabilize the pendulum. A small-to-moderate positive action is therefore most likely.","3"
"terra","Pendulum-v1","next-action","20","At \(s_{22}\), the pendulum is still slightly left of upright (\(\sin(\theta)=-0.0418\)) but now has a small positive angular velocity (\(0.0467\)), meaning it is moving back toward/through upright. Recent actions applied positive torque to reverse the prior negative velocity; since the velocity is now positive, the agent will likely apply a modest negative corrective torque to damp the motion and avoid overshooting.","3"
"terra","Pendulum-v1","next-action","20","At \(s_{23}\), the pendulum is slightly to the negative-angle side (\(y=-0.0492\)) and moving further negative (\(\dot{\theta}=-0.1478\)). The recent policy behavior applies positive torque in similar states to counteract negative angular velocity and return the pendulum toward upright. A moderately positive corrective torque is therefore likely.","3"
"terra","Pendulum-v1","next-action","20","The pendulum is slightly to the negative-angle side (`sin(theta) ≈ -0.0478`) but now has a small positive angular velocity (`+0.0285`), meaning it is moving back toward/through the upright point. In similar recent states with negative angle and positive angular velocity (especially step 22), the agent applies negative torque to brake the positive motion and keep the pendulum near upright. A moderately negative corrective torque is therefore likely.","2"
"terra","Pendulum-v1","next-action","20","The pendulum is very close to upright but is moving counterclockwise (positive angular velocity). Similar nearby states with positive angular velocity received negative torque to brake that motion and prevent overshooting. A moderately negative corrective action is therefore likely.","3"
"terra","Pendulum-v1","next-action","20","At \(s_{26}\), the pendulum is slightly to the right of upright in the observation convention (\(y<0\)) and has negative angular velocity. In nearby states with similarly negative angle and negative velocity (e.g., steps 18–19), the agent generally applies a moderate positive torque to counteract the motion and return toward upright. A positive action around \(0.6\)–\(0.8\) is most likely.","2"
"terra","Pendulum-v1","next-action","20","At \(s_{27}\), the pendulum is slightly to the negative-angle side (\(\theta \approx -0.049\)) but has essentially zero angular velocity. The previous positive action \(0.6751\) appears to have successfully cancelled the negative angular velocity. A small positive torque is now likely to counteract gravity and keep the pendulum near the upright equilibrium, rather than applying another large correction.","2"
"terra","Pendulum-v1","next-action","20","The pendulum is slightly to the negative-angle side (`sin(theta) ≈ -0.0448`) but is moving counterclockwise with positive angular velocity (`+0.0811`), away from a stable upright correction. The recent policy behavior generally applies negative torque when angular velocity becomes positive, to brake the motion and pull the pendulum back toward upright. A moderately strong negative torque is therefore likely.","3"
"terra","Pendulum-v1","next-action","20","At \(s_{29}\), the pendulum is slightly left of upright (\(\sin(\theta)=-0.0528\)) and moving further in the negative angular direction (\(\dot{\theta}=-0.1588\)). The agent’s prior behavior in similar states applies a positive corrective torque to reduce the negative angular velocity and move the pendulum back toward upright. The closest example is step 23, where a similar angle and velocity led to action \(+1.4213\).","2"
"terra","Pendulum-v1","next-action","30","The pendulum is slightly left of upright (`sin(theta) < 0`) and moving counterclockwise (`angular velocity > 0`), which moves it further away from the target. Similar nearby states, especially step 28, received a strong negative torque to brake and reverse this motion. Thus a negative action around \(-1.4\) is likely.","2"
"terra","Pendulum-v1","next-action","30","The pendulum is very close to upright but is tilted slightly negative (`sin(theta) ≈ -0.0525`) and moving further in the negative direction (`angular velocity = -0.0818`). The agent’s recent behavior in similar states applies a positive torque to counter the negative angular velocity and return the pendulum toward upright. A moderate positive torque is therefore most likely.","3"
"terra","Pendulum-v1","next-action","30","At \(s_{32} = [0.9989, -0.0475, 0.0994]\), the pendulum is slightly to the negative-angle side and moving with positive angular velocity. The agent’s nearby actions (e.g., steps 28 and 30) use negative torque to counteract this positive velocity and prevent overshooting the upright position. A moderate-to-strong negative torque around \(-1.1\) is most consistent with the observed control behavior.","2"
"terra","Pendulum-v1","next-action","30","State \(s_{33}\) has a small negative angle (\(\theta \approx -0.051\)) and negative angular velocity (\(-0.0779\)), meaning the pendulum is slightly to one side of upright and moving further away in the negative direction. In similar states—especially step 31, with angle about \(-0.0525\) and velocity \(-0.0818\)—the policy selected a positive corrective torque of \(1.4704\). Thus a positive torque near \(+1.4\) to \(+1.5\) is most likely.","2"
"terra","Pendulum-v1","next-action","30","The pendulum is very close to upright but is moving with positive angular velocity (`0.1173`). In the preceding sequence, when angular velocity becomes positive, the agent generally applies a negative torque to brake the motion and prevent overshooting. Given the relatively larger positive velocity at step 34, a moderately strong negative action is likely.","3"
"terra","Pendulum-v1","next-action","30","At \(s_{35}\), the pendulum is slightly left of upright (\(\sin\theta=-0.04\)) but has a positive angular velocity (\(+0.1103\)), meaning it is moving counterclockwise/toward and potentially past the upright position. In similar nearby states with positive angular velocity (steps 28, 30, and 32), the policy generally applies a negative torque to damp the motion and prevent overshoot. A torque near \(-1.0\) is therefore likely.","2"
"terra","Pendulum-v1","next-action","30","At \(s_{36}\), the pendulum is slightly to the negative-angle side (\(\sin\theta=-0.0472\)) and moving further negative with angular velocity \(-0.1432\). In similar states with negative angular velocity, the agent consistently applies a strong positive (counterclockwise) torque to brake and reverse the motion toward upright. Comparable actions are approximately \(+1.42\) to \(+1.91\), so a value around \(+1.75\) is likely.","3"
"terra","Pendulum-v1","next-action","30","The pendulum is slightly left of upright (\(y<0\)) and moving counterclockwise/leftward (\(\dot\theta>0\)). In similar nearby states (steps 28, 30, and 32), the policy applies a negative torque to slow that positive angular velocity and avoid overshooting upright. The closest match is step 28, so a moderately strong negative action is most likely.","2"
"terra","Pendulum-v1","next-action","30","The pendulum is slightly right of upright (`sin(theta) = -0.0554`) and moving further in that direction with a relatively large negative angular velocity (`-0.2468`). In similar preceding states with negative angle and negative velocity, the agent applies a strong positive (counterclockwise) torque to brake/reverse the fall. Because the current negative velocity is stronger than in most nearby examples, the action is likely near the positive torque limit.","3"
"terra","Pendulum-v1","next-action","30","The pendulum is slightly left of upright (`sin(theta) < 0`) with near-zero positive angular velocity. In the preceding sequence, when the pendulum is left of upright and its velocity is small, the agent generally applies a positive (counterclockwise) corrective torque. A moderate positive torque is therefore most likely.","3"
"terra","Pendulum-v1","next-state","5","The applied torque remains strongly negative (`-2`), producing a counterclockwise-negative acceleration in the observed local dynamics. The angular velocity has steadily decreased from `0.9009` to `0.0608`; with another `-2` torque it should become negative (about `-0.132`). The angle therefore starts moving back toward zero: `sin(theta)` decreases and `cos(theta)` increases slightly.","1"
"terra","Pendulum-v1","next-state","5","The negative torque remains strong at step 5, so the angular velocity should become more negative. The pendulum is currently slightly left of upright (`sin(theta) > 0`) and begins moving back toward upright/rightward, causing the angle and sine component to decrease while the cosine component increases.","2"
"terra","Pendulum-v1","next-state","5","The pendulum is near upright with a small positive angle (`sin(theta) ≈ 0.1221`) but is already moving clockwise (`angular velocity = -0.2931`). The negative torque `-1.3476` is also clockwise, so it further decreases angular velocity. Consequently, the angle moves closer to zero: cosine increases and sine decreases.

Using the Pendulum dynamics approximately:
- next angular velocity: \(-0.2931 + 0.05(15\sin(\theta) + 3u) \approx -0.4037\)
- next angle: \(\theta_{7} \approx 0.1224 + 0.05(-0.4037) \approx 0.1022\)

Thus, \(x=\cos(\theta)\) rises and \(y=\sin(\theta)\) falls.","1"
"terra","Pendulum-v1","next-state","5","The pendulum is currently slightly left of upright (`sin(theta)=0.1020`) and rotating clockwise (`angular velocity=-0.4037`). The applied torque is negative (`-1.1959`), which further accelerates clockwise rotation. Thus, the angular velocity should become more negative. As the angle moves closer toward zero from a positive angle, `sin(theta)` decreases and `cos(theta)` increases.","2"
"terra","Pendulum-v1","next-state","5","The pendulum is slightly left of upright (`sin(theta) > 0`) and already moving clockwise (`angular velocity < 0`). The saturated negative torque `-2.0` is clockwise, reinforcing the current motion. Thus the angle moves closer to zero: cosine increases toward 1, sine decreases toward 0, and angular velocity becomes more negative. Using the observed Pendulum dynamics gives an estimated next angular velocity near `-0.749` and next angle near `0.039` rad.","4"
"terra","Pendulum-v1","next-state","5","The pendulum is close to upright with a small positive angle (`sin(theta) = 0.0394`) but has negative angular velocity (`-0.7489`), so it is moving clockwise/rightward toward and past the upright position. The positive torque `+1.6174` is counterclockwise and opposes this negative angular velocity, making the angular velocity less negative. Thus, the next angle moves closer to zero: cosine increases toward 1, sine decreases toward 0, and angular velocity increases (becomes less negative).","2"
"terra","Pendulum-v1","next-state","5","The positive torque at step 10 opposes the current negative angular velocity and produces a positive angular acceleration. Thus, the angular velocity becomes less negative (increases). The pendulum is still moving toward the upright angle from positive angle values, so its sine component \(y=\sin(\theta)\) continues to decrease toward zero. The cosine component moves slightly closer to 1; however, its estimated change is below the \(10^{-4}\) threshold, so it is classified as unchanged.","2"
"terra","Pendulum-v1","next-state","5","The pendulum is nearly upright at step 11, with a small positive angle (`sin(theta) ≈ 0.0059`) and a negative angular velocity (`-0.1936`), meaning it is moving clockwise through the upright position. The negative torque action (`-0.3191`) further accelerates clockwise motion, so angular velocity should become more negative. The angle should cross from slightly positive to slightly negative, making the sine component decrease. The cosine component remains extremely close to 1; its change is below the `1e-4` threshold and is therefore classified as unchanged.

   Using the Pendulum-v1 dynamics approximately:
   - next angular velocity: about `-0.2371`
   - next angle: about `-0.0060` radians
   - next observation: approximately `[cos(-0.0060), sin(-0.0060), -0.2371]`","1"
"terra","Pendulum-v1","next-state","5","The positive torque at step 12 counteracts the current negative angular velocity. Using the observed Pendulum dynamics, the angular velocity should increase substantially (become less negative), while the pendulum angle continues slightly in the negative direction during this step. Therefore, the sine component decreases, the cosine component changes only negligibly near 1, and angular velocity increases.","2"
"terra","Pendulum-v1","next-state","5","The pendulum is nearly upright but slightly to the negative-angle side (`sin(theta) < 0`). The negative torque `a13 = -1.4401` applies a clockwise acceleration, making the angular velocity substantially more negative. Therefore the angle becomes more negative: the sine component decreases, the cosine component decreases slightly as the pendulum moves farther from upright, and angular velocity decreases.","2"
"terra","Pendulum-v1","next-state","10","The torque at step 9 switches from strongly negative torque at step 8 to positive torque `+1.6174`. Since the pendulum is near upright (`theta ≈ atan2(0.0394, 0.9992) ≈ 0.0394`) but rotating clockwise (`angular velocity = -0.7489`), the positive counterclockwise torque opposes the negative angular velocity. Thus, the angular velocity should become less negative (increase). The pendulum angle still moves slightly toward/through zero because velocity remains negative over this short transition: `sin(theta)` decreases, while `cos(theta)` increases.","1"
"terra","Pendulum-v1","next-state","10","The positive torque \(a_{10}=1.8099\) produces a positive angular acceleration. The pendulum is currently slightly to the left of upright (\(\sin(\theta)>0\)) but has negative angular velocity, so it continues moving back toward the upright angle while slowing its negative rotation. Thus, the angular velocity should become less negative, the sine component should decrease toward zero, and the cosine component should move slightly closer to \(1\).

Using the observed Pendulum-v1 dynamics gives an approximate next angular velocity of \(-0.194\) and angle near \(0.0059\) radians.","2"
"terra","Pendulum-v1","next-state","10","At step 11 the pendulum is nearly upright (`cos(theta) ≈ 1`, `sin(theta) = 0.0059`) but has a small negative angular velocity (`-0.1936`). The applied torque is also negative (`-0.3191`), which acts counterclockwise in the stated convention and, together with the dynamics near the upright point, makes the angular velocity more negative. Thus the pendulum moves from a slightly positive angle to a slightly negative angle. The cosine coordinate changes only negligibly because cosine is nearly flat around zero angle.","2"
"terra","Pendulum-v1","next-state","10","The positive torque at step 12 counteracts the current negative angular velocity. From the observed dynamics, the angular velocity should become less negative (increase toward zero), but the pendulum is still moving slightly in the negative-angle direction during this transition. Thus, the sine component decreases further (becomes more negative), while cosine remains effectively unchanged because it is already extremely close to 1.","2"
"terra","Pendulum-v1","next-state","10","The pendulum is almost upright but slightly to the negative-angle side (`y < 0`) and already moving clockwise (`angular velocity < 0`). The negative torque `-1.4401` is also clockwise, so it should make the angular velocity more negative. Consequently, the angle becomes more negative: the sine component decreases, while the cosine component slightly decreases from nearly `1`.","4"
"terra","Pendulum-v1","next-state","10","From \(s_{14}\), the pendulum is slightly to the right of upright in the negative-angle direction (\(\sin\theta=-0.02\)) and moving clockwise (\(\dot\theta=-0.2514\)). The positive torque \(a_{14}=1.7093\) applies a counterclockwise acceleration, strongly increasing angular velocity toward zero. The angle therefore changes only slightly further negative during this short transition. Consequently, sine decreases slightly, cosine changes by less than \(10^{-4}\), and angular velocity increases substantially.","2"
"terra","Pendulum-v1","next-state","10","The current pendulum angle is slightly negative (`sin(theta) = -0.0205`) and its angular velocity is near zero but negative (`-0.01`). The negative torque `-0.9498` produces a counterclockwise/negative angular acceleration in this local configuration, so the angular velocity should become more negative. Consequently, the pendulum moves farther into the negative-angle direction: sine decreases, while cosine also decreases slightly because the angle magnitude moves farther away from zero/upright.","2"
"terra","Pendulum-v1","next-state","10","The pendulum is slightly to the right of upright in the negative-angle direction (`sin(theta) < 0`) and is moving further negative (`theta_dot = -0.1678`). The positive torque `0.544` counteracts gravity and the negative angular velocity, producing a positive angular acceleration. Thus angular velocity becomes less negative (increases), but remains negative, so the angle continues slightly negative for one step. Consequently, `sin(theta)` decreases further and `cos(theta)` decreases slightly.","2"
"terra","Pendulum-v1","next-state","10","The pendulum is slightly to the right/negative-angle side of upright (`sin(theta) = -0.0343`) and has negative angular velocity (`-0.1079`). The small positive torque `0.025` is not enough to overcome the gravity-induced acceleration toward more negative angle. Therefore, the angular velocity becomes more negative, the sine component decreases further (more negative), and the cosine component decreases slightly as the angle moves farther from zero.","2"
"terra","Pendulum-v1","next-state","10","The current pendulum angle is slightly negative (`sin(theta) = -0.0408`), and it has negative angular velocity (`-0.1298`). The positive torque `0.7088` applies a counterclockwise acceleration, opposing the current negative angular motion. Thus, angular velocity should become less negative (increase), while the pendulum continues moving slightly farther into the negative-angle direction during this transition. Consequently, `sin(theta)` decreases, and `cos(theta)` decreases slightly as the angle moves farther from zero.","2"
"terra","Pendulum-v1","next-state","20","The state corresponds to a pendulum slightly right of upright? More precisely, \(y<0\) gives a small negative angle and the angular velocity is also slightly negative. The positive torque \(a_{19}=0.5939\) acts counterclockwise and counteracts the negative angular motion. From the recent transitions (especially steps 18→19), a positive torque increases angular velocity. Therefore the next angular velocity should become slightly positive, causing the pendulum angle/y-coordinate to move upward (less negative). The cosine/x-coordinate changes only extremely slightly because the pendulum remains very close to upright; its change is below the \(10^{-4}\) threshold.","2"
"terra","Pendulum-v1","next-state","20","The pendulum is slightly to the right of upright in angular coordinates represented by \(y=\sin(\theta)<0\), with nearly zero positive angular velocity. The small positive torque \(0.0888\) is not enough to overcome the gravitational restoring/accelerating term at the current negative angle. Thus angular velocity should become negative, moving the pendulum further toward negative \(y\). Since the angle magnitude increases slightly, cosine decreases only very slightly—by less than the \(10^{-4}\) unchanged threshold.","4"
"terra","Pendulum-v1","next-state","20","The current angle is slightly negative because \(y=\sin(\theta)=-0.0442\), so the pendulum is just to the right of upright. The positive torque \(+0.6435\) counteracts the negative gravitational/angular acceleration and changes angular velocity from slightly negative to positive. Therefore, the pendulum angle moves closer to zero: sine/y increases (becomes less negative), cosine/x increases slightly, and angular velocity increases.","2"
"terra","Pendulum-v1","next-state","20","The current pendulum angle is slightly negative (`sin(theta) = -0.0418`) and its angular velocity is slightly positive (`0.0467`). The applied torque is strongly negative (`-1.0872`), producing a clockwise acceleration. This reverses the angular velocity from positive to negative and moves the pendulum further into the negative-angle region. Therefore, `sin(theta)` decreases (becomes more negative), `cos(theta)` decreases slightly as the angle moves farther from zero, and angular velocity decreases substantially.","2"
"terra","Pendulum-v1","next-state","20","The current pendulum angle is slightly negative because \(y=-0.0492\), and it is moving clockwise with angular velocity \(-0.1478\). The positive torque \(a_{23}=1.4213\) is counterclockwise, opposing the negative angular velocity and producing a substantial positive acceleration. From the preceding transitions, the environment integrates angular velocity first and then updates angle. Thus, angular velocity should become slightly positive, causing \(y=\sin(\theta)\) to increase (become less negative). The cosine coordinate changes only very slightly near the upright position and should be below the \(10^{-4}\) change threshold.","2"
"terra","Pendulum-v1","next-state","20","The pendulum is close to upright with a small negative angle (`y < 0`) and a small positive angular velocity. The positive torque `a24 = 0.3345` counteracts gravity at this negative angle and produces a positive angular acceleration. Therefore, angular velocity should increase from `0.0285` to approximately `0.0428`. The angle becomes less negative, so `sin(theta)` / state element 1 increases toward zero, while `cos(theta)` / state element 0 increases very slightly toward 1.","2"
"terra","Pendulum-v1","next-state","20","From the transition pattern, the torque at step 25 is negative (`-0.4878`), producing a clockwise angular acceleration. The pendulum is currently slightly to the right of upright in angular coordinates (`sin(theta) = -0.0457`) with a small positive angular velocity (`0.0428`). The negative torque overcomes this positive velocity, so the next angular velocity becomes negative. The angle therefore moves further negative: the sine coordinate decreases, while the cosine coordinate slightly decreases because the pendulum moves farther from the upright position.","2"
"terra","Pendulum-v1","next-state","20","The current pendulum angle is slightly negative (`y < 0`) and angular velocity is negative. The positive action `+0.6751` applies counterclockwise torque, opposing the current negative angular velocity. From the observed dynamics, this torque should nearly cancel the gravitational/angular acceleration, bringing angular velocity very close to zero. Therefore, the angle-related coordinates change by far less than `1e-4`, while angular velocity increases substantially toward zero.","4"
"terra","Pendulum-v1","next-state","20","The current pendulum angle is slightly negative because \(y<0\), while angular velocity is essentially zero. The positive torque \(a_{27}=0.7845\) produces a positive angular acceleration, overcoming the small negative gravity contribution. Thus angular velocity becomes positive, the pendulum moves upward toward \(\theta=0\), \(y\) becomes less negative, and \(x=\cos(\theta)\) increases slightly as the angle magnitude decreases.","2"
"terra","Pendulum-v1","next-state","20","The state corresponds to \((\cos\theta,\sin\theta,\dot\theta)\). At step 28, the pendulum is slightly left of upright: \(\theta \approx -0.0448\) rad and angular velocity is positive (\(0.0811\)). The strongly negative torque \(a_{28}=-1.3752\) produces a clockwise acceleration, overcoming the small positive velocity and making the next angular velocity negative. Thus the pendulum moves farther into negative angle: \(\sin\theta\) becomes more negative and \(\cos\theta\) slightly decreases.","2"
"terra","Pendulum-v1","next-state","30","The action at step 29 is strongly positive (`+1.9078`), producing counterclockwise torque. From the current slightly negative angle and negative angular velocity, this positive torque should reverse the angular velocity from negative to positive. Therefore the pendulum angle moves upward toward zero: `y = sin(theta)` becomes less negative (increases), while `x = cos(theta)` moves closer to 1 (also increases).","2"
"terra","Pendulum-v1","next-state","30","The current pendulum angle is slightly negative because \(y=-0.0484\), while its angular velocity is positive (\(0.0878\)). However, the negative torque \(a_{30}=-0.8885\) acts clockwise and is strong enough to reverse the positive angular velocity. Based on the observed dynamics, the next angular velocity should become negative. The pendulum angle consequently moves further negative, so \(y=\sin(\theta)\) decreases and \(x=\cos(\theta)\) also slightly decreases because the pendulum moves farther from the upright position.","2"
"terra","Pendulum-v1","next-state","30","The current pendulum angle is slightly negative (`sin(theta) ≈ -0.0525`) and angular velocity is negative. However, the applied positive torque `+1.4704` produces a sufficiently strong counterclockwise acceleration to reverse the angular velocity from negative to positive. Therefore the pendulum moves closer to upright: `sin(theta)` becomes less negative (increases), `cos(theta)` increases slightly toward 1, and angular velocity increases substantially.","2"
"terra","Pendulum-v1","next-state","30","At step 32, the pendulum is slightly to the right of upright in angle representation terms (`sin(theta) = -0.0475`, so \(\theta \approx -0.0475\)) and has a small positive angular velocity (`0.0994`). The negative torque action `-0.9442` applies clockwise torque, opposing the current positive angular velocity and driving the angular velocity negative. As a result, the angle becomes more negative: `sin(theta)` decreases and `cos(theta)` slightly decreases as the pendulum moves farther from the upright position.","2"
"terra","Pendulum-v1","next-state","30","The current pendulum angle is slightly negative (`sin(theta) = -0.0514`) and its angular velocity is negative (`-0.0779`). The positive counterclockwise torque `+1.5583` should reverse the negative angular velocity and move the pendulum back toward the upright position. Similar nearby transitions, especially step 31 → 32, show that a positive torque at a similar angle/velocity produces a positive next angular velocity. Therefore, the sine component should become less negative, the cosine component should increase slightly toward `1`, and angular velocity should increase to a positive value.","2"
"terra","Pendulum-v1","next-state","30","The pendulum is slightly to the right of upright (\(y<0\), so \(\theta\approx-0.0455\)) and is moving counterclockwise (\(\dot\theta=0.1173\)). The small positive torque \(0.1805\) partly offsets gravity but is insufficient to overcome the gravitational acceleration toward more-negative angle. Thus angular velocity should decrease slightly, while the angle still moves upward toward zero during this transition. Consequently, \(y=\sin(\theta)\) increases (becomes less negative), and \(x=\cos(\theta)\) increases because the pendulum gets closer to the upright position.","2"
"terra","Pendulum-v1","next-state","30","The current pendulum angle is slightly negative (\(\theta \approx -0.040\)) and its angular velocity is positive (\(0.1103\)), meaning it is moving counterclockwise toward upright. However, action \(a_{35}=-1.4898\) applies a substantial clockwise torque. Combined with gravity at the current negative angle, this produces a negative angular acceleration, reversing the angular velocity for the next state. The angle therefore becomes more negative. As the magnitude of the angle increases away from zero, \(\sin(\theta)\) decreases and \(\cos(\theta)\) also slightly decreases.","2"
"terra","Pendulum-v1","next-state","30","The action at step 36 is strongly positive (`+1.7351`), producing a counterclockwise torque. From the current slightly negative angle (`y < 0`) and negative angular velocity, this torque should reverse the angular velocity from negative to positive. Consequently, the pendulum angle moves closer to upright: `y = sin(theta)` becomes less negative (increases), while `x = cos(theta)` also slightly increases because the magnitude of the angle decreases.

   Using the observed Pendulum dynamics with `dt ≈ 0.05`, the estimated next angular velocity is approximately `+0.0817`, and the angle changes from approximately `-0.0472 rad` to `-0.0431 rad`.","2"
"terra","Pendulum-v1","next-state","30","The action at step 37 is strongly negative (`-1.9743`), producing a clockwise torque. From the observed dynamics, a negative torque substantially decreases angular velocity. The pendulum is currently slightly to the negative-angle side (`y < 0`) with a small positive angular velocity, but the strong negative action reverses this velocity and moves the pendulum further into negative angle territory. Thus, `sin(theta)` decreases, `cos(theta)` decreases slightly as the magnitude of the angle grows, and angular velocity decreases sharply.","2"
"terra","Pendulum-v1","next-state","30","With positive maximum torque \(a_{38}=2\), the angular velocity should increase strongly from its negative value. The pendulum is slightly to the right of upright (\(y<0\), \(\theta<0\)); the positive torque counteracts the negative angular motion and moves the angle back toward zero. Thus \(y=\sin(\theta)\) becomes less negative (increases). The cosine coordinate also increases very slightly as the pendulum moves closer to upright, but its change is expected to be below \(10^{-4}\), so it is classified as unchanged.","2"
"luna","MountainCar-v0","last-action","5","From \(s_5\), the position is \(-0.4858\), so \(\cos(3\cdot -0.4858)\approx 0.11\). With action 2, the velocity change is approximately \(0.001 - 0.0025(0.11)\approx 0.00072\). Thus, the velocity increases from \(0.0039\) to about \(0.0046\), and the position becomes approximately \(-0.4811\), matching \(s_6\).","1"
"luna","MountainCar-v0","last-action","5","The position change from \(s_6\) to \(s_7\) is approximately \(0.0053\), matching the next velocity. Using \(p=-0.4811\), the gravity term is about \(-0.00032\). With action 2, the acceleration contribution is \(+0.001\), giving a velocity increase of about \(0.00068\), from \(0.0046\) to approximately \(0.0053\). This matches the observed transition.","1"
"luna","MountainCar-v0","last-action","5","From \(s_7\), the position change is \(-0.4699 - (-0.4758) \approx 0.0059\), matching the next velocity. Using \(p=-0.4758\) and \(v=0.0053\), the gravity term is approximately \(-0.0025\cos(3p)\approx -0.00036\). Choosing action 2 adds \(+0.001\), giving \(v_8\approx 0.00594\), which rounds to \(0.006\). Thus, the transition is consistent with accelerating right.","1"
"luna","MountainCar-v0","last-action","5","From \(s_8\), the velocity is \(0.006\) and the position is \(-0.4699\). Using the transition equation, the gravity term slightly reduces velocity, while action 2 adds \(0.001\). This gives a next velocity of approximately \(0.0066\), resulting in a next position near \(-0.4633\), matching \(s_9\).","2"
"luna","MountainCar-v0","last-action","5","The velocity changed from \(0.0065\) to \(0.0061\), a decrease of about \(0.0004\). At position \(-0.4633\), the gravity term contributes approximately \(-0.00045\). This matches taking action 1, which applies no additional acceleration. The resulting position is \(-0.4633 + 0.0061 \approx -0.4572\).","1"
"luna","MountainCar-v0","last-action","5","The velocity changed from \(0.0061\) to \(0.0056\), a decrease of about \(0.0005\). At position \(-0.4572\), the gravity term is approximately \(0.0025\cos(3(-0.4572)) \approx 0.0005\). With no applied acceleration (\(a=1\)), this gives \(v_{11}\approx 0.0061-0.0005=0.0056\), matching the observed transition.","1"
"luna","MountainCar-v0","last-action","5","The position change is \(-0.4466 - (-0.4516) \approx 0.0050\), matching the next velocity of approximately \(0.0051\). At position \(-0.4516\), the gravity term reduces velocity by about \(0.00054\). With action 1 (no acceleration), \(0.0056 - 0.00054 \approx 0.0051\), matching the observed transition. Actions 0 or 2 would change the velocity by an additional \(-0.001\) or \(+0.001\), respectively.","1"
"luna","MountainCar-v0","last-action","5","The velocity changed from \(0.0051\) to \(0.0035\), a decrease of approximately \(0.0016\). At position \(-0.4466\), the gravity term contributes roughly \(-0.00057\). Applying action 0 (accelerate left) adds \(-0.001\), giving an expected velocity near \(0.0035\), matching the observed transition. Actions 1 or 2 would produce larger velocities.","1"
"luna","MountainCar-v0","last-action","5","The new velocity is \(0.0019\), since \(-0.4412 - (-0.4431)=0.0019\). Using \(p=-0.4431\), \(\cos(3p)\approx 0.239\), so gravity contributes approximately \(0.0025(0.239)=0.0006\). With action 0:
\[
v_{14}=0.0035-0.001-0.0006\approx 0.0019,
\]
which matches the observed transition.","1"
"luna","MountainCar-v0","last-action","5","The velocity changed from \(0.0019\) to \(0.00028657\), a decrease of approximately \(0.001613\). At position \(-0.4412\), the gravity term contributes about \(-0.000613\). Applying left acceleration adds \(-0.001\), giving a total change of approximately \(-0.001613\), matching the observed transition. Thus, the action was acceleration to the left.","1"
"luna","MountainCar-v0","last-action","10","Using the transition equation at \(s_{10}\), the gravitational term is approximately \(0.0005\). With action \(a=1\) (no acceleration), the velocity changes from \(0.0061\) to approximately \(0.0056\), and the position becomes \(-0.4572 + 0.0056 = -0.4516\), matching \(s_{11}\).","1"
"luna","MountainCar-v0","last-action","10","The position changes from \(-0.4516\) to \(-0.4466\), implying a new velocity of approximately \(0.0050\). Using  
\[
v_{12}=v_{11}+(a_{11}-1)(0.001)-0.0025\cos(3p_{11}),
\]
with \(v_{11}=0.0056\) and \(p_{11}=-0.4516\), the gravity term is approximately \(-0.0005\). With action \(1\) (no acceleration), this gives \(v_{12}\approx0.0051\), matching the observed transition.","1"
"luna","MountainCar-v0","last-action","10","From \(s_{12}\), the velocity changes from \(0.0051\) to \(0.0035\), a decrease of approximately \(0.0016\). At position \(-0.4466\), gravity contributes about \(-0.0006\). The remaining decrease of about \(-0.001\) matches the left-acceleration term for action \(0\). The resulting position also matches: \(-0.4466 + 0.0035 \approx -0.4431\).","1"
"luna","MountainCar-v0","last-action","10","From \(s_{13}\), the velocity is \(0.0035\) and the position is \(-0.4431\). The gravity term is approximately \(0.0025\cos(3(-0.4431)) \approx 0.0006\). Thus, with action 0 (left acceleration), the next velocity is approximately \(0.0035 - 0.001 - 0.0006 = 0.0019\), matching \(s_{14}\). The resulting position is \(-0.4431 + 0.0019 = -0.4412\).","1"
"luna","MountainCar-v0","last-action","10","Using the transition equation,
   \[
   v_{15}-v_{14}=0.00028657-0.0019\approx -0.001613.
   \]
   At \(p_{14}=-0.4412\), the gravity term is approximately
   \[
   -0.0025\cos(3p_{14})\approx -0.000613.
   \]
   The remaining change is about \(-0.001\), which corresponds to \((a_{14}-1)\times 0.001=-0.001\). Therefore, \(a_{14}-1=-1\), so \(a_{14}=0\).","1"
"luna","MountainCar-v0","last-action","10","Using \(s_{15}=(-0.44088,\ 0.00028657)\), the gravitational contribution is approximately \(\cos(3p)\cdot 0.0025 \approx 0.00061\). For action \(0\) (accelerate left), the next velocity is approximately
   \[
   0.00028657 - 0.001 - 0.00061 \approx -0.00132,
   \]
   matching the observed velocity in \(s_{16}\), \(-0.0013\). The resulting position is also approximately \(-0.44088-0.00132=-0.4422\).","1"
"luna","MountainCar-v0","last-action","10","The velocity changes from approximately \(-0.0013\) at \(s_{16}\) to \(-0.0029\) at \(s_{17}\), a decrease of about \(-0.0016\). At position \(-0.4422\), the gravity contribution is approximately \(-0.0006\). Applying action 0 adds \(-0.001\) acceleration, giving a total change near \(-0.0016\), matching the observed transition.","1"
"luna","MountainCar-v0","last-action","10","From \(s_{17}\), the velocity changes from approximately \(-0.0029\) to \(-0.0045\), a change of about \(-0.0016\). At position \(-0.4451\), the gravity term contributes roughly \(-0.0006\). Applying action 0 adds the leftward acceleration of \(-0.001\), giving a total change close to \(-0.0016\), matching the observed transition.","1"
"luna","MountainCar-v0","last-action","10","From \(s_{18}\), the velocity changes from \(-0.0045\) to approximately \(-0.0061\), a decrease of about \(0.0016\). At position \(-0.4497\), the gravity term contributes roughly \(-0.00055\). Applying action 0 adds \(-0.001\) acceleration, giving a total change near \(-0.00155\), consistent with the observed velocity. Actions 1 or 2 would produce smaller or positive velocity changes.","1"
"luna","MountainCar-v0","last-action","10","From \(s_{19}\), the velocity changes from \(-0.0061\) to approximately \(-0.0076\), a change of about \(-0.0015\). At position \(-0.4557\), the gravity term contributes roughly \(-0.0005\). Choosing action \(0\) adds \(-0.001\) acceleration, giving a total change near \(-0.0015\), matching the observed transition.","1"
"luna","MountainCar-v0","last-action","20","From \(s_{20}\), the velocity changes from \(-0.0076\) to approximately \(-0.0090\), a change of about \(-0.0014\). At position \(-0.4633\), the gravity contribution is approximately \(-0.00045\). Taking action 0 adds \(-0.001\) acceleration, giving a total change near \(-0.00145\), matching the observed transition.","1"
"luna","MountainCar-v0","last-action","20","From \(s_{21}\), the velocity changes from \(-0.0090\) to \(-0.0104\), a change of approximately \(-0.0014\). At position \(-0.4723\), the gravity term contributes about \(-0.00038\). Applying action 0 adds \(-0.001\), giving a total change near \(-0.00138\), matching the observed transition.","1"
"luna","MountainCar-v0","last-action","20","The velocity changes from approximately \(-0.0104\) to \(-0.0117\), a change of about \(-0.0013\). At position \(-0.4827\), the gravity term contributes approximately \(-0.0003\). Applying action \(0\) adds \(-0.001\), giving a total change near \(-0.0013\), matching the observed transition.","1"
"luna","MountainCar-v0","last-action","20","The velocity changed from approximately \(-0.0117\) to \(-0.0129\), a decrease of about \(-0.0012\). At position \(-0.4944\), the gravity contribution is approximately \(-0.00022\). Applying action 0 adds \(-0.001\) acceleration, giving a total change near \(-0.00122\), matching the observed transition. The position also satisfies \(-0.4944 + (-0.0129) \approx -0.5073\).","1"
"luna","MountainCar-v0","last-action","20","From \(s_{24}\), the position changes from \(-0.5073\) to \(-0.5214\), so the next velocity is approximately \(-0.0140\), a change of about \(-0.0011\). At position \(-0.5073\), the gravity contribution is approximately \(-0.00012\). Action \(0\) adds \(-0.001\), giving a total velocity change near \(-0.00112\), matching the observed transition.","1"
"luna","MountainCar-v0","last-action","20","From \(s_{25}\), the velocity changes from approximately \(-0.0140\) to \(-0.0151\), a change of about \(-0.0011\). At position \(-0.5214\), the gravity contribution is very small, so this decrease is consistent with applying left acceleration: \(a=0\). Actions 1 or 2 would not produce such a negative velocity change.","1"
"luna","MountainCar-v0","last-action","20","The velocity changes from approximately \(-0.0151\) to \(-0.0160\), a change of about \(-0.0009\). At position \(-0.5365\), the gravity term contributes roughly \(+0.0001\). Therefore, an additional leftward acceleration of \(-0.001\) is needed, corresponding to action \(0\). This matches the transition:
\[
-0.0151 - 0.001 + 0.0001 \approx -0.0160.
\]","1"
"luna","MountainCar-v0","last-action","20","The velocity changes from approximately \(-0.016\) at \(s_{27}\) to \(-0.0168\) at \(s_{28}\), matching the position change \(-0.5692 - (-0.5524) = -0.0168\). At position \(-0.5524\), the gravitational contribution is about \(+0.0002\). Applying action 0 adds \(-0.001\), giving an expected velocity near \(-0.0168\). Actions 1 or 2 would produce less negative velocity.","1"
"luna","MountainCar-v0","last-action","20","The velocity changes from \(-0.0168\) to \(-0.0174\), a decrease of about \(0.0006\). At position \(-0.5692\), the gravity term contributes approximately \(+0.00034\). Applying action 0 adds \(-0.001\), giving a net change near \(-0.00066\), matching the observed transition. Actions 1 or 2 would produce a positive velocity change.","1"
"luna","MountainCar-v0","last-action","20","At \(s_{29}\), the velocity changes from \(-0.0174\) to approximately \(-0.0179\), a decrease of about \(0.0005\). At position \(-0.5866\), the gravity term contributes a small positive acceleration, so applying action 0 (accelerate left) produces the observed net decrease in velocity. The resulting position also matches \(-0.5866 + (-0.0179) \approx -0.6045\).","1"
"luna","MountainCar-v0","last-action","30","The velocity changes from approximately \(-0.0179\) to \(-0.0183\), a decrease of about \(0.0004\). At position \(-0.6045\), the gravity term contributes approximately \(+0.0006\). Applying action 0 adds \(-0.001\), giving a net change near \(-0.0004\), matching the observed transition.","1"
"luna","MountainCar-v0","last-action","30","At \(s_{31}\), the position is \(-0.6229\), so \(\cos(3p)\approx \cos(-1.8687)\approx -0.29\). The gravity contribution is therefore approximately \(+0.00073\). To change the velocity from \(-0.0183\) to about \(-0.0186\), the acceleration contribution must be approximately \(-0.001\), corresponding to action \(0\) (accelerate left). This also gives the next position near \(-0.6415\).","1"
"luna","MountainCar-v0","last-action","30","The velocity changes from approximately \(-0.0186\) at \(s_{32}\) to \(-0.0187\) at \(s_{33}\), a slight decrease. At position \(-0.6415\), the gravity term contributes a small positive acceleration, so applying action 0 (accelerate left) is needed to produce a net negative velocity change. This also matches the position change from \(-0.6415\) to \(-0.6602\).","2"
"luna","MountainCar-v0","last-action","30","At \(s_{33}\), the position changes from \(-0.6602\) to \(-0.6790\), so the next velocity is approximately \(-0.0188\), essentially unchanged from \(-0.0187\). At position \(-0.6602\), the gravity term slightly offsets the leftward velocity. Applying action \(0\) (accelerate left) produces a next velocity of approximately \(-0.0187\), matching the observed transition. Actions \(1\) or \(2\) would result in less negative velocity.","1"
"luna","MountainCar-v0","last-action","30","At \(s_{34}\), the position is \(-0.679\) and the velocity is approximately \(-0.0187\). Since \(\cos(3 \times -0.679)\) is negative, the gravity term slightly increases the velocity. To obtain the observed next velocity of approximately \(-0.0186\), the action must add a \(-0.001\) acceleration, corresponding to action \(0\) (accelerate left).","2"
"luna","MountainCar-v0","last-action","30","At \(s_{35}\), position \(p=-0.6976\), so \(\cos(3p)\approx -0.50\). The gravity term therefore increases velocity by about \(0.00125\). For action \(0\), the left acceleration contributes \(-0.001\), giving a net velocity change of approximately \(+0.00025\), from \(-0.0186\) to about \(-0.0184\), matching \(s_{36}\). Actions \(1\) or \(2\) would produce larger increases in velocity.","1"
"luna","MountainCar-v0","last-action","30","At \(s_{36}\), the position is \(-0.716\) and velocity is \(-0.0184\). The transition to \(s_{37}\) gives velocity approximately \(-0.0180\), an increase of about \(0.0004\). Using  
\[
\Delta v=(a-1)(0.001)-0.0025\cos(3(-0.716)),
\]
the gravity term contributes approximately \(+0.0014\). Choosing \(a=0\) adds \(-0.001\), resulting in a net increase of about \(0.0004\), matching the observed transition.","1"
"luna","MountainCar-v0","last-action","30","At \(s_{37}\), the position is \(-0.734\) and velocity is \(-0.018\). The next velocity is approximately \(-0.0175\), an increase of about \(0.0005\). Using the transition dynamics at this position, the gravity term contributes roughly \(+0.0015\). Applying action \(0\) adds \(-0.001\), giving a net change of about \(+0.0005\), matching the observed velocity. The position also matches: \(-0.734 + (-0.0175) \approx -0.7515\).","1"
"luna","MountainCar-v0","last-action","30","The velocity changes from approximately \(-0.0175\) to \(-0.0170\), an increase of about \(0.0005\). At position \(-0.7515\), the gravity term contributes roughly \(+0.0016\). Applying action 0 adds \(-0.001\), giving a net velocity change near \(+0.0006\), matching the observed transition. Actions 1 or 2 would produce substantially larger increases in velocity.","1"
"luna","MountainCar-v0","last-action","30","The velocity changes from approximately \(-0.0170\) to \(-0.0163\), while the position changes consistently with the new velocity. At \(p=-0.7685\), the gravity term contributes about \(+0.0017\) to velocity. With action \(0\) (accelerate left), the additional \(-0.001\) gives a predicted next velocity of about \(-0.0163\), matching the observed transition.","1"
"luna","MountainCar-v0","last-state","5","With action `2`, the car accelerates to the right. From steps 0–4, both position and velocity increase at every step. Since  
   \[
   \text{position}_{t+1}=\text{position}_t+\text{velocity}_{t+1},
   \]
   the previous position is approximately \(-0.4811-0.0046=-0.4857\). The velocity at step 5 is slightly lower than \(0.0046\), approximately \(0.0039\), based on the observed dynamics.","1"
"luna","MountainCar-v0","last-state","5","With action \(a_6=[2]\), the car accelerates right. From the transition rule,
   \[
   p_7=p_6+v_7.
   \]
   Therefore,
   \[
   p_6=-0.4758-0.0053=-0.4811.
   \]
   Using the velocity transition with \(p_6\approx -0.4811\),
   \[
   v_6 \approx 0.0053-0.001+0.0025\cos(3(-0.4811))
   \approx 0.0046.
   \]
   Thus, both position and velocity increased from \(s_6\) to \(s_7\), with changes larger than \(10^{-4}\).","1"
"luna","MountainCar-v0","last-state","5","Under action `2`, the car continues accelerating to the right. From the historical states, both position and velocity increase at every step. The state immediately before `s8` is therefore approximately `s7 = [-0.4758, 0.0053]`, which transitions to `s8 = [-0.4699, 0.0060]`.","2"
"luna","MountainCar-v0","last-state","5","Under action `[2]`, the car accelerates to the right. The historical states show both position and velocity increasing at each step. Using the transition dynamics from step 7 gives an estimated previous state of approximately `[-0.4699, 0.0059]`, which transitions to `[-0.4633, 0.0065]`. Both changes exceed `1e-4`.","1"
"luna","MountainCar-v0","last-state","5","With action \(a_9=1\), there is no applied acceleration. Around position \(-0.46\), gravity slightly reduces the car’s positive velocity, so the velocity decreases from \(s_9\) to \(s_{10}\). Since the next position is approximately the previous position plus the new velocity, the position increases by about \(0.0061\).","2"
"luna","MountainCar-v0","last-state","5","With action `a10 = [1]`, the car receives no direct acceleration. Its velocity therefore decreases slightly due to gravity, while its position increases by approximately the new velocity. Since `s11 = [-0.4516, 0.0056]`, the previous position was approximately `-0.4516 - 0.0056 = -0.4572`. Reversing the gravity-induced velocity change gives a previous velocity of approximately `0.0061`.","1"
"luna","MountainCar-v0","last-state","5","With action \(a_{11}=1\), there is no direct acceleration, but gravity changes the velocity according to  
   \[
   v_{12}=v_{11}-0.0025\cos(3p_{11}).
   \]
   Around \(p_{11}\approx -0.452\), the gravity term is positive, so velocity decreases slightly. Position then increases by the positive velocity. Thus, \(p_{11}\) was lower than \(p_{12}\), while \(v_{11}\) was slightly higher than \(v_{12}\).","1"
"luna","MountainCar-v0","last-state","5","The position transition is \(p_{13}=p_{12}+v_{13}\). Therefore,
   \[
   p_{12}= -0.4431-0.0035=-0.4466.
   \]
   For action \(a_{12}=0\),
   \[
   v_{13}=v_{12}-0.001-0.0025\cos(3p_{12}),
   \]
   which gives \(v_{12}\approx 0.0051\). Thus, position increased by about \(0.0035\), while velocity decreased by about \(0.0016\).","1"
"luna","MountainCar-v0","last-state","5","At step 13, action `0` applies leftward acceleration. The car still has positive velocity, so its position continues increasing, while its velocity decreases. Using the transition dynamics and the historical values, the preceding state is approximately `[-0.4431, 0.0035]`. Comparing with `s14 = [-0.4412, 0.0019]`, the position increased and the velocity decreased. Both changes exceed `1e-4`.","1"
"luna","MountainCar-v0","last-state","5","With action \(a_{14}=0\), the car accelerates left. The position update is
   \[
   p_{15}=p_{14}+v_{15}.
   \]
   Therefore,
   \[
   p_{14}=p_{15}-v_{15}
   =-0.44088-0.00028657
   \approx -0.44116657.
   \]
   Using the velocity transition equation with \(p_{14}\approx-0.44117\),
   \[
   v_{14}\approx 0.0018985.
   \]
   Thus, position increases while velocity decreases from \(s_{14}\) to \(s_{15}\). Both changes exceed \(10^{-4}\).","1"
"luna","MountainCar-v0","last-state","10","With action \(a_{10}=1\), no external acceleration is applied. The car is still moving rightward, so its position increases. However, the gravity term reduces its positive velocity, so the velocity decreases. Since \(s_{11}\) has position \(-0.4516\) and velocity \(0.0056\), the previous position is approximately
   \[
   p_{10} \approx -0.4516 - 0.0056 = -0.4572.
   \]
   Using the gravity-induced velocity decrease gives \(v_{10}\approx 0.0061\).","1"
"luna","MountainCar-v0","last-state","10","With action \(a_{11}=1\), there is no applied acceleration. Since the car is moving right with positive velocity, its position increases. Gravity reduces its positive velocity, so the velocity decreases. Using the preceding pattern, \(s_{11}\) is approximately \([-0.4516,\ 0.0056]\).","2"
"luna","MountainCar-v0","last-state","10","From step 11, the state is approximately \([-0.4516, 0.0056]\) and action \(a_{11}=1\). Using the transition dynamics, this gives an estimated state at step 12 of approximately \([-0.4465, 0.0051]\). Applying \(a_{12}=0\) reduces the velocity by the leftward acceleration term, while the car continues moving right due to its positive velocity. Thus, position increases and velocity decreases. Both changes exceed \(10^{-4}\).","2"
"luna","MountainCar-v0","last-state","10","From step 12, the car had positive position and velocity. Under action `0` (accelerate left), the velocity decreases due to both the leftward acceleration and gravity. Using the transition dynamics:

   - Estimated \(s_{13} \approx [-0.4431,\ 0.0035]\)
   - Given \(s_{14} = [-0.4412,\ 0.0019]\)

   Therefore, the position increased while the velocity decreased. Both changes are larger than \(10^{-4}\), so neither is unchanged.","1"
"luna","MountainCar-v0","last-state","10","With action \(a_{14}=0\), the acceleration term is \((0-1) \times 0.001=-0.001\). Since
   \[
   p_{15}=p_{14}+v_{15},
   \]
   the previous position is
   \[
   p_{14}\approx -0.44088-0.00028657=-0.44116657.
   \]
   Using the velocity transition,
   \[
   v_{15}=v_{14}-0.001-0.0025\cos(3p_{14}),
   \]
   gives \(v_{14}\approx 0.0018985\).","1"
"luna","MountainCar-v0","last-state","10","With action `0`, the car accelerates left. Since  
   \[
   p_{16}=p_{15}+v_{16},
   \]
   and \(p_{16}=-0.4422,\ v_{16}=-0.0013\), the previous position was approximately
   \[
   p_{15}=-0.4422-(-0.0013)=-0.4409.
   \]
   Using the velocity transition equation at \(p_{15}\), the previous velocity is approximately \(v_{15}\approx 0.0003\). Thus, both position and velocity decreased from \(s_{15}\) to \(s_{16}\).","1"
"luna","MountainCar-v0","last-state","10","From step 15, the car has position \(-0.44088\) and velocity \(0.00028657\). With action \(a_{16}=0\) (accelerate left), the velocity decreases because both the applied force and gravity contribute negatively. Applying the transition equations gives approximately \(s_{16}=[-0.4422,-0.00133]\), which then transitions to the given \(s_{17}=[-0.4451,-0.0029]\). Both state elements therefore decrease by more than \(10^{-4}\).","1"
"luna","MountainCar-v0","last-state","10","With action `a17 = [0]`, the car accelerates left, so its velocity should decrease. From the transition dynamics, the velocity changes by approximately  
   \[
   -0.001 - 0.0025\cos(3p) \approx -0.0016.
   \]
   Since \(s18\) has velocity \(-0.0045\), the previous velocity was approximately \(-0.0029\). Position satisfies \(p_{18}=p_{17}+v_{18}\), so  
   \[
   p_{17}\approx -0.4497-(-0.0045)=-0.4452.
   \]","1"
"luna","MountainCar-v0","last-state","10","For action \(a_{18}=0\), the car accelerates left. From the position update,
   \[
   x_{19}=x_{18}+v_{19},
   \]
   so
   \[
   x_{18}\approx -0.4557-(-0.0061)=-0.4496.
   \]
   Using the velocity dynamics with \(x_{18}\approx -0.4496\),
   \[
   v_{18}\approx -0.0061+0.001+0.0025\cos(3x_{18})
   \approx -0.00455.
   \]
   Thus, both position and velocity decreased numerically from \(s_{18}\) to \(s_{19}\).","1"
"luna","MountainCar-v0","last-state","10","With action \(a_{19}=0\), the car accelerates left, so both velocity and position are expected to decrease. Using the position transition,
   \[
   p_{20}=p_{19}+v_{20},
   \]
   gives
   \[
   p_{19}\approx -0.4633-(-0.0076)=-0.4557.
   \]
   Inverting the velocity transition with \(p_{19}\approx -0.4557\) gives \(v_{19}\approx -0.0061\). Thus, both state elements decreased from \(s_{19}\) to \(s_{20}\).","1"
"luna","MountainCar-v0","last-state","20","With action `0`, the car accelerates left, so velocity becomes more negative. From the transition dynamics, position updates by adding the new velocity. Since  
   \[
   p_{21}=p_{20}+v_{21},
   \]
   we estimate  
   \[
   p_{20}\approx -0.4723-(-0.0090)=-0.4633.
   \]
   Using the action-0 dynamics at this position gives \(v_{20}\approx -0.0076\). Thus both state elements decreased in the forward transition from \(s_{20}\) to \(s_{21}\).","1"
"luna","MountainCar-v0","last-state","20","With action \(a_{21}=0\), the velocity becomes more negative, consistent with the preceding steps. Since
   \[
   p_{22}=p_{21}+v_{22},
   \]
   the previous position is
   \[
   p_{21}=-0.4827-(-0.0104)\approx -0.4723.
   \]
   Using the velocity dynamics gives \(v_{21}\approx -0.0090\). Thus, both state elements decreased from \(s_{21}\) to \(s_{22}\), by more than \(10^{-4}\).","1"
"luna","MountainCar-v0","last-state","20","Under action `0`, the car accelerates left, so its velocity becomes more negative. From step 21, the observed pattern is that both position and velocity continue decreasing. Using the MountainCar transition equations, the state before the transition to `s23 = [-0.4944, -0.0117]` is approximately:
   \[
   s22 \approx [-0.4827,\,-0.0104].
   \]
   Therefore, both state elements decreased. Neither change is within the \(10^{-4}\) unchanged threshold.","1"
"luna","MountainCar-v0","last-state","20","From step 22, the car has negative velocity and takes action `0` (accelerate left). Therefore, its velocity becomes more negative, and its position decreases. Using the transition dynamics:

   \[
   v_{23}\approx -0.0104-0.001-\cos(3(-0.4827))0.0025\approx -0.0117
   \]

   \[
   p_{23}\approx -0.4827+(-0.0117)\approx -0.4944
   \]

   Applying action `0` again gives approximately \(s_{24}=[-0.5073,-0.0129]\), consistent with the supplied state.","1"
"luna","MountainCar-v0","last-state","20","With action `0`, the car accelerates left. Historically, this makes both position and velocity decrease: position becomes more negative, and velocity becomes more negative. Therefore, to reach `s25 = [-0.5214, -0.0140]`, the previous position and velocity in `s24` must both be higher (less negative). Using the transition equations, `s24` is approximately `[-0.5074, -0.0129]`.","2"
"luna","MountainCar-v0","last-state","20","With action `0`, the car accelerates left, so its velocity becomes more negative. The next position is updated by adding this negative velocity. Therefore, from \(s_{25}\) to \(s_{26}\), both position and velocity should decrease. Using the position update,
   \[
   p_{26}=p_{25}+v_{26},
   \]
   gives
   \[
   p_{25}\approx -0.5365-(-0.0151)=-0.5214.
   \]
   The velocity just before the transition is approximately \(-0.0140\), consistent with the preceding trend.","1"
"luna","MountainCar-v0","last-state","20","With \(a_{26}=0\), the car accelerates left. From the transition rule, the velocity continues becoming more negative, and the position changes by approximately the new velocity. Since \(s_{27}=[-0.5524,-0.0160]\), estimate:
   \[
   p_{26}\approx p_{27}-v_{27}=-0.5524-(-0.0160)=-0.5364.
   \]
   Using the dynamics and the preceding pattern, \(v_{26}\) is approximately \(-0.0151\). Thus, both state elements decreased from \(s_{26}\) to \(s_{27}\).","1"
"luna","MountainCar-v0","last-state","20","With action `0`, the car accelerates left. From steps 20–26, both position and velocity continue decreasing. Using the transition dynamics, the state after step 26 is expected to be approximately `[-0.5525, -0.0160]`. Applying action `0` again produces `s28 = [-0.5692, -0.0168]`. Therefore, both state elements decreased by more than `1e-4`.","1"
"luna","MountainCar-v0","last-state","20","At step 27, the car has negative velocity and takes action `0` (accelerate left). Following the transition pattern, its position and velocity continue decreasing. Applying the same dynamics gives an estimated state near  
   \(s_{28} \approx [-0.5692,\,-0.0168]\).  
   Comparing this with \(s_{29}=[-0.5866,-0.0174]\), both elements decrease by more than \(10^{-4}\).","1"
"luna","MountainCar-v0","last-state","20","With action `a29 = [0]`, the car accelerates left. From the historical sequence, both position and velocity continue decreasing. Since
   \[
   p_{30}=p_{29}+v_{30},
   \]
   and \(p_{30}=-0.6045\), \(v_{30}=-0.0179\), the previous position is approximately
   \[
   p_{29}\approx -0.6045-(-0.0179)=-0.5866.
   \]
   Using the transition dynamics, the previous velocity is approximately \(-0.0174\). Thus, both state elements decreased by more than \(10^{-4}\) in the forward transition.","1"
"luna","MountainCar-v0","last-state","30","With action \(a_{30}=0\), the car accelerates left. From the preceding steps, both position and velocity continue becoming more negative. The transition uses
   \[
   p_{31}=p_{30}+v_{31}.
   \]
   Since \(p_{31}=-0.6229\) and \(v_{31}\approx -0.0183\), the previous position was approximately \(-0.6046\). Applying the velocity dynamics gives \(v_{30}\approx -0.0179\). Thus, both state elements decreased from \(s_{30}\) to \(s_{31}\).","1"
"luna","MountainCar-v0","last-state","30","Under action `0`, the car continues moving left. From the historical pattern, the position decreases by approximately the current negative velocity, while the velocity becomes slightly more negative. Since  
   \[
   s_{32} = [-0.6415,\,-0.0186],
   \]
   the preceding state is approximately  
   \[
   s_{31} \approx [-0.6229,\,-0.0183].
   \]
   Thus, both state elements decreased in the forward transition from \(s_{31}\) to \(s_{32}\).","2"
"luna","MountainCar-v0","last-state","30","Under action `0`, the car accelerates left. From the historical sequence, both position and velocity continue decreasing. Using the transition dynamics from \(s_{31}\), the estimated state before reaching \(s_{33}\) is approximately \(s_{32}=[-0.6415,-0.0186]\). Therefore, both state elements decreased to reach \(s_{33}=[-0.6602,-0.0187]\).","2"
"luna","MountainCar-v0","last-state","30","With action \(a_{33}=0\), the car continues moving left, so its position decreases. Around \(s_{33}\approx[-0.6603,-0.0187]\), the acceleration from gravity nearly cancels the leftward action, causing the velocity to change by less than \(10^{-4}\). Thus, the position decreases while the velocity is effectively unchanged.","2"
"luna","MountainCar-v0","last-state","30","With action \(a_{34}=0\), the car continues moving left, so position decreases. From the historical trajectory, the velocity near step 34 is approximately \(-0.0187\), while at step 35 it is \(-0.0186\); thus, the velocity slightly increases (becomes less negative). Using  
   \[
   s_{35}^{\text{position}}=s_{34}^{\text{position}}+s_{35}^{\text{velocity}},
   \]
   gives \(s_{34}^{\text{position}}\approx -0.6976-(-0.0186)=-0.6790\).","1"
"luna","MountainCar-v0","last-state","30","With action \(a_{35}=0\), the car accelerates left. Since position updates by the new velocity, and \(s_{36}\) has position \(-0.7160\) and velocity approximately \(-0.0184\), the preceding position was approximately
   \[
   p_{35}\approx -0.7160-(-0.0184)=-0.6976.
   \]
   The velocity becomes slightly less negative while moving left in this region, consistent with the historical pattern, so \(v_{35}\) was approximately \(-0.0186\). Thus, position decreased and velocity increased.","1"
"luna","MountainCar-v0","last-state","30","With action \(a_{36}=0\), the car accelerates left. From the historical sequence, velocity at this point is near \(-0.018\), while position continues decreasing. Since
   \[
   p_{37}=p_{36}+v_{37},
   \]
   using \(p_{37}\approx -0.734\) and \(v_{37}\approx -0.018\) gives \(p_{36}\approx -0.716\). The inverse velocity dynamics give \(v_{36}\approx -0.01836\). Thus, position decreased and velocity increased slightly from \(s_{36}\) to \(s_{37}\).","1"
"luna","MountainCar-v0","last-state","30","With action `0`, the car accelerates left. From the preceding trajectory, the position continues decreasing while the velocity becomes less negative due to the hill’s dynamics. Therefore, from \(s_{37}\) to \(s_{38}\), position decreases and velocity increases slightly. Using the transition pattern, \(s_{37}\) is approximately \([-0.7340,-0.0180]\).","2"
"luna","MountainCar-v0","last-state","30","With action `[0]`, the car accelerates left. The historical trajectory shows position continuing to decrease, while the velocity becomes slightly less negative as the car moves back up the left side of the valley. Since  
   \[
   p_{39}=p_{38}+v_{39},
   \]
   and \(p_{39}=-0.7685,\ v_{39}\approx -0.017\), the previous position was approximately \(-0.7515\). The previous velocity was slightly more negative, approximately \(-0.0175\), because the velocity increased slightly to reach \(-0.017\).","1"
"luna","MountainCar-v0","last-state","30","Under action `0`, the next velocity is approximately `-0.0163`, and the next position satisfies  
   \[
   p_{40}=p_{39}+v_{40}.
   \]
   Therefore,
   \[
   p_{39}\approx -0.7848-(-0.0163)=-0.7685.
   \]
   Using the transition dynamics at \(p_{39}\approx -0.7685\), the previous velocity is approximately \(-0.0170\). Thus, the position decreased while the velocity increased slightly (became less negative).","1"
"luna","MountainCar-v0","next-action","5","The agent has consistently chosen action 2 (accelerate right), and the car is moving rightward with increasing positive velocity. At position −0.4858 and velocity 0.0039, it will most likely continue accelerating right.","3"
"luna","MountainCar-v0","next-action","5","The agent has consistently chosen action 2 (accelerate right), and the car’s position and positive velocity are steadily increasing. At state \(s_6=[[-0.4811, 0.0046]]\), it is likely to continue accelerating right rather than interrupting this buildup.","3"
"luna","MountainCar-v0","next-action","5","The agent has consistently selected action 2 while the car moves rightward with increasing positive velocity. At \(s_7=[[-0.4758, 0.0053]]\), it is still climbing and likely continues accelerating right.","3"
"luna","MountainCar-v0","next-action","5","The car is moving rightward with increasing positive velocity, and the agent has consistently chosen action 2 (accelerate right) while climbing the slope. It will most likely continue this pattern at step 8.","3"
"luna","MountainCar-v0","next-action","5","The car is moving rightward with increasing position and positive velocity, while the agent has consistently chosen action 2 (accelerate right) over the preceding steps. This suggests it is continuing to build momentum up the hill.","3"
"luna","MountainCar-v0","next-action","5","The car is moving right with positive velocity, but the velocity has started decreasing under the neutral action. A trained MountainCar agent commonly applies left acceleration briefly to control its momentum and build the oscillation needed to climb efficiently.","4"
"luna","MountainCar-v0","next-action","5","The agent has recently switched from accelerating right (`2`) to coasting (`1`) while still moving uphill with positive velocity. Since the velocity remains positive and the recent behavior is consistently neutral, it will most likely continue coasting at step 11.","2"
"luna","MountainCar-v0","next-action","5","The agent has been accelerating right at first, then switched to no acceleration for steps 9–11 while continuing forward from its accumulated momentum. At \(s_{12}\), the car is still moving right with positive velocity, so maintaining the same coasting behavior is most likely.","2"
"luna","MountainCar-v0","next-action","5","The car is still moving right, but its velocity has been reduced by the recent left acceleration. The agent has recently shifted from right acceleration to coasting and then left acceleration, suggesting it is deliberately controlling the velocity rather than continuing to accelerate right immediately. It will most likely continue the leftward control at this state.","2"
"luna","MountainCar-v0","next-action","5","The car is still moving right, but its positive velocity is decreasing. The agent has recently switched from neutral acceleration to left acceleration to brake the motion and build momentum for a later push to the right. Since the velocity at \(s_{14}\) is still slightly positive, it will most likely continue braking with action 0.","2"
"luna","MountainCar-v0","next-action","10","The agent accelerated right for several steps, then switched to no acceleration at step 9 while still moving right. At \(s_{10}\), the velocity remains positive but is decreasing, suggesting the agent is preparing to reverse direction and build momentum for the next climb.","2"
"luna","MountainCar-v0","next-action","10","The car is still moving right with positive velocity, but its speed is gradually decreasing. After several right-acceleration actions, the agent has switched to neutral action \(1\), likely allowing momentum to carry the car forward while avoiding excessive acceleration.","2"
"luna","MountainCar-v0","next-action","10","The car is still moving right with positive velocity, but its velocity is gradually decreasing. The agent has recently selected action `1` (no acceleration) for three consecutive steps, suggesting it is currently coasting rather than applying another force.","2"
"luna","MountainCar-v0","next-action","10","The agent has reduced its rightward velocity by switching from accelerating right (action 2) to neutral and then left (action 0). At state \(s_{13}\), the car is still moving right but slowing, so the recent behavior suggests it will continue applying the left acceleration to further control its momentum.","2"
"luna","MountainCar-v0","next-action","10","The agent has progressively changed from accelerating right (`2`) to neutral (`1`) and then accelerating left (`0`) as the car’s positive velocity decreased. At state \(s_{14}\), the car is still moving right but slowly, so the observed pattern suggests it will continue applying left acceleration to brake and prepare for the next swing.","2"
"luna","MountainCar-v0","next-action","10","The car is near the left side of the valley and its positive velocity has almost decayed to zero. The agent has been switching to action `0` to reverse the car and build momentum toward the left before accelerating right again. Thus, it will most likely continue accelerating left at step 15.","3"
"luna","MountainCar-v0","next-action","10","The agent has been switching from rightward acceleration to leftward acceleration as the car’s velocity decreases. At \(s_{16}\), the car is moving slightly left with negative velocity, so the learned swing-building behavior will most likely continue accelerating left.","3"
"luna","MountainCar-v0","next-action","10","The car is moving leftward with increasingly negative velocity, and the agent has consistently selected action `0` to accelerate left and build momentum for climbing the right hill later.","3"
"luna","MountainCar-v0","next-action","10","The car is moving left with increasing negative velocity, and the agent has consistently selected action 0 to accelerate left since step 12. Continuing this push builds momentum toward the left side before reversing direction for the climb.","2"
"luna","MountainCar-v0","next-action","10","The agent has consistently selected action 0 since step 12, using leftward acceleration to reverse its motion and build momentum toward the left side of the valley. At s19, the car is still moving left with negative velocity, so the recent behavior suggests it will continue this action rather than switch immediately.","2"
"luna","MountainCar-v0","next-action","20","The agent has been applying action `0` (accelerate left) since step 12, causing the car to move back down the left side with increasingly negative velocity. At s20, the car is still moving left, so the agent will most likely continue accelerating left to build momentum for the next swing.","2"
"luna","MountainCar-v0","next-action","20","The car is moving left with substantial negative velocity at \(s_{21}\) (\(-0.009\)). The agent has been applying action 0 while moving back down the left side, likely building momentum for the next rightward swing. It will therefore most likely continue accelerating left for another step.","3"
"luna","MountainCar-v0","next-action","20","The agent has been repeatedly choosing action 0 to accelerate left and build negative velocity. At \(s_{22}\), the car is still moving left with velocity \(-0.0104\), so it will most likely continue this momentum-building phase rather than reverse direction yet.","3"
"luna","MountainCar-v0","next-action","20","The agent has consistently chosen action `0` since step 12, building increasingly negative velocity and moving left. At state \(s_{23}\), the car is still moving left with velocity \(-0.0117\), so the same momentum-building behavior is likely to continue.","2"
"luna","MountainCar-v0","next-action","20","The car is moving left with substantial negative velocity at \(s_{24}\). The agent has consistently chosen action 0 while moving left, likely to build momentum toward the left side before reversing direction.","3"
"luna","MountainCar-v0","next-action","20","The agent has been accelerating left to build substantial negative velocity and move down the left side of the valley. At \(s_{25}\), the car is moving left quickly (\(v \approx -0.014\)); continuing with action 0 would add little benefit and make reversal harder. The learned strategy will most likely switch to rightward acceleration to convert this momentum into motion toward the right hill.","3"
"luna","MountainCar-v0","next-action","20","The car is still moving left with increasing negative velocity, and the agent has consistently selected action `0` to build momentum toward the left side before reversing direction. At state \(s_{26}\), this behavior is most likely to continue.","3"
"luna","MountainCar-v0","next-action","20","The agent has been continuously applying action 0 (accelerate left) since step 12, building increasingly negative velocity and moving farther down the left side of the valley. At step 27, the car is still moving left with velocity about -0.016, so the established strategy most likely continues briefly before switching direction.","2"
"luna","MountainCar-v0","next-action","20","The car is still moving left with substantial negative velocity, and the agent has consistently selected action `0` to continue building momentum toward the left side of the valley. At state \(s_{28}\), its behavior is likely to remain unchanged before switching direction later.","3"
"luna","MountainCar-v0","next-action","20","The agent has been accelerating left to build substantial negative velocity. At \(s_{29}\), it is near the left side of the valley and moving left quickly, so the learned strategy will likely switch to right acceleration to reverse direction and build momentum toward the goal.","3"
"luna","MountainCar-v0","next-action","30","The agent has been accelerating left (action 0) to build negative velocity and swing toward the left side of the valley. At state \(s_{30}\), it is moving left rapidly with position \(-0.6045\) and velocity \(-0.0179\). To reverse direction and build momentum for the right hill, the agent will most likely switch to right acceleration.","3"
"luna","MountainCar-v0","next-action","30","The car is still moving left with substantial negative velocity (`-0.0183`) and is only at position `-0.6229`, far from the left boundary. The agent has consistently used action `0` to build momentum toward the left side of the valley, so it will most likely continue this phase before reversing direction.","3"
"luna","MountainCar-v0","next-action","30","The car has been accelerating left and is now far down the left slope with substantial negative velocity. To build momentum toward the goal, the agent will likely reverse thrust and accelerate right.","4"
"luna","MountainCar-v0","next-action","30","The agent has been accelerating left to build substantial negative velocity. At state \(s_{33}\), it is far enough down the left slope that continuing with action 0 would provide little additional benefit; the learned policy will most likely switch to right acceleration to begin reversing direction and build momentum toward the goal.","3"
"luna","MountainCar-v0","next-action","30","The agent has repeatedly chosen action `0` while moving left, building momentum toward the left hill. At state `s34`, the car is far left at position `-0.679` with substantial negative velocity, so the learned policy will likely switch direction to begin braking and reverse the car toward the right.","3"
"luna","MountainCar-v0","next-action","30","The agent has consistently chosen action `0` since step 12, using leftward acceleration while the car continues moving down the left side of the valley. At \(s_{35}\), the velocity is still negative, so the agent will most likely continue this phase rather than reverse direction yet.","2"
"luna","MountainCar-v0","next-action","30","The agent has consistently chosen action 0 since step 12, building leftward momentum. At step 36 the car is still moving left with velocity \(-0.0184\), so it will most likely continue accelerating left before reversing direction later.","2"
"luna","MountainCar-v0","next-action","30","The agent has consistently chosen action 0 while moving left, and at \(s_{37}\) the car is still traveling left with substantial negative velocity. It will most likely continue accelerating left before switching direction.","3"
"luna","MountainCar-v0","next-action","30","The agent has consistently chosen action 0 while moving leftward to build momentum toward the left side of the valley. At \(s_{38}\), the car is still moving left with substantial negative velocity, so the same behavior is most likely to continue.","3"
"luna","MountainCar-v0","next-action","30","The agent has been accelerating left (action 0) while moving down the left side of the valley. At \(s_{39}\), the car is still moving left with substantial negative velocity, so the learned strategy will likely switch to accelerating right to build momentum for the climb toward the goal.","3"
"luna","MountainCar-v0","next-state","5","Action \(a_4=2\) applies rightward acceleration. Using \(s_4=[p_4,v_4]=[-0.4897,0.0032]\):

   \[
   v_5=v_4+0.001-0.0025\cos(3p_4)
   \approx 0.0032+0.001-0.0025\cos(-1.4691)
   \approx 0.00395
   \]

   \[
   p_5=p_4+v_5\approx -0.4897+0.00395=-0.48575
   \]

   Both the position and velocity increase by more than \(10^{-4}\).","1"
"luna","MountainCar-v0","next-state","5","Action `a5 = 2` accelerates the car to the right. The velocity has increased at every previous step, and the car is moving up the right side of the valley. Using the transition dynamics:

   \[
   v_6 = 0.0039 + 0.001 - 0.0025\cos(3(-0.4858))
   \approx 0.004617
   \]

   \[
   p_6 = -0.4858 + v_6 \approx -0.481183
   \]

   Thus, both position and velocity increase. The changes are larger than the \(10^{-4}\) threshold.","1"
"luna","MountainCar-v0","next-state","5","With action \(a_6=2\), the car accelerates right. The position has been increasing at every prior step, and the velocity has also been increasing. Using the transition equations:

   \[
   v_7 = 0.0046 + 0.001 - 0.0025\cos(3(-0.4811))
        \approx 0.00528
   \]

   \[
   p_7 = -0.4811 + v_7 \approx -0.47582
   \]

   Thus, both state elements increase by more than \(10^{-4}\).","1"
"luna","MountainCar-v0","next-state","5","Action \(a_7=2\) accelerates the car to the right. From the preceding steps, both position and velocity have been increasing. Using the transition dynamics with \(s_7=(-0.4758, 0.0053)\):

   \[
   v_8 = 0.0053 + 0.001 - 0.0025\cos(3(-0.4758))
        \approx 0.005943
   \]

   \[
   p_8 = -0.4758 + v_8 \approx -0.469857
   \]

   Thus, both state elements increase by more than \(10^{-4}\).","1"
"luna","MountainCar-v0","next-state","5","With action \(a_8=2\), the car accelerates rightward. Using \(s_8=[-0.4699, 0.0060]\):

   \[
   v_9 = 0.0060 + (2-1)(0.001) - 0.0025\cos(3(-0.4699))
   \approx 0.00660
   \]

   \[
   x_9 = -0.4699 + v_9 \approx -0.46330
   \]

   Both position and velocity increase. The reward does not affect the deterministic transition.","1"
"luna","MountainCar-v0","next-state","5","With action \(a_9=1\), the car receives no direct acceleration. Since \(s_9\) has positive velocity, the position continues increasing. At position \(-0.4633\), the gravity term slightly reduces the velocity:
   \[
   v_{10}=0.0065-\cos(3(-0.4633))\cdot0.0025\approx0.00605.
   \]
   Therefore, the position also increases by approximately \(0.00605\).","1"
"luna","MountainCar-v0","next-state","5","Action \(a_{10}=1\) applies no acceleration. Thus,
   \[
   v_{11}=v_{10}-0.0025\cos(3p_{10})
   \]
   with \(p_{10}=-0.4572\) and \(v_{10}=0.0061\). Since \(\cos(3p_{10})\approx 0.1979\), the velocity decreases by approximately \(0.0005\). The new position is the old position plus the new velocity.","1"
"luna","MountainCar-v0","next-state","5","With action \(a_{11}=1\), the car receives no direct acceleration. Using the transition dynamics:

   \[
   v_{12}=0.0056-\cos(3(-0.4516))\cdot 0.0025
   \]

   Since \(\cos(-1.3548)\approx 0.2143\),

   \[
   v_{12}\approx 0.0056-0.0005358=0.0050642
   \]

   The new position is:

   \[
   x_{12}=-0.4516+0.0050642=-0.4465358
   \]","1"
"luna","MountainCar-v0","next-state","5","From \(s_{12}=(-0.4466,\,0.0051)\) with action \(a_{12}=0\), the car accelerates left. Using the transition dynamics:
   \[
   v_{13}=0.0051-0.001-0.0025\cos(3(-0.4466))
   \approx 0.00353
   \]
   Since the resulting velocity is still positive, the position increases:
   \[
   x_{13}=-0.4466+0.00353\approx -0.44307.
   \]","1"
"luna","MountainCar-v0","next-state","5","With action \(a_{13}=0\), the car accelerates left. Using \(s_{13}=(-0.4431, 0.0035)\):

   \[
   v_{14}=0.0035+(0-1)(0.001)-0.0025\cos(3(-0.4431))
   \approx 0.00190
   \]

   \[
   p_{14}=p_{13}+v_{14}
   =-0.4431+0.00190
   \approx -0.44120
   \]

   Thus, the position increases while the velocity decreases. The reward does not directly affect the transition.","1"
"luna","MountainCar-v0","next-state","10","Action \(a_9=1\) applies no direct acceleration. At \(p_9=-0.4633\),

   \[
   v_{10}=0.0065-\cos(3(-0.4633))\times 0.0025
   \approx 0.00605.
   \]

   Then,

   \[
   p_{10}=-0.4633+0.00605\approx -0.45725.
   \]

   Thus, the position increases, while the velocity decreases by about \(4.5\times10^{-4}\), which exceeds the \(10^{-4}\) unchanged threshold.","1"
"luna","MountainCar-v0","next-state","10","With action \(a_{10}=1\), there is no direct acceleration. Thus,
   \[
   v_{11}=v_{10}-0.0025\cos(3p_{10})
   \]
   Using \(p_{10}=-0.4572\) and \(v_{10}=0.0061\):
   \[
   v_{11}\approx 0.0061-0.0025\cos(-1.3716)\approx 0.005605
   \]
   Then,
   \[
   p_{11}=p_{10}+v_{11}\approx -0.4572+0.005605=-0.451595.
   \]
   Therefore, position increases and velocity decreases. Both changes exceed the \(10^{-4}\) threshold.","1"
"luna","MountainCar-v0","next-state","10","Action \(a_{11}=1\) applies no external acceleration. Using \(x=-0.4516\) and \(v=0.0056\):

   \[
   v_{12}=0.0056-0.0025\cos(3(-0.4516))
   \approx 0.005064
   \]

   \[
   x_{12}=x_{11}+v_{12}
   =-0.4516+0.005064
   \approx -0.446536
   \]

   Thus, the position increases, while the velocity decreases by approximately \(0.000536\). The reward does not affect this deterministic transition.","1"
"luna","MountainCar-v0","next-state","10","With \(s_{12} = [-0.4466, 0.0051]\) and action \(a_{12}=0\) (accelerate left), the velocity update is
   \[
   v_{13}=0.0051-0.001-0.0025\cos(3(-0.4466))\approx 0.00353.
   \]
   Thus, the velocity decreases. The new position is
   \[
   x_{13}=-0.4466+0.00353\approx -0.44307,
   \]
   so the position increases because the velocity remains positive.","1"
"luna","MountainCar-v0","next-state","10","For action \(a_{13}=0\), the acceleration term is \((0-1)\times 0.001=-0.001\). Using \(s_{13}=(-0.4431,\,0.0035)\):

   \[
   v_{14}=0.0035-0.001-0.0025\cos(3(-0.4431))
   \approx 0.00190
   \]

   \[
   x_{14}=-0.4431+v_{14}\approx -0.44120
   \]

   Thus, position increases and velocity decreases. Both changes exceed the \(10^{-4}\) threshold.","1"
"luna","MountainCar-v0","next-state","10","For action \(a_{14}=0\), the car accelerates left:
   \[
   v_{15}=v_{14}-0.001-0.0025\cos(3p_{14}).
   \]
   With \(p_{14}=-0.4412\) and \(v_{14}=0.0019\), \(\cos(3p_{14})\approx0.2447\). Thus,
   \[
   v_{15}\approx0.0019-0.001-0.0025(0.2447)\approx0.000288.
   \]
   The next position is
   \[
   p_{15}=p_{14}+v_{15}\approx-0.4412+0.000288=-0.440912.
   \]
   Therefore, position increases while velocity decreases. Both changes exceed the \(10^{-4}\) threshold.","1"
"luna","MountainCar-v0","next-state","10","For action \(a_{15}=0\), the acceleration term is \((0-1)\times 0.001=-0.001\). At position \(-0.44088\), \(\cos(3p)\) is positive, so gravity also decreases the velocity. Therefore, both the next velocity and the next position decrease. The reward does not affect the deterministic transition.","1"
"luna","MountainCar-v0","next-state","10","With \(s_{16}=(-0.4422,-0.0013)\) and action \(a_{16}=0\), the car accelerates left. Using the transition equations:

   \[
   v_{17}= -0.0013 + (0-1)(0.001)-0.0025\cos(3(-0.4422))
   \approx -0.002904
   \]

   \[
   p_{17}= -0.4422 + v_{17}\approx -0.445104
   \]

   Both position and velocity therefore decrease by more than \(10^{-4}\).","1"
"luna","MountainCar-v0","next-state","10","For action \(a_{17}=0\), the acceleration term is \((0-1)\times0.001=-0.001\). Using \(p_{17}=-0.4451\) and \(v_{17}=-0.0029\):

   \[
   v_{18}=v_{17}-0.001-\cos(3p_{17})\times0.0025
   \]

   Since \(\cos(3(-0.4451))\approx0.2333\),

   \[
   v_{18}\approx-0.0029-0.001-0.0005833=-0.0044833
   \]

   Then,

   \[
   p_{18}=p_{17}+v_{18}\approx-0.4451-0.0044833=-0.4495833
   \]

   Both the position and velocity decrease by more than \(10^{-4}\).","1"
"luna","MountainCar-v0","next-state","10","For action `0`, the car accelerates left. Using \(s_{18}=(-0.4497,-0.0045)\):

   \[
   v_{19}=v_{18}-0.001-0.0025\cos(3p_{18})
   \]

   Since \(\cos(3(-0.4497))\approx 0.2199\),

   \[
   v_{19}\approx -0.0045-0.001-0.0005497=-0.0060497.
   \]

   The next position is:

   \[
   p_{19}=p_{18}+v_{19}\approx -0.4497-0.0060497=-0.4557497.
   \]

   Thus, both position and velocity decrease by more than \(10^{-4}\).","1"
"luna","MountainCar-v0","next-state","20","With action \(a_{19}=0\), the car accelerates left. From the current negative velocity, the next velocity becomes more negative. Therefore, both the position and velocity decrease. Using the MountainCar dynamics:

   \[
   v_{20} \approx -0.0061 - 0.001 - 0.0025\cos(3(-0.4557))
   \approx -0.00761
   \]

   \[
   x_{20} \approx -0.4557 + v_{20}
   \approx -0.46331
   \]","1"
"luna","MountainCar-v0","next-state","20","With action \(a_{20}=0\), the car accelerates left. Using the transition dynamics:

   \[
   v_{21}=v_{20}-0.001-0.0025\cos(3p_{20})
   \]

   For \(p_{20}=-0.4633\) and \(v_{20}=-0.0076\):

   \[
   v_{21}\approx -0.00905
   \]

   Then:

   \[
   p_{21}=p_{20}+v_{21}\approx -0.47235
   \]

   Both the position and velocity decrease by more than \(10^{-4}\).","1"
"luna","MountainCar-v0","next-state","20","With action \(a_{21}=0\), the car accelerates left. Using the transition dynamics:
   \[
   v_{22}=v_{21}-0.001-0.0025\cos(3p_{21})
   \]
   where \(p_{21}=-0.4723\) and \(v_{21}=-0.009\). This gives \(v_{22}\approx -0.01038\). The next position is \(p_{22}=p_{21}+v_{22}\approx -0.48268\). Thus, both position and velocity decrease by more than \(10^{-4}\).","1"
"luna","MountainCar-v0","next-state","20","Under action \(a_{22}=0\), the car accelerates left. Using the transition dynamics:

   \[
   \Delta v = (0-1)(0.001)-0.0025\cos(3(-0.4827))
   \approx -0.001306
   \]

   Thus,

   \[
   v_{23}=-0.0104-0.001306\approx -0.011706
   \]

   and

   \[
   x_{23}=x_{22}+v_{23}
   =-0.4827-0.011706\approx -0.494406.
   \]

   Both position and velocity decrease by more than the \(10^{-4}\) threshold.","1"
"luna","MountainCar-v0","next-state","20","For action \(a_{23}=0\), the car accelerates left. Using the transition dynamics:

   \[
   v_{24}= -0.0117 - 0.001 - 0.0025\cos(3(-0.4944))
   \approx -0.012919
   \]

   \[
   p_{24}= -0.4944 + v_{24}
   \approx -0.507319
   \]

   Thus, both position and velocity decrease by more than \(10^{-4}\).","1"
"luna","MountainCar-v0","next-state","20","At step 24, the car has negative position and velocity, and action `0` accelerates it left. Using the transition equations:

   \[
   v_{25}=v_{24}-0.001-0.0025\cos(3p_{24})
   \]

   With \(p_{24}=-0.5073\) and \(v_{24}=-0.0129\):

   \[
   v_{25}\approx -0.014022
   \]

   Then:

   \[
   p_{25}=p_{24}+v_{25}\approx -0.521322
   \]

   Both position and velocity decrease by more than \(10^{-4}\).","1"
"luna","MountainCar-v0","next-state","20","With action \(a_{25}=0\), the car accelerates left. Using the transition dynamics,

   \[
   v_{26}=v_{25}+(0-1)(0.001)-0.0025\cos(3p_{25})
   \]

   where \(p_{25}=-0.5214\) and \(v_{25}=-0.014\). Since \(\cos(3p_{25})\approx 0.0066\),

   \[
   v_{26}\approx -0.0150165.
   \]

   Therefore,

   \[
   p_{26}=p_{25}+v_{26}\approx -0.5364165.
   \]

   Both position and velocity decrease by more than \(10^{-4}\).","1"
"luna","MountainCar-v0","next-state","20","From \(s_{26}=(-0.5365,-0.0151)\) and action \(a_{26}=0\) (accelerate left):

   \[
   v_{27}=v_{26}+(0-1)(0.001)-\cos(3p_{26})(0.0025)
   \]

   Since \(\cos(3(-0.5365))\approx -0.0387\),

   \[
   v_{27}\approx -0.0151-0.001+0.000097=-0.016003
   \]

   Then,

   \[
   p_{27}=p_{26}+v_{27}\approx -0.5365-0.016003=-0.552503
   \]

   Thus, both position and velocity decrease by more than \(10^{-4}\).","1"
"luna","MountainCar-v0","next-state","20","With action \(a_{27}=0\), the car accelerates left. Using the transition dynamics at \(s_{27}=(-0.5524,-0.0160)\):

   \[
   v_{28} \approx -0.0160 - 0.001 - 0.0025\cos(3(-0.5524))
   \approx -0.016784
   \]

   \[
   p_{28}=p_{27}+v_{28}\approx -0.5524-0.016784=-0.569184
   \]

   Both position and velocity decrease by more than \(10^{-4}\).","1"
"luna","MountainCar-v0","next-state","20","With action `0`, the car accelerates left. From the recent history, both position and velocity are decreasing. Using the transition equation at \(s_{28}=(-0.5692,-0.0168)\):

   \[
   v_{29}=-0.0168+(0-1)(0.001)-0.0025\cos(3(-0.5692))
   \approx -0.01746
   \]

   \[
   x_{29}=x_{28}+v_{29}\approx -0.5692-0.01746=-0.58666
   \]

   Both changes exceed the \(10^{-4}\) threshold in magnitude.","1"
"luna","MountainCar-v0","next-state","30","With action \(a_{29}=0\), the car accelerates left. Using the transition dynamics:

   \[
   v_{30}=v_{29}+(0-1)(0.001)-0.0025\cos(3p_{29})
   \]

   For \(p_{29}=-0.5866\), the gravity term slightly offsets the left acceleration, but the velocity remains more negative. Therefore, both position and velocity decrease.","1"
"luna","MountainCar-v0","next-state","30","With action \(a_{30}=0\), the car accelerates left. From the historical pattern, the position continues decreasing and the velocity becomes slightly more negative. Using the MountainCar dynamics:

   \[
   v_{31}=v_{30}+(0-1)(0.001)-\cos(3p_{30})(0.0025)
   \]

   For \(p_{30}=-0.6045\) and \(v_{30}=-0.0179\), this gives approximately \(v_{31}=-0.0183\). Then:

   \[
   p_{31}=p_{30}+v_{31}\approx -0.6045-0.0183=-0.6228
   \]","1"
"luna","MountainCar-v0","next-state","30","The state has two dimensions: position and velocity. For \(s_{31}=(-0.6229,-0.0183)\) and action \(a_{31}=0\) (accelerate left),

   \[
   v_{32}=v_{31}+(0-1)(0.001)-0.0025\cos(3p_{31})
   \]

   Since \(\cos(3(-0.6229))\approx -0.2935\),

   \[
   v_{32}\approx -0.0183-0.001+0.0007338=-0.0185662.
   \]

   Then,

   \[
   p_{32}=p_{31}+v_{32}\approx -0.6229-0.0185662=-0.6414662.
   \]

   Therefore, both position and velocity decrease by more than \(10^{-4}\).","1"
"luna","MountainCar-v0","next-state","30","With action \(a_{32}=0\), the car accelerates left. Using the transition dynamics,
   \[
   v_{33}=v_{32}-0.001-\cos(3p_{32})\times0.0025.
   \]
   For \(p_{32}=-0.6415\), \(\cos(3p_{32})\approx-0.3464\), giving \(v_{33}\approx-0.018734\). The new position is \(p_{33}=p_{32}+v_{33}\approx-0.660234\). Thus, both position and velocity decrease.","1"
"luna","MountainCar-v0","next-state","30","For action \(a_{33}=0\), the car accelerates left. Using \(p_{33}=-0.6602\) and \(v_{33}=-0.0187\):

   \[
   v_{34}=v_{33}+(0-1)(0.001)-0.0025\cos(3p_{33})
   \]

   Since \(\cos(3p_{33})\approx -0.3984\),

   \[
   v_{34}\approx -0.0187-0.001+0.000996=-0.018704.
   \]

   Then,

   \[
   p_{34}=p_{33}+v_{34}\approx -0.6602-0.018704=-0.678904.
   \]

   Thus, position decreases noticeably, while velocity changes by only about \(-3.9\times10^{-6}\), which is below the \(10^{-4}\) threshold.","1"
"luna","MountainCar-v0","next-state","30","With action \(a_{34}=0\), the car accelerates left. From the recent trajectory, position continues decreasing while velocity is near its leftward minimum but begins to increase slightly because of the gravitational term. Using the transition equations:

   \[
   v_{35}=-0.0187-0.001-0.0025\cos(3(-0.679))
   \approx -0.018576
   \]

   \[
   p_{35}=-0.679+v_{35}\approx -0.697576
   \]

   Thus, position decreases and velocity increases by slightly more than \(10^{-4}\).","1"
"luna","MountainCar-v0","next-state","30","For action \(a_{35}=0\), the acceleration term is \((0-1)\times 0.001=-0.001\). Using \(p_{35}=-0.6976\) and \(v_{35}=-0.0186\):

   \[
   v_{36}=v_{35}-0.001-\cos(3p_{35})\times0.0025
   \approx -0.0186-0.001+0.001247
   \approx -0.01835.
   \]

   Then:

   \[
   p_{36}=p_{35}+v_{36}
   \approx -0.6976-0.01835
   \approx -0.71595.
   \]

   Thus, position decreases substantially, while velocity increases slightly because it becomes less negative. The reward does not affect the deterministic transition.","1"
"luna","MountainCar-v0","next-state","30","With action \(a_{36}=0\), the car accelerates left. Using the transition dynamics:
   \[
   v_{37}=v_{36}-(0.001)-0.0025\cos(3p_{36})
   \]
   For \(p_{36}=-0.716\), \(\cos(3p_{36})=\cos(-2.148)\approx -0.546\), giving:
   \[
   v_{37}\approx -0.0184-0.001+0.00136=-0.01804.
   \]
   Then:
   \[
   p_{37}=p_{36}+v_{37}\approx -0.716-0.01804=-0.73404.
   \]
   Thus, position decreases, while velocity increases slightly because it becomes less negative.","1"
"luna","MountainCar-v0","next-state","30","With action \(a_{37}=0\), the car accelerates left. Using \(x=-0.734\) and \(v=-0.018\):

   \[
   v_{38}=v_{37}+(0-1)(0.001)-0.0025\cos(3x_{37})
   \]

   Since \(\cos(3(-0.734))=\cos(-2.202)\approx -0.5901\),

   \[
   v_{38}\approx -0.018-0.001+0.001475=-0.017525.
   \]

   Then,

   \[
   x_{38}=x_{37}+v_{38}\approx -0.734-0.017525=-0.751525.
   \]

   Thus, position decreases, while velocity increases because it becomes less negative. Both changes exceed \(10^{-4}\).","1"
"luna","MountainCar-v0","next-state","30","With action \(a_{38}=0\), the car accelerates left. Using \(p=-0.7515\) and \(v=-0.0175\):

   \[
   v_{39}=v_{38}+(0-1)(0.001)-\cos(3p_{38})(0.0025)
   \]

   Since \(\cos(3(-0.7515))\approx -0.6317\),

   \[
   v_{39}\approx -0.0175-0.001+0.001579=-0.016921.
   \]

   Then,

   \[
   p_{39}=p_{38}+v_{39}\approx -0.7515-0.016921=-0.768421.
   \]

   Thus, position decreases, while velocity increases numerically because it becomes less negative.","1"
"luna","Pendulum-v1","last-action","5","The agent has consistently applied a strong negative torque while the pendulum is near the upright position. From \(s_5\) to \(s_6\), the angular velocity decreases from \(-0.1319\) to \(-0.2931\), indicating continued strong negative acceleration. This is consistent with the agent applying the minimum action, \(-2.00\).","2"
"luna","Pendulum-v1","last-action","5","The pendulum angle at \(s_6\) is approximately \(\theta_6=\arctan2(0.1221,0.9925)\approx0.122\) radians. Its angular velocity changes from \(-0.2931\) to \(-0.4037\), giving an approximate angular acceleration of
   \[
   \frac{-0.4037-(-0.2931)}{0.05}\approx -2.21.
   \]
   Using the Pendulum-v1 dynamics, this corresponds to a torque of approximately \(-1.34\). This also follows the observed behavior: as the pendulum approaches upright with increasingly negative velocity, the agent reduces the magnitude of its negative torque.","1"
"luna","Pendulum-v1","last-action","5","The angular velocity changes from \(-0.4037\) to \(-0.5066\), so the pendulum continues accelerating in the negative direction. Since the pendulum angle is still slightly positive, gravity contributes a small positive acceleration; therefore, the agent must apply a moderately strong negative torque. Using the observed angular-velocity change gives an estimated torque of approximately \(-1.19\), consistent with the preceding decreasing-magnitude negative actions.","2"
"luna","Pendulum-v1","last-action","5","From \(s_8\) to \(s_9\), the angular velocity changes from \(-0.5066\) to \(-0.7489\), a decrease of approximately \(-0.2423\). At the small positive angle \(\theta \approx \arctan2(0.0768,0.997)\approx 0.077\), gravity contributes a small positive acceleration, so the large negative change in angular velocity must come from a strongly negative torque. Using the pendulum dynamics, this is consistent with the action being clipped at approximately \(-2.00\).","1"
"luna","Pendulum-v1","last-action","5","The pendulum has a negative angular velocity at \(s_9\), \(-0.7489\), but its velocity becomes less negative at \(s_{10}\), \(-0.4768\). Thus, the agent applied a positive torque to brake the motion. Using the pendulum dynamics with \(\theta \approx \arctan2(0.0394,0.9992)\approx 0.0394\):

   \[
   \Delta\dot\theta = -0.4768 - (-0.7489)=0.2721
   \]

   \[
   \Delta\dot\theta \approx 0.05(4.5\sin(\theta)+3a_9)
   \]

   Solving gives \(a_9 \approx 1.76\).","1"
"luna","Pendulum-v1","last-action","5","The angular velocity changes from \(-0.4768\) to \(-0.1936\), so the agent applied a positive torque to slow the clockwise motion. Using the Pendulum-v1 dynamics with \(\Delta t=0.05\), \(\theta\approx\arcsin(0.0156)=0.0156\), and \(g\approx10\), the required torque is approximately:
   \[
   a_{10}\approx 1.81.
   \]","1"
"luna","Pendulum-v1","last-action","5","Near the upright position, the observed transitions show that positive torque increases angular velocity and negative torque decreases it. From \(s_{11}\) to \(s_{12}\),

\[
\Delta\dot{\theta}=-0.237-(-0.1936)=-0.0434.
\]

The small positive angle contributes approximately \(+0.0044\) to the angular-velocity change due to gravity. Thus, the torque contribution is about \(-0.0478\). Using the Pendulum dynamics torque coefficient of approximately \(0.15\) per step:

\[
a_{11}\approx \frac{-0.0478}{0.15}\approx -0.32.
\]

This lies in the interval \([-0.4,0)\), which is bin 4.","1"
"luna","Pendulum-v1","last-action","5","The angular velocity changes from \(-0.237\) to \(-0.0298\), so the agent applies a positive torque to brake the negative motion. Using the Pendulum-v1 dynamics with \(dt=0.05\), the required angular acceleration is approximately
   \[
   \frac{-0.0298-(-0.237)}{0.05}\approx 4.14.
   \]
   Near the upright position, the gravitational contribution is very small, so the corresponding torque is approximately
   \[
   a_{12}\approx \frac{4.14}{3}\approx 1.41.
   \]","1"
"luna","Pendulum-v1","last-action","5","From \(s_{13}\) to \(s_{14}\), the angular velocity changes from \(-0.0298\) to \(-0.2514\), indicating a substantial negative angular acceleration. Since the pendulum is already very close to upright, gravity contributes little; therefore, the agent likely applied a moderately strong negative torque. Using the observed velocity change and Pendulum-v1 dynamics gives an estimated torque of approximately \(-1.44\), which lies in the bin \([-1.6,-1.2)\).","2"
"luna","Pendulum-v1","last-action","5","The angular velocity changes from approximately \(-0.2514\) to \(-0.01\), a positive change of about \(0.2414\). Since the pendulum is close to upright, gravity contributes only a small negative acceleration. Therefore, the agent must apply a strong positive torque to counteract the negative angular velocity. Using the pendulum dynamics gives an estimated torque of approximately \(1.71\), which lies in the highest action bin.","1"
"luna","Pendulum-v1","last-action","10","From \(s_{10}\) to \(s_{11}\), the angular velocity increases from \(-0.4768\) to \(-0.1936\), so the agent applies a strong positive torque to slow the clockwise motion. Using the pendulum dynamics, the required torque is approximately \(1.8\), consistent with the previous positive action \(1.6174\).","2"
"luna","Pendulum-v1","last-action","10","From \(s_{11}\) to \(s_{12}\), the angular velocity changes from \(-0.1936\) to \(-0.2370\), so the pendulum experiences a small negative angular acceleration. Near the upright position, gravity contributes only a small positive acceleration, so the agent likely applied a modest negative torque to produce the observed decrease in angular velocity. Estimating from the Pendulum-v1 dynamics gives an action of approximately \(-0.32\).","2"
"luna","Pendulum-v1","last-action","10","At \(s_{12}\), the pendulum is nearly upright but has negative angular velocity \(-0.237\). The transition to angular velocity \(-0.0298\) indicates that the agent applied a positive torque to brake the negative motion. Using the Pendulum-v1 dynamics, the required torque is approximately \(1.41\), consistent with the agent’s earlier corrective positive actions.","2"
"luna","Pendulum-v1","last-action","10","The pendulum is very close to upright at \(s_{13}\), but its angular velocity is slightly negative. The transition to \(s_{14}\) makes the angular velocity substantially more negative, indicating that the agent applied a negative torque. Using the observed change in angular velocity and the Pendulum-v1 dynamics gives an estimated torque of approximately \(-1.44\), which lies in the second bin, \([-1.6,-1.2)\).","2"
"luna","Pendulum-v1","last-action","10","At \(s_{14}\), the pendulum has a small negative angle and angular velocity \(-0.2514\). The transition to \(s_{15}\) changes angular velocity to approximately \(-0.01\), an increase of about \(0.24\). This requires a moderately strong positive torque to counteract the negative velocity. Using the Pendulum dynamics gives an estimated torque near \(+1.7\), consistent with the agent’s earlier corrective positive actions.","1"
"luna","Pendulum-v1","last-action","10","From \(s_{15}\), the pendulum angle is approximately  
   \[
   \theta=\operatorname{atan2}(-0.0205,0.9998)\approx -0.0205,
   \]
   with angular velocity \(-0.01\). The transition to angular velocity \(-0.1678\) over \(dt=0.05\) implies an angular acceleration of approximately
   \[
   \frac{-0.1678-(-0.01)}{0.05}\approx -3.16.
   \]
   Using the Pendulum dynamics,
   \[
   \ddot{\theta}\approx 15\sin(\theta)+3a,
   \]
   gives
   \[
   a\approx \frac{-3.16-15\sin(-0.0205)}{3}\approx -0.95.
   \]","1"
"luna","Pendulum-v1","last-action","10","The pendulum is close to upright, but its angular velocity is negative. From \(s_{16}\) to \(s_{17}\), the angular velocity changes from \(-0.1678\) to \(-0.1079\), indicating a moderate positive torque that counteracts the negative motion. Using the Pendulum-v1 dynamics, this corresponds to an action of approximately \(+0.54\), which lies in the \([0.4, 0.8)\) bin.","2"
"luna","Pendulum-v1","last-action","10","The pendulum is close to upright, with a small negative angle and negative angular velocity. From \(s_{17}\) to \(s_{18}\), the angular velocity changes from \(-0.1079\) to \(-0.1298\), a small decrease. The gravity term already produces most of this negative acceleration, so only a small positive torque is needed to match the transition. Estimating the dynamics gives \(a_{17}\approx 0.02\), which lies in the \([0, 0.4)\) bin.","2"
"luna","Pendulum-v1","last-action","10","The angular velocity changes from \(-0.1298\) to \(-0.0541\), giving an approximate angular acceleration of  
   \[
   \frac{-0.0541-(-0.1298)}{0.05}\approx 1.51.
   \]
   Near the upright position, gravity contributes approximately \(-0.61\), so the torque must provide roughly \(2.12\) acceleration. Using the pendulum dynamics, this corresponds to an action of approximately \(0.71\), a positive corrective torque.","1"
"luna","Pendulum-v1","last-action","10","The angular velocity changes from \(-0.0541\) to \(0.0024\), so the action must apply a positive torque to brake the negative motion and slightly accelerate the pendulum counterclockwise. Using the pendulum dynamics, the required torque is approximately \(0.45\), consistent with the nearby positive actions.","2"
"luna","Pendulum-v1","last-action","20","The pendulum is very close to upright, with a small negative angle and near-zero angular velocity. The previous positive actions reduced the negative angular velocity. From \(s_{20}\) to \(s_{21}\), the angular velocity changes from \(0.0024\) to \(-0.0167\), indicating a small corrective action, likely slightly positive but much smaller than the preceding actions. Estimating from the pendulum dynamics gives an action of approximately \(0.09\).","2"
"luna","Pendulum-v1","last-action","20","The pendulum is close to upright, with a small negative angle and angular velocity. From \(s_{21}\) to \(s_{22}\), the angular velocity changes from \(-0.0167\) to \(0.0467\), indicating a small positive angular acceleration. A moderate positive torque is therefore expected. Using the Pendulum-v1 dynamics, the required torque is approximately \(0.64\), consistent with the agent applying a corrective positive action.","2"
"luna","Pendulum-v1","last-action","20","The pendulum is slightly left of upright, with a small positive angular velocity at \(s_{22}\). It then changes to a more negative angular velocity:
   \[
   \Delta\dot{\theta}= -0.1478-0.0467=-0.1945.
   \]
   The natural gravity effect contributes approximately \(-0.031\) over the timestep, so the remaining change must come from a negative torque. Using the Pendulum-v1 dynamics gives an estimated action of about \(-1.09\), consistent with the agent applying a braking torque.","1"
"luna","Pendulum-v1","last-action","20","The pendulum’s angular velocity changes from \(-0.1478\) to \(0.0285\), so the action must provide a positive torque to reverse the motion. From the preceding behavior and the pendulum dynamics, this requires a torque of approximately \(+1.4\), likely close to \(+1.42\).","2"
"luna","Pendulum-v1","last-action","20","The pendulum is very close to upright, with a small negative angle and angular velocity. From \(s_{24}\) to \(s_{25}\), the angular velocity increases slightly from \(0.0285\) to \(0.0428\), indicating a small positive torque. Accounting for the weak restoring effect of gravity near this angle, the required torque is approximately \(0.33\).","2"
"luna","Pendulum-v1","last-action","20","Near the upright position, the pendulum has a small positive angular velocity at \(s_{25}\) (\(0.0428\)), but transitions to a negative velocity at \(s_{26}\) (\(-0.0646\)). Thus, the agent likely applied a moderate negative torque to brake and reverse the motion. Comparing the angular-velocity change with the pendulum dynamics gives an estimated torque of approximately \(-0.49\), consistent with the agent’s stabilizing behavior.","2"
"luna","Pendulum-v1","last-action","20","The pendulum is slightly left of upright with negative angular velocity, \(\dot\theta=-0.0646\). The transition brings the angular velocity almost exactly to zero, so the agent must apply a moderate positive torque to counteract the negative motion. Using the Pendulum dynamics, the required torque is approximately \(a_{26}\approx 0.68\).","2"
"luna","Pendulum-v1","last-action","20","The pendulum is near upright with almost zero angular velocity at \(s_{27}\). The transition to \(s_{28}\) produces a positive angular velocity (\(0.0811\)), so the agent likely applied a moderate positive torque. Using the observed change in angular velocity and the pendulum dynamics gives an estimated torque of approximately \(0.78\), consistent with the agent’s recent corrective actions.","2"
"luna","Pendulum-v1","last-action","20","The angular velocity changes from \(0.0811\) to \(-0.1588\), so
   \[
   \dot\omega \approx \frac{-0.1588-0.0811}{0.05}=-4.80.
   \]
   Near \(\theta\approx -0.0448\), the gravity contribution is approximately \(15\sin(\theta)\approx -0.67\). Using the Pendulum-v1 dynamics,
   \[
   \dot\omega \approx 15\sin(\theta)+3a,
   \]
   gives
   \[
   a\approx\frac{-4.80-(-0.67)}{3}\approx -1.38.
   \]","1"
"luna","Pendulum-v1","last-action","20","At \(s_{29}\), the angular velocity is negative (\(-0.1588\)), so the agent should apply a positive torque to reverse the motion. The transition to \(+0.0878\) indicates a fairly strong positive action, consistent with an action around \(1.78\), similar to the agent’s earlier corrective torques.","2"
"luna","Pendulum-v1","last-action","30","The angular velocity changes from \(0.0878\) to \(-0.0818\), giving an acceleration of approximately
   \[
   \frac{-0.0818-0.0878}{0.05}\approx -3.39.
   \]
   At \(\theta\approx\arctan2(-0.0484,0.9988)\approx-0.0484\), the gravity contribution is about \(-0.71\). Using the Pendulum dynamics, the required torque is therefore approximately
   \[
   a_{30}\approx\frac{-3.39-(-0.71)}{3}\approx -0.89.
   \]","1"
"luna","Pendulum-v1","last-action","30","The pendulum is near upright, with a small negative angular velocity at \(s_{31}\) (\(-0.0818\)). The next velocity increases to \(0.0994\), so the agent must apply a positive torque to reverse the motion. Using the observed velocity change and the pendulum dynamics gives an estimated torque of approximately \(1.46\), consistent with the agent’s alternating corrective actions near the upright position.","2"
"luna","Pendulum-v1","last-action","30","The pendulum is close to upright, but its angular velocity is positive at \(s_{32}\) (\(0.0994\)). The transition to \(s_{33}\) changes the velocity to \(-0.0779\), so the agent must apply a negative corrective torque. Comparing nearby transitions, a torque close to \(-0.95\) produces a velocity change of approximately \(-0.18\).","1"
"luna","Pendulum-v1","last-action","30","At \(s_{33}\), the angular velocity is slightly negative \((-0.0779)\). The next state has positive angular velocity \((0.1173)\), so the agent applied a positive torque to reverse the motion. A closely matching earlier transition was:

   - \(s_{31}\): angular velocity \(-0.0818\)
   - action: \(1.4704\)
   - \(s_{32}\): angular velocity \(0.0994\)

   The transition from \(s_{33}\) to \(s_{34}\) requires a slightly larger increase in angular velocity, suggesting an action around \(1.56\).","1"
"luna","Pendulum-v1","last-action","30","At \(s_{34}\), the angular velocity is \(0.1173\), and after the transition it decreases slightly to \(0.1103\). Using the Pendulum-v1 dynamics, this small decrease is consistent with a small positive torque that mostly offsets gravity near the upright position. Estimating from the velocity change gives an action of approximately \(0.18\). This lies in the bin \([0, 0.4)\), which is bin 5.","2"
"luna","Pendulum-v1","last-action","30","The pendulum is near upright, but its angular velocity changes from \(+0.1103\) at \(s_{35}\) to \(-0.1432\) at \(s_{36}\). This substantial reversal suggests a strong negative torque. The agent frequently applies near-maximal corrective actions when the angular velocity needs to be rapidly reversed, so \(a_{35}\) was likely close to the lower action limit.","2"
"luna","Pendulum-v1","last-action","30","The angular velocity changes from \(-0.1432\) at \(s_{36}\) to \(+0.0816\) at \(s_{37}\), so the agent must apply a positive torque. Using the nearby transitions, a torque around \(+1.7\) is consistent with this velocity increase. This falls in the interval \([1.6, 2.0]\), corresponding to bin 9.","2"
"luna","Pendulum-v1","last-action","30","The pendulum is close to upright at \(s_{37}\), but its angular velocity is positive (\(0.0816\)). The transition to \(s_{38}\) produces a strong negative angular velocity (\(-0.2468\)), so the agent must have applied a large negative torque. Using the observed angular-velocity change and the pendulum dynamics gives an action of approximately \(-1.97\), close to the lower action limit.","2"
"luna","Pendulum-v1","last-action","30","The pendulum is very close to upright, but its angular velocity at \(s_{38}\) is negative (\(-0.2468\)). The transition to \(s_{39}\) changes this to a small positive velocity (\(0.0116\)), indicating a strong positive corrective torque. Using the approximate angular-acceleration change, the required action is about \(+1.8\), consistent with the agent’s alternating corrective behavior.","2"
"luna","Pendulum-v1","last-action","30","The pendulum’s angular velocity increases from \(0.0116\) to \(0.1217\), so \(\Delta\dot\theta \approx 0.1101\). Near the upright position, the dynamics imply that an action of roughly \(1.0\) produces this increase after accounting for gravity. Thus, \(a_{39}\) was likely close to \(1.01\), consistent with the agent’s alternating corrective torques.","1"
"luna","Pendulum-v1","last-state","5","The first two state components are \(\cos(\theta)\) and \(\sin(\theta)\). From the historical transitions, the angle advances according to the new angular velocity, approximately
   \[
   \theta_6-\theta_5 \approx 0.05\,\omega_6.
   \]
   Since \(\omega_6=-0.2931\), the angle decreased by about \(0.0147\) radians. Thus, \(s_5\) had a slightly larger angle than \(s_6\). Consequently, cosine increased while sine decreased. Using the torque and pendulum dynamics, the previous angular velocity is approximately \(-0.13\), which is higher than \(-0.2931\), so angular velocity decreased.","1"
"luna","Pendulum-v1","last-state","5","The negative angular velocity and negative torque continue to rotate the pendulum toward the upright position. Thus, from \(s_6\) to \(s_7\), the angle decreases: \(\sin(\theta)\) decreases while \(\cos(\theta)\) increases. The negative torque also makes angular velocity more negative. Using the preceding transitions, a reasonable estimate is \(s_6 \approx [0.9925, 0.1219, -0.25]\).","2"
"luna","Pendulum-v1","last-state","5","The first two state elements are \(\cos(\theta)\) and \(\sin(\theta)\). The pendulum angle is moving toward zero, so \(\cos(\theta)\) increases while \(\sin(\theta)\) decreases. The negative action further reduces angular velocity, consistent with the decreasing angular velocity observed through the previous steps. Reversing the approximate pendulum dynamics from \(s_8\) gives:
   \[
   s_7 \approx [0.9948,\ 0.1020,\ -0.4037].
   \]","2"
"luna","Pendulum-v1","last-state","5","The first two state elements are \(\cos(\theta)\) and \(\sin(\theta)\). From steps 3–7, the pendulum angle is moving toward zero: \(x=\cos(\theta)\) increases while \(y=\sin(\theta)\) decreases. The strongly negative action at step 8 further reduces the angular velocity, so the third element should decrease. Estimating backward from \(s_9\), \(s_8\) is approximately \([0.9971,\ 0.0768,\ -0.5053]\).","2"
"luna","Pendulum-v1","last-state","5","The pendulum is approaching the upright position: its sine component is decreasing while its cosine component is increasing. The positive action \(a_9=1.6174\) counteracts the negative angular velocity, so the angular velocity should increase (become less negative). Using the transition dynamics backward from \(s_{10}\), the estimated previous angle is about \(0.0394\) radians, giving \(s_9 \approx [0.9992, 0.0394, -0.7283]\).","2"
"luna","Pendulum-v1","last-state","5","Through step 9, the pendulum is approaching the upright position: the cosine component increases toward 1, the sine component decreases toward 0, and the angular velocity is negative. The positive action \(a_{10}=1.8099\) opposes the negative angular velocity, so the velocity should become less negative. Using the transition dynamics backward from \(s_{11}\), the estimated prior angle is about \(0.01558\) radians, giving the following estimate for \(s_{10}\).","2"
"luna","Pendulum-v1","last-state","5","The first two state components are \(\cos(\theta)\) and \(\sin(\theta)\). From step 10, the pendulum is slightly displaced with positive \(\sin(\theta)\) and negative angular velocity. The positive action at step 10 reduces the negative angular velocity, so \(s_{11}\) is expected to have a small positive second component and angular velocity around \(-0.194\). Applying the negative action \(a_{11}=-0.3191\) further decreases the angular velocity and moves the angle through zero, producing the target state \(s_{12}\). The cosine component changes only negligibly, within the \(10^{-4}\) threshold.","2"
"luna","Pendulum-v1","last-state","5","Near the upright position, the second state element is approximately the pendulum angle. After step 11, the negative angular velocity and action \(a_{11}=-0.3191\) imply that the angular velocity becomes more negative at \(s_{12}\). From \(s_{12}\), the positive action \(a_{12}=1.4111\) increases angular velocity, but it remains slightly negative at \(s_{13}\). Therefore, the angle continues decreasing, so the sine component decreases. The cosine component changes only by about \(10^{-5}\), below the \(10^{-4}\) threshold.","1"
"luna","Pendulum-v1","last-state","5","Near the upright position, the negative action \(a_{13}=-1.4401\) produces a negative angular acceleration. Thus, the angular velocity decreases. The pendulum angle also moves farther in the negative direction, causing the sine component to decrease. Since the angle magnitude increases from a small negative value, the cosine component decreases slightly as well.

Using the Pendulum transition equations with \(dt=0.05\), an estimated previous state is:
\[
s_{13}\approx [0.99997,\,-0.00743,\,-0.03371].
\]","2"
"luna","Pendulum-v1","last-state","5","Near the upright position, the state corresponds to a small negative angle. The positive torque \(a_{14}=1.7093\) increases angular velocity, so the third element should increase substantially from \(s_{14}\) to \(s_{15}\). Since the angular velocity at \(s_{15}\) is approximately \(-0.01\), the prior angular velocity was about \(-0.25\). The angle changes slightly further in the negative direction, making the sine component decrease, while the cosine component changes by less than \(10^{-4}\).","2"
"luna","Pendulum-v1","last-state","10","At step 9, the pendulum has a small positive angle (`sin(theta) > 0`) and negative angular velocity. The positive action at step 9 increases the angular velocity toward zero, so the pendulum continues moving toward the upright position. Thus, at step 10, the angle should be smaller than at step 9, with `x` closer to 1, `y` smaller, and angular velocity still negative but less negative. Applying the positive action `a10 = 1.8099` further increases angular velocity toward zero.","2"
"luna","Pendulum-v1","last-state","10","The third state element is angular velocity. Under action \(a_{11}=-0.3191\), the angular velocity should decrease slightly, consistent with the transition to \(-0.237\). Since the angular velocity remains negative, the pendulum angle continues moving toward the negative side: the sine component decreases, while the cosine component moves only negligibly closer to \(1\). The cosine change is below \(10^{-4}\), so it is treated as unchanged.","2"
"luna","Pendulum-v1","last-state","10","Near the upright position, the first two state elements are approximately \(\cos(\theta)\) and \(\sin(\theta)\). From \(s_{13}\), the angle is approximately \(\theta_{13}\approx -0.0074\). Since the angular velocity at \(s_{13}\) is \(-0.0298\) and the time step is \(0.05\), the preceding angle was approximately
   \[
   \theta_{12}\approx -0.0074 - 0.05(-0.0298)\approx -0.0059.
   \]
   The positive action \(a_{12}=1.4111\) increases angular velocity, so the preceding angular velocity was approximately \(-0.24\). Thus, the sine component became more negative, while the angular velocity increased. The cosine change is negligible, below \(10^{-4}\).","1"
"luna","Pendulum-v1","last-state","10","The state represents \([\cos(\theta), \sin(\theta), \dot{\theta}]\). From \(s_{14}\), the angle is approximately \(\theta_{14}=-0.0200\). Since \(\dot{\theta}_{14}=-0.2514\) and the simulation timestep is approximately \(0.05\), the preceding angle is estimated as
\[
\theta_{13}\approx \theta_{14}-0.05\dot{\theta}_{14}\approx -0.00743.
\]
Applying the action \(a_{13}=-1.4401\) produces a negative angular acceleration, so the angular velocity decreases substantially. Therefore, all three state elements decrease from \(s_{13}\) to \(s_{14}\). The first two changes are due to the angle becoming more negative, while the third is due to the negative torque.","1"
"luna","Pendulum-v1","last-state","10","The positive torque \(a_{14}=1.7093\) should increase the angular velocity. Since the next angular velocity is \(-0.01\), the previous angular velocity was likely substantially more negative, approximately \(-0.25\). The pendulum was still moving slightly in the negative angular direction, so the sine component decreased from about \(-0.0200\) to \(-0.0205\). The cosine component changed only by roughly \(10^{-5}\), which is below the \(10^{-4}\) threshold.","1"
"luna","Pendulum-v1","last-state","10","From step 14, the pendulum angle is slightly negative (`sin(theta) = -0.0200`) and the angular velocity is negative. The positive action at step 14 likely reduces the magnitude of the negative angular velocity, giving an estimated step-15 velocity near `-0.01`. Then action `a15 = -0.9498` produces a further negative angular acceleration, resulting in `s16[2] = -0.1678`. Since the angle continues moving in the negative direction, both `sin(theta)` and the corresponding `cos(theta)` decrease slightly from step 15 to step 16.","2"
"luna","Pendulum-v1","last-state","10","At step 16, the pendulum is slightly left of upright, so its angle is negative and its angular velocity is still negative. The positive torque \(a_{16}=0.544\) reduces the negative angular velocity, making the velocity increase toward zero. During this interval, the angle remains negative and becomes more negative, so \(\sin(\theta)\) decreases and \(\cos(\theta)\) also decreases slightly as the pendulum moves farther from upright.","2"
"luna","Pendulum-v1","last-state","10","Near the upright position, the negative angular velocity causes the angle to become more negative. Thus, from \(s_{17}\) to \(s_{18}\), the sine component decreases. As the angle moves farther from zero, \(x=\cos(\theta)\) also decreases slightly. The small positive torque \(a_{17}=0.025\) is not sufficient to prevent the angular velocity from becoming more negative under the pendulum dynamics. Reversing the transition gives approximately  
   \(s_{17}\approx[0.9994,-0.0343,-0.1078]\).","2"
"luna","Pendulum-v1","last-state","10","The historical transitions show that, near the upright position, a negative angular velocity makes the angle increasingly negative: the sine component decreases while the cosine component decreases slightly. The positive action \(a_{18}=0.7088\) increases angular velocity, so the angular velocity should become less negative. Reversing the transition from \(s_{19}\) gives an estimated \(s_{18}\approx[0.9992,-0.0408,-0.1298]\).","2"
"luna","Pendulum-v1","last-state","10","Near the upright position, the first two state elements are approximately \(\cos(\theta)\) and \(\sin(\theta)\). Using the transition to \(s_{20}\) and \(a_{19}=0.5939\), the previous angular velocity is estimated to be about \(-0.0547\). The resulting angular velocity at \(s_{20}\) is \(+0.0024\), so element 2 increased. Since the angular velocity at \(s_{20}\) is slightly positive, the angle moves slightly toward zero: \(\sin(\theta)\) increases, while \(\cos(\theta)\) changes by less than \(10^{-4}\).","2"
"luna","Pendulum-v1","last-state","20","Near the upright position, the small positive torque at step 20 reduces the negative angular velocity only slightly, while gravity causes the pendulum angle to move a little farther negative. Thus, from \(s_{20}\) to \(s_{21}\), the sine component decreases and angular velocity decreases. The cosine component changes only by about \(4\times10^{-5}\), which is below the \(10^{-4}\) threshold and is therefore treated as unchanged.","1"
"luna","Pendulum-v1","last-state","20","The positive torque \(a_{21}=0.6435\) increases the angular velocity. Since the pendulum is slightly to the negative-angle side (\(y<0\)), the resulting positive angular velocity moves it toward the upright position: \(y\) increases (becomes less negative), \(x=\cos(\theta)\) increases slightly, and angular velocity increases. Using the preceding transition and the Pendulum-v1 dynamics gives an estimated \(s_{21}\approx[0.9990,-0.0441,-0.0168]\).","2"
"luna","Pendulum-v1","last-state","20","The angle corresponding to \(s_{23}\) is approximately  
   \(\theta_{23}=\operatorname{atan2}(-0.0492,0.9988)\approx -0.0492\) radians.  
   The angular velocity at \(s_{23}\) is negative, so the pendulum angle was decreasing from \(s_{22}\) to \(s_{23}\). Therefore, the sine component decreased, while the cosine component also decreased slightly as the angle moved farther from zero. The negative torque caused the angular velocity to decrease as well.

   Using the observed transition rate, a plausible estimate is:
   \[
   s_{22}\approx [0.9991,\,-0.0418,\,0.0247].
   \]","1"
"luna","Pendulum-v1","last-state","20","The previous state can be inferred from the pendulum dynamics. The positive action \(a_{23}=1.4213\) increases angular velocity, so the angular velocity in \(s_{23}\) was likely negative and then increased to \(0.0285\). During this transition, the angle moved from approximately \(-0.0492\) to \(-0.0478\), causing the sine component to increase and the cosine component to increase only slightly. The cosine change is below the \(10^{-4}\) threshold.","2"
"luna","Pendulum-v1","last-state","20","Near the upright position, the positive action \(a_{24}=0.3345\) increases angular velocity. The preceding positive action at step 23 likely moved the pendulum from negative angular velocity toward zero, so from \(s_{24}\) to \(s_{25}\), the pendulum angle likely moved slightly toward zero. Therefore, \(x=\cos(\theta)\) and \(y=\sin(\theta)\) both increase, while angular velocity increases.","2"
"luna","Pendulum-v1","last-state","20","The negative torque \(a_{25}=-0.4878\) should reduce the angular velocity, consistent with the decrease from a small positive/near-zero velocity before the action to \(-0.0646\) at \(s_{26}\). During this transition, the pendulum moves slightly farther from the upright angle, so \(y=\sin(\theta)\) becomes more negative and \(x=\cos(\theta)\) decreases slightly. A reasonable reverse-dynamics estimate is \(s_{25}\approx[0.9990,-0.0457,0.0189]\).","2"
"luna","Pendulum-v1","last-state","20","The action \(a_{26}=0.6751\) is positive, so it increases angular velocity. Since the next angular velocity is nearly zero, the preceding angular velocity was likely negative, approximately \(-0.09\). The resulting angular displacement during this step is extremely small, so the \(x\) and \(y\) coordinates change by less than \(10^{-4}\) and are treated as unchanged.","2"
"luna","Pendulum-v1","last-state","20","The positive action \(a_{27}=0.7845\) should increase the angular velocity. Since the angular velocity at \(s_{28}\) is \(0.0811\), the preceding angular velocity was likely slightly negative. A positive angular velocity then causes the pendulum angle to increase, so the sine component should become less negative. The cosine component correspondingly increases slightly toward 1. Using the observed transition scale, \(s_{27}\) is approximately \([0.9988,-0.0489,-0.0246]\).","2"
"luna","Pendulum-v1","last-state","20","The action \(a_{28}=-1.3752\) produces a strong negative angular acceleration. From the recent transitions, the angular velocity therefore drops from a small positive value in \(s_{28}\) to \(-0.1588\) in \(s_{29}\). The angle also moves farther in the negative direction, causing both \(y=\sin(\theta)\) and \(x=\cos(\theta)\) to decrease slightly. Reversing the approximate pendulum dynamics gives \(s_{28}\approx[0.9990,-0.0449,0.0811]\).","2"
"luna","Pendulum-v1","last-state","20","The pendulum angle is slightly negative at \(s_{30}\), with \(\sin(\theta)\approx -0.0484\). The positive action \(a_{29}=1.9078\) produces positive angular acceleration. Thus, immediately before the action, the pendulum was likely at a slightly more negative angle and had lower angular velocity. Moving toward \(s_{30}\), the angle increases, so the sine increases (becomes less negative), cosine increases slightly, and angular velocity increases.","2"
"luna","Pendulum-v1","last-state","30","At step 29, the pendulum has negative angular velocity and receives a strong positive torque, so its angular velocity should become slightly positive at \(s_{30}\). The subsequent negative action \(a_{30}=-0.8885\) then reduces the angular velocity, producing the observed negative velocity at \(s_{31}\). The angle moves from approximately \(-0.0484\) to \(-0.0525\), so its sine becomes more negative and its cosine decreases slightly.","2"
"luna","Pendulum-v1","last-state","30","Near the upright position, the pendulum’s angular velocity is used to update the angle. Since \(s_{32}\) has \(y=-0.0475\) and angular velocity \(0.0994\), the preceding state likely had a slightly more negative angle and a negative angular velocity. The positive action \(a_{31}=1.4704\) then increases the angular velocity and moves the pendulum closer to upright. Thus, all three state components likely increased. Using the observed transition scale, \(s_{31}\) is approximately \([0.9986,-0.0525,-0.1090]\).","2"
"luna","Pendulum-v1","last-state","30","The first two state components encode the pendulum angle as \((\cos\theta,\sin\theta)\). From the recent transitions, the angular velocity changes substantially in response to torque, while the angle changes more gradually. Reversing the transition from \(s_{32}\) to \(s_{33}\) with action \(-0.9442\) gives an estimated prior angle corresponding to \(\theta_{32}\approx -0.0475\) rad and angular velocity \(\dot\theta_{32}\approx 0.0987\). Thus, all three components decreased numerically to reach \(s_{33}\). The first-component change is approximately \(1.7\times10^{-4}\), which exceeds the \(10^{-4}\) threshold.","1"
"luna","Pendulum-v1","last-state","30","The pendulum’s second state component changes from a more negative value toward \(-0.0455\), so it likely increased. The positive action \(a_{33}=1.5583\) should increase angular velocity; therefore the third component of \(s_{33}\) was likely lower than \(0.1173\). Since \(x=\cos(\theta)\) is near \(1\), moving from a slightly larger-magnitude angle toward upright makes the first component increase slightly as well.","2"
"luna","Pendulum-v1","last-state","30","The final angular velocity at \(s_{35}\) is \(0.1103\). With the small positive action \(a_{34}=0.1805\), the angular velocity is expected to decrease slightly because the pendulum is at a small negative angle, producing a negative restoring contribution. Thus, \(s_{34}\)'s angular velocity was slightly higher than \(0.1103\). Since the angular velocity was positive, the pendulum angle moved toward zero, so the sine component increased from a more negative value and the cosine component increased slightly toward \(1\).","2"
"luna","Pendulum-v1","last-state","30","The action \(a_{35}=-1.4898\) applies a strong negative torque, so the angular velocity should decrease substantially from \(s_{35}\) to \(s_{36}\). From the observed transition to \(s_{36}\), the preceding angular velocity is estimated to be about \(0.092\). The pendulum angle was slightly more negative at \(s_{35}\), then moved toward zero, causing both the cosine and sine observations to increase.","2"
"luna","Pendulum-v1","last-state","30","At step 35 the pendulum is slightly to the negative-angle side with positive angular velocity. The negative action at step 35 likely makes the angular velocity in \(s_{36}\) negative. Then the positive action \(a_{36}=1.7351\) produces a strong positive angular acceleration, so the angular velocity rises to \(0.0816\). The angle moves toward zero, causing both \(\sin(\theta)\) to become less negative and \(\cos(\theta)\) to increase slightly.","2"
"luna","Pendulum-v1","last-state","30","Near the upright position, the first two state elements correspond to \(\cos(\theta)\) and \(\sin(\theta)\). The recent trajectory shows that the pendulum angle was becoming slightly more negative. Applying the strongly negative torque \(a_{37}=-1.9743\) further decreases angular velocity, producing the observed \(s_{38}\) angular velocity of \(-0.2468\). Thus, \(s_{37}\) likely had a small positive angular velocity, and the angle decreased from approximately \(-0.043\) to \(-0.0554\) radians. Consequently, cosine decreased slightly, sine decreased, and angular velocity decreased.","2"
"luna","Pendulum-v1","last-state","30","The state at step 37 has a small positive angular velocity. The large negative action at step 37 would drive the angular velocity negative, so \(s_{38}\) likely has \(\dot\theta\approx -0.25\). Applying \(a_{38}=2\) then increases the angular velocity to \(0.0116\). During this transition, the pendulum angle moves slightly toward zero, so the sine component increases from roughly \(-0.0554\) to \(-0.0548\), while the cosine component changes only by a few \(10^{-5}\), below the \(10^{-4}\) threshold.","1"
"luna","Pendulum-v1","last-state","30","The state at step 38 has a negative angle and negative angular velocity, while the positive action at step 38 drives the angular velocity upward. Thus, immediately before action \(a_{39}=1.0085\), the pendulum was likely still slightly below the upright position with a small positive angular velocity. Applying another positive torque increases the angular velocity and moves the angle closer to zero. Consequently, \(x=\cos(\theta)\) and \(y=\sin(\theta)\) both increase slightly: \(x\) increases as \(|\theta|\) decreases, and \(y\) becomes less negative.","2"
"luna","Pendulum-v1","next-action","5","The agent has applied strong negative torque while the pendulum moved toward the upright position and its positive angular velocity decreased. At \(s_5\), the angular velocity has become negative (\(-0.1319\)), indicating that the pendulum is beginning to move past the desired equilibrium direction. The agent will likely switch to a strong positive torque to counteract this motion and stabilize the pendulum.","3"
"luna","Pendulum-v1","next-action","5","The agent has consistently applied a strong negative torque while the pendulum angle is slightly positive. However, the angular velocity has now become increasingly negative, so the controller will likely reduce the magnitude of the negative torque to avoid excessive overshoot. A value around **-1.42** is therefore plausible.","3"
"luna","Pendulum-v1","next-action","5","The agent has consistently applied negative torque while the pendulum is slightly displaced to the positive-angle side. As the pendulum approaches upright, the negative torque magnitude has been decreasing, suggesting a further reduction at \(s_7\). A moderate negative action near \(-0.90\) is therefore most likely.","3"
"luna","Pendulum-v1","next-action","5","The pendulum is close to upright, but its angular velocity is increasingly negative. The agent has been reducing the magnitude of its negative torque as the state approaches the upright region, so the next action will likely continue this trend with a moderately negative torque, around \(-0.9\).","3"
"luna","Pendulum-v1","next-action","5","The pendulum is very close to upright, but its angular velocity is strongly negative (`-0.7489`). The previous negative torques have driven it toward and nearly past the upright position. To counteract this negative angular velocity and prevent overshooting, the agent will most likely apply a strong positive torque.","3"
"luna","Pendulum-v1","next-action","5","The pendulum is very close to upright: \(x \approx 1\), \(y \approx 0\). Its angular velocity is still negative (\(-0.4768\)), so the agent will likely continue applying a positive counterclockwise torque to brake the motion and stabilize the pendulum. Since the previous action was strongly positive (\(1.6174\)), the next action will likely remain positive but be somewhat reduced.","2"
"luna","Pendulum-v1","next-action","5","The pendulum is very close to upright: \(x \approx 1\) and \(y=0.0059\). Its angular velocity is still negative (\(-0.1936\)), so the agent should continue applying a positive torque to brake the remaining clockwise motion. Since the velocity magnitude is smaller than in steps 9–10, the torque will likely be somewhat reduced, around \(+1.3\).","2"
"luna","Pendulum-v1","next-action","5","The pendulum is extremely close to upright, but its angular velocity is negative (`-0.237`). The agent will most likely apply a small positive torque to counteract this motion and damp the oscillation, rather than using a large corrective action.","4"
"luna","Pendulum-v1","next-action","5","The pendulum is extremely close to upright, with only a small negative angle and a slight negative angular velocity. The preceding positive torque reduced the negative velocity substantially, so the agent will likely continue applying a small positive torque to stabilize the pendulum without causing overshoot.","3"
"luna","Pendulum-v1","next-action","5","At \(s_{14}\), the pendulum is very close to upright, but its angular velocity is negative (\(-0.2514\)) and its angle is slightly negative. The agent has recently used positive torque to counteract negative angular velocity, so it will most likely apply a moderately strong positive torque to stabilize the pendulum.","3"
"luna","Pendulum-v1","next-action","10","At \(s_{10}\), the pendulum is very close to upright (\(\theta \approx 0.0156\)), but its angular velocity is still negative (\(-0.4768\)). The previous action switched to a positive torque to counteract this negative motion. The agent will therefore most likely continue applying a positive torque, somewhat smaller than the previous \(1.6174\) as the angular velocity is being reduced.","2"
"luna","Pendulum-v1","next-action","10","The pendulum is almost upright at \(s_{11}\), but its angular velocity is still negative (\(-0.1936\)). The agent has recently switched to positive torque to counteract this downward angular motion. Since the velocity magnitude is now smaller than in Step 10, a moderate positive torque is likely rather than the larger \(1.81\) torque previously applied.","2"
"luna","Pendulum-v1","next-action","10","The pendulum is very close to upright, but its angle and angular velocity are both slightly negative. To counteract this motion and push the pendulum back toward the upright position, the agent will likely apply a small positive torque. Since the velocity magnitude is modest, a torque substantially below the maximum is expected.","4"
"luna","Pendulum-v1","next-action","10","The pendulum is very close to upright: \(x\approx1\), the angle is slightly negative, and angular velocity is also slightly negative. A small positive torque should counteract this motion and stabilize the pendulum without applying the large torques seen earlier.","4"
"luna","Pendulum-v1","next-action","10","The pendulum is very close to upright, but its angular velocity is negative (`-0.2514`), meaning it is moving away from the desired zero-velocity state. The agent has recently used a positive torque to reduce negative angular velocity (Step 12), followed by a negative corrective torque (Step 13). At state `s14`, the agent will most likely apply another positive torque to counteract the negative angular velocity, likely with a moderately large magnitude.","2"
"luna","Pendulum-v1","next-action","10","The pendulum is very close to upright: \(x\approx 1\), \(y\approx -0.0205\), and its angular velocity is nearly zero. The agent has recently used alternating strong torques to damp the small oscillation: positive torque at step 14 reduced the negative angular velocity from \(-0.2514\) to approximately \(-0.01\). Based on the alternating behavior around the upright position, the next action is most likely a moderate negative torque.","2"
"luna","Pendulum-v1","next-action","10","At \(s_{16}\), the pendulum is slightly below upright (\(\sin\theta<0\)) and has negative angular velocity. The agent has generally responded to this motion with a positive counter-torque, as seen at Steps 12 and 14. A moderately strong positive action is therefore most likely.","2"
"luna","Pendulum-v1","next-action","10","At \(s_{17}\), the pendulum is very close to upright, but both its angle and angular velocity are slightly negative. The recent positive torque at step 16 reduced the negative angular velocity, so the agent will likely continue applying a small positive torque to counteract the remaining motion while avoiding excessive control effort.","2"
"luna","Pendulum-v1","next-action","10","The pendulum is slightly left of upright (`sin(theta) < 0`) and has negative angular velocity, so the agent will likely apply a positive counterclockwise torque to reduce the negative motion and move back toward upright. The recent actions near equilibrium alternate in sign with small magnitudes, suggesting a modest positive action rather than saturation.","3"
"luna","Pendulum-v1","next-action","10","The pendulum is very close to upright, but both its angle and angular velocity are slightly negative. The recent positive torque at step 18 reduced the negative angular velocity, so the agent will likely continue applying a moderate positive torque to stabilize the pendulum without using a large corrective action.","2"
"luna","Pendulum-v1","next-action","20","The pendulum is very close to upright, with a small negative angle and nearly zero angular velocity. The recent positive torques have reduced the negative angular velocity, so the agent will likely apply a small positive torque to counteract the remaining negative displacement without causing a large oscillation.","3"
"luna","Pendulum-v1","next-action","20","The pendulum is very close to upright, but its angle and angular velocity are both slightly negative. The agent has recently used small positive torques to counter this motion, so a modest positive action is most likely rather than a large corrective torque.","3"
"luna","Pendulum-v1","next-action","20","The pendulum is very close to upright, but its angular velocity has become slightly positive. The recent actions have been small corrective torques around the equilibrium. To counter the positive angular motion and keep the pendulum centered, the agent will most likely apply a modest negative torque.","3"
"luna","Pendulum-v1","next-action","20","At \(s_{23}\), the pendulum is slightly displaced from upright with negative angular velocity: \(\theta \approx -0.049\) and \(\dot{\theta}=-0.1478\). The agent has generally responded to similar negative-angle, negative-velocity states with a positive corrective torque. A moderate positive action is therefore most likely.","3"
"luna","Pendulum-v1","next-action","20","The pendulum is close to upright, but its angular velocity has just changed to a small positive value after the strong positive action at step 23. The agent will likely apply a moderate negative torque to damp this motion and keep the pendulum near equilibrium.","2"
"luna","Pendulum-v1","next-action","20","The pendulum is very close to upright, but at \(s_{25}\) it has a small negative angle and positive angular velocity. The recent policy alternates torque to damp this small oscillation. Since the angular velocity is now positive, the agent will most likely apply a moderate negative torque, similar to the corrective action at Step 22.","2"
"luna","Pendulum-v1","next-action","20","The pendulum is very close to upright, but its angular velocity is slightly negative and its angle is also slightly negative. The agent has generally applied a small positive corrective torque when the pendulum begins moving negatively, while avoiding sustained large actions near equilibrium. Thus, a moderate positive action is most likely.","3"
"luna","Pendulum-v1","next-action","20","The pendulum is close to upright but slightly displaced with \(y<0\), corresponding to a small negative angle. Its angular velocity is essentially zero. The agent has generally applied a small positive torque in this region to correct the negative displacement, with nearby actions often falling around \(0.3\)–\(0.7\). A likely prediction is therefore a moderate positive action.","3"
"luna","Pendulum-v1","next-action","20","The pendulum remains close to upright, but at \(s_{28}\) its angular velocity is positive (\(0.0811\)) while the angle is slightly negative. The recent actions show alternating corrective torques near equilibrium. A negative torque is therefore most likely to brake the positive angular motion and maintain stability. A moderate value around \(-0.7\) is a reasonable prediction.","3"
"luna","Pendulum-v1","next-action","20","The pendulum is slightly left of upright (\(\sin\theta=-0.0528\)) and has negative angular velocity (\(-0.1588\)). The agent typically applies a positive torque to counteract this motion. A very similar state at Step 23 led to action \(+1.4213\), so an action around \(+1.4\) is most likely.","2"
"luna","Pendulum-v1","next-action","30","At \(s_{30}\), the pendulum is close to upright but has a small positive angular velocity (\(0.0878\)). The agent has recently used alternating strong torques to damp this oscillation: a positive action at step 29 changed the velocity from negative to positive. Therefore, it will most likely apply a negative corrective torque, similar to the \(-1.3752\) action taken at step 28 for a very similar state.","2"
"luna","Pendulum-v1","next-action","30","The pendulum is slightly displaced to the negative side and has negative angular velocity. In the recent sequence, negative angular velocity is generally followed by a positive corrective torque. Since the deviation is small, the agent will likely choose a moderate positive action, around \(0.8\).","3"
"luna","Pendulum-v1","next-action","30","The pendulum remains close to upright, but at \(s_{32}\) its angular velocity is positive (\(0.0994\)). In the preceding steps, the agent generally applies a negative torque after positive angular velocity to brake and stabilize the pendulum:

   - \(s_{28}\): velocity \(0.0811\), action \(-1.3752\)
   - \(s_{30}\): velocity \(0.0878\), action \(-0.8885\)

   Since \(s_{32}\) has a similar angle and slightly larger positive velocity, a moderately strong negative action is most likely.","2"
"luna","Pendulum-v1","next-action","30","At \(s_{33}\), the pendulum has a small negative angle and negative angular velocity. The agent has recently responded to similar states with a positive corrective torque—for example, at Step 31, a nearly identical state received action \(+1.4704\). Therefore, a positive action around \(1.4\)–\(1.5\) is most likely.","2"
"luna","Pendulum-v1","next-action","30","The pendulum is close to upright but has positive angular velocity at \(s_{34}\). In the preceding oscillatory pattern, the agent applies a negative torque after positive angular velocity to brake and stabilize the pendulum. Comparable states received actions around \(-0.9\) to \(-1.4\), so a moderate negative action is most likely.","3"
"luna","Pendulum-v1","next-action","30","The pendulum is close to upright, but its angular velocity is positive while the angle is slightly negative. In recent similar states with positive angular velocity, the agent generally applies a negative corrective torque, often around \(-0.9\). Therefore, a moderately negative action is most likely.","3"
"luna","Pendulum-v1","next-action","30","The pendulum is slightly displaced to the negative side and has negative angular velocity (`-0.1432`). The agent generally responds to negative angular velocity with a positive corrective torque. Nearby examples show positive actions around `1.4–1.9` for similar states, so a relatively strong positive action is likely.","3"
"luna","Pendulum-v1","next-action","30","The pendulum is close to upright, but its angular velocity at \(s_{37}\) is positive (\(0.0816\)). The agent typically applies a negative torque to counteract positive angular velocity and stabilize the pendulum. For similar near-upright states with positive angular velocity, actions were approximately \(-0.9\) to \(-1.4\). Thus, a moderate negative action is most likely.","3"
"luna","Pendulum-v1","next-action","30","The pendulum is slightly left of upright (`y = -0.0554`) and has a fairly negative angular velocity (`-0.2468`). The agent has recently used alternating strong torques: negative torque at step 37 produced this negative velocity, so it will likely apply a strong positive torque to reverse the motion and stabilize the pendulum. This places the action in the highest positive bin.","2"
"luna","Pendulum-v1","next-action","30","The pendulum is very close to upright at \(s_{39}\), with a small negative angle and a small positive angular velocity. The agent has recently used alternating torques: positive torque when angular velocity is negative and negative torque when it becomes positive. Since the angular velocity at \(s_{39}\) is slightly positive, the agent will most likely apply a moderate negative torque to damp the motion.","3"
"luna","Pendulum-v1","next-state","5","The historical transitions show that applying a strong negative torque decreases angular velocity. At step 4, the pendulum angle is still slightly positive, so the negative torque causes the angular velocity to become negative. The angle therefore moves back toward zero: its sine decreases and its cosine increases.

   Using the observed dynamics, the approximate angular-velocity change is
   \[
   \Delta\dot{\theta}\approx 0.05(15\sin(\theta)-6)
   \approx 0.05(15(0.1431)-6)\approx -0.1927.
   \]
   Thus,
   \[
   \dot{\theta}_5\approx 0.0608-0.1927=-0.1319.
   \]","1"
"luna","Pendulum-v1","next-state","5","The first two state components are \(\cos(\theta)\) and \(\sin(\theta)\). At \(s_5\), the pendulum angle is slightly positive, while angular velocity is already negative. Applying the negative torque \(a_5=-1.7581\) further decreases angular velocity, causing the angle to decrease. Therefore, \(\cos(\theta)\) increases, \(\sin(\theta)\) decreases, and angular velocity decreases. Using the Pendulum-v1 dynamics with \(dt=0.05\), the next angular velocity is approximately \(-0.2951\), and the next angle is approximately \(0.1223\) radians.","2"
"luna","Pendulum-v1","next-state","5","The current angle is slightly displaced from upright because \(x=\cos(\theta)\approx0.9925\) and \(y=\sin(\theta)\approx0.1221\). The negative torque further accelerates the pendulum in the negative angular direction. Thus, the angle decreases toward zero: \(x=\cos(\theta)\) increases, \(y=\sin(\theta)\) decreases, and angular velocity becomes more negative.

   Using the Pendulum-v1 dynamics with \(dt\approx0.05\), the estimated next angular velocity is approximately \(-0.4495\), and the next angle is approximately \(0.0999\) radians.","2"
"luna","Pendulum-v1","next-state","5","From the observations, the pendulum angle is approximately  
   \[
   \theta_7=\operatorname{atan2}(0.102,0.9948)\approx 0.1022.
   \]
   Using the observed transition pattern and Pendulum dynamics, the applied negative torque causes the angular velocity to become more negative:
   \[
   \dot\theta_8 \approx -0.4037+\left(15\sin(\theta_7)+3(-1.1959)\right)(0.05)
   \approx -0.5066.
   \]
   Thus, the angle decreases to approximately \(0.0768\). Consequently, \(\cos(\theta)\) increases while \(\sin(\theta)\) decreases.","1"
"luna","Pendulum-v1","next-state","5","The first two state elements are \(\cos(\theta)\) and \(\sin(\theta)\). At step 8, \(\theta\approx \arctan2(0.0768,0.997)\approx 0.0769\) radians, with angular velocity \(-0.5066\). Applying the maximum negative torque \(a_8=-2\) makes the angular velocity more negative, so the angle moves closer to zero. Therefore, \(\cos(\theta)\) increases, while \(\sin(\theta)\) and angular velocity decrease. The reward does not directly affect the transition.","1"
"luna","Pendulum-v1","next-state","5","At step 9, the pendulum is close to upright because \(x=\cos(\theta)\approx0.9992\) and \(y=\sin(\theta)\approx0.0394\). Its angular velocity is negative, but the positive torque \(a_9=1.6174\) produces a positive angular acceleration. Thus, the angular velocity becomes less negative. The pendulum continues moving toward \(\theta=0\), so \(\sin(\theta)\) decreases while \(\cos(\theta)\) increases.

   Using the Pendulum-v1 dynamics approximately:
   \[
   \dot{\theta}_{10}\approx -0.7489+
   \left(15\sin(\theta_9)+3(1.6174)\right)(0.05)
   \approx -0.4767
   \]
   and
   \[
   \theta_{10}\approx \theta_9+\dot{\theta}_{10}(0.05)\approx0.0156.
   \]","1"
"luna","Pendulum-v1","next-state","5","Near the upright position, the pendulum angle is small and positive because \(x \approx 1\) and \(y>0\). At step 10, the angular velocity is negative, but the positive torque \(a_{10}=1.8099\) produces a strong positive angular acceleration. Therefore, the next angular velocity should become less negative, the angle should move closer to zero, \(y=\sin(\theta)\) should decrease, and \(x=\cos(\theta)\) should increase slightly.

   Using the Pendulum dynamics approximately:
   \[
   \dot{\omega}_{11}
   \approx -0.4768+
   \left(15(0.0156)+3(1.8099)\right)(0.05)
   \approx -0.1936
   \]
   \[
   \theta_{11}\approx 0.0156+(-0.1936)(0.05)\approx 0.00592
   \]","1"
"luna","Pendulum-v1","next-state","5","The current angle is approximately  
   \[
   \theta_{11}=\operatorname{atan2}(0.0059,1)\approx 0.0059.
   \]
   Using the Pendulum-v1 dynamics with \(dt=0.05\), torque \(a_{11}=-0.3191\) produces a negative angular acceleration. Thus, angular velocity becomes more negative, the angle crosses slightly below zero, and the sine coordinate decreases. The cosine coordinate decreases only very slightly—by less than \(10^{-4}\)—so it is classified as unchanged.","1"
"luna","Pendulum-v1","next-state","5","The current angle is very close to upright: \(\theta \approx \arctan2(-0.0059,1)\approx -0.0059\). The positive torque \(a_{12}=1.4111\) produces positive angular acceleration, so the negative angular velocity should become less negative. The angle therefore moves slightly further negative during this step. Consequently, \(\cos(\theta)\) decreases only by about \(2.7\times10^{-5}\), which is below the \(10^{-4}\) threshold; \(\sin(\theta)\) decreases, and angular velocity increases.","1"
"luna","Pendulum-v1","next-state","5","The current angle is slightly negative because \(s_{13}[1] = \sin(\theta)=-0.0074\), with angular velocity \(-0.0298\). Applying the negative torque \(-1.4401\) further decreases the angular velocity. Thus, the pendulum angle becomes more negative: its sine decreases, while its cosine moves slightly below 1. Using the Pendulum-v1 dynamics gives approximately \(\theta_{14}\approx -0.01996\) and \(\dot\theta_{14}\approx -0.2513\).","2"
"luna","Pendulum-v1","next-state","10","At step 9, the pendulum is slightly displaced from upright with negative angular velocity. The positive torque \(a_9=1.6174\) produces positive angular acceleration, reducing the magnitude of the negative velocity. Thus, the angular velocity should increase (become less negative). The angle moves closer to zero, so \(\sin(\theta)\) decreases while \(\cos(\theta)\) increases slightly.

   Using the observed pendulum dynamics, the predicted angular velocity is approximately \(-0.477\), and the next angle is approximately \(0.0156\) radians.","2"
"luna","Pendulum-v1","next-state","10","The pendulum is close to upright: \(x\) is near 1 and \(y\) is small and positive. The angular velocity is negative, but the positive torque \(1.8099\) counteracts it, so the angular velocity should become less negative. The angle should continue moving toward zero, causing \(y=\sin(\theta)\) to decrease and \(x=\cos(\theta)\) to increase slightly. The change in \(x\) is very small and is likely below the \(10^{-4}\) threshold.","4"
"luna","Pendulum-v1","next-state","10","The current angle is very close to upright: \(\theta_{11}\approx \arctan2(0.0059,1)\approx 0.0059\). The negative torque \(a_{11}=-0.3191\), together with the current positive-angle restoring dynamics, makes the angular velocity more negative. Using the observed Pendulum-v1 transition pattern:

   \[
   \dot\theta_{12}\approx -0.1936+
   \left(15\sin(0.0059)+3(-0.3191)\right)(0.05)
   \approx -0.2370
   \]

   Then:

   \[
   \theta_{12}\approx 0.0059+(-0.2370)(0.05)\approx -0.00595
   \]

   Thus, the sine coordinate decreases, angular velocity decreases, and the cosine coordinate changes only slightly. Its decrease is below the \(10^{-4}\) threshold, so it is classified as unchanged.","1"
"luna","Pendulum-v1","next-state","10","The current angle is approximately \(\theta_{12}=\operatorname{atan2}(-0.0059,1)\approx-0.0059\). With torque \(1.4111\), the angular acceleration is positive, so the angular velocity should increase from \(-0.237\) toward zero. The new angle therefore becomes slightly more negative. Its cosine decreases only by about \(2.7\times10^{-5}\), which is below the \(10^{-4}\) threshold and is treated as unchanged.","1"
"luna","Pendulum-v1","next-state","10","Near the upright position, the angular velocity evolves according to the applied torque and gravity. At step 13, the torque is strongly negative (`-1.4401`), so the angular acceleration should be negative. Therefore, the angular velocity becomes more negative, and the pendulum angle moves farther in the negative direction. Since the angle magnitude increases from near zero, `cos(theta)` decreases slightly while `sin(theta)` becomes more negative.","2"
"luna","Pendulum-v1","next-state","10","The current angle is approximately  
   \(\theta_{14}=\operatorname{atan2}(-0.02,0.9998)\approx -0.0200\) radians, with angular velocity \(-0.2514\). The positive torque \(1.7093\) produces a strong positive angular acceleration, so the angular velocity should increase toward zero. Using the pendulum dynamics with \(dt=0.05\), the next angular velocity is approximately \(-0.0100\). The angle therefore becomes slightly more negative, causing the sine component to decrease. Since the cosine is already very close to \(1\), its decrease is smaller than \(10^{-4}\) and is classified as unchanged.","1"
"luna","Pendulum-v1","next-state","10","At step 15, the pendulum is slightly to the negative-angle side of upright and has nearly zero angular velocity. The applied torque is negative (`-0.9498`), so it produces negative angular acceleration. Thus, angular velocity should become more negative, causing the angle to move further negative. Consequently, `sin(theta)` decreases and `cos(theta)` decreases slightly as the pendulum moves away from upright.

   Using the Pendulum-v1 dynamics with an approximate timestep of `0.05`:

   \[
   \dot{\theta}_{16} \approx -0.01 +
   \left[-4.905\sin(\theta_{15}+\pi)+3(-0.9498)\right](0.05)
   \approx -0.1575
   \]

   The angle then changes by approximately:

   \[
   \Delta\theta \approx -0.1575(0.05) \approx -0.0079
   \]

   Starting from \(\theta_{15}\approx -0.0205\), this gives \(\theta_{16}\approx -0.0284\).","1"
"luna","Pendulum-v1","next-state","10","At \(s_{16}\), the pendulum angle is slightly negative because \(\sin(\theta)=-0.0289\), and its angular velocity is also negative. The positive torque \(a_{16}=0.544\) increases angular velocity, making it less negative, but the angular velocity remains negative. Therefore, the angle continues becoming slightly more negative during this step. Consequently, \(\cos(\theta)\) decreases, \(\sin(\theta)\) decreases, and angular velocity increases.

   Using the Pendulum-v1 dynamics approximately:
   \[
   \dot{\theta}_{17}\approx -0.1079,\qquad
   \theta_{17}\approx -0.0343
   \]
   which gives:
   \[
   \cos(\theta_{17})\approx 0.9994,\qquad
   \sin(\theta_{17})\approx -0.0343.
   \]","1"
"luna","Pendulum-v1","next-state","10","At step 17, the pendulum angle is slightly negative:
   \[
   \theta_{17}=\operatorname{atan2}(-0.0343,0.9994)\approx -0.0343.
   \]
   Using the Pendulum-v1 dynamics with \(a_{17}=0.025\), the restoring effect dominates the small positive torque, so the angular velocity becomes more negative. Over the next time step, the angle moves further negative. Therefore, \(\cos(\theta)\) decreases slightly, \(\sin(\theta)\) decreases, and angular velocity decreases.","1"
"luna","Pendulum-v1","next-state","10","At step 18, the pendulum angle is approximately  
   \(\theta=\operatorname{atan2}(-0.0408,0.9992)\approx -0.0408\).  
   With angular velocity \(-0.1298\) and positive torque \(0.7088\), the torque increases angular velocity. Using the Pendulum-v1 dynamics with \(dt\approx0.05\), the next angular velocity is approximately \(-0.0535\). The angle therefore continues slightly downward, from about \(-0.0408\) to \(-0.0435\). Consequently, cosine decreases slightly and sine becomes more negative.","1"
"luna","Pendulum-v1","next-state","20","The positive torque \(a_{19}=0.5939\) counteracts the current negative angular velocity. From the recent transitions, this should make the angular velocity increase from \(-0.0541\) to a value near zero. The resulting angle changes only slightly toward zero, so \(y=\sin(\theta)\) increases (becomes less negative), while \(x=\cos(\theta)\) changes by less than \(10^{-4}\).","2"
"luna","Pendulum-v1","next-state","20","Near the upright position, the negative angular displacement in \(s_{20}\) produces a small negative gravitational acceleration. The positive torque \(a_{20}=0.0888\) is not large enough to overcome it, so the angular velocity should become more negative. Consequently, \(\sin(\theta)\) decreases slightly, while \(\cos(\theta)\) changes only by a few \(10^{-5}\), below the \(10^{-4}\) threshold.","1"
"luna","Pendulum-v1","next-state","20","The pendulum is close to upright, with a small negative angle and slightly negative angular velocity. The positive torque \(a_{21}=0.6435\) produces positive angular acceleration, so the angular velocity should increase and become positive. The angle therefore moves toward zero: \(\sin(\theta)\) increases from a negative value toward zero, while \(\cos(\theta)\) increases slightly toward one.","2"
"luna","Pendulum-v1","next-state","20","The pendulum is near the upright position, with a small negative angle and positive angular velocity. The negative torque \(a_{22}=-1.0872\) strongly reduces the angular velocity. Since the angle is already slightly negative, the pendulum continues moving in the negative angular direction. Thus, \(x=\cos(\theta)\) decreases slightly, \(y=\sin(\theta)\) decreases, and angular velocity decreases.","2"
"luna","Pendulum-v1","next-state","20","The current angle is slightly negative because the state is approximately \((\cos\theta,\sin\theta)=(0.9988,-0.0492)\), and the angular velocity is \(-0.1478\). The positive torque \(1.4213\) should increase angular velocity substantially. Using the observed transition pattern, the next angular velocity is expected to become slightly positive, causing the angle to move back toward zero. Thus, the sine component should increase, while the cosine component changes only very slightly. Its increase is below the \(10^{-4}\) threshold, so it is treated as unchanged.","2"
"luna","Pendulum-v1","next-state","20","At \(s_{24}\), the pendulum angle is slightly negative because \(y<0\), while the angular velocity is small and positive. The positive torque \(a_{24}=0.3345\) should increase angular velocity, causing the angle to move toward zero. Therefore, \(x=\cos(\theta)\) should increase slightly, \(y=\sin(\theta)\) should increase toward zero, and angular velocity should increase.","2"
"luna","Pendulum-v1","next-state","20","At step 25, the pendulum is slightly displaced with \(\sin(\theta)=-0.0457\) and has small positive angular velocity \(0.0428\). The negative torque \(a_{25}=-0.4878\) produces a negative angular acceleration, making the next angular velocity negative. Thus, the angle moves further in the negative direction: \(\sin(\theta)\) decreases, while \(\cos(\theta)\) also decreases slightly as the pendulum moves farther from upright.","2"
"luna","Pendulum-v1","next-state","20","The positive torque \(a_{26}=0.6751\) counteracts the current negative angular velocity. Using the observed dynamics, the angular velocity increases by approximately \(0.0646\), bringing it very close to zero. The resulting angular-position change is negligible, so the cosine and sine components remain unchanged under the \(10^{-4}\) threshold.","1"
"luna","Pendulum-v1","next-state","20","At step 27, the pendulum is slightly displaced clockwise: \(x\approx0.9988\), \(y\approx-0.0489\), with nearly zero angular velocity. The positive torque \(a_{27}=0.7845\) produces positive angular acceleration, so the angular velocity increases. The pendulum then moves toward the upright position, causing \(\sin(\theta)\) to become less negative and \(\cos(\theta)\) to increase slightly. All changes exceed the \(10^{-4}\) threshold.","2"
"luna","Pendulum-v1","next-state","20","The current angle is approximately  
   \[
   \theta_{28}=\operatorname{atan2}(-0.0448,0.999)\approx -0.0448.
   \]
   The negative torque \(a_{28}=-1.3752\), together with the current angular velocity \(0.0811\), produces a negative angular acceleration. Using the Pendulum-v1 dynamics with timestep \(0.05\), the angular velocity should drop to approximately \(-0.158\). The angle therefore moves farther negative, so \(\sin(\theta)\) decreases and \(\cos(\theta)\) also decreases slightly.","1"
"luna","Pendulum-v1","next-state","30","The current angle is slightly negative because \(s_{29}[1] = \sin(\theta) \approx -0.0528\), with angular velocity \(-0.1588\). The positive torque \(a_{29}=1.9078\) produces a positive angular acceleration large enough to reverse the angular velocity. Thus, the pendulum moves toward the upright position: \(\sin(\theta)\) becomes less negative, \(\cos(\theta)\) increases, and angular velocity increases.","2"
"luna","Pendulum-v1","next-state","30","Near the upright position, the angle is approximately  
   \(\theta_{30}=\operatorname{atan2}(-0.0484,0.9988)\approx -0.0484\).  
   Using the observed Pendulum-v1 transition pattern, the applied torque \(-0.8885\) produces a negative angular acceleration. Thus, angular velocity decreases from \(0.0878\) to approximately \(-0.0811\). The resulting angle becomes slightly more negative, so \(y=\sin(\theta)\) decreases and \(x=\cos(\theta)\) also decreases slightly.","1"
"luna","Pendulum-v1","next-state","30","The current angle is slightly negative, since \(s_{31}[1] \approx \sin(\theta)=-0.0525\). The positive torque \(a_{31}=1.4704\) counteracts the negative angular velocity and should increase \(\dot{\theta}\). The pendulum therefore moves toward the upright position: the sine component becomes less negative, the cosine component increases slightly, and angular velocity increases.

   Using the recent transition pattern and Pendulum dynamics, the estimated next angular velocity is approximately \(0.119\). With a timestep of about \(0.05\), the angle moves from roughly \(-0.0525\) to \(-0.0466\) radians.","1"
"luna","Pendulum-v1","next-state","30","Near the upright position, the first two state elements represent \(\cos(\theta)\) and \(\sin(\theta)\). The negative torque \(a_{32}=-0.9442\) should reduce the current positive angular velocity \(0.0994\), likely making it negative. Consequently, the pendulum angle should move farther into the negative direction: \(\sin(\theta)\) decreases and \(\cos(\theta)\) decreases slightly as the absolute angle grows. Extrapolating from the recent transitions gives an angular velocity of approximately \(-0.079\), with the angle changing by roughly \(0.05(-0.079)\).","1"
"luna","Pendulum-v1","next-state","30","The pendulum is close to upright, with \(x\approx 1\) and a small negative angle since \(y=-0.0514\). The positive torque \(a_{33}=1.5583\) should increase the angular velocity from \(-0.0779\) to a positive value. Consequently, the angle should move toward zero: \(y\) increases (becomes less negative), while \(x=\cos(\theta)\) increases slightly toward 1. Based on the recent transitions, the next angular velocity is estimated at approximately \(0.116\).","2"
"luna","Pendulum-v1","next-state","30","The pendulum is slightly displaced to the negative-angle side, with positive angular velocity. The positive action \(a_{34}=0.1805\) partially offsets the restoring acceleration, so the angular velocity is expected to decrease slightly while the angle moves toward zero. Consequently, \(\sin(\theta)\) becomes less negative and \(\cos(\theta)\) increases slightly.

   Using the observed Pendulum-v1 dynamics, the approximate next values are:
   \[
   \theta_{35}\approx -0.0400,\qquad
   \dot{\theta}_{35}\approx 0.1103
   \]
   giving:
   \[
   s_{35}\approx [\cos(\theta_{35}),\sin(\theta_{35}),\dot{\theta}_{35}]
   = [0.9992,-0.0400,0.1103].
   \]","1"
"luna","Pendulum-v1","next-state","30","The current angle is slightly negative, with \( \sin(\theta)\approx -0.04 \), and the applied torque \(a_{35}=-1.4898\) is strongly negative. This further decreases angular velocity and moves the pendulum angle farther from zero in the negative direction. Consequently, the cosine decreases slightly, the sine decreases, and angular velocity decreases substantially. Using the Pendulum dynamics with \(dt\approx0.05\), the next state is approximately \([0.9989,-0.0472,-0.1432]\).","2"
"luna","Pendulum-v1","next-state","30","The pendulum is slightly displaced to the negative-angle side: \(x \approx 0.9989\), \(y \approx -0.0472\), with negative angular velocity \(-0.1432\). The positive torque \(1.7351\) should increase angular velocity and move the pendulum back toward the upright position. Thus, \(y\) should increase toward zero, \(x\) should increase toward 1, and angular velocity should increase.","2"
"luna","Pendulum-v1","next-state","30","The current angle is slightly left of upright because \(y=-0.0431\), with a small positive angular velocity. The strongly negative torque \(a_{37}=-1.9743\) produces a negative angular acceleration, so the next angular velocity should decrease substantially. The pendulum angle therefore moves further negative: \(y\) decreases, while \(x=\cos(\theta)\) also decreases slightly as the magnitude of the angle grows. All changes exceed the \(10^{-4}\) threshold.","2"
"luna","Pendulum-v1","next-state","30","The pendulum is slightly left of upright with negative angular velocity at step 38. The maximum positive torque \(a_{38}=2\) produces a strong positive angular acceleration, reversing the angular velocity. The angle therefore moves slightly toward zero: the sine component increases (becomes less negative), while the cosine component changes only negligibly—within the \(10^{-4}\) threshold.","2"
"3.5","MountainCar-v0","last-action","5","","4"
"3.5","MountainCar-v0","last-action","5","","4"
"3.5","MountainCar-v0","last-action","5","","4"
"3.5","MountainCar-v0","last-action","5","","4"
"3.5","MountainCar-v0","last-action","5","","4"
"3.5","MountainCar-v0","last-action","5","","4"
"3.5","MountainCar-v0","last-action","5","","4"
"3.5","MountainCar-v0","last-action","5","","4"
"3.5","MountainCar-v0","last-action","5","","4"
"3.5","MountainCar-v0","last-action","5","","4"
"3.5","MountainCar-v0","last-action","5","","4"
"3.5","MountainCar-v0","last-action","5","","4"
"3.5","MountainCar-v0","last-action","5","","4"
"3.5","MountainCar-v0","last-action","5","","4"
"3.5","MountainCar-v0","last-action","5","","4"
"3.5","MountainCar-v0","last-action","5","","4"
"3.5","MountainCar-v0","last-action","5","","4"
"3.5","MountainCar-v0","last-action","5","","4"
"3.5","MountainCar-v0","last-action","5","","4"
"3.5","MountainCar-v0","last-action","5","","4"
"3.5","MountainCar-v0","last-action","5","","4"
"3.5","MountainCar-v0","last-action","5","","4"
"3.5","MountainCar-v0","last-action","5","","4"
"3.5","MountainCar-v0","last-action","5","","4"
"3.5","MountainCar-v0","last-action","5","","4"
"3.5","MountainCar-v0","last-action","5","","4"
"3.5","MountainCar-v0","last-action","5","","4"
"3.5","MountainCar-v0","last-action","5","","4"
"3.5","MountainCar-v0","last-action","5","","4"
"3.5","MountainCar-v0","last-action","5","","4"
"3.5","MountainCar-v0","last-action","10","","4"
"3.5","MountainCar-v0","last-action","10","","4"
"3.5","MountainCar-v0","last-action","10","","4"
"3.5","MountainCar-v0","last-action","10","","4"
"3.5","MountainCar-v0","last-action","10","","4"
"3.5","MountainCar-v0","last-action","10","","4"
"3.5","MountainCar-v0","last-action","10","","4"
"3.5","MountainCar-v0","last-action","10","","4"
"3.5","MountainCar-v0","last-action","10","","4"
"3.5","MountainCar-v0","last-action","10","","4"
"3.5","MountainCar-v0","last-action","10","","4"
"3.5","MountainCar-v0","last-action","10","","4"
"3.5","MountainCar-v0","last-action","10","","4"
"3.5","MountainCar-v0","last-action","10","","4"
"3.5","MountainCar-v0","last-action","10","","4"
"3.5","MountainCar-v0","last-action","10","","4"
"3.5","MountainCar-v0","last-action","10","","4"
"3.5","MountainCar-v0","last-action","10","","4"
"3.5","MountainCar-v0","last-action","10","","4"
"3.5","MountainCar-v0","last-action","10","","4"
"3.5","MountainCar-v0","last-action","10","","4"
"3.5","MountainCar-v0","last-action","10","","4"
"3.5","MountainCar-v0","last-action","10","","4"
"3.5","MountainCar-v0","last-action","10","","4"
"3.5","MountainCar-v0","last-action","10","","4"
"3.5","MountainCar-v0","last-action","10","","4"
"3.5","MountainCar-v0","last-action","10","","4"
"3.5","MountainCar-v0","last-action","10","","4"
"3.5","MountainCar-v0","last-action","10","","4"
"3.5","MountainCar-v0","last-action","10","","4"
"3.5","MountainCar-v0","last-action","20","","4"
"3.5","MountainCar-v0","last-action","20","","4"
"3.5","MountainCar-v0","last-action","20","","4"
"3.5","MountainCar-v0","last-action","20","","4"
"3.5","MountainCar-v0","last-action","20","","4"
"3.5","MountainCar-v0","last-action","20","","4"
"3.5","MountainCar-v0","last-action","20","","4"
"3.5","MountainCar-v0","last-action","20","","4"
"3.5","MountainCar-v0","last-action","20","","4"
"3.5","MountainCar-v0","last-action","20","","4"
"3.5","MountainCar-v0","last-action","20","","4"
"3.5","MountainCar-v0","last-action","20","","4"
"3.5","MountainCar-v0","last-action","20","","4"
"3.5","MountainCar-v0","last-action","20","","4"
"3.5","MountainCar-v0","last-action","20","","4"
"3.5","MountainCar-v0","last-action","20","","4"
"3.5","MountainCar-v0","last-action","20","","4"
"3.5","MountainCar-v0","last-action","20","","4"
"3.5","MountainCar-v0","last-action","20","","4"
"3.5","MountainCar-v0","last-action","20","","4"
"3.5","MountainCar-v0","last-action","20","","4"
"3.5","MountainCar-v0","last-action","20","","4"
"3.5","MountainCar-v0","last-action","20","","4"
"3.5","MountainCar-v0","last-action","20","","4"
"3.5","MountainCar-v0","last-action","20","","4"
"3.5","MountainCar-v0","last-action","20","","4"
"3.5","MountainCar-v0","last-action","20","","4"
"3.5","MountainCar-v0","last-action","20","","4"
"3.5","MountainCar-v0","last-action","20","","4"
"3.5","MountainCar-v0","last-action","20","","4"
"3.5","MountainCar-v0","last-action","30","","4"
"3.5","MountainCar-v0","last-action","30","","4"
"3.5","MountainCar-v0","last-action","30","","4"
"3.5","MountainCar-v0","last-action","30","","4"
"3.5","MountainCar-v0","last-action","30","","4"
"3.5","MountainCar-v0","last-action","30","","4"
"3.5","MountainCar-v0","last-action","30","","4"
"3.5","MountainCar-v0","last-action","30","","4"
"3.5","MountainCar-v0","last-action","30","","4"
"3.5","MountainCar-v0","last-action","30","","4"
"3.5","MountainCar-v0","last-action","30","","4"
"3.5","MountainCar-v0","last-action","30","","4"
"3.5","MountainCar-v0","last-action","30","","4"
"3.5","MountainCar-v0","last-action","30","","4"
"3.5","MountainCar-v0","last-action","30","","4"
"3.5","MountainCar-v0","last-action","30","","4"
"3.5","MountainCar-v0","last-action","30","","4"
"3.5","MountainCar-v0","last-action","30","","4"
"3.5","MountainCar-v0","last-action","30","","4"
"3.5","MountainCar-v0","last-action","30","","4"
"3.5","MountainCar-v0","last-action","30","","4"
"3.5","MountainCar-v0","last-action","30","","4"
"3.5","MountainCar-v0","last-action","30","","4"
"3.5","MountainCar-v0","last-action","30","","4"
"3.5","MountainCar-v0","last-action","30","","4"
"3.5","MountainCar-v0","last-action","30","","4"
"3.5","MountainCar-v0","last-action","30","","4"
"3.5","MountainCar-v0","last-action","30","","4"
"3.5","MountainCar-v0","last-action","30","","4"
"3.5","MountainCar-v0","last-action","30","","4"
"3.5","MountainCar-v0","last-state","5","The position of the car is expected to increase as the car accelerates to the right (action 2) in the MountainCar-v0 environment. The velocity of the car is also expected to increase due to the acceleration. Based on the transition dynamics provided, the position and velocity are likely to increase in this scenario.","4"
"3.5","MountainCar-v0","last-state","5","Based on the transition dynamics of the MountainCar environment, we know that the position and velocity of the car are affected by the acceleration action taken. Given the historical data up to step 5, we can observe that the car has been consistently accelerating to the right (action [2]) and the position has been gradually increasing while the velocity has been increasing as well. Therefore, to reach the state s7 = [[-0.4758, 0.0053]] from s6, we can predict that the position will increase and the velocity will also increase.","4"
"3.5","MountainCar-v0","last-state","5","Based on the transition dynamics of the MountainCar environment, we know that the position of the car is affected by the velocity and the action taken. Given that the agent consistently took action 2 (accelerate to the right) in steps 2 to 6, and the velocity was increasing, it is likely that the car was moving to the right. Therefore, the position should have decreased in order to reach the state s8.","2"
"3.5","MountainCar-v0","last-state","5","Based on the transition dynamics of the MountainCar environment, we know that the position and velocity of the car are affected by the applied action, gravity, and the cosine function of the position. In the given historical data, the car is consistently accelerating to the right (action [2]) which results in an increase in velocity and position over time. Additionally, the acceleration due to the action is greater than the deceleration caused by the cosine function of the position, leading to a net increase in both velocity and position.","4"
"3.5","MountainCar-v0","last-state","5","The position of the car is expected to increase as the car accelerates to the right (action 2). The velocity of the car is also expected to increase due to the acceleration. Based on the transition dynamics, the position and velocity are likely to increase in this scenario.","4"
"3.5","MountainCar-v0","last-state","5","Based on the transition dynamics of the MountainCar environment, we know that the position and velocity of the car are affected by the action taken and the current position and velocity. The velocity is updated based on the action taken and the position, while the position is updated based on the new velocity. Given the historical data up to step 9, we can observe that the car has been accelerating to the right consistently. Therefore, the velocity should be increasing, and the position should be shifting towards the right.","4"
"3.5","MountainCar-v0","last-state","5","Based on the transition dynamics of the MountainCar environment, we know that the position and velocity of the car are influenced by the action taken, the current position, and the current velocity. The velocity is updated based on the action taken and the position, while the position is updated based on the new velocity. Given the historical data up to step 10, we can observe that the car is moving to the right (velocity is positive) and the position is gradually increasing. The action taken in step 9 was to not accelerate, which resulted in a slight decrease in velocity. Therefore, to reach the state s12 = [[-0.4466, 0.0051]], the car likely continued to move to the right, but with a slightly lower velocity compared to step 10.","2"
"3.5","MountainCar-v0","last-state","5","Based on the transition dynamics of the MountainCar environment, we know that the position and velocity of the car are affected by the action taken and the current state. The velocity is directly influenced by the action taken, while the position is affected by the velocity and the current position. Given the historical data up to step 11, we can observe that the car is gradually moving to the right (velocity is positive) and the position is decreasing (moving towards the goal position of 0.5). Therefore, to reach the state s13 = [[-0.4431, 0.0035]] from an unknown state s12, we can infer that the position should increase slightly, and the velocity should decrease.","4"
"3.5","MountainCar-v0","last-state","5","Based on the transition dynamics of the MountainCar environment, we know that the position and velocity of the car are affected by the applied action, gravity, and the cosine function of the position. Given the historical data up to step 12, we can observe that the car is moving to the right (velocity is positive) and the position is decreasing (moving towards the right hill). The action taken in step 12 was to accelerate to the left (action 0), which resulted in a decrease in velocity. Therefore, to reach the state s14 where the velocity is lower and the position is slightly lower, we can infer that the car should continue to move towards the right hill, possibly with a lower velocity.","2"
"3.5","MountainCar-v0","last-state","5","Based on the transition dynamics of the MountainCar environment, we know that the position and velocity of the car are affected by the action taken, the force, and gravity. Looking at the historical data up to step 13, we can observe that the car's position is gradually decreasing while the velocity is also decreasing slightly. The action taken in step 12 was to accelerate to the left (action 0), which resulted in a decrease in velocity. Given this trend, we can predict how the state elements in s14 changed to reach s15.","2"
"3.5","MountainCar-v0","last-state","5","Based on the transition dynamics of the MountainCar environment, we know that the position and velocity of the car are affected by the action taken and the current state. The velocity is directly influenced by the action taken, while the position is affected by the velocity and the current position. Given the historical data up to step 14, we can observe that the car is moving to the right (velocity is positive) and the position is decreasing, indicating movement towards the right hill. Therefore, to transition from state s15 to s16, the velocity should decrease (as it is currently positive) and the position should increase (as it is currently decreasing).","4"
"3.5","MountainCar-v0","last-state","5","Based on the transition dynamics of the MountainCar environment, we know that the position and velocity of the car are affected by the action taken, the force, and gravity. Looking at the historical data up to step 15, we can observe that the car is moving towards the right hill, which means the position should be increasing over time. Additionally, the velocity is also increasing slightly. Therefore, we can predict that the position should have increased, and the velocity might have also increased slightly from step 16 to step 17.","4"
"3.5","MountainCar-v0","last-state","5","Based on the transition dynamics of the MountainCar environment, we can observe that the position and velocity are interdependent due to the nature of the physics involved. When the car accelerates to the left (action 0), the velocity decreases, and the position moves towards the left. Given the historical data up to step 16, we can infer that the velocity tends to decrease when the car accelerates to the left. Therefore, in this case, the velocity is likely to decrease, leading to a lower velocity in state s17 compared to state s18. The position might stay the same or decrease slightly due to the nature of the dynamics.","4"
"3.5","MountainCar-v0","last-state","5","Based on the transition dynamics of the MountainCar environment, we know that the position and velocity of the car are affected by the applied action, gravity, and the cosine function of the position. Looking at the historical data up to step 17, we can observe that the position and velocity values change in response to the actions taken. The position and velocity can increase or decrease based on the action taken and the current state of the car.","4"
"3.5","MountainCar-v0","last-state","5","The position of the car is expected to increase as the car accelerates to the right due to the positive velocity. The velocity is also expected to increase as the car accelerates to the right.","4"
"3.5","MountainCar-v0","last-state","5","Based on the transition dynamics of the MountainCar environment, the position and velocity of the car are affected by the action taken and the current state. The velocity is directly influenced by the action taken, while the position is affected by the updated velocity. Additionally, the gravity term in the transition dynamics impacts the velocity. Given the historical data up to step 19, we can observe that the car is moving to the left (velocity is negative) and the position is decreasing. Therefore, we can expect that the position will continue to decrease, and the velocity will remain negative or decrease further.","4"
"3.5","MountainCar-v0","last-state","5","Based on the transition dynamics of the MountainCar environment, we know that the position and velocity of the car are affected by the action taken, the force, and gravity. Given the historical data up to step 20, we can observe that the car is moving to the left (action [0]) and the velocity is decreasing slightly while the position is increasing. Therefore, to reach s22 = [[-0.4827, -0.0104]] from s21, we can predict that the position will increase, the velocity will decrease, and the changes will be within the threshold of 1e-4.","4"
"3.5","MountainCar-v0","last-state","5","Based on the transition dynamics of the MountainCar environment, we know that the position and velocity of the car are affected by the action taken, the force, and gravity. When the car accelerates to the left (action 0), the velocity decreases due to the negative force term, and the position decreases as well. Given the historical data up to step 21, we can observe a consistent decrease in both position and velocity as the car moves to the left.","4"
"3.5","MountainCar-v0","last-state","5","Based on the transition dynamics of the MountainCar environment, we know that the position and velocity of the car are affected by the applied action, gravity, and the cosine function of the position. Given the historical data up to step 22, we can observe that the car is gradually moving to the left (decreasing position values) while the velocity is also decreasing. This indicates that the car is likely moving towards the left wall. Therefore, when comparing s23 to s24, we can expect the position to decrease further and the velocity to decrease as well.","4"
"3.5","MountainCar-v0","last-state","5","The position of the car is expected to increase as the car accelerates to the right (action 2) due to the positive velocity. The velocity is also expected to increase as the car accelerates. Based on the transition dynamics, the position and velocity are likely to increase in this scenario.","4"
"3.5","MountainCar-v0","last-state","5","Based on the transition dynamics of the MountainCar environment, we know that the position and velocity of the car are affected by the applied action, gravity, and the cosine function of the position. Given the historical data up to step 24, we can observe that the car is gradually moving to the left (decreasing position values) while the velocity is also decreasing. This indicates that the car is likely moving towards the left wall. Therefore, when comparing s25 to s26, we can expect the position to decrease and the velocity to decrease as well.","4"
"3.5","MountainCar-v0","last-state","5","Based on the transition dynamics of the MountainCar environment, we know that the position and velocity of the car are affected by the action taken, the force, and gravity. Given the historical data up to step 25, we can observe that the car is gradually moving to the left (decreasing position values) with a negative velocity. The force applied when taking action 0 (accelerate to the left) is not sufficient to overcome the effect of gravity and the cosine term, resulting in a gradual decrease in position and velocity. Therefore, we can predict that the position and velocity elements of s26 are likely to be lower than those of s27.","4"
"3.5","MountainCar-v0","last-state","5","Based on the transition dynamics of the MountainCar environment, the position and velocity of the car are affected by the action taken, the force, and gravity. The position is directly influenced by the velocity, and the velocity is influenced by the action, force, gravity, and the cosine term involving the position. Given the historical data up to step 26, we can observe that the car is gradually moving to the left (decreasing position values) with a negative velocity. Therefore, to reach the state s28 = [[-0.5692, -0.0168]] from s27, we can predict that the position will decrease, and the velocity will slightly decrease as well.","4"
"3.5","MountainCar-v0","last-state","5","Based on the transition dynamics of the MountainCar environment, we know that the position and velocity of the car are affected by the applied action, gravity, and the cosine function of the position. Given the historical data up to step 27, we can observe that the car is gradually moving to the left (decreasing position values) while the velocity is also decreasing. The action taken in all previous steps was to accelerate to the left (action [0]). Therefore, we can expect that the position and velocity will continue to decrease in the next step.","4"
"3.5","MountainCar-v0","last-state","5","Based on the transition dynamics of the MountainCar environment, we know that the position and velocity of the car are affected by the action taken, the force, and gravity. Given that the car is moving uphill, the position is expected to increase, while the velocity might decrease slightly due to the gravitational force. Additionally, the action taken in the previous steps was to accelerate to the left (action 0), which would result in a decrease in velocity and a potential increase in position.","4"
"3.5","MountainCar-v0","last-state","5","Based on the transition dynamics of the MountainCar environment, we know that the position and velocity of the car are affected by the action taken and the current state. The velocity is directly influenced by the action taken, while the position is affected by the velocity and the current position. Given the historical data up to step 29, we can observe that the car is gradually moving to the left (decreasing position values) with small changes in velocity. Therefore, we can expect a similar trend to continue in step 30.","4"
"3.5","MountainCar-v0","last-state","5","The position of the car is expected to increase as the car accelerates to the right due to the positive velocity. The velocity is also expected to increase slightly due to the acceleration action taken.","4"
"3.5","MountainCar-v0","last-state","5","Based on the transition dynamics of the MountainCar environment, we know that the position and velocity of the car are affected by the action taken and the current state. The velocity is directly influenced by the action taken, while the position is affected by both the velocity and the current position. Given the historical data up to step 31, we can observe that the car is moving to the left (velocity is decreasing) and the position is also decreasing. Therefore, to reach the state s33 = [[-0.6602, -0.0187]] from s32, we can predict that the position will decrease and the velocity will decrease even further.","4"
"3.5","MountainCar-v0","last-state","5","Based on the transition dynamics of the MountainCar environment, we know that the position and velocity of the car are affected by the action taken and the current state. The position is influenced by the velocity, and the velocity is influenced by the action, position, gravity, and force. Given the historical data up to step 32, we can observe that the car is gradually moving to the left (decreasing position values) with a slight decrease in velocity. Therefore, we can predict that the position will continue to decrease, and the velocity might slightly decrease or stay relatively constant.","4"
"3.5","MountainCar-v0","last-state","5","Based on the transition dynamics of the MountainCar environment, the position of the car is affected by the velocity and the action taken. Given that the velocity is decreasing slightly in the provided historical data, and the position is also decreasing, it is likely that the car is moving towards the left hill. Therefore, to reach the state s35 where the position is more negative and the velocity remains almost the same, the car likely accelerated to the left (action 0) from state s34.","2"
"3.5","MountainCar-v0","last-state","10","The position of the car is expected to increase as the car accelerates to the right (action 2) in the given environment. The velocity of the car is also expected to increase due to the acceleration. Looking at the historical data, the car consistently accelerates to the right (action 2) until step 9, where it takes no action (action 1). Therefore, based on the historical data and the transition dynamics, it is likely that both the position and velocity will increase from s10 to s11.","2"
"3.5","MountainCar-v0","last-state","10","The position of the car is expected to increase as the car accelerates to the right (action [2]) in the given environment. The velocity of the car is also expected to increase due to the acceleration. Looking at the historical data, the car consistently accelerates to the right (action [2]) without any deceleration actions, indicating a pattern of increasing position and velocity.","4"
"3.5","MountainCar-v0","last-state","10","Based on the transition dynamics of the MountainCar environment, we know that the position and velocity of the car are affected by the action taken, the force applied, and the gravity. Looking at the historical data up to step 11, we can observe that the car has been consistently accelerating to the right (action [2]) without any sudden changes in direction. Given this pattern, we can infer that the car is likely to continue accelerating to the right in step 12. Additionally, the velocity has been increasing gradually, which suggests that the car will likely continue to accelerate in the same direction.","3"
"3.5","MountainCar-v0","last-state","10","Based on the transition dynamics of the MountainCar environment, we know that the position and velocity of the car are affected by the applied action, gravity, and the cosine function of the position. Looking at the historical data up to step 12, we can observe that the car has been consistently accelerating to the right (action 2) until step 12 where it decelerated to the left (action 0). Given this pattern, we can infer that the car was likely moving to the right in step 13 before the leftward action was taken.","2"
"3.5","MountainCar-v0","last-state","10","Based on the transition dynamics of the MountainCar environment, we can observe that the position of the car changes with the velocity and the applied action. The velocity is affected by the action taken and the position of the car. In the provided historical data, the car is consistently accelerating to the right (action 2) until step 9, where the action changes to no acceleration (action 1). This results in a decrease in velocity. Given the small changes in velocity observed in the historical data, it is likely that the position changes are also small. Therefore, we can expect the position to decrease slightly in the next step.","2"
"3.5","MountainCar-v0","last-state","10","The transition dynamics of the MountainCar environment indicate that the position and velocity of the car are affected by the action taken, the force applied, and the gravitational force. Looking at the historical data, we can observe that the car is moving to the right (positive velocity) and the position is decreasing (moving towards the left). Given that the action taken at step 14 was to accelerate to the left (action [0]), it is likely that the car will continue to move towards the left in step 15.","2"
"3.5","MountainCar-v0","last-state","10","Based on the transition dynamics of the MountainCar environment, we know that the position and velocity of the car are affected by the action taken, the force applied, and the gravity. Looking at the historical data up to step 15, we can observe that the car is gradually moving to the right (velocity is positive) and the position is decreasing. Given that the car is moving towards the right hill, the position should decrease further in step 16. The velocity might slightly decrease due to the negative acceleration from the action taken.","4"
"3.5","MountainCar-v0","last-state","10","The position of the car is expected to decrease as the car is moving to the left (action 0) in the previous steps. The velocity of the car is expected to increase slightly as the car is moving to the left and the velocity is negative.","4"
"3.5","MountainCar-v0","last-state","10","The position of the car is expected to increase as the car accelerates to the left (action 0) due to the negative velocity. The velocity is expected to decrease as the car accelerates to the left, and the magnitude of the velocity change is likely to be higher than the position change due to the acceleration and the cosine term in the transition dynamics.","4"
"3.5","MountainCar-v0","last-state","10","The position of the car is influenced by the velocity and the action taken. Looking at the historical data, we can observe that the car's position changes based on the velocity and the action applied. The velocity is affected by the action taken and the position of the car. Given the transition dynamics and the historical data, we can predict the changes in the position elements of the state.","4"
"3.5","MountainCar-v0","last-state","10","The position of the car is expected to increase as the car moves to the right hill. The velocity might decrease as the car moves uphill against gravity. Looking at the historical data, the position generally increases, and the velocity decreases as the car moves towards the goal.","4"
"3.5","MountainCar-v0","last-state","10","The position of the car is expected to increase as the car accelerates to the left (action 0) due to the negative velocity. The velocity is expected to decrease as the car accelerates to the left, leading to a decrease in the absolute value of the velocity.","4"
"3.5","MountainCar-v0","last-state","10","Based on the transition dynamics of the MountainCar environment, we know that the position and velocity of the car are affected by the applied action, force, and gravity. Looking at the historical data up to step 21, we can observe that the car is moving to the left (velocity is negative) and the position is decreasing. Given that the car is moving to the left and the position is decreasing, we can infer that the car is likely to continue moving to the left in the next step. Therefore, the position element of s22 is expected to be lower than that of s23, while the velocity element might stay the same or decrease slightly.","4"
"3.5","MountainCar-v0","last-state","10","The position of the car is expected to increase as the car accelerates to the right due to the action taken. The velocity is also expected to increase as the car gains speed in the positive direction.","4"
"3.5","MountainCar-v0","last-state","10","Based on the transition dynamics of the MountainCar environment, we know that the position and velocity of the car are affected by the applied action, gravity, and the cosine function of the position. Given the historical data up to step 23, we can observe that the car is moving to the left (decreasing position values) with a negative velocity. The position is expected to decrease further, and the velocity is expected to remain negative. Therefore, we can predict that the position will decrease, and the velocity will remain negative in the next step.","4"
"3.5","MountainCar-v0","last-state","10","Based on the transition dynamics of the MountainCar environment, we know that the position and velocity of the car are affected by the applied action, gravity, and the cosine function of the position. Looking at the historical data up to step 24, we can observe that the car is moving to the right (velocity is positive) and the position is increasing. The acceleration action taken in each step is 0 (accelerate to the left), which is causing the car to slow down and move towards the left. Given this information, we can predict how the state elements in s25 would change to reach s26.","4"
"3.5","MountainCar-v0","last-state","10","The transition dynamics of the MountainCar environment indicate that the position and velocity of the car are affected by the action taken, the force applied, and the gravitational force. Looking at the historical data up to step 25, we can observe that the car is gradually moving to the right (increasing position) while the velocity is also increasing in the positive direction. Given this trend, we can predict that the position and velocity will continue to increase in step 26.","4"
"3.5","MountainCar-v0","last-state","10","The position of the car is expected to increase as the car accelerates to the right due to the positive velocity. The velocity is also expected to increase as the car accelerates to the right.","4"
"3.5","MountainCar-v0","last-state","10","The position of the car is expected to increase as the car accelerates to the right due to the positive velocity. The velocity is also expected to increase as the car accelerates to the right.","4"
"3.5","MountainCar-v0","last-state","10","Based on the transition dynamics of the MountainCar environment, we know that the position and velocity of the car are affected by the action taken and the current state. The position is directly influenced by the velocity, and the velocity is influenced by the action taken, the force, and the gravity. Given the historical data up to step 28, we can observe that the car is gradually moving to the left (decreasing position values) with a slight decrease in velocity. Therefore, for step 29, we can predict that the position will continue to decrease, and the velocity might decrease slightly as well.","4"
"3.5","MountainCar-v0","last-state","10","The position of the car is expected to increase as the car accelerates to the right due to the positive velocity. The velocity is also expected to increase as the car accelerates to the right.","4"
"3.5","MountainCar-v0","last-state","10","The position of the car is expected to increase as the car accelerates to the right. The velocity is also expected to increase as the car accelerates. Based on the transition dynamics, the position and velocity are likely to increase.","4"
"3.5","MountainCar-v0","last-state","10","Based on the transition dynamics of the MountainCar environment, we know that the position and velocity of the car are affected by the applied action, gravity, and the cosine function of the position. Looking at the historical data up to step 31, we can observe that the car is gradually moving to the right (increasing position) while the velocity is also increasing slightly. Given this trend, we can predict how the state elements in s32 changed to reach s33.","4"
"3.5","MountainCar-v0","last-state","10","The position of the car is expected to increase as the car accelerates to the right due to the positive velocity. The velocity is also expected to increase slightly due to the acceleration. Based on the transition dynamics and historical data, the position and velocity are likely to increase.","4"
"3.5","MountainCar-v0","last-state","10","The position of the car is expected to increase as the car accelerates to the right due to the positive velocity. The velocity is expected to stay relatively constant or decrease slightly due to the acceleration action being 0 (no acceleration) in the previous steps.","4"
"3.5","MountainCar-v0","last-state","10","Based on the transition dynamics of the MountainCar environment, we know that the position and velocity of the car are affected by the action taken, the force, and gravity. Given the historical data up to step 34, we can observe that the car is gradually moving to the right (increasing position) while the velocity is also increasing slightly in the negative direction. Therefore, to reach the state s36 = [[-0.716, -0.0184]] from an unknown state s35, we can predict that the position will likely increase, and the velocity will slightly decrease.","4"
"3.5","MountainCar-v0","last-state","10","The transition dynamics of the MountainCar environment indicate that the position and velocity of the car are affected by the applied action, gravity, and the cosine of the position. Given the historical data up to step 35, we can observe that the car is moving to the right (velocity is positive) and the position is increasing. The action taken in all steps was to accelerate to the left (action 0), which is against the direction of the car's movement. Therefore, the car is likely to continue moving to the right in step 36. Considering the velocity and position changes observed in the historical data, we can predict that both elements of the state will increase in step 36.","4"
"3.5","MountainCar-v0","last-state","10","The position of the car is expected to increase as the car accelerates to the right due to the positive velocity. The velocity is also expected to increase slightly as the car accelerates.","4"
"3.5","MountainCar-v0","last-state","10","The position of the car in the MountainCar environment is constrained between -1.2 and 0.6, and the velocity is limited between -0.07 and 0.07. Given the transition dynamics and the fact that the agent has been consistently applying action 0 (accelerate to the left) in the previous steps, we can infer that the car is moving towards the left wall. This implies that the position is likely decreasing, and the velocity is likely becoming more negative.","4"
"3.5","MountainCar-v0","last-state","10","The position of the car is expected to increase as the car accelerates to the right due to the positive velocity. The velocity is also expected to increase slightly due to the acceleration action taken.","4"
"3.5","MountainCar-v0","last-state","20","The position of the car in the MountainCar environment is influenced by the acceleration applied and the gravitational force acting on it. Given that the car is moving to the left (negative velocity) and the action taken is to accelerate to the left (action [0]), the car is expected to slow down and potentially reverse direction. The position should increase (move towards the right) as the car decelerates.","4"
"3.5","MountainCar-v0","last-state","20","The position of the car is expected to decrease as the car is moving to the left (action 0) in the negative direction. The velocity is also expected to decrease due to the negative acceleration applied by the action.","4"
"3.5","MountainCar-v0","last-state","20","The transition dynamics of the MountainCar environment indicate that the position and velocity of the car are affected by the acceleration action taken. Given the historical data up to step 21, we can observe that the car has been consistently accelerating to the left (action [0]) for several steps. This acceleration leads to a decrease in velocity and a subsequent decrease in position. Therefore, based on this pattern, we can predict that the position and velocity will likely continue to decrease in step 22.","4"
"3.5","MountainCar-v0","last-state","20","The position of the car is expected to increase as the car is moving to the left (action 0) in the negative direction. The velocity of the car is expected to decrease due to the negative acceleration from the action.","4"
"3.5","MountainCar-v0","last-state","20","The car in the MountainCar environment moves in a sinusoidal valley and accelerates based on the applied action. Given the transition dynamics and the historical data up to step 23, we can observe that the car tends to move towards the right hill. The velocity and position are affected by the acceleration and the gravitational force, leading to specific patterns in the state transitions.","4"
"3.5","MountainCar-v0","last-state","20","The car in the MountainCar environment moves based on the transition dynamics provided. Looking at the historical data, we can observe that the car's position and velocity change based on the actions taken. The position and velocity are affected by the acceleration, gravity, and the cosine function of the position. Given the transition dynamics, we can predict the changes in the state elements by considering the impact of the action taken and the current state.","4"
"3.5","MountainCar-v0","last-state","20","The position of the car is expected to increase as the car accelerates to the right (action 0) in the negative direction. The velocity is also expected to increase negatively due to the acceleration. Looking at the historical data, the position and velocity have been decreasing in general.","4"
"3.5","MountainCar-v0","last-state","20","The position of the car is expected to increase as the car is moving to the right due to the applied action of accelerating to the right. The velocity of the car is expected to decrease slightly due to the friction and gravity acting on the car.","4"
"3.5","MountainCar-v0","last-state","20","The position of the car is expected to increase as the car accelerates to the right (action 0) in the previous steps. The velocity of the car is expected to decrease slightly due to the negative acceleration from the action taken.","4"
"3.5","MountainCar-v0","last-state","20","The position of the car is expected to increase as the car is moving to the left due to the negative velocity. The velocity is expected to decrease as the car is moving against the direction of the negative velocity.","4"
"3.5","MountainCar-v0","last-state","20","The position of the car is expected to increase as the car moves to the right due to the acceleration action taken. The velocity is expected to decrease as the car moves uphill against gravity.","4"
"3.5","MountainCar-v0","last-state","20","The position of the car is expected to increase as the car moves to the right due to the acceleration action taken. The velocity is expected to decrease slightly due to the friction and gravity acting on the car.","4"
"3.5","MountainCar-v0","last-state","20","The transition dynamics of the MountainCar environment indicate that the position and velocity of the car are affected by the acceleration action taken. Given the historical data up to step 31, we can observe that the car is moving to the right (velocity is negative) and the position is increasing. The acceleration action taken in each step is 0 (accelerate to the left), which is causing the car to slow down and move towards the left. Therefore, to reach the state s33 = [[-0.6602, -0.0187]] from s32, we can predict that the position will decrease and the velocity will increase.","4"
"3.5","MountainCar-v0","last-state","20","The position of the car is expected to increase as the car is moving to the right due to the negative velocity. The velocity is expected to stay relatively constant as the agent is not applying any acceleration.","4"
"3.5","MountainCar-v0","last-state","20","The transition dynamics of the MountainCar environment indicate that the position and velocity of the car are affected by the acceleration action taken. Given that the car is moving to the left (velocity is negative) and the position is decreasing, the action taken is likely to be accelerating to the left (action [0]). The velocity is decreasing slightly, which suggests that the car is slowing down due to the action taken.","4"
"3.5","MountainCar-v0","last-state","20","The transition dynamics of the MountainCar environment indicate that the position and velocity are affected by the action taken and the current position and velocity. The velocity is directly influenced by the action taken, while the position is affected by the updated velocity. Given the historical data up to step 34, we can observe that the car is gradually moving to the right (increasing position) while maintaining a relatively constant negative velocity. Therefore, to reach the state s36 = [[-0.716, -0.0184]] from an unknown state s35, we can predict that the position element of s35 should be higher than that of s36, while the velocity element should remain relatively close to the velocity of s36.","4"
"3.5","MountainCar-v0","last-state","20","The position of the car is expected to increase as the car accelerates to the right. The velocity is expected to decrease slightly due to the friction and gravity acting on the car.","4"
"3.5","MountainCar-v0","last-state","20","Based on the transition dynamics of the MountainCar-v0 environment, the position and velocity of the car are influenced by the action taken, the force applied, and the gravity. Given the historical data up to step 36, we can observe that the car is gradually moving to the right (increasing position) while the velocity is decreasing slightly. The force applied by the agent is in the negative direction (action 0: Accelerate to the left), causing the car to move to the left. Therefore, to reach the state s38 = [[-0.7515, -0.0175]] from s37, we can predict that the position will increase, and the velocity will decrease.","4"
"3.5","MountainCar-v0","last-state","20","The position of the car is expected to increase as the car is moving to the right hill. The velocity should also increase as the car accelerates to overcome gravity and reach the goal position.","4"
"3.5","MountainCar-v0","last-state","20","The position of the car is expected to increase as the car accelerates to the right due to the positive velocity. The velocity is also expected to increase as the car accelerates to the right.","4"
"3.5","MountainCar-v0","last-state","20","The position of the car in the MountainCar environment is constrained between -1.2 and 0.6, and the velocity is limited between -0.07 and 0.07. The transition dynamics indicate that the position and velocity are affected by the action taken and the current state. Given the historical data up to step 39, we observe that the car is moving to the right (velocity is positive) and the position is increasing. The action taken in all steps is to accelerate to the left (action 0), which results in a decrease in velocity. Therefore, to reach the state s41 = [[-0.8003, -0.0155]] from s40, the position should increase, and the velocity should decrease.","4"
"3.5","MountainCar-v0","last-state","20","The position of the car is expected to increase as the car moves to the right due to the acceleration applied. The velocity might decrease slightly due to the negative acceleration from the environment dynamics.","4"
"3.5","MountainCar-v0","last-state","20","The transition dynamics of the MountainCar environment indicate that the position and velocity of the car are affected by the acceleration action taken. Given that the car is moving uphill, the position is expected to increase, while the velocity might decrease due to the gravitational force acting against the car's motion. Additionally, the acceleration action taken in the previous steps was consistently ""0"" (no acceleration), which implies that the car is likely to slow down gradually.","4"
"3.5","MountainCar-v0","last-state","20","The position of the car is expected to increase as the car accelerates to the right due to the positive velocity. The velocity is also expected to increase as the car accelerates to the right.","4"
"3.5","MountainCar-v0","last-state","20","The position of the car is expected to increase as the car accelerates to the right. The velocity of the car is expected to decrease slightly due to the negative acceleration when moving to the right.","4"
"3.5","MountainCar-v0","last-state","20","The position of the car is expected to increase as the car moves to the right due to the acceleration applied. The velocity might decrease slightly due to the acceleration in the opposite direction, but the difference might be within the threshold of 1e-4.","4"
"3.5","MountainCar-v0","last-state","20","The position of the car is expected to increase as the car moves to the right due to the acceleration. The velocity might decrease slightly due to the negative acceleration from the environment dynamics.","4"
"3.5","MountainCar-v0","last-state","20","The position of the car in the MountainCar environment is influenced by the acceleration applied and the gravitational force acting on it. Given that the car is moving uphill, the position is expected to increase. The velocity of the car is also expected to increase due to the acceleration applied.","4"
"3.5","MountainCar-v0","last-state","20","The position of the car is expected to increase as the car moves to the right due to the acceleration applied. The velocity should also increase as the car accelerates to the right hill. Based on the transition dynamics, the position and velocity are likely to increase.","4"
"3.5","MountainCar-v0","last-state","20","The position of the car in the MountainCar environment is constrained between -1.2 and 0.6, and the velocity is limited between -0.07 and 0.07. Given the transition dynamics and the fact that the car is moving to the right (positive velocity), we can infer that the position should increase and the velocity should decrease to reach the next state.","4"
"3.5","MountainCar-v0","last-state","30","The position of the car in the MountainCar environment is influenced by the acceleration applied and the gravitational force acting on it. Given that the car starts at the bottom of a valley and needs to reach the top of the right hill, the position should generally increase over time as the car moves towards the goal. The velocity of the car is also affected by the acceleration and the position, with the velocity changing based on the action taken and the forces acting on the car. Considering the dynamics of the environment, we can infer that the position and velocity should generally increase as the car moves towards the goal.","4"
"3.5","MountainCar-v0","last-state","30","The position of the car is expected to increase as the agent applies a force to accelerate it to the right. The velocity is also expected to increase as the car gains speed due to the applied force.","4"
"3.5","MountainCar-v0","last-state","30","The car in the MountainCar environment moves based on the transition dynamics provided, where the velocity is updated based on the action taken and the position. Given the historical data up to step 31, we can observe that the car has been consistently moving to the right (velocity is negative) with a decreasing position. Therefore, to reach the state s33 = [[-0.6602, -0.0187]] from an unknown state s32, we can predict that the position will decrease, and the velocity will also decrease.","4"
"3.5","MountainCar-v0","last-state","30","The position of the car is expected to increase as the car is accelerating to the right (action 2) in the previous steps. The velocity of the car is expected to decrease slightly due to the effect of gravity.","4"
"3.5","MountainCar-v0","last-state","30","The position of the car is expected to increase as the car accelerates to the right (action 0) in the previous steps. The velocity of the car is expected to decrease slightly due to the negative acceleration from the action taken.","4"
"3.5","MountainCar-v0","last-state","30","The car in the MountainCar environment moves in a sinusoidal valley and accelerates based on the applied action. Given the transition dynamics, the velocity is affected by the action taken and the position. The velocity is updated based on the action taken, and the position is updated based on the new velocity. In this case, the car is moving to the left (negative velocity) and the position is decreasing. The velocity is also decreasing due to the negative acceleration from the action taken. Therefore, the position is expected to decrease further, and the velocity is expected to decrease as well.","4"
"3.5","MountainCar-v0","last-state","30","The position of the car is expected to increase as the car accelerates to the right (action 0) in the previous steps. The velocity of the car is expected to decrease slightly due to the negative acceleration from the action taken.","4"
"3.5","MountainCar-v0","last-state","30","The position of the car is expected to increase as the car is moving to the left (negative direction) due to the action taken. The velocity is expected to decrease as the car is moving against the direction of its current velocity.","4"
"3.5","MountainCar-v0","last-state","30","The position of the car is expected to increase as the car accelerates to the right (action 0) in the previous steps. The velocity is expected to decrease slightly due to the negative acceleration from the action. Based on the transition dynamics and the historical data, the position should increase, and the velocity should decrease slightly.","4"
"3.5","MountainCar-v0","last-state","30","The position of the car is expected to increase as the car moves to the right hill. The velocity should also increase as the car accelerates to overcome gravity and reach the goal position.","4"
"3.5","MountainCar-v0","last-state","30","The transition dynamics of the MountainCar environment indicate that the position and velocity of the car are affected by the acceleration action taken. Given that the car is moving uphill, the velocity is expected to decrease, and the position is expected to increase. Additionally, the acceleration action is 0, which means the car is not accelerating, so the velocity should decrease due to gravity.","4"
"3.5","MountainCar-v0","last-state","30","The transition dynamics of the MountainCar environment indicate that the position and velocity of the car are affected by the acceleration action taken. Given the historical data up to step 40, we can observe that the car is moving to the right (velocity is negative) and the position is increasing. The acceleration action taken in the previous steps was consistently 0 (no acceleration). This suggests that the car is moving due to the existing velocity and the dynamics of the environment. Therefore, to reach the state s42 = [[-0.815 , -0.0147]] from an unknown state s41, we can predict that the position element of s41 should be higher, and the velocity element should be lower compared to s42.","4"
"3.5","MountainCar-v0","last-state","30","The transition dynamics of the MountainCar environment indicate that the position and velocity of the car are affected by the acceleration action taken. Given the historical data up to step 41, we can observe that the car is moving to the right (velocity is negative) and the position is increasing. The acceleration action taken in all steps was to accelerate to the left (action [0]). This caused the car to slow down and move towards the left. Therefore, to reach the state s43 = [[-0.8287, -0.0138]] from an unknown state s42, we can infer that the car must have been positioned further to the right and had a lower velocity compared to s43.","4"
"3.5","MountainCar-v0","last-state","30","The transition dynamics of the MountainCar environment indicate that the position and velocity of the car are affected by the acceleration action taken. Given the historical data up to step 42, we can observe that the car is gradually moving to the right (increasing position) while the velocity is also increasing in the negative direction. Therefore, to reach the state s44 = [[-0.8415, -0.0128]] from an unknown state s43, we can predict that the position will likely increase, and the velocity will decrease.","4"
"3.5","MountainCar-v0","last-state","30","The position of the car is expected to increase as the car is moving to the right hill. The velocity might decrease slightly due to the negative acceleration from the gravity term and the action taken.","4"
"3.5","MountainCar-v0","last-state","30","The position of the car in the MountainCar environment is constrained between -1.2 and 0.6, and the velocity is limited between -0.07 and 0.07. Given the transition dynamics and the fact that the car is trying to reach the goal position on top of the right hill, we can observe that the car needs to build up enough momentum to overcome the gravitational force and reach the goal. Therefore, the car will likely need to increase its position and velocity to reach the next state.","4"
"3.5","MountainCar-v0","last-state","30","The position of the car in the MountainCar environment is influenced by the acceleration applied, the current velocity, and the gravitational force. Given that the car is moving to the right (positive velocity) and the position is increasing, it suggests that the car is likely accelerating to the right. The velocity is decreasing slightly, which could indicate that the car is decelerating due to the applied action. Based on the transition dynamics and the historical data, it is expected that the position will increase, and the velocity will decrease slightly.","4"
"3.5","MountainCar-v0","last-state","30","The position of the car in the MountainCar environment is influenced by the velocity and the action taken. Given the transition dynamics and the historical data up to step 46, we can observe that the car tends to move towards the right hill due to the negative acceleration term involving the cosine function. Additionally, the car accelerates in the direction of the applied force. Therefore, if the car is moving towards the right hill, the position should generally increase, and the velocity should also increase or stay relatively constant.","4"
"3.5","MountainCar-v0","last-state","30","The position of the car in the MountainCar environment is constrained between -1.2 and 0.6, and the velocity is limited between -0.07 and 0.07. Given the transition dynamics and the fact that the car starts at the bottom of a valley, we can observe that the car needs to build up enough momentum to overcome the hill and reach the goal position. As the car accelerates, it gains velocity and moves towards the goal. Looking at the historical data, we see a consistent pattern of the car accelerating to the right (action [0]) without any external forces acting on it. This results in a gradual increase in velocity and position over time.","4"
"3.5","MountainCar-v0","last-state","30","The position of the car in the MountainCar environment is constrained between -1.2 and 0.6, and the velocity is limited between -0.07 and 0.07. The transition dynamics indicate that the position and velocity are affected by the action taken and the current state. Given the historical data up to step 48, we can observe that the car is moving to the right (increasing position) with a decreasing negative velocity. The acceleration is consistently set to 0, indicating that the car is moving solely due to the transition dynamics. Therefore, we can predict that the position will continue to increase, and the velocity will continue to decrease in the upcoming steps.","4"
"3.5","MountainCar-v0","last-state","30","The position of the car is expected to increase as the car is moving to the right due to the positive velocity. The velocity is expected to decrease as the car is moving against gravity and there are no actions to accelerate.","4"
"3.5","MountainCar-v0","last-state","30","The position of the car in the MountainCar environment is constrained between -1.2 and 0.6, and the velocity is limited between -0.07 and 0.07. The transition dynamics show that the position and velocity are affected by the action taken and the current position. Given the historical data up to step 50, we can observe that the car is moving to the right (velocity is positive) and the position is increasing. The action taken at step 50 was to not accelerate (action [1]), which might indicate that the car is close to reaching the goal position. Therefore, in step 51, the car is likely to be very close to the goal position, with a slightly negative velocity.","2"
"3.5","MountainCar-v0","last-state","30","The position of the car in the MountainCar environment is constrained between -1.2 and 0.6. Given the transition dynamics and the fact that the car is moving towards the right hill, we can infer that the car is likely to be moving towards the goal position of 0.5. Additionally, the velocity is constrained between -0.07 and 0.07. Based on the historical data, we can observe that the car is gradually moving towards the right hill, which implies that the position is likely to be increasing, and the velocity might be positive.","4"
"3.5","MountainCar-v0","last-state","30","The position of the car is expected to increase as the car accelerates to the right (action [2]). The velocity is also expected to increase due to the acceleration. Looking at the historical data, the position has been decreasing steadily, while the velocity has been increasing slightly. Therefore, to reach the next state s54 where the position increases and the velocity becomes positive, the position in s53 is likely to be lower, and the velocity is likely to be negative.","2"
"3.5","MountainCar-v0","last-state","30","The car in the MountainCar environment moves in a sinusoidal valley and accelerates based on the action taken. Given the transition dynamics and the historical data up to step 53, we can observe that the car's position and velocity change based on the action taken. The position and velocity are interdependent due to the dynamics of the environment. The action [2] corresponds to accelerating to the right, which would likely result in an increase in position and velocity.","4"
"3.5","MountainCar-v0","last-state","30","The position of the car is expected to increase as the car accelerates to the right (action [2]). The velocity of the car is also expected to increase due to the acceleration. Looking at the historical data, the car has been accelerating to the right (action [2]) consistently from step 51 onwards. Therefore, it is likely that both the position and velocity will increase from s55 to s56.","2"
"3.5","MountainCar-v0","last-state","30","The position of the car is expected to increase as the car accelerates to the right (action [2]). The velocity of the car is also expected to increase due to the acceleration. Looking at the historical data, the position and velocity have been increasing as the car moves to the right.","4"
"3.5","MountainCar-v0","last-state","30","The position of the car is expected to increase as the car accelerates to the right (action [2]). The velocity of the car is also expected to increase due to the acceleration. Based on the transition dynamics and the historical data where the car consistently accelerates to the right, both position and velocity are likely to increase.","4"
"3.5","MountainCar-v0","last-state","30","The car in the MountainCar environment needs to build up enough momentum to overcome the gravitational force and reach the goal position. Given the historical data up to step 57, we can observe that the car has been accelerating to the right consistently. The velocity has been increasing, and the position has been decreasing. Therefore, to reach the state s59 = [[-0.8121, 0.0217]] from an unknown state s58, we can predict that the car was likely in a state where the position was higher and the velocity was lower compared to s59.","4"
"3.5","MountainCar-v0","last-state","30","The car in the MountainCar environment needs to build enough momentum to overcome the gravitational force and reach the goal position. Looking at the historical data, we can observe that the car tends to accelerate in the positive direction (to the right) by taking action 2 repeatedly. Given that the car is currently at position -0.7874 and velocity 0.0246, it is likely that the car was at a lower position and a lower velocity in the previous state to build up to this point.","4"
"3.5","MountainCar-v0","next-action","5","Based on the provided episode snippet, the agent consistently takes action 2 (accelerate to the right) in each step. The car's position is decreasing while the velocity is increasing slightly. The agent seems to be trying to build up velocity in the positive direction to reach the goal position on top of the right hill.","3"
"3.5","MountainCar-v0","next-action","5","Looking at the sequence of steps provided, the agent has been consistently taking action 2 (accelerate to the right) as it tries to move the car towards the goal position on top of the right hill. The car's position has been decreasing while the velocity has been increasing, indicating that the agent is successfully applying the right actions to move the car in the desired direction.","3"
"3.5","MountainCar-v0","next-action","5","Looking at the sequence of steps provided, the agent has been consistently taking action 2 (accelerate to the right) as it tries to move the car towards the goal position on top of the right hill. The car's position has been gradually increasing while the velocity has been positive. Given that the car is still far from the goal position and the velocity is positive, it is likely that the agent will continue to accelerate to the right in order to reach the goal faster.","3"
"3.5","MountainCar-v0","next-action","5","Based on the provided sequence of steps, the agent has been consistently taking action 2 (accelerate to the right) in each step. The car's position is gradually moving towards the right hill, and the agent seems to be following a strategy of accelerating to the right to reach the goal position.","3"
"3.5","MountainCar-v0","next-action","5","Based on the provided sequence of steps, the agent has been consistently taking action 2 (accelerate to the right) as it tries to move the car towards the goal position on top of the right hill. The car's position has been decreasing (moving to the left) while the velocity has been increasing slightly. Given that the car is still far from the goal position and the agent has been consistently accelerating to the right, it is likely that the agent will continue with this action to build up velocity and overcome the hill.","3"
"3.5","MountainCar-v0","next-action","5","Based on the provided sequence of steps, the agent has been consistently accelerating to the right (action 2) for the past few steps. The car's position has been decreasing (moving left) while the velocity has been increasing slightly. At step 9, the agent chose not to accelerate, which might indicate that the agent is trying to control the velocity or adjust its position. Given the goal of reaching the flag on top of the right hill, the agent might need to build up enough velocity to overcome the hill. Considering the current state and recent actions, the agent might continue to accelerate to the right to build up velocity for the climb.","2"
"3.5","MountainCar-v0","next-action","5","Based on the provided sequence of steps, we can observe that the agent is consistently applying action 2 (accelerate to the right) as it tries to move the car towards the goal position on top of the right hill. The agent seems to be making progress by increasing the position of the car along the x-axis.","3"
"3.5","MountainCar-v0","next-action","5","- Looking at the sequence of actions taken by the agent in steps 7 to 11, we can observe that the agent is consistently accelerating to the right (action 2) despite the negative rewards received at each step. This behavior indicates that the agent is trying to overcome the gravitational force and move towards the goal position on top of the right hill.","2"
"3.5","MountainCar-v0","next-action","5","Based on the provided sequence of steps, we can observe that the car is moving to the right (positive velocity) with small incremental changes in position. The agent applied an acceleration to the right at step 8, followed by no acceleration at steps 9, 10, and 11. Then, the agent applied an acceleration to the left at step 12. Given the current state at step 12 ([[ -0.4466,  0.0051]]), the car is still moving to the right but with a decreasing velocity. Considering the dynamics of the MountainCar environment, the agent might need to apply an acceleration to the right to overcome the inertia and continue moving towards the goal position.","2"
"3.5","MountainCar-v0","next-action","5","- Looking at the sequence of steps provided, the agent is consistently taking action 1 (do not accelerate) as it moves towards the goal position. The car is gradually moving to the right with small positive velocity increments.
   - In the last two steps (Step 12 and Step 13), the agent took action 0 (accelerate to the left) as the car was getting closer to the goal position and the velocity was decreasing.","2"
"3.5","MountainCar-v0","next-action","5","- Looking at the sequence of steps provided, the agent is consistently taking actions 0 (accelerate to the left) and 1 (do not accelerate) as it moves towards the goal position.
   - The car's position is gradually decreasing, indicating that the agent is trying to build up momentum to reach the goal position on top of the right hill.
   - The velocity is also decreasing slightly, suggesting that the agent is carefully controlling the acceleration to navigate the environment.","3"
"3.5","MountainCar-v0","next-action","5","Based on the provided episode snippet, we can observe that the car is moving to the right (velocity is positive) and the agent is not applying any acceleration (action 0) even though the car is moving away from the goal. The car is gradually losing velocity due to the negative acceleration caused by the cosine term in the transition dynamics. Given that the car is moving away from the goal and the agent has not applied any acceleration to change this trajectory, it is likely that the agent will need to accelerate to the right to counteract the negative acceleration and move towards the goal.","3"
"3.5","MountainCar-v0","next-action","5","Looking at the sequence of steps provided, we can observe that the car is moving towards the right (position is decreasing) and the velocity is also decreasing. The agent consistently takes action 0 (accelerate to the left) in the previous steps, which is causing the car to slow down. Given that the car is still far from the goal position and the velocity is decreasing, it is likely that the agent will continue to accelerate to the left to build up velocity for reaching the goal position.","3"
"3.5","MountainCar-v0","next-action","5","Based on the provided sequence of steps, we can observe that the car is moving to the left (decreasing position values) and the agent is consistently choosing action 0 (accelerate to the left). The car's velocity is also decreasing slightly. Given that the car needs to reach the goal position on top of the right hill, the agent seems to be trying to build up enough momentum by accelerating to the left before potentially switching to accelerating to the right to reach the goal.","3"
"3.5","MountainCar-v0","next-action","5","Based on the provided sequence of steps, the agent has been consistently applying action 0 (accelerate to the left) as it tries to move towards the right hill. The car's position has been increasing slightly in the negative direction, indicating that the agent is attempting to build up momentum to overcome the hill. The velocity values are also very close to 0, suggesting that the agent is trying to carefully control the car's movement.","3"
"3.5","MountainCar-v0","next-action","5","Looking at the sequence of steps provided, the agent has been consistently taking action 0 (accelerate to the left) as it moves towards the goal position. The car's position is still far from the goal, and the velocity is negative, indicating movement towards the left hill. Given the deterministic nature of the environment and the agent's behavior so far, it is likely that the agent will continue to accelerate to the left in the next step.","3"
"3.5","MountainCar-v0","next-action","5","Looking at the sequence of steps provided, the agent has been consistently taking action 0 (accelerate to the left) as it moves towards the left side of the valley. The position of the car is decreasing while the velocity is also negative, indicating movement towards the left hill. Since the agent is penalized with a reward of -1 for each timestep, it seems to be trying to build up enough momentum to reach the right hill.","3"
"3.5","MountainCar-v0","next-action","5","Based on the provided sequence of steps, the agent has been consistently applying action 0 (accelerate to the left) as it moves towards the left side of the valley. The car's position is decreasing, indicating that the agent is trying to build up enough momentum to eventually reach the goal position on the right hill. Since the agent has been following this strategy without deviation, it is likely that the agent will continue to accelerate to the left in the next step.","3"
"3.5","MountainCar-v0","next-action","5","Based on the provided sequence of steps, the agent has been consistently taking action 0 (accelerate to the left) in each step. The car's position is gradually decreasing, indicating that the agent is trying to build up momentum to overcome the hill. Since the car is still far from the goal position and the agent has been persistently accelerating to the left, it is likely that the agent will continue this action to gain more speed and momentum.","3"
"3.5","MountainCar-v0","next-action","5","Based on the provided sequence of steps, the agent has been consistently applying action 0 (accelerate to the left) as it moves towards the goal position. The car is currently moving to the left with a negative velocity, and the position is decreasing. Given that the goal position is to the right, the agent needs to change its strategy to reach the goal efficiently.","3"
"3.5","MountainCar-v0","next-action","5","Based on the provided sequence of steps, the agent has been consistently applying action 0 (accelerate to the left) as it moves from state to state. The car's position is gradually decreasing, indicating that the agent is trying to build up enough momentum to overcome the hill. Given that the car is still far from the goal position and the agent has been persistently accelerating to the left, it is likely that the agent will continue with this action to gain more speed and momentum.","3"
"3.5","MountainCar-v0","next-action","5","Based on the provided episode snippet, the agent has been consistently taking action 0 (accelerate to the left) in the past five steps. The car's position has been gradually moving towards the left side of the valley, and the agent has been trying to increase the car's velocity in the negative direction. Since the goal is to reach the flag on top of the right hill, the agent seems to be attempting to build up enough momentum to eventually reach the goal position.","2"
"3.5","MountainCar-v0","next-action","5","Based on the provided sequence of steps, the agent has been consistently taking action 0 (accelerate to the left) as it moves towards the goal position. The car is currently positioned at [-0.5365, -0.0151] and is moving to the left. Given that the goal position is to the right of the current position, the agent needs to change its direction and accelerate to the right to reach the goal position efficiently.","3"
"3.5","MountainCar-v0","next-action","5","Based on the provided sequence of steps, the agent has been consistently taking action 0 (accelerate to the left) as it moves from left to right. The car's position is gradually increasing, indicating that the agent is trying to build up momentum to reach the goal position on top of the right hill. Since the car is still far from the goal position and the agent has been consistently accelerating to the left, it is likely that the agent will continue this behavior to build up speed before attempting to change direction.","3"
"3.5","MountainCar-v0","next-action","5","Based on the provided sequence of steps, the agent has been consistently taking action 0 (accelerate to the left) as it moves towards the left hill. The car's position is decreasing, indicating that the agent is trying to build up enough momentum to overcome the hill. Since the car is still far from the goal position on top of the right hill, it is likely that the agent will continue to accelerate to the left in the next step to gain more speed.","3"
"3.5","MountainCar-v0","next-action","5","Based on the provided episode snippet, the agent has been consistently taking action 0 (accelerate to the left) for the past few steps as it moves from left to right. The car is currently at position -0.5866 and has been moving towards the right hill. Given that the agent has been consistently accelerating to the left and the position is close to the right hill, it is likely that the agent will continue to accelerate to the left to build up momentum for reaching the goal position.","3"
"3.5","MountainCar-v0","next-action","5","Based on the provided episode snippet, the agent has been consistently taking action 0 (accelerate to the left) as it moves from state to state. The car's position is gradually decreasing, indicating that the agent is trying to build up momentum to overcome the hill. Since the agent is still far from the goal position and has been consistently accelerating to the left, it is likely that the agent will continue this behavior to gain more speed and momentum.","3"
"3.5","MountainCar-v0","next-action","5","Based on the provided sequence of steps, the agent is consistently taking action 0 (accelerate to the left) as it moves towards the left side of the valley. The car's position is decreasing in each step, indicating that the agent is trying to build up momentum to overcome the hill on the left side.","3"
"3.5","MountainCar-v0","next-action","5","Based on the provided episode snippet, the agent has been consistently applying action 0 (accelerate to the left) as it moves from left to right. The car is currently moving towards the right hill, and the agent is trying to build up enough momentum to reach the goal position on top of the right hill. Given that the car is still far from the goal position and the agent has been consistently accelerating to the left, it is likely that the agent will continue with this action to build up speed.","3"
"3.5","MountainCar-v0","next-action","5","Looking at the sequence of actions taken by the agent from steps 29 to 33, we can observe that the agent consistently chose action 0 (accelerate to the left) despite the negative rewards received at each step. This indicates that the agent is trying to build up momentum by accelerating to the left in order to overcome the gravitational force and reach the goal position on top of the right hill.","2"
"3.5","MountainCar-v0","next-action","10","Based on the provided episode, the agent has been consistently accelerating to the right (action 2) in the previous steps. The car is moving to the right and the velocity is increasing gradually. However, at step 9, the agent chose not to accelerate (action 1) which might indicate that the agent is trying to slow down or adjust its position.","2"
"3.5","MountainCar-v0","next-action","10","Based on the provided episode snippet, the agent has been consistently taking action 2 (accelerate to the right) for the past several steps. The car is moving to the right, and the velocity is increasing. However, at step 9 and step 10, the agent took action 1 (do not accelerate), which might indicate that the agent is trying to slow down or stabilize the car. Given that the car is still moving to the right and the velocity is positive, it is likely that the agent will continue to take an action that helps in stabilizing or slowing down the car.","2"
"3.5","MountainCar-v0","next-action","10","Based on the provided sequence of steps, the agent has been consistently accelerating to the right (action 2) for several steps in a row. However, at step 9, the agent chose not to accelerate (action 1) and continued with this action for the next two steps. Given that the agent has been trying to move towards the goal position on top of the right hill, it is likely that the agent will resume accelerating to the right in the next step to make progress towards the goal.","2"
"3.5","MountainCar-v0","next-action","10","Based on the provided sequence of steps, the agent has been consistently accelerating to the right (action 2) for several steps in a row. However, at step 12, the agent suddenly decelerated by choosing action 0 (accelerate to the left). This change in behavior might indicate that the agent is trying to adjust its position to better reach the goal state. Given that the agent was previously accelerating to the right and then decelerated, it is likely that the agent will continue to decelerate or choose action 1 (do not accelerate) in the next step to fine-tune its position.","2"
"3.5","MountainCar-v0","next-action","10","Looking at the sequence of actions taken by the agent, we can observe that the agent consistently applied action 2 (accelerate to the right) for the first 5 steps. Then, the agent switched to applying action 1 (do not accelerate) for the next 3 steps, followed by action 0 (accelerate to the left) for the subsequent 2 steps. Given this pattern, it seems like the agent is trying to build up momentum by accelerating to the right initially, then stabilizing by not accelerating, and finally trying to change direction by accelerating to the left.","2"
"3.5","MountainCar-v0","next-action","10","Looking at the sequence of actions taken by the agent in the provided steps, we can observe that the agent consistently applied action 2 (accelerate to the right) for the first four steps. Then, the agent switched to applying action 1 (do not accelerate) for the next three steps. Finally, the agent applied action 0 (accelerate to the left) for the last three steps. This pattern suggests that the agent might be trying to build up momentum by accelerating to the right initially, then maintaining its position by not accelerating, and finally attempting to change direction by accelerating to the left.","2"
"3.5","MountainCar-v0","next-action","10","Based on the provided episode snippet, we can observe that the agent is consistently accelerating to the right (action 2) for the first three steps and then switches to not accelerating (action 1) for the subsequent three steps. This pattern suggests that the agent might be trying to build up velocity by accelerating to the right before attempting to reach the goal by coasting without acceleration.","2"
"3.5","MountainCar-v0","next-action","10","Based on the provided sequence of steps, we can observe that the car is moving to the left (decreasing position) with small negative velocity. The agent initially accelerates to the right (action 2) but then switches to not accelerating (action 1) as the car moves towards the left hill. The agent continues to not accelerate as the car moves towards the left hill. Given the current state at step 16 where the car is close to the left hill and has a negative velocity, it is likely that the agent will continue to not accelerate to allow the car to move closer to the left hill.","2"
"3.5","MountainCar-v0","next-action","10","Based on the provided episode snippet, we can observe that the car is moving to the left (decreasing position) with small positive velocity. The agent initially accelerates to the right (action 2) at step 8, but then consistently chooses not to accelerate (action 1) in the subsequent steps as the car's velocity is already positive and the position is decreasing. The agent only accelerates to the left (action 0) when the car's position starts to increase slightly.","2"
"3.5","MountainCar-v0","next-action","10","Based on the provided sequence of steps, we can observe that the car is moving to the left (decreasing position) and the velocity is also negative. The agent consistently chooses the action to accelerate to the left (action 0) in the last few steps, even when the velocity is negative. This indicates that the agent is trying to build up momentum in the left direction to overcome the hill and reach the goal position on the right hill.","3"
"3.5","MountainCar-v0","next-action","10","- Looking at the sequence of actions taken by the agent in the provided steps, we can observe that the car is moving towards the right direction (increasing position values) with small negative velocities. The agent consistently chooses not to accelerate (action 0) even when the velocity is negative, indicating a strategy of allowing the car to move naturally in the direction of the goal.
   - The position of the car is increasing gradually, and the negative velocity suggests that the car is moving towards the right hill. The agent seems to be following a strategy of allowing the car to build up momentum by not accelerating when the velocity is negative.","3"
"3.5","MountainCar-v0","next-action","10","Based on the provided episode snippet, we can observe that the car is moving to the right (velocity is positive) and the agent is consistently choosing not to accelerate (action 0) even though the car is not reaching the goal state. The car is gradually losing velocity due to the negative acceleration from gravity and the lack of acceleration by the agent. Given this trend, we can infer that the agent is likely trying to build up enough negative velocity to reach the goal position by using the negative acceleration from gravity. Therefore, the agent might continue with the same strategy in the next step.","3"
"3.5","MountainCar-v0","next-action","10","Looking at the sequence of steps provided, the agent has been consistently applying action 0 (accelerate to the left) as it tries to move the car towards the right hill. The car's position has been decreasing gradually, indicating that the agent is trying to build up momentum in the left direction to eventually reach the goal position on the right hill.","3"
"3.5","MountainCar-v0","next-action","10","Based on the provided sequence of steps, the agent has been consistently applying action 0 (accelerate to the left) as it moves towards the left side of the valley. The car's position is decreasing, indicating that the agent is trying to build up enough momentum to eventually reach the goal position on the right hill. Given this trend, it is likely that the agent will continue to apply action 0 in the next step to keep moving towards the left.","3"
"3.5","MountainCar-v0","next-action","10","Based on the provided sequence of steps, we can observe that the agent has been consistently applying action 0 (accelerate to the left) in each step. The car's position is gradually moving towards the left side of the valley, indicating that the agent is trying to build up momentum in that direction. The velocity of the car is negative, which means it is moving towards the left. Given the deterministic nature of the MountainCar environment, the agent seems to be following a strategy to build up enough momentum to eventually reach the goal position on top of the right hill.","3"
"3.5","MountainCar-v0","next-action","10","Based on the provided sequence of steps, the agent has been consistently applying action 0 (accelerate to the left) as it moves towards the left side of the valley. The car's position is decreasing while the velocity is negative, indicating movement towards the left hill. The agent seems to be trying to build up enough momentum to overcome the hill and reach the goal position on the right hill.","3"
"3.5","MountainCar-v0","next-action","10","Based on the provided episode snippet, the agent has been consistently applying action 0 (accelerate to the left) as it moves from left to right. The car's position is gradually increasing, indicating that the agent is trying to build up momentum to reach the goal position on top of the right hill. The agent seems to be following a strategy of accelerating to the left to gain momentum before potentially switching to accelerating to the right to reach the goal.","3"
"3.5","MountainCar-v0","next-action","10","Based on the provided episode snippet, the agent has been consistently applying action 0 (accelerate to the left) as it moves from left to right. The car's position is gradually increasing, indicating that the agent is trying to build up momentum to reach the goal position on top of the right hill. The agent seems to be following a strategy of accelerating to the left to gain momentum before potentially switching to accelerating to the right to reach the goal position.","3"
"3.5","MountainCar-v0","next-action","10","Based on the provided episode snippet, the agent has been consistently applying action 0 (accelerate to the left) as it moves from left to right. The car is currently moving towards the right hill, and the agent has been trying to increase the car's velocity in the left direction to eventually reach the goal position on top of the right hill. Given the deterministic nature of the MountainCar-v0 environment and the agent's behavior so far, it is likely that the agent will continue to apply action 0 in the next step to further increase the car's velocity to the left.","3"
"3.5","MountainCar-v0","next-action","10","Looking at the sequence of steps provided, the agent has been consistently applying action 0 (accelerate to the left) as it moves from left to right. The car is currently positioned at [-0.5692, -0.0168] and has been accelerating to the left. Given the deterministic nature of the MountainCar environment and the agent's behavior so far, it is likely that the agent will continue to accelerate to the left in order to build up enough momentum to reach the goal position on top of the right hill.","3"
"3.5","MountainCar-v0","next-action","10","Based on the provided sequence of steps, the agent has been consistently applying action 0 (accelerate to the left) as it moves from left to right. The car is currently at position -0.5866 and has been accelerating to the left. Given that the goal position is at 0.5 on the right hill, the agent needs to change its strategy to reach the goal efficiently.","3"
"3.5","MountainCar-v0","next-action","10","Based on the provided episode snippet, the agent has been consistently applying action 0 (accelerate to the left) in each step. The car's position is gradually moving to the left, and the velocity is also decreasing slightly. Since the agent is penalized with a reward of -1 for each timestep, it seems like the agent is trying to build up momentum by accelerating to the left in order to eventually reach the goal position on top of the right hill.","3"
"3.5","MountainCar-v0","next-action","10","The agent has been consistently applying action 0 (accelerate to the left) for the past several steps. Given that the car is moving to the left and the goal is to reach the flag on top of the right hill, the agent needs to change its strategy to accelerate to the right in order to reach the goal position.","3"
"3.5","MountainCar-v0","next-action","10","Based on the provided episode snippet, the agent has been consistently applying action 0 (accelerate to the left) as it moves from left to right. The car is currently moving to the right, and the velocity is decreasing slightly. Given that the agent has been consistently trying to move left, it is likely that the agent will continue with this action to try to change the direction of the car.","3"
"3.5","MountainCar-v0","next-action","10","Based on the provided sequence of steps, the agent has been consistently applying action 0 (accelerate to the left) as it moves towards the goal position. The car is currently moving to the left with a decreasing position value and a relatively constant velocity. Given the deterministic nature of the MountainCar environment and the agent's behavior so far, it is likely that the agent will continue to apply action 0 to keep moving in the same direction.","3"
"3.5","MountainCar-v0","next-action","10","Based on the provided episode snippet, the agent has been consistently applying action 0 (accelerate to the left) in the previous steps as the car moves towards the right hill. The car's position is still far from the goal position of 0.5, and the velocity is decreasing slightly. Given the deterministic nature of the MountainCar environment and the agent's behavior so far, it is likely that the agent will continue to apply action 0 to build up momentum and reach the goal position.","3"
"3.5","MountainCar-v0","next-action","10","Based on the provided sequence of steps, the agent has been consistently applying action 0 (accelerate to the left) as it moves from left to right. The car is currently moving to the right, and the velocity is decreasing slightly. Given that the agent has not changed its action despite the decreasing velocity, it is likely that the agent will continue with the same action in the next step.","3"
"3.5","MountainCar-v0","next-action","10","Based on the provided sequence of steps, the agent has been consistently applying action 0 (accelerate to the left) without any deviation. The car's position is gradually moving to the left, and the velocity is decreasing slightly. Given that the car is still far from the goal position on top of the right hill, it seems that the agent is trying to build up momentum by consistently accelerating to the left.","3"
"3.5","MountainCar-v0","next-action","10","Based on the provided episode snippet, the agent has been consistently taking action 0 (accelerate to the left) for the past 10 steps as it moves from left to right. The car is currently moving towards the right hill, and the agent has not changed its action despite the negative rewards received at each step. This suggests that the agent is likely trying to build up momentum by consistently accelerating to the left.","2"
"3.5","MountainCar-v0","next-action","10","The agent has been consistently applying action 0 (accelerate to the left) for the past several steps, despite the negative rewards received at each time step. This indicates that the agent is likely trying to build up momentum by accelerating to the left in order to eventually reach the goal position on top of the right hill.","3"
"3.5","MountainCar-v0","next-action","20","Looking at the sequence of actions taken by the agent, we can observe that the agent consistently applies actions to accelerate to the left (action 0) as it tries to move the car towards the right hill. The agent only switches to no acceleration (action 1) when the car reaches a certain point and starts moving back to the left. Given that the car is currently moving to the left with a negative velocity, it is likely that the agent will continue to apply an action to accelerate to the left in order to reverse the direction of the car.","3"
"3.5","MountainCar-v0","next-action","20","Looking at the sequence of actions taken by the agent in the provided steps, we can observe that the agent consistently applied actions to accelerate to the left (action 0) as it tried to move the car towards the right hill. The agent only applied actions 1 (do not accelerate) and 0 (accelerate to the left) in the last few steps when the car was moving towards the left hill. Given the position and velocity of the car at step 20, where the car was moving towards the left hill, it is likely that the agent will continue to apply an action to accelerate to the left in order to change the direction of the car towards the right hill.","3"
"3.5","MountainCar-v0","next-action","20","Based on the provided sequence of steps, the agent has been consistently applying actions that accelerate the car to the left (action 0) as it moves towards the left side of the valley. The agent only switches to actions that do not accelerate (action 1) when the car is close to the left wall. Given that the car is currently at position -0.4827 and moving to the left with a velocity of -0.0104, it is likely that the agent will continue to apply actions that accelerate the car to the left to prevent it from colliding with the left wall.","3"
"3.5","MountainCar-v0","next-action","20","Looking at the sequence of actions taken by the agent in the previous steps, we can observe that the agent consistently applied actions 2 (accelerate to the right) and then switched to action 1 (do not accelerate) for a few steps before switching to action 0 (accelerate to the left). This pattern suggests that the agent might be trying to build up momentum by accelerating to the right before attempting to move to the left.","2"
"3.5","MountainCar-v0","next-action","20","Looking at the sequence of actions taken by the agent, we can observe that the agent consistently applied actions 0 (accelerate to the left) in the recent steps, even when the car was moving towards the right hill. This behavior indicates that the agent might be trying to build up momentum by accelerating to the left before attempting to reach the goal position on top of the right hill.","3"
"3.5","MountainCar-v0","next-action","20","Looking at the sequence of actions taken by the agent in the provided steps, we can observe that the agent consistently applied actions 0 (accelerate to the left) and 1 (do not accelerate) while moving towards the left hill. The agent did not apply action 2 (accelerate to the right) during this period. Given that the agent is trying to reach the goal state on top of the right hill, it seems to be following a strategy of building up momentum by accelerating to the left before attempting to reach the right hill.","3"
"3.5","MountainCar-v0","next-action","20","Based on the provided sequence of steps, the agent has been consistently applying a force in the negative direction (action 0 - accelerate to the left) for the past few steps. The car's position has been increasing steadily in the negative direction, indicating that the agent is trying to build up momentum to overcome the hill. Given this trend, it is likely that the agent will continue to apply the same action in the next step to build up more momentum.","3"
"3.5","MountainCar-v0","next-action","20","Based on the provided episode, we can observe that the car is moving to the left (decreasing position) and the velocity is also negative. The agent consistently chooses action 0 (accelerate to the left) during this period, which is logical given the current state dynamics. The car needs to build up enough momentum to overcome the hill and reach the goal position on the right.","3"
"3.5","MountainCar-v0","next-action","20","Looking at the sequence of actions taken by the agent in the provided steps, we can observe that the agent consistently applies actions to the left (action 0) without changing its direction. The agent seems to be trying to build up enough momentum to overcome the hill and reach the goal position on top of the right hill. Given the continuous acceleration to the left, it is likely that the agent will continue this pattern in the next step.","3"
"3.5","MountainCar-v0","next-action","20","Looking at the sequence of actions taken by the agent from step 12 to step 28, we can observe that the agent consistently chose action 0 (accelerate to the left) despite the negative rewards received at each step. This behavior indicates that the agent might be trying to build up enough momentum to overcome the gravitational force and reach the goal position on top of the right hill.","2"
"3.5","MountainCar-v0","next-action","20","Looking at the sequence of actions taken by the agent in the provided steps, we can observe that the agent consistently applies an action of 0 (accelerate to the left) as it tries to move the car towards the right hill. The agent seems to be following a strategy of accelerating to the left continuously.","3"
"3.5","MountainCar-v0","next-action","20","The agent has been consistently applying an action of 0 (accelerate to the left) for the past several steps, despite moving away from the goal position. This indicates that the agent might be trying to build up enough momentum to overcome the gravitational force and reach the goal position. Given that the agent is still far from the goal position and has been consistently accelerating to the left, it is likely that the agent will continue with this action in the next step.","3"
"3.5","MountainCar-v0","next-action","20","The agent has been consistently applying an action of 0 (accelerate to the left) for the past several steps, despite moving away from the goal position. This indicates that the agent is likely stuck in a local minimum and is unable to reach the goal state by continuously accelerating to the left.","3"
"3.5","MountainCar-v0","next-action","20","From the provided sequence, it is evident that the agent is consistently applying an action of 0 (accelerate to the left) as it moves towards the left hill. The car is gradually increasing its position along the x-axis while the velocity is decreasing. This indicates that the agent is trying to build up enough momentum to overcome the hill and reach the goal position on top of the right hill.","3"
"3.5","MountainCar-v0","next-action","20","Based on the provided sequence of steps, it is evident that the agent has been consistently applying an action of 0 (accelerate to the left) in each step. The car is moving to the left with a decreasing velocity. Given that the car is still far from the goal position on top of the right hill, it is likely that the agent will continue to apply the same action to build up momentum and reach the goal position.","3"
"3.5","MountainCar-v0","next-action","20","The agent has been consistently applying an action of 0 (accelerate to the left) for the past several steps as it moves towards the left end of the valley. The velocity of the car has been decreasing gradually, and the position of the car has been moving towards the left wall. Given that the agent is trying to build up momentum to reach the right hill, it is likely that the agent will continue to accelerate to the left to gain more speed and momentum.","3"
"3.5","MountainCar-v0","next-action","20","Based on the provided sequence of steps, the agent has been consistently applying action 0 (accelerate to the left) without any deviation. The car's position is gradually moving towards the left end of the valley, and the velocity is decreasing slightly. Given that the agent has not changed its action despite the decreasing velocity, it seems that the agent is attempting to build up momentum by continuously accelerating to the left.","3"
"3.5","MountainCar-v0","next-action","20","Based on the provided episode snippet, the agent has been consistently applying action 0 (accelerate to the left) for the past 20 steps. The car's position has been gradually moving to the left, and the velocity has been decreasing slightly. Since the agent has not changed its action despite the car moving further away from the goal position, it seems that the agent is trying to build up momentum by accelerating to the left before attempting to reach the goal position on the right hill.","2"
"3.5","MountainCar-v0","next-action","20","Based on the provided episode snippet, the agent has been consistently applying action 0 (accelerate to the left) for the past 20 steps. The car's position has been steadily increasing, and the velocity has been decreasing slightly. Since the car is moving away from the goal position on top of the right hill, the agent might need to change its strategy to reach the goal.","2"
"3.5","MountainCar-v0","next-action","20","Looking at the sequence of actions taken by the agent from steps 19 to 38, we can observe that the agent consistently chose action 0 (accelerate to the left) in all these steps. The car is moving to the left, and the agent is continuously applying acceleration in the left direction. Given that the car is moving to the left and the agent has not changed its action for multiple steps, it is likely that the agent will continue to accelerate to the left in the next step.","2"
"3.5","MountainCar-v0","next-action","20","Looking at the sequence of actions taken by the agent from steps 20 to 39, we can observe that the agent consistently chose action 0 (accelerate to the left) despite the negative rewards received at each step. This indicates that the agent is trying to build up momentum by accelerating to the left in order to overcome the gravitational force and reach the goal position on top of the right hill.","2"
"3.5","MountainCar-v0","next-action","20","Looking at the sequence of steps provided, the agent has been consistently applying action 0 (accelerate to the left) without any deviation. The car is moving to the left, and the velocity is decreasing gradually. Given that the car is still far from the goal position on top of the right hill, it is likely that the agent will continue to accelerate to the left to build up enough momentum to reach the goal.","3"
"3.5","MountainCar-v0","next-action","20","Based on the provided sequence of steps, the agent has been consistently applying action 0 (accelerate to the left) without any deviation. The car is moving to the left and the velocity is decreasing gradually. Since the car needs to reach the goal position on top of the right hill, the agent might need to change its action strategy soon to accelerate to the right in order to reach the goal position.","3"
"3.5","MountainCar-v0","next-action","20","Looking at the sequence of steps provided, the agent has been consistently applying action 0 (accelerate to the left) without any deviation. The car's position is gradually moving to the left, and the velocity is decreasing slightly. Given that the agent has not changed its action despite the car moving further away from the goal, it seems that the agent is trying to build up momentum by moving to the left before attempting to reach the goal on the right hill.","3"
"3.5","MountainCar-v0","next-action","20","Looking at the sequence of steps provided, the agent has been consistently applying action 0 (accelerate to the left) as it moves towards the left side of the valley. The position of the car is decreasing while the velocity is also negative, indicating movement towards the left. Given the deterministic nature of the MountainCar-v0 environment and the agent's behavior so far, it is likely that the agent will continue to apply action 0 in the next step.","3"
"3.5","MountainCar-v0","next-action","20","Based on the provided sequence of steps, the agent has been consistently applying action 0 (accelerate to the left) without any deviation. The car's position has been steadily increasing towards the left, and the velocity has been decreasing slightly. Given that the agent has not changed its action strategy despite the car moving away from the goal position, it is likely that the agent will continue to apply action 0 in the next step.","3"
"3.5","MountainCar-v0","next-action","20","Based on the provided sequence of steps, the agent has been consistently applying action 0 (accelerate to the left) as it moves towards the left side of the valley. The car is gradually increasing its position along the x-axis while maintaining a negative velocity. Given the deterministic nature of the MountainCar-v0 environment and the agent's behavior so far, it is likely that the agent will continue to apply action 0 in the next step to keep moving towards the left side of the valley.","3"
"3.5","MountainCar-v0","next-action","20","Based on the provided sequence of steps, the agent has been consistently applying action 0 (accelerate to the left) without any deviation. The car's position is gradually moving towards the left end of the valley, and the velocity is decreasing slightly. Since the agent has not shown any inclination to change its behavior despite the negative rewards, it is likely that the agent will continue to apply action 0 in the next step.","3"
"3.5","MountainCar-v0","next-action","20","Looking at the sequence of actions taken by the agent from steps 28 to 47, we can observe that the agent consistently chose action 0 (accelerate to the left) in all those steps. This indicates that the agent is trying to build up momentum by accelerating to the left in order to overcome the gravitational force and reach the goal position on top of the right hill.","2"
"3.5","MountainCar-v0","next-action","20","The agent has been consistently applying action 0 (accelerate to the left) for the past 20 steps. Given that the car is moving towards the left and the goal is to reach the flag on top of the right hill, it is likely that the agent will continue to apply action 0 to build up momentum to eventually reach the goal position.","2"
"3.5","MountainCar-v0","next-action","30","The agent has been consistently applying the action 0 (accelerate to the left) for the past several steps as the velocity of the car has been negative and increasing in magnitude. The car is moving away from the goal position, and the agent seems to be trying to reverse the direction of the car by continuously accelerating to the left.","3"
"3.5","MountainCar-v0","next-action","30","The agent has been consistently applying a ""do not accelerate"" action (action 0) for the past several steps, even as the car moves further away from the goal position. This behavior indicates that the agent might be trying to build up momentum by allowing the car to move downhill before attempting to reach the goal position.","3"
"3.5","MountainCar-v0","next-action","30","The agent has been consistently applying a ""0"" action (accelerate to the left) for the past several steps, despite the car moving away from the goal position. This behavior indicates that the agent is likely stuck in a local minimum and is trying to build up momentum to overcome the hill. Given that the car is still far from the goal position and the velocity is negative, it is probable that the agent will continue to apply the ""0"" action to build up momentum.","3"
"3.5","MountainCar-v0","next-action","30","The agent has been consistently applying a ""0"" action (accelerate to the left) for the past several steps as the car moves away from the goal position. The car is moving to the left with a decreasing velocity, and the agent seems to be trying to build up momentum in the opposite direction to overcome the gravitational force and reach the goal position.","3"
"3.5","MountainCar-v0","next-action","30","Looking at the sequence of actions taken by the agent, we can observe that the agent consistently applies no acceleration (action 0) for a significant number of steps after reaching a certain position. This behavior indicates that the agent might be trying to stabilize or balance the car's position and velocity after a series of accelerations. Given that the car is moving to the left and the velocity is decreasing, it is likely that the agent will continue with the action of no acceleration to stabilize the car.","3"
"3.5","MountainCar-v0","next-action","30","The agent has been consistently applying the action 0 (accelerate to the left) for the past several steps, even when the car was moving towards the right hill. This behavior indicates that the agent might be stuck in a local minimum or unable to learn the optimal policy to reach the goal state. Given the current state where the car is moving away from the goal position, it is likely that the agent will continue to apply action 0.","3"
"3.5","MountainCar-v0","next-action","30","The agent has been consistently applying an action of 0 (accelerate to the left) for the past several steps, even though the car is moving away from the goal position. This behavior indicates that the agent might be stuck in a local minimum and is unable to reach the goal. Given that the car is moving further away from the goal position, it is likely that the agent will continue to apply the action of 0 to try to build up momentum to overcome the hill.","3"
"3.5","MountainCar-v0","next-action","30","Looking at the sequence of actions taken by the agent in the provided episode, we can observe that the agent consistently applies zero acceleration (action 0) for a significant number of consecutive steps. This behavior indicates that the agent is likely stuck in a local minimum or is unable to generate enough momentum to overcome the gravitational force and reach the goal state. Given that the agent has been consistently applying zero acceleration despite moving away from the goal state, it is probable that the agent will continue with the same action in the next step.","3"
"3.5","MountainCar-v0","next-action","30","The agent has been consistently applying an action of 0 (accelerate to the left) for the past several steps, despite the negative velocity. This indicates that the agent is trying to build up momentum by continuously accelerating to the left. Given that the velocity is decreasing and the position is moving towards the left, it is likely that the agent will continue with the same action to build up enough momentum to overcome the hill.","3"
"3.5","MountainCar-v0","next-action","30","Looking at the sequence of actions taken by the agent, it can be observed that the agent has been consistently applying action 0 (accelerate to the left) for a significant number of steps. This suggests that the agent is trying to build up momentum in the left direction to overcome the hill and reach the goal position on the right hill.","3"
"3.5","MountainCar-v0","next-action","30","Looking at the sequence of actions taken by the agent from step 10 to step 39, we can observe that the agent consistently chose action 0 (accelerate to the left) without changing its strategy. The car is moving to the left and the agent is not taking any action to change this direction.","2"
"3.5","MountainCar-v0","next-action","30","Based on the provided sequence of steps, the agent has been consistently applying an action of 0 (not accelerating) as it moves towards the left side of the valley. The car is gradually losing velocity and moving further away from the goal position. Given this trend, it is likely that the agent will continue with the same action of 0 in the next step to maintain its current behavior.","3"
"3.5","MountainCar-v0","next-action","30","Based on the provided sequence of steps, the agent has been consistently applying an action of 0 (accelerate to the left) without any deviation. The car is moving towards the left side of the valley, and the velocity is decreasing gradually. Given the deterministic nature of the MountainCar-v0 environment and the agent's behavior so far, it is likely that the agent will continue to apply the same action of 0 in the next step.","3"
"3.5","MountainCar-v0","next-action","30","Based on the provided sequence of steps, the agent has been consistently applying an action of 0 (accelerate to the left) in each step. The car's position is gradually moving to the left, and the velocity is decreasing. Since the agent has not changed its action despite the car moving to the left, it seems like the agent is trying to build up momentum by continuously accelerating to the left.","3"
"3.5","MountainCar-v0","next-action","30","Looking at the sequence of actions taken by the agent so far, it is evident that the agent has been consistently applying action 0 (accelerate to the left) without any deviation. The car is moving to the left and the agent has not attempted to change this direction.","3"
"3.5","MountainCar-v0","next-action","30","Looking at the sequence of actions taken by the agent so far, it is evident that the agent has been consistently applying action 0 (accelerate to the left) without any deviation. The car is moving towards the left side of the valley, and the agent has not attempted to change this direction despite the negative rewards received at each time step. Given this pattern, it is likely that the agent will continue to apply action 0 in the next step.","3"
"3.5","MountainCar-v0","next-action","30","The agent has been consistently applying action 0 (accelerate to the left) for the past 45 steps. Given that the car is moving to the left and the goal is on top of the right hill, the agent needs to change its strategy to reach the goal. As the car is moving to the left and the goal is on the right, the agent should consider applying action 2 (accelerate to the right) to overcome the gravitational force and reach the goal position.","2"
"3.5","MountainCar-v0","next-action","30","Based on the provided sequence of steps, the agent has been consistently applying action 0 (accelerate to the left) without any deviation. The car's position is gradually moving to the left, and the velocity is decreasing. Since the agent has not taken any other action so far and the car is still far from the goal position on top of the right hill, it is likely that the agent will continue to apply action 0 in the next step.","3"
"3.5","MountainCar-v0","next-action","30","Looking at the sequence of actions taken by the agent from step 18 to step 47, it is evident that the agent consistently chose action 0 (accelerate to the left) throughout. The car is moving to the left and the agent is not taking any action to change this direction.","2"
"3.5","MountainCar-v0","next-action","30","Looking at the sequence of actions taken by the agent from steps 19 to 48, it is evident that the agent consistently chose action 0 (accelerate to the left) in all those steps. The car is moving towards the left side of the valley, and the agent seems to be trying to build up momentum in that direction.","2"
"3.5","MountainCar-v0","next-action","30","Looking at the sequence of actions taken by the agent from steps 20 to 49, we can observe that the agent consistently chose action 0 (accelerate to the left) in all those steps. This indicates that the agent is trying to build up momentum by accelerating to the left in order to overcome the gravitational force and reach the goal position on top of the right hill.","2"
"3.5","MountainCar-v0","next-action","30","Based on the provided sequence of steps, the agent has been consistently applying action 0 (accelerate to the left) without any deviation. The car is moving towards the left side of the valley, and the velocity is decreasing gradually. Given that the car is approaching the left wall and the velocity is decreasing, it is likely that the agent will continue to apply action 0 to try to reach the right hill by building up momentum.","3"
"3.5","MountainCar-v0","next-action","30","The agent has been consistently applying an action of 0 (accelerate to the left) for the past 50 steps, even when the car was moving towards the right hill. The agent only changed the action to 1 (do not accelerate) once and then to 2 (accelerate to the right) in the last two steps. Given this pattern, it seems that the agent prefers to accelerate to the left unless it is close to the goal position.","2"
"3.5","MountainCar-v0","next-action","30","The agent has been consistently applying an action of 0 (accelerate to the left) for the past 50 steps, even when the car was moving towards the right hill. This indicates that the agent might be stuck in a local minimum and is not exploring other actions. Given that the car is now moving towards the right hill and is close to the goal position, the agent might continue to apply the same action of 0 without exploring other actions.","2"
"3.5","MountainCar-v0","next-action","30","Looking at the sequence of actions taken by the agent, we can observe that the agent consistently applies an action of 0 (accelerate to the left) until step 50, where it takes an action of 1 (do not accelerate). After that, the agent takes actions of 2 (accelerate to the right) in the subsequent steps. Given the position and velocity of the agent at step 53, it seems like the agent is moving towards the right hill. Considering the trend in the agent's actions so far, we can predict the next action based on this pattern.","2"
"3.5","MountainCar-v0","next-action","30","Looking at the sequence of actions taken by the agent, we can observe that the agent consistently applies action 0 (accelerate to the left) until step 50, where it takes action 1 (do not accelerate), followed by actions 2 (accelerate to the right) in the subsequent steps. This pattern suggests that the agent is trying to build up momentum by accelerating to the left before changing direction towards the goal.","2"
"3.5","MountainCar-v0","next-action","30","Looking at the sequence of actions taken by the agent, we can observe that the agent consistently applies action 2 (accelerate to the right) after reaching a certain position and velocity. The agent seems to be trying to build up enough momentum to overcome the hill and reach the goal state. Given that the agent has been consistently accelerating to the right after a certain point, it is likely that the agent will continue this behavior in the next step.","3"
"3.5","MountainCar-v0","next-action","30","Based on the provided sequence of steps, the agent has been consistently accelerating to the right (action 2) after taking a neutral action (action 1) at step 50. The agent seems to be trying to build up enough momentum to reach the goal position on top of the right hill. Given that the agent has been accelerating to the right and the state at step 57 is closer to the goal position compared to the previous steps, it is likely that the agent will continue to accelerate to the right.","2"
"3.5","MountainCar-v0","next-action","30","The agent has been consistently accelerating to the right (action 2) in the recent steps, starting from step 50. The velocity of the car has been increasing in the positive direction, and the position of the car has been moving towards the right hill. Given the deterministic nature of the MountainCar-v0 environment and the agent's behavior so far, it is likely that the agent will continue to accelerate to the right to reach the goal position on top of the right hill.","2"
"3.5","MountainCar-v0","next-action","30","Based on the provided sequence of steps, the agent has been consistently accelerating to the right (action 2) after reaching a certain position and velocity. The agent seems to have learned that accelerating to the right is the optimal action to reach the goal state on top of the right hill. The agent has been accelerating to the right even when the velocity is positive, indicating that it is trying to build momentum to overcome the hill.","3"
"3.5","MountainCar-v0","next-state","5","The car is accelerating to the right consistently (action 2) in the historical data. Given the transition dynamics, the velocity will increase due to the positive acceleration. The position will also increase as the car moves to the right hill. The velocity will increase faster than the position due to the cosine term in the velocity update equation.","4"
"3.5","MountainCar-v0","next-state","5","The car is accelerating to the right consistently (action 2) in the historical data. Given the transition dynamics and the fact that the car is moving towards the goal position on the right hill, the velocity should continue to increase, and the position should also increase until the car reaches the goal position.","4"
"3.5","MountainCar-v0","next-state","5","The car is currently moving to the right (positive velocity) and is positioned to the left of the goal. The agent has been consistently applying action 2 (accelerate to the right) in the previous steps, resulting in an increase in velocity. Given the deterministic dynamics of the MountainCar environment, the acceleration will continue to push the car to the right, likely leading to an increase in both position and velocity.","4"
"3.5","MountainCar-v0","next-state","5","The car is currently moving to the right (positive velocity) and accelerating to the right (action 2). The velocity will continue to increase due to the acceleration, and the position will also increase as the car moves to the right. However, the rate of increase might slow down due to the cosine term in the transition dynamics.","4"
"3.5","MountainCar-v0","next-state","5","The car is currently accelerating to the right (action 2) and the velocity is increasing. Given the transition dynamics, the velocity will continue to increase as long as the car accelerates to the right. The position is also increasing, which is expected as the car moves to the right hill.","4"
"3.5","MountainCar-v0","next-state","5","The car is currently moving to the right (positive velocity) with a slight increase in position. The action taken at step 9 was to not accelerate (action 1). Given the dynamics of the MountainCar environment, when the car is not accelerating and has a positive velocity, it will continue to move to the right but slow down due to the force of gravity acting against its motion. Therefore, we can expect the velocity to decrease, and the position to increase slightly or remain unchanged.","2"
"3.5","MountainCar-v0","next-state","5","The car is currently moving to the right (positive velocity) with a slight increase in position. The agent decided not to accelerate at step 9 and step 10, which resulted in a slight decrease in velocity. Given the dynamics of the MountainCar environment, the velocity will likely decrease further due to the negative acceleration from gravity. The position might slightly increase due to the momentum of the car.","2"
"3.5","MountainCar-v0","next-state","5","The car is currently positioned at [-0.4516, 0.0056] with a positive velocity. The car has been consistently accelerating to the right (action 1) in the recent steps, which has resulted in an increase in velocity. Given the dynamics of the MountainCar environment, the car is likely to continue moving to the right in the next step, resulting in a further increase in position and velocity.","4"
"3.5","MountainCar-v0","next-state","5","The car's position is currently at -0.4466, and the velocity is 0.0051. The action taken was to accelerate to the left (action 0). Given the transition dynamics and the fact that the car is moving to the left, we can expect the car to slow down and potentially move further to the left due to the negative velocity and the acceleration in the opposite direction.","2"
"3.5","MountainCar-v0","next-state","5","The car is currently moving to the left (velocity is positive) with a decreasing velocity magnitude. The action taken at step 13 was to accelerate to the left (action 0), which would further decrease the velocity. Given the dynamics of the MountainCar environment, the car is likely to continue moving to the left with a decreasing velocity.","2"
"3.5","MountainCar-v0","next-state","5","The car is currently moving to the left (negative velocity) with a decreasing velocity magnitude. The action taken at step 14 was to accelerate to the left (action 0), which would further decrease the velocity. Given the dynamics of the MountainCar environment, the car is likely to continue moving to the left with a decreasing velocity.","2"
"3.5","MountainCar-v0","next-state","5","The car is currently moving to the right with a very small positive velocity. Given that the car is close to the right wall and the velocity is small, the car is likely to continue moving to the right. The action taken at step 15 was to not accelerate (action 0), which means the car will continue with its current velocity.","2"
"3.5","MountainCar-v0","next-state","5","The car is currently moving to the left (negative velocity) with a decreasing velocity. Given that the car is accelerating to the left (action 0) and the velocity is negative, the car is expected to continue moving to the left. The position is also decreasing slightly, which aligns with the car moving to the left. The force applied is not strong enough to overcome the gravitational pull, so the car is likely to continue moving to the left.","4"
"3.5","MountainCar-v0","next-state","5","The car is currently moving to the left (negative velocity) with a decreasing velocity magnitude. The action taken is to accelerate to the left (action 0). Given the transition dynamics and the pattern observed in the historical data, the velocity is likely to decrease further, and the car might move slightly to the left due to the acceleration. However, the position might not change significantly as the car is already close to the left wall.","4"
"3.5","MountainCar-v0","next-state","5","The car is currently moving to the left (negative velocity) and the position is decreasing. The action taken is to accelerate to the left (action 0). Given the transition dynamics, the velocity will decrease further due to the negative acceleration. The position will also decrease as the car moves to the left. The velocity will be affected more than the position due to the acceleration term in the velocity update equation.","4"
"3.5","MountainCar-v0","next-state","5","The car in the MountainCar environment moves based on the action taken and the transition dynamics provided. Given the historical data up to step 19, we can observe that the car's position is gradually decreasing while the velocity is becoming more negative. The action taken at each step is to accelerate to the left (action 0), resulting in a decrease in velocity. Considering the dynamics of the environment, the position and velocity are likely to continue decreasing in the next step.","4"
"3.5","MountainCar-v0","next-state","5","The car is currently moving to the left (negative velocity) and the position is decreasing. The action taken is to accelerate to the left (action 0). Given the transition dynamics, the velocity will decrease further due to the acceleration to the left. The position will also continue to decrease as the car moves to the left.","4"
"3.5","MountainCar-v0","next-state","5","The car is currently moving to the left (negative velocity) and the position is decreasing. The action taken is to accelerate to the left (action 0). Given the transition dynamics, the velocity will decrease further due to the negative acceleration. The position will continue to decrease as well. The velocity will eventually reach 0, and the car will start moving to the right.","4"
"3.5","MountainCar-v0","next-state","5","The car is currently moving to the left (velocity is negative) and the position is decreasing. The action taken is to accelerate to the left (action 0). Given the transition dynamics and the fact that the car is moving to the left, the velocity is likely to decrease further. The position will continue to decrease until the car reaches the left wall where the velocity will reset to 0.","4"
"3.5","MountainCar-v0","next-state","5","The car is currently at position -0.4944 with a negative velocity, and the agent has been consistently applying action 0 (accelerate to the left) resulting in a decrease in position. Given the deterministic dynamics of the MountainCar environment, the car should continue to move to the left due to the negative velocity and the applied action.","4"
"3.5","MountainCar-v0","next-state","5","The car is currently at position -0.5073 with a velocity of -0.0129. Given that the car is moving to the left (action 0) and the velocity is decreasing, it is likely that the car will continue to move to the left and the velocity will decrease further. The position will decrease due to the negative velocity, and the velocity will decrease due to the negative acceleration from the action and the gravity term in the transition dynamics.","2"
"3.5","MountainCar-v0","next-state","5","The car is currently moving to the left (negative velocity) and the position is decreasing. The action taken is to accelerate to the left (action 0). Given the transition dynamics, the velocity will decrease further due to the negative acceleration. The position will also decrease as the car moves to the left. The velocity will eventually reach 0, and the car will start moving to the right due to the negative acceleration and the shape of the valley.","4"
"3.5","MountainCar-v0","next-state","5","The car is currently at position -0.5365 with a negative velocity of -0.0151. The agent has been consistently applying action 0 (accelerate to the left) and receiving a reward of -1 at each step. Given the transition dynamics and the fact that the car is moving to the left, the velocity is likely to decrease further, and the position will decrease as well. However, the velocity might not decrease significantly due to the small acceleration force applied by the agent.","4"
"3.5","MountainCar-v0","next-state","5","The car is currently moving to the left (negative velocity) and the position is decreasing. The action taken is to accelerate to the left (action 0). Given the transition dynamics, the velocity will decrease due to the negative acceleration, and the position will continue to decrease. The velocity will be affected more than the position due to the acceleration term in the velocity update equation.","4"
"3.5","MountainCar-v0","next-state","5","The car in the MountainCar environment is subject to the transition dynamics where the velocity is updated based on the action taken, and the position is updated based on the new velocity. Given that the car is currently moving to the left (action 0) and the position is decreasing while the velocity is negative, the car is likely to continue moving to the left until it reaches the left wall where the velocity will reset to 0. Therefore, the position is expected to decrease further, and the velocity might increase in magnitude (become less negative) due to the acceleration from the action.","4"
"3.5","MountainCar-v0","next-state","5","The car is currently moving to the left (velocity is negative) and the position is decreasing. The action taken is to accelerate to the left (action 0). Given the transition dynamics and the fact that the car is still moving to the left, the velocity is likely to decrease further. The position will continue to decrease as well, but the rate of decrease might slow down as the car approaches the left wall.","4"
"3.5","MountainCar-v0","next-state","5","The car is currently at position -0.6045 with a velocity of -0.0179. The agent has been consistently applying action 0 (accelerate to the left) and receiving a reward of -1 at each step. Given the transition dynamics and the fact that the car is moving to the left, we can expect the car to continue moving to the left, potentially slowing down due to the negative velocity.","4"
"3.5","MountainCar-v0","next-state","5","The car in the MountainCar environment moves based on the applied action, velocity, position, force, and gravity. Given that the car is currently moving to the left (action 0) and the velocity is negative, the car is likely to continue moving to the left. The position will decrease until the car reaches the left wall where the velocity will reset to 0.","4"
"3.5","MountainCar-v0","next-state","5","The car is currently moving to the left (velocity is negative) and the position is decreasing. The agent has been consistently applying action 0 (accelerate to the left) and receiving a reward of -1 at each step. Given the transition dynamics and the fact that the car is at the leftmost part of the valley, it is likely that the car will continue to move to the left until it reaches the right hill. Therefore, the position is expected to decrease further, and the velocity might also decrease slightly due to the acceleration applied.","4"
"3.5","MountainCar-v0","next-state","5","The car is currently moving to the left (velocity is negative) and the position is decreasing. The action taken is to accelerate to the left (action 0), which will further decrease the velocity. Given the transition dynamics, the velocity will decrease due to the negative acceleration. The position will also decrease due to the negative velocity and the effect of gravity. Therefore, we can expect the car to move further to the left.","4"
"3.5","MountainCar-v0","next-state","10","The car is currently moving to the right with a positive velocity. The action taken at step 9 was to not accelerate (action 1), which means the car will continue moving to the right but with a decreasing velocity due to the effect of gravity. The position will continue to increase, but the velocity will decrease.","2"
"3.5","MountainCar-v0","next-state","10","The car is currently moving to the right with a positive velocity. The action taken at step 10 was to not accelerate (action 1), which means the car will continue moving to the right but with a decreasing velocity due to the effect of gravity. The position will likely increase slightly due to the inertia of the car.","2"
"3.5","MountainCar-v0","next-state","10","The car is currently moving to the left (negative velocity) with a decreasing velocity magnitude. The agent has chosen not to accelerate (action 1) for the last three steps, resulting in a slight decrease in velocity. Given the dynamics of the MountainCar environment, the velocity will likely continue to decrease slightly, and the position will change accordingly.","2"
"3.5","MountainCar-v0","next-state","10","The car is currently moving to the left (velocity is positive) with a decreasing position. The action taken at step 12 was to accelerate to the left (action 0). Given the dynamics of the MountainCar environment, the car will likely continue to move to the left, but the velocity will decrease due to the acceleration in the opposite direction. The position might decrease further, but the velocity will likely become negative.","2"
"3.5","MountainCar-v0","next-state","10","The car is currently moving to the left (velocity is positive) with a decreasing velocity magnitude. The agent applied a leftward acceleration at step 12, which resulted in a decrease in velocity. Given the dynamics of the MountainCar environment, the acceleration will likely continue to decrease the velocity, causing the car to move further to the left.","2"
"3.5","MountainCar-v0","next-state","10","The car is currently moving to the left (velocity is positive) with a decreasing velocity. The agent applied a left acceleration action at step 12, which caused the velocity to decrease further. Given the dynamics of the MountainCar environment, the velocity will likely continue to decrease, and the position will slightly decrease as well due to the velocity being positive.","2"
"3.5","MountainCar-v0","next-state","10","Based on the transition dynamics of the MountainCar environment, when the car is moving to the left (action 0), the velocity decreases due to the negative acceleration caused by the force applied in the opposite direction. Given that the velocity at step 15 is very close to 0, the next state is likely to have a slightly lower velocity or remain almost the same. The position of the car is also expected to decrease slightly as the car continues to move to the left.","2"
"3.5","MountainCar-v0","next-state","10","The car is currently moving to the left (negative velocity) with a decreasing velocity magnitude. The action taken at step 16 was to accelerate to the left (action 0). Given the dynamics of the MountainCar environment, the velocity will likely continue to decrease, and the car will move further to the left. The position might slightly increase due to the velocity becoming more negative.","2"
"3.5","MountainCar-v0","next-state","10","The car is currently moving to the left (negative velocity) with a decreasing velocity magnitude. Given the action taken at step 17 (accelerate to the left) and the transition dynamics of the MountainCar environment, the velocity is expected to decrease further. The position is also expected to decrease slightly due to the velocity change.","2"
"3.5","MountainCar-v0","next-state","10","The car is currently moving to the left (negative velocity) and has been consistently decelerating due to the negative acceleration applied by the agent. The position of the car has been decreasing gradually. Given the dynamics of the MountainCar environment, the car is likely to continue moving to the left and decelerating unless a significant positive force is applied.","4"
"3.5","MountainCar-v0","next-state","10","The car is currently moving to the left (negative velocity) with a decreasing position. Given the action taken at step 19 was to accelerate to the left (action 0), the car is expected to continue moving to the left. The velocity will likely decrease due to the acceleration in the opposite direction of the current velocity. The position will continue to decrease as well, but the velocity might not be enough to reach the wall on the left side due to the force applied.","2"
"3.5","MountainCar-v0","next-state","10","The car is currently moving to the left (negative velocity) and has been consistently decelerating due to the negative acceleration applied. The position of the car has been increasing slightly, but the velocity has been decreasing. Given the dynamics of the MountainCar environment, the car is likely to continue moving to the left but with a decreasing velocity.","4"
"3.5","MountainCar-v0","next-state","10","The car is currently moving to the left (negative velocity) and has been consistently accelerating in that direction due to the agent taking action 0 (accelerate left) in the previous steps. The velocity is increasing in the negative direction, and the position is decreasing. Given the dynamics of the MountainCar environment, the car is likely to continue moving to the left in the next step.","4"
"3.5","MountainCar-v0","next-state","10","The car is currently moving to the left (negative velocity) and has been accelerating to the left consistently. Given the transition dynamics and the fact that the car is moving to the left, the velocity will likely decrease further. The position will also decrease as the car continues to move to the left.","4"
"3.5","MountainCar-v0","next-state","10","The car is consistently accelerating to the left (action 0) in the provided historical data. Given the transition dynamics of the MountainCar environment, when the car accelerates to the left, the velocity decreases due to the negative acceleration term in the velocity update equation. The position also decreases as the car moves to the left. Therefore, based on the historical data, we can expect the velocity to decrease further, and the position to decrease as well in the next state.","4"
"3.5","MountainCar-v0","next-state","10","The car is currently moving to the left (negative velocity) and the agent is consistently applying an action to accelerate to the left. Given the transition dynamics and the fact that the car is moving to the left, the velocity is expected to decrease further. The position is also expected to decrease as the car moves to the left.","4"
"3.5","MountainCar-v0","next-state","10","The car is currently moving to the left (negative velocity) and the agent is consistently applying an action to accelerate to the left. Given the transition dynamics of the MountainCar environment, the car's velocity will continue to decrease due to the negative acceleration applied. The position will also continue to decrease as the car moves further to the left.","4"
"3.5","MountainCar-v0","next-state","10","The car in the MountainCar environment moves based on the action taken and the transition dynamics provided. Given that the car is currently moving to the left (action 0) and the velocity is negative, the car is expected to continue moving to the left until it reaches the left wall where its velocity will reset to 0. The position will decrease until the car hits the wall, and the velocity will change direction.","4"
"3.5","MountainCar-v0","next-state","10","The car is currently moving to the left (action 0) with a decreasing velocity. The position is also decreasing, indicating that the car is moving towards the left wall. Given the dynamics of the MountainCar environment, the car will likely continue to move to the left until it reaches the left wall where its velocity will reset to 0.","4"
"3.5","MountainCar-v0","next-state","10","The car is currently moving to the left (action 0) and the velocity is decreasing. The position is also decreasing, indicating that the car is moving towards the left wall. Given the dynamics of the MountainCar environment, the car will likely continue to move to the left until it reaches the left wall where its velocity will reset to 0.","4"
"3.5","MountainCar-v0","next-state","10","The car is currently moving to the left (velocity is negative) and the position is decreasing. The agent has been consistently applying an action to accelerate to the left, resulting in a decrease in position and velocity. Given the dynamics of the MountainCar environment, the acceleration to the left will likely continue to decrease the position and velocity of the car.","4"
"3.5","MountainCar-v0","next-state","10","The car is currently moving to the left (velocity is negative) and the agent is consistently applying an action to accelerate to the left. Given the transition dynamics and the fact that the car is moving against gravity, the velocity will likely decrease, and the position will decrease as well. However, the velocity might not decrease significantly due to the acceleration action applied.","4"
"3.5","MountainCar-v0","next-state","10","The car is currently moving to the left (velocity is negative) and the agent is consistently applying an action to accelerate to the left. Given the transition dynamics and the fact that the car is moving to the left, the velocity will likely decrease further. The position will also decrease as the car moves to the left.","4"
"3.5","MountainCar-v0","next-state","10","The car is currently moving to the left (action 0) with a decreasing velocity. The position is also decreasing, indicating that the car is moving towards the left wall. Given the dynamics of the MountainCar environment, the car will likely continue to move to the left until it reaches the left wall where its velocity will reset to 0.","4"
"3.5","MountainCar-v0","next-state","10","The car is currently moving to the left (negative velocity) and the agent has been consistently applying an action to accelerate to the left. Given the transition dynamics and the fact that the car is moving to the left, the velocity will likely continue to decrease. The position will also continue to decrease as the car moves further to the left.","4"
"3.5","MountainCar-v0","next-state","10","The car is currently moving to the left with a negative velocity. Given the action taken is to accelerate to the left (action 0), the car will likely continue moving to the left. The velocity will increase in the negative direction, and the position will decrease.","4"
"3.5","MountainCar-v0","next-state","10","The car is currently moving to the left with a negative velocity. Given that the car is accelerating to the left consistently (action 0), the velocity is likely to decrease further. The position is also decreasing, as the car is moving to the left. The acceleration is not strong enough to overcome the force of gravity, so the car is expected to continue moving to the left.","4"
"3.5","MountainCar-v0","next-state","10","The car is currently moving to the left (velocity is negative) and has been consistently accelerating to the left (action 0) with a reward of -1 at each step. Given the transition dynamics and the fact that the car is in a valley, the car is likely to continue moving to the left until it reaches the left wall where its velocity will reset to 0. The position is decreasing, and the velocity is becoming more negative, so we can expect this trend to continue.","4"
"3.5","MountainCar-v0","next-state","10","The car is currently moving to the left with a negative velocity. The action taken is to accelerate to the left (action 0), which will further decrease the velocity. The position will also decrease due to the negative velocity. Based on the transition dynamics and the historical data, the car is likely to continue moving to the left.","4"
"3.5","MountainCar-v0","next-state","10","The car is currently moving to the left (negative velocity) and has been consistently accelerating to the left (action 0) for the past several steps. Given the transition dynamics and the fact that the car is in a valley, the velocity will likely continue to decrease, and the position will continue to decrease as well until the car reaches the left wall where the velocity will reset to 0.","4"
"3.5","MountainCar-v0","next-state","20","The car is currently moving to the left (negative velocity) with a decreasing velocity magnitude. Given the action taken at step 19 (accelerate to the left), the car is expected to continue moving to the left, possibly with a decreasing velocity.","2"
"3.5","MountainCar-v0","next-state","20","The car is currently moving to the left (negative velocity) with a decreasing velocity magnitude. Given the action taken at step 20 (accelerate to the left) and the negative reward received, the car is likely to continue moving to the left. The velocity will likely decrease further due to the acceleration in the left direction.","2"
"3.5","MountainCar-v0","next-state","20","The car is currently moving to the left (negative velocity) with a decreasing velocity magnitude. Given the dynamics of the MountainCar environment, when the car is moving to the left and no acceleration is applied (action 0), the velocity will continue to decrease. The position will change based on the updated velocity.","4"
"3.5","MountainCar-v0","next-state","20","The car is currently moving to the left (negative velocity) with a decreasing velocity magnitude. Given the action taken is to not accelerate (action 0), the car will continue to move to the left with a decreasing velocity. The position of the car will decrease as well due to the negative velocity.","4"
"3.5","MountainCar-v0","next-state","20","The car is currently moving to the left (negative velocity) and has been consistently accelerating to the left (action 0) for the past few steps. Given the dynamics of the MountainCar environment, the car is likely to continue moving to the left in the next step. The velocity is decreasing, and the position is likely to decrease as well.","4"
"3.5","MountainCar-v0","next-state","20","The car is currently moving to the left with a negative velocity. Given the dynamics of the MountainCar environment, the car will likely continue to move to the left due to inertia and the absence of any acceleration. The velocity will decrease due to friction and gravity, and the position will decrease as the car moves further to the left.","4"
"3.5","MountainCar-v0","next-state","20","The car is currently moving to the left with a negative velocity. Given the dynamics of the MountainCar environment, the car will likely continue to move to the left due to inertia and the lack of acceleration. The velocity will decrease due to friction and gravity, and the position will decrease as the car moves further to the left.","4"
"3.5","MountainCar-v0","next-state","20","The car is currently moving to the left (negative velocity) with a decreasing velocity magnitude. Given the dynamics of the MountainCar environment, the car will likely continue to move to the left with a decreasing velocity until it reaches the left wall where its velocity will reset to 0.","4"
"3.5","MountainCar-v0","next-state","20","The car is currently moving to the left (negative velocity) with a decreasing velocity magnitude. The action taken is to not accelerate (action 0). Given the transition dynamics, the velocity will decrease further due to the negative acceleration from the action. The position will also decrease due to the velocity being negative.","4"
"3.5","MountainCar-v0","next-state","20","The car is currently moving to the left (negative velocity) and has been consistently decelerating (decreasing velocity) due to the applied action of not accelerating (action 0). The negative velocity will likely continue to decrease, possibly reaching zero, and the position will change accordingly based on the velocity dynamics.","4"
"3.5","MountainCar-v0","next-state","20","The car is currently moving to the left with a negative velocity. Given the dynamics of the MountainCar environment, the car's velocity will likely decrease further due to the negative acceleration from the action taken. The position will also likely decrease slightly due to the velocity decrease, but the decrease might be minimal as the car is already moving to the left.","4"
"3.5","MountainCar-v0","next-state","20","The car is currently moving to the left with a negative velocity. Given the dynamics of the MountainCar environment, the car's velocity will likely decrease due to the negative acceleration caused by the action of not accelerating (action 0). The position will also likely decrease as the car moves further to the left.","4"
"3.5","MountainCar-v0","next-state","20","The car is currently moving to the left with a negative velocity. Given the dynamics of the MountainCar environment, the car's velocity will likely decrease further due to the negative acceleration from the action of accelerating to the left. The position will also likely decrease as the car continues to move to the left.","4"
"3.5","MountainCar-v0","next-state","20","The car is currently moving to the left with a negative velocity. Given the dynamics of the MountainCar environment, the car's velocity will likely decrease due to the negative acceleration from the action taken. The position will also likely decrease as the car continues to move to the left.","4"
"3.5","MountainCar-v0","next-state","20","The car is currently moving to the left with a negative velocity. Given the dynamics of the MountainCar environment, the car will likely continue to move to the left due to the current negative velocity. The acceleration is 0, so the velocity will decrease due to the effect of gravity. The position will decrease as the car moves to the left.","4"
"3.5","MountainCar-v0","next-state","20","The car is currently moving to the left with a decreasing velocity. Given that the car is already moving to the left and the agent has been consistently applying an action to accelerate to the left, it is likely that the car will continue moving to the left in the next step. However, the velocity is decreasing, so the car might slow down or even come to a stop before changing direction.","4"
"3.5","MountainCar-v0","next-state","20","The car is currently moving to the right with a decreasing velocity. Given that the car is at the bottom of a valley and the only available action is to accelerate to the left, the car is likely to continue moving to the right but with a reduced velocity due to the acceleration to the left. The position might slightly decrease due to the acceleration, but the velocity will likely decrease more significantly.","4"
"3.5","MountainCar-v0","next-state","20","The car is currently moving to the left with a negative velocity. Given the dynamics of the MountainCar environment, the car's velocity will likely decrease due to the negative acceleration from the action of accelerating to the left. The position will also likely decrease as the car moves further to the left.","4"
"3.5","MountainCar-v0","next-state","20","The car is currently moving to the left with a negative velocity. Given the dynamics of the MountainCar environment, the car's velocity will likely decrease due to the negative acceleration from the action of accelerating to the left. The position will also decrease as the car moves further to the left.","4"
"3.5","MountainCar-v0","next-state","20","The car is currently moving to the left with a decreasing velocity. Given that the car is accelerating to the left (action 0) and the velocity is decreasing, the car is likely to continue moving to the left and decelerating. The position is also decreasing, indicating movement to the left. Based on the dynamics of the MountainCar environment, the car is likely to continue moving to the left until it reaches the left wall where its velocity will reset to 0.","4"
"3.5","MountainCar-v0","next-state","20","The car is currently moving to the left with a decreasing velocity. The action taken is to accelerate to the left, which will further decrease the velocity. The position is also decreasing, and the car is moving away from the goal position. Given the dynamics of the MountainCar environment, the velocity will decrease due to the acceleration to the left, and the position will continue to decrease as well.","4"
"3.5","MountainCar-v0","next-state","20","The car is currently moving to the left with a negative velocity. Given that the car is accelerating to the left (action 0) consistently and the velocity is negative, the car is likely to continue moving to the left. The position is also decreasing, which aligns with the car moving to the left. Therefore, the next state is expected to have the car positioned further to the left with a slightly increased negative velocity.","4"
"3.5","MountainCar-v0","next-state","20","The car is currently at a position close to the right hill and has been consistently accelerating to the left (action 0) with a reward of -1 at each step. Given the transition dynamics and the fact that the car is close to the goal position, the velocity should decrease to allow the car to reach the goal by utilizing the negative acceleration from the cos(3 * position) term in the velocity update equation.","4"
"3.5","MountainCar-v0","next-state","20","The car is currently at position -0.815 with a velocity of -0.0147. The car has been consistently accelerating to the left (action 0) with a reward of -1 at each step. Given the transition dynamics and the fact that the car is moving to the left, we can expect the car to continue moving to the left, possibly at a slightly decreasing rate due to the effect of gravity.","4"
"3.5","MountainCar-v0","next-state","20","The car is currently moving to the left with a decreasing velocity. Given the action taken at step 43 was to accelerate to the left (action 0), and the reward was -1, the car will continue to move to the left. The velocity will decrease due to the acceleration in the opposite direction of the car's current velocity. The position will also decrease as the car moves further to the left.","2"
"3.5","MountainCar-v0","next-state","20","The car is currently positioned at -0.8415 along the x-axis and has a velocity of -0.0128. Given the deterministic dynamics of the MountainCar environment, the car's velocity will likely decrease due to the negative acceleration caused by the force of gravity. The position will also decrease as the car moves towards the left hill. The car's velocity will decrease more rapidly as it approaches the left wall due to the cosine term in the velocity update equation.","2"
"3.5","MountainCar-v0","next-state","20","The car is currently at position -0.8532 with a negative velocity of -0.0117. Given the deterministic dynamics of the MountainCar environment, the car's velocity will likely increase in the positive direction due to the negative acceleration from gravity and the absence of acceleration actions. The position will also likely increase towards the right hill due to the positive velocity.","2"
"3.5","MountainCar-v0","next-state","20","The car is currently moving to the left (velocity is negative) and has been consistently accelerating to the left (action [0]) without reaching the goal. The velocity is decreasing in magnitude, and the position is increasing towards the left wall. Given the dynamics of the MountainCar environment, the velocity will continue to decrease, and the position will continue to increase until the car reaches the left wall.","4"
"3.5","MountainCar-v0","next-state","20","The car is currently moving to the left with a negative velocity. The action taken at step 47 was to accelerate to the left (action 0). Given the transition dynamics of the MountainCar environment, the car will likely continue to move to the left, but the velocity will decrease due to the negative acceleration applied by the action.","2"
"3.5","MountainCar-v0","next-state","20","The car is currently moving to the left with a negative velocity. Given that the car is at the leftmost extreme position and the action taken is to accelerate to the left, the car will likely continue moving to the left until it reaches the wall. The velocity will decrease due to the acceleration in the opposite direction of the current velocity.","4"
"3.5","MountainCar-v0","next-state","30","The car is currently moving to the left (negative velocity) and has been consistently decelerating. Given the dynamics of the MountainCar environment, the car is likely to continue decelerating until it reaches a point where it starts accelerating in the opposite direction. Therefore, we can expect the car to continue moving to the left but at a decreasing rate.","4"
"3.5","MountainCar-v0","next-state","30","The car is currently moving to the left (negative velocity) and has been consistently accelerating to the left (action 0) for the past few steps. Given the dynamics of the MountainCar environment, the car is likely to continue moving to the left in the next step.","4"
"3.5","MountainCar-v0","next-state","30","The car is currently moving to the left (negative velocity) and has been accelerating to the left for several steps. The velocity is decreasing in magnitude, and the car is moving away from the goal position. Given the dynamics of the MountainCar environment, the car is likely to continue moving to the left, but the velocity might decrease at a slower rate due to the acceleration being zero.","4"
"3.5","MountainCar-v0","next-state","30","The car is currently moving to the left with a negative velocity. Given the dynamics of the MountainCar environment, the car's velocity will likely decrease further due to the negative acceleration from the action taken. The position will also likely decrease as the car continues to move to the left.","4"
"3.5","MountainCar-v0","next-state","30","The car is currently moving to the left (negative velocity) and has been consistently accelerating to the left (action 0) for the past few steps. Given the dynamics of the MountainCar environment, the car is likely to continue moving to the left in the next step.","4"
"3.5","MountainCar-v0","next-state","30","The car is currently moving to the left with a decreasing velocity. Given the dynamics of the MountainCar environment, the car's velocity will continue to decrease due to the negative acceleration from gravity. The position of the car will also continue to decrease as the car moves further to the left.","4"
"3.5","MountainCar-v0","next-state","30","The car is currently moving to the left with a negative velocity. Given the dynamics of the MountainCar environment, the car's velocity will likely decrease due to the negative acceleration from the action taken. The position will also likely decrease as the car moves further to the left.","4"
"3.5","MountainCar-v0","next-state","30","The car is currently moving to the left with a negative velocity. Given the dynamics of the MountainCar environment, when the car is moving to the left and no acceleration is applied, the velocity will decrease due to the force of gravity acting in the positive x-direction. The position will also decrease as the car moves towards the left wall. Therefore, we can expect the velocity to decrease and the position to decrease as well.","4"
"3.5","MountainCar-v0","next-state","30","The car is currently moving to the left with a decreasing velocity. Given the dynamics of the MountainCar environment, when the car is moving to the left and no acceleration is applied (action 0), the velocity will continue to decrease. The position will also continue to decrease until the car reaches the left wall where the velocity will reset to 0.","4"
"3.5","MountainCar-v0","next-state","30","The car is currently moving to the left with a decreasing velocity. Given the dynamics of the MountainCar environment, when the car is moving to the left, the velocity decreases due to the negative acceleration caused by the force and gravity. Since the car is already moving to the left and the action taken is to not accelerate (action 0), the car will likely continue moving to the left with a decreasing velocity.","4"
"3.5","MountainCar-v0","next-state","30","The car is currently moving to the left with a negative velocity. Given the dynamics of the MountainCar environment, the car's velocity will likely decrease further due to the negative acceleration from the action taken. The position will also likely decrease as the car continues to move to the left.","4"
"3.5","MountainCar-v0","next-state","30","The car is moving to the left with a negative velocity. The action taken at step 40 was to not accelerate (action 0), resulting in a decrease in velocity. The position is also decreasing, indicating that the car is moving to the left. Given the dynamics of the MountainCar environment, the velocity will continue to decrease due to the negative acceleration from gravity and the absence of any acceleration action.","2"
"3.5","MountainCar-v0","next-state","30","The car is currently moving to the left with a negative velocity. Given the dynamics of the MountainCar environment, when the car is moving to the left and no action is taken (action 0), the car tends to continue moving to the left due to the negative velocity. Additionally, the position of the car is decreasing, which indicates that the car is moving towards the left wall. Therefore, we can expect the car to continue moving to the left in the next step.","4"
"3.5","MountainCar-v0","next-state","30","The car has been consistently accelerating to the left (action 0) with a decreasing velocity. The position has been decreasing as well, indicating that the car is moving towards the left wall. Given the dynamics of the MountainCar environment, the velocity will continue to decrease, and the position will continue to decrease until the car reaches the left wall.","4"
"3.5","MountainCar-v0","next-state","30","The car has been consistently accelerating to the left (action 0) with a decreasing velocity. Given the transition dynamics and the fact that the car is already moving to the left with a negative velocity, it is likely that the car will continue to move to the left but with a decreasing velocity.","4"
"3.5","MountainCar-v0","next-state","30","The car is currently moving to the left with a decreasing velocity. The action taken is to accelerate to the left, which will further decrease the velocity. The position is also decreasing, and the acceleration to the left will continue this trend. Given the dynamics of the MountainCar environment, the car is likely to continue moving to the left with a decreasing velocity.","4"
"3.5","MountainCar-v0","next-state","30","The car is currently moving to the left with a decreasing velocity. Given that the car is already at a low velocity and the action taken is to decelerate further by accelerating to the left, it is likely that the car will continue moving to the left with a decreasing velocity. The position of the car will also likely decrease slightly due to the deceleration.","4"
"3.5","MountainCar-v0","next-state","30","The car is currently moving to the left (negative velocity) and has been consistently accelerating to the left (action 0) without reaching the goal. The velocity is decreasing, and the position is increasing, indicating that the car is moving away from the goal. Given the dynamics of the MountainCar environment, the car is likely to continue moving to the left until it gains enough momentum to reach the goal. Therefore, the velocity should continue to decrease, and the position should continue to increase.","4"
"3.5","MountainCar-v0","next-state","30","The car is currently moving to the left with a negative velocity. The action taken is to accelerate to the left (action 0), which will further decrease the velocity. The position is also decreasing, indicating movement to the left. Given the dynamics of the MountainCar environment, the velocity will decrease due to the acceleration to the left, and the position will continue to decrease as well.","4"
"3.5","MountainCar-v0","next-state","30","The car is currently moving to the left (negative velocity) and has been consistently accelerating in that direction due to the continuous application of the action to accelerate to the left. Given the dynamics of the MountainCar environment, the velocity will continue to decrease, and the position will continue to decrease as well. The velocity will decrease faster than the position due to the effect of gravity and the applied force.","4"
"3.5","MountainCar-v0","next-state","30","The car is currently moving to the left with a negative velocity. Given the dynamics of the MountainCar environment, the car's velocity will likely decrease due to the negative acceleration caused by the force of gravity. The position of the car will also decrease as the car continues to move to the left.","4"
"3.5","MountainCar-v0","next-state","30","The car is currently at position -0.8948 with a negative velocity of -0.0059. The car has been consistently accelerating to the left (action 0) for the past 50 steps, resulting in a decrease in position and velocity. Given the dynamics of the MountainCar environment, the car is likely to continue moving to the left due to the negative velocity and the absence of acceleration in the opposite direction.","2"
"3.5","MountainCar-v0","next-state","30","The car is currently at position -0.8985 with a negative velocity of -0.0037. The action taken at step 51 was to accelerate to the right (action 2). Given the transition dynamics of the MountainCar environment, accelerating to the right will likely increase the velocity of the car. Additionally, the position will also increase due to the positive velocity. The force applied by the action will contribute to the increase in velocity.","2"
"3.5","MountainCar-v0","next-state","30","The car is currently moving to the right (positive velocity) with a very small velocity. The action taken at step 52 was to accelerate to the right. Given the transition dynamics and the fact that the car is close to the goal position, it is likely that the car will continue moving to the right, possibly at a slightly increased speed.","2"
"3.5","MountainCar-v0","next-state","30","The car is currently moving to the right (positive velocity) with a decreasing velocity magnitude. Given the action taken at step 53 (accelerate to the right), the car is expected to continue moving to the right with an increased velocity magnitude. The position of the car is also expected to increase based on the transition dynamics of the MountainCar-v0 environment.","2"
"3.5","MountainCar-v0","next-state","30","The car is currently moving to the right (positive velocity) and is positioned close to the goal state on top of the right hill. Given the action taken (accelerate to the right) and the reward received (-1), it is likely that the car will continue to move to the right in the next step. The velocity might increase due to the acceleration action taken.","4"
"3.5","MountainCar-v0","next-state","30","The car is currently moving to the right (positive velocity) with a slight increase in position. Given the action taken (accelerate to the right) and the transition dynamics of the MountainCar environment, we can expect the car to continue moving to the right, possibly with an increased velocity.","4"
"3.5","MountainCar-v0","next-state","30","The car is currently moving to the right (positive velocity) and has been accelerating to the right for the past few steps. Given that the car is in a valley and the action taken is to accelerate to the right, it is likely that the car will continue to move to the right, potentially increasing its position and velocity.","4"
"3.5","MountainCar-v0","next-state","30","The car is currently moving to the right (positive velocity) and has been accelerating to the right for the past few steps. Given that the car is in a valley and the goal is on top of the right hill, it is likely that the car will continue to accelerate to the right to reach the goal position. The acceleration to the right has been consistent in the recent steps, indicating a pattern of acceleration in that direction.","3"
"3.5","MountainCar-v0","next-state","30","The car is currently moving to the right (positive velocity) and has been accelerating to the right for the past few steps. Given that the car is in a valley and the acceleration is to the right, the car is likely to continue moving to the right. The velocity is relatively low, so the car might not reach the top of the hill in one step. However, the position should increase as the car moves to the right.","4"
"3.5","Pendulum-v1","last-action","5","The agent seems to be consistently applying a torque of -2.0 in the previous steps, which is the maximum torque in the action space. The rewards received are negative, indicating that the agent is still trying to swing the pendulum up. Given the state transition from s5 to s6 where the angular velocity decreases further (from -0.1319 to -0.2931), it is likely that the agent will continue to apply a high torque to try to counteract the decreasing angular velocity and swing the pendulum up.","2"
"3.5","Pendulum-v1","last-action","5","The agent seems to be gradually decreasing the torque applied as the pendulum swings closer to the upright position. The rewards are also decreasing, indicating that the agent is trying to stabilize the pendulum. Given the trend in the actions taken so far and the decreasing rewards, it is likely that the agent will continue to reduce the torque applied in the next step.","3"
"3.5","Pendulum-v1","last-action","5","Based on the provided sequence of states, actions, and rewards, we can observe the agent's behavior in the environment. The agent seems to be gradually adjusting its actions based on the state observations to maximize its cumulative reward. Since the reward function penalizes the angle and angular velocity, the agent is likely trying to stabilize the pendulum in an upright position while minimizing the angular velocity.","4"
"3.5","Pendulum-v1","last-action","5","The agent seems to be gradually decreasing the torque applied as the episode progresses, as seen from the decreasing rewards. Given that the pendulum is swinging up, the agent might be reducing the torque to stabilize the pendulum as it approaches the upright position. Since the pendulum is swinging up, the torque applied should be reduced further to prevent overshooting.","3"
"3.5","Pendulum-v1","last-action","5","Looking at the provided sequence of steps, we can observe a pattern in the actions taken by the RL agent based on the rewards received. The agent seems to be adjusting its actions to optimize the reward function, which penalizes the angle and angular velocity of the pendulum, as well as the torque applied. Given the decreasing rewards in the provided steps, the agent is likely trying to stabilize the pendulum by reducing the angle and angular velocity.","4"
"3.5","Pendulum-v1","last-action","5","The agent seems to be gradually decreasing the torque applied based on the decreasing rewards. Since the reward function penalizes high torque values, the agent is likely trying to find a balance between swinging the pendulum up and minimizing the torque. Given the state transition from s10 to s11 where the angular velocity decreases significantly, the agent might reduce the torque further to prevent overshooting.","2"
"3.5","Pendulum-v1","last-action","5","Based on the provided sequence of states, actions, and rewards, we can observe the agent's behavior in response to different states. The agent seems to be trying to swing the pendulum upright by applying torque in a way that minimizes the negative reward. The action taken by the agent is likely to be influenced by the current state's angle and angular velocity, as well as the previous actions taken.","4"
"3.5","Pendulum-v1","last-action","5","Based on the provided sequence of steps, we can observe the agent's behavior in response to different states and rewards. The agent seems to be adjusting its actions based on the state and the received rewards. Since the reward function penalizes theta^2, theta_dt^2, and torque^2, the agent is likely trying to minimize the angle of the pendulum, its angular velocity, and the torque applied.","4"
"3.5","Pendulum-v1","last-action","5","The agent seems to be making adjustments in its actions based on the state observations to maximize its reward. Looking at the sequence of steps provided, we can see that the agent is gradually adjusting its actions to improve the reward received. Since the state at step 13 is closer to the upright position (theta = 0), the agent might choose an action that helps in stabilizing the pendulum in the upright position.","4"
"3.5","Pendulum-v1","last-action","5","The agent seems to be gradually adjusting its actions based on the state observations and rewards received. Looking at the pattern in the provided steps, the agent is likely trying to minimize the negative reward by making small adjustments to the action. Since the state at step 14 is close to the state at step 12, we can expect a similar trend in the action taken by the agent.","2"
"3.5","Pendulum-v1","last-action","5","The agent's behavior seems to be such that it is gradually adjusting its actions based on the rewards received. Since the reward function penalizes large torque values, the agent is likely trying to minimize the torque while still achieving the goal of swinging up the pendulum. Given the trend in the actions taken so far, we can expect the agent to make small adjustments to the torque in the next step.","3"
"3.5","Pendulum-v1","last-action","5","Based on the provided sequence of steps, we can observe the agent's behavior in response to different states. The agent seems to be adjusting its actions based on the state's angular position, velocity, and the rewards received. The actions taken by the agent are within the range [-2, 2], and the rewards indicate that the agent is trying to minimize the negative reward function by adjusting its actions.","4"
"3.5","Pendulum-v1","last-action","5","Looking at the provided steps, we can observe the agent's behavior in the given environment. The agent seems to be adjusting its actions based on the state it encounters. The rewards are negative, indicating that the agent is penalized for being away from the desired upright position. The actions taken by the agent seem to be in response to the state values, trying to minimize the negative rewards.","4"
"3.5","Pendulum-v1","last-action","5","Based on the provided sequence of states, actions, and rewards, we can observe the agent's behavior in response to different states. The agent seems to be making adjustments in its actions to optimize the reward. Since the reward function penalizes theta^2, theta_dt^2, and torque^2, the agent is likely trying to minimize the angle deviation, angular velocity, and torque applied.","4"
"3.5","Pendulum-v1","last-action","5","The agent seems to be making small adjustments in the action values based on the state observations. Looking at the state transitions, the agent is trying to stabilize the pendulum as the angular velocity decreases. Since the state transition from s19 to s20 shows a decrease in angular velocity and a slight change in the y-coordinate, the agent might take an action that helps in stabilizing the pendulum further.","2"
"3.5","Pendulum-v1","last-action","5","Based on the provided sequence of states, actions, and rewards, we can observe the agent's behavior and infer its decision-making process. The agent seems to be adjusting its actions based on the state values to maximize its reward. Since the reward function penalizes theta^2, theta_dt^2, and torque^2, the agent is likely trying to minimize the angle deviation, angular velocity, and torque applied.","4"
"3.5","Pendulum-v1","last-action","5","Based on the provided sequence of states, actions, and rewards, we can observe the agent's behavior in the Pendulum-v1 environment. The agent seems to be making adjustments in its actions to optimize the reward. We need to analyze the trend in the actions taken by the agent in response to the states it encounters.","4"
"3.5","Pendulum-v1","last-action","5","Given the sequence of states, actions, and rewards provided, we can observe the agent's behavior and infer its decision-making process. The agent seems to be making subtle adjustments in its actions based on the state changes to optimize the reward. Since the reward function penalizes large torque values, the agent is likely to choose actions that are not extreme in magnitude unless necessary to swing the pendulum effectively.","3"
"3.5","Pendulum-v1","last-action","5","The agent seems to be making small adjustments in its actions based on the rewards received. Looking at the sequence of states and rewards, we can see that the agent is trying to minimize the negative reward by gradually adjusting its actions. Since the reward function penalizes both the angle deviation and the torque applied, the agent is likely trying to find a balance between swinging the pendulum up and not applying excessive torque.","3"
"3.5","Pendulum-v1","last-action","5","Given the provided sequence of states, actions, and rewards, we can observe the agent's behavior in the environment. The agent seems to be making adjustments in its actions based on the state observations to maximize its rewards. We need to predict the action the agent would take in the next step based on the given state transition.","4"
"3.5","Pendulum-v1","last-action","5","The agent seems to be making actions based on the state observations and rewards received. Looking at the provided steps, it's evident that the agent is trying to optimize its actions to maximize the reward. The action taken by the agent in step 22 resulted in a negative reward, indicating that the agent might adjust its actions to improve the reward in the subsequent steps. Given the state transition from s25 to s26, where the y-coordinate decreases and the angular velocity becomes more negative, the agent might need to apply a torque that helps counteract the change in angular velocity to stabilize the pendulum.","2"
"3.5","Pendulum-v1","last-action","5","The agent seems to be making actions that result in small changes in the state values. Looking at the provided steps, the actions taken by the agent seem to be adjusting based on the current state values to minimize the negative reward. Since the state transition from s26 to s27 involves small changes in the state values, we can expect the action a26 to be relatively small as well.","2"
"3.5","Pendulum-v1","last-action","5","Based on the provided sequence of states, actions, and rewards, we can observe the agent's behavior in response to different states. The agent seems to be making adjustments to the torque applied based on the current state to maximize its reward. Since the reward function penalizes theta^2, theta_dt^2, and torque^2, the agent is likely trying to minimize the angle deviation, angular velocity, and torque applied.","4"
"3.5","Pendulum-v1","last-action","5","Based on the provided sequence of states, actions, and rewards, we can observe the agent's behavior in the Pendulum-v1 environment. The agent seems to be making adjustments to the torque applied based on the state observations and received rewards. The action values are within the range [-2, 2], and the rewards are being minimized as per the reward function provided.","4"
"3.5","Pendulum-v1","last-action","5","The agent seems to be making actions that are adjusting based on the state observations to optimize the reward. Looking at the provided steps, we can see that the agent is making small adjustments in its actions to maximize the reward. The reward function penalizes the angle and angular velocity, so the agent might be trying to stabilize the pendulum by adjusting the torque applied.","3"
"3.5","Pendulum-v1","last-action","5","The agent seems to be taking actions that are adjusting based on the state observations. Looking at the provided steps, the agent is likely trying to minimize the negative reward by adjusting its actions based on the state information. Since the reward is based on the angle and angular velocity, the agent might be trying to stabilize the pendulum by counteracting the effects of the current state.","4"
"3.5","Pendulum-v1","last-action","5","The agent's behavior seems to be such that it is making small adjustments to the torque applied based on the state observations. Looking at the provided steps, the changes in torque applied by the agent do not seem to be drastic, indicating a relatively smooth adjustment strategy. The rewards are also relatively close to each other, suggesting that the agent is trying to maintain stability rather than making sudden large changes in torque.","3"
"3.5","Pendulum-v1","last-action","5","Given the sequential nature of the agent's actions and the rewards received, we can infer that the agent is likely trying to minimize the negative reward by adjusting its actions based on the state transitions. The agent seems to be making small adjustments in its actions to optimize the reward.","3"
"3.5","Pendulum-v1","last-action","5","Based on the provided episode, we can observe the agent's behavior in the given state-action pairs. The agent seems to be making adjustments to the torque applied based on the state observations and the received rewards. The action values are continuous and the rewards are indicating how well the agent is performing. By analyzing the pattern in the actions taken by the agent in response to the states, we can predict the action the agent might take in the next step.","4"
"3.5","Pendulum-v1","last-action","5","The agent seems to be making small adjustments in its actions based on the state observations. Looking at the provided steps, the agent's actions seem to be alternating between positive and negative values, possibly trying to balance the pendulum. Given the trend in the actions taken so far and the slight changes in the state observations, we can infer that the agent is likely to continue this pattern of small adjustments.","3"
"3.5","Pendulum-v1","last-action","10","The agent seems to be gradually reducing the torque applied as it progresses through the steps. Initially, it applies a torque of -2.0, and the rewards decrease with each step. Given that the agent is trying to swing the pendulum into an upright position, it is likely that as the pendulum gets closer to the upright position, the agent will reduce the torque applied to prevent overshooting. Therefore, based on the decreasing rewards and the trend of torque reduction, we can predict that the action taken in step 10 will have a lower magnitude compared to the previous steps.","3"
"3.5","Pendulum-v1","last-action","10","The agent seems to be gradually adjusting its actions based on the rewards received. As the pendulum swings, the agent is likely trying to stabilize the pendulum in an upright position. Given the trend in rewards decreasing slightly, the agent may be trying to make smaller adjustments to reach the goal.","3"
"3.5","Pendulum-v1","last-action","10","Looking at the sequence of actions taken by the RL agent in the provided steps, we can observe a pattern where the agent tends to decrease the magnitude of the action when the pendulum is closer to the upright position (theta is close to 0) and increase the magnitude of the action when the pendulum is further away from the upright position. Additionally, the agent adjusts the action based on the angular velocity to stabilize the pendulum. Given the state transition from s12 to s13 where the angular position remains close to 0 but the angular velocity changes slightly, we can predict that the action taken by the agent will be close to 0 to maintain the current state.","2"
"3.5","Pendulum-v1","last-action","10","Looking at the pattern in the agent's actions and rewards, we can see that the agent tends to adjust its actions based on the state's angular velocity to minimize the negative reward. As the angular velocity becomes more negative, the agent tends to decrease the torque applied to the pendulum. Therefore, given the state transition from s13 to s14 where the angular velocity decreases from -0.0074 to -0.02, we can predict that the agent will decrease the torque applied in the next action.","2"
"3.5","Pendulum-v1","last-action","10","The agent seems to be gradually decreasing the torque applied as the episode progresses, likely trying to stabilize the pendulum in an upright position. Given the trend of decreasing torque and the fact that the pendulum is close to the upright position at step 14, it is reasonable to predict that the agent will continue to reduce the torque or apply a very small torque to fine-tune the position.","3"
"3.5","Pendulum-v1","last-action","10","Based on the provided sequence of states, actions, and rewards, we can observe a pattern in the agent's behavior. The agent seems to be gradually adjusting its actions based on the state observations and rewards received. Since the reward function penalizes theta^2, theta_dt^2, and torque^2, the agent is likely trying to minimize the angle deviation, angular velocity, and torque applied to maximize its cumulative reward.","4"
"3.5","Pendulum-v1","last-action","10","Based on the provided sequence of states, actions, and rewards, we can observe the agent's behavior in response to different states. The agent seems to be making adjustments in its actions to optimize the reward function, which penalizes the angle deviation, angular velocity, and torque applied. By analyzing the trend in the actions taken by the agent in the given sequence, we can predict the action the agent might take in the next step based on the state transition from s16 to s17.","4"
"3.5","Pendulum-v1","last-action","10","Based on the provided sequence of states, actions, and rewards, we can observe the agent's behavior in response to different states. The agent seems to adjust its actions based on the state values to maximize the reward. We will analyze the trend in the actions taken by the agent to predict the action a17.","4"
"3.5","Pendulum-v1","last-action","10","Based on the provided sequence of states, actions, and rewards, we can observe the agent's behavior in response to different states. The agent seems to be adjusting its actions based on the state values to optimize the reward. We can look at the trend in the actions taken by the agent in response to changes in the state values to predict the action a18.","4"
"3.5","Pendulum-v1","last-action","10","Looking at the pattern of the actions taken by the RL agent in the provided steps, we can observe that the agent tends to adjust the action based on the state's angular velocity component. When the angular velocity is decreasing, the agent tends to apply a positive torque, and when the angular velocity is increasing, the agent applies a negative torque to counteract the motion. Given the state transition from s19 to s20 where the angular velocity changes from -0.0435 to -0.0433, we can predict that the agent will apply a positive torque to slow down the decrease in angular velocity.","2"
"3.5","Pendulum-v1","last-action","10","Based on the agent's behavior in the provided steps, we can observe a pattern where the agent adjusts its actions based on the state changes. The agent seems to be making small adjustments in the actions to optimize the rewards. Given the state transition from s20 to s21 where the angular velocity decreases slightly, the agent might need to apply a torque that counteracts this decrease to maintain stability.","2"
"3.5","Pendulum-v1","last-action","10","Looking at the pattern in the agent's behavior, we can observe that the agent tends to adjust its actions based on the state changes. The actions taken seem to be influenced by the angular position and velocity of the pendulum. Since the state transition from s21 to s22 involves a change in the angular position and velocity, the agent is likely to adjust its action accordingly to stabilize the pendulum.","4"
"3.5","Pendulum-v1","last-action","10","Based on the agent's behavior in the provided steps, we can observe that the agent tends to adjust its actions based on the state changes. The agent seems to be making small adjustments in the actions to stabilize the pendulum. Given the state transition from s22 to s23 where the y-coordinate decreases significantly and the angular velocity becomes more negative, the agent might need to apply a torque in the positive direction to counteract this change and stabilize the pendulum.","2"
"3.5","Pendulum-v1","last-action","10","Based on the provided sequence of states, actions, and rewards, we can observe the agent's behavior and how it responds to different states. The agent seems to be making adjustments to the torque applied based on the current state to maximize its reward. We can analyze the trend in the actions taken by the agent in response to changes in the state variables.","4"
"3.5","Pendulum-v1","last-action","10","Based on the provided sequence of states, actions, and rewards, we can observe the agent's behavior and how it responds to different states. The agent seems to be making adjustments to the torque applied based on the state of the pendulum to maximize its reward. We can analyze the trend in the actions taken by the agent in response to changes in the state variables.","4"
"3.5","Pendulum-v1","last-action","10","Looking at the sequence of actions taken by the RL agent in the provided steps, we can observe that the agent tends to adjust its actions based on the state changes. The agent seems to be making small adjustments in the actions to stabilize the pendulum. Given the state transition from s25 to s26 where the y-coordinate decreases and the angular velocity becomes more negative, the agent might need to apply a torque that counteracts this change to prevent the pendulum from swinging too far in the negative direction.","2"
"3.5","Pendulum-v1","last-action","10","Based on the provided sequence of states, actions, and rewards, we can observe the agent's behavior in the environment. The agent seems to be making adjustments to the torque applied based on the state of the pendulum. The rewards are negative, indicating that the agent is penalized for deviations from the desired upright position. The actions taken by the agent seem to vary based on the state of the pendulum, with some actions being positive and others negative.","4"
"3.5","Pendulum-v1","last-action","10","By observing the pattern in the agent's actions and rewards in the provided episode snippet, we can see that the agent tends to adjust its actions based on the state's angular position, velocity, and the rewards received. The agent seems to be making small adjustments to the torque applied to the pendulum based on the current state to optimize the reward function.","3"
"3.5","Pendulum-v1","last-action","10","Looking at the sequence of actions taken by the RL agent in the provided episode, we can observe a pattern where the agent adjusts its actions based on the state changes. The agent seems to be making small adjustments to the actions in response to the changes in the state values. Given the gradual changes in the state values and rewards, the agent is likely to continue this trend in the next step.","3"
"3.5","Pendulum-v1","last-action","10","Looking at the pattern of actions taken by the RL agent in the provided steps, we can see that the actions vary based on the state values. The actions seem to adjust based on the pendulum's position and velocity to optimize the reward function. Since the state transition from s29 to s30 involves a change in the pendulum's position and velocity, we can expect the action a29 to be influenced by these changes.","4"
"3.5","Pendulum-v1","last-action","10","Looking at the sequence of actions taken by the RL agent in the provided steps, we can observe a pattern where the agent adjusts its actions based on the state changes. The agent seems to be trying to stabilize the pendulum by adjusting the torque applied. Given the state transition from s30 to s31 where the angular velocity decreases significantly, the agent might need to apply a torque that counteracts this decrease to prevent the pendulum from swinging too far in the opposite direction.","2"
"3.5","Pendulum-v1","last-action","10","Based on the provided sequence of states, actions, and rewards, we can observe the agent's behavior in response to different states. The agent seems to be making adjustments to the torque applied based on the current state to maximize its reward. The action values are within the range [-2, 2], and the rewards are penalized based on the angle, angular velocity, and torque applied.","4"
"3.5","Pendulum-v1","last-action","10","Given the sequence of states, actions, and rewards provided, we can observe the agent's behavior and infer its action selection pattern. The reward function penalizes the angle deviation, angular velocity, and torque applied. The agent seems to be trying to minimize the negative reward by adjusting its actions based on the state observations.","4"
"3.5","Pendulum-v1","last-action","10","Based on the provided sequence of states, actions, and rewards, we can observe the agent's behavior and how it responds to different states. The agent seems to be making adjustments in its actions based on the state it is in to optimize the reward. We need to analyze the pattern in the actions taken by the agent in response to the states provided.","4"
"3.5","Pendulum-v1","last-action","10","Based on the provided sequence of states, actions, and rewards, we can observe that the agent is making adjustments to the torque applied based on the state of the pendulum. The agent seems to be trying to minimize the negative reward by adjusting the torque in response to the pendulum's position and velocity. Since the pendulum is moving towards a more upright position (as seen in the increasing y-coordinate), the agent might need to decrease the torque to prevent overshooting.","4"
"3.5","Pendulum-v1","last-action","10","Based on the provided sequence of states, actions, and rewards, we can observe a pattern in the agent's behavior. The agent seems to adjust its actions based on the state's angular position and velocity to maximize the reward. The action taken by the agent in each step is likely influenced by the current state's values, especially the angular position and velocity components.","4"
"3.5","Pendulum-v1","last-action","10","Based on the provided sequence of states, actions, and rewards, we can observe the agent's behavior in response to different states. The agent seems to be adjusting its actions based on the state values to optimize the reward. We need to analyze the pattern in the actions taken by the agent in the given sequence to predict the action a36.","4"
"3.5","Pendulum-v1","last-action","10","Based on the provided sequence of states, actions, and rewards, we can observe the agent's behavior in response to different states. The agent seems to be adjusting its actions based on the state's characteristics, such as the angle, angular velocity, and the reward received. By analyzing the trend in the actions taken by the agent in the given sequence, we can make a prediction for the action the agent might take in the next step.","4"
"3.5","Pendulum-v1","last-action","10","Based on the provided sequence of states, actions, and rewards, we can observe the agent's behavior and infer its decision-making process. The agent seems to be adjusting its actions based on the state information to maximize its reward. Since the reward function penalizes the angle and angular velocity, the agent is likely trying to minimize these values while also considering the torque applied.","4"
"3.5","Pendulum-v1","last-action","10","Based on the provided sequence of states, actions, and rewards, we can observe the agent's behavior in response to different states. The agent seems to be adjusting its actions based on the state values to optimize the reward. We will analyze the pattern in the actions taken by the agent in the given sequence to predict the action a39.","4"
"3.5","Pendulum-v1","last-action","20","The agent seems to be gradually adjusting its actions based on the rewards received. As the rewards decrease, the agent is likely trying to stabilize the pendulum. Given the state transition from s20 to s21 where the angular velocity decreases slightly and the pendulum moves slightly towards the upright position, the agent may choose an action that continues this trend of stabilization.","2"
"3.5","Pendulum-v1","last-action","20","Based on the agent's behavior in the provided episode, we can observe that the agent tends to adjust its actions gradually as it moves towards the desired state. The agent seems to make small adjustments in the action values to fine-tune its control of the pendulum. Given the state transition from s21 to s22 where the angular velocity decreases slightly and the y-coordinate increases, the agent might need to apply a small positive torque to continue adjusting the pendulum's position.","2"
"3.5","Pendulum-v1","last-action","20","Based on the agent's behavior in the provided episode, we can observe that the agent tends to adjust its actions gradually as the state changes. The actions taken by the agent seem to be influenced by the current state values, rewards received, and the goal of swinging the pendulum into an upright position. Since the state has transitioned from s22 = [[ 0.9991, -0.0418,  0.0467]] to s23 = [[ 0.9988, -0.0492, -0.1478]], we can expect the agent to adjust its action accordingly to continue moving towards the goal.","4"
"3.5","Pendulum-v1","last-action","20","Looking at the agent's behavior in the provided steps, we can see that the agent tends to adjust its actions gradually based on the rewards received. The actions taken seem to be fine-tuned to optimize the reward function. Since the agent is trying to swing the pendulum into an upright position, it will likely adjust the torque applied based on the current state and the rewards received.","3"
"3.5","Pendulum-v1","last-action","20","Based on the agent's behavior in the provided episode, we can observe a pattern where the agent adjusts its actions gradually in response to the state changes. The actions taken seem to be influenced by the current state values, rewards received, and the goal of swinging the pendulum into an upright position. Since the state transition from s24 to s25 involves a slight change in the y-coordinate and angular velocity while maintaining a similar x-coordinate, the action a24 is likely to be fine-tuned to continue this adjustment process.","2"
"3.5","Pendulum-v1","last-action","20","Based on the agent's behavior in the provided steps, we can observe that the agent tends to adjust its actions gradually based on the state changes. The actions taken by the agent seem to be influenced by the current state values, particularly the angular position and velocity of the pendulum. Since the state transition from s25 to s26 involves a change in the angular position and velocity, the action a25 is likely to be adjusted to counteract this change.","4"
"3.5","Pendulum-v1","last-action","20","Based on the agent's behavior in the provided steps, we can observe a pattern where the agent adjusts its actions gradually in response to changes in the state. The actions taken seem to be influenced by the current state values, rewards received, and the goal of swinging the pendulum into an upright position. The agent tends to make small adjustments to the torque applied to the pendulum based on the feedback received from the environment.","3"
"3.5","Pendulum-v1","last-action","20","Based on the agent's behavior in the provided episode, we can observe a pattern where the agent adjusts its actions gradually in response to changes in the state. The actions taken seem to be influenced by the current state values, rewards received, and the goal of swinging the pendulum into an upright position. The actions are within the range of [-2, 2] and are likely to be fine-tuned based on the state information to achieve the task's objective.","3"
"3.5","Pendulum-v1","last-action","20","Based on the agent's behavior in the provided steps, we can observe a pattern where the agent adjusts its actions based on the state's angular position and velocity. The agent seems to be making small adjustments to the torque applied to the pendulum based on the current state to gradually stabilize the pendulum. Given the transition from state s28 to s29 where the angular position changes from 0.0448 to -0.0528, it is likely that the agent will adjust the torque to counteract this change and try to stabilize the pendulum.","2"
"3.5","Pendulum-v1","last-action","20","Based on the agent's behavior in the provided episode, we can observe that the agent tends to adjust its actions gradually based on the state changes. The actions taken by the agent seem to be influenced by the current state values, rewards received, and the goal of swinging the pendulum upright. Since the state transition from s29 to s30 involves a change in the y-coordinate from -0.0528 to -0.0484 and a change in the angular velocity from -0.1588 to 0.0878, the agent might need to apply an action that helps stabilize the pendulum in the new state.","2"
"3.5","Pendulum-v1","last-action","20","Based on the agent's behavior in the provided episode, we can observe that the agent tends to adjust its actions gradually based on the state changes. The actions taken seem to be influenced by the current state values, rewards received, and the goal of swinging the pendulum into an upright position. The agent is likely trying to minimize the negative reward by making small adjustments to the torque applied.","3"
"3.5","Pendulum-v1","last-action","20","Based on the provided sequence of states, actions, and rewards, we can observe the agent's behavior and attempt to predict the action a31. The agent seems to be making adjustments to the torque applied based on the state of the pendulum. The action values are within the range [-2, 2], and the rewards indicate the agent is trying to minimize the angle and angular velocity of the pendulum.","4"
"3.5","Pendulum-v1","last-action","20","Based on the provided sequence of states, actions, and rewards, we can observe the agent's behavior in response to different states. The agent seems to adjust its actions based on the state values to optimize the reward function. We will analyze the trend in the actions taken by the agent to predict the action a32.","4"
"3.5","Pendulum-v1","last-action","20","The agent seems to be making gradual adjustments to the torque applied based on the state observations and rewards received. Looking at the pattern in the actions taken so far, the agent tends to adjust the torque in small increments to stabilize the pendulum. Since the state transition from s33 to s34 involves a change in the y-coordinate from -0.0514 to -0.0455, it indicates a movement towards the upright position. Therefore, the agent is likely to continue this trend by adjusting the torque slightly to further stabilize the pendulum.","2"
"3.5","Pendulum-v1","last-action","20","Based on the provided sequence of states, actions, and rewards, we can observe a pattern in the agent's behavior. The agent seems to adjust its actions based on the state changes to optimize the reward. Since the state transition from s34 to s35 involves a decrease in the y-coordinate and a slight decrease in the angular velocity, the agent might need to apply a torque that counteracts this change to swing the pendulum back towards the upright position.","2"
"3.5","Pendulum-v1","last-action","20","Based on the agent's behavior in the provided episode, we can observe that the agent tends to adjust its actions gradually based on the state changes. The actions taken seem to be influenced by the current state values, rewards received, and the goal of swinging the pendulum into an upright position. Since the state transition from s35 to s36 involves a change in the y-coordinate from 0.04 to -0.0472 and a change in the angular velocity from 0.1103 to -0.1432, the agent might need to apply a torque that counteracts the change in the y-coordinate and angular velocity to stabilize the pendulum.","2"
"3.5","Pendulum-v1","last-action","20","Based on the provided sequence of states, actions, and rewards, we can observe the agent's behavior and try to predict the action a36. The reward function penalizes theta^2, theta_dt^2, and torque^2. The agent seems to be trying to minimize the reward by gradually adjusting its actions based on the state observations.","4"
"3.5","Pendulum-v1","last-action","20","Based on the agent's behavior in the provided episode, we can observe a pattern where the agent tends to adjust its actions gradually based on the state changes. The actions taken seem to be influenced by the angular position and velocity of the pendulum. Given the transition from state s37 to s38 where the angular position decreases significantly and the angular velocity becomes more negative, the agent might need to apply a larger negative torque to counteract this change and stabilize the pendulum.","2"
"3.5","Pendulum-v1","last-action","20","The agent seems to be making actions based on the state observations to maximize its reward. Looking at the pattern of actions taken in the provided episode, we can see that the agent adjusts its actions based on the state values. Since the state s38 is close to the edge of the action space range, the agent might choose an action that helps bring the pendulum back towards the upright position.","4"
"3.5","Pendulum-v1","last-action","20","Based on the agent's behavior in the provided episode, we can observe that the agent tends to adjust its actions based on the state's angular position and velocity to minimize the negative reward. The agent seems to be making small adjustments to the torque applied to the pendulum based on the current state.","3"
"3.5","Pendulum-v1","last-action","20","The agent seems to be gradually adjusting its actions based on the rewards received. Looking at the sequence of rewards, the agent is likely trying to minimize the negative rewards by adjusting its actions accordingly. Since the reward function penalizes theta^2, theta_dt^2, and torque^2, the agent will likely try to reduce the values of theta and theta_dt while keeping the torque within a certain range.","4"
"3.5","Pendulum-v1","last-action","20","Given the sequence of states, actions, and rewards provided, we can observe the agent's behavior and try to predict the action it would take in the next step based on the pattern in the data. The reward function encourages the agent to swing the pendulum up while minimizing the angle and angular velocity. We need to analyze how the agent's actions change based on the state transitions and rewards received.","4"
"3.5","Pendulum-v1","last-action","20","Based on the provided sequence of states, actions, and rewards, we can observe the agent's behavior and infer its action selection pattern. The agent seems to be adjusting its actions based on the state values to optimize the reward. Since the reward function penalizes theta^2, theta_dt^2, and torque^2, the agent is likely trying to minimize the angle deviation, angular velocity, and torque applied.","4"
"3.5","Pendulum-v1","last-action","20","Based on the provided sequence of states, actions, and rewards, we can observe the agent's behavior and infer its decision-making process. The agent seems to be adjusting its actions based on the state values to optimize the reward function. It is likely trying to swing the pendulum up while minimizing the negative reward.","4"
"3.5","Pendulum-v1","last-action","20","Based on the agent's behavior in the provided steps, we can observe that the agent tends to adjust its actions based on the state's angular position and velocity. The agent seems to be trying to stabilize the pendulum by applying torque in a way that counteracts the current state's deviation from the upright position. Given the state transition from s44 to s45 where the angular position decreases slightly and the angular velocity increases slightly, the agent might need to apply a torque that helps bring the pendulum back towards the upright position.","2"
"3.5","Pendulum-v1","last-action","20","Based on the agent's behavior in the provided episode, we can observe that the agent tends to adjust its actions based on the state's angular position and velocity. The agent seems to be making small adjustments to the torque applied to the pendulum based on the current state to gradually move towards the upright position.","3"
"3.5","Pendulum-v1","last-action","20","Based on the given sequence of states, actions, and rewards, we can observe a pattern in the agent's behavior. The agent seems to adjust its actions based on the state changes to optimize the reward. Since the state transition from s46 to s47 involves a slight decrease in the second element and a slight increase in the third element, the action taken by the agent is likely to counteract these changes to maximize the reward.","2"
"3.5","Pendulum-v1","last-action","20","Based on the agent's behavior in the provided episode, we can observe that the agent tends to adjust its actions based on the state's angular position and velocity. The rewards are penalized for deviations from the upright position, velocity, and torque applied. Given the state transition from s47 to s48 where the angular position changes slightly while the velocity increases, the agent might need to apply a corrective action to stabilize the pendulum.","2"
"3.5","Pendulum-v1","last-action","20","Based on the provided sequence of states, actions, and rewards, we can observe the agent's behavior and try to predict the action a48 taken by the RL agent in the next step. The reward function penalizes the angle deviation, angular velocity, and torque applied. The agent seems to be making small adjustments to the torque to minimize the negative reward.","3"
"3.5","Pendulum-v1","last-action","20","Based on the agent's behavior in the provided episode, we can observe a pattern where the agent adjusts its actions gradually in response to changes in the state. The actions taken seem to be fine-tuned to minimize the negative reward received. Since the state transition from s49 to s50 involves a slight increase in the y-coordinate and a small decrease in the angular velocity, the agent might need to apply a corrective action to counteract these changes.","2"
"3.5","Pendulum-v1","last-action","30","The agent seems to be gradually adjusting its actions based on the rewards received. As the rewards decrease, the agent is likely trying to stabilize the pendulum. Given the trend in the rewards and the state transitions, we can predict that the agent will continue to adjust its action to stabilize the pendulum.","4"
"3.5","Pendulum-v1","last-action","30","The agent seems to be gradually adjusting its actions based on the rewards received. As the rewards decrease, the agent is likely trying to stabilize the pendulum in an upright position. Given the trend in the rewards and the state transitions, we can predict that the agent will continue to adjust its actions to bring the pendulum closer to the upright position.","4"
"3.5","Pendulum-v1","last-action","30","Based on the agent's behavior in the provided episode, we can observe that the agent tends to adjust its actions gradually as the state changes. The actions taken by the agent seem to be influenced by the current state values, particularly the angular position and velocity of the pendulum. Since the state transition from s32 to s33 involves a change in the angular position and velocity, we can expect the agent to adjust its action accordingly to stabilize the pendulum.","4"
"3.5","Pendulum-v1","last-action","30","The agent seems to be gradually adjusting its actions based on the rewards received. Looking at the sequence of actions taken, the agent is likely trying to stabilize the pendulum in an upright position. Given the state transition from s33 to s34 where the angular velocity increases and the y-coordinate becomes more positive, the agent might need to apply a torque that counteracts this change to prevent the pendulum from swinging too far.","2"
"3.5","Pendulum-v1","last-action","30","Based on the agent's behavior in the provided episode, we can observe that the agent tends to adjust its actions gradually based on the state changes. The actions taken by the agent seem to be influenced by the angular position and velocity of the pendulum. Since the state transition from s34 to s35 involves a slight decrease in the y-coordinate and a slight increase in the z-coordinate, the agent might adjust its action accordingly to stabilize the pendulum.","2"
"3.5","Pendulum-v1","last-action","30","Based on the agent's behavior in the provided sequence, we can observe a pattern where the agent adjusts its actions gradually in response to changes in the state. The agent seems to be making small adjustments to the torque applied to the pendulum based on the current state and the received rewards. Since the state transition from s35 to s36 involves a change in the angular velocity component from 0.1103 to -0.1432, it is likely that the agent will adjust its action to counteract this change.","2"
"3.5","Pendulum-v1","last-action","30","Based on the agent's behavior in the provided episode, we can observe a pattern where the agent adjusts its actions gradually in response to changes in the state. The actions taken seem to be influenced by the current state values, rewards received, and the goal of swinging the pendulum into an upright position. Since the state s36 = [[ 0.9989, -0.0472, -0.1432]] is close to the upright position with a negative angular velocity, the agent might choose an action that helps stabilize the pendulum without causing excessive movement.","4"
"3.5","Pendulum-v1","last-action","30","Based on the agent's behavior in the provided episode, we can observe a pattern where the agent adjusts its actions based on the state changes. The agent seems to be trying to stabilize the pendulum by applying torque in response to the pendulum's position and velocity. Given the transition from state s37 to s38 where the angular position increases and the angular velocity becomes more negative, the agent might need to apply a significant torque in the counterclockwise direction to counteract the change and stabilize the pendulum.","2"
"3.5","Pendulum-v1","last-action","30","Based on the agent's behavior in the provided episode, we can observe a pattern where the agent adjusts its actions gradually in response to changes in the state. The actions taken seem to be influenced by the angular position and velocity of the pendulum. Since the state transition from s38 to s39 involves a slight change in the angular velocity while the other values remain relatively stable, we can expect the agent to make a small adjustment in its action to account for this change.","2"
"3.5","Pendulum-v1","last-action","30","The agent's behavior seems to be influenced by the state values, rewards, and possibly the dynamics of the pendulum system. Given the sequential nature of the actions taken by the agent, we can observe patterns in how the agent adjusts its actions based on the state and rewards received. By analyzing the trend in the actions taken in the provided steps, we can make an informed prediction for the next action.","4"
"3.5","Pendulum-v1","last-action","30","Based on the agent's behavior in the provided episode, we can observe a pattern where the agent adjusts its actions gradually in response to changes in the state. The actions taken seem to be influenced by the angular position, velocity, and the reward function, aiming to swing the pendulum towards the upright position while considering the torque limits.","4"
"3.5","Pendulum-v1","last-action","30","The agent's behavior seems to be influenced by the reward function, where it tries to minimize the negative reward by adjusting its actions. Looking at the pattern in the actions taken in the provided steps, we can observe that the agent tends to adjust its actions based on the state values, particularly the angular position and velocity of the pendulum. The agent might try to counteract the negative rewards by choosing actions that help stabilize the pendulum towards the upright position.","4"
"3.5","Pendulum-v1","last-action","30","The agent's behavior seems to be such that it adjusts the action based on the state values. Looking at the sequence of actions taken by the agent, we can observe that the agent tends to adjust the action magnitude based on the angular position and velocity of the pendulum. Since the state s42 has a positive y-coordinate and a positive angular velocity, the agent might need to apply a torque that helps stabilize the pendulum in this state.","4"
"3.5","Pendulum-v1","last-action","30","Based on the agent's behavior in the provided episode, we can observe that the agent tends to adjust its actions gradually based on the state changes. The actions taken seem to be influenced by the current state values, rewards received, and the goal of swinging the pendulum into an upright position. Since the state transition from s43 to s44 involves a change in the y-coordinate from 0.0275 to 0.0336 and a change in the angular velocity from 0.1229 to -0.1216, the agent might need to apply an action that counteracts the change in angular velocity and possibly adjusts the y-coordinate to stabilize the pendulum.","2"
"3.5","Pendulum-v1","last-action","30","Based on the agent's behavior in the provided steps, we can observe a pattern where the agent tends to adjust the action based on the state's angular velocity component. When the angular velocity is negative, the agent tends to apply positive torque, and vice versa. Additionally, the magnitude of the torque applied seems to be proportional to the magnitude of the angular velocity.","3"
"3.5","Pendulum-v1","last-action","30","The agent seems to be gradually adjusting its actions based on the rewards received. Since the rewards are negative, the agent is likely trying to minimize the negative reward by adjusting its actions. Looking at the pattern in the actions taken so far, we can infer that the agent is making small adjustments to the actions to find an optimal policy.","3"
"3.5","Pendulum-v1","last-action","30","The agent's behavior seems to be exploring different actions in response to the observed states. Looking at the pattern of actions taken in the previous steps, we can see that the agent tends to adjust its actions based on the angular position and velocity of the pendulum. Since the state transition from s46 to s47 involves a slight change in the angular position and velocity, the agent is likely to make a subtle adjustment in its action to account for this change.","2"
"3.5","Pendulum-v1","last-action","30","The agent seems to be making gradual adjustments to the torque applied based on the state observations and rewards received. Looking at the pattern in the actions taken so far, the agent tends to adjust the torque in small increments to explore the environment and optimize the reward function. Given the state transition from s47 to s48 where the angular velocity increases slightly, the agent might need to apply a torque that counteracts this increase while not making a drastic change.","2"
"3.5","Pendulum-v1","last-action","30","Based on the agent's behavior in the provided episode, we can observe a pattern where the agent adjusts its actions based on the state changes. The agent seems to be making small adjustments to the torque applied to the pendulum based on the current state. Since the state transition from s48 to s49 involves a change in the y-coordinate and angular velocity, the agent is likely to adjust the torque to compensate for this change.","3"
"3.5","Pendulum-v1","last-action","30","The agent seems to be making small adjustments to the torque applied based on the state observations. Looking at the pattern in the actions taken in the previous steps, the agent adjusts the torque based on the angular position and velocity of the pendulum to gradually swing it upright. Since the state transition from s49 to s50 involves a slight change in the y-coordinate and angular velocity, the action taken by the agent is likely to be a small adjustment to maintain or correct the pendulum's position.","2"
"3.5","Pendulum-v1","last-action","30","The agent seems to be making small adjustments to the torque applied based on the state observations. Looking at the pattern in the actions taken in the provided steps, the agent adjusts the torque based on the angular position and velocity of the pendulum. Since the state transition from s50 to s51 is a small change, we can expect a subtle adjustment in the action taken by the agent.","2"
"3.5","Pendulum-v1","last-action","30","The agent seems to be making small adjustments to the torque applied based on the state observations. Looking at the pattern in the actions taken so far, the agent adjusts the torque based on the current angle and angular velocity of the pendulum to gradually swing it upright. Since the state transition from s51 to s52 involves a slight change in the angle and a negative change in the angular velocity, the agent might need to apply a torque that counteracts this change to stabilize the pendulum.","2"
"3.5","Pendulum-v1","last-action","30","The agent's behavior seems to be influenced by the state values, as well as the rewards received. Since the agent aims to maximize its cumulative reward, it is likely that the action taken will be based on the current state to improve the reward. Additionally, the action space is discretized into 10 bins, so the agent's actions will fall into one of these bins based on the continuous action values.","4"
"3.5","Pendulum-v1","last-action","30","Based on the agent's behavior in the provided episode, we can observe a pattern where the agent tends to adjust its actions gradually in response to changes in the state. The actions taken by the agent seem to be influenced by the current state values, particularly the angular position and velocity of the pendulum. Therefore, we can expect the agent to choose an action that aligns with the observed trend of adjusting torque based on the state information to stabilize the pendulum.","3"
"3.5","Pendulum-v1","last-action","30","Based on the agent's behavior in the provided episode, we can observe that the agent tends to adjust its actions gradually based on the state changes. The actions taken by the agent seem to be influenced by the current state values, rewards received, and the goal of swinging the pendulum upright. Therefore, we can predict that the action taken by the agent in step 54 will likely be a small adjustment from the previous actions, considering the slight change in the state values.","3"
"3.5","Pendulum-v1","last-action","30","Based on the agent's behavior in the provided episode, we can observe that the agent tends to adjust its actions based on the state's angular position and velocity. The agent seems to be making small adjustments to the torque applied to the pendulum based on the current state to gradually move towards the upright position. Given the state transition from s55 to s56 where the angular position decreases and the angular velocity becomes more negative, the agent might need to apply a torque that helps counteract this change and stabilize the pendulum.","2"
"3.5","Pendulum-v1","last-action","30","Based on the agent's behavior in the provided episode, we can observe that the agent tends to adjust its actions based on the state's angular position and velocity. The rewards are penalized for deviations from the upright position, high angular velocities, and high torque values. Given the state transition from s56 to s57 where the angular position decreases slightly and the angular velocity increases, the agent might need to apply a corrective action to stabilize the pendulum.","2"
"3.5","Pendulum-v1","last-action","30","Based on the agent's behavior in the provided episode, we can observe that the agent tends to adjust its actions based on the state's angular position and velocity. The rewards are penalized for deviations from the upright position, velocity, and torque applied. The agent seems to be making small adjustments to the torque to stabilize the pendulum. Given the state transition from s57 to s58 where the angular position remains relatively stable but the angular velocity decreases slightly, the agent might adjust the torque to counteract the decrease in velocity and maintain stability.","2"
"3.5","Pendulum-v1","last-action","30","Based on the agent's behavior in the provided episode, we can observe a pattern where the agent tends to adjust its actions gradually in response to changes in the state. The actions taken by the agent seem to be influenced by the current state values, rewards received, and the goal of swinging the pendulum upright. Therefore, we can expect the agent to make small adjustments to the action in the next step to continue the swing-up process.","3"
"3.5","Pendulum-v1","last-action","30","Based on the agent's behavior in the provided episode, we can see that the agent tends to adjust its actions gradually based on the state changes. The actions taken by the agent seem to be relatively small in magnitude compared to the action space range. Additionally, the rewards received by the agent indicate that it is trying to minimize the angle deviation and angular velocity while keeping the torque applied low. Given the small changes in state from s59 to s60, we can expect the action a59 to be a small adjustment as well.","2"
"3.5","Pendulum-v1","last-state","5","Based on the provided historical data up to step 4, we can observe the patterns in the state transitions. The first element of the state represents the x-coordinate (cosine of the angle), the second element represents the y-coordinate (sine of the angle), and the third element represents the angular velocity. The action taken in step 3 was slightly less than the maximum possible torque, and the rewards were decreasing gradually. Given the nature of the pendulum swing-up task, we can expect that the agent is trying to swing the pendulum upwards by applying torque in a controlled manner. Therefore, the agent is likely trying to increase the y-coordinate (sine of the angle) while minimizing the angular velocity.","2"
"3.5","Pendulum-v1","last-state","5","Based on the provided historical data up to step 5, we can observe the patterns in the state transitions. The first element of the state seems to be oscillating around 0.99, the second element is gradually decreasing, and the third element is moving towards negative values. The actions taken by the agent are mostly negative, indicating a consistent attempt to swing the pendulum in the counterclockwise direction. Considering these trends, we can make predictions for the next state transition.","3"
"3.5","Pendulum-v1","last-state","5","Based on the provided historical data up to step 6, we can observe the following patterns:
   - The x-coordinate (element 0) seems to be fluctuating slightly around the range of 0.99 to 1.0.
   - The y-coordinate (element 1) is decreasing gradually.
   - The angular velocity (element 2) is also decreasing gradually.","4"
"3.5","Pendulum-v1","last-state","5","Based on the provided historical data up to step 7, we can observe the patterns in the state transitions. The angular velocity component of the state seems to be decreasing gradually, while the x and y coordinate components are fluctuating around certain values. The actions taken by the agent also seem to be adjusting based on these state changes. Therefore, we can infer that the angular velocity tends to decrease over time, while the x and y coordinates may fluctuate around certain values.","4"
"3.5","Pendulum-v1","last-state","5","Based on the provided historical data up to step 8, we can observe the following patterns:
   - The x-coordinate (element 0) seems to be increasing slightly.
   - The y-coordinate (element 1) appears to be decreasing.
   - The angular velocity (element 2) is fluctuating but generally decreasing.","4"
"3.5","Pendulum-v1","last-state","5","Based on the provided historical data up to step 9, we can observe the patterns in the state transitions. The first element of the state represents the x-coordinate (cosine of the angle), the second element represents the y-coordinate (sine of the angle), and the third element represents the angular velocity. Given the nature of the pendulum swing-up task, we can expect that the angular velocity will have a significant impact on the state transitions. Additionally, the action taken by the agent also influences the state changes. By analyzing the historical data, we can infer how the state elements are likely to change from s10 to s11.","4"
"3.5","Pendulum-v1","last-state","5","Based on the provided historical data up to step 10, we can observe the patterns in the state transitions and the corresponding actions taken by the agent. By analyzing the changes in the state elements and rewards, we can infer the agent's behavior and the dynamics of the pendulum task. In this case, we will compare the state s11 to s12 to predict whether each element increased, decreased, or stayed unchanged before the action a11 was taken at state s11.","4"
"3.5","Pendulum-v1","last-state","5","Based on the dynamics of the pendulum system and the observed historical data up to step 11, we can infer that the pendulum tends to swing back towards the upright position due to the negative reward associated with deviating from the vertical alignment. Additionally, the angular velocity component of the state tends to decrease over time as the pendulum slows down. Therefore, we can expect that the x-coordinate (cosine of the angle) will likely increase, the y-coordinate (sine of the angle) will likely decrease, and the angular velocity will likely decrease or stay unchanged as the pendulum swings towards the upright position.","4"
"3.5","Pendulum-v1","last-state","5","Based on the historical data up to step 12, we can observe the patterns in the state transitions. The first element of the state represents the x-coordinate (cosine of the angle), the second element represents the y-coordinate (sine of the angle), and the third element represents the angular velocity. The angle of the pendulum swings between -pi and pi, and the angular velocity ranges from -8.0 to 8.0. The reward function penalizes large deviations in angle and angular velocity, as well as torque applied.","4"
"3.5","Pendulum-v1","last-state","5","Based on the provided historical data up to step 13, we can observe the patterns in the state transitions. The x-coordinate (first element) seems to be fluctuating around 1.0, the y-coordinate (second element) is gradually decreasing towards zero, and the angular velocity (third element) is also decreasing towards zero. The actions taken by the agent are varied in magnitude and direction, influencing the state changes.","4"
"3.5","Pendulum-v1","last-state","5","Based on the provided historical data up to step 14, we can observe the patterns in the state transitions. The first element of the state represents the x-coordinate (cosine of the angle), the second element represents the y-coordinate (sine of the angle), and the third element represents the angular velocity. The angle of the pendulum is crucial in determining the dynamics of the system. Given the nature of the pendulum swing-up problem, we can expect that the changes in the state elements will follow the dynamics of the pendulum system, where the torque applied affects the angle and velocity.","4"
"3.5","Pendulum-v1","last-state","5","Based on the provided historical data up to step 15, we can observe the patterns in the state transitions and the corresponding actions taken by the agent. The state elements represent the x-coordinate, y-coordinate, and angular velocity of the pendulum. By analyzing the changes in these elements from step to step, we can infer the likely direction of change for each element when transitioning from s16 to s17.","4"
"3.5","Pendulum-v1","last-state","5","Based on the provided historical data up to step 16, we can observe the patterns in the state transitions and the corresponding actions taken by the agent. The state elements represent the x coordinate, y coordinate, and angular velocity of the pendulum. By analyzing the changes in these elements from step to step, we can infer the likely direction of change for each element when transitioning from state s17 to s18.","4"
"3.5","Pendulum-v1","last-state","5","Based on the provided historical data up to step 17, we can observe the patterns in the state transitions and the corresponding actions taken by the agent. By analyzing the changes in the state elements and rewards, we can infer the agent's behavior and the dynamics of the pendulum task. In this case, we will compare the state elements of s18 and s19 to predict whether each element increased, decreased, or stayed unchanged before the action a18 was taken at state s18.","4"
"3.5","Pendulum-v1","last-state","5","Based on the provided historical data up to step 18, we can observe the patterns in the state transitions. The first element of the state represents the x-coordinate (cosine of the angle), the second element represents the y-coordinate (sine of the angle), and the third element represents the angular velocity. Given the nature of the pendulum swingup task, we can expect the x and y coordinates to oscillate around the unit circle (values close to 1 or -1) and the angular velocity to vary within the range [-8, 8]. Additionally, the action values are within the range [-2, 2], indicating the torque applied by the agent.","4"
"3.5","Pendulum-v1","last-state","5","Based on the provided historical data up to step 19, we can observe the patterns in the state transitions and the corresponding actions taken by the agent. The state elements represent the x-coordinate, y-coordinate, and angular velocity of the pendulum. By analyzing the changes in these elements from step to step, we can infer the likely direction of change for each element when transitioning from s20 to s21.","4"
"3.5","Pendulum-v1","last-state","5","Based on the provided historical data up to step 20, we can observe the patterns in the state transitions. The first element of the state represents the x-coordinate (cosine of the angle), the second element represents the y-coordinate (sine of the angle), and the third element represents the angular velocity. We will compare the elements of state s21 to s22 to deduce whether each element increased, decreased, or stayed unchanged based on the given threshold of 1e-4.","4"
"3.5","Pendulum-v1","last-state","5","Based on the provided historical data up to step 21, we can observe the patterns in the state transitions. The first element of the state seems to be relatively stable around 0.999, with minor fluctuations. The second element shows a decreasing trend, moving towards more negative values. The third element fluctuates around zero with both positive and negative values. Considering these trends, we can make predictions for the state transition from s22 to s23.","4"
"3.5","Pendulum-v1","last-state","5","Based on the provided historical data up to step 22, we can observe the patterns in the state transitions. The state elements seem to fluctuate within a certain range, and the actions taken by the agent also vary. The reward values are negative, indicating that the agent is still learning to improve its performance. Given the nature of the pendulum swingup problem, where the goal is to swing the pendulum into an upright position, we can expect the agent to adjust its actions based on the state information to achieve this goal.","4"
"3.5","Pendulum-v1","last-state","5","Based on the provided historical data, we can observe the patterns in the state transitions and rewards. The reward function penalizes the angle and angular velocity, so the agent should aim to reduce the angle and velocity to maximize rewards. Additionally, the action values indicate the torque applied by the agent. We can use this information to predict the changes in the state elements from s24 to s25.","4"
"3.5","Pendulum-v1","last-state","5","Based on the provided historical data up to step 24, we can observe the patterns in the state transitions. The first element of the state seems to oscillate around 0.999, the second element fluctuates between -0.0418 and -0.0492, and the third element varies between -0.1478 and 0.0467. The actions taken by the agent also vary in magnitude but do not show a clear pattern in relation to the state elements. Therefore, to predict the transition from s25 to s26, we will compare the elements of s25 and s26 to deduce if they increased, decreased, or stayed unchanged.","2"
"3.5","Pendulum-v1","last-state","5","Based on the provided historical data up to step 25, we can observe the patterns in the state transitions. The first element of the state seems to be relatively stable around 0.999, with minor fluctuations. The second element shows a decreasing trend, moving towards negative values. The third element varies but tends to be close to zero. Considering these trends, we can make predictions for the next state transition from s26 to s27.","4"
"3.5","Pendulum-v1","last-state","5","Based on the provided historical data up to step 26, we can observe the patterns in the state transitions and the corresponding actions taken by the agent. The state elements represent the x-coordinate, y-coordinate, and angular velocity of the pendulum. By analyzing the changes in these elements from step to step, we can infer the likely direction of change for each element when transitioning from state s27 to s28.","4"
"3.5","Pendulum-v1","last-state","5","Based on the provided historical data, we can observe the patterns in the state transitions and the corresponding actions taken by the agent. The state elements represent the x-coordinate, y-coordinate, and angular velocity of the pendulum. By analyzing the changes in these elements from step to step, we can infer the likely direction of change for each element when transitioning from state s28 to s29.","4"
"3.5","Pendulum-v1","last-state","5","Based on the provided historical data up to step 28, we can observe the patterns in the state transitions. The first element of the state represents the x-coordinate (cosine of the angle), the second element represents the y-coordinate (sine of the angle), and the third element represents the angular velocity. Given the nature of the pendulum swing-up task, we can expect that the x and y coordinates will oscillate around certain values as the pendulum swings, while the angular velocity may vary based on the applied torque.","4"
"3.5","Pendulum-v1","last-state","5","Based on the provided historical data, we can observe the patterns in the state transitions and the corresponding actions and rewards. The state elements represent the x-coordinate, y-coordinate, and angular velocity of the pendulum. By analyzing the changes in these elements from step to step, we can infer the dynamics of the system and predict how each element of the state s30 changed to reach s31.","4"
"3.5","Pendulum-v1","last-state","5","Based on the provided historical data up to step 30, we can observe the patterns in the state transitions and the corresponding actions taken by the agent. The state elements represent the x-coordinate, y-coordinate, and angular velocity of the pendulum. By analyzing the changes in these elements from step to step, we can infer the likely direction of change for each element when transitioning from state s31 to s32.","4"
"3.5","Pendulum-v1","last-state","5","Based on the historical data up to step 31, we can observe the patterns in the state transitions. The first element of the state seems to oscillate around 0.998, with slight variations. The second element shows a decreasing trend, moving towards -0.05. The third element fluctuates around 0 with both positive and negative values. Considering these trends, we can make predictions for the state transition from s32 to s33.","2"
"3.5","Pendulum-v1","last-state","5","Based on the provided historical data up to step 32, we can observe the patterns in the state transitions. The first element of the state seems to be relatively stable, with minor fluctuations. The second element shows some variation, while the third element also exhibits slight changes. The actions taken by the agent seem to be influenced by the angular position and velocity of the pendulum. Considering these patterns, we can make predictions for the state transition from s33 to s34.","4"
"3.5","Pendulum-v1","last-state","5","Based on the provided historical data up to step 33, we can observe the patterns in the state transitions. The first element of the state seems to oscillate around 0.9986 to 0.9989, the second element oscillates around -0.0528 to -0.0475, and the third element oscillates around -0.1588 to 0.0994. The actions taken by the agent also vary but are within the range of -2.0 to 2.0.","2"
"3.5","Pendulum-v1","last-state","10","Based on the provided historical data, we can observe the patterns in the state transitions and the actions taken by the agent. The state elements represent the x-coordinate, y-coordinate, and angular velocity of the pendulum. The angular velocity tends to decrease as the pendulum swings up due to the torque applied. The x and y coordinates change as the pendulum swings, with the x-coordinate (cosine of the angle) decreasing and the y-coordinate (sine of the angle) increasing as the pendulum swings from left to right. The torque actions are mostly negative (counterclockwise) to swing the pendulum upwards.","3"
"3.5","Pendulum-v1","last-state","10","Based on the historical data up to step 10, we can observe the patterns in the state transitions. The x-coordinate (element 0) seems to be increasing, the y-coordinate (element 1) is fluctuating but generally decreasing, and the angular velocity (element 2) is also fluctuating but mostly decreasing. Therefore, we can predict the likely changes in the state elements from s11 to s12.","4"
"3.5","Pendulum-v1","last-state","10","Based on the historical data up to step 11, we can observe the following patterns:
   - The x-coordinate (first element) of the state seems to fluctuate around 1.0, with slight variations.
   - The y-coordinate (second element) of the state shows a decreasing trend, moving towards zero.
   - The angular velocity (third element) of the state varies but tends to be negative.","4"
"3.5","Pendulum-v1","last-state","10","Based on the historical data provided, we can observe the patterns in the state transitions and the corresponding actions taken by the agent. The state elements represent the x-coordinate, y-coordinate, and angular velocity of the pendulum. The action values represent the torque applied to the pendulum. By analyzing the changes in state elements and rewards, we can infer the agent's behavior and the effects of different actions on the pendulum's dynamics.","4"
"3.5","Pendulum-v1","last-state","10","Based on the historical data provided, we can observe the patterns in the state transitions. The x-coordinate (first element) seems to be increasing, the y-coordinate (second element) is decreasing, and the angular velocity (third element) is fluctuating but generally decreasing. Therefore, we can use this information to predict the changes in state elements from s14 to s15.","4"
"3.5","Pendulum-v1","last-state","10","Based on the historical data provided, we can observe the following patterns:
   - The x-coordinate (first element) tends to stay relatively close to 1.0, with minor fluctuations.
   - The y-coordinate (second element) shows more variability but generally stays close to zero.
   - The angular velocity (third element) fluctuates more significantly but tends to be around -0.2 to -0.3.","2"
"3.5","Pendulum-v1","last-state","10","Based on the historical data provided, we can observe the patterns in the state transitions. The first element of the state seems to oscillate around 1.0, the second element decreases gradually, and the third element fluctuates around 0.0. The actions taken by the agent also vary in magnitude. Considering these patterns, we can make predictions for the state elements in step 16.","4"
"3.5","Pendulum-v1","last-state","10","Based on the historical data up to step 16, we can observe the following patterns:
   - The x-coordinate (first element) of the state seems to be fluctuating around 0.999, with small variations.
   - The y-coordinate (second element) of the state is decreasing gradually.
   - The angular velocity (third element) of the state is also decreasing gradually.","4"
"3.5","Pendulum-v1","last-state","10","Based on the provided historical data, we can observe the patterns in the state transitions and the corresponding actions taken by the agent. The state elements represent the x coordinate, y coordinate, and angular velocity of the pendulum. By analyzing the changes in these elements from step to step, we can infer the likely direction of change for each element when transitioning from s18 to s19.","4"
"3.5","Pendulum-v1","last-state","10","Based on the provided historical data, we can observe the patterns in the state transitions and the corresponding actions taken by the agent. The state elements represent the x-coordinate, y-coordinate, and angular velocity of the pendulum. The angular velocity tends to decrease towards zero when the pendulum is closer to the upright position. The x and y coordinates change as the pendulum swings. The actions taken by the agent also influence the state transitions. By analyzing the historical data, we can infer the general trends in how the state elements change in response to actions.","4"
"3.5","Pendulum-v1","last-state","10","Based on the provided historical data, we can observe the patterns in the state transitions and the corresponding actions taken by the agent. The state elements represent the x-coordinate, y-coordinate, and angular velocity of the pendulum. The agent's actions are torque values applied to the pendulum. By analyzing the trends in the state changes, we can infer how each element of the state might have evolved from s20 to s21.","4"
"3.5","Pendulum-v1","last-state","10","Based on the historical data provided, we can observe the patterns in the state transitions and the corresponding actions taken by the agent. The state elements represent the x coordinate, y coordinate, and angular velocity of the pendulum. By analyzing the changes in these elements from step to step, we can infer the likely direction of change for each element when transitioning from s21 to s22.","4"
"3.5","Pendulum-v1","last-state","10","Based on the historical data up to step 21, we can observe the patterns in the state transitions. The x-coordinate (first element) seems to be decreasing slightly, the y-coordinate (second element) is increasing, and the angular velocity (third element) is fluctuating but generally decreasing. Therefore, we can predict the changes in the state elements from s22 to s23 accordingly.","4"
"3.5","Pendulum-v1","last-state","10","Based on the historical data up to step 22, we can observe the following patterns:
   - The x-coordinate (first element) of the state seems to be decreasing slightly over time.
   - The y-coordinate (second element) of the state is fluctuating but generally decreasing.
   - The angular velocity (third element) of the state is also fluctuating but tends to stay within a certain range.","4"
"3.5","Pendulum-v1","last-state","10","Based on the historical data up to step 23, we can observe the patterns in the state transitions. The first element (x-coordinate) seems to fluctuate slightly, the second element (y-coordinate) tends to decrease gradually, and the third element (angular velocity) also fluctuates but with no clear trend. Considering these patterns, we can make predictions for the state transition from s24 to s25.","4"
"3.5","Pendulum-v1","last-state","10","Based on the historical data up to step 24, we can observe the following patterns:
   - The x-coordinate (first element) of the state seems to fluctuate around 0.999, with small variations.
   - The y-coordinate (second element) of the state shows a decreasing trend overall.
   - The angular velocity (third element) of the state varies but tends to stay within a certain range.","4"
"3.5","Pendulum-v1","last-state","10","Based on the historical data provided, we can observe the patterns in the state transitions. The first element of the state seems to decrease gradually, the second element fluctuates but tends to decrease, and the third element fluctuates around zero. The actions taken by the agent also vary, indicating the complexity of the task. Considering these patterns, we can make predictions for the state elements in step 26.","4"
"3.5","Pendulum-v1","last-state","10","Based on the historical data up to step 26, we can observe the following patterns:
   - The x-coordinate (first element) of the state seems to fluctuate around 0.999, with small variations.
   - The y-coordinate (second element) of the state shows some variability but tends to stay close to -0.045.
   - The angular velocity (third element) of the state also fluctuates but generally remains within a certain range.","2"
"3.5","Pendulum-v1","last-state","10","Based on the historical data provided, we can observe the patterns in the state transitions and the corresponding actions taken by the agent. The state elements represent the x coordinate, y coordinate, and angular velocity of the pendulum. The agent's actions and rewards are also indicative of the agent's behavior. By analyzing the trends in the state changes and actions, we can make predictions about the next state transition.","4"
"3.5","Pendulum-v1","last-state","10","Based on the historical data up to step 28, we can observe the patterns in the state transitions. The first element of the state seems to fluctuate around 0.999, the second element decreases slightly, and the third element fluctuates around 0. The actions taken by the agent also vary in magnitude. Considering these patterns, we can make predictions for the state transition from s29 to s30.","4"
"3.5","Pendulum-v1","last-state","10","Based on the historical data provided, we can observe the patterns in the state transitions. The first element of the state seems to oscillate around 0.999, with slight variations. The second element shows a decreasing trend, moving towards -0.05. The third element fluctuates around 0 with small variations. Considering these trends, we can make predictions for the state elements in step 30.","2"
"3.5","Pendulum-v1","last-state","10","Based on the historical data up to step 30, we can observe the following patterns:
   - The x-coordinate (first element) of the state seems to fluctuate around 0.999, with small variations.
   - The y-coordinate (second element) of the state shows some variation but tends to stay close to -0.048.
   - The angular velocity (third element) of the state also fluctuates but remains within a small range around 0.","2"
"3.5","Pendulum-v1","last-state","10","Based on the historical data provided, we can observe patterns in the transitions between states. The first element of the state seems to oscillate around 0.999, the second element decreases gradually, and the third element fluctuates around 0. This suggests that the pendulum is swinging back and forth while losing some height. The actions taken by the agent also vary in magnitude, indicating adjustments to control the pendulum's movement.","4"
"3.5","Pendulum-v1","last-state","10","Based on the historical data up to step 32, we can observe the patterns in the state transitions. The first element of the state seems to oscillate around 0.999, the second element decreases gradually, and the third element fluctuates around 0. The actions taken by the agent also vary in magnitude. Considering these patterns, we can make predictions for the state elements in step 33.","4"
"3.5","Pendulum-v1","last-state","10","Based on the historical data up to step 33, we can observe the patterns in the state transitions. The first element of the state seems to oscillate around 0.999, the second element fluctuates between -0.04 and -0.05, and the third element varies between positive and negative values. The actions taken by the agent also vary in magnitude. Considering these patterns, we can make predictions for the state elements in step 34.","2"
"3.5","Pendulum-v1","last-state","10","Based on the provided historical data, we can observe patterns in the state transitions and the corresponding actions taken by the agent. The state consists of three elements: x-coordinate, y-coordinate, and angular velocity. By analyzing the changes in these elements from step to step, we can infer the likely direction of change for each element when transitioning from state s35 to s36.","4"
"3.5","Pendulum-v1","last-state","10","Based on the historical data provided, we can observe patterns in the state transitions. The first element of the state seems to oscillate around 0.999, with slight variations. The second element shows a decreasing trend, moving towards -0.04. The third element fluctuates around 0.1 with both positive and negative values. Considering these trends, we can make predictions for the state elements in step 36.","2"
"3.5","Pendulum-v1","last-state","10","Based on the historical data up to step 36, we can observe the patterns in the state transitions. The first element of the state seems to fluctuate around 0.999, the second element decreases slightly, and the third element fluctuates around 0. The actions taken by the agent also vary in magnitude. Considering these patterns, we can make predictions for the state elements in step 37.","4"
"3.5","Pendulum-v1","last-state","10","Based on the historical data provided, we can observe patterns in the changes of state elements between consecutive steps. The angular position (element 0) seems to fluctuate around the same range, with small variations. The y-coordinate (element 1) shows a decreasing trend, while the angular velocity (element 2) fluctuates but generally remains close to the previous value. The actions taken by the agent also vary, indicating the need for adjustments based on the state. Considering these patterns, we can make predictions for the next state transition.","4"
"3.5","Pendulum-v1","last-state","10","Based on the provided historical data, we can observe patterns in the state transitions. The first element of the state seems to oscillate around 0.998, with slight variations. The second element fluctuates between -0.0554 and -0.04, showing a decreasing trend. The third element varies between -0.2468 and 0.1217, with no clear trend. Considering these patterns, we can make predictions for the state elements in step 39.","2"
"3.5","Pendulum-v1","last-state","20","Based on the historical data up to step 19, we can observe the following patterns:
   - The x-coordinate (first element) of the state seems to be fluctuating around 0.999, with small variations.
   - The y-coordinate (second element) of the state is decreasing gradually.
   - The angular velocity (third element) of the state is also decreasing gradually.","4"
"3.5","Pendulum-v1","last-state","20","Based on the historical data up to step 20, we can observe the patterns in the state transitions. The first element of the state seems to oscillate around 0.999, the second element decreases gradually, and the third element fluctuates around 0. The actions taken by the agent also vary but are generally within the range of -2 to 2. Given these observations, we can make predictions about the transition from s21 to s22.","4"
"3.5","Pendulum-v1","last-state","20","Based on the historical data up to step 21, we can observe the patterns in the state transitions. The x-coordinate (first element) seems to be decreasing slightly, the y-coordinate (second element) is also decreasing, and the angular velocity (third element) is fluctuating but generally decreasing. Therefore, we can predict the likely changes in the state elements from s22 to s23.","4"
"3.5","Pendulum-v1","last-state","20","Based on the historical data up to step 22, we can observe the following patterns:
   - The x-coordinate (first element) of the state tends to decrease slightly over time.
   - The y-coordinate (second element) of the state tends to decrease slightly over time.
   - The angular velocity (third element) of the state fluctuates but generally stays close to the previous value.","4"
"3.5","Pendulum-v1","last-state","20","Based on the historical data provided, we can observe the patterns in the transitions between states. The x-coordinate (first element) seems to be relatively stable, with small fluctuations. The y-coordinate (second element) shows a decreasing trend overall. The angular velocity (third element) varies but tends to stay within a certain range. Considering these patterns, we can make predictions for the transition from s24 to s25.","4"
"3.5","Pendulum-v1","last-state","20","Based on the historical data provided, we can observe the following patterns:
   - The first element of the state seems to oscillate around 0.999, with slight variations.
   - The second element of the state tends to decrease gradually over time.
   - The third element of the state shows more significant fluctuations but generally stays close to zero.","4"
"3.5","Pendulum-v1","last-state","20","Based on the historical data up to step 25, we can observe the patterns in the state transitions. The first element of the state seems to be gradually decreasing, the second element fluctuates but tends to decrease, and the third element fluctuates around zero. The action taken by the agent also varies, indicating the complexity of the system dynamics. Considering these observations, we can make predictions for the state elements in step 26.","4"
"3.5","Pendulum-v1","last-state","20","Based on the historical data up to step 26, we can observe the following patterns:
   - The x-coordinate (first element) tends to stay relatively close to 1.0, with minor fluctuations.
   - The y-coordinate (second element) fluctuates but generally stays close to -0.045.
   - The angular velocity (third element) varies but remains within a certain range around 0.","2"
"3.5","Pendulum-v1","last-state","20","Based on the historical data up to step 27, we can observe the patterns in the state transitions. The x-coordinate (first element) seems to be decreasing slightly, the y-coordinate (second element) is fluctuating but generally decreasing, and the angular velocity (third element) is also decreasing. The actions taken by the agent are varied but tend to be positive and negative, indicating a mix of swinging the pendulum in both directions.","4"
"3.5","Pendulum-v1","last-state","20","Based on the historical data up to step 28, we can observe the following patterns:
   - The x-coordinate (first element) of the state seems to fluctuate around 0.999, with small variations.
   - The y-coordinate (second element) of the state shows a decreasing trend overall.
   - The angular velocity (third element) of the state also fluctuates but tends to stay close to zero.","4"
"3.5","Pendulum-v1","last-state","20","Based on the historical data provided, we can observe the patterns in the state transitions. The first element of the state represents the x-coordinate, which is the cosine of the angle. The second element represents the y-coordinate, which is the sine of the angle. The third element represents the angular velocity. Looking at the transitions, we can see that the angle (and hence the x and y coordinates) tend to change gradually, while the angular velocity can vary more significantly based on the applied torque. Therefore, we can expect small changes in the x and y coordinates and potentially a larger change in the angular velocity when comparing s30 to s31.","4"
"3.5","Pendulum-v1","last-state","20","By observing the historical data up to step 30, we can see that the pendulum's angle (first element) tends to fluctuate around a certain range, the y-coordinate (second element) decreases gradually, and the angular velocity (third element) also fluctuates but generally stays within a certain range. The actions taken by the agent seem to be influenced by the current angle and velocity of the pendulum.","4"
"3.5","Pendulum-v1","last-state","20","Based on the historical data provided, we can observe the patterns in the state transitions. The first element of the state seems to fluctuate around 0.999, the second element decreases gradually, and the third element also fluctuates but tends to be close to zero. The actions taken by the agent also vary in magnitude and direction. Considering these patterns, we can make predictions for the state transition from s32 to s33.","4"
"3.5","Pendulum-v1","last-state","20","Based on the historical data up to step 32, we can observe the following patterns:
   - The x-coordinate (first element) of the state seems to fluctuate around 0.999, with small variations.
   - The y-coordinate (second element) of the state tends to decrease gradually over time.
   - The angular velocity (third element) of the state shows fluctuations around 0, with both positive and negative values.","4"
"3.5","Pendulum-v1","last-state","20","Based on the historical data up to step 33, we can observe the patterns in the state transitions. The first element of the state seems to fluctuate around 0.999, the second element decreases gradually, and the third element fluctuates around 0. The actions taken by the agent also vary but are generally within the range of -2.0 to 2.0. Given these observations, we can make predictions for the state elements in step 34.","4"
"3.5","Pendulum-v1","last-state","20","Based on the historical data, we can observe the patterns in the state transitions and the actions taken by the agent. The state elements seem to fluctuate within a certain range, and the actions taken by the agent also vary. By comparing the state transitions from step to step, we can infer the general behavior of the system and make predictions about the next state.","4"
"3.5","Pendulum-v1","last-state","20","Based on the historical data provided, we can observe the patterns in the state transitions. The first element of the state seems to oscillate around 0.999, with slight variations. The second element shows a decreasing trend overall, moving towards -0.04. The third element fluctuates around 0, with both positive and negative values. Considering these trends, we can make predictions for the state transition from s36 to s37.","2"
"3.5","Pendulum-v1","last-state","20","Based on the historical data up to step 36, we can observe the following patterns:
   - The x-coordinate (first element) of the state seems to fluctuate around 0.999, with slight variations.
   - The y-coordinate (second element) of the state tends to decrease gradually.
   - The angular velocity (third element) of the state shows variations but generally stays within a certain range.","4"
"3.5","Pendulum-v1","last-state","20","Based on the historical data up to step 37, we can observe the patterns in the state transitions. The angular position (element 0) seems to fluctuate around the same range, with slight variations. The y-coordinate (element 1) has been decreasing gradually, and the angular velocity (element 2) has been fluctuating around zero with some variations. The actions taken by the agent have been varied in magnitude and direction.","4"
"3.5","Pendulum-v1","last-state","20","Based on the historical data provided, we can observe patterns in the state transitions. The first element of the state seems to oscillate around 0.999, the second element decreases gradually, and the third element fluctuates around 0. The actions taken by the agent also vary in magnitude. Considering these patterns, we can make predictions about the transition from s39 to s40.","4"
"3.5","Pendulum-v1","last-state","20","Based on the historical data, we can observe the patterns in the state transitions and the corresponding actions taken by the agent. The state elements seem to fluctuate around certain values, with some gradual changes. The action values also vary within a certain range. By analyzing the historical data, we can infer the general trends in how the state elements change in response to the actions taken by the agent.","4"
"3.5","Pendulum-v1","last-state","20","Based on the historical data provided, we can observe patterns in the transitions between states. The first element of the state seems to oscillate around 0.999, the second element fluctuates between -0.05 and -0.03, and the third element varies between negative and positive values. The actions taken by the agent also vary in magnitude. Considering these patterns, we can make predictions about the changes in state elements from s41 to s42.","2"
"3.5","Pendulum-v1","last-state","20","Based on the provided historical data, we can observe patterns in the state transitions. The x-coordinate (first element) seems to fluctuate around 0.999, the y-coordinate (second element) varies between -0.04 and -0.055, and the angular velocity (third element) fluctuates around 0.1. The actions taken by the agent also vary in magnitude but tend to be within the range of -2.0 to 2.0. Given these observations, we can predict the changes in the state elements from s42 to s43.","2"
"3.5","Pendulum-v1","last-state","20","Based on the provided historical data, we can observe patterns in the transitions between states. The first element of the state represents the x-coordinate, the second element represents the y-coordinate, and the third element represents the angular velocity. We will analyze the changes in these elements from step to step to predict the transition from state s43 to s44.","4"
"3.5","Pendulum-v1","last-state","20","Based on the historical data up to step 43, we can observe the following patterns:
   - The x-coordinate (first element) of the state seems to fluctuate around 0.999 with small variations.
   - The y-coordinate (second element) of the state shows a decreasing trend overall.
   - The angular velocity (third element) of the state varies but tends to stay within a certain range.","4"
"3.5","Pendulum-v1","last-state","20","Based on the historical data provided, we can observe the patterns in the state transitions. The first element of the state seems to oscillate around 0.999, with slight variations. The second element shows a decreasing trend, moving towards -0.04. The third element fluctuates around small values close to zero. Considering these trends, we can make predictions for the state transition from s45 to s46.","2"
"3.5","Pendulum-v1","last-state","20","Based on the historical data provided, we can observe the patterns in the state transitions. The first element of the state seems to oscillate around 0.999, with slight variations. The second element tends to decrease gradually, while the third element fluctuates around zero. The action values also vary but do not show a clear pattern. Considering these trends, we can make predictions for the next state transition.","4"
"3.5","Pendulum-v1","last-state","20","Based on the historical data provided, we can observe patterns in the changes of state elements from step to step. The angular position (element 0) seems to fluctuate around 0.999, the y-coordinate (element 1) decreases gradually, and the angular velocity (element 2) fluctuates around 0.1. The actions taken by the agent also vary in magnitude and direction. Considering these patterns, we can make predictions about the transition from state s47 to s48.","2"
"3.5","Pendulum-v1","last-state","20","Based on the historical data up to step 47, we can observe the following patterns:
   - The x-coordinate (first element) of the state seems to fluctuate around 0.999 with small variations.
   - The y-coordinate (second element) of the state tends to decrease gradually.
   - The angular velocity (third element) of the state shows fluctuations but generally stays close to zero.","4"
"3.5","Pendulum-v1","last-state","20","Based on the historical data provided, we can observe the following patterns:
   - The x-coordinate (first element) of the state seems to fluctuate around 0.999, with slight variations.
   - The y-coordinate (second element) of the state shows a decreasing trend overall.
   - The angular velocity (third element) of the state appears to have small fluctuations around 0.","4"
"3.5","Pendulum-v1","last-state","30","Based on the historical data up to step 29, we can observe the patterns in the state transitions. The first element of the state seems to decrease gradually, the second element fluctuates but tends to decrease overall, and the third element fluctuates around zero. The actions taken by the agent also seem to be influenced by the state elements and the rewards received.","4"
"3.5","Pendulum-v1","last-state","30","By observing the historical data up to step 30, we can see that the pendulum's behavior is influenced by the applied torque and the current state. The reward function penalizes large deviations in angle, angular velocity, and torque. The pendulum tends to stabilize around the upright position (theta = 0) with low angular velocity and minimal torque. Given the patterns observed, we can infer that the pendulum tends to move towards the upright position while minimizing deviations in angle, angular velocity, and torque.","4"
"3.5","Pendulum-v1","last-state","30","Based on the historical data up to step 31, we can observe the patterns in the state transitions. The angular position (element 0) seems to be fluctuating around the same range, with small variations. The y-coordinate (element 1) has been decreasing gradually, and the angular velocity (element 2) has been fluctuating around zero with small changes. Therefore, we can predict the likely changes in the state elements from s32 to s33 based on these observations.","4"
"3.5","Pendulum-v1","last-state","30","Based on the historical data up to step 32, we can observe the following patterns:
   - The x-coordinate (first element) of the state seems to fluctuate around 0.999, with small variations.
   - The y-coordinate (second element) of the state tends to decrease gradually.
   - The angular velocity (third element) of the state shows fluctuations but generally remains close to zero.","4"
"3.5","Pendulum-v1","last-state","30","Based on the historical data up to step 33, we can observe the patterns in the state transitions. The x-coordinate (first element) seems to be fluctuating around 0.999, the y-coordinate (second element) is decreasing gradually, and the angular velocity (third element) is fluctuating around 0. The actions taken by the agent also vary in magnitude. Considering these trends, we can make predictions for the state elements in step 34.","4"
"3.5","Pendulum-v1","last-state","30","The angular position (first element) of the pendulum is expected to decrease as the pendulum swings back towards the vertical position. The y-coordinate (second element) might decrease slightly as the pendulum moves closer to the vertical axis. The angular velocity (third element) might increase slightly due to the pendulum's motion.","4"
"3.5","Pendulum-v1","last-state","30","Based on the historical data, we can observe the patterns in the state transitions. The x-coordinate (first element) and y-coordinate (second element) of the state seem to oscillate around certain values, while the angular velocity (third element) varies more significantly. The actions taken by the agent also influence the state transitions. Therefore, to predict the previous state s36, we need to consider the trends in the x, y coordinates, and angular velocity, as well as the impact of the action taken at s36.","4"
"3.5","Pendulum-v1","last-state","30","Based on the historical data up to step 36, we can observe the patterns in the state transitions. The angular position (element 0) tends to fluctuate around 0.999, the y-coordinate (element 1) decreases gradually, and the angular velocity (element 2) fluctuates around negative values. The actions taken by the agent also vary in magnitude and direction. Considering these trends, we can make predictions for the state transition from s37 to s38.","4"
"3.5","Pendulum-v1","last-state","30","Based on the historical data up to step 37, we can observe the patterns in the state transitions. The angular position (first element) seems to fluctuate around 0.999, the y-coordinate (second element) decreases gradually, and the angular velocity (third element) fluctuates around 0.","4"
"3.5","Pendulum-v1","last-state","30","Based on the historical data up to step 38, we can observe the patterns in the state transitions. The first element of the state seems to fluctuate around 0.999, the second element decreases gradually, and the third element fluctuates around 0. The actions taken by the agent also vary in magnitude. Considering these patterns, we can make predictions about the state transition from s39 to s40.","4"
"3.5","Pendulum-v1","last-state","30","Based on the historical data provided, we can observe patterns in the transitions between states. The angular position (element 0) tends to fluctuate around 0.999, the y-coordinate (element 1) fluctuates with both increases and decreases, and the angular velocity (element 2) also fluctuates around small values. The actions taken by the agent seem to be influenced by the deviations from the upright position and the angular velocity. Therefore, we can predict the changes in the state elements based on these observed patterns.","4"
"3.5","Pendulum-v1","last-state","30","By observing the historical data up to step 40, we can see patterns in the changes of the state elements. The angular position (first element) seems to fluctuate around 0.999, the y-coordinate (second element) varies but tends to decrease, and the angular velocity (third element) fluctuates around 0.1. The actions taken by the agent also vary in magnitude, indicating adjustments in torque to control the pendulum. Based on these observations, we can make predictions for the state transition from s41 to s42.","2"
"3.5","Pendulum-v1","last-state","30","Based on the historical data provided, we can observe patterns in the transitions between states. The angular position (second element) seems to fluctuate more compared to the other elements, while the angular velocity (third element) shows relatively smaller changes. The torque actions taken by the agent also vary in magnitude. Considering these patterns, we can make predictions about the transition from state s42 to s43.","4"
"3.5","Pendulum-v1","last-state","30","Based on the historical data provided, we can observe patterns in the transitions between states. The first element of the state represents the x-coordinate, the second element represents the y-coordinate, and the third element represents the angular velocity. Looking at the historical data, we can see that the x-coordinate and y-coordinate tend to fluctuate around certain values, while the angular velocity varies more significantly. The actions taken by the agent also influence the changes in the state elements. By analyzing the trends in the historical data, we can make predictions about the changes in state elements from s43 to s44.","4"
"3.5","Pendulum-v1","last-state","30","Based on the historical data up to step 43, we can observe the following patterns:
   - The x-coordinate (first element) of the state seems to fluctuate around 0.999, with small variations.
   - The y-coordinate (second element) of the state has been decreasing gradually.
   - The angular velocity (third element) of the state has been fluctuating around 0 with both positive and negative values.","4"
"3.5","Pendulum-v1","last-state","30","Based on the historical data up to step 44, we can observe the following patterns:
   - The x-coordinate (first element) of the state seems to fluctuate around 0.999, with small variations.
   - The y-coordinate (second element) of the state shows a decreasing trend overall.
   - The angular velocity (third element) of the state varies but tends to stay within a certain range.","4"
"3.5","Pendulum-v1","last-state","30","Based on the historical data, we can observe patterns in the transitions between states. The x-coordinate (first element) and y-coordinate (second element) of the state seem to fluctuate around certain values, while the angular velocity (third element) varies more significantly. The actions taken by the agent also influence these changes. Therefore, to predict the previous state s46 before transitioning to s47, we need to consider the trends observed in the historical data and how the action a46 might have affected the transition.","4"
"3.5","Pendulum-v1","last-state","30","Based on the historical data provided, we can observe the patterns in the state transitions and the corresponding actions taken by the agent. The state elements seem to fluctuate within a certain range, and the actions taken by the agent also vary. By analyzing the trends in the state transitions, we can make predictions about the next state based on the given information.","4"
"3.5","Pendulum-v1","last-state","30","- Based on the historical data, the angular position (state element at index 1) seems to fluctuate around the same range, with small variations. The angular velocity (state element at index 2) also shows small changes. The action taken by the agent seems to be adjusting based on these small variations. Therefore, it is likely that the angular position and angular velocity will stay relatively unchanged between s48 and s49, with minor fluctuations.","4"
"3.5","Pendulum-v1","last-state","30","Based on the historical data up to step 48, we can observe the following patterns:
   - The x-coordinate (first element) of the state seems to fluctuate around 0.999 with small variations.
   - The y-coordinate (second element) of the state shows a decreasing trend overall.
   - The angular velocity (third element) of the state varies but generally stays within a certain range.","4"
"3.5","Pendulum-v1","last-state","30","Based on the historical data, we can observe the patterns in the state transitions and the corresponding actions taken by the agent. The state elements represent the x coordinate, y coordinate, and angular velocity of the pendulum. By analyzing the changes in these elements from step to step, we can deduce the likely direction of change for each element when transitioning from state s50 to s51.","4"
"3.5","Pendulum-v1","last-state","30","Based on the historical data, we can observe the following patterns:
   - The x-coordinate (first element) of the state seems to fluctuate around 0.999 with small variations.
   - The y-coordinate (second element) of the state shows a decreasing trend overall.
   - The angular velocity (third element) of the state fluctuates around 0 with small variations.","4"
"3.5","Pendulum-v1","last-state","30","- Based on the historical data, we can observe patterns in the state transitions and the corresponding actions taken by the agent. By analyzing the changes in the state elements from step to step, we can infer the likely direction of change for each element when transitioning from state s52 to s53.","4"
"3.5","Pendulum-v1","last-state","30","- Based on the historical data, we can observe patterns in the state transitions and the corresponding actions taken by the agent. By analyzing the changes in the state elements from step to step, we can infer the general behavior of the system and make predictions about the next state transition.","4"
"3.5","Pendulum-v1","last-state","30","Based on the historical data, we can observe patterns in the transitions between states. The angular position (first element) tends to fluctuate around a certain range, the y-coordinate (second element) varies more significantly, and the angular velocity (third element) also fluctuates but with smaller variations compared to the y-coordinate. The actions taken by the agent seem to be influenced by the deviations from the upright position and the angular velocity. Given these observations, we can make predictions about the changes in state elements from s54 to s55.","4"
"3.5","Pendulum-v1","last-state","30","Based on the historical data provided, we can observe patterns in the transitions between states. The angular position (first element) seems to fluctuate around the range of 0.9985 to 0.9991, with occasional decreases. The y-coordinate (second element) tends to decrease gradually, while the angular velocity (third element) varies but generally stays within the range of -0.2468 to 0.1703. Considering these trends, we can make predictions for the state transition from s55 to s56.","2"
"3.5","Pendulum-v1","last-state","30","- Based on the historical data, we can observe patterns in the transitions between states. The angular position (first element) and angular velocity (second element) seem to fluctuate around certain values, while the torque applied (action) varies. The reward values also provide an indication of the agent's performance in each step. By comparing the state elements of s56 and s57, we can infer the likely changes that occurred.","4"
"3.5","Pendulum-v1","last-state","30","By analyzing the historical data, we can observe the patterns in the state transitions. The angular position (first element) tends to fluctuate around a certain range, the y-coordinate (second element) shows variations, and the angular velocity (third element) also fluctuates. The actions taken by the agent seem to be based on the deviations from the upright position and the velocity of the pendulum. Given these observations, we can make predictions about the state elements transitioning from s57 to s58.","4"
"3.5","Pendulum-v1","last-state","30","Based on the historical data up to step 57, we can observe the following patterns:
   - The x-coordinate (first element) of the state seems to fluctuate around 0.999 with small variations.
   - The y-coordinate (second element) of the state tends to decrease gradually.
   - The angular velocity (third element) of the state shows fluctuations but generally stays within a certain range.","4"
"3.5","Pendulum-v1","last-state","30","Based on the historical data up to step 58, we can observe patterns in the state transitions. The x-coordinate (first element) and y-coordinate (second element) of the state seem to fluctuate around certain values, while the angular velocity (third element) varies more significantly. The actions taken by the agent also vary in magnitude and direction. Given these observations, we can predict the changes in the state elements from s59 to s60.","4"
"3.5","Pendulum-v1","next-action","5","Based on the reward function for the Pendulum-v1 task, the agent aims to minimize the value of the expression -(theta^2 + 0.1 * theta_dt^2 + 0.001 * torque^2). Given the state s5 = [[0.9906, 0.1366, -0.1319]], the angle theta is close to 0, the angular velocity theta_dt is negative, and the torque is also negative. To maximize the reward, the agent should apply a positive torque to counteract the negative angular velocity and move the pendulum towards the upright position.","4"
"3.5","Pendulum-v1","next-action","5","Based on the provided sequence of steps, we can observe that the agent tends to apply negative torque values consistently. The rewards received are relatively small, indicating that the agent is trying to stabilize the pendulum rather than swinging it aggressively. Additionally, the angular velocity is decreasing over the steps, suggesting a gradual approach towards the upright position. Given the decreasing angular velocity and the trend of applying negative torque, the agent is likely to continue with a negative torque value in the next step to further stabilize the pendulum.","3"
"3.5","Pendulum-v1","next-action","5","Based on the provided sequence of states, actions, and rewards, we can observe that the agent is gradually moving the pendulum towards the upright position. The actions taken by the agent seem to be adjusting based on the current state to minimize the negative reward. As the pendulum is swinging towards the upright position, the agent is likely to continue adjusting the torque applied to stabilize the pendulum.","4"
"3.5","Pendulum-v1","next-action","5","The agent seems to be gradually decreasing the torque applied as the episode progresses, likely trying to stabilize the pendulum in an upright position. Given the trend of decreasing torque and the state moving towards an upright position (y coordinate increasing and angular velocity decreasing), the agent will probably continue this trend by applying a torque closer to zero.","3"
"3.5","Pendulum-v1","next-action","5","Based on the provided sequence of states, actions, and rewards, we can observe a pattern where the agent is gradually decreasing the torque applied as the pendulum swings closer to the upright position. The agent seems to be adjusting the torque based on the current state of the pendulum to achieve the goal of swinging it upright. Given the decreasing torque trend and the state s9 being closer to the upright position, it is likely that the agent will continue to decrease the torque in the next step.","3"
"3.5","Pendulum-v1","next-action","5","The agent seems to be gradually decreasing the torque applied as the episode progresses, as seen from the decreasing rewards. The agent is likely trying to stabilize the pendulum in an upright position. Given the state at step 9 where the angular velocity is negative and the pendulum is not close to the upright position, the agent may need to apply a positive torque to counteract the angular velocity and swing the pendulum towards the upright position.","2"
"3.5","Pendulum-v1","next-action","5","Based on the provided sequence of states, actions, and rewards, we can observe the agent's behavior in response to different states. The agent seems to be trying to swing the pendulum towards the upright position by applying torque in both positive and negative directions. The rewards received by the agent indicate that it is moving towards the goal of balancing the pendulum. In the next state s11 where the pendulum is close to the upright position, the agent will likely apply an action that helps stabilize the pendulum further.","3"
"3.5","Pendulum-v1","next-action","5","Based on the provided sequence of states, actions, and rewards, we can observe the agent's behavior in response to different states. The agent seems to be making adjustments in its actions to optimize the reward based on the state it is in. Since the state at step 12 is very close to the state at step 11 but with a negative y-coordinate, the agent might continue its trend of adjusting the action to maintain stability or move towards a more optimal state.","2"
"3.5","Pendulum-v1","next-action","5","Based on the provided sequence of states, actions, and rewards, we can observe the agent's behavior in response to different states. The agent seems to be adjusting its actions based on the state values to optimize the reward. In this case, the state s13 has a y-coordinate close to zero and a small negative angular velocity. Given the previous actions taken by the agent in similar situations, we can predict the action the agent is likely to take at state s13.","4"
"3.5","Pendulum-v1","next-action","5","Based on the provided sequence of states, actions, and rewards, we can observe the agent's behavior in response to different states. The agent seems to be making adjustments in its actions to optimize the reward based on the state it is in. Since the state s14 = [[ 0.9998, -0.02, -0.2514]] is close to the upright position (x = 0.9998, y = -0.02), the agent will likely take an action that helps stabilize the pendulum in the upright position.","4"
"3.5","Pendulum-v1","next-action","5","Based on the provided sequence of states, actions, and rewards, we can observe the agent's behavior in response to different states. The agent seems to be making adjustments in its actions to minimize the negative rewards received. Since the reward function penalizes the angle and angular velocity, the agent is likely trying to stabilize the pendulum in an upright position with minimal movement.","4"
"3.5","Pendulum-v1","next-action","5","Based on the provided sequence of states, actions, and rewards, we can observe the agent's behavior in response to different states. The agent seems to be adjusting its actions based on the state values to optimize the reward. Since the reward function penalizes large torque values, the agent might try to minimize the torque while still trying to swing the pendulum upright.","4"
"3.5","Pendulum-v1","next-action","5","Based on the provided sequence of states, actions, and rewards, we can observe the agent's behavior in response to the state changes. The agent seems to be adjusting its actions based on the state values to optimize the reward. Since the reward function penalizes the angle and angular velocity, the agent is likely trying to minimize these values while also considering the applied torque.","4"
"3.5","Pendulum-v1","next-action","5","Based on the provided sequence of states, actions, and rewards, we can observe the agent's behavior in response to the state changes. The agent seems to be adjusting its actions based on the pendulum's position and velocity to maximize its reward. Since the reward function penalizes the angle and angular velocity, the agent is likely trying to stabilize the pendulum in an upright position with minimal movement.","4"
"3.5","Pendulum-v1","next-action","5","Based on the provided sequence of steps, we can observe that the agent is making adjustments to the torque applied based on the state and the received rewards. The agent seems to be trying to minimize the negative reward by adjusting the torque. In the given steps, the agent is gradually adjusting the torque values based on the state observations and rewards received.","4"
"3.5","Pendulum-v1","next-action","5","Based on the provided sequence of states, actions, and rewards, we can observe the agent's behavior and infer its decision-making process. The agent seems to be adjusting its actions based on the state's angular position and velocity to maximize its reward. Since the state s20 is very close to the upright position (y coordinate close to 0), the agent might choose an action that helps stabilize the pendulum in the upright position.","4"
"3.5","Pendulum-v1","next-action","5","Based on the reward function for the Pendulum-v1 task, the agent aims to minimize the value of the expression -(theta^2 + 0.1 * theta_dt^2 + 0.001 * torque^2). Given the state transition from step 20 to step 21 where the angular velocity decreased from 0.0024 to -0.0167, the agent would likely need to apply a torque in the opposite direction to counteract the decrease in angular velocity and move the pendulum closer to the upright position.","2"
"3.5","Pendulum-v1","next-action","5","Based on the provided sequence of states, actions, and rewards, we can observe the agent's behavior in response to different states. The agent seems to be making adjustments in the action values based on the state observations to maximize its reward. Since the state s22 is close to the previous states in the sequence, we can expect the agent to continue its trend of adjusting the action values to optimize the reward.","4"
"3.5","Pendulum-v1","next-action","5","Based on the provided sequence of states, actions, and rewards, we can observe the agent's behavior in response to different states. The agent seems to be making adjustments in its actions to minimize the negative rewards received. Since the pendulum swingup problem requires applying torque to swing the pendulum into an upright position, the agent will likely adjust its action based on the current state to move towards the goal of balancing the pendulum.","4"
"3.5","Pendulum-v1","next-action","5","Given the sequence of states, actions, and rewards provided, we can observe the agent's behavior in response to different states. The agent seems to be making adjustments in its actions based on the state information to maximize its rewards. Since the reward function penalizes the angle and angular velocity, the agent will likely try to minimize the angle and velocity while also considering the torque applied.","4"
"3.5","Pendulum-v1","next-action","5","Based on the provided sequence of steps, it seems that the agent is trying to stabilize the pendulum by applying torque in response to the state observations. The agent adjusts its actions based on the current state and the received rewards. Since the state at step 25 is [[ 0.999 , -0.0457,  0.0428]], the agent will likely choose an action that aims to reduce the angular deviation of the pendulum while considering the angular velocity and the previous actions taken.","4"
"3.5","Pendulum-v1","next-action","5","Given the sequential nature of the agent's actions and the reward function, we can infer that the agent is likely trying to minimize the negative reward by adjusting its actions based on the state observations. Since the reward is influenced by the angle and angular velocity, the agent may adjust its action to stabilize the pendulum towards the upright position.","4"
"3.5","Pendulum-v1","next-action","5","Based on the provided sequence of states, actions, and rewards, we can observe the agent's behavior in response to different states. The agent seems to be making adjustments to the torque applied based on the current state to maximize its reward. Since the reward function penalizes large torques, the agent is likely trying to find a balance between swinging the pendulum up and minimizing the torque applied.","4"
"3.5","Pendulum-v1","next-action","5","Based on the provided sequence of states, actions, and rewards, we can observe the agent's behavior in response to different states. The agent seems to be making adjustments in its actions to optimize the reward. Since the reward function penalizes large torque values, the agent might try to minimize the torque while still achieving the goal of swinging the pendulum upright.","4"
"3.5","Pendulum-v1","next-action","5","The agent seems to be taking actions that are adjusting based on the state observations to improve the reward. Looking at the provided steps, the agent is making small adjustments in the actions based on the state changes. Since the state has changed to a lower y-coordinate and a negative angular velocity, the agent might need to apply a torque in the clockwise direction to swing the pendulum back towards the upright position.","3"
"3.5","Pendulum-v1","next-action","5","Based on the provided sequence of states, actions, and rewards, we can observe the agent's behavior in response to different states. The agent seems to be adjusting its actions based on the state values and rewards received. Since the reward function penalizes the angle and angular velocity, the agent is likely trying to minimize these values to maximize its reward. Additionally, the agent might be learning to balance the pendulum by applying torque in a way that stabilizes the system.","4"
"3.5","Pendulum-v1","next-action","5","Based on the provided sequence of states, actions, and rewards, we can observe that the agent is making adjustments to the torque applied based on the state of the pendulum. The agent seems to be trying to minimize the negative reward by adjusting the torque. Given the trend in the actions taken so far, we can predict that the agent will continue to adjust the torque in a way that helps reduce the negative reward further.","4"
"3.5","Pendulum-v1","next-action","5","Based on the provided sequence of states, actions, and rewards, we can observe the agent's behavior in response to different states. The agent seems to be making adjustments in its actions to minimize the negative rewards received. Since the reward function penalizes the angle deviation, angular velocity, and torque applied, the agent is likely trying to stabilize the pendulum by counteracting the deviations.","4"
"3.5","Pendulum-v1","next-action","5","Based on the provided sequence of states, actions, and rewards, we can observe the agent's behavior in response to different states. The agent seems to be making adjustments to the torque applied based on the current state to maximize its reward. Since the reward function penalizes theta^2, theta_dt^2, and torque^2, the agent is likely trying to minimize the angle deviation, angular velocity, and torque applied.","4"
"3.5","Pendulum-v1","next-action","5","Given the sequential nature of the agent's actions and rewards, we can observe a pattern in how the agent is adjusting its actions based on the state changes. The agent seems to be making small adjustments in its actions to optimize the reward. Since the state has changed slightly from the previous steps, we can expect the agent to continue this trend of small adjustments in the action space to maximize its reward.","3"
"3.5","Pendulum-v1","next-action","10","The agent seems to be gradually reducing the torque applied as it progresses through the steps. Initially, it applies a torque of -2.0, and then it starts decreasing the torque magnitude. Given that the pendulum is swinging towards the upright position and the angular velocity is decreasing, it is likely that the agent will continue to reduce the torque applied to allow for a smoother swing-up motion.","3"
"3.5","Pendulum-v1","next-action","10","Based on the agent's behavior in the provided steps, we can observe that the agent tends to apply negative torque when the pendulum is moving away from the upright position and positive torque when the pendulum is moving towards the upright position. Additionally, the agent adjusts the torque magnitude based on the angular velocity and position of the pendulum. Given that the pendulum is currently at a position where it is slightly away from the upright position with a negative angular velocity, the agent will likely apply a negative torque to slow down the pendulum's movement in that direction.","3"
"3.5","Pendulum-v1","next-action","10","Based on the agent's behavior in the previous steps, we can observe that the agent tends to apply negative torque when the pendulum is moving away from the upright position (as seen in steps 2, 4, 6, 8), and positive torque when the pendulum is closer to the upright position (as seen in steps 9, 10). Given that the pendulum is slightly past the upright position in state s12 with a negative y-coordinate, it is likely that the agent will apply a positive torque to swing the pendulum back towards the upright position.","2"
"3.5","Pendulum-v1","next-action","10","Based on the agent's behavior in the provided steps, we can observe that the agent tends to apply negative torque when the pendulum is moving away from the upright position and positive torque when the pendulum is closer to the upright position. Additionally, the agent adjusts the torque magnitude based on the angular velocity and position of the pendulum. Given that the pendulum is currently at an angle close to upright (theta ≈ 0) and has a negative angular velocity, the agent will likely apply a positive torque to further swing the pendulum towards the upright position.","3"
"3.5","Pendulum-v1","next-action","10","Based on the provided sequence of states, actions, and rewards, we can observe that the agent is trying to swing the pendulum up by applying torque in a controlled manner. The agent seems to be adjusting its actions based on the state's angular position and velocity to maximize the cumulative reward. In the given steps, the agent is gradually moving the pendulum towards the upright position by adjusting the torque applied.","4"
"3.5","Pendulum-v1","next-action","10","Given the trend in the actions taken by the agent in the previous steps, we can observe that the agent adjusts its actions based on the state's angular velocity to stabilize the pendulum. When the angular velocity is high, the agent tends to apply higher magnitude actions to counteract the velocity. In this case, the angular velocity in state s15 is -0.01, which is relatively low compared to previous steps. Therefore, the agent might apply a smaller magnitude action to fine-tune the pendulum's position.","3"
"3.5","Pendulum-v1","next-action","10","Based on the provided sequence of states, actions, and rewards, we can observe the agent's behavior in response to the state changes. The agent seems to be adjusting its actions based on the state's angular position, velocity, and the rewards received. The actions taken by the agent are likely influenced by the current state's deviation from the upright position, the velocity of the pendulum, and the previous rewards received.","4"
"3.5","Pendulum-v1","next-action","10","The agent's behavior seems to be somewhat consistent in terms of the actions taken based on the states observed. Looking at the pattern in the actions taken in the previous steps, we can see that the agent tends to adjust the torque based on the angular position and velocity of the pendulum. Since the angular position is close to being upright (y coordinate close to 0), and the angular velocity is negative, the agent might apply a torque to counteract the velocity and bring the pendulum closer to the upright position.","4"
"3.5","Pendulum-v1","next-action","10","Based on the provided sequence of states, actions, and rewards, we can observe a pattern in the agent's behavior. The agent seems to adjust its actions based on the state's angular position and velocity to maximize rewards. Since the state s18 has a negative angular position and a small negative angular velocity, the agent might need to apply a torque in the positive direction to counteract the negative velocity and move the pendulum towards the upright position.","4"
"3.5","Pendulum-v1","next-action","10","Based on the provided sequence of states, actions, and rewards, we can observe the agent's behavior and infer its decision-making process. The agent seems to be gradually adjusting its actions based on the state's characteristics and the received rewards. Since the pendulum swingup problem requires balancing the pendulum in an upright position, the agent is likely trying to minimize the deviation of the pendulum from the vertical axis while considering the angular velocity and the torque applied.","4"
"3.5","Pendulum-v1","next-action","10","Based on the provided sequence of states, actions, and rewards, we can observe the agent's behavior in response to different states. The agent seems to be adjusting its actions based on the state's angular position, velocity, and the rewards received. Since the pendulum swingup problem requires balancing the pendulum upright, the agent is likely to adjust its actions to stabilize the pendulum towards the upright position while considering the rewards received in the previous steps.","4"
"3.5","Pendulum-v1","next-action","10","Given the pattern observed in the provided sequence, it seems that the agent's actions are somewhat reactive to the angular velocity component of the state. When the angular velocity is negative, the agent tends to apply positive torque, and vice versa. Additionally, the magnitude of the torque applied seems to be somewhat proportional to the magnitude of the angular velocity.","3"
"3.5","Pendulum-v1","next-action","10","Based on the provided sequence of states, actions, and rewards, we can observe the agent's behavior and attempt to predict the action the agent will most likely take at state s22. The agent seems to be adjusting its actions based on the state changes and rewards received. Since the pendulum swingup problem requires balancing the pendulum upright, the agent might adjust its actions to stabilize the pendulum in the upright position.","4"
"3.5","Pendulum-v1","next-action","10","Based on the provided sequence of states, actions, and rewards, we can observe that the agent is making adjustments to the torque applied based on the state of the pendulum. The agent seems to be trying to minimize the negative reward by adjusting the torque. In this case, the pendulum is deviating from the upright position, and the angular velocity is not negligible. Given the previous actions taken by the agent in similar states, we can predict that the agent will try to apply a torque that helps in stabilizing the pendulum towards the upright position.","4"
"3.5","Pendulum-v1","next-action","10","Based on the provided sequence of states, actions, and rewards, we can observe that the agent is trying to swing the pendulum into an upright position by applying torque. The agent seems to be making adjustments to the torque based on the state observations and rewards received. In this case, the state s24 = [[ 0.9989, -0.0478,  0.0285]] indicates that the pendulum is close to being upright with a slight positive angular velocity. Considering the agent's behavior so far, it is likely that the agent will apply a torque that helps stabilize the pendulum in the upright position.","4"
"3.5","Pendulum-v1","next-action","10","Based on the provided sequence of states, actions, and rewards, we can observe that the agent is trying to swing the pendulum upright by applying torque in different directions. The agent seems to adjust its actions based on the current state's angular position and velocity to maximize the reward. In the given sequence, the agent tends to apply positive torque when the angular velocity is negative and negative torque when the angular velocity is positive to swing the pendulum towards the upright position.","3"
"3.5","Pendulum-v1","next-action","10","Based on the provided sequence of states, actions, and rewards, we can observe the agent's behavior in response to different states. The agent seems to be making adjustments to the torque applied based on the current state's angle, angular velocity, and the rewards received. The action space is continuous but discretized into 10 bins ranging from -2 to 2. By analyzing the trend in the actions taken by the agent in the previous steps, we can predict the most likely action the agent will take at state s26.","4"
"3.5","Pendulum-v1","next-action","10","Looking at the pattern in the provided sequence, the agent seems to be adjusting its actions based on the state changes. The actions taken by the agent are not following a strict pattern, but they do seem to vary based on the changes in the state values. Since the state s27 is very close to the previous states in the sequence, we can expect the agent to continue this trend of adjusting its actions accordingly.","4"
"3.5","Pendulum-v1","next-action","10","Based on the provided sequence of states, actions, and rewards, we can observe that the agent is making adjustments to the torque applied based on the state of the pendulum. The agent seems to be trying to minimize the negative reward by adjusting the torque. Since the state s28 = [[ 0.999 , -0.0448,  0.0811]] has a positive angular velocity and is not too far from the upright position, the agent will likely apply a torque that helps stabilize the pendulum towards the upright position.","4"
"3.5","Pendulum-v1","next-action","10","Based on the provided sequence of states, actions, and rewards, we can observe that the agent is making adjustments to the torque applied based on the state of the pendulum. The agent seems to be trying to stabilize the pendulum by adjusting the torque in response to the pendulum's position and velocity. Given the trend in the actions taken so far, we can expect the agent to continue adjusting the torque to bring the pendulum closer to the upright position.","4"
"3.5","Pendulum-v1","next-action","10","Looking at the sequence of actions taken by the RL agent in the provided steps, we can observe that the agent adjusts its actions based on the state's angular position, velocity, and the rewards received. The agent seems to be making small adjustments to the torque applied to the pendulum based on the current state to optimize the reward function.","3"
"3.5","Pendulum-v1","next-action","10","Based on the provided sequence of states, actions, and rewards, we can observe the agent's behavior in response to different states. The agent seems to be adjusting its actions based on the state values to optimize the reward. Since the pendulum swingup problem requires balancing the pendulum, the agent is likely to choose actions that help stabilize the pendulum towards the upright position. Additionally, the agent might consider the angular velocity and position of the pendulum in its decision-making process.","4"
"3.5","Pendulum-v1","next-action","10","Based on the provided sequence of states, actions, and rewards, we can observe that the agent is trying to swing the pendulum upright by applying torque in different directions. The rewards are negative, indicating that the agent is penalized for deviating from the upright position. The actions taken by the agent seem to be based on the current state's angle and angular velocity, aiming to minimize the deviation from the upright position.","4"
"3.5","Pendulum-v1","next-action","10","Based on the agent's behavior in the provided steps, we can observe that the agent tends to adjust its actions based on the state's angular position and velocity. The agent seems to be trying to minimize the deviation of the pendulum from the upright position while also considering the angular velocity. Given the state s33 = [[ 0.9987, -0.0514, -0.0779]], the agent will likely choose an action that helps stabilize the pendulum towards the upright position.","4"
"3.5","Pendulum-v1","next-action","10","Based on the agent's behavior in the provided steps, we can observe that the agent tends to adjust its actions based on the state's angular position and velocity to maximize rewards. The agent seems to be making corrections to the pendulum's position and velocity by applying torque in the opposite direction to the current angular velocity. Given the state s34 with an increase in the y-coordinate and angular velocity, the agent will likely apply a negative torque to slow down the pendulum's movement in the positive y-direction.","3"
"3.5","Pendulum-v1","next-action","10","Based on the provided sequence of states, actions, and rewards, we can observe that the agent is making adjustments to the torque applied based on the current state. The agent seems to be trying to stabilize the pendulum by adjusting the torque in response to the pendulum's position and velocity. Since the state s35 is close to the upright position with a slight negative y-coordinate and a positive x-coordinate, the agent will likely apply a torque that helps bring the pendulum closer to the upright position.","4"
"3.5","Pendulum-v1","next-action","10","Based on the agent's behavior in the provided sequence, we can observe that the agent tends to adjust its actions based on the state's characteristics. The agent seems to be trying to minimize the negative reward by making appropriate torque adjustments. Given the state s36 = [[ 0.9989, -0.0472, -0.1432]], the agent will likely choose an action that aims to reduce the negative reward by either stabilizing the pendulum or swinging it towards the upright position.","4"
"3.5","Pendulum-v1","next-action","10","Given the pattern observed in the agent's behavior in the provided steps, it seems that the agent tends to adjust its actions based on the angular velocity component of the state. When the angular velocity is positive, the agent tends to choose negative actions, and vice versa. Additionally, the agent seems to adjust its actions based on the position of the pendulum, trying to stabilize it towards the upright position.","3"
"3.5","Pendulum-v1","next-action","10","Based on the provided sequence of states, actions, and rewards, we can observe that the agent is trying to swing the pendulum upright by applying torque in a way that minimizes the negative reward. The agent seems to be adjusting its actions based on the state information, particularly the angle and angular velocity of the pendulum. Since the state s38 has a negative y-coordinate and a negative angular velocity, the agent will likely need to apply a torque that helps counteract these values to swing the pendulum towards the upright position.","4"
"3.5","Pendulum-v1","next-action","10","Based on the provided sequence of states, actions, and rewards, we can observe that the agent is making adjustments to the torque applied based on the state of the pendulum. The agent seems to be trying to stabilize the pendulum by adjusting the torque in response to the pendulum's position and velocity. Since the state s39 is close to the upright position with a small positive y-coordinate and a small positive angular velocity, the agent will likely apply a torque that helps stabilize the pendulum in the next step.","4"
"3.5","Pendulum-v1","next-action","20","Given the agent's behavior in the previous steps, we can observe that the agent tends to apply negative torque when the pendulum is swinging to the right (positive angular velocity) and positive torque when the pendulum is swinging to the left (negative angular velocity). Since the angular velocity at step 20 is positive (0.0024), it is likely that the agent will apply a negative torque to slow down the swing to the right and eventually stabilize the pendulum.","3"
"3.5","Pendulum-v1","next-action","20","Based on the agent's behavior in the previous steps, we can observe that the agent tends to apply torque in a way that gradually reduces the angular velocity of the pendulum while trying to bring it closer to the upright position. Since the angular velocity at state s21 is -0.0167, which is already close to zero, the agent will likely apply a small torque to further stabilize the pendulum without causing it to swing too far in the opposite direction.","3"
"3.5","Pendulum-v1","next-action","20","Given the agent's behavior in the previous steps, we can observe that the agent tends to adjust the action based on the state's angular position and velocity to minimize the negative reward. As the state s22 = [[ 0.9991, -0.0418, 0.0467]] has a slightly negative angular velocity and is close to the upright position, the agent might choose an action that helps stabilize the pendulum in the upright position.","4"
"3.5","Pendulum-v1","next-action","20","Based on the agent's behavior in the provided steps, we can observe that the agent tends to apply negative torque when the pendulum is moving away from the upright position and positive torque when the pendulum is closer to the upright position. Additionally, the agent adjusts the torque magnitude based on the angular velocity and position of the pendulum. Given that the pendulum is currently at state s23 = [[ 0.9988, -0.0492, -0.1478]], which indicates it is slightly away from the upright position with a negative angular velocity, the agent will most likely apply a negative torque to slow down the movement and bring the pendulum closer to the upright position.","3"
"3.5","Pendulum-v1","next-action","20","Based on the agent's behavior in the previous steps, we can observe that the agent tends to adjust the torque applied based on the current state to optimize the reward. The agent seems to make gradual adjustments to the torque rather than large abrupt changes. Additionally, the agent's actions are influenced by the current angle and angular velocity of the pendulum.","3"
"3.5","Pendulum-v1","next-action","20","Based on the agent's behavior in the previous steps, we can observe that the agent tends to adjust the action based on the state's angular position and velocity. The agent seems to be making small adjustments to the torque applied to the pendulum to stabilize it. In this case, the state s25 has a slight negative angular position and a positive angular velocity. Given the trend of the agent's actions in response to similar states, we can predict that the agent will likely apply a small positive torque to counteract the positive angular velocity and bring the pendulum back towards the upright position.","3"
"3.5","Pendulum-v1","next-action","20","Based on the agent's behavior in the previous steps, we can observe that the agent tends to adjust the action based on the state's angular position and velocity to minimize the negative reward. The action values vary based on the state values, and the agent seems to make gradual adjustments rather than drastic changes in consecutive steps.","3"
"3.5","Pendulum-v1","next-action","20","Given the agent's behavior in the previous steps, we can observe that the agent tends to adjust the torque applied based on the state of the pendulum. The actions taken by the agent seem to be influenced by the angular position and velocity of the pendulum, as well as the rewards received. In this case, the state s27 has a similar angular position to the previous states but with a slightly different angular velocity. Based on the trend observed in the previous actions and rewards, the agent will likely adjust the torque to stabilize the pendulum.","4"
"3.5","Pendulum-v1","next-action","20","Based on the agent's behavior in the previous steps, we can observe that the agent tends to adjust the torque applied based on the state of the pendulum. The agent seems to be making small adjustments to the torque to stabilize the pendulum towards the upright position. Given that the state s28 = [[ 0.999 , -0.0448,  0.0811]] has a slight deviation from the upright position with a positive angular velocity, the agent will likely apply a torque that helps counteract the angular velocity and move the pendulum closer to the upright position.","3"
"3.5","Pendulum-v1","next-action","20","Based on the agent's behavior in the previous steps, we can observe that the agent tends to adjust the action based on the state's angular position and velocity to minimize the negative reward. The agent seems to be making small adjustments to the torque applied to the pendulum based on the current state. Given the state s29 = [[ 0.9986, -0.0528, -0.1588]], where the angular position is close to -pi and the angular velocity is negative, the agent will likely apply a torque that helps stabilize the pendulum.","3"
"3.5","Pendulum-v1","next-action","20","Based on the agent's behavior in the previous steps, we can observe that the agent tends to adjust its actions based on the state's angular position and velocity to minimize the negative reward. The agent seems to be making small adjustments to the torque applied to the pendulum based on the current state information.","3"
"3.5","Pendulum-v1","next-action","20","Based on the agent's behavior in the provided steps, we can observe that the agent tends to adjust its actions based on the state's angular position and velocity to minimize the negative reward. The agent seems to be making small adjustments to the torque applied to the pendulum based on the current state information.","3"
"3.5","Pendulum-v1","next-action","20","Based on the agent's behavior in the previous steps, we can observe that the agent tends to adjust its actions based on the state's y-coordinate and angular velocity. When the y-coordinate is negative, the agent tends to apply positive torque to swing the pendulum upwards. Additionally, the agent adjusts its actions based on the angular velocity to stabilize the pendulum. Given the state s32 = [[ 0.9989, -0.0475, 0.0994]], we can predict that the agent will likely apply a positive torque to continue swinging the pendulum upwards.","3"
"3.5","Pendulum-v1","next-action","20","Given the agent's behavior in the previous steps, we can see that the agent tends to adjust its actions based on the state's angular position and velocity. The rewards are penalizing deviations from the upright position, velocity, and torque. In this case, the state s33 has a negative angular position and a negative angular velocity. To stabilize the pendulum, the agent would likely apply a torque that helps counteract the current angular velocity and move the pendulum towards the upright position.","4"
"3.5","Pendulum-v1","next-action","20","Given the agent's behavior in the previous steps, we can see that the agent tends to adjust the action based on the state's angular position and velocity to minimize the negative reward. The action values are adjusted to stabilize the pendulum towards the upright position.","4"
"3.5","Pendulum-v1","next-action","20","Given the trend in the agent's actions and rewards in the provided sequence, we can observe that the agent tends to adjust its actions based on the state's angular position and velocity to maximize rewards. The agent seems to be making gradual adjustments to stabilize the pendulum towards the upright position.","3"
"3.5","Pendulum-v1","next-action","20","Based on the agent's behavior in the previous steps, we can observe that the agent tends to adjust the action based on the state's angular position and velocity to minimize the negative reward. The agent seems to be making small adjustments to the action values to stabilize the pendulum. Given the state s36 = [[ 0.9989, -0.0472, -0.1432]], we can predict that the agent will likely choose an action that helps in stabilizing the pendulum given the negative reward incurred in the previous steps.","3"
"3.5","Pendulum-v1","next-action","20","Based on the agent's behavior in the previous steps, we can observe that the agent tends to adjust the action based on the state's angular position and velocity to minimize the negative reward. The agent seems to be making gradual adjustments to the action values to stabilize the pendulum. In this case, the state s37 has a similar angular position to the previous states where the agent applied actions that were not extreme but aimed at stabilizing the pendulum.","3"
"3.5","Pendulum-v1","next-action","20","Based on the agent's behavior in the provided steps, we can observe that the agent tends to adjust its actions based on the state's angular position and velocity to minimize the negative reward. The agent seems to be making gradual adjustments in its actions to stabilize the pendulum. Given the state s38 = [[ 0.9985, -0.0554, -0.2468]], we can predict that the agent will likely choose an action that counteracts the current angular position and velocity to bring the pendulum closer to the upright position.","3"
"3.5","Pendulum-v1","next-action","20","Based on the agent's behavior in the provided steps, we can observe that the agent tends to adjust its actions based on the state's angular position and velocity to minimize the negative reward. The agent seems to be making small adjustments to the torque applied to the pendulum based on the current state. Given the state s39 = [[ 0.9985, -0.0548, 0.0116]], the agent will likely choose an action that helps stabilize the pendulum without causing large deviations.","3"
"3.5","Pendulum-v1","next-action","20","Based on the agent's behavior in the provided steps, we can observe that the agent tends to adjust its actions based on the state's angular position and velocity to minimize the negative reward. The agent seems to be making gradual adjustments in its actions to stabilize the pendulum. Given the state s40 = [[ 0.9988, -0.0488,  0.1217]], we can predict that the agent will likely choose an action that helps in stabilizing the pendulum based on the previous trend.","3"
"3.5","Pendulum-v1","next-action","20","Based on the agent's behavior in the provided steps, we can observe that the agent tends to adjust its actions based on the state's characteristics, such as the angle and angular velocity of the pendulum. The agent seems to be making small adjustments to the torque applied to the pendulum to stabilize it. Given the state s41 = [[ 0.9991, -0.0422,  0.1324]], we can predict that the agent will likely continue this trend by making a subtle adjustment to the torque.","3"
"3.5","Pendulum-v1","next-action","20","Based on the agent's behavior in the provided episode, we can observe that the agent tends to apply actions that help stabilize the pendulum towards the upright position. The actions taken by the agent seem to be influenced by the current state of the pendulum, with adjustments made to counteract deviations from the desired position. Given the state s42 = [[ 0.9994, -0.0336,  0.1703]], where the pendulum is close to the upright position and has a positive angular velocity, the agent will likely apply an action that helps slow down the pendulum's movement and stabilize it in the upright position.","4"
"3.5","Pendulum-v1","next-action","20","Based on the agent's behavior in the provided sequence, we can observe that the agent tends to adjust its actions gradually based on the state changes. The actions taken by the agent seem to be influenced by the current state values, rewards received, and the goal of swinging the pendulum into an upright position. Since the state s43 = [[ 0.9996, -0.0275,  0.1229]] has a positive x-coordinate and a positive angular velocity, the agent might need to apply a torque that helps in maintaining or adjusting the pendulum's position while considering the velocity.","3"
"3.5","Pendulum-v1","next-action","20","Based on the agent's behavior in the provided episode, we can observe that the agent tends to adjust its actions based on the state's angular position and velocity to minimize the negative reward. The agent seems to be making gradual adjustments in its actions to stabilize the pendulum. Given the state s44 = [[ 0.9994, -0.0336, -0.1216]], we can predict that the agent will likely choose an action that helps in stabilizing the pendulum by counteracting the negative angular position and velocity.","3"
"3.5","Pendulum-v1","next-action","20","Based on the agent's behavior in the provided sequence, we can observe that the agent tends to adjust its actions based on the state's angular position and velocity. The agent seems to be making corrective actions to stabilize the pendulum. Given the state s45 = [[ 0.9993, -0.0374, -0.0772]], where the angular position is close to upright (0.9993) and the angular velocity is negative (-0.0374), the agent will likely apply a corrective action to counter the negative velocity and bring the pendulum closer to the upright position.","4"
"3.5","Pendulum-v1","next-action","20","Given the agent's behavior in the previous steps, we can see that the agent tends to adjust the torque applied based on the state of the pendulum. The torque is adjusted to bring the pendulum closer to the upright position while considering the angular velocity and current angle. In this case, the pendulum is slightly off the upright position with a negative angular velocity. To stabilize and swing the pendulum towards the upright position, the agent will likely apply a torque that counteracts the current angular velocity and brings the pendulum closer to the vertical position.","4"
"3.5","Pendulum-v1","next-action","20","Given the agent's behavior in the previous steps, we can observe that the agent tends to adjust the action based on the state's angular position and velocity to minimize the negative reward. In this case, the state s47 has a similar angular position to the previous steps but a slightly different angular velocity. The agent might choose an action that helps stabilize the pendulum without causing excessive movement.","4"
"3.5","Pendulum-v1","next-action","20","Given the pattern observed in the agent's actions and rewards in the provided steps, we can see that the agent tends to adjust its actions based on the state's y-coordinate and angular velocity. When the y-coordinate is negative, the agent tends to apply positive torque, and vice versa. Additionally, the agent adjusts the torque magnitude based on the angular velocity to stabilize the pendulum. Therefore, at state s48 where the y-coordinate is negative and the angular velocity is positive, the agent will most likely apply a positive torque to counter the angular velocity and bring the pendulum closer to the upright position.","3"
"3.5","Pendulum-v1","next-action","20","Given the trend in the agent's actions and rewards, it seems that the agent is trying to stabilize the pendulum in an upright position. The actions taken by the agent are likely to be in the direction that helps in reducing the angle deviation and angular velocity while minimizing the torque applied.","4"
"3.5","Pendulum-v1","next-action","30","Based on the agent's behavior in the previous steps, we can observe that the agent tends to apply negative torque when the pendulum is moving away from the upright position and positive torque when the pendulum is moving towards the upright position. Additionally, the agent adjusts the magnitude of the torque based on the angular velocity and position of the pendulum. In this case, since the angular velocity is positive and the pendulum is slightly away from the upright position, the agent will most likely apply a negative torque to slow down the pendulum's movement away from the upright position.","3"
"3.5","Pendulum-v1","next-action","30","Based on the agent's behavior in the previous steps, we can observe that the agent tends to adjust the action based on the state's angular position and velocity to minimize the negative reward. Since the state s31 has a negative angular position and a negative angular velocity, the agent might need to apply a torque in the positive direction to counteract these negative values and stabilize the pendulum.","4"
"3.5","Pendulum-v1","next-action","30","Based on the agent's behavior in the previous steps, we can observe that the agent tends to adjust its actions gradually based on the state changes. The actions taken by the agent seem to be influenced by the angular position, velocity, and the rewards received. Since the state s32 = [[ 0.9989, -0.0475,  0.0994]] has a slightly higher y-coordinate and angular velocity compared to the previous state, the agent might adjust its action accordingly to continue balancing the pendulum.","2"
"3.5","Pendulum-v1","next-action","30","Based on the agent's behavior in the previous steps, we can observe that the agent tends to adjust the action based on the state's angular position and velocity to gradually stabilize the pendulum. Since the state s33 = [[ 0.9987, -0.0514, -0.0779]] has a negative angular position and a negative angular velocity, the agent might need to apply a torque in the positive direction to counteract these negative values and bring the pendulum closer to the upright position.","4"
"3.5","Pendulum-v1","next-action","30","Given the agent's behavior in the previous steps, we can observe that the agent tends to adjust the action based on the state's angular position and velocity to minimize the negative reward. As the pendulum is moving towards a more upright position (y coordinate increasing), the agent might need to apply a torque in the positive direction to continue this trend.","4"
"3.5","Pendulum-v1","next-action","30","Given the trend in the agent's actions and rewards, it seems that the agent is trying to stabilize the pendulum in an upright position. As the pendulum is currently close to the upright position with a slight negative angular velocity, the agent might apply a small positive torque to prevent it from swinging back too far.","4"
"3.5","Pendulum-v1","next-action","30","Given the agent's behavior in the previous steps, we can see that the agent tends to adjust its actions based on the state's angular position and velocity. The agent seems to be trying to stabilize the pendulum by applying torque in the opposite direction of the angular position and velocity. In this case, since the angular position is negative and the angular velocity is also negative, the agent might choose an action that helps reduce the negative angular position and velocity.","3"
"3.5","Pendulum-v1","next-action","30","Based on the agent's behavior in the previous steps, we can observe that the agent tends to adjust the action based on the state's angular position and velocity to minimize the negative reward. The agent seems to be making small adjustments to the torque applied to the pendulum based on the current state. Given that the state s37 = [[ 0.9991, -0.0431,  0.0816]] has a slightly positive angular velocity and is close to the upright position, the agent might choose an action that helps stabilize the pendulum in this position.","3"
"3.5","Pendulum-v1","next-action","30","Based on the agent's behavior in the previous steps, we can observe that the agent tends to adjust the action based on the state's angular position and velocity to minimize the negative reward. The agent seems to be making small adjustments to the torque applied to the pendulum based on the current state.","3"
"3.5","Pendulum-v1","next-action","30","Based on the agent's behavior in the previous steps, we can observe that the agent tends to adjust the action based on the state's angular position and velocity to minimize the negative reward. The agent seems to be making small adjustments to the torque applied to the pendulum based on the current state. Given the state s39 = [[ 0.9985, -0.0548,  0.0116]], we can predict that the agent will continue this trend of adjusting the torque to stabilize the pendulum.","3"
"3.5","Pendulum-v1","next-action","30","Based on the agent's behavior in the previous steps, we can observe that the agent tends to adjust its actions based on the state's angular position and velocity to minimize the negative reward. The agent seems to be making small adjustments to the torque applied to the pendulum based on the current state. Given the state s40 = [[ 0.9988, -0.0488,  0.1217]], we can predict that the agent will likely choose an action that helps stabilize the pendulum given the positive angular position and velocity.","3"
"3.5","Pendulum-v1","next-action","30","Based on the agent's behavior in the previous steps, we can observe that the agent tends to adjust its actions based on the state's angular position and velocity to minimize the negative reward. The agent seems to be making small adjustments to the torque applied to the pendulum based on the current state.","3"
"3.5","Pendulum-v1","next-action","30","Based on the agent's behavior in the provided steps, we can observe that the agent tends to adjust its actions based on the state's angular position and velocity to minimize the negative reward. The agent seems to be making small adjustments in the actions to stabilize the pendulum. Given the state s42 = [[ 0.9994, -0.0336, 0.1703]], where the angular position is close to upright and the angular velocity is positive, the agent might choose an action that helps stabilize the pendulum without causing it to swing too far.","3"
"3.5","Pendulum-v1","next-action","30","Based on the agent's behavior in the previous steps, we can observe that the agent tends to adjust the torque applied based on the current state to optimize the reward. The agent seems to be making small adjustments in torque to stabilize the pendulum towards the upright position. Given the state s43 = [[ 0.9996, -0.0275,  0.1229]], where the pendulum is slightly tilted and has a positive angular velocity, the agent will likely apply a torque that helps in stabilizing the pendulum without causing it to swing too far in the opposite direction.","3"
"3.5","Pendulum-v1","next-action","30","Given the pattern observed in the agent's behavior in the provided steps, it seems that the agent tends to adjust its actions based on the angular position and velocity of the pendulum. When the pendulum is closer to the upright position, the agent tends to apply actions that help stabilize it. In this case, the pendulum is at a position where it needs to swing back towards the upright position, so the agent might choose an action that helps in this swing.","4"
"3.5","Pendulum-v1","next-action","30","Based on the agent's behavior in the previous steps, we can observe that the agent tends to adjust its actions gradually based on the state changes. The actions taken by the agent seem to be influenced by the angular position, velocity, and the rewards received. Since the state s45 = [[ 0.9993, -0.0374, -0.0772]] has a slightly lower y-coordinate compared to the previous states, the agent might adjust its action to counteract this change.","3"
"3.5","Pendulum-v1","next-action","30","Based on the agent's behavior in the previous steps, we can observe that the agent tends to adjust its actions based on the state's angular position and velocity. The agent seems to be trying to stabilize the pendulum by applying torque in the opposite direction to the angular position and velocity. In this case, since the angular position is slightly negative and the angular velocity is also negative, the agent might choose an action that helps counteract these values to stabilize the pendulum.","3"
"3.5","Pendulum-v1","next-action","30","Based on the agent's behavior in the previous steps, we can observe that the agent tends to adjust its actions based on the state's angular position and velocity. The agent seems to be trying to stabilize the pendulum by applying torque in the opposite direction to the angular position and velocity. Given that the state s47 has a slightly negative angular position and a negative angular velocity, the agent will likely apply a positive torque to counteract these values and stabilize the pendulum.","3"
"3.5","Pendulum-v1","next-action","30","Based on the agent's behavior in the previous steps, we can observe that the agent tends to adjust its actions gradually based on the state changes. The actions taken by the agent seem to be influenced by the angular position and velocity of the pendulum. Since the state s48 = [[ 0.999 , -0.0436,  0.0187]] is close to the upright position with a slight positive angular velocity, the agent might choose an action that helps stabilize the pendulum in this position.","3"
"3.5","Pendulum-v1","next-action","30","Based on the agent's behavior in the previous steps, we can observe that the agent tends to adjust its actions gradually based on the state changes. The actions taken by the agent seem to be influenced by the angular position and velocity of the pendulum. Since the state s49 is close to the previous states in terms of angular position and velocity, we can expect the agent to continue this trend of gradual adjustments in its actions.","3"
"3.5","Pendulum-v1","next-action","30","Based on the agent's behavior in the previous steps, we can observe that the agent tends to adjust the torque applied based on the current state to optimize the reward. Since the state s50 = [[ 0.9989, -0.0458,  0.0124]] is close to the upright position with a slight positive angular velocity, the agent might apply a small positive torque to stabilize the pendulum.","4"
"3.5","Pendulum-v1","next-action","30","Given the trend in the actions taken by the agent in the previous steps and the state transition to s51, where the angular velocity is close to zero and the pendulum is slightly off the vertical position, the agent will likely apply a small corrective action to bring the pendulum closer to the upright position.","4"
"3.5","Pendulum-v1","next-action","30","Based on the agent's behavior in the previous steps, we can observe that the agent tends to adjust the torque applied gradually based on the state's characteristics. The agent seems to make small adjustments to the torque to stabilize the pendulum. Given the state s52 = [[ 0.9989, -0.0461, -0.0175]], where the pendulum is slightly tilted with a negative angular velocity, the agent will likely apply a small corrective torque to bring the pendulum closer to the upright position.","3"
"3.5","Pendulum-v1","next-action","30","Based on the agent's behavior in the previous steps, we can observe that the agent tends to adjust its actions gradually based on the state changes. The actions taken by the agent seem to be influenced by the angular position and velocity of the pendulum. Given the state transition to s53 = [[ 0.9991, -0.0436, 0.0516]], we can predict that the agent will likely continue this trend of adjusting its actions to stabilize the pendulum.","3"
"3.5","Pendulum-v1","next-action","30","Based on the agent's behavior in the previous steps, we can observe that the agent tends to adjust its actions based on the state's angular position and velocity to minimize the negative reward. The agent seems to be making small adjustments to the torque applied to the pendulum based on the current state.","3"
"3.5","Pendulum-v1","next-action","30","Given the pattern observed in the agent's behavior in the provided steps, it seems that the agent adjusts its actions based on the state's angular position and velocity. The agent tends to apply actions that help stabilize the pendulum towards the upright position while considering the angular velocity to prevent overshooting.","4"
"3.5","Pendulum-v1","next-action","30","The agent's behavior seems to be exploring different actions in response to the states it encounters. Based on the rewards received, the agent is likely trying to find the optimal action that minimizes the negative reward function. In the given sequence, the agent has been adjusting its actions based on the state observations to improve its reward. Given the state s56 = [[ 0.9985, -0.0553, -0.123 ]], the agent will likely choose an action that aims to reduce the negative reward by either stabilizing the pendulum or swinging it towards the upright position.","4"
"3.5","Pendulum-v1","next-action","30","Based on the agent's behavior in the previous steps, we can observe that the agent tends to adjust its actions based on the state's angular position and velocity. The agent seems to be making small adjustments to the torque applied to the pendulum based on the current state to gradually move towards the upright position. Since the state s57 = [[ 0.9987, -0.0508, 0.0892]] is close to the upright position with a positive angular velocity, the agent might choose an action that helps stabilize the pendulum without causing it to swing too far in either direction.","3"
"3.5","Pendulum-v1","next-action","30","Based on the agent's behavior in the previous steps, we can observe that the agent tends to adjust its actions based on the state's angular position and velocity to minimize the negative reward. The agent seems to be making small adjustments to the torque applied to the pendulum based on the current state. Given the state s58 = [[ 0.9988, -0.049 ,  0.0372]], the agent will likely continue this trend and choose an action that helps stabilize the pendulum.","3"
"3.5","Pendulum-v1","next-action","30","Based on the agent's behavior in the previous steps, we can observe that the agent tends to adjust its actions gradually based on the state changes. The actions taken by the agent seem to be influenced by the angular position and velocity of the pendulum. Since the state s59 = [[ 0.9989, -0.0477,  0.0248]] has a slightly different angular position and velocity compared to the previous states, we can expect the agent to make a small adjustment in its action to continue balancing the pendulum.","3"
"3.5","Pendulum-v1","next-state","5","Based on the reward function and the dynamics of the pendulum system, we can infer that the agent is trying to swing the pendulum upwards while minimizing the angle deviation, angular velocity, and torque applied. Given the historical data up to step 4 where the agent consistently applied a torque of -2.0, we can expect the pendulum to continue swinging in the same direction. Additionally, the reward values have been decreasing, indicating that the agent is making progress towards the goal of swinging the pendulum upright.","2"
"3.5","Pendulum-v1","next-state","5","The given historical data shows that the pendulum's angle (state element [0]) and angular velocity (state element [2]) tend to decrease over time, while the y-coordinate (state element [1]) fluctuates but generally remains close to its initial value. The actions taken are consistently negative, indicating a counterclockwise torque applied to the pendulum. Based on this pattern, we can predict that the angle and angular velocity will continue to decrease, while the y-coordinate may remain relatively stable.","4"
"3.5","Pendulum-v1","next-state","5","Based on the historical data provided, we can observe that the pendulum's angle (state element [0]) tends to oscillate around a certain range without any clear trend of continuous increase or decrease. The y-coordinate (state element [1]) shows a slight increase initially but then fluctuates around a certain value. The angular velocity (state element [2]) also fluctuates without a clear increasing or decreasing pattern. The actions taken by the agent vary in magnitude but do not show a consistent pattern in relation to the state elements. The rewards are relatively consistent in magnitude, indicating a stable learning process. Considering these observations, we can predict that the next state will likely exhibit similar oscillatory behavior without a clear trend of continuous increase or decrease in any specific state element.","4"
"3.5","Pendulum-v1","next-state","5","The historical data shows a pattern where the x-coordinate (element [0]) and y-coordinate (element [1]) of the pendulum's free end are fluctuating around certain values, while the angular velocity (element [2]) is gradually decreasing in magnitude. The actions taken by the agent are negative, indicating a consistent effort to swing the pendulum in the opposite direction to its current velocity. Based on this pattern, we can predict that the x and y coordinates may remain relatively stable, while the angular velocity will continue to decrease in magnitude.","3"
"3.5","Pendulum-v1","next-state","5","The historical data shows that as the pendulum swings, the x-coordinate (cosine of angle) and y-coordinate (sine of angle) values tend to oscillate around certain values. The angular velocity decreases in magnitude over time due to the damping effect. The torque applied affects the angular velocity, leading to changes in the state values. Given the negative reward received at step 8, the agent might try to correct the pendulum's position by applying a torque in the opposite direction.","2"
"3.5","Pendulum-v1","next-state","5","The reward function for the Pendulum-v1 task penalizes the angular deviation (theta) and angular velocity (theta_dt) of the pendulum, as well as the torque applied. Based on the provided historical data, we can observe that the agent is trying to swing the pendulum upright by applying torque in different directions. The actions taken by the agent seem to be based on the current state and the received rewards, aiming to minimize the deviation and velocity of the pendulum.","4"
"3.5","Pendulum-v1","next-state","5","The historical data shows that the agent's actions and rewards are not consistent in their effects on the state elements. However, the reward function penalizes the angular position and velocity, as well as the torque applied. Given the reward function, we can expect the agent to try to minimize the angular position and velocity while also minimizing the torque applied. The angular position and velocity are already close to 1 and 0 respectively, so the agent might focus on reducing the torque to improve the reward.","4"
"3.5","Pendulum-v1","next-state","5","Based on the provided historical data, we can observe some patterns in the transitions between states. The angular velocity (state element at index 2) seems to be affected by the actions taken, with larger torque values leading to more significant changes in angular velocity. The cosine and sine values (state elements at index 0 and 1) also show some variation but are less predictable based on the given data. Additionally, the rewards are influenced by the angle and angular velocity, with penalties increasing as the angle deviates from the upright position or the angular velocity increases.","4"
"3.5","Pendulum-v1","next-state","5","Based on the historical data provided, we can observe some patterns in the transitions between states. The angular position (first element) seems to be approaching 1.0, the angular velocity (second element) is fluctuating around 0, and the torque (third element) is also fluctuating around 0. Considering these patterns, along with the action taken at step 12 and the reward received, we can make predictions about the next state.","4"
"3.5","Pendulum-v1","next-state","5","Based on the provided historical data, we can observe that the pendulum system tends to stabilize around the upright position (x=1, y=0) with minimal angular velocity. The actions taken by the agent seem to be correcting the pendulum's position towards the vertical axis. Additionally, the rewards received are gradually improving, indicating that the agent is learning to swing the pendulum upwards more effectively. Considering these trends, we can predict that the next state after step 13 is likely to show further progress towards the upright position with reduced angular velocity.","4"
"3.5","Pendulum-v1","next-state","5","Based on the provided historical data, we can observe that the pendulum's angle (state element at index 0) tends to stay close to 1.0, the y-coordinate (state element at index 1) fluctuates around -0.02, and the angular velocity (state element at index 2) varies but remains within a certain range. The actions taken by the agent seem to be influencing the angular velocity more significantly than the other state elements. Therefore, for the next state prediction, we can expect the angle to remain close to 1.0, the y-coordinate to stay around -0.02, and the angular velocity to be influenced by the action taken.","2"
"3.5","Pendulum-v1","next-state","5","The historical data shows that the pendulum's angle (state element at index 1) tends to decrease over time when a torque is applied. The angular velocity (state element at index 2) also tends to decrease when a torque is applied. The action taken at step 15 was to apply a counterclockwise torque, which should continue to decrease the angle and angular velocity based on the observed patterns.","2"
"3.5","Pendulum-v1","next-state","5","Based on the provided historical data, we can observe that the pendulum's state elements tend to change in a consistent manner in response to the actions taken by the agent. The angular velocity (third element) seems to be more sensitive to changes compared to the x and y coordinates. Additionally, the actions taken by the agent also influence the state changes. Therefore, we can use this information to predict the next state following the action taken at step 16.","4"
"3.5","Pendulum-v1","next-state","5","The given historical data shows that the pendulum's state elements have been fluctuating slightly with each step, indicating a somewhat unstable system. The actions taken by the agent have not been extreme, and the rewards have been relatively small. Based on the patterns observed, the next state is likely to exhibit small changes compared to the current state.","3"
"3.5","Pendulum-v1","next-state","5","Based on the provided historical data, we can observe that the pendulum's state elements tend to fluctuate around certain values rather than consistently increase or decrease. The actions taken by the agent also vary in magnitude and direction. The reward values are close to zero, indicating the agent is making progress towards the goal of swinging the pendulum upright. Considering the dynamics of the pendulum system, we can expect the next state to exhibit similar fluctuations around the current state values.","4"
"3.5","Pendulum-v1","next-state","5","Based on the provided historical data, we can observe some patterns in the changes of state elements following actions and rewards. The angular velocity component of the state seems to be affected by the actions taken, while the x and y coordinates (cos(theta) and sin(theta)) show less consistent patterns. The reward values are also indicative of the agent's performance, with negative rewards indicating deviations from the desired behavior. Considering these patterns, we can make predictions for the next state elements based on the given state, action, and reward at step 19.","4"
"3.5","Pendulum-v1","next-state","5","Based on the provided historical data, we can observe that the pendulum's state elements tend to fluctuate around certain values rather than exhibit a clear increasing or decreasing trend. The changes in state elements seem to be influenced by the actions taken and the rewards received, but the patterns are not strictly increasing or decreasing. Therefore, for the prediction of the next state s21, we can expect the state elements to stay close to the current values with minor fluctuations.","4"
"3.5","Pendulum-v1","next-state","5","Based on the provided historical data, we can observe that the pendulum's state elements tend to follow certain patterns in response to actions and rewards. The angular velocity (third element) seems to be affected more significantly by the actions taken, while the x and y coordinates (first and second elements) exhibit smaller changes. Additionally, the reward values are relatively small in magnitude, indicating subtle adjustments in the state. Considering these patterns, we can make predictions for the next state based on the current state, action, and reward.","4"
"3.5","Pendulum-v1","next-state","5","Based on the reward function and the dynamics of the pendulum system, we can infer that the agent aims to swing the pendulum upright while minimizing the angle deviation, angular velocity, and torque applied. Looking at the historical data, we observe that the agent is making adjustments to the pendulum's position and velocity by applying torque. The angular velocity seems to be decreasing over time, indicating the agent is trying to stabilize the pendulum. Given the negative reward values, the agent is penalized for deviations from the upright position, high angular velocity, and torque. Therefore, we can expect the agent to continue trying to swing the pendulum upright while reducing angular velocity and torque.","4"
"3.5","Pendulum-v1","next-state","5","Based on the provided historical data, we can observe that the pendulum's state elements tend to fluctuate around certain values after each action. The angular velocity (state element [2]) seems to vary more significantly compared to the x and y coordinates (state elements [0] and [1]). Additionally, the torque applied (action) influences the angular velocity the most. Given the reward function penalizes large angular velocities, we can expect the agent to try to stabilize the pendulum by reducing the angular velocity. Therefore, after a positive torque action that increases the angular velocity, the agent might try to counteract this by applying a negative torque in the next step to decrease the angular velocity.","4"
"3.5","Pendulum-v1","next-state","5","Based on the provided historical data, we can observe some patterns in the transitions between states. The angular velocity component of the state seems to change more significantly compared to the x and y coordinates. Additionally, the action values are not extreme, ranging between -1.0872 and 1.4213. The rewards are also relatively small in magnitude, indicating that the agent is making gradual adjustments. Considering these patterns, we can predict the next state by factoring in the incremental changes observed in the historical data.","2"
"3.5","Pendulum-v1","next-state","5","Based on the provided historical data, we can observe that the pendulum's state elements tend to fluctuate around certain values after each action. The angular velocity (state element [2]) seems to vary more significantly compared to the x and y coordinates (state elements [0] and [1]). Additionally, the actions taken by the agent do not follow a specific pattern in terms of increasing or decreasing. Therefore, we should consider the overall trend of the state elements and the impact of the action on the pendulum's dynamics to predict the next state.","4"
"3.5","Pendulum-v1","next-state","5","Based on the provided historical data, we can observe that the pendulum system tends to stabilize around certain values after taking actions. The reward function penalizes large deviations in angle and angular velocity, encouraging the agent to minimize these deviations. Additionally, the torque values applied in the actions also influence the dynamics of the system. Given the patterns observed in the historical data, we can predict the next state by considering the impact of the action taken at step 26 on the current state.","4"
"3.5","Pendulum-v1","next-state","5","Based on the historical data up to step 27, we can observe that the x-coordinate (first element) of the state remains very close to 1.0, the y-coordinate (second element) fluctuates slightly, and the angular velocity (third element) also fluctuates around 0. Considering the action taken at step 27 and the reward received, we can predict the next state's elements by considering the dynamics of the pendulum system.","4"
"3.5","Pendulum-v1","next-state","5","Based on the provided historical data, we can observe some patterns in the transitions between states. The angular position (first element) seems to fluctuate around 0.999, the y-coordinate (second element) varies slightly, and the angular velocity (third element) shows some variation as well. The actions taken by the agent also vary in magnitude. Given the reward function penalizes large changes in torque, we can expect the next state to exhibit similar patterns of small changes in each element.","4"
"3.5","Pendulum-v1","next-state","5","Based on the historical data provided, we can observe some patterns in the transitions between states. The angular velocity component of the state seems to be changing more significantly compared to the x and y coordinates. Additionally, the actions taken by the agent also have a noticeable impact on the subsequent states. Considering the dynamics of the pendulum system, where torque affects the change in angle over time, we can infer that the angular velocity might continue to change significantly in the next state based on the actions taken.","4"
"3.5","Pendulum-v1","next-state","5","Based on the reward function and the dynamics of the pendulum system, we can infer that the agent aims to swing the pendulum up while minimizing the angle deviation, angular velocity, and torque applied. Looking at the historical data, we observe that the agent's actions and rewards are consistent with this goal. Given the current state s30 = [[ 0.9988, -0.0484,  0.0878]] and action a30 = [[-0.8885]], which resulted in a slightly negative reward, we can expect the agent to continue trying to swing the pendulum up while controlling the angle and velocity.","2"
"3.5","Pendulum-v1","next-state","5","Based on the historical data provided, we can observe that the pendulum system exhibits some level of stability in its dynamics. The actions taken by the agent seem to be adjusting based on the state and reward feedback received. Additionally, the rewards are relatively small in magnitude, indicating that the agent is making gradual adjustments rather than drastic changes. Given the small changes in rewards and actions, we can expect the next state to exhibit a similar pattern of small adjustments.","3"
"3.5","Pendulum-v1","next-state","5","The reward function is designed to encourage the pendulum to swing up and balance in the upright position. Looking at the historical data, we can observe that the agent is making adjustments to the pendulum's position and velocity based on the rewards received. The actions taken by the agent seem to be correcting the state towards the upright position. Given the negative rewards received, the agent is likely trying to stabilize the pendulum. Therefore, we can expect the next state to reflect this trend of corrections towards the upright position.","4"
"3.5","Pendulum-v1","next-state","5","Based on the provided historical data, we can observe that the pendulum's state elements tend to fluctuate around certain values after each action. The action taken at step 33 was a torque of 1.5583, which resulted in a reward of -0.0057. Given the patterns observed in the historical data, we can infer how the next state might change compared to the current state.","4"
"3.5","Pendulum-v1","next-state","10","The historical data shows that the pendulum's angle (state element [0]) tends to increase when positive torque is applied and decrease when negative torque is applied. The y-coordinate (state element [1]) fluctuates but generally decreases over time. The angular velocity (state element [2]) tends to decrease when positive torque is applied and increase when negative torque is applied. Based on these observations, we can predict the next state following the action taken at step 9.","4"
"3.5","Pendulum-v1","next-state","10","The historical data shows that the pendulum's angle (state element [0]) tends to oscillate around 1.0, the y-coordinate (state element [1]) decreases slightly, and the angular velocity (state element [2]) fluctuates around -0.5. The actions taken by the agent also vary, but they generally lead to small changes in the state elements due to the reward function penalizing large deviations. Given the patterns observed, the next state is likely to have similar characteristics, with minor fluctuations in each state element.","2"
"3.5","Pendulum-v1","next-state","10","Based on the historical data up to step 11, we can observe that the pendulum's angular position (state element 0) tends to increase when negative torque is applied and decrease when positive torque is applied. The angular velocity (state element 2) tends to decrease in magnitude over time. Given the negative reward at step 11, we can expect the agent to try to correct the deviation from the upright position by applying a torque in the opposite direction.","2"
"3.5","Pendulum-v1","next-state","10","Based on the historical data, we can observe that the pendulum swingup problem involves balancing the pendulum by applying torque. The reward function penalizes large deviations in angle, angular velocity, and torque. Looking at the historical data, we can see that the agent tends to make adjustments to the pendulum's position and velocity by applying torque in the opposite direction. The angular velocity tends to decrease over time as the pendulum swings up. Given the current state at step 12 and the action taken, we can predict the next state by considering the dynamics of the system and the agent's behavior observed in the historical data.","3"
"3.5","Pendulum-v1","next-state","10","Based on the historical data provided, we can observe some patterns in the transitions between states. The angular position (element 0) tends to move towards 1.0, the angular velocity (element 1) fluctuates around small values, and the torque applied (element 2) varies in magnitude. The reward values also decrease over time, indicating the agent is trying to stabilize the pendulum. Considering these trends, we can make predictions for the next state based on the action taken and the reward received at step 13.","4"
"3.5","Pendulum-v1","next-state","10","Based on the historical data up to step 14, we can observe some patterns in the transitions. The angular velocity (third element) seems to be affected more significantly by the actions taken, while the x and y coordinates (first and second elements) show smaller changes. Additionally, the actions taken in the historical data have varied in magnitude and direction, leading to different effects on the state elements. Considering these observations, we can predict the next state by analyzing the impact of the action taken at step 14 on the current state.","4"
"3.5","Pendulum-v1","next-state","10","The historical data shows that the pendulum's angular velocity tends to decrease over time as the agent applies torque to stabilize the pendulum. The x and y coordinates of the pendulum's free end also exhibit a pattern of slight fluctuations but tend to remain close to their current values. Given the negative reward received at step 15, the agent is likely trying to stabilize the pendulum. Therefore, the angular velocity might continue to decrease, while the x and y coordinates may remain relatively stable.","2"
"3.5","Pendulum-v1","next-state","10","Based on the historical data up to step 16, we can observe that the pendulum's behavior is influenced by the applied torque and the current state. The torque values have varied in magnitude and direction, leading to changes in the angular position and velocity of the pendulum. Additionally, the reward function penalizes deviations from the upright position, encouraging the agent to stabilize the pendulum. Given the patterns observed, we can predict the next state by considering the impact of the action taken at step 16 on the current state.","4"
"3.5","Pendulum-v1","next-state","10","Based on the historical data up to step 17, we can observe some patterns in the transitions. The angular position (first element) seems to be approaching 1.0, the y-coordinate (second element) is decreasing, and the angular velocity (third element) is fluctuating but generally decreasing. The actions taken also vary in magnitude and direction. Considering these trends, we can make predictions for the next state at step 18.","4"
"3.5","Pendulum-v1","next-state","10","The historical data shows that the pendulum's angle (state element 0) tends to stay close to 1.0, the y-coordinate (state element 1) fluctuates around -0.04, and the angular velocity (state element 2) varies but remains relatively small in magnitude. The actions taken by the agent have led to small changes in the state elements, with rewards indicating the agent is moving towards the goal of balancing the pendulum upright. Given the patterns observed, we can predict the next state based on these trends.","2"
"3.5","Pendulum-v1","next-state","10","Based on the historical data, we can observe that the pendulum's behavior is somewhat erratic, with no clear pattern in the changes of state elements. However, the actions taken by the agent seem to be influenced by the current state, as the actions vary in magnitude and direction. The rewards also fluctuate, indicating that the agent is exploring different actions. Given the randomness in the system and the lack of a clear trend in the historical data, predicting the next state precisely is challenging. We will consider the general dynamics of the pendulum system and the immediate impact of the action taken at step 19 to make our predictions.","4"
"3.5","Pendulum-v1","next-state","10","Based on the historical data, we can observe that the pendulum's angle (state element at index 0) tends to decrease over time, as indicated by the negative angular velocities in the states. The angular velocity (state element at index 2) also fluctuates but generally remains within a small range. The torque applied (actions) varies in magnitude but does not follow a clear increasing or decreasing pattern. Considering these observations, we can predict the next state by taking into account the current state, action, and the general trends observed in the historical data.","4"
"3.5","Pendulum-v1","next-state","10","Based on the historical data, we can observe that the pendulum's behavior is influenced by the actions taken by the agent. The state elements seem to be affected by the actions and rewards in a consistent manner. The angular velocity (state element [2]) tends to change more significantly compared to the x and y coordinates (state elements [0] and [1]). Additionally, the torque applied (action) affects the angular velocity more prominently. Given the patterns observed, we can predict the next state by considering the impact of the action taken at step 21 on the current state.","4"
"3.5","Pendulum-v1","next-state","10","Based on the historical data, we can observe some patterns in the transitions between states. The angular position (element 0) seems to be fluctuating slightly, the y-coordinate (element 1) is generally decreasing, and the angular velocity (element 2) is also fluctuating but with no clear trend. The actions taken by the agent also vary in magnitude and direction. Considering these patterns, we can make predictions for the next state based on the current state and action.","4"
"3.5","Pendulum-v1","next-state","10","Based on the historical data provided, we can observe that the pendulum's behavior is somewhat erratic, with no clear pattern in the changes of state elements after each action. However, we can see that the changes in state elements are relatively small compared to the initial values. The angular velocity (third element) seems to fluctuate more compared to the x and y coordinates. Given the nature of the pendulum swing-up problem, small changes in state elements are expected, and the angular velocity tends to vary more significantly.","4"
"3.5","Pendulum-v1","next-state","10","Based on the historical data up to step 24, we can observe some patterns in the changes of state elements following certain actions and rewards. The angular velocity component of the state seems to be affected more significantly by the actions taken, while the x and y coordinates are relatively stable with small fluctuations. Additionally, the reward values are negative, indicating that the agent is not achieving the optimal state. Considering these patterns, we can predict the next state elements by analyzing the impact of the action and reward on the current state.","4"
"3.5","Pendulum-v1","next-state","10","Based on the historical data up to step 25, we can observe some patterns in the transitions of the state elements. The angular velocity (element 2) seems to be fluctuating around zero, with no clear increasing or decreasing trend. The x-coordinate (element 0) has been relatively stable, while the y-coordinate (element 1) has shown some variation. The actions taken by the agent have varied in magnitude and direction, leading to changes in the state elements. Considering these patterns, we can make predictions for the next state based on the current state and action.","4"
"3.5","Pendulum-v1","next-state","10","Based on the historical data, we can observe that the pendulum system tends to stabilize around certain values after taking actions. The reward function penalizes large deviations in angle and angular velocity, encouraging the agent to minimize these deviations. Additionally, the torque values applied by the agent seem to be moderate, indicating a gradual approach rather than abrupt changes. Given these observations, we can expect the next state to exhibit small changes compared to the current state, with a tendency towards stabilization.","3"
"3.5","Pendulum-v1","next-state","10","Based on the historical data up to step 27, we can observe some patterns in the changes of state elements following actions and rewards. The angular position (element 0) seems to fluctuate slightly, the angular velocity (element 1) tends to decrease, and the torque (element 2) varies but generally does not have a consistent trend. The changes in state elements are influenced by the actions taken and the rewards received.","4"
"3.5","Pendulum-v1","next-state","10","Based on the historical data up to step 28, we can observe some patterns in the transitions. The angular velocity seems to fluctuate around zero, with small changes in magnitude. The x-coordinate (cosine of the angle) and y-coordinate (sine of the angle) also show small variations. The torque applied has varied in magnitude, leading to changes in the angular velocity. Given the reward function penalizes large changes in angle and angular velocity, we can expect the next state to exhibit similar small changes unless a significant torque is applied.","4"
"3.5","Pendulum-v1","next-state","10","Based on the historical data, we can observe that the pendulum system tends to stabilize around certain values after taking actions. The rewards received are negative, indicating that the agent is not achieving the desired goal of swinging the pendulum upright. The actions taken by the agent seem to be quite varied in magnitude, both positive and negative. The state elements also show fluctuations but tend to stabilize around certain values. Given the patterns observed, we can predict the next state by considering the dynamics of the system and the impact of the action taken.","4"
"3.5","Pendulum-v1","next-state","10","Based on the historical data up to step 30, we can observe that the pendulum's state elements tend to fluctuate around certain values with no clear increasing or decreasing trend. The actions taken by the agent also vary in magnitude and direction. Therefore, it is challenging to predict the exact direction of change for each state element in the next step. However, we can infer that small changes in state elements are more likely due to the threshold of 1e-4 mentioned.","4"
"3.5","Pendulum-v1","next-state","10","Based on the historical data, we can observe that the pendulum system tends to stabilize around certain values after taking actions. The changes in state elements are relatively small between consecutive steps, indicating a gradual convergence towards equilibrium. Additionally, the reward function penalizes large deviations, incentivizing the agent to make smoother adjustments. Considering these dynamics, we can predict the next state by assuming a similar trend of small changes in state elements.","4"
"3.5","Pendulum-v1","next-state","10","Based on the historical data, we can observe that the pendulum's behavior is somewhat erratic, with no clear pattern in the changes of state elements after each action. However, the changes in state elements seem to be relatively small compared to the range of possible values. Therefore, we can expect the next state to have elements that are close to the current state, with potentially small changes.","4"
"3.5","Pendulum-v1","next-state","10","Based on the historical data up to step 33, we can observe that the pendulum's behavior is somewhat chaotic, with no clear pattern in the changes of state elements. However, the actions taken by the agent seem to have a significant impact on the subsequent states. The reward values also fluctuate, indicating the system's sensitivity to actions. Given the randomness and complexity of the system, predicting the exact changes in the next state is challenging, but we can analyze the trends observed so far to make an informed prediction.","4"
"3.5","Pendulum-v1","next-state","10","Based on the historical data up to step 34, we can observe some patterns in the transitions. The angular position (element 0) seems to fluctuate around 0.999, with slight variations. The y-coordinate (element 1) has been decreasing gradually, and the angular velocity (element 2) has been fluctuating around 0.1. The actions taken have varied in magnitude but have not followed a clear increasing or decreasing trend. The rewards have been negative, indicating that the agent is not achieving the optimal state. Considering these patterns, we can make predictions for the next state.","2"
"3.5","Pendulum-v1","next-state","10","Based on the historical data, we can observe that the pendulum system tends to stabilize around certain values after taking actions. The rewards received are relatively consistent, indicating that the agent is learning to control the pendulum. Additionally, the actions taken by the agent seem to be adjusting based on the state values to optimize the reward. Given the patterns observed in the historical data, we can predict the next state by considering the dynamics of the system and the effects of the actions taken.","4"
"3.5","Pendulum-v1","next-state","10","The historical data shows that the pendulum system is subject to the reward function, which penalizes deviations in angle, angular velocity, and torque. The actions taken by the agent seem to be adjusting based on the state to minimize the negative rewards. Given the patterns observed in the historical data, the next state is likely to reflect a response to the action taken at step 36, considering the dynamics of the system.","4"
"3.5","Pendulum-v1","next-state","10","Based on the historical data, we can observe some patterns in the transitions between states. The angular position (first element) seems to fluctuate around 0.999, with slight variations. The y-coordinate (second element) shows a decreasing trend, while the angular velocity (third element) varies but generally remains close to the current value. The actions taken by the agent also influence the changes in the state elements. Considering these patterns, we can make predictions for the next state based on the action taken at step 37.","4"
"3.5","Pendulum-v1","next-state","10","Based on the historical data, we can observe that the pendulum system tends to stabilize around certain states after taking actions. The reward function penalizes large deviations in angle and angular velocity, incentivizing the agent to minimize these deviations. Additionally, the torque applied also affects the system dynamics. Given the historical data, we can infer that the system tends to move towards stabilizing around certain angle and velocity values.","4"
"3.5","Pendulum-v1","next-state","20","Based on the historical data up to step 19, we can observe that the pendulum's angle (state element 0) tends to move towards 1.0 (upright position) when positive torque is applied and towards -1.0 when negative torque is applied. The y-coordinate (state element 1) tends to decrease when positive torque is applied and increase when negative torque is applied. The angular velocity (state element 2) tends to decrease over time due to the negative reward associated with high angular velocity. Therefore, considering the patterns observed, we can make predictions for the next state.","4"
"3.5","Pendulum-v1","next-state","20","Based on the historical data, we can observe that the pendulum system tends to stabilize around certain values. The angular velocity tends to decrease towards zero, while the x and y coordinates oscillate around specific values. The actions taken by the agent also influence the system dynamics. Given the small changes in consecutive states, we can expect the next state to follow a similar pattern of stabilization and minor adjustments.","4"
"3.5","Pendulum-v1","next-state","20","Based on the historical data up to step 21, we can observe that the pendulum's behavior is influenced by the applied torque and the current state. The torque values have varied throughout the steps, affecting the angular position and velocity of the pendulum. Additionally, the reward function penalizes deviations from the upright position, encouraging the agent to swing the pendulum towards the vertical axis. Given the patterns observed in the historical data, we can predict the next state by considering the impact of the action taken at step 21 and the dynamics of the system.","4"
"3.5","Pendulum-v1","next-state","20","Based on the historical data, we can observe that the angular velocity component of the state tends to decrease over time. The actions taken by the agent also seem to be influenced by the current angular velocity, with larger negative actions applied when the angular velocity is higher. Additionally, the reward function penalizes high angular velocities. Considering these patterns, we can predict that the angular velocity component of the next state will likely decrease or remain unchanged.","3"
"3.5","Pendulum-v1","next-state","20","Based on the historical data, we can observe that the pendulum's behavior is influenced by the applied torque and the current state. The torque values have varied throughout the steps, affecting the angular position and velocity of the pendulum. Additionally, the reward function penalizes large deviations in angle and angular velocity. Given the patterns observed in the historical data, we can predict the next state by considering the impact of the torque applied at step 23 and the resulting reward.","4"
"3.5","Pendulum-v1","next-state","20","Based on the historical data up to step 24, we can observe that the angular velocity component of the state tends to decrease over time due to the negative rewards associated with high angular velocities. The x and y components of the state do not show a clear trend but tend to fluctuate around certain values. The action taken at step 24 was positive, which might lead to a slight increase in the angular velocity component but could potentially decrease the x and y components due to the nature of the pendulum dynamics.","2"
"3.5","Pendulum-v1","next-state","20","Based on the historical data up to step 25, we can observe that the pendulum's behavior is somewhat stable with small fluctuations. The action values have varied, leading to slight changes in the state elements. The reward values have also been relatively consistent. Given the previous trends, we can expect the next state to exhibit minor changes compared to the current state.","4"
"3.5","Pendulum-v1","next-state","20","Based on the historical data up to step 26, we can observe that the angular velocity component of the state tends to decrease over time. The actions taken by the agent have varied in magnitude and direction, leading to fluctuations in the pendulum's movement. The reward values have been negative, indicating that the agent is still learning to stabilize the pendulum. Given the previous trends, we can expect the angular velocity to continue decreasing, and the x and y coordinates to potentially remain relatively stable or change slightly.","4"
"3.5","Pendulum-v1","next-state","20","Based on the historical data up to step 27, we can observe some patterns in the changes of state elements following specific actions and rewards. The angular position (element 0) tends to decrease when positive torque is applied and increase when negative torque is applied. The angular velocity (element 1) tends to decrease over time due to the negative rewards associated with high velocities. The torque (element 2) varies based on the action taken by the agent.","4"
"3.5","Pendulum-v1","next-state","20","Based on the historical data up to step 28, we can observe that the pendulum's behavior is somewhat erratic, with no clear pattern in the changes of state elements. However, the angular velocity (third element) seems to fluctuate more compared to the x and y coordinates. The torque applied also varies in magnitude and direction, leading to unpredictable changes in the state. Given the complexity of the system and the lack of a clear trend in the historical data, predicting the next state with certainty is challenging.","4"
"3.5","Pendulum-v1","next-state","20","The historical data shows that the pendulum's angle (state element 0) tends to fluctuate around the current value without a clear increasing or decreasing trend. The y-coordinate (state element 1) has been decreasing slightly over the past few steps. The angular velocity (state element 2) has been fluctuating but generally decreasing. The action taken at step 29 was a relatively large positive torque, which might lead to a significant change in the pendulum's dynamics.","2"
"3.5","Pendulum-v1","next-state","20","Based on the historical data up to step 30, we can observe that the pendulum system tends to stabilize around certain values after taking actions. The angular velocity (state element [2]) seems to fluctuate but generally remains close to its current value. The x-coordinate (state element [0]) and y-coordinate (state element [1]) also exhibit small changes. The actions taken by the agent have led to gradual adjustments in the state values, with some fluctuations due to the dynamics of the pendulum system.","4"
"3.5","Pendulum-v1","next-state","20","Based on the historical data up to step 31, we can observe that the pendulum's behavior is somewhat erratic, with no clear consistent pattern in the changes of state elements. However, the actions taken by the agent seem to have a moderate effect on the state transitions. The reward values also indicate that the agent is trying to optimize its actions to maximize rewards. Given the randomness in the system and the influence of the agent's actions, predicting the next state requires considering the overall dynamics of the pendulum system.","4"
"3.5","Pendulum-v1","next-state","20","Based on the historical data up to step 32, we can observe some patterns in the transitions of the state elements. The angular position (element 0) seems to fluctuate around the current value, the y-coordinate (element 1) tends to decrease, and the angular velocity (element 2) also fluctuates but with no clear trend. The actions taken by the agent also vary in magnitude and direction, leading to changes in the state elements. Considering these patterns, we can make predictions for the next state based on the current state and action.","4"
"3.5","Pendulum-v1","next-state","20","Based on the historical data, we can observe that the pendulum system tends to stabilize around certain values after taking actions. The angular velocity (state element [2]) seems to fluctuate around small values, indicating a tendency to decrease towards zero. The x-coordinate (state element [0]) and y-coordinate (state element [1]) also show a pattern of minor fluctuations but tend to remain close to their current values. Therefore, we can predict that the next state will likely have a similar pattern of minor changes with a tendency for the angular velocity to decrease further.","4"
"3.5","Pendulum-v1","next-state","20","Based on the historical data up to step 34, we can observe that the pendulum's angle (state element 0) tends to fluctuate around the current value without a clear increasing or decreasing trend. The y-coordinate (state element 1) has shown a slight decreasing trend, while the angular velocity (state element 2) has also exhibited fluctuations without a clear pattern. The actions taken by the agent have varied in magnitude and direction, leading to diverse outcomes in the rewards received. Considering these observations, the next state is likely to reflect similar patterns of fluctuations and minor changes rather than drastic increases or decreases in state elements.","4"
"3.5","Pendulum-v1","next-state","20","Based on the historical data up to step 35, we can observe that the pendulum's behavior is somewhat erratic, with no clear pattern in the changes of state elements. However, the angular velocity (state element [2]) seems to fluctuate more compared to the x and y coordinates (state elements [0] and [1]). The actions taken by the agent also vary in magnitude and direction, leading to unpredictable changes in the state. Given the complexity of the pendulum dynamics and the lack of a clear trend in the historical data, predicting the next state with certainty is challenging.","4"
"3.5","Pendulum-v1","next-state","20","Based on the historical data, we can observe that the pendulum system tends to stabilize around certain states after taking actions. The reward function penalizes large deviations in angle and angular velocity, incentivizing the agent to minimize these deviations. Additionally, the torque values applied by the agent seem to be within a certain range, indicating a controlled behavior. Given the negative reward values, the agent is likely trying to correct the pendulum's position towards the upright position. Therefore, we can expect the next state to reflect a movement towards stabilizing the pendulum.","4"
"3.5","Pendulum-v1","next-state","20","Based on the historical data, we can observe that the pendulum's behavior is somewhat chaotic, with no clear pattern in the changes of state elements. However, the torque values applied by the agent seem to be relatively high, leading to significant swings in the pendulum's position. Given the high torque values and the chaotic nature of the system, predicting the exact changes in the next state is challenging.","3"
"3.5","Pendulum-v1","next-state","20","The historical data shows that the pendulum's angle (state element [0]) tends to fluctuate around the current value without a clear increasing or decreasing trend. The y-coordinate (state element [1]) has been decreasing over the past few steps, indicating a downward trend. The angular velocity (state element [2]) has been fluctuating but generally staying close to the current value. The action taken at step 38 was a torque of 2.0, which is a significant positive torque.","4"
"3.5","Pendulum-v1","next-state","20","Based on the historical data, we can observe that the pendulum system tends to stabilize around certain values after taking actions. The angular velocity tends to fluctuate around zero, while the x and y coordinates tend to stabilize close to 1 and -0.05, respectively. The actions taken by the agent also vary in magnitude, but they do not follow a specific pattern in terms of increasing or decreasing. Therefore, we can expect the next state to exhibit similar behavior, with small fluctuations around the current state values.","2"
"3.5","Pendulum-v1","next-state","20","Based on the historical data up to step 40, we can observe that the pendulum's behavior is somewhat chaotic, with no clear pattern in the changes of state elements. However, the angular velocity seems to fluctuate more compared to the x and y coordinates. The torque applied also varies in magnitude and direction, leading to unpredictable changes in the state. Therefore, predicting the next state requires considering the randomness and non-linear dynamics of the system.","4"
"3.5","Pendulum-v1","next-state","20","Based on the historical data, we can observe that the pendulum's behavior is somewhat chaotic, with no clear pattern in the changes of state elements after each action. However, the changes in state elements seem to be relatively small compared to the initial values. The torque applied varies in magnitude and direction, leading to unpredictable changes in the pendulum's position and velocity.","4"
"3.5","Pendulum-v1","next-state","20","Based on the historical data, we can observe that the pendulum system tends to stabilize around certain values after taking actions. The changes in the state elements are influenced by the actions taken and the rewards received. Additionally, the dynamics of the pendulum system suggest that small changes in state elements might not lead to significant differences in subsequent states.","4"
"3.5","Pendulum-v1","next-state","20","Based on the historical data, we can observe that the pendulum's behavior is somewhat chaotic, with actions and rewards leading to fluctuations in the state elements. However, there seems to be a pattern where the angular velocity (state element [2]) tends to change more significantly compared to the x and y coordinates (state elements [0] and [1]). Additionally, the torque applied (action) influences the angular velocity more prominently. Given the negative reward received at step 43, we can expect the agent to try to correct the deviation from the upright position, which might lead to changes in the x and y coordinates as well.","2"
"3.5","Pendulum-v1","next-state","20","Based on the historical data, we can observe some patterns in the transitions between states. The angular position (first element) seems to fluctuate around the current value, with no clear increasing or decreasing trend. The y-coordinate (second element) has shown both increasing and decreasing trends, but the changes are not consistent. The angular velocity (third element) has varied in both directions but tends to stay close to the current value. Considering these observations, the next state's elements are likely to exhibit similar behavior, with small fluctuations around the current values.","4"
"3.5","Pendulum-v1","next-state","20","Based on the historical data, we can observe that the pendulum system tends to stabilize around certain values after taking actions. The changes in the state elements are influenced by the actions taken and the rewards received. Additionally, the system tends to move towards equilibrium (theta = 0) due to the reward function penalizing deviations from the upright position. The angular velocity tends to decrease over time as the system stabilizes.","4"
"3.5","Pendulum-v1","next-state","20","Based on the historical data, we can observe that the pendulum system tends to stabilize around certain values after taking actions. The changes in the state elements are influenced by the actions taken and the rewards received. Additionally, the system seems to exhibit some periodicity in its behavior, with slight fluctuations in the state elements. Considering the patterns observed, we can make predictions for the next state based on the current state, action, and reward.","4"
"3.5","Pendulum-v1","next-state","20","Based on the historical data up to step 47, we can observe that the pendulum's behavior is somewhat chaotic, with no clear pattern in the changes of state elements. However, the actions taken by the agent seem to have a moderate impact on the subsequent states. The reward values also fluctuate, indicating variations in the agent's performance. Given the randomness and complexity of the system, predicting the exact changes in the next state is challenging, but we can make educated guesses based on the available information.","4"
"3.5","Pendulum-v1","next-state","20","The historical data shows that the pendulum's angle and angular velocity tend to oscillate around certain values, with small variations. The torque applied also varies but generally stays within a certain range. Given the patterns observed, the next state is likely to exhibit similar behavior, with small fluctuations around the current state values.","4"
"3.5","Pendulum-v1","next-state","30","The historical data shows that the pendulum's angle and angular velocity tend to decrease over time as the agent applies torque to swing the pendulum upright. The torque values applied vary, but the overall trend is to reduce the angle and velocity. Given the negative reward received at step 29, indicating a suboptimal action, the next state is likely to continue this trend of decreasing angle and angular velocity.","2"
"3.5","Pendulum-v1","next-state","30","Based on the historical data up to step 30, we can observe that the pendulum's behavior is somewhat stable with small fluctuations in the state elements. The angular velocity (state element [2]) tends to decrease slightly over time due to the damping effect of the environment. The x-coordinate (state element [0]) and y-coordinate (state element [1]) also show minor fluctuations but do not exhibit a clear increasing or decreasing trend. The torque actions applied by the agent seem to be adjusting to stabilize the pendulum. Given the recent state and action, we can expect a continuation of this trend with minor changes in the state elements.","4"
"3.5","Pendulum-v1","next-state","30","Based on the historical data up to step 31, we can observe that the pendulum's behavior is somewhat stable with small fluctuations in the state elements. The angular velocity (state element [2]) tends to decrease slightly over time, while the x and y coordinates (state elements [0] and [1]) show minor variations but do not exhibit a clear increasing or decreasing trend. The actions taken by the agent also vary but do not show a consistent pattern in relation to the state elements. Considering these observations, we can predict the next state by assuming a continuation of these small fluctuations.","4"
"3.5","Pendulum-v1","next-state","30","Based on the historical data, we can observe that the pendulum system tends to stabilize around certain values after taking actions. The angular velocity (state element [2]) seems to decrease over time as the pendulum stabilizes. The x-coordinate (state element [0]) and y-coordinate (state element [1]) may fluctuate slightly but generally do not exhibit a clear increasing or decreasing trend.","4"
"3.5","Pendulum-v1","next-state","30","Based on the historical data, we can observe that the pendulum system tends to stabilize around certain values after taking actions. The angular velocity tends to decrease over time, while the x and y coordinates fluctuate around certain values. The actions taken by the agent also influence the changes in the state elements. Therefore, for the next state prediction, we can expect the angular velocity to decrease further, and the x and y coordinates to remain relatively stable with minor fluctuations.","4"
"3.5","Pendulum-v1","next-state","30","Based on the historical data up to step 34, we can observe that the pendulum's behavior is somewhat erratic, with no clear pattern in the changes of state elements. However, the angular velocity (third element) seems to fluctuate more compared to the x and y coordinates. The torque applied also varies in magnitude and direction. Given the randomness in the historical data, it is challenging to predict the exact behavior of the next state.","4"
"3.5","Pendulum-v1","next-state","30","Based on the historical data, we can observe that the pendulum's behavior is somewhat chaotic, with no clear linear trend in the state transitions. However, we can notice that the pendulum tends to oscillate around certain positions, and the actions taken by the agent seem to influence the angular velocity more significantly than the x and y coordinates. Additionally, the rewards received by the agent are generally negative, indicating that the agent is not consistently achieving the goal of swinging the pendulum upright.","4"
"3.5","Pendulum-v1","next-state","30","Based on the historical data, we can observe that the pendulum system tends to stabilize around certain values after taking actions. The angular velocity (state element [2]) seems to fluctuate more compared to the x-coordinate (state element [0]) and y-coordinate (state element [1]). Additionally, the actions taken by the agent have varied in magnitude and direction, influencing the subsequent states. Given the reward function penalizes large changes in torque, we can expect the next state to exhibit relatively small changes compared to the current state.","4"
"3.5","Pendulum-v1","next-state","30","Based on the historical data, we can observe that the pendulum's behavior is somewhat chaotic, with no clear pattern in the changes of state elements. However, the torque actions seem to have a significant impact on the angular velocity component of the state. Given the negative reward at step 37, it is likely that the agent will try to correct its behavior by applying a torque in the opposite direction in the next step.","2"
"3.5","Pendulum-v1","next-state","30","Based on the historical data, we can observe that the pendulum system tends to stabilize around certain values after taking actions. The angular velocity (state element [2]) seems to decrease over time as the pendulum stabilizes. The x-coordinate (state element [0]) and y-coordinate (state element [1]) might fluctuate slightly but generally remain close to their current values due to the nature of the pendulum dynamics.","4"
"3.5","Pendulum-v1","next-state","30","Based on the historical data, we can observe that the pendulum's state elements tend to follow certain patterns. The angular position (first element) fluctuates around 0.999, the angular velocity (second element) varies with a tendency to decrease, and the torque applied (action) seems to alternate between positive and negative values. The rewards also show a decreasing trend. Given these patterns, we can predict the next state by considering these tendencies.","3"
"3.5","Pendulum-v1","next-state","30","Based on the historical data, we can observe that the pendulum system tends to stabilize around certain values after taking actions. The angular velocity (state element [2]) seems to fluctuate more compared to the x-coordinate (state element [0]) and y-coordinate (state element [1]). The actions taken by the agent also vary in magnitude, but they do not show a clear pattern in terms of increasing or decreasing over time. The rewards received are negative, indicating that the agent is still learning to improve its performance.","4"
"3.5","Pendulum-v1","next-state","30","Based on the historical data, we can observe some patterns in the transitions of the state elements. The angular position (element [0]) seems to fluctuate around the current value, the y-coordinate (element [1]) tends to decrease, and the angular velocity (element [2]) also fluctuates but with a tendency to decrease slightly. The actions taken by the agent also influence these changes. Therefore, for the next state prediction, we can expect the angular position to remain around the current value, the y-coordinate to decrease, and the angular velocity to slightly decrease.","4"
"3.5","Pendulum-v1","next-state","30","Based on the historical data, we can observe some patterns in the transitions between states. The angular position (element 0) tends to fluctuate around the current value, with small changes. The y-coordinate (element 1) shows a decreasing trend, while the angular velocity (element 2) also fluctuates but with no clear trend. The action taken at step 42 was negative, which might influence the next state.","4"
"3.5","Pendulum-v1","next-state","30","Based on the historical data, we can observe that the pendulum system tends to move towards equilibrium (theta = 0) with minimal angular velocity and torque. The reward function penalizes large deviations in angle, angular velocity, and torque. Given the action a43 = [[-1.4927]] applied in step 43, which is a significant counterclockwise torque, we can expect the pendulum to swing further in the counterclockwise direction. The angular velocity is likely to increase due to the applied torque, while the x and y coordinates may change depending on the resulting swing direction.","2"
"3.5","Pendulum-v1","next-state","30","Based on the historical data up to step 44, we can observe that the x-coordinate (state element 0) has been fluctuating slightly around 0.999, the y-coordinate (state element 1) has been decreasing, and the angular velocity (state element 2) has been fluctuating around -0.12. The actions taken have varied in magnitude and direction. The rewards have been negative, indicating suboptimal performance. Given these observations, we can predict the next state by considering the trends in the data.","2"
"3.5","Pendulum-v1","next-state","30","Based on the historical data up to step 45, we can observe some patterns in the pendulum's behavior. The angular velocity seems to fluctuate around the current value, the x-coordinate (cosine of the angle) tends to remain relatively stable, and the y-coordinate (sine of the angle) shows more significant changes. The actions taken by the agent also vary in magnitude, but they do not follow a clear increasing or decreasing trend. Considering these observations, we can make predictions for the next state elements.","4"
"3.5","Pendulum-v1","next-state","30","Based on the historical data up to step 46, we can observe that the pendulum's behavior is somewhat chaotic, with no clear pattern in the changes of state elements. However, the changes in the state elements seem to be influenced by the applied torque and the resulting rewards. The angular velocity (third element) seems to fluctuate more compared to the x and y coordinates. Given the randomness and complexity of the system, it is challenging to predict the exact changes in the state elements.","4"
"3.5","Pendulum-v1","next-state","30","Based on the historical data up to step 47, we can observe that the pendulum's state elements tend to fluctuate around certain values with small variations. The action taken at step 47 was 0.7351, which is a moderate positive torque. Given the previous patterns of state changes, we can expect the next state to exhibit similar trends with slight adjustments.","4"
"3.5","Pendulum-v1","next-state","30","Based on the historical data, we can observe that the pendulum's behavior is somewhat chaotic, with actions and rewards leading to fluctuations in the state values. However, there seems to be a general trend of the pendulum swinging back and forth around the upright position. The angular velocity component of the state seems to be affected by the actions taken, while the x and y coordinates are influenced by both the actions and the angular velocity. Given the negative reward values, the agent is likely trying to stabilize the pendulum in an upright position.","4"
"3.5","Pendulum-v1","next-state","30","Based on the historical data, we can observe that the pendulum's state elements tend to oscillate around certain values after each action. The angular velocity (state element [2]) seems to be affected by the applied torque, leading to fluctuations. The x and y coordinates (state elements [0] and [1]) also show some variations but with smaller magnitudes compared to the angular velocity. Given the patterns observed, we can predict that the next state will likely follow a similar trend of oscillation around the current state values.","4"
"3.5","Pendulum-v1","next-state","30","Based on the historical data, we can observe that the pendulum's behavior is somewhat chaotic, with no clear pattern in the changes of state elements after each action. However, we can see that the pendulum tends to oscillate around certain positions, and the changes in state elements are not drastic from step to step. The angular velocity seems to fluctuate more compared to the x and y coordinates.","4"
"3.5","Pendulum-v1","next-state","30","Based on the historical data, we can observe that the pendulum's behavior is somewhat periodic and tends to oscillate around certain values. The action taken at step 51 is relatively small (0.034), and the reward is also close to zero. The angular velocity is small, and the pendulum is slightly tilted. Given the patterns observed, we can expect the pendulum to continue oscillating around the current position with a slight change.","2"
"3.5","Pendulum-v1","next-state","30","Based on the historical data, we can observe that the pendulum's behavior is somewhat periodic and tends to oscillate around certain values. The action taken at step 52 is 0.6908, which is a moderate positive torque. Given the previous patterns, the next state is likely to follow a similar trend of oscillation around the current state.","4"
"3.5","Pendulum-v1","next-state","30","Based on the historical data, we can observe that the pendulum system tends to stabilize around certain values after taking actions. The angular velocity tends to fluctuate around zero, while the x and y coordinates tend to stabilize around 0.999 and -0.045, respectively. The actions taken by the agent also vary but generally lead to small changes in the state values. Given the reward function penalizes large changes in state values, we can expect the next state to be close to the current state with minimal changes.","2"
"3.5","Pendulum-v1","next-state","30","Based on the historical data, we can observe that the pendulum system tends to move towards equilibrium over time. The reward function penalizes deviations from the upright position, so the agent is incentivized to swing the pendulum towards the vertical position. Additionally, the action taken at step 54 was a torque of 2.0, which would likely accelerate the pendulum's movement. Therefore, we can expect the next state to show signs of progress towards the upright position.","2"
"3.5","Pendulum-v1","next-state","30","Based on the historical data, we can observe that the pendulum system tends to stabilize around certain values after taking actions. The angular velocity tends to fluctuate around a certain range, while the x and y coordinates tend to stabilize as well. The torque applied affects the angular velocity more significantly than the x and y coordinates. Given the previous patterns, we can predict the next state by considering these tendencies.","4"
"3.5","Pendulum-v1","next-state","30","Based on the historical data up to step 56, we can observe that the pendulum's state elements tend to oscillate around certain values after each action. The angular velocity (element [2]) seems to be affected by the applied torque, leading to fluctuations. The x and y coordinates (elements [0] and [1]) also show some variations but are less affected by the actions compared to the angular velocity. Given the patterns observed, we can predict that the next state will likely exhibit similar oscillatory behavior around the current state values.","4"
"3.5","Pendulum-v1","next-state","30","Based on the historical data, we can observe that the angular velocity component of the state tends to decrease when a negative torque is applied. Additionally, the x and y components of the state tend to remain relatively stable or change slightly. Given the action of negative torque applied in the current step, we can expect the angular velocity to decrease further, while the x and y components may remain relatively unchanged.","4"
"3.5","Pendulum-v1","next-state","30","Based on the historical data up to step 58, we can observe that the pendulum's state elements tend to fluctuate around certain values with small variations. The actions taken by the agent also seem to result in relatively small changes in the state elements. Additionally, the rewards received by the agent are also relatively small in magnitude, indicating that the agent is making gradual adjustments. Therefore, we can expect the next state to exhibit similar patterns of small changes in the state elements.","3"
