task,metric,H,condition_id,subset_n,selected_n,component,dimension,valid_n,parse_success_rate,metric_name,value,std,na_reason,valid_units,correct_units,accuracy_all_selected,bootstrap_repetitions,bootstrap_seed,normalization_width,bootstrap_mean,std_kind
MountainCar-v0,last-action,10,3.5__MountainCar-v0__last-action__H10,10,10,action,all,9,90.0,accuracy,44.44444444444444,,,9,4,40.0,,,,,
MountainCar-v0,last-action,10,3.5__MountainCar-v0__last-action__H10,20,20,action,all,19,95.0,accuracy,57.89473684210526,,,19,11,55.0,,,,,
MountainCar-v0,last-action,10,3.5__MountainCar-v0__last-action__H10,30,30,action,all,29,96.66666666666667,accuracy,51.724137931034484,,,29,15,50.0,,,,,
MountainCar-v0,last-action,20,3.5__MountainCar-v0__last-action__H20,10,10,action,all,10,100.0,accuracy,50.0,,,10,5,50.0,,,,,
MountainCar-v0,last-action,20,3.5__MountainCar-v0__last-action__H20,20,20,action,all,20,100.0,accuracy,50.0,,,20,10,50.0,,,,,
MountainCar-v0,last-action,20,3.5__MountainCar-v0__last-action__H20,30,30,action,all,30,100.0,accuracy,53.333333333333336,,,30,16,53.333333333333336,,,,,
MountainCar-v0,last-action,30,3.5__MountainCar-v0__last-action__H30,10,10,action,all,9,90.0,accuracy,77.77777777777777,,,9,7,70.0,,,,,
MountainCar-v0,last-action,30,3.5__MountainCar-v0__last-action__H30,20,20,action,all,19,95.0,accuracy,57.89473684210526,,,19,11,55.0,,,,,
MountainCar-v0,last-action,30,3.5__MountainCar-v0__last-action__H30,30,30,action,all,29,96.66666666666667,accuracy,58.62068965517241,,,29,17,56.666666666666664,,,,,
MountainCar-v0,last-action,5,3.5__MountainCar-v0__last-action__H5,10,10,action,all,10,100.0,accuracy,80.0,,,10,8,80.0,,,,,
MountainCar-v0,last-action,5,3.5__MountainCar-v0__last-action__H5,20,20,action,all,20,100.0,accuracy,65.0,,,20,13,65.0,,,,,
MountainCar-v0,last-action,5,3.5__MountainCar-v0__last-action__H5,30,30,action,all,30,100.0,accuracy,60.0,,,30,18,60.0,,,,,
MountainCar-v0,last-state,10,3.5__MountainCar-v0__last-state__H10,10,10,direction,all,10,100.0,accuracy,30.0,,,20,6,30.0,,,,,
MountainCar-v0,last-state,10,3.5__MountainCar-v0__last-state__H10,20,20,direction,all,20,100.0,accuracy,30.0,,,40,12,30.0,,,,,
MountainCar-v0,last-state,10,3.5__MountainCar-v0__last-state__H10,30,30,direction,all,30,100.0,accuracy,38.333333333333336,,,60,23,38.333333333333336,,,,,
MountainCar-v0,last-state,20,3.5__MountainCar-v0__last-state__H20,10,10,direction,all,10,100.0,accuracy,50.0,,,20,10,50.0,,,,,
MountainCar-v0,last-state,20,3.5__MountainCar-v0__last-state__H20,20,20,direction,all,20,100.0,accuracy,50.0,,,40,20,50.0,,,,,
MountainCar-v0,last-state,20,3.5__MountainCar-v0__last-state__H20,30,30,direction,all,30,100.0,accuracy,48.333333333333336,,,60,29,48.333333333333336,,,,,
MountainCar-v0,last-state,30,3.5__MountainCar-v0__last-state__H30,10,10,direction,all,10,100.0,accuracy,55.0,,,20,11,55.0,,,,,
MountainCar-v0,last-state,30,3.5__MountainCar-v0__last-state__H30,20,20,direction,all,20,100.0,accuracy,55.0,,,40,22,55.0,,,,,
MountainCar-v0,last-state,30,3.5__MountainCar-v0__last-state__H30,30,30,direction,all,30,100.0,accuracy,51.666666666666664,,,60,31,51.666666666666664,,,,,
MountainCar-v0,last-state,5,3.5__MountainCar-v0__last-state__H5,10,10,direction,all,10,100.0,accuracy,60.0,,,20,12,60.0,,,,,
MountainCar-v0,last-state,5,3.5__MountainCar-v0__last-state__H5,20,20,direction,all,19,95.0,accuracy,65.78947368421052,,,38,25,62.5,,,,,
MountainCar-v0,last-state,5,3.5__MountainCar-v0__last-state__H5,30,30,direction,all,29,96.66666666666667,accuracy,62.06896551724138,,,58,36,60.0,,,,,
MountainCar-v0,next-action,10,3.5__MountainCar-v0__next-action__H10,10,10,action,all,10,100.0,accuracy,70.0,,,10,7,70.0,,,,,
MountainCar-v0,next-action,10,3.5__MountainCar-v0__next-action__H10,20,20,action,all,20,100.0,accuracy,70.0,,,20,14,70.0,,,,,
MountainCar-v0,next-action,10,3.5__MountainCar-v0__next-action__H10,30,30,action,all,30,100.0,accuracy,66.66666666666667,,,30,20,66.66666666666667,,,,,
MountainCar-v0,next-action,20,3.5__MountainCar-v0__next-action__H20,10,10,action,all,10,100.0,accuracy,90.0,,,10,9,90.0,,,,,
MountainCar-v0,next-action,20,3.5__MountainCar-v0__next-action__H20,20,20,action,all,20,100.0,accuracy,85.0,,,20,17,85.0,,,,,
MountainCar-v0,next-action,20,3.5__MountainCar-v0__next-action__H20,30,30,action,all,30,100.0,accuracy,86.66666666666667,,,30,26,86.66666666666667,,,,,
MountainCar-v0,next-action,30,3.5__MountainCar-v0__next-action__H30,10,10,action,all,10,100.0,accuracy,100.0,,,10,10,100.0,,,,,
MountainCar-v0,next-action,30,3.5__MountainCar-v0__next-action__H30,20,20,action,all,20,100.0,accuracy,85.0,,,20,17,85.0,,,,,
MountainCar-v0,next-action,30,3.5__MountainCar-v0__next-action__H30,30,30,action,all,30,100.0,accuracy,83.33333333333333,,,30,25,83.33333333333333,,,,,
MountainCar-v0,next-action,5,3.5__MountainCar-v0__next-action__H5,10,10,action,all,10,100.0,accuracy,70.0,,,10,7,70.0,,,,,
MountainCar-v0,next-action,5,3.5__MountainCar-v0__next-action__H5,20,20,action,all,20,100.0,accuracy,80.0,,,20,16,80.0,,,,,
MountainCar-v0,next-action,5,3.5__MountainCar-v0__next-action__H5,30,30,action,all,30,100.0,accuracy,73.33333333333333,,,30,22,73.33333333333333,,,,,
MountainCar-v0,next-state,10,3.5__MountainCar-v0__next-state__H10,10,10,direction,all,10,100.0,accuracy,85.0,,,20,17,85.0,,,,,
MountainCar-v0,next-state,10,3.5__MountainCar-v0__next-state__H10,20,20,direction,all,20,100.0,accuracy,82.5,,,40,33,82.5,,,,,
MountainCar-v0,next-state,10,3.5__MountainCar-v0__next-state__H10,30,30,direction,all,30,100.0,accuracy,81.66666666666667,,,60,49,81.66666666666667,,,,,
MountainCar-v0,next-state,20,3.5__MountainCar-v0__next-state__H20,10,10,direction,all,10,100.0,accuracy,70.0,,,20,14,70.0,,,,,
MountainCar-v0,next-state,20,3.5__MountainCar-v0__next-state__H20,20,20,direction,all,20,100.0,accuracy,77.5,,,40,31,77.5,,,,,
MountainCar-v0,next-state,20,3.5__MountainCar-v0__next-state__H20,30,30,direction,all,30,100.0,accuracy,71.66666666666667,,,60,43,71.66666666666667,,,,,
MountainCar-v0,next-state,30,3.5__MountainCar-v0__next-state__H30,10,10,direction,all,10,100.0,accuracy,70.0,,,20,14,70.0,,,,,
MountainCar-v0,next-state,30,3.5__MountainCar-v0__next-state__H30,20,20,direction,all,20,100.0,accuracy,65.0,,,40,26,65.0,,,,,
MountainCar-v0,next-state,30,3.5__MountainCar-v0__next-state__H30,30,30,direction,all,30,100.0,accuracy,68.33333333333333,,,60,41,68.33333333333333,,,,,
MountainCar-v0,next-state,5,3.5__MountainCar-v0__next-state__H5,10,10,direction,all,9,90.0,accuracy,66.66666666666667,,,18,12,60.0,,,,,
MountainCar-v0,next-state,5,3.5__MountainCar-v0__next-state__H5,20,20,direction,all,19,95.0,accuracy,76.3157894736842,,,38,29,72.5,,,,,
MountainCar-v0,next-state,5,3.5__MountainCar-v0__next-state__H5,30,30,direction,all,29,96.66666666666667,accuracy,77.58620689655173,,,58,45,75.0,,,,,
Pendulum-v1,last-action,10,3.5__Pendulum-v1__last-action__H10,10,10,action_bin,all,9,90.0,accuracy,33.333333333333336,,,9,3,30.0,,,,,
Pendulum-v1,last-action,10,3.5__Pendulum-v1__last-action__H10,10,10,action_bin,all,9,90.0,bin_mae,1.6666666666666667,,,,,,,,,,
Pendulum-v1,last-action,10,3.5__Pendulum-v1__last-action__H10,20,20,action_bin,all,19,95.0,accuracy,15.789473684210526,,,19,3,15.0,,,,,
Pendulum-v1,last-action,10,3.5__Pendulum-v1__last-action__H10,20,20,action_bin,all,19,95.0,bin_mae,3.0,,,,,,,,,,
Pendulum-v1,last-action,10,3.5__Pendulum-v1__last-action__H10,30,30,action_bin,all,29,96.66666666666667,accuracy,17.24137931034483,,,29,5,16.666666666666668,,,,,
Pendulum-v1,last-action,10,3.5__Pendulum-v1__last-action__H10,30,30,action_bin,all,29,96.66666666666667,bin_mae,3.103448275862069,,,,,,,,,,
Pendulum-v1,last-action,20,3.5__Pendulum-v1__last-action__H20,10,10,action_bin,all,10,100.0,accuracy,40.0,,,10,4,40.0,,,,,
Pendulum-v1,last-action,20,3.5__Pendulum-v1__last-action__H20,10,10,action_bin,all,10,100.0,bin_mae,1.1,,,,,,,,,,
Pendulum-v1,last-action,20,3.5__Pendulum-v1__last-action__H20,20,20,action_bin,all,20,100.0,accuracy,35.0,,,20,7,35.0,,,,,
Pendulum-v1,last-action,20,3.5__Pendulum-v1__last-action__H20,20,20,action_bin,all,20,100.0,bin_mae,1.25,,,,,,,,,,
Pendulum-v1,last-action,20,3.5__Pendulum-v1__last-action__H20,30,30,action_bin,all,29,96.66666666666667,accuracy,27.586206896551722,,,29,8,26.666666666666668,,,,,
Pendulum-v1,last-action,20,3.5__Pendulum-v1__last-action__H20,30,30,action_bin,all,29,96.66666666666667,bin_mae,1.6551724137931034,,,,,,,,,,
Pendulum-v1,last-action,30,3.5__Pendulum-v1__last-action__H30,10,10,action_bin,all,10,100.0,accuracy,30.0,,,10,3,30.0,,,,,
Pendulum-v1,last-action,30,3.5__Pendulum-v1__last-action__H30,10,10,action_bin,all,10,100.0,bin_mae,1.5,,,,,,,,,,
Pendulum-v1,last-action,30,3.5__Pendulum-v1__last-action__H30,20,20,action_bin,all,20,100.0,accuracy,20.0,,,20,4,20.0,,,,,
Pendulum-v1,last-action,30,3.5__Pendulum-v1__last-action__H30,20,20,action_bin,all,20,100.0,bin_mae,1.65,,,,,,,,,,
Pendulum-v1,last-action,30,3.5__Pendulum-v1__last-action__H30,30,30,action_bin,all,30,100.0,accuracy,16.666666666666668,,,30,5,16.666666666666668,,,,,
Pendulum-v1,last-action,30,3.5__Pendulum-v1__last-action__H30,30,30,action_bin,all,30,100.0,bin_mae,1.7666666666666666,,,,,,,,,,
Pendulum-v1,last-action,5,3.5__Pendulum-v1__last-action__H5,10,10,action_bin,all,10,100.0,accuracy,0.0,,,10,0,0.0,,,,,
Pendulum-v1,last-action,5,3.5__Pendulum-v1__last-action__H5,10,10,action_bin,all,10,100.0,bin_mae,2.6,,,,,,,,,,
Pendulum-v1,last-action,5,3.5__Pendulum-v1__last-action__H5,20,20,action_bin,all,20,100.0,accuracy,0.0,,,20,0,0.0,,,,,
Pendulum-v1,last-action,5,3.5__Pendulum-v1__last-action__H5,20,20,action_bin,all,20,100.0,bin_mae,3.1,,,,,,,,,,
Pendulum-v1,last-action,5,3.5__Pendulum-v1__last-action__H5,30,30,action_bin,all,30,100.0,accuracy,6.666666666666667,,,30,2,6.666666666666667,,,,,
Pendulum-v1,last-action,5,3.5__Pendulum-v1__last-action__H5,30,30,action_bin,all,30,100.0,bin_mae,2.8333333333333335,,,,,,,,,,
Pendulum-v1,last-state,10,3.5__Pendulum-v1__last-state__H10,10,10,direction,all,10,100.0,accuracy,30.0,,,30,9,30.0,,,,,
Pendulum-v1,last-state,10,3.5__Pendulum-v1__last-state__H10,20,20,direction,all,20,100.0,accuracy,35.0,,,60,21,35.0,,,,,
Pendulum-v1,last-state,10,3.5__Pendulum-v1__last-state__H10,30,30,direction,all,29,96.66666666666667,accuracy,37.93103448275862,,,87,33,36.666666666666664,,,,,
Pendulum-v1,last-state,20,3.5__Pendulum-v1__last-state__H20,10,10,direction,all,10,100.0,accuracy,30.0,,,30,9,30.0,,,,,
Pendulum-v1,last-state,20,3.5__Pendulum-v1__last-state__H20,20,20,direction,all,20,100.0,accuracy,33.333333333333336,,,60,20,33.333333333333336,,,,,
Pendulum-v1,last-state,20,3.5__Pendulum-v1__last-state__H20,30,30,direction,all,28,93.33333333333333,accuracy,33.333333333333336,,,84,28,31.11111111111111,,,,,
Pendulum-v1,last-state,30,3.5__Pendulum-v1__last-state__H30,10,10,direction,all,10,100.0,accuracy,20.0,,,30,6,20.0,,,,,
Pendulum-v1,last-state,30,3.5__Pendulum-v1__last-state__H30,20,20,direction,all,20,100.0,accuracy,26.666666666666668,,,60,16,26.666666666666668,,,,,
Pendulum-v1,last-state,30,3.5__Pendulum-v1__last-state__H30,30,30,direction,all,30,100.0,accuracy,30.0,,,90,27,30.0,,,,,
Pendulum-v1,last-state,5,3.5__Pendulum-v1__last-state__H5,10,10,direction,all,9,90.0,accuracy,44.44444444444444,,,27,12,40.0,,,,,
Pendulum-v1,last-state,5,3.5__Pendulum-v1__last-state__H5,20,20,direction,all,18,90.0,accuracy,46.2962962962963,,,54,25,41.666666666666664,,,,,
Pendulum-v1,last-state,5,3.5__Pendulum-v1__last-state__H5,30,30,direction,all,26,86.66666666666667,accuracy,43.58974358974359,,,78,34,37.77777777777778,,,,,
Pendulum-v1,next-action,10,3.5__Pendulum-v1__next-action__H10,10,10,action_bin,all,9,90.0,accuracy,11.11111111111111,,,9,1,10.0,,,,,
Pendulum-v1,next-action,10,3.5__Pendulum-v1__next-action__H10,10,10,action_bin,all,9,90.0,bin_mae,2.2222222222222223,,,,,,,,,,
Pendulum-v1,next-action,10,3.5__Pendulum-v1__next-action__H10,20,20,action_bin,all,19,95.0,accuracy,15.789473684210526,,,19,3,15.0,,,,,
Pendulum-v1,next-action,10,3.5__Pendulum-v1__next-action__H10,20,20,action_bin,all,19,95.0,bin_mae,2.473684210526316,,,,,,,,,,
Pendulum-v1,next-action,10,3.5__Pendulum-v1__next-action__H10,30,30,action_bin,all,29,96.66666666666667,accuracy,17.24137931034483,,,29,5,16.666666666666668,,,,,
Pendulum-v1,next-action,10,3.5__Pendulum-v1__next-action__H10,30,30,action_bin,all,29,96.66666666666667,bin_mae,2.4827586206896552,,,,,,,,,,
Pendulum-v1,next-action,20,3.5__Pendulum-v1__next-action__H20,10,10,action_bin,all,10,100.0,accuracy,20.0,,,10,2,20.0,,,,,
Pendulum-v1,next-action,20,3.5__Pendulum-v1__next-action__H20,10,10,action_bin,all,10,100.0,bin_mae,3.1,,,,,,,,,,
Pendulum-v1,next-action,20,3.5__Pendulum-v1__next-action__H20,20,20,action_bin,all,20,100.0,accuracy,10.0,,,20,2,10.0,,,,,
Pendulum-v1,next-action,20,3.5__Pendulum-v1__next-action__H20,20,20,action_bin,all,20,100.0,bin_mae,3.1,,,,,,,,,,
Pendulum-v1,next-action,20,3.5__Pendulum-v1__next-action__H20,30,30,action_bin,all,30,100.0,accuracy,10.0,,,30,3,10.0,,,,,
Pendulum-v1,next-action,20,3.5__Pendulum-v1__next-action__H20,30,30,action_bin,all,30,100.0,bin_mae,3.2,,,,,,,,,,
Pendulum-v1,next-action,30,3.5__Pendulum-v1__next-action__H30,10,10,action_bin,all,10,100.0,accuracy,40.0,,,10,4,40.0,,,,,
Pendulum-v1,next-action,30,3.5__Pendulum-v1__next-action__H30,10,10,action_bin,all,10,100.0,bin_mae,1.5,,,,,,,,,,
Pendulum-v1,next-action,30,3.5__Pendulum-v1__next-action__H30,20,20,action_bin,all,20,100.0,accuracy,25.0,,,20,5,25.0,,,,,
Pendulum-v1,next-action,30,3.5__Pendulum-v1__next-action__H30,20,20,action_bin,all,20,100.0,bin_mae,2.2,,,,,,,,,,
Pendulum-v1,next-action,30,3.5__Pendulum-v1__next-action__H30,30,30,action_bin,all,30,100.0,accuracy,23.333333333333332,,,30,7,23.333333333333332,,,,,
Pendulum-v1,next-action,30,3.5__Pendulum-v1__next-action__H30,30,30,action_bin,all,30,100.0,bin_mae,2.2333333333333334,,,,,,,,,,
Pendulum-v1,next-action,5,3.5__Pendulum-v1__next-action__H5,10,10,action_bin,all,10,100.0,accuracy,30.0,,,10,3,30.0,,,,,
Pendulum-v1,next-action,5,3.5__Pendulum-v1__next-action__H5,10,10,action_bin,all,10,100.0,bin_mae,2.5,,,,,,,,,,
Pendulum-v1,next-action,5,3.5__Pendulum-v1__next-action__H5,20,20,action_bin,all,20,100.0,accuracy,15.0,,,20,3,15.0,,,,,
Pendulum-v1,next-action,5,3.5__Pendulum-v1__next-action__H5,20,20,action_bin,all,20,100.0,bin_mae,3.45,,,,,,,,,,
Pendulum-v1,next-action,5,3.5__Pendulum-v1__next-action__H5,30,30,action_bin,all,30,100.0,accuracy,16.666666666666668,,,30,5,16.666666666666668,,,,,
Pendulum-v1,next-action,5,3.5__Pendulum-v1__next-action__H5,30,30,action_bin,all,30,100.0,bin_mae,3.2333333333333334,,,,,,,,,,
Pendulum-v1,next-state,10,3.5__Pendulum-v1__next-state__H10,10,10,direction,all,10,100.0,accuracy,33.333333333333336,,,30,10,33.333333333333336,,,,,
Pendulum-v1,next-state,10,3.5__Pendulum-v1__next-state__H10,20,20,direction,all,19,95.0,accuracy,36.8421052631579,,,57,21,35.0,,,,,
Pendulum-v1,next-state,10,3.5__Pendulum-v1__next-state__H10,30,30,direction,all,29,96.66666666666667,accuracy,40.229885057471265,,,87,35,38.888888888888886,,,,,
Pendulum-v1,next-state,20,3.5__Pendulum-v1__next-state__H20,10,10,direction,all,10,100.0,accuracy,33.333333333333336,,,30,10,33.333333333333336,,,,,
Pendulum-v1,next-state,20,3.5__Pendulum-v1__next-state__H20,20,20,direction,all,18,90.0,accuracy,29.62962962962963,,,54,16,26.666666666666668,,,,,
Pendulum-v1,next-state,20,3.5__Pendulum-v1__next-state__H20,30,30,direction,all,28,93.33333333333333,accuracy,27.38095238095238,,,84,23,25.555555555555557,,,,,
Pendulum-v1,next-state,30,3.5__Pendulum-v1__next-state__H30,10,10,direction,all,10,100.0,accuracy,30.0,,,30,9,30.0,,,,,
Pendulum-v1,next-state,30,3.5__Pendulum-v1__next-state__H30,20,20,direction,all,20,100.0,accuracy,28.333333333333332,,,60,17,28.333333333333332,,,,,
Pendulum-v1,next-state,30,3.5__Pendulum-v1__next-state__H30,30,30,direction,all,30,100.0,accuracy,31.11111111111111,,,90,28,31.11111111111111,,,,,
Pendulum-v1,next-state,5,3.5__Pendulum-v1__next-state__H5,10,10,direction,all,9,90.0,accuracy,37.03703703703704,,,27,10,33.333333333333336,,,,,
Pendulum-v1,next-state,5,3.5__Pendulum-v1__next-state__H5,20,20,direction,all,17,85.0,accuracy,37.254901960784316,,,51,19,31.666666666666668,,,,,
Pendulum-v1,next-state,5,3.5__Pendulum-v1__next-state__H5,30,30,direction,all,26,86.66666666666667,accuracy,33.333333333333336,,,78,26,28.88888888888889,,,,,
MountainCar-v0,last-state,10,3.5__MountainCar-v0__last-state__H10,10,10,state_value,position,9,90.0,nrmse,0.0075455237597470024,0.0009291497030979467,,,,,1000,9692605439688434403,1.7999999999999998,0.007455036285046591,paired_bootstrap_ddof1
MountainCar-v0,last-state,10,3.5__MountainCar-v0__last-state__H10,10,10,state_value,position,9,90.0,pearson,0.9988097851616594,,,,,,1000,9692605439688434403,1.7999999999999998,,
MountainCar-v0,last-state,10,3.5__MountainCar-v0__last-state__H10,10,10,state_value,position,9,90.0,cosine,0.9999282946604602,,,,,,1000,9692605439688434403,1.7999999999999998,,
MountainCar-v0,last-state,10,3.5__MountainCar-v0__last-state__H10,10,10,state_value,velocity,9,90.0,nrmse,0.033306508488732005,0.01664032856703614,,,,,1000,9692605439688434403,0.14,0.028630074567936554,paired_bootstrap_ddof1
MountainCar-v0,last-state,10,3.5__MountainCar-v0__last-state__H10,10,10,state_value,velocity,9,90.0,pearson,0.8867025322609285,,,,,,1000,9692605439688434403,0.14,,
MountainCar-v0,last-state,10,3.5__MountainCar-v0__last-state__H10,10,10,state_value,velocity,9,90.0,cosine,0.9406391211077566,,,,,,1000,9692605439688434403,0.14,,
MountainCar-v0,last-state,10,3.5__MountainCar-v0__last-state__H10,10,10,state_value,macro,9,90.0,macro_nrmse,0.020426016124239502,0.008111410595516245,,,,,1000,9692605439688434403,,0.018042555426491583,paired_bootstrap_ddof1
MountainCar-v0,last-state,10,3.5__MountainCar-v0__last-state__H10,10,10,state_delta,position,4,40.0,nrmse,0.035038637567190334,0.011421198902764771,,,,,1000,12824939119464185757,1.7999999999999998,0.03299060910855908,paired_bootstrap_ddof1
MountainCar-v0,last-state,10,3.5__MountainCar-v0__last-state__H10,10,10,state_delta,position,4,40.0,pearson,-0.7143792930451676,,,,,,1000,12824939119464185757,1.7999999999999998,,
MountainCar-v0,last-state,10,3.5__MountainCar-v0__last-state__H10,10,10,state_delta,position,4,40.0,cosine,-0.8393449641656651,,,,,,1000,12824939119464185757,1.7999999999999998,,
MountainCar-v0,last-state,10,3.5__MountainCar-v0__last-state__H10,10,10,state_delta,velocity,4,40.0,nrmse,0.04996270799252699,0.023889625172071296,,,,,1000,12824939119464185757,0.14,0.04423734277875855,paired_bootstrap_ddof1
MountainCar-v0,last-state,10,3.5__MountainCar-v0__last-state__H10,10,10,state_delta,velocity,4,40.0,pearson,0.6224186899353238,,,,,,1000,12824939119464185757,0.14,,
MountainCar-v0,last-state,10,3.5__MountainCar-v0__last-state__H10,10,10,state_delta,velocity,4,40.0,cosine,0.7191138416081192,,,,,,1000,12824939119464185757,0.14,,
MountainCar-v0,last-state,10,3.5__MountainCar-v0__last-state__H10,10,10,state_delta,macro,4,40.0,macro_nrmse,0.04250067277985867,0.010342584182442075,,,,,1000,12824939119464185757,,0.03861397594365884,paired_bootstrap_ddof1
MountainCar-v0,last-state,10,3.5__MountainCar-v0__last-state__H10,20,20,state_value,position,19,95.0,nrmse,0.008496690124340714,0.0011194423785257585,,,,,1000,14653412153526300448,1.7999999999999998,0.008482254100416316,paired_bootstrap_ddof1
MountainCar-v0,last-state,10,3.5__MountainCar-v0__last-state__H10,20,20,state_value,position,19,95.0,pearson,0.9928080892333793,,,,,,1000,14653412153526300448,1.7999999999999998,,
MountainCar-v0,last-state,10,3.5__MountainCar-v0__last-state__H10,20,20,state_value,position,19,95.0,cosine,0.9997271150639492,,,,,,1000,14653412153526300448,1.7999999999999998,,
MountainCar-v0,last-state,10,3.5__MountainCar-v0__last-state__H10,20,20,state_value,velocity,19,95.0,nrmse,0.02344445141147819,0.01102636261910861,,,,,1000,14653412153526300448,0.14,0.020888809919532902,paired_bootstrap_ddof1
MountainCar-v0,last-state,10,3.5__MountainCar-v0__last-state__H10,20,20,state_value,velocity,19,95.0,pearson,0.9186845492093916,,,,,,1000,14653412153526300448,0.14,,
MountainCar-v0,last-state,10,3.5__MountainCar-v0__last-state__H10,20,20,state_value,velocity,19,95.0,cosine,0.973147017778356,,,,,,1000,14653412153526300448,0.14,,
MountainCar-v0,last-state,10,3.5__MountainCar-v0__last-state__H10,20,20,state_value,macro,19,95.0,macro_nrmse,0.01597057076790945,0.0054398018827888405,,,,,1000,14653412153526300448,,0.01468553200997462,paired_bootstrap_ddof1
MountainCar-v0,last-state,10,3.5__MountainCar-v0__last-state__H10,20,20,state_delta,position,12,60.0,nrmse,0.026383735247972984,0.005484756545408962,,,,,1000,16415692050314806052,1.7999999999999998,0.026021105806889513,paired_bootstrap_ddof1
MountainCar-v0,last-state,10,3.5__MountainCar-v0__last-state__H10,20,20,state_delta,position,12,60.0,pearson,-0.3630449106338595,,,,,,1000,16415692050314806052,1.7999999999999998,,
MountainCar-v0,last-state,10,3.5__MountainCar-v0__last-state__H10,20,20,state_delta,position,12,60.0,cosine,-0.48375788027897976,,,,,,1000,16415692050314806052,1.7999999999999998,,
MountainCar-v0,last-state,10,3.5__MountainCar-v0__last-state__H10,20,20,state_delta,velocity,12,60.0,nrmse,0.03147951087609761,0.012517164212065555,,,,,1000,16415692050314806052,0.14,0.029011290750624565,paired_bootstrap_ddof1
MountainCar-v0,last-state,10,3.5__MountainCar-v0__last-state__H10,20,20,state_delta,velocity,12,60.0,pearson,0.48775805188511967,,,,,,1000,16415692050314806052,0.14,,
MountainCar-v0,last-state,10,3.5__MountainCar-v0__last-state__H10,20,20,state_delta,velocity,12,60.0,cosine,0.5465397988477175,,,,,,1000,16415692050314806052,0.14,,
MountainCar-v0,last-state,10,3.5__MountainCar-v0__last-state__H10,20,20,state_delta,macro,12,60.0,macro_nrmse,0.028931623062035297,0.006239393582987137,,,,,1000,16415692050314806052,,0.02751619827875705,paired_bootstrap_ddof1
MountainCar-v0,last-state,10,3.5__MountainCar-v0__last-state__H10,30,30,state_value,position,28,93.33333333333333,nrmse,0.008104170944640323,0.0008571780454915971,,,,,1000,2724244056471715524,1.7999999999999998,0.008044244200080593,paired_bootstrap_ddof1
MountainCar-v0,last-state,10,3.5__MountainCar-v0__last-state__H10,30,30,state_value,position,28,93.33333333333333,pearson,0.9949784470617801,,,,,,1000,2724244056471715524,1.7999999999999998,,
MountainCar-v0,last-state,10,3.5__MountainCar-v0__last-state__H10,30,30,state_value,position,28,93.33333333333333,cosine,0.9997388254116807,,,,,,1000,2724244056471715524,1.7999999999999998,,
MountainCar-v0,last-state,10,3.5__MountainCar-v0__last-state__H10,30,30,state_value,velocity,28,93.33333333333333,nrmse,0.02788988188010512,0.009843924341724656,,,,,1000,2724244056471715524,0.14,0.026198803892999258,paired_bootstrap_ddof1
MountainCar-v0,last-state,10,3.5__MountainCar-v0__last-state__H10,30,30,state_value,velocity,28,93.33333333333333,pearson,0.911466011846061,,,,,,1000,2724244056471715524,0.14,,
MountainCar-v0,last-state,10,3.5__MountainCar-v0__last-state__H10,30,30,state_value,velocity,28,93.33333333333333,cosine,0.9569119142085554,,,,,,1000,2724244056471715524,0.14,,
MountainCar-v0,last-state,10,3.5__MountainCar-v0__last-state__H10,30,30,state_value,macro,28,93.33333333333333,macro_nrmse,0.017997026412372722,0.004965555401989457,,,,,1000,2724244056471715524,,0.01712152404653994,paired_bootstrap_ddof1
MountainCar-v0,last-state,10,3.5__MountainCar-v0__last-state__H10,30,30,state_delta,position,16,53.333333333333336,nrmse,0.029009881758132846,0.004964678311350925,,,,,1000,16565866555844225272,1.7999999999999998,0.02860449296316076,paired_bootstrap_ddof1
MountainCar-v0,last-state,10,3.5__MountainCar-v0__last-state__H10,30,30,state_delta,position,16,53.333333333333336,pearson,-0.43606890522996367,,,,,,1000,16565866555844225272,1.7999999999999998,,
MountainCar-v0,last-state,10,3.5__MountainCar-v0__last-state__H10,30,30,state_delta,position,16,53.333333333333336,cosine,-0.612737892724798,,,,,,1000,16565866555844225272,1.7999999999999998,,
MountainCar-v0,last-state,10,3.5__MountainCar-v0__last-state__H10,30,30,state_delta,velocity,16,53.333333333333336,nrmse,0.039982828012241955,0.010935248259759705,,,,,1000,16565866555844225272,0.14,0.038189096610642494,paired_bootstrap_ddof1
MountainCar-v0,last-state,10,3.5__MountainCar-v0__last-state__H10,30,30,state_delta,velocity,16,53.333333333333336,pearson,0.5430195385631182,,,,,,1000,16565866555844225272,0.14,,
MountainCar-v0,last-state,10,3.5__MountainCar-v0__last-state__H10,30,30,state_delta,velocity,16,53.333333333333336,cosine,0.6525066262102565,,,,,,1000,16565866555844225272,0.14,,
MountainCar-v0,last-state,10,3.5__MountainCar-v0__last-state__H10,30,30,state_delta,macro,16,53.333333333333336,macro_nrmse,0.0344963548851874,0.005478713210081892,,,,,1000,16565866555844225272,,0.03339679478690163,paired_bootstrap_ddof1
MountainCar-v0,last-state,20,3.5__MountainCar-v0__last-state__H20,10,10,state_value,position,9,90.0,nrmse,0.008148148298841005,0.0007374043824525336,,,,,1000,3216265938412380705,1.7999999999999998,0.008117521115890538,paired_bootstrap_ddof1
MountainCar-v0,last-state,20,3.5__MountainCar-v0__last-state__H20,10,10,state_value,position,9,90.0,pearson,0.9981966323364717,,,,,,1000,3216265938412380705,1.7999999999999998,,
MountainCar-v0,last-state,20,3.5__MountainCar-v0__last-state__H20,10,10,state_value,position,9,90.0,cosine,0.999923615289094,,,,,,1000,3216265938412380705,1.7999999999999998,,
MountainCar-v0,last-state,20,3.5__MountainCar-v0__last-state__H20,10,10,state_value,velocity,9,90.0,nrmse,0.006735842079430936,0.0009742379775058783,,,,,1000,3216265938412380705,0.14,0.006648366135971309,paired_bootstrap_ddof1
MountainCar-v0,last-state,20,3.5__MountainCar-v0__last-state__H20,10,10,state_value,velocity,9,90.0,pearson,0.9782233577533824,,,,,,1000,3216265938412380705,0.14,,
MountainCar-v0,last-state,20,3.5__MountainCar-v0__last-state__H20,10,10,state_value,velocity,9,90.0,cosine,0.99809552667574,,,,,,1000,3216265938412380705,0.14,,
MountainCar-v0,last-state,20,3.5__MountainCar-v0__last-state__H20,10,10,state_value,macro,9,90.0,macro_nrmse,0.007441995189135971,0.00018962375187037036,,,,,1000,3216265938412380705,,0.007382943625930925,paired_bootstrap_ddof1
MountainCar-v0,last-state,20,3.5__MountainCar-v0__last-state__H20,10,10,state_delta,position,3,30.0,nrmse,0.009869876838554706,0.001439650122556325,,,,,1000,14544703832924622550,1.7999999999999998,0.00969186202632739,paired_bootstrap_ddof1
MountainCar-v0,last-state,20,3.5__MountainCar-v0__last-state__H20,10,10,state_delta,position,3,30.0,pearson,0.47601290413743036,,,,,,1000,14544703832924622550,1.7999999999999998,,
MountainCar-v0,last-state,20,3.5__MountainCar-v0__last-state__H20,10,10,state_delta,position,3,30.0,cosine,0.3061482015864605,,,,,,1000,14544703832924622550,1.7999999999999998,,
MountainCar-v0,last-state,20,3.5__MountainCar-v0__last-state__H20,10,10,state_delta,velocity,3,30.0,nrmse,0.04367535512832565,0.02187254833561502,,,,,1000,14544703832924622550,0.14,0.036687618524713146,paired_bootstrap_ddof1
MountainCar-v0,last-state,20,3.5__MountainCar-v0__last-state__H20,10,10,state_delta,velocity,3,30.0,pearson,0.9996866723358871,,,,,,1000,14544703832924622550,0.14,,
MountainCar-v0,last-state,20,3.5__MountainCar-v0__last-state__H20,10,10,state_delta,velocity,3,30.0,cosine,0.7688487282951768,,,,,,1000,14544703832924622550,0.14,,
MountainCar-v0,last-state,20,3.5__MountainCar-v0__last-state__H20,10,10,state_delta,macro,3,30.0,macro_nrmse,0.026772615983440176,0.011555389840799913,,,,,1000,14544703832924622550,,0.023189740275520208,paired_bootstrap_ddof1
MountainCar-v0,last-state,20,3.5__MountainCar-v0__last-state__H20,20,20,state_value,position,18,90.0,nrmse,0.008269482651392823,0.0004766262680558634,,,,,1000,11900057479576776501,1.7999999999999998,0.00825247425898577,paired_bootstrap_ddof1
MountainCar-v0,last-state,20,3.5__MountainCar-v0__last-state__H20,20,20,state_value,position,18,90.0,pearson,0.9971506647061629,,,,,,1000,11900057479576776501,1.7999999999999998,,
MountainCar-v0,last-state,20,3.5__MountainCar-v0__last-state__H20,20,20,state_value,position,18,90.0,cosine,0.9998839570309209,,,,,,1000,11900057479576776501,1.7999999999999998,,
MountainCar-v0,last-state,20,3.5__MountainCar-v0__last-state__H20,20,20,state_value,velocity,18,90.0,nrmse,0.007613998580315795,0.0012043206151387193,,,,,1000,11900057479576776501,0.14,0.00753390846107203,paired_bootstrap_ddof1
MountainCar-v0,last-state,20,3.5__MountainCar-v0__last-state__H20,20,20,state_value,velocity,18,90.0,pearson,0.9611178307507032,,,,,,1000,11900057479576776501,0.14,,
MountainCar-v0,last-state,20,3.5__MountainCar-v0__last-state__H20,20,20,state_value,velocity,18,90.0,cosine,0.9975415931919479,,,,,,1000,11900057479576776501,0.14,,
MountainCar-v0,last-state,20,3.5__MountainCar-v0__last-state__H20,20,20,state_value,macro,18,90.0,macro_nrmse,0.00794174061585431,0.0004672249817570349,,,,,1000,11900057479576776501,,0.0078931913600289,paired_bootstrap_ddof1
MountainCar-v0,last-state,20,3.5__MountainCar-v0__last-state__H20,20,20,state_delta,position,5,25.0,nrmse,0.01156053854983336,0.0023700405977475523,,,,,1000,12184551391861905751,1.7999999999999998,0.011233540028232803,paired_bootstrap_ddof1
MountainCar-v0,last-state,20,3.5__MountainCar-v0__last-state__H20,20,20,state_delta,position,5,25.0,pearson,0.46762212046384827,,,,,,1000,12184551391861905751,1.7999999999999998,,
MountainCar-v0,last-state,20,3.5__MountainCar-v0__last-state__H20,20,20,state_delta,position,5,25.0,cosine,0.03350994404656952,,,,,,1000,12184551391861905751,1.7999999999999998,,
MountainCar-v0,last-state,20,3.5__MountainCar-v0__last-state__H20,20,20,state_delta,velocity,5,25.0,nrmse,0.03403057882688515,0.017335448408951452,,,,,1000,12184551391861905751,0.14,0.029613337566855587,paired_bootstrap_ddof1
MountainCar-v0,last-state,20,3.5__MountainCar-v0__last-state__H20,20,20,state_delta,velocity,5,25.0,pearson,0.9976302720221268,,,,,,1000,12184551391861905751,0.14,,
MountainCar-v0,last-state,20,3.5__MountainCar-v0__last-state__H20,20,20,state_delta,velocity,5,25.0,cosine,0.7123352995739203,,,,,,1000,12184551391861905751,0.14,,
MountainCar-v0,last-state,20,3.5__MountainCar-v0__last-state__H20,20,20,state_delta,macro,5,25.0,macro_nrmse,0.022795558688359256,0.008938335496413905,,,,,1000,12184551391861905751,,0.020423438797544265,paired_bootstrap_ddof1
MountainCar-v0,last-state,20,3.5__MountainCar-v0__last-state__H20,30,30,state_value,position,28,93.33333333333333,nrmse,0.008058977655626982,0.00040571159186710134,,,,,1000,10965387572897915284,1.7999999999999998,0.008047117096626711,paired_bootstrap_ddof1
MountainCar-v0,last-state,20,3.5__MountainCar-v0__last-state__H20,30,30,state_value,position,28,93.33333333333333,pearson,0.997783896236253,,,,,,1000,10965387572897915284,1.7999999999999998,,
MountainCar-v0,last-state,20,3.5__MountainCar-v0__last-state__H20,30,30,state_value,position,28,93.33333333333333,cosine,0.9999093010880387,,,,,,1000,10965387572897915284,1.7999999999999998,,
MountainCar-v0,last-state,20,3.5__MountainCar-v0__last-state__H20,30,30,state_value,velocity,28,93.33333333333333,nrmse,0.007236686112147655,0.0008600569040752795,,,,,1000,10965387572897915284,0.14,0.007162682932080783,paired_bootstrap_ddof1
MountainCar-v0,last-state,20,3.5__MountainCar-v0__last-state__H20,30,30,state_value,velocity,28,93.33333333333333,pearson,0.9689957400009243,,,,,,1000,10965387572897915284,0.14,,
MountainCar-v0,last-state,20,3.5__MountainCar-v0__last-state__H20,30,30,state_value,velocity,28,93.33333333333333,cosine,0.9976920694881554,,,,,,1000,10965387572897915284,0.14,,
MountainCar-v0,last-state,20,3.5__MountainCar-v0__last-state__H20,30,30,state_value,macro,28,93.33333333333333,macro_nrmse,0.007647831883887318,0.0003337293237347511,,,,,1000,10965387572897915284,,0.007604900014353753,paired_bootstrap_ddof1
MountainCar-v0,last-state,20,3.5__MountainCar-v0__last-state__H20,30,30,state_delta,position,9,30.0,nrmse,0.14605413737797485,0.08384321864345592,,,,,1000,4536387447395827408,1.7999999999999998,0.11891594395106736,paired_bootstrap_ddof1
MountainCar-v0,last-state,20,3.5__MountainCar-v0__last-state__H20,30,30,state_delta,position,9,30.0,pearson,-0.45634787048729497,,,,,,1000,4536387447395827408,1.7999999999999998,,
MountainCar-v0,last-state,20,3.5__MountainCar-v0__last-state__H20,30,30,state_delta,position,9,30.0,cosine,-0.4546890436682532,,,,,,1000,4536387447395827408,1.7999999999999998,,
MountainCar-v0,last-state,20,3.5__MountainCar-v0__last-state__H20,30,30,state_delta,velocity,9,30.0,nrmse,0.058923070626754594,0.014525998361567021,,,,,1000,4536387447395827408,0.14,0.05698846982618217,paired_bootstrap_ddof1
MountainCar-v0,last-state,20,3.5__MountainCar-v0__last-state__H20,30,30,state_delta,velocity,9,30.0,pearson,0.7468944269144445,,,,,,1000,4536387447395827408,0.14,,
MountainCar-v0,last-state,20,3.5__MountainCar-v0__last-state__H20,30,30,state_delta,velocity,9,30.0,cosine,0.6566852390817355,,,,,,1000,4536387447395827408,0.14,,
MountainCar-v0,last-state,20,3.5__MountainCar-v0__last-state__H20,30,30,state_delta,macro,9,30.0,macro_nrmse,0.10248860400236472,0.04755522917232728,,,,,1000,4536387447395827408,,0.08795220688862479,paired_bootstrap_ddof1
MountainCar-v0,last-state,30,3.5__MountainCar-v0__last-state__H30,10,10,state_value,position,9,90.0,nrmse,0.008587699934735448,0.0008090338030108912,,,,,1000,14701103912440640660,1.7999999999999998,0.008550007352382179,paired_bootstrap_ddof1
MountainCar-v0,last-state,30,3.5__MountainCar-v0__last-state__H30,10,10,state_value,position,9,90.0,pearson,0.9905026045638732,,,,,,1000,14701103912440640660,1.7999999999999998,,
MountainCar-v0,last-state,30,3.5__MountainCar-v0__last-state__H30,10,10,state_value,position,9,90.0,cosine,0.9998282311323018,,,,,,1000,14701103912440640660,1.7999999999999998,,
MountainCar-v0,last-state,30,3.5__MountainCar-v0__last-state__H30,10,10,state_value,velocity,9,90.0,nrmse,0.013666753712854904,0.002857668858619285,,,,,1000,14701103912440640660,0.14,0.013352160218133567,paired_bootstrap_ddof1
MountainCar-v0,last-state,30,3.5__MountainCar-v0__last-state__H30,10,10,state_value,velocity,9,90.0,pearson,0.9996691790750348,,,,,,1000,14701103912440640660,0.14,,
MountainCar-v0,last-state,30,3.5__MountainCar-v0__last-state__H30,10,10,state_value,velocity,9,90.0,cosine,0.9926724344635187,,,,,,1000,14701103912440640660,0.14,,
MountainCar-v0,last-state,30,3.5__MountainCar-v0__last-state__H30,10,10,state_value,macro,9,90.0,macro_nrmse,0.011127226823795175,0.001417105059589283,,,,,1000,14701103912440640660,,0.010951083785257868,paired_bootstrap_ddof1
MountainCar-v0,last-state,30,3.5__MountainCar-v0__last-state__H30,10,10,state_delta,position,1,10.0,nrmse,0.012304492791493735,3.991860424190952e-17,,,,,1000,5952640778476893797,1.7999999999999998,0.012304492791493695,paired_bootstrap_ddof1
MountainCar-v0,last-state,30,3.5__MountainCar-v0__last-state__H30,10,10,state_delta,position,1,10.0,pearson,,,fewer_than_two_pairs,,,,1000,5952640778476893797,1.7999999999999998,,
MountainCar-v0,last-state,30,3.5__MountainCar-v0__last-state__H30,10,10,state_delta,position,1,10.0,cosine,-1.0,,,,,,1000,5952640778476893797,1.7999999999999998,,
MountainCar-v0,last-state,30,3.5__MountainCar-v0__last-state__H30,10,10,state_delta,velocity,1,10.0,nrmse,0.04715537803513663,4.720808849477995e-16,,,,,1000,5952640778476893797,0.14,0.047155378035136156,paired_bootstrap_ddof1
MountainCar-v0,last-state,30,3.5__MountainCar-v0__last-state__H30,10,10,state_delta,velocity,1,10.0,pearson,,,fewer_than_two_pairs,,,,1000,5952640778476893797,0.14,,
MountainCar-v0,last-state,30,3.5__MountainCar-v0__last-state__H30,10,10,state_delta,velocity,1,10.0,cosine,1.0,,,,,,1000,5952640778476893797,0.14,,
MountainCar-v0,last-state,30,3.5__MountainCar-v0__last-state__H30,10,10,state_delta,macro,1,10.0,macro_nrmse,0.02972993541331518,1.041354893267205e-17,,,,,1000,5952640778476893797,,0.02972993541331519,paired_bootstrap_ddof1
MountainCar-v0,last-state,30,3.5__MountainCar-v0__last-state__H30,20,20,state_value,position,16,80.0,nrmse,0.008074155100423999,0.0006384141115289616,,,,,1000,7667669541130436232,1.7999999999999998,0.008039376061662759,paired_bootstrap_ddof1
MountainCar-v0,last-state,30,3.5__MountainCar-v0__last-state__H30,20,20,state_value,position,16,80.0,pearson,0.9947726229455687,,,,,,1000,7667669541130436232,1.7999999999999998,,
MountainCar-v0,last-state,30,3.5__MountainCar-v0__last-state__H30,20,20,state_value,position,16,80.0,cosine,0.9998704346227467,,,,,,1000,7667669541130436232,1.7999999999999998,,
MountainCar-v0,last-state,30,3.5__MountainCar-v0__last-state__H30,20,20,state_value,velocity,16,80.0,nrmse,0.012768216702681913,0.002135867493365564,,,,,1000,7667669541130436232,0.14,0.012586530977865528,paired_bootstrap_ddof1
MountainCar-v0,last-state,30,3.5__MountainCar-v0__last-state__H30,20,20,state_value,velocity,16,80.0,pearson,0.9991952905337209,,,,,,1000,7667669541130436232,0.14,,
MountainCar-v0,last-state,30,3.5__MountainCar-v0__last-state__H30,20,20,state_value,velocity,16,80.0,cosine,0.9923957841563594,,,,,,1000,7667669541130436232,0.14,,
MountainCar-v0,last-state,30,3.5__MountainCar-v0__last-state__H30,20,20,state_value,macro,16,80.0,macro_nrmse,0.010421185901552957,0.001009839933252728,,,,,1000,7667669541130436232,,0.010312953519764136,paired_bootstrap_ddof1
MountainCar-v0,last-state,30,3.5__MountainCar-v0__last-state__H30,20,20,state_delta,position,1,5.0,nrmse,0.012304492791493735,3.991860424190952e-17,,,,,1000,533290705315029737,1.7999999999999998,0.012304492791493695,paired_bootstrap_ddof1
MountainCar-v0,last-state,30,3.5__MountainCar-v0__last-state__H30,20,20,state_delta,position,1,5.0,pearson,,,fewer_than_two_pairs,,,,1000,533290705315029737,1.7999999999999998,,
MountainCar-v0,last-state,30,3.5__MountainCar-v0__last-state__H30,20,20,state_delta,position,1,5.0,cosine,-1.0,,,,,,1000,533290705315029737,1.7999999999999998,,
MountainCar-v0,last-state,30,3.5__MountainCar-v0__last-state__H30,20,20,state_delta,velocity,1,5.0,nrmse,0.04715537803513663,4.720808849477995e-16,,,,,1000,533290705315029737,0.14,0.047155378035136156,paired_bootstrap_ddof1
MountainCar-v0,last-state,30,3.5__MountainCar-v0__last-state__H30,20,20,state_delta,velocity,1,5.0,pearson,,,fewer_than_two_pairs,,,,1000,533290705315029737,0.14,,
MountainCar-v0,last-state,30,3.5__MountainCar-v0__last-state__H30,20,20,state_delta,velocity,1,5.0,cosine,1.0,,,,,,1000,533290705315029737,0.14,,
MountainCar-v0,last-state,30,3.5__MountainCar-v0__last-state__H30,20,20,state_delta,macro,1,5.0,macro_nrmse,0.02972993541331518,1.041354893267205e-17,,,,,1000,533290705315029737,,0.02972993541331519,paired_bootstrap_ddof1
MountainCar-v0,last-state,30,3.5__MountainCar-v0__last-state__H30,30,30,state_value,position,26,86.66666666666667,nrmse,0.007894500214180053,0.0005415636714822603,,,,,1000,8415287564921327586,1.7999999999999998,0.007872737530626017,paired_bootstrap_ddof1
MountainCar-v0,last-state,30,3.5__MountainCar-v0__last-state__H30,30,30,state_value,position,26,86.66666666666667,pearson,0.9935405556794198,,,,,,1000,8415287564921327586,1.7999999999999998,,
MountainCar-v0,last-state,30,3.5__MountainCar-v0__last-state__H30,30,30,state_value,position,26,86.66666666666667,cosine,0.9998732034755564,,,,,,1000,8415287564921327586,1.7999999999999998,,
MountainCar-v0,last-state,30,3.5__MountainCar-v0__last-state__H30,30,30,state_value,velocity,26,86.66666666666667,nrmse,0.016364600673461852,0.0030377219278898814,,,,,1000,8415287564921327586,0.14,0.01610723905556306,paired_bootstrap_ddof1
MountainCar-v0,last-state,30,3.5__MountainCar-v0__last-state__H30,30,30,state_value,velocity,26,86.66666666666667,pearson,0.9883963944463497,,,,,,1000,8415287564921327586,0.14,,
MountainCar-v0,last-state,30,3.5__MountainCar-v0__last-state__H30,30,30,state_value,velocity,26,86.66666666666667,cosine,0.9864937011420896,,,,,,1000,8415287564921327586,0.14,,
MountainCar-v0,last-state,30,3.5__MountainCar-v0__last-state__H30,30,30,state_value,macro,26,86.66666666666667,macro_nrmse,0.012129550443820952,0.001450216863303394,,,,,1000,8415287564921327586,,0.01198998829309453,paired_bootstrap_ddof1
MountainCar-v0,last-state,30,3.5__MountainCar-v0__last-state__H30,30,30,state_delta,position,6,20.0,nrmse,0.009127846757151059,0.001759554787294653,,,,,1000,17644391898532795834,1.7999999999999998,0.009013488521473201,paired_bootstrap_ddof1
MountainCar-v0,last-state,30,3.5__MountainCar-v0__last-state__H30,30,30,state_delta,position,6,20.0,pearson,-0.08852062319196846,,,,,,1000,17644391898532795834,1.7999999999999998,,
MountainCar-v0,last-state,30,3.5__MountainCar-v0__last-state__H30,30,30,state_delta,position,6,20.0,cosine,-0.4629941300580763,,,,,,1000,17644391898532795834,1.7999999999999998,,
MountainCar-v0,last-state,30,3.5__MountainCar-v0__last-state__H30,30,30,state_delta,velocity,6,20.0,nrmse,0.04376014981849015,0.00676943070925953,,,,,1000,17644391898532795834,0.14,0.043403962310932895,paired_bootstrap_ddof1
MountainCar-v0,last-state,30,3.5__MountainCar-v0__last-state__H30,30,30,state_delta,velocity,6,20.0,pearson,-0.0982199026187682,,,,,,1000,17644391898532795834,0.14,,
MountainCar-v0,last-state,30,3.5__MountainCar-v0__last-state__H30,30,30,state_delta,velocity,6,20.0,cosine,0.41384780676031235,,,,,,1000,17644391898532795834,0.14,,
MountainCar-v0,last-state,30,3.5__MountainCar-v0__last-state__H30,30,30,state_delta,macro,6,20.0,macro_nrmse,0.026443998287820604,0.0035225280174793444,,,,,1000,17644391898532795834,,0.02620872541620306,paired_bootstrap_ddof1
MountainCar-v0,last-state,5,3.5__MountainCar-v0__last-state__H5,10,10,state_value,position,10,100.0,nrmse,0.005283567242148691,0.0009218499645728839,,,,,1000,1087837969477256981,1.7999999999999998,0.00521220975459065,paired_bootstrap_ddof1
MountainCar-v0,last-state,5,3.5__MountainCar-v0__last-state__H5,10,10,state_value,position,10,100.0,pearson,0.9930503291773053,,,,,,1000,1087837969477256981,1.7999999999999998,,
MountainCar-v0,last-state,5,3.5__MountainCar-v0__last-state__H5,10,10,state_value,position,10,100.0,cosine,0.9998389400416858,,,,,,1000,1087837969477256981,1.7999999999999998,,
MountainCar-v0,last-state,5,3.5__MountainCar-v0__last-state__H5,10,10,state_value,velocity,10,100.0,nrmse,0.008882378309355557,0.0013448469484453746,,,,,1000,1087837969477256981,0.14,0.008754597736864482,paired_bootstrap_ddof1
MountainCar-v0,last-state,5,3.5__MountainCar-v0__last-state__H5,10,10,state_value,velocity,10,100.0,pearson,0.9958724859721336,,,,,,1000,1087837969477256981,0.14,,
MountainCar-v0,last-state,5,3.5__MountainCar-v0__last-state__H5,10,10,state_value,velocity,10,100.0,cosine,0.995030750201053,,,,,,1000,1087837969477256981,0.14,,
MountainCar-v0,last-state,5,3.5__MountainCar-v0__last-state__H5,10,10,state_value,macro,10,100.0,macro_nrmse,0.007082972775752124,0.0007586553509807058,,,,,1000,1087837969477256981,,0.006983403745727567,paired_bootstrap_ddof1
MountainCar-v0,last-state,5,3.5__MountainCar-v0__last-state__H5,10,10,state_delta,position,9,90.0,nrmse,0.012276038738753995,0.003700806035654494,,,,,1000,17432218578065647177,1.7999999999999998,0.011773106757274204,paired_bootstrap_ddof1
MountainCar-v0,last-state,5,3.5__MountainCar-v0__last-state__H5,10,10,state_delta,position,9,90.0,pearson,0.11525253657894967,,,,,,1000,17432218578065647177,1.7999999999999998,,
MountainCar-v0,last-state,5,3.5__MountainCar-v0__last-state__H5,10,10,state_delta,position,9,90.0,cosine,0.2116995872961011,,,,,,1000,17432218578065647177,1.7999999999999998,,
MountainCar-v0,last-state,5,3.5__MountainCar-v0__last-state__H5,10,10,state_delta,velocity,9,90.0,nrmse,0.014315728743995759,0.0035791895253187173,,,,,1000,17432218578065647177,0.14,0.013830257478187048,paired_bootstrap_ddof1
MountainCar-v0,last-state,5,3.5__MountainCar-v0__last-state__H5,10,10,state_delta,velocity,9,90.0,pearson,0.6467253960909328,,,,,,1000,17432218578065647177,0.14,,
MountainCar-v0,last-state,5,3.5__MountainCar-v0__last-state__H5,10,10,state_delta,velocity,9,90.0,cosine,0.7014479827857063,,,,,,1000,17432218578065647177,0.14,,
MountainCar-v0,last-state,5,3.5__MountainCar-v0__last-state__H5,10,10,state_delta,macro,9,90.0,macro_nrmse,0.013295883741374876,0.0033845516329097983,,,,,1000,17432218578065647177,,0.012801682117730633,paired_bootstrap_ddof1
MountainCar-v0,last-state,5,3.5__MountainCar-v0__last-state__H5,20,20,state_value,position,20,100.0,nrmse,0.005487029759183739,0.0007368353803090706,,,,,1000,7701071433202629696,1.7999999999999998,0.005419504544304189,paired_bootstrap_ddof1
MountainCar-v0,last-state,5,3.5__MountainCar-v0__last-state__H5,20,20,state_value,position,20,100.0,pearson,0.9925459292289348,,,,,,1000,7701071433202629696,1.7999999999999998,,
MountainCar-v0,last-state,5,3.5__MountainCar-v0__last-state__H5,20,20,state_value,position,20,100.0,cosine,0.9998472475849005,,,,,,1000,7701071433202629696,1.7999999999999998,,
MountainCar-v0,last-state,5,3.5__MountainCar-v0__last-state__H5,20,20,state_value,velocity,20,100.0,nrmse,0.008362451450387089,0.000892006268820009,,,,,1000,7701071433202629696,0.14,0.008279062234619794,paired_bootstrap_ddof1
MountainCar-v0,last-state,5,3.5__MountainCar-v0__last-state__H5,20,20,state_value,velocity,20,100.0,pearson,0.9928489679548825,,,,,,1000,7701071433202629696,0.14,,
MountainCar-v0,last-state,5,3.5__MountainCar-v0__last-state__H5,20,20,state_value,velocity,20,100.0,cosine,0.9957529141778142,,,,,,1000,7701071433202629696,0.14,,
MountainCar-v0,last-state,5,3.5__MountainCar-v0__last-state__H5,20,20,state_value,macro,20,100.0,macro_nrmse,0.006924740604785414,0.0004949440492310504,,,,,1000,7701071433202629696,,0.006849283389461995,paired_bootstrap_ddof1
MountainCar-v0,last-state,5,3.5__MountainCar-v0__last-state__H5,20,20,state_delta,position,17,85.0,nrmse,0.01129667364555918,0.0022917874847126042,,,,,1000,11726850253534240489,1.7999999999999998,0.010993093304999335,paired_bootstrap_ddof1
MountainCar-v0,last-state,5,3.5__MountainCar-v0__last-state__H5,20,20,state_delta,position,17,85.0,pearson,0.3079689088610918,,,,,,1000,11726850253534240489,1.7999999999999998,,
MountainCar-v0,last-state,5,3.5__MountainCar-v0__last-state__H5,20,20,state_delta,position,17,85.0,cosine,0.46828453516081353,,,,,,1000,11726850253534240489,1.7999999999999998,,
MountainCar-v0,last-state,5,3.5__MountainCar-v0__last-state__H5,20,20,state_delta,velocity,17,85.0,nrmse,0.01811407303843101,0.004263061378777092,,,,,1000,11726850253534240489,0.14,0.017577293098290543,paired_bootstrap_ddof1
MountainCar-v0,last-state,5,3.5__MountainCar-v0__last-state__H5,20,20,state_delta,velocity,17,85.0,pearson,0.4785811727991702,,,,,,1000,11726850253534240489,0.14,,
MountainCar-v0,last-state,5,3.5__MountainCar-v0__last-state__H5,20,20,state_delta,velocity,17,85.0,cosine,0.597660852783964,,,,,,1000,11726850253534240489,0.14,,
MountainCar-v0,last-state,5,3.5__MountainCar-v0__last-state__H5,20,20,state_delta,macro,17,85.0,macro_nrmse,0.014705373341995094,0.002596568710098775,,,,,1000,11726850253534240489,,0.014285193201644942,paired_bootstrap_ddof1
MountainCar-v0,last-state,5,3.5__MountainCar-v0__last-state__H5,30,30,state_value,position,30,100.0,nrmse,0.005343775322910005,0.0006193714141829311,,,,,1000,5881572952270190952,1.7999999999999998,0.005310339068669216,paired_bootstrap_ddof1
MountainCar-v0,last-state,5,3.5__MountainCar-v0__last-state__H5,30,30,state_value,position,30,100.0,pearson,0.9920409121974902,,,,,,1000,5881572952270190952,1.7999999999999998,,
MountainCar-v0,last-state,5,3.5__MountainCar-v0__last-state__H5,30,30,state_value,position,30,100.0,cosine,0.9998408108082708,,,,,,1000,5881572952270190952,1.7999999999999998,,
MountainCar-v0,last-state,5,3.5__MountainCar-v0__last-state__H5,30,30,state_value,velocity,30,100.0,nrmse,0.013507373089824883,0.004023680423803622,,,,,1000,5881572952270190952,0.14,0.012871036273964487,paired_bootstrap_ddof1
MountainCar-v0,last-state,5,3.5__MountainCar-v0__last-state__H5,30,30,state_value,velocity,30,100.0,pearson,0.9832931643372733,,,,,,1000,5881572952270190952,0.14,,
MountainCar-v0,last-state,5,3.5__MountainCar-v0__last-state__H5,30,30,state_value,velocity,30,100.0,cosine,0.9859622383548842,,,,,,1000,5881572952270190952,0.14,,
MountainCar-v0,last-state,5,3.5__MountainCar-v0__last-state__H5,30,30,state_value,macro,30,100.0,macro_nrmse,0.009425574206367445,0.002092302557795507,,,,,1000,5881572952270190952,,0.00909068767131685,paired_bootstrap_ddof1
MountainCar-v0,last-state,5,3.5__MountainCar-v0__last-state__H5,30,30,state_delta,position,23,76.66666666666667,nrmse,0.010492148421886758,0.0018716802997071162,,,,,1000,13202865521018935001,1.7999999999999998,0.010275988177660015,paired_bootstrap_ddof1
MountainCar-v0,last-state,5,3.5__MountainCar-v0__last-state__H5,30,30,state_delta,position,23,76.66666666666667,pearson,0.4163145160561891,,,,,,1000,13202865521018935001,1.7999999999999998,,
MountainCar-v0,last-state,5,3.5__MountainCar-v0__last-state__H5,30,30,state_delta,position,23,76.66666666666667,cosine,0.46265237751282895,,,,,,1000,13202865521018935001,1.7999999999999998,,
MountainCar-v0,last-state,5,3.5__MountainCar-v0__last-state__H5,30,30,state_delta,velocity,23,76.66666666666667,nrmse,0.023456435446630553,0.005779930322469157,,,,,1000,13202865521018935001,0.14,0.022760319560109793,paired_bootstrap_ddof1
MountainCar-v0,last-state,5,3.5__MountainCar-v0__last-state__H5,30,30,state_delta,velocity,23,76.66666666666667,pearson,0.26286930141342346,,,,,,1000,13202865521018935001,0.14,,
MountainCar-v0,last-state,5,3.5__MountainCar-v0__last-state__H5,30,30,state_delta,velocity,23,76.66666666666667,cosine,0.3737854519257531,,,,,,1000,13202865521018935001,0.14,,
MountainCar-v0,last-state,5,3.5__MountainCar-v0__last-state__H5,30,30,state_delta,macro,23,76.66666666666667,macro_nrmse,0.016974291934258656,0.003235387767429618,,,,,1000,13202865521018935001,,0.016518153868884913,paired_bootstrap_ddof1
MountainCar-v0,next-state,10,3.5__MountainCar-v0__next-state__H10,10,10,state_value,position,10,100.0,nrmse,0.0015348515312670937,0.0003691097031907528,,,,,1000,3328210859292983188,1.7999999999999998,0.0015011528287845201,paired_bootstrap_ddof1
MountainCar-v0,next-state,10,3.5__MountainCar-v0__next-state__H10,10,10,state_value,position,10,100.0,pearson,0.9996752050620232,,,,,,1000,3328210859292983188,1.7999999999999998,,
MountainCar-v0,next-state,10,3.5__MountainCar-v0__next-state__H10,10,10,state_value,position,10,100.0,cosine,0.9999888985755211,,,,,,1000,3328210859292983188,1.7999999999999998,,
MountainCar-v0,next-state,10,3.5__MountainCar-v0__next-state__H10,10,10,state_value,velocity,10,100.0,nrmse,0.004258279712576304,0.0013611163091277537,,,,,1000,3328210859292983188,0.14,0.004073451347442948,paired_bootstrap_ddof1
MountainCar-v0,next-state,10,3.5__MountainCar-v0__next-state__H10,10,10,state_value,velocity,10,100.0,pearson,0.998034504380157,,,,,,1000,3328210859292983188,0.14,,
MountainCar-v0,next-state,10,3.5__MountainCar-v0__next-state__H10,10,10,state_value,velocity,10,100.0,cosine,0.9992313547338835,,,,,,1000,3328210859292983188,0.14,,
MountainCar-v0,next-state,10,3.5__MountainCar-v0__next-state__H10,10,10,state_value,macro,10,100.0,macro_nrmse,0.002896565621921699,0.0006539498264023111,,,,,1000,3328210859292983188,,0.0027873020881137352,paired_bootstrap_ddof1
MountainCar-v0,next-state,10,3.5__MountainCar-v0__next-state__H10,10,10,state_delta,position,10,100.0,nrmse,0.0012350391683951416,0.0003497782922323764,,,,,1000,8860933397558429396,1.7999999999999998,0.0011798726106706265,paired_bootstrap_ddof1
MountainCar-v0,next-state,10,3.5__MountainCar-v0__next-state__H10,10,10,state_delta,position,10,100.0,pearson,0.9707717770123458,,,,,,1000,8860933397558429396,1.7999999999999998,,
MountainCar-v0,next-state,10,3.5__MountainCar-v0__next-state__H10,10,10,state_delta,position,10,100.0,cosine,0.9886691502009621,,,,,,1000,8860933397558429396,1.7999999999999998,,
MountainCar-v0,next-state,10,3.5__MountainCar-v0__next-state__H10,10,10,state_delta,velocity,10,100.0,nrmse,0.006880252658102947,0.0021831171896566554,,,,,1000,8860933397558429396,0.14,0.006376963897123759,paired_bootstrap_ddof1
MountainCar-v0,next-state,10,3.5__MountainCar-v0__next-state__H10,10,10,state_delta,velocity,10,100.0,pearson,0.502664554326324,,,,,,1000,8860933397558429396,0.14,,
MountainCar-v0,next-state,10,3.5__MountainCar-v0__next-state__H10,10,10,state_delta,velocity,10,100.0,cosine,0.6339918540690486,,,,,,1000,8860933397558429396,0.14,,
MountainCar-v0,next-state,10,3.5__MountainCar-v0__next-state__H10,10,10,state_delta,macro,10,100.0,macro_nrmse,0.0040576459132490444,0.0010740740359559086,,,,,1000,8860933397558429396,,0.0037784182538971897,paired_bootstrap_ddof1
MountainCar-v0,next-state,10,3.5__MountainCar-v0__next-state__H10,20,20,state_value,position,18,90.0,nrmse,0.0013674157075551756,0.0002692007662506318,,,,,1000,15175942658780939788,1.7999999999999998,0.0013332763748300494,paired_bootstrap_ddof1
MountainCar-v0,next-state,10,3.5__MountainCar-v0__next-state__H10,20,20,state_value,position,18,90.0,pearson,0.9997353992783674,,,,,,1000,15175942658780939788,1.7999999999999998,,
MountainCar-v0,next-state,10,3.5__MountainCar-v0__next-state__H10,20,20,state_value,position,18,90.0,cosine,0.9999923057755605,,,,,,1000,15175942658780939788,1.7999999999999998,,
MountainCar-v0,next-state,10,3.5__MountainCar-v0__next-state__H10,20,20,state_value,velocity,18,90.0,nrmse,0.049801720423462065,0.02967250795610639,,,,,1000,15175942658780939788,0.14,0.0396981755843566,paired_bootstrap_ddof1
MountainCar-v0,next-state,10,3.5__MountainCar-v0__next-state__H10,20,20,state_value,velocity,18,90.0,pearson,0.6922119378258168,,,,,,1000,15175942658780939788,0.14,,
MountainCar-v0,next-state,10,3.5__MountainCar-v0__next-state__H10,20,20,state_value,velocity,18,90.0,cosine,0.8972781627791523,,,,,,1000,15175942658780939788,0.14,,
MountainCar-v0,next-state,10,3.5__MountainCar-v0__next-state__H10,20,20,state_value,macro,18,90.0,macro_nrmse,0.02558456806550862,0.014815566269502471,,,,,1000,15175942658780939788,,0.020515725979593336,paired_bootstrap_ddof1
MountainCar-v0,next-state,10,3.5__MountainCar-v0__next-state__H10,20,20,state_delta,position,18,90.0,nrmse,0.0011865259226548788,0.0002460544920388385,,,,,1000,6914541027421731057,1.7999999999999998,0.0011759599973037306,paired_bootstrap_ddof1
MountainCar-v0,next-state,10,3.5__MountainCar-v0__next-state__H10,20,20,state_delta,position,18,90.0,pearson,0.9652936525782051,,,,,,1000,6914541027421731057,1.7999999999999998,,
MountainCar-v0,next-state,10,3.5__MountainCar-v0__next-state__H10,20,20,state_delta,position,18,90.0,cosine,0.9918174165885493,,,,,,1000,6914541027421731057,1.7999999999999998,,
MountainCar-v0,next-state,10,3.5__MountainCar-v0__next-state__H10,20,20,state_delta,velocity,18,90.0,nrmse,0.05001990950858717,0.027853808674364038,,,,,1000,6914541027421731057,0.14,0.04217065070637039,paired_bootstrap_ddof1
MountainCar-v0,next-state,10,3.5__MountainCar-v0__next-state__H10,20,20,state_delta,velocity,18,90.0,pearson,-0.02285111925083095,,,,,,1000,6914541027421731057,0.14,,
MountainCar-v0,next-state,10,3.5__MountainCar-v0__next-state__H10,20,20,state_delta,velocity,18,90.0,cosine,-0.1133418854159453,,,,,,1000,6914541027421731057,0.14,,
MountainCar-v0,next-state,10,3.5__MountainCar-v0__next-state__H10,20,20,state_delta,macro,18,90.0,macro_nrmse,0.025603217715621022,0.013913791586360165,,,,,1000,6914541027421731057,,0.021673305351837088,paired_bootstrap_ddof1
MountainCar-v0,next-state,10,3.5__MountainCar-v0__next-state__H10,30,30,state_value,position,27,90.0,nrmse,0.0017890310029712777,0.00027888894181550534,,,,,1000,14880192493368624350,1.7999999999999998,0.0017659172406041526,paired_bootstrap_ddof1
MountainCar-v0,next-state,10,3.5__MountainCar-v0__next-state__H10,30,30,state_value,position,27,90.0,pearson,0.9995818085652476,,,,,,1000,14880192493368624350,1.7999999999999998,,
MountainCar-v0,next-state,10,3.5__MountainCar-v0__next-state__H10,30,30,state_value,position,27,90.0,cosine,0.9999846705944203,,,,,,1000,14880192493368624350,1.7999999999999998,,
MountainCar-v0,next-state,10,3.5__MountainCar-v0__next-state__H10,30,30,state_value,velocity,27,90.0,nrmse,0.04112879773827759,0.02264629490140269,,,,,1000,14880192493368624350,0.14,0.03378253590387982,paired_bootstrap_ddof1
MountainCar-v0,next-state,10,3.5__MountainCar-v0__next-state__H10,30,30,state_value,velocity,27,90.0,pearson,0.8060818313397461,,,,,,1000,14880192493368624350,0.14,,
MountainCar-v0,next-state,10,3.5__MountainCar-v0__next-state__H10,30,30,state_value,velocity,27,90.0,cosine,0.9134696515597609,,,,,,1000,14880192493368624350,0.14,,
MountainCar-v0,next-state,10,3.5__MountainCar-v0__next-state__H10,30,30,state_value,macro,27,90.0,macro_nrmse,0.021458914370624433,0.011305470999249957,,,,,1000,14880192493368624350,,0.017774226572241987,paired_bootstrap_ddof1
MountainCar-v0,next-state,10,3.5__MountainCar-v0__next-state__H10,30,30,state_delta,position,27,90.0,nrmse,0.0014448553009067959,0.00021246391725514437,,,,,1000,3114746751092888782,1.7999999999999998,0.0014211180072921702,paired_bootstrap_ddof1
MountainCar-v0,next-state,10,3.5__MountainCar-v0__next-state__H10,30,30,state_delta,position,27,90.0,pearson,0.9622352463650102,,,,,,1000,3114746751092888782,1.7999999999999998,,
MountainCar-v0,next-state,10,3.5__MountainCar-v0__next-state__H10,30,30,state_delta,position,27,90.0,cosine,0.9832873085262527,,,,,,1000,3114746751092888782,1.7999999999999998,,
MountainCar-v0,next-state,10,3.5__MountainCar-v0__next-state__H10,30,30,state_delta,velocity,27,90.0,nrmse,0.0413116892426493,0.021946730262629947,,,,,1000,3114746751092888782,0.14,0.032711058793818366,paired_bootstrap_ddof1
MountainCar-v0,next-state,10,3.5__MountainCar-v0__next-state__H10,30,30,state_delta,velocity,27,90.0,pearson,0.06756772528912168,,,,,,1000,3114746751092888782,0.14,,
MountainCar-v0,next-state,10,3.5__MountainCar-v0__next-state__H10,30,30,state_delta,velocity,27,90.0,cosine,0.013972632941150183,,,,,,1000,3114746751092888782,0.14,,
MountainCar-v0,next-state,10,3.5__MountainCar-v0__next-state__H10,30,30,state_delta,macro,27,90.0,macro_nrmse,0.021378272271778048,0.010961618268694394,,,,,1000,3114746751092888782,,0.01706608840055526,paired_bootstrap_ddof1
MountainCar-v0,next-state,20,3.5__MountainCar-v0__next-state__H20,10,10,state_value,position,8,80.0,nrmse,0.005793858323523999,0.0014502187848327065,,,,,1000,3489397394027546229,1.7999999999999998,0.005623665879040287,paired_bootstrap_ddof1
MountainCar-v0,next-state,20,3.5__MountainCar-v0__next-state__H20,10,10,state_value,position,8,80.0,pearson,0.9979375284163141,,,,,,1000,3489397394027546229,1.7999999999999998,,
MountainCar-v0,next-state,20,3.5__MountainCar-v0__next-state__H20,10,10,state_value,position,8,80.0,cosine,0.9998967164200157,,,,,,1000,3489397394027546229,1.7999999999999998,,
MountainCar-v0,next-state,20,3.5__MountainCar-v0__next-state__H20,10,10,state_value,velocity,8,80.0,nrmse,0.06687712674631459,0.02568894256934209,,,,,1000,3489397394027546229,0.14,0.06175345497575635,paired_bootstrap_ddof1
MountainCar-v0,next-state,20,3.5__MountainCar-v0__next-state__H20,10,10,state_value,velocity,8,80.0,pearson,0.7755918298009813,,,,,,1000,3489397394027546229,0.14,,
MountainCar-v0,next-state,20,3.5__MountainCar-v0__next-state__H20,10,10,state_value,velocity,8,80.0,cosine,0.9440738620781978,,,,,,1000,3489397394027546229,0.14,,
MountainCar-v0,next-state,20,3.5__MountainCar-v0__next-state__H20,10,10,state_value,macro,8,80.0,macro_nrmse,0.03633549253491929,0.01352533552785934,,,,,1000,3489397394027546229,,0.03368856042739832,paired_bootstrap_ddof1
MountainCar-v0,next-state,20,3.5__MountainCar-v0__next-state__H20,10,10,state_delta,position,8,80.0,nrmse,0.005791414389800943,0.001406251328817754,,,,,1000,8243806157299549570,1.7999999999999998,0.005665788140357836,paired_bootstrap_ddof1
MountainCar-v0,next-state,20,3.5__MountainCar-v0__next-state__H20,10,10,state_delta,position,8,80.0,pearson,-0.25279572246920606,,,,,,1000,8243806157299549570,1.7999999999999998,,
MountainCar-v0,next-state,20,3.5__MountainCar-v0__next-state__H20,10,10,state_delta,position,8,80.0,cosine,0.7395907479806217,,,,,,1000,8243806157299549570,1.7999999999999998,,
MountainCar-v0,next-state,20,3.5__MountainCar-v0__next-state__H20,10,10,state_delta,velocity,8,80.0,nrmse,0.06703827735374633,0.024990359692357134,,,,,1000,8243806157299549570,0.14,0.06305231149716463,paired_bootstrap_ddof1
MountainCar-v0,next-state,20,3.5__MountainCar-v0__next-state__H20,10,10,state_delta,velocity,8,80.0,pearson,-0.016964027350095244,,,,,,1000,8243806157299549570,0.14,,
MountainCar-v0,next-state,20,3.5__MountainCar-v0__next-state__H20,10,10,state_delta,velocity,8,80.0,cosine,0.052168768260916695,,,,,,1000,8243806157299549570,0.14,,
MountainCar-v0,next-state,20,3.5__MountainCar-v0__next-state__H20,10,10,state_delta,macro,8,80.0,macro_nrmse,0.03641484587177364,0.01315762256750417,,,,,1000,8243806157299549570,,0.034359049818761235,paired_bootstrap_ddof1
MountainCar-v0,next-state,20,3.5__MountainCar-v0__next-state__H20,20,20,state_value,position,18,90.0,nrmse,0.00442814646224768,0.0008814141728327694,,,,,1000,15853876166633597364,1.7999999999999998,0.004303558259807796,paired_bootstrap_ddof1
MountainCar-v0,next-state,20,3.5__MountainCar-v0__next-state__H20,20,20,state_value,position,18,90.0,pearson,0.9989111621993697,,,,,,1000,15853876166633597364,1.7999999999999998,,
MountainCar-v0,next-state,20,3.5__MountainCar-v0__next-state__H20,20,20,state_value,position,18,90.0,cosine,0.9999356141909886,,,,,,1000,15853876166633597364,1.7999999999999998,,
MountainCar-v0,next-state,20,3.5__MountainCar-v0__next-state__H20,20,20,state_value,velocity,18,90.0,nrmse,0.044886965297671555,0.016582289725607633,,,,,1000,15853876166633597364,0.14,0.040774978752948984,paired_bootstrap_ddof1
MountainCar-v0,next-state,20,3.5__MountainCar-v0__next-state__H20,20,20,state_value,velocity,18,90.0,pearson,0.7275148557038472,,,,,,1000,15853876166633597364,0.14,,
MountainCar-v0,next-state,20,3.5__MountainCar-v0__next-state__H20,20,20,state_value,velocity,18,90.0,cosine,0.9570717654607701,,,,,,1000,15853876166633597364,0.14,,
MountainCar-v0,next-state,20,3.5__MountainCar-v0__next-state__H20,20,20,state_value,macro,18,90.0,macro_nrmse,0.024657555879959617,0.008692406345624891,,,,,1000,15853876166633597364,,0.0225392685063784,paired_bootstrap_ddof1
MountainCar-v0,next-state,20,3.5__MountainCar-v0__next-state__H20,20,20,state_delta,position,18,90.0,nrmse,0.004426585814416329,0.0008958596777244865,,,,,1000,8798841412033226967,1.7999999999999998,0.004407625055933724,paired_bootstrap_ddof1
MountainCar-v0,next-state,20,3.5__MountainCar-v0__next-state__H20,20,20,state_delta,position,18,90.0,pearson,-0.01752118743710122,,,,,,1000,8798841412033226967,1.7999999999999998,,
MountainCar-v0,next-state,20,3.5__MountainCar-v0__next-state__H20,20,20,state_delta,position,18,90.0,cosine,0.858737176901452,,,,,,1000,8798841412033226967,1.7999999999999998,,
MountainCar-v0,next-state,20,3.5__MountainCar-v0__next-state__H20,20,20,state_delta,velocity,18,90.0,nrmse,0.04498896748555609,0.01765686205651569,,,,,1000,8798841412033226967,0.14,0.04253278433765717,paired_bootstrap_ddof1
MountainCar-v0,next-state,20,3.5__MountainCar-v0__next-state__H20,20,20,state_delta,velocity,18,90.0,pearson,0.044925406839243516,,,,,,1000,8798841412033226967,0.14,,
MountainCar-v0,next-state,20,3.5__MountainCar-v0__next-state__H20,20,20,state_delta,velocity,18,90.0,cosine,0.10398965006123649,,,,,,1000,8798841412033226967,0.14,,
MountainCar-v0,next-state,20,3.5__MountainCar-v0__next-state__H20,20,20,state_delta,macro,18,90.0,macro_nrmse,0.02470777664998621,0.009238312181721655,,,,,1000,8798841412033226967,,0.023470204696795435,paired_bootstrap_ddof1
MountainCar-v0,next-state,20,3.5__MountainCar-v0__next-state__H20,30,30,state_value,position,27,90.0,nrmse,0.003757793984811756,0.0007523590199536956,,,,,1000,7410201081941139292,1.7999999999999998,0.0036751130427055,paired_bootstrap_ddof1
MountainCar-v0,next-state,20,3.5__MountainCar-v0__next-state__H20,30,30,state_value,position,27,90.0,pearson,0.9992813211190696,,,,,,1000,7410201081941139292,1.7999999999999998,,
MountainCar-v0,next-state,20,3.5__MountainCar-v0__next-state__H20,30,30,state_value,position,27,90.0,cosine,0.9999549379875141,,,,,,1000,7410201081941139292,1.7999999999999998,,
MountainCar-v0,next-state,20,3.5__MountainCar-v0__next-state__H20,30,30,state_value,velocity,27,90.0,nrmse,0.04493096043823635,0.013573367786278611,,,,,1000,7410201081941139292,0.14,0.042901943802854205,paired_bootstrap_ddof1
MountainCar-v0,next-state,20,3.5__MountainCar-v0__next-state__H20,30,30,state_value,velocity,27,90.0,pearson,0.7253133015900544,,,,,,1000,7410201081941139292,0.14,,
MountainCar-v0,next-state,20,3.5__MountainCar-v0__next-state__H20,30,30,state_value,velocity,27,90.0,cosine,0.9558034167387622,,,,,,1000,7410201081941139292,0.14,,
MountainCar-v0,next-state,20,3.5__MountainCar-v0__next-state__H20,30,30,state_value,macro,27,90.0,macro_nrmse,0.024344377211524052,0.007069157870074437,,,,,1000,7410201081941139292,,0.02328852842277987,paired_bootstrap_ddof1
MountainCar-v0,next-state,20,3.5__MountainCar-v0__next-state__H20,30,30,state_delta,position,27,90.0,nrmse,0.0037558921197371367,0.000713847872769711,,,,,1000,15286217500051433019,1.7999999999999998,0.0037212056807557174,paired_bootstrap_ddof1
MountainCar-v0,next-state,20,3.5__MountainCar-v0__next-state__H20,30,30,state_delta,position,27,90.0,pearson,0.2134978863247048,,,,,,1000,15286217500051433019,1.7999999999999998,,
MountainCar-v0,next-state,20,3.5__MountainCar-v0__next-state__H20,30,30,state_delta,position,27,90.0,cosine,0.8970622215473398,,,,,,1000,15286217500051433019,1.7999999999999998,,
MountainCar-v0,next-state,20,3.5__MountainCar-v0__next-state__H20,30,30,state_delta,velocity,27,90.0,nrmse,0.04503148815971293,0.012533676410991568,,,,,1000,15286217500051433019,0.14,0.043816710723682824,paired_bootstrap_ddof1
MountainCar-v0,next-state,20,3.5__MountainCar-v0__next-state__H20,30,30,state_delta,velocity,27,90.0,pearson,0.0291658043234821,,,,,,1000,15286217500051433019,0.14,,
MountainCar-v0,next-state,20,3.5__MountainCar-v0__next-state__H20,30,30,state_delta,velocity,27,90.0,cosine,0.019500514637739764,,,,,,1000,15286217500051433019,0.14,,
MountainCar-v0,next-state,20,3.5__MountainCar-v0__next-state__H20,30,30,state_delta,macro,27,90.0,macro_nrmse,0.024393690139725033,0.006522903611388691,,,,,1000,15286217500051433019,,0.023768958202219265,paired_bootstrap_ddof1
MountainCar-v0,next-state,30,3.5__MountainCar-v0__next-state__H30,10,10,state_value,position,10,100.0,nrmse,0.002474679626959915,0.000510074098651214,,,,,1000,13027129345204067355,1.7999999999999998,0.002413953200762196,paired_bootstrap_ddof1
MountainCar-v0,next-state,30,3.5__MountainCar-v0__next-state__H30,10,10,state_value,position,10,100.0,pearson,0.999855411865645,,,,,,1000,13027129345204067355,1.7999999999999998,,
MountainCar-v0,next-state,30,3.5__MountainCar-v0__next-state__H30,10,10,state_value,position,10,100.0,cosine,0.9999919475326895,,,,,,1000,13027129345204067355,1.7999999999999998,,
MountainCar-v0,next-state,30,3.5__MountainCar-v0__next-state__H30,10,10,state_value,velocity,10,100.0,nrmse,0.04329418825126582,0.02105468638654748,,,,,1000,13027129345204067355,0.14,0.038215993810138606,paired_bootstrap_ddof1
MountainCar-v0,next-state,30,3.5__MountainCar-v0__next-state__H30,10,10,state_value,velocity,10,100.0,pearson,0.9537959977158553,,,,,,1000,13027129345204067355,0.14,,
MountainCar-v0,next-state,30,3.5__MountainCar-v0__next-state__H30,10,10,state_value,velocity,10,100.0,cosine,0.9556620970055841,,,,,,1000,13027129345204067355,0.14,,
MountainCar-v0,next-state,30,3.5__MountainCar-v0__next-state__H30,10,10,state_value,macro,10,100.0,macro_nrmse,0.022884433939112866,0.010463893398858616,,,,,1000,13027129345204067355,,0.020314973505450397,paired_bootstrap_ddof1
MountainCar-v0,next-state,30,3.5__MountainCar-v0__next-state__H30,10,10,state_delta,position,10,100.0,nrmse,0.002478254364414977,0.0005176006257984891,,,,,1000,4511344080198181464,1.7999999999999998,0.0024351188848774135,paired_bootstrap_ddof1
MountainCar-v0,next-state,30,3.5__MountainCar-v0__next-state__H30,10,10,state_delta,position,10,100.0,pearson,0.9689396850929894,,,,,,1000,4511344080198181464,1.7999999999999998,,
MountainCar-v0,next-state,30,3.5__MountainCar-v0__next-state__H30,10,10,state_delta,position,10,100.0,cosine,0.954003624042127,,,,,,1000,4511344080198181464,1.7999999999999998,,
MountainCar-v0,next-state,30,3.5__MountainCar-v0__next-state__H30,10,10,state_delta,velocity,10,100.0,nrmse,0.043336414055102676,0.021138612586587172,,,,,1000,4511344080198181464,0.14,0.038153691352841336,paired_bootstrap_ddof1
MountainCar-v0,next-state,30,3.5__MountainCar-v0__next-state__H30,10,10,state_delta,velocity,10,100.0,pearson,0.4911996482592103,,,,,,1000,4511344080198181464,0.14,,
MountainCar-v0,next-state,30,3.5__MountainCar-v0__next-state__H30,10,10,state_delta,velocity,10,100.0,cosine,0.11965861045156488,,,,,,1000,4511344080198181464,0.14,,
MountainCar-v0,next-state,30,3.5__MountainCar-v0__next-state__H30,10,10,state_delta,macro,10,100.0,macro_nrmse,0.022907334209758826,0.010503337559194588,,,,,1000,4511344080198181464,,0.0202944051188594,paired_bootstrap_ddof1
MountainCar-v0,next-state,30,3.5__MountainCar-v0__next-state__H30,20,20,state_value,position,20,100.0,nrmse,0.004867263792136685,0.00131911699303524,,,,,1000,7903568274271917410,1.7999999999999998,0.004656278611296135,paired_bootstrap_ddof1
MountainCar-v0,next-state,30,3.5__MountainCar-v0__next-state__H30,20,20,state_value,position,20,100.0,pearson,0.9968527274069218,,,,,,1000,7903568274271917410,1.7999999999999998,,
MountainCar-v0,next-state,30,3.5__MountainCar-v0__next-state__H30,20,20,state_value,position,20,100.0,cosine,0.9999390723549728,,,,,,1000,7903568274271917410,1.7999999999999998,,
MountainCar-v0,next-state,30,3.5__MountainCar-v0__next-state__H30,20,20,state_value,velocity,20,100.0,nrmse,0.044693939585205844,0.015310906056722156,,,,,1000,7903568274271917410,0.14,0.04209538313144263,paired_bootstrap_ddof1
MountainCar-v0,next-state,30,3.5__MountainCar-v0__next-state__H30,20,20,state_value,velocity,20,100.0,pearson,0.9122992749330261,,,,,,1000,7903568274271917410,0.14,,
MountainCar-v0,next-state,30,3.5__MountainCar-v0__next-state__H30,20,20,state_value,velocity,20,100.0,cosine,0.947879492276342,,,,,,1000,7903568274271917410,0.14,,
MountainCar-v0,next-state,30,3.5__MountainCar-v0__next-state__H30,20,20,state_value,macro,20,100.0,macro_nrmse,0.024780601688671265,0.008063067551573263,,,,,1000,7903568274271917410,,0.023375830871369387,paired_bootstrap_ddof1
MountainCar-v0,next-state,30,3.5__MountainCar-v0__next-state__H30,20,20,state_delta,position,19,95.0,nrmse,0.004744681809824308,0.001455496822576742,,,,,1000,6337679793895591544,1.7999999999999998,0.004605391929559355,paired_bootstrap_ddof1
MountainCar-v0,next-state,30,3.5__MountainCar-v0__next-state__H30,20,20,state_delta,position,19,95.0,pearson,0.7523651218499974,,,,,,1000,6337679793895591544,1.7999999999999998,,
MountainCar-v0,next-state,30,3.5__MountainCar-v0__next-state__H30,20,20,state_delta,position,19,95.0,cosine,0.8348289623694553,,,,,,1000,6337679793895591544,1.7999999999999998,,
MountainCar-v0,next-state,30,3.5__MountainCar-v0__next-state__H30,20,20,state_delta,velocity,19,95.0,nrmse,0.04575981905702507,0.016520681541476723,,,,,1000,6337679793895591544,0.14,0.04330915883893259,paired_bootstrap_ddof1
MountainCar-v0,next-state,30,3.5__MountainCar-v0__next-state__H30,20,20,state_delta,velocity,19,95.0,pearson,0.28093104325477336,,,,,,1000,6337679793895591544,0.14,,
MountainCar-v0,next-state,30,3.5__MountainCar-v0__next-state__H30,20,20,state_delta,velocity,19,95.0,cosine,-0.014330651384929914,,,,,,1000,6337679793895591544,0.14,,
MountainCar-v0,next-state,30,3.5__MountainCar-v0__next-state__H30,20,20,state_delta,macro,19,95.0,macro_nrmse,0.02525225043342469,0.008746158310661127,,,,,1000,6337679793895591544,,0.023957275384245965,paired_bootstrap_ddof1
MountainCar-v0,next-state,30,3.5__MountainCar-v0__next-state__H30,30,30,state_value,position,27,90.0,nrmse,0.005245623334539248,0.0009873793280395483,,,,,1000,11250121902213314039,1.7999999999999998,0.0051433219243762415,paired_bootstrap_ddof1
MountainCar-v0,next-state,30,3.5__MountainCar-v0__next-state__H30,30,30,state_value,position,27,90.0,pearson,0.99680669640278,,,,,,1000,11250121902213314039,1.7999999999999998,,
MountainCar-v0,next-state,30,3.5__MountainCar-v0__next-state__H30,30,30,state_value,position,27,90.0,cosine,0.9999301167108982,,,,,,1000,11250121902213314039,1.7999999999999998,,
MountainCar-v0,next-state,30,3.5__MountainCar-v0__next-state__H30,30,30,state_value,velocity,27,90.0,nrmse,0.03879167985417123,0.013102932918157244,,,,,1000,11250121902213314039,0.14,0.035801786751379024,paired_bootstrap_ddof1
MountainCar-v0,next-state,30,3.5__MountainCar-v0__next-state__H30,30,30,state_value,velocity,27,90.0,pearson,0.9297355191262706,,,,,,1000,11250121902213314039,0.14,,
MountainCar-v0,next-state,30,3.5__MountainCar-v0__next-state__H30,30,30,state_value,velocity,27,90.0,cosine,0.9567930385663278,,,,,,1000,11250121902213314039,0.14,,
MountainCar-v0,next-state,30,3.5__MountainCar-v0__next-state__H30,30,30,state_value,macro,27,90.0,macro_nrmse,0.02201865159435524,0.00683478772061189,,,,,1000,11250121902213314039,,0.020472554337877626,paired_bootstrap_ddof1
MountainCar-v0,next-state,30,3.5__MountainCar-v0__next-state__H30,30,30,state_delta,position,26,86.66666666666667,nrmse,0.004778971496207783,0.0010380290010055082,,,,,1000,2157980834097418649,1.7999999999999998,0.004638376925595373,paired_bootstrap_ddof1
MountainCar-v0,next-state,30,3.5__MountainCar-v0__next-state__H30,30,30,state_delta,position,26,86.66666666666667,pearson,0.7447410224768387,,,,,,1000,2157980834097418649,1.7999999999999998,,
MountainCar-v0,next-state,30,3.5__MountainCar-v0__next-state__H30,30,30,state_delta,position,26,86.66666666666667,cosine,0.8223797639277587,,,,,,1000,2157980834097418649,1.7999999999999998,,
MountainCar-v0,next-state,30,3.5__MountainCar-v0__next-state__H30,30,30,state_delta,velocity,26,86.66666666666667,nrmse,0.039464138315733824,0.013989078066134687,,,,,1000,2157980834097418649,0.14,0.036152967780086025,paired_bootstrap_ddof1
MountainCar-v0,next-state,30,3.5__MountainCar-v0__next-state__H30,30,30,state_delta,velocity,26,86.66666666666667,pearson,0.33689487566887893,,,,,,1000,2157980834097418649,0.14,,
MountainCar-v0,next-state,30,3.5__MountainCar-v0__next-state__H30,30,30,state_delta,velocity,26,86.66666666666667,cosine,0.06436701411678244,,,,,,1000,2157980834097418649,0.14,,
MountainCar-v0,next-state,30,3.5__MountainCar-v0__next-state__H30,30,30,state_delta,macro,26,86.66666666666667,macro_nrmse,0.022121554905970803,0.007319996328573651,,,,,1000,2157980834097418649,,0.02039567235284071,paired_bootstrap_ddof1
MountainCar-v0,next-state,5,3.5__MountainCar-v0__next-state__H5,10,10,state_value,position,8,80.0,nrmse,0.0031008786623527157,0.0014095968916003597,,,,,1000,10053005866887941840,1.7999999999999998,0.00279990618244234,paired_bootstrap_ddof1
MountainCar-v0,next-state,5,3.5__MountainCar-v0__next-state__H5,10,10,state_value,position,8,80.0,pearson,0.9977093598169408,,,,,,1000,10053005866887941840,1.7999999999999998,,
MountainCar-v0,next-state,5,3.5__MountainCar-v0__next-state__H5,10,10,state_value,position,8,80.0,cosine,0.9999561235302227,,,,,,1000,10053005866887941840,1.7999999999999998,,
MountainCar-v0,next-state,5,3.5__MountainCar-v0__next-state__H5,10,10,state_value,velocity,8,80.0,nrmse,0.005019820150843591,0.0017077048141308977,,,,,1000,10053005866887941840,0.14,0.004712118928841972,paired_bootstrap_ddof1
MountainCar-v0,next-state,5,3.5__MountainCar-v0__next-state__H5,10,10,state_value,velocity,8,80.0,pearson,0.9978876240512042,,,,,,1000,10053005866887941840,0.14,,
MountainCar-v0,next-state,5,3.5__MountainCar-v0__next-state__H5,10,10,state_value,velocity,8,80.0,cosine,0.9983773811454141,,,,,,1000,10053005866887941840,0.14,,
MountainCar-v0,next-state,5,3.5__MountainCar-v0__next-state__H5,10,10,state_value,macro,8,80.0,macro_nrmse,0.004060349406598153,0.0012590275738637326,,,,,1000,10053005866887941840,,0.0037560125556421586,paired_bootstrap_ddof1
MountainCar-v0,next-state,5,3.5__MountainCar-v0__next-state__H5,10,10,state_delta,position,9,90.0,nrmse,0.0029334032959468168,0.0013527718813790821,,,,,1000,7272303382928475590,1.7999999999999998,0.002633523223653143,paired_bootstrap_ddof1
MountainCar-v0,next-state,5,3.5__MountainCar-v0__next-state__H5,10,10,state_delta,position,9,90.0,pearson,0.8643220276972102,,,,,,1000,7272303382928475590,1.7999999999999998,,
MountainCar-v0,next-state,5,3.5__MountainCar-v0__next-state__H5,10,10,state_delta,position,9,90.0,cosine,0.9079896092826516,,,,,,1000,7272303382928475590,1.7999999999999998,,
MountainCar-v0,next-state,5,3.5__MountainCar-v0__next-state__H5,10,10,state_delta,velocity,9,90.0,nrmse,0.005489633706207119,0.0014882103061836763,,,,,1000,7272303382928475590,0.14,0.005324168017361604,paired_bootstrap_ddof1
MountainCar-v0,next-state,5,3.5__MountainCar-v0__next-state__H5,10,10,state_delta,velocity,9,90.0,pearson,0.6346106758181701,,,,,,1000,7272303382928475590,0.14,,
MountainCar-v0,next-state,5,3.5__MountainCar-v0__next-state__H5,10,10,state_delta,velocity,9,90.0,cosine,0.6871309146534048,,,,,,1000,7272303382928475590,0.14,,
MountainCar-v0,next-state,5,3.5__MountainCar-v0__next-state__H5,10,10,state_delta,macro,9,90.0,macro_nrmse,0.004211518501076967,0.0011040517956655397,,,,,1000,7272303382928475590,,0.003978845620507374,paired_bootstrap_ddof1
MountainCar-v0,next-state,5,3.5__MountainCar-v0__next-state__H5,20,20,state_value,position,16,80.0,nrmse,0.003281654914470558,0.0010324814992430404,,,,,1000,12426303138924276517,1.7999999999999998,0.0031323497664276986,paired_bootstrap_ddof1
MountainCar-v0,next-state,5,3.5__MountainCar-v0__next-state__H5,20,20,state_value,position,16,80.0,pearson,0.9977884216061204,,,,,,1000,12426303138924276517,1.7999999999999998,,
MountainCar-v0,next-state,5,3.5__MountainCar-v0__next-state__H5,20,20,state_value,position,16,80.0,cosine,0.999955752806438,,,,,,1000,12426303138924276517,1.7999999999999998,,
MountainCar-v0,next-state,5,3.5__MountainCar-v0__next-state__H5,20,20,state_value,velocity,16,80.0,nrmse,0.005010545256094061,0.0010942978637682914,,,,,1000,12426303138924276517,0.14,0.004858316498218585,paired_bootstrap_ddof1
MountainCar-v0,next-state,5,3.5__MountainCar-v0__next-state__H5,20,20,state_value,velocity,16,80.0,pearson,0.9978940942451773,,,,,,1000,12426303138924276517,0.14,,
MountainCar-v0,next-state,5,3.5__MountainCar-v0__next-state__H5,20,20,state_value,velocity,16,80.0,cosine,0.9985407084482446,,,,,,1000,12426303138924276517,0.14,,
MountainCar-v0,next-state,5,3.5__MountainCar-v0__next-state__H5,20,20,state_value,macro,16,80.0,macro_nrmse,0.00414610008528231,0.0007889500204322724,,,,,1000,12426303138924276517,,0.003995333132323145,paired_bootstrap_ddof1
MountainCar-v0,next-state,5,3.5__MountainCar-v0__next-state__H5,20,20,state_delta,position,18,90.0,nrmse,0.0030946091674058556,0.0010185751372883995,,,,,1000,13042750317864098834,1.7999999999999998,0.0029329151037631278,paired_bootstrap_ddof1
MountainCar-v0,next-state,5,3.5__MountainCar-v0__next-state__H5,20,20,state_delta,position,18,90.0,pearson,0.8412995383707059,,,,,,1000,13042750317864098834,1.7999999999999998,,
MountainCar-v0,next-state,5,3.5__MountainCar-v0__next-state__H5,20,20,state_delta,position,18,90.0,cosine,0.9097509070410368,,,,,,1000,13042750317864098834,1.7999999999999998,,
MountainCar-v0,next-state,5,3.5__MountainCar-v0__next-state__H5,20,20,state_delta,velocity,18,90.0,nrmse,0.005642728985937934,0.0009182494574917345,,,,,1000,13042750317864098834,0.14,0.0055854483079415315,paired_bootstrap_ddof1
MountainCar-v0,next-state,5,3.5__MountainCar-v0__next-state__H5,20,20,state_delta,velocity,18,90.0,pearson,0.5548474312157337,,,,,,1000,13042750317864098834,0.14,,
MountainCar-v0,next-state,5,3.5__MountainCar-v0__next-state__H5,20,20,state_delta,velocity,18,90.0,cosine,0.657236816656537,,,,,,1000,13042750317864098834,0.14,,
MountainCar-v0,next-state,5,3.5__MountainCar-v0__next-state__H5,20,20,state_delta,macro,18,90.0,macro_nrmse,0.004368669076671895,0.0006829739588237024,,,,,1000,13042750317864098834,,0.00425918170585233,paired_bootstrap_ddof1
MountainCar-v0,next-state,5,3.5__MountainCar-v0__next-state__H5,30,30,state_value,position,25,83.33333333333333,nrmse,0.0028941075173503005,0.0007487054618879401,,,,,1000,12376730433799805842,1.7999999999999998,0.0027821523303864825,paired_bootstrap_ddof1
MountainCar-v0,next-state,5,3.5__MountainCar-v0__next-state__H5,30,30,state_value,position,25,83.33333333333333,pearson,0.9979176632004984,,,,,,1000,12376730433799805842,1.7999999999999998,,
MountainCar-v0,next-state,5,3.5__MountainCar-v0__next-state__H5,30,30,state_value,position,25,83.33333333333333,cosine,0.9999577662751019,,,,,,1000,12376730433799805842,1.7999999999999998,,
MountainCar-v0,next-state,5,3.5__MountainCar-v0__next-state__H5,30,30,state_value,velocity,25,83.33333333333333,nrmse,0.0046040691726677635,0.0007746453905895974,,,,,1000,12376730433799805842,0.14,0.004566556836478138,paired_bootstrap_ddof1
MountainCar-v0,next-state,5,3.5__MountainCar-v0__next-state__H5,30,30,state_value,velocity,25,83.33333333333333,pearson,0.9983158243698192,,,,,,1000,12376730433799805842,0.14,,
MountainCar-v0,next-state,5,3.5__MountainCar-v0__next-state__H5,30,30,state_value,velocity,25,83.33333333333333,cosine,0.9984969501139294,,,,,,1000,12376730433799805842,0.14,,
MountainCar-v0,next-state,5,3.5__MountainCar-v0__next-state__H5,30,30,state_value,macro,25,83.33333333333333,macro_nrmse,0.003749088345009032,0.0005745281020635362,,,,,1000,12376730433799805842,,0.003674354583432314,paired_bootstrap_ddof1
MountainCar-v0,next-state,5,3.5__MountainCar-v0__next-state__H5,30,30,state_delta,position,27,90.0,nrmse,0.0027833681506704276,0.0007388295690002513,,,,,1000,14558331457398387047,1.7999999999999998,0.0026736862812326233,paired_bootstrap_ddof1
MountainCar-v0,next-state,5,3.5__MountainCar-v0__next-state__H5,30,30,state_delta,position,27,90.0,pearson,0.8713982277806487,,,,,,1000,14558331457398387047,1.7999999999999998,,
MountainCar-v0,next-state,5,3.5__MountainCar-v0__next-state__H5,30,30,state_delta,position,27,90.0,cosine,0.909088911686918,,,,,,1000,14558331457398387047,1.7999999999999998,,
MountainCar-v0,next-state,5,3.5__MountainCar-v0__next-state__H5,30,30,state_delta,velocity,27,90.0,nrmse,0.005092162032227754,0.000732142766009545,,,,,1000,14558331457398387047,0.14,0.005007823079471051,paired_bootstrap_ddof1
MountainCar-v0,next-state,5,3.5__MountainCar-v0__next-state__H5,30,30,state_delta,velocity,27,90.0,pearson,0.6768831493646615,,,,,,1000,14558331457398387047,0.14,,
MountainCar-v0,next-state,5,3.5__MountainCar-v0__next-state__H5,30,30,state_delta,velocity,27,90.0,cosine,0.7450105077142287,,,,,,1000,14558331457398387047,0.14,,
MountainCar-v0,next-state,5,3.5__MountainCar-v0__next-state__H5,30,30,state_delta,macro,27,90.0,macro_nrmse,0.003937765091449091,0.0005496606481125568,,,,,1000,14558331457398387047,,0.0038407546803518352,paired_bootstrap_ddof1
Pendulum-v1,last-action,10,3.5__Pendulum-v1__last-action__H10,10,10,action_value,torque,9,90.0,nrmse,0.34587732823314576,0.14386262045530557,,,,,1000,11789387397854452108,4.0,0.3261863217531739,paired_bootstrap_ddof1
Pendulum-v1,last-action,10,3.5__Pendulum-v1__last-action__H10,10,10,action_value,torque,9,90.0,pearson,-0.008728337052607994,,,,,,1000,11789387397854452108,4.0,,
Pendulum-v1,last-action,10,3.5__Pendulum-v1__last-action__H10,10,10,action_value,torque,9,90.0,cosine,0.10231921627995762,,,,,,1000,11789387397854452108,4.0,,
Pendulum-v1,last-action,10,3.5__Pendulum-v1__last-action__H10,20,20,action_value,torque,19,95.0,nrmse,0.3887534677693645,0.06195242737046194,,,,,1000,5262900480560172148,4.0,0.38569985811450874,paired_bootstrap_ddof1
Pendulum-v1,last-action,10,3.5__Pendulum-v1__last-action__H10,20,20,action_value,torque,19,95.0,pearson,-0.08944321435681248,,,,,,1000,5262900480560172148,4.0,,
Pendulum-v1,last-action,10,3.5__Pendulum-v1__last-action__H10,20,20,action_value,torque,19,95.0,cosine,-0.07000035636875859,,,,,,1000,5262900480560172148,4.0,,
Pendulum-v1,last-action,10,3.5__Pendulum-v1__last-action__H10,30,30,action_value,torque,28,93.33333333333333,nrmse,0.3914811638828273,0.05000970296033311,,,,,1000,10859813758132046847,4.0,0.38892646250637924,paired_bootstrap_ddof1
Pendulum-v1,last-action,10,3.5__Pendulum-v1__last-action__H10,30,30,action_value,torque,28,93.33333333333333,pearson,-0.12119038147722323,,,,,,1000,10859813758132046847,4.0,,
Pendulum-v1,last-action,10,3.5__Pendulum-v1__last-action__H10,30,30,action_value,torque,28,93.33333333333333,cosine,-0.03486638046731333,,,,,,1000,10859813758132046847,4.0,,
Pendulum-v1,last-action,20,3.5__Pendulum-v1__last-action__H20,10,10,action_value,torque,10,100.0,nrmse,0.18168854925210745,0.05039210121739097,,,,,1000,8082932269689936260,4.0,0.17356435847195292,paired_bootstrap_ddof1
Pendulum-v1,last-action,20,3.5__Pendulum-v1__last-action__H20,10,10,action_value,torque,10,100.0,pearson,0.6994886070328047,,,,,,1000,8082932269689936260,4.0,,
Pendulum-v1,last-action,20,3.5__Pendulum-v1__last-action__H20,10,10,action_value,torque,10,100.0,cosine,0.7024388128040766,,,,,,1000,8082932269689936260,4.0,,
Pendulum-v1,last-action,20,3.5__Pendulum-v1__last-action__H20,20,20,action_value,torque,20,100.0,nrmse,0.1637431930195374,0.030459118950458785,,,,,1000,12482985993031331695,4.0,0.16089798312794368,paired_bootstrap_ddof1
Pendulum-v1,last-action,20,3.5__Pendulum-v1__last-action__H20,20,20,action_value,torque,20,100.0,pearson,0.7852005784530859,,,,,,1000,12482985993031331695,4.0,,
Pendulum-v1,last-action,20,3.5__Pendulum-v1__last-action__H20,20,20,action_value,torque,20,100.0,cosine,0.7693508041200781,,,,,,1000,12482985993031331695,4.0,,
Pendulum-v1,last-action,20,3.5__Pendulum-v1__last-action__H20,30,30,action_value,torque,29,96.66666666666667,nrmse,0.2239791083271208,0.035768026097733344,,,,,1000,13537865598610752374,4.0,0.22017869962860356,paired_bootstrap_ddof1
Pendulum-v1,last-action,20,3.5__Pendulum-v1__last-action__H20,30,30,action_value,torque,29,96.66666666666667,pearson,0.566119677357972,,,,,,1000,13537865598610752374,4.0,,
Pendulum-v1,last-action,20,3.5__Pendulum-v1__last-action__H20,30,30,action_value,torque,29,96.66666666666667,cosine,0.5390672635503849,,,,,,1000,13537865598610752374,4.0,,
Pendulum-v1,last-action,30,3.5__Pendulum-v1__last-action__H30,10,10,action_value,torque,10,100.0,nrmse,0.27804495126930096,0.08855730189882556,,,,,1000,1845441754049823348,4.0,0.2624541342484662,paired_bootstrap_ddof1
Pendulum-v1,last-action,30,3.5__Pendulum-v1__last-action__H30,10,10,action_value,torque,10,100.0,pearson,0.42180209312931405,,,,,,1000,1845441754049823348,4.0,,
Pendulum-v1,last-action,30,3.5__Pendulum-v1__last-action__H30,10,10,action_value,torque,10,100.0,cosine,0.40125221725388294,,,,,,1000,1845441754049823348,4.0,,
Pendulum-v1,last-action,30,3.5__Pendulum-v1__last-action__H30,20,20,action_value,torque,20,100.0,nrmse,0.2398966920302241,0.05260984181518907,,,,,1000,14375966880694507758,4.0,0.23636526343894151,paired_bootstrap_ddof1
Pendulum-v1,last-action,30,3.5__Pendulum-v1__last-action__H30,20,20,action_value,torque,20,100.0,pearson,0.5019590327848908,,,,,,1000,14375966880694507758,4.0,,
Pendulum-v1,last-action,30,3.5__Pendulum-v1__last-action__H30,20,20,action_value,torque,20,100.0,cosine,0.49535757762711013,,,,,,1000,14375966880694507758,4.0,,
Pendulum-v1,last-action,30,3.5__Pendulum-v1__last-action__H30,30,30,action_value,torque,30,100.0,nrmse,0.24849775418593062,0.039069642558374744,,,,,1000,3458342458622078825,4.0,0.24530305562400712,paired_bootstrap_ddof1
Pendulum-v1,last-action,30,3.5__Pendulum-v1__last-action__H30,30,30,action_value,torque,30,100.0,pearson,0.4573558591005296,,,,,,1000,3458342458622078825,4.0,,
Pendulum-v1,last-action,30,3.5__Pendulum-v1__last-action__H30,30,30,action_value,torque,30,100.0,cosine,0.44759060944462087,,,,,,1000,3458342458622078825,4.0,,
Pendulum-v1,last-action,5,3.5__Pendulum-v1__last-action__H5,10,10,action_value,torque,9,90.0,nrmse,0.3412533088671402,0.0897037127324329,,,,,1000,7440121568727531708,4.0,0.3328353409768116,paired_bootstrap_ddof1
Pendulum-v1,last-action,5,3.5__Pendulum-v1__last-action__H5,10,10,action_value,torque,9,90.0,pearson,-0.27888772918773175,,,,,,1000,7440121568727531708,4.0,,
Pendulum-v1,last-action,5,3.5__Pendulum-v1__last-action__H5,10,10,action_value,torque,9,90.0,cosine,-0.29798457696507946,,,,,,1000,7440121568727531708,4.0,,
Pendulum-v1,last-action,5,3.5__Pendulum-v1__last-action__H5,20,20,action_value,torque,19,95.0,nrmse,0.3729157103759291,0.04336280492585545,,,,,1000,1336417708050806383,4.0,0.37252416870235616,paired_bootstrap_ddof1
Pendulum-v1,last-action,5,3.5__Pendulum-v1__last-action__H5,20,20,action_value,torque,19,95.0,pearson,-0.20390915093415424,,,,,,1000,1336417708050806383,4.0,,
Pendulum-v1,last-action,5,3.5__Pendulum-v1__last-action__H5,20,20,action_value,torque,19,95.0,cosine,-0.20318446959498435,,,,,,1000,1336417708050806383,4.0,,
Pendulum-v1,last-action,5,3.5__Pendulum-v1__last-action__H5,30,30,action_value,torque,29,96.66666666666667,nrmse,0.34852028076030594,0.034000961117566085,,,,,1000,13688765119190267276,4.0,0.34726693525199426,paired_bootstrap_ddof1
Pendulum-v1,last-action,5,3.5__Pendulum-v1__last-action__H5,30,30,action_value,torque,29,96.66666666666667,pearson,0.10482895384821334,,,,,,1000,13688765119190267276,4.0,,
Pendulum-v1,last-action,5,3.5__Pendulum-v1__last-action__H5,30,30,action_value,torque,29,96.66666666666667,cosine,0.07979726744630351,,,,,,1000,13688765119190267276,4.0,,
Pendulum-v1,last-state,10,3.5__Pendulum-v1__last-state__H10,10,10,state_value,cos(theta),10,100.0,nrmse,0.0001368349822143881,2.5419895827810348e-05,,,,,1000,17460305173219713640,2,0.0001343169406951831,paired_bootstrap_ddof1
Pendulum-v1,last-state,10,3.5__Pendulum-v1__last-state__H10,10,10,state_value,cos(theta),10,100.0,pearson,0.7964292192365534,,,,,,1000,17460305173219713640,2,,
Pendulum-v1,last-state,10,3.5__Pendulum-v1__last-state__H10,10,10,state_value,cos(theta),10,100.0,cosine,0.9999999629932949,,,,,,1000,17460305173219713640,2,,
Pendulum-v1,last-state,10,3.5__Pendulum-v1__last-state__H10,10,10,state_value,sin(theta),10,100.0,nrmse,0.0036623240565156383,0.0005794621398515539,,,,,1000,17460305173219713640,2,0.0036446228921035648,paired_bootstrap_ddof1
Pendulum-v1,last-state,10,3.5__Pendulum-v1__last-state__H10,10,10,state_value,sin(theta),10,100.0,pearson,0.8867296107079944,,,,,,1000,17460305173219713640,2,,
Pendulum-v1,last-state,10,3.5__Pendulum-v1__last-state__H10,10,10,state_value,sin(theta),10,100.0,cosine,0.9858156955907794,,,,,,1000,17460305173219713640,2,,
Pendulum-v1,last-state,10,3.5__Pendulum-v1__last-state__H10,10,10,state_value,angular_velocity,10,100.0,nrmse,0.009844001875205852,0.0020251676012788067,,,,,1000,17460305173219713640,16,0.009651642865134336,paired_bootstrap_ddof1
Pendulum-v1,last-state,10,3.5__Pendulum-v1__last-state__H10,10,10,state_value,angular_velocity,10,100.0,pearson,0.027918773432397615,,,,,,1000,17460305173219713640,16,,
Pendulum-v1,last-state,10,3.5__Pendulum-v1__last-state__H10,10,10,state_value,angular_velocity,10,100.0,cosine,0.03362360673936702,,,,,,1000,17460305173219713640,16,,
Pendulum-v1,last-state,10,3.5__Pendulum-v1__last-state__H10,10,10,state_value,macro,10,100.0,macro_nrmse,0.004547720304645292,0.0008523253361512315,,,,,1000,17460305173219713640,,0.004476860899311031,paired_bootstrap_ddof1
Pendulum-v1,last-state,10,3.5__Pendulum-v1__last-state__H10,10,10,theta_from_state_value,delta_theta,10,100.0,nrmse,0.0023330350704383078,0.0003762501270841529,,,,,1000,5672524876564751747,3.141592653589793,0.002300369991418008,paired_bootstrap_ddof1
Pendulum-v1,last-state,10,3.5__Pendulum-v1__last-state__H10,10,10,theta_from_state_value,delta_theta,10,100.0,pearson,-0.11067273451288355,,,,,,1000,5672524876564751747,3.141592653589793,,
Pendulum-v1,last-state,10,3.5__Pendulum-v1__last-state__H10,10,10,theta_from_state_value,delta_theta,10,100.0,cosine,-0.06427716069640413,,,,,,1000,5672524876564751747,3.141592653589793,,
Pendulum-v1,last-state,10,3.5__Pendulum-v1__last-state__H10,10,10,state_delta,cos(theta),10,100.0,nrmse,0.00019290312260937894,8.291633844612733e-05,,,,,1000,10460999068114156324,2,0.00017399302485717066,paired_bootstrap_ddof1
Pendulum-v1,last-state,10,3.5__Pendulum-v1__last-state__H10,10,10,state_delta,cos(theta),10,100.0,pearson,0.47880691907643924,,,,,,1000,10460999068114156324,2,,
Pendulum-v1,last-state,10,3.5__Pendulum-v1__last-state__H10,10,10,state_delta,cos(theta),10,100.0,cosine,0.463576934209167,,,,,,1000,10460999068114156324,2,,
Pendulum-v1,last-state,10,3.5__Pendulum-v1__last-state__H10,10,10,state_delta,sin(theta),10,100.0,nrmse,0.0033268070157138918,0.0005259544173550644,,,,,1000,10460999068114156324,2,0.003293790654126712,paired_bootstrap_ddof1
Pendulum-v1,last-state,10,3.5__Pendulum-v1__last-state__H10,10,10,state_delta,sin(theta),10,100.0,pearson,0.40389792711484057,,,,,,1000,10460999068114156324,2,,
Pendulum-v1,last-state,10,3.5__Pendulum-v1__last-state__H10,10,10,state_delta,sin(theta),10,100.0,cosine,0.4096145387874713,,,,,,1000,10460999068114156324,2,,
Pendulum-v1,last-state,10,3.5__Pendulum-v1__last-state__H10,10,10,state_delta,angular_velocity,10,100.0,nrmse,0.007707831933494699,0.0014000938575012745,,,,,1000,10460999068114156324,16,0.007644628762631793,paired_bootstrap_ddof1
Pendulum-v1,last-state,10,3.5__Pendulum-v1__last-state__H10,10,10,state_delta,angular_velocity,10,100.0,pearson,0.6814056221147261,,,,,,1000,10460999068114156324,16,,
Pendulum-v1,last-state,10,3.5__Pendulum-v1__last-state__H10,10,10,state_delta,angular_velocity,10,100.0,cosine,0.6827686888501261,,,,,,1000,10460999068114156324,16,,
Pendulum-v1,last-state,10,3.5__Pendulum-v1__last-state__H10,10,10,state_delta,macro,10,100.0,macro_nrmse,0.0037425140239393234,0.00055528072514029,,,,,1000,10460999068114156324,,0.0037041374805385574,paired_bootstrap_ddof1
Pendulum-v1,last-state,10,3.5__Pendulum-v1__last-state__H10,10,10,theta_from_state_delta,delta_theta,10,100.0,nrmse,0.002115786692210623,0.0003160802460182705,,,,,1000,17685932021342431327,3.141592653589793,0.0020926766282334465,paired_bootstrap_ddof1
Pendulum-v1,last-state,10,3.5__Pendulum-v1__last-state__H10,10,10,theta_from_state_delta,delta_theta,10,100.0,pearson,0.4062436490287556,,,,,,1000,17685932021342431327,3.141592653589793,,
Pendulum-v1,last-state,10,3.5__Pendulum-v1__last-state__H10,10,10,theta_from_state_delta,delta_theta,10,100.0,cosine,0.4116341909216959,,,,,,1000,17685932021342431327,3.141592653589793,,
Pendulum-v1,last-state,10,3.5__Pendulum-v1__last-state__H10,20,20,state_value,cos(theta),19,95.0,nrmse,0.0001378895813324888,1.7301426453476826e-05,,,,,1000,5741144324027408977,2,0.00013709908147378763,paired_bootstrap_ddof1
Pendulum-v1,last-state,10,3.5__Pendulum-v1__last-state__H10,20,20,state_value,cos(theta),19,95.0,pearson,0.7584938958441316,,,,,,1000,5741144324027408977,2,,
Pendulum-v1,last-state,10,3.5__Pendulum-v1__last-state__H10,20,20,state_value,cos(theta),19,95.0,cosine,0.9999999637146068,,,,,,1000,5741144324027408977,2,,
Pendulum-v1,last-state,10,3.5__Pendulum-v1__last-state__H10,20,20,state_value,sin(theta),19,95.0,nrmse,0.003201028017489973,0.0003972607507221885,,,,,1000,5741144324027408977,2,0.003165277849899393,paired_bootstrap_ddof1
Pendulum-v1,last-state,10,3.5__Pendulum-v1__last-state__H10,20,20,state_value,sin(theta),19,95.0,pearson,0.8756224314077966,,,,,,1000,5741144324027408977,2,,
Pendulum-v1,last-state,10,3.5__Pendulum-v1__last-state__H10,20,20,state_value,sin(theta),19,95.0,cosine,0.9900210751361976,,,,,,1000,5741144324027408977,2,,
Pendulum-v1,last-state,10,3.5__Pendulum-v1__last-state__H10,20,20,state_value,angular_velocity,19,95.0,nrmse,0.010589278185972648,0.001187016558408458,,,,,1000,5741144324027408977,16,0.010498891294763555,paired_bootstrap_ddof1
Pendulum-v1,last-state,10,3.5__Pendulum-v1__last-state__H10,20,20,state_value,angular_velocity,19,95.0,pearson,-0.1480344836663577,,,,,,1000,5741144324027408977,16,,
Pendulum-v1,last-state,10,3.5__Pendulum-v1__last-state__H10,20,20,state_value,angular_velocity,19,95.0,cosine,-0.12348729502798406,,,,,,1000,5741144324027408977,16,,
Pendulum-v1,last-state,10,3.5__Pendulum-v1__last-state__H10,20,20,state_value,macro,19,95.0,macro_nrmse,0.004642731928265036,0.0004991479410687183,,,,,1000,5741144324027408977,,0.0046004227420455785,paired_bootstrap_ddof1
Pendulum-v1,last-state,10,3.5__Pendulum-v1__last-state__H10,20,20,theta_from_state_value,delta_theta,19,95.0,nrmse,0.0020389861012831694,0.0002563392482688397,,,,,1000,7029405292382350718,3.141592653589793,0.002034651231870737,paired_bootstrap_ddof1
Pendulum-v1,last-state,10,3.5__Pendulum-v1__last-state__H10,20,20,theta_from_state_value,delta_theta,19,95.0,pearson,-0.14187902702072905,,,,,,1000,7029405292382350718,3.141592653589793,,
Pendulum-v1,last-state,10,3.5__Pendulum-v1__last-state__H10,20,20,theta_from_state_value,delta_theta,19,95.0,cosine,-0.05642480494362305,,,,,,1000,7029405292382350718,3.141592653589793,,
Pendulum-v1,last-state,10,3.5__Pendulum-v1__last-state__H10,20,20,state_delta,cos(theta),19,95.0,nrmse,0.011414539980340383,0.006997511179142449,,,,,1000,14561890187565814405,2,0.008500414792238292,paired_bootstrap_ddof1
Pendulum-v1,last-state,10,3.5__Pendulum-v1__last-state__H10,20,20,state_delta,cos(theta),19,95.0,pearson,0.09054564103618232,,,,,,1000,14561890187565814405,2,,
Pendulum-v1,last-state,10,3.5__Pendulum-v1__last-state__H10,20,20,state_delta,cos(theta),19,95.0,cosine,0.006007113744811555,,,,,,1000,14561890187565814405,2,,
Pendulum-v1,last-state,10,3.5__Pendulum-v1__last-state__H10,20,20,state_delta,sin(theta),19,95.0,nrmse,0.0028555050024698767,0.00036994947183648417,,,,,1000,14561890187565814405,2,0.002852592489200313,paired_bootstrap_ddof1
Pendulum-v1,last-state,10,3.5__Pendulum-v1__last-state__H10,20,20,state_delta,sin(theta),19,95.0,pearson,0.29405438295696273,,,,,,1000,14561890187565814405,2,,
Pendulum-v1,last-state,10,3.5__Pendulum-v1__last-state__H10,20,20,state_delta,sin(theta),19,95.0,cosine,0.4291831182034247,,,,,,1000,14561890187565814405,2,,
Pendulum-v1,last-state,10,3.5__Pendulum-v1__last-state__H10,20,20,state_delta,angular_velocity,19,95.0,nrmse,0.009331726772266834,0.0010785637499387086,,,,,1000,14561890187565814405,16,0.009350054798415627,paired_bootstrap_ddof1
Pendulum-v1,last-state,10,3.5__Pendulum-v1__last-state__H10,20,20,state_delta,angular_velocity,19,95.0,pearson,0.5192676571684245,,,,,,1000,14561890187565814405,16,,
Pendulum-v1,last-state,10,3.5__Pendulum-v1__last-state__H10,20,20,state_delta,angular_velocity,19,95.0,cosine,0.5283664528902048,,,,,,1000,14561890187565814405,16,,
Pendulum-v1,last-state,10,3.5__Pendulum-v1__last-state__H10,20,20,state_delta,macro,19,95.0,macro_nrmse,0.007867257251692364,0.002293657446769838,,,,,1000,14561890187565814405,,0.00690102069328474,paired_bootstrap_ddof1
Pendulum-v1,last-state,10,3.5__Pendulum-v1__last-state__H10,20,20,theta_from_state_delta,delta_theta,19,95.0,nrmse,0.001844007890534336,0.00022183653741333385,,,,,1000,16770493191028521236,3.141592653589793,0.0018172868662729648,paired_bootstrap_ddof1
Pendulum-v1,last-state,10,3.5__Pendulum-v1__last-state__H10,20,20,theta_from_state_delta,delta_theta,19,95.0,pearson,0.3087521479774311,,,,,,1000,16770493191028521236,3.141592653589793,,
Pendulum-v1,last-state,10,3.5__Pendulum-v1__last-state__H10,20,20,theta_from_state_delta,delta_theta,19,95.0,cosine,0.4143570740682533,,,,,,1000,16770493191028521236,3.141592653589793,,
Pendulum-v1,last-state,10,3.5__Pendulum-v1__last-state__H10,30,30,state_value,cos(theta),29,96.66666666666667,nrmse,0.0001617857558820947,2.353760044191826e-05,,,,,1000,15655624865798149384,2,0.00016028973025592784,paired_bootstrap_ddof1
Pendulum-v1,last-state,10,3.5__Pendulum-v1__last-state__H10,30,30,state_value,cos(theta),29,96.66666666666667,pearson,0.7228950790747725,,,,,,1000,15655624865798149384,2,,
Pendulum-v1,last-state,10,3.5__Pendulum-v1__last-state__H10,30,30,state_value,cos(theta),29,96.66666666666667,cosine,0.9999999491217135,,,,,,1000,15655624865798149384,2,,
Pendulum-v1,last-state,10,3.5__Pendulum-v1__last-state__H10,30,30,state_value,sin(theta),29,96.66666666666667,nrmse,0.0039265550562099,0.0006227935068589239,,,,,1000,15655624865798149384,2,0.0038869621381185365,paired_bootstrap_ddof1
Pendulum-v1,last-state,10,3.5__Pendulum-v1__last-state__H10,30,30,state_value,sin(theta),29,96.66666666666667,pearson,0.9368002783056477,,,,,,1000,15655624865798149384,2,,
Pendulum-v1,last-state,10,3.5__Pendulum-v1__last-state__H10,30,30,state_value,sin(theta),29,96.66666666666667,cosine,0.9829526859683925,,,,,,1000,15655624865798149384,2,,
Pendulum-v1,last-state,10,3.5__Pendulum-v1__last-state__H10,30,30,state_value,angular_velocity,29,96.66666666666667,nrmse,0.010942130302605713,0.0009763201940344462,,,,,1000,15655624865798149384,16,0.010934756720094417,paired_bootstrap_ddof1
Pendulum-v1,last-state,10,3.5__Pendulum-v1__last-state__H10,30,30,state_value,angular_velocity,29,96.66666666666667,pearson,0.41088290840858016,,,,,,1000,15655624865798149384,16,,
Pendulum-v1,last-state,10,3.5__Pendulum-v1__last-state__H10,30,30,state_value,angular_velocity,29,96.66666666666667,cosine,0.5051235245717224,,,,,,1000,15655624865798149384,16,,
Pendulum-v1,last-state,10,3.5__Pendulum-v1__last-state__H10,30,30,state_value,macro,29,96.66666666666667,macro_nrmse,0.005010157038232569,0.0004607221844852372,,,,,1000,15655624865798149384,,0.004994002862822949,paired_bootstrap_ddof1
Pendulum-v1,last-state,10,3.5__Pendulum-v1__last-state__H10,30,30,theta_from_state_value,delta_theta,29,96.66666666666667,nrmse,0.002501213449581922,0.0004020899402660906,,,,,1000,11525266717769809438,3.141592653589793,0.002474513393441972,paired_bootstrap_ddof1
Pendulum-v1,last-state,10,3.5__Pendulum-v1__last-state__H10,30,30,theta_from_state_value,delta_theta,29,96.66666666666667,pearson,0.41685942011906174,,,,,,1000,11525266717769809438,3.141592653589793,,
Pendulum-v1,last-state,10,3.5__Pendulum-v1__last-state__H10,30,30,theta_from_state_value,delta_theta,29,96.66666666666667,cosine,0.4896303120424955,,,,,,1000,11525266717769809438,3.141592653589793,,
Pendulum-v1,last-state,10,3.5__Pendulum-v1__last-state__H10,30,30,state_delta,cos(theta),26,86.66666666666667,nrmse,0.009758468936844539,0.006173771730300256,,,,,1000,6963564387471750921,2,0.007509279185206733,paired_bootstrap_ddof1
Pendulum-v1,last-state,10,3.5__Pendulum-v1__last-state__H10,30,30,state_delta,cos(theta),26,86.66666666666667,pearson,0.0496406587620895,,,,,,1000,6963564387471750921,2,,
Pendulum-v1,last-state,10,3.5__Pendulum-v1__last-state__H10,30,30,state_delta,cos(theta),26,86.66666666666667,cosine,0.007716221769430366,,,,,,1000,6963564387471750921,2,,
Pendulum-v1,last-state,10,3.5__Pendulum-v1__last-state__H10,30,30,state_delta,sin(theta),26,86.66666666666667,nrmse,0.004009647883884395,0.0006916946148635654,,,,,1000,6963564387471750921,2,0.0039402649313252745,paired_bootstrap_ddof1
Pendulum-v1,last-state,10,3.5__Pendulum-v1__last-state__H10,30,30,state_delta,sin(theta),26,86.66666666666667,pearson,0.4781424340291485,,,,,,1000,6963564387471750921,2,,
Pendulum-v1,last-state,10,3.5__Pendulum-v1__last-state__H10,30,30,state_delta,sin(theta),26,86.66666666666667,cosine,0.5718501016474878,,,,,,1000,6963564387471750921,2,,
Pendulum-v1,last-state,10,3.5__Pendulum-v1__last-state__H10,30,30,state_delta,angular_velocity,26,86.66666666666667,nrmse,0.010057989368756536,0.000984749285697628,,,,,1000,6963564387471750921,16,0.010024680927130238,paired_bootstrap_ddof1
Pendulum-v1,last-state,10,3.5__Pendulum-v1__last-state__H10,30,30,state_delta,angular_velocity,26,86.66666666666667,pearson,0.4656983428105561,,,,,,1000,6963564387471750921,16,,
Pendulum-v1,last-state,10,3.5__Pendulum-v1__last-state__H10,30,30,state_delta,angular_velocity,26,86.66666666666667,cosine,0.45157575614652984,,,,,,1000,6963564387471750921,16,,
Pendulum-v1,last-state,10,3.5__Pendulum-v1__last-state__H10,30,30,state_delta,macro,26,86.66666666666667,macro_nrmse,0.007942035396495156,0.0020089882619519052,,,,,1000,6963564387471750921,,0.007158075014554077,paired_bootstrap_ddof1
Pendulum-v1,last-state,10,3.5__Pendulum-v1__last-state__H10,30,30,theta_from_state_delta,delta_theta,26,86.66666666666667,nrmse,0.0025671742248316535,0.0004329953594707767,,,,,1000,2539963826797681480,3.141592653589793,0.0025199442667354715,paired_bootstrap_ddof1
Pendulum-v1,last-state,10,3.5__Pendulum-v1__last-state__H10,30,30,theta_from_state_delta,delta_theta,26,86.66666666666667,pearson,0.4803774391148221,,,,,,1000,2539963826797681480,3.141592653589793,,
Pendulum-v1,last-state,10,3.5__Pendulum-v1__last-state__H10,30,30,theta_from_state_delta,delta_theta,26,86.66666666666667,cosine,0.5698765219633093,,,,,,1000,2539963826797681480,3.141592653589793,,
Pendulum-v1,last-state,20,3.5__Pendulum-v1__last-state__H20,10,10,state_value,cos(theta),10,100.0,nrmse,0.00013480621369910944,2.6939719382471355e-05,,,,,1000,14145245506194656758,2,0.00013299524506760806,paired_bootstrap_ddof1
Pendulum-v1,last-state,20,3.5__Pendulum-v1__last-state__H20,10,10,state_value,cos(theta),10,100.0,pearson,0.010144272472950475,,,,,,1000,14145245506194656758,2,,
Pendulum-v1,last-state,20,3.5__Pendulum-v1__last-state__H20,10,10,state_value,cos(theta),10,100.0,cosine,0.9999999636675979,,,,,,1000,14145245506194656758,2,,
Pendulum-v1,last-state,20,3.5__Pendulum-v1__last-state__H20,10,10,state_value,sin(theta),10,100.0,nrmse,0.0026851744922117304,0.0006276972527365866,,,,,1000,14145245506194656758,2,0.0026371631359398888,paired_bootstrap_ddof1
Pendulum-v1,last-state,20,3.5__Pendulum-v1__last-state__H20,10,10,state_value,sin(theta),10,100.0,pearson,0.2162579414685607,,,,,,1000,14145245506194656758,2,,
Pendulum-v1,last-state,20,3.5__Pendulum-v1__last-state__H20,10,10,state_value,sin(theta),10,100.0,cosine,0.9933839166450463,,,,,,1000,14145245506194656758,2,,
Pendulum-v1,last-state,20,3.5__Pendulum-v1__last-state__H20,10,10,state_value,angular_velocity,10,100.0,nrmse,0.008883718491511653,0.0023009817634737505,,,,,1000,14145245506194656758,16,0.008650300259952866,paired_bootstrap_ddof1
Pendulum-v1,last-state,20,3.5__Pendulum-v1__last-state__H20,10,10,state_value,angular_velocity,10,100.0,pearson,-0.14771474657201966,,,,,,1000,14145245506194656758,16,,
Pendulum-v1,last-state,20,3.5__Pendulum-v1__last-state__H20,10,10,state_value,angular_velocity,10,100.0,cosine,-0.15194531072362433,,,,,,1000,14145245506194656758,16,,
Pendulum-v1,last-state,20,3.5__Pendulum-v1__last-state__H20,10,10,state_value,macro,10,100.0,macro_nrmse,0.0039012330658074975,0.0009678268925974714,,,,,1000,14145245506194656758,,0.0038068195469867887,paired_bootstrap_ddof1
Pendulum-v1,last-state,20,3.5__Pendulum-v1__last-state__H20,10,10,theta_from_state_value,delta_theta,10,100.0,nrmse,0.0017115075047583303,0.0003992542186500012,,,,,1000,5724545684710496878,3.141592653589793,0.0016517233966911993,paired_bootstrap_ddof1
Pendulum-v1,last-state,20,3.5__Pendulum-v1__last-state__H20,10,10,theta_from_state_value,delta_theta,10,100.0,pearson,0.3144283160762188,,,,,,1000,5724545684710496878,3.141592653589793,,
Pendulum-v1,last-state,20,3.5__Pendulum-v1__last-state__H20,10,10,theta_from_state_value,delta_theta,10,100.0,cosine,0.3249964004075528,,,,,,1000,5724545684710496878,3.141592653589793,,
Pendulum-v1,last-state,20,3.5__Pendulum-v1__last-state__H20,10,10,state_delta,cos(theta),9,90.0,nrmse,8.153085861898177e-05,1.3671275408679672e-05,,,,,1000,7243320625863378304,2,7.99392795340875e-05,paired_bootstrap_ddof1
Pendulum-v1,last-state,20,3.5__Pendulum-v1__last-state__H20,10,10,state_delta,cos(theta),9,90.0,pearson,0.8696282452791909,,,,,,1000,7243320625863378304,2,,
Pendulum-v1,last-state,20,3.5__Pendulum-v1__last-state__H20,10,10,state_delta,cos(theta),9,90.0,cosine,0.784285756607661,,,,,,1000,7243320625863378304,2,,
Pendulum-v1,last-state,20,3.5__Pendulum-v1__last-state__H20,10,10,state_delta,sin(theta),9,90.0,nrmse,0.0033505835854775725,0.0007815133745568687,,,,,1000,7243320625863378304,2,0.0032286099913352777,paired_bootstrap_ddof1
Pendulum-v1,last-state,20,3.5__Pendulum-v1__last-state__H20,10,10,state_delta,sin(theta),9,90.0,pearson,-0.10203763713098143,,,,,,1000,7243320625863378304,2,,
Pendulum-v1,last-state,20,3.5__Pendulum-v1__last-state__H20,10,10,state_delta,sin(theta),9,90.0,cosine,-0.1033666271202327,,,,,,1000,7243320625863378304,2,,
Pendulum-v1,last-state,20,3.5__Pendulum-v1__last-state__H20,10,10,state_delta,angular_velocity,9,90.0,nrmse,0.00661914344102792,0.001565555404671307,,,,,1000,7243320625863378304,16,0.00637330436294119,paired_bootstrap_ddof1
Pendulum-v1,last-state,20,3.5__Pendulum-v1__last-state__H20,10,10,state_delta,angular_velocity,9,90.0,pearson,0.8284742010371657,,,,,,1000,7243320625863378304,16,,
Pendulum-v1,last-state,20,3.5__Pendulum-v1__last-state__H20,10,10,state_delta,angular_velocity,9,90.0,cosine,0.8272611240002054,,,,,,1000,7243320625863378304,16,,
Pendulum-v1,last-state,20,3.5__Pendulum-v1__last-state__H20,10,10,state_delta,macro,9,90.0,macro_nrmse,0.0033504192950414916,0.0006958451134812613,,,,,1000,7243320625863378304,,0.0032272845446035215,paired_bootstrap_ddof1
Pendulum-v1,last-state,20,3.5__Pendulum-v1__last-state__H20,10,10,theta_from_state_delta,delta_theta,9,90.0,nrmse,0.0021317212354261808,0.00048597198745228983,,,,,1000,2118733234342317166,3.141592653589793,0.0020807306507347164,paired_bootstrap_ddof1
Pendulum-v1,last-state,20,3.5__Pendulum-v1__last-state__H20,10,10,theta_from_state_delta,delta_theta,9,90.0,pearson,-0.09934945374813958,,,,,,1000,2118733234342317166,3.141592653589793,,
Pendulum-v1,last-state,20,3.5__Pendulum-v1__last-state__H20,10,10,theta_from_state_delta,delta_theta,9,90.0,cosine,-0.10081757236510547,,,,,,1000,2118733234342317166,3.141592653589793,,
Pendulum-v1,last-state,20,3.5__Pendulum-v1__last-state__H20,20,20,state_value,cos(theta),19,95.0,nrmse,0.0001180488316992916,1.7170315368374915e-05,,,,,1000,853379788568798505,2,0.00011739319999435107,paired_bootstrap_ddof1
Pendulum-v1,last-state,20,3.5__Pendulum-v1__last-state__H20,20,20,state_value,cos(theta),19,95.0,pearson,0.16506870085531597,,,,,,1000,853379788568798505,2,,
Pendulum-v1,last-state,20,3.5__Pendulum-v1__last-state__H20,20,20,state_value,cos(theta),19,95.0,cosine,0.9999999726801179,,,,,,1000,853379788568798505,2,,
Pendulum-v1,last-state,20,3.5__Pendulum-v1__last-state__H20,20,20,state_value,sin(theta),19,95.0,nrmse,0.0025089366394304108,0.00037979537296557335,,,,,1000,853379788568798505,2,0.0024907341157383404,paired_bootstrap_ddof1
Pendulum-v1,last-state,20,3.5__Pendulum-v1__last-state__H20,20,20,state_value,sin(theta),19,95.0,pearson,0.2207925381466777,,,,,,1000,853379788568798505,2,,
Pendulum-v1,last-state,20,3.5__Pendulum-v1__last-state__H20,20,20,state_value,sin(theta),19,95.0,cosine,0.9943091650161829,,,,,,1000,853379788568798505,2,,
Pendulum-v1,last-state,20,3.5__Pendulum-v1__last-state__H20,20,20,state_value,angular_velocity,19,95.0,nrmse,0.009542389083393728,0.001395933897859872,,,,,1000,853379788568798505,16,0.009450161976726977,paired_bootstrap_ddof1
Pendulum-v1,last-state,20,3.5__Pendulum-v1__last-state__H20,20,20,state_value,angular_velocity,19,95.0,pearson,-0.2954844658003309,,,,,,1000,853379788568798505,16,,
Pendulum-v1,last-state,20,3.5__Pendulum-v1__last-state__H20,20,20,state_value,angular_velocity,19,95.0,cosine,-0.30425375908511837,,,,,,1000,853379788568798505,16,,
Pendulum-v1,last-state,20,3.5__Pendulum-v1__last-state__H20,20,20,state_value,macro,19,95.0,macro_nrmse,0.004056458184841144,0.0005749763375804592,,,,,1000,853379788568798505,,0.00401942976415323,paired_bootstrap_ddof1
Pendulum-v1,last-state,20,3.5__Pendulum-v1__last-state__H20,20,20,theta_from_state_value,delta_theta,19,95.0,nrmse,0.001598934600587526,0.0002381992834433531,,,,,1000,9774511993995256292,3.141592653589793,0.0015712325723227388,paired_bootstrap_ddof1
Pendulum-v1,last-state,20,3.5__Pendulum-v1__last-state__H20,20,20,theta_from_state_value,delta_theta,19,95.0,pearson,0.4260878383532615,,,,,,1000,9774511993995256292,3.141592653589793,,
Pendulum-v1,last-state,20,3.5__Pendulum-v1__last-state__H20,20,20,theta_from_state_value,delta_theta,19,95.0,cosine,0.4380943798183938,,,,,,1000,9774511993995256292,3.141592653589793,,
Pendulum-v1,last-state,20,3.5__Pendulum-v1__last-state__H20,20,20,state_delta,cos(theta),17,85.0,nrmse,0.012042277858780337,0.007328347028860496,,,,,1000,15707454978488240039,2,0.009528131299883561,paired_bootstrap_ddof1
Pendulum-v1,last-state,20,3.5__Pendulum-v1__last-state__H20,20,20,state_delta,cos(theta),17,85.0,pearson,0.04588367162830615,,,,,,1000,15707454978488240039,2,,
Pendulum-v1,last-state,20,3.5__Pendulum-v1__last-state__H20,20,20,state_delta,cos(theta),17,85.0,cosine,0.005525918995523878,,,,,,1000,15707454978488240039,2,,
Pendulum-v1,last-state,20,3.5__Pendulum-v1__last-state__H20,20,20,state_delta,sin(theta),17,85.0,nrmse,0.0028887301242823604,0.0005150747456972711,,,,,1000,15707454978488240039,2,0.0028300574535644117,paired_bootstrap_ddof1
Pendulum-v1,last-state,20,3.5__Pendulum-v1__last-state__H20,20,20,state_delta,sin(theta),17,85.0,pearson,0.13390236435474775,,,,,,1000,15707454978488240039,2,,
Pendulum-v1,last-state,20,3.5__Pendulum-v1__last-state__H20,20,20,state_delta,sin(theta),17,85.0,cosine,0.14462036523268063,,,,,,1000,15707454978488240039,2,,
Pendulum-v1,last-state,20,3.5__Pendulum-v1__last-state__H20,20,20,state_delta,angular_velocity,17,85.0,nrmse,0.008583796184034351,0.0013772677544260136,,,,,1000,15707454978488240039,16,0.008425652662482797,paired_bootstrap_ddof1
Pendulum-v1,last-state,20,3.5__Pendulum-v1__last-state__H20,20,20,state_delta,angular_velocity,17,85.0,pearson,0.4233507602585608,,,,,,1000,15707454978488240039,16,,
Pendulum-v1,last-state,20,3.5__Pendulum-v1__last-state__H20,20,20,state_delta,angular_velocity,17,85.0,cosine,0.364864693758146,,,,,,1000,15707454978488240039,16,,
Pendulum-v1,last-state,20,3.5__Pendulum-v1__last-state__H20,20,20,state_delta,macro,17,85.0,macro_nrmse,0.007838268055699016,0.0023850276429666813,,,,,1000,15707454978488240039,,0.006927947138643591,paired_bootstrap_ddof1
Pendulum-v1,last-state,20,3.5__Pendulum-v1__last-state__H20,20,20,theta_from_state_delta,delta_theta,17,85.0,nrmse,0.0019003475622042468,0.0003022915649934628,,,,,1000,6772738965987813600,3.141592653589793,0.0018711293422880222,paired_bootstrap_ddof1
Pendulum-v1,last-state,20,3.5__Pendulum-v1__last-state__H20,20,20,theta_from_state_delta,delta_theta,17,85.0,pearson,0.13783416002361149,,,,,,1000,6772738965987813600,3.141592653589793,,
Pendulum-v1,last-state,20,3.5__Pendulum-v1__last-state__H20,20,20,theta_from_state_delta,delta_theta,17,85.0,cosine,0.13215494861757493,,,,,,1000,6772738965987813600,3.141592653589793,,
Pendulum-v1,last-state,20,3.5__Pendulum-v1__last-state__H20,30,30,state_value,cos(theta),27,90.0,nrmse,0.00011563796011063495,1.4577094653487122e-05,,,,,1000,11617670694591764147,2,0.00011535341372422311,paired_bootstrap_ddof1
Pendulum-v1,last-state,20,3.5__Pendulum-v1__last-state__H20,30,30,state_value,cos(theta),27,90.0,pearson,0.3634596719621165,,,,,,1000,11617670694591764147,2,,
Pendulum-v1,last-state,20,3.5__Pendulum-v1__last-state__H20,30,30,state_value,cos(theta),27,90.0,cosine,0.9999999736814014,,,,,,1000,11617670694591764147,2,,
Pendulum-v1,last-state,20,3.5__Pendulum-v1__last-state__H20,30,30,state_value,sin(theta),27,90.0,nrmse,0.0022713602096147037,0.00031298704624651327,,,,,1000,11617670694591764147,2,0.0022661873722683874,paired_bootstrap_ddof1
Pendulum-v1,last-state,20,3.5__Pendulum-v1__last-state__H20,30,30,state_value,sin(theta),27,90.0,pearson,0.5182453666876163,,,,,,1000,11617670694591764147,2,,
Pendulum-v1,last-state,20,3.5__Pendulum-v1__last-state__H20,30,30,state_value,sin(theta),27,90.0,cosine,0.9952844299559691,,,,,,1000,11617670694591764147,2,,
Pendulum-v1,last-state,20,3.5__Pendulum-v1__last-state__H20,30,30,state_value,angular_velocity,27,90.0,nrmse,0.009746771140886571,0.0010346709973787368,,,,,1000,11617670694591764147,16,0.009762718924078496,paired_bootstrap_ddof1
Pendulum-v1,last-state,20,3.5__Pendulum-v1__last-state__H20,30,30,state_value,angular_velocity,27,90.0,pearson,-0.3142565656951097,,,,,,1000,11617670694591764147,16,,
Pendulum-v1,last-state,20,3.5__Pendulum-v1__last-state__H20,30,30,state_value,angular_velocity,27,90.0,cosine,-0.29956339387957687,,,,,,1000,11617670694591764147,16,,
Pendulum-v1,last-state,20,3.5__Pendulum-v1__last-state__H20,30,30,state_value,macro,27,90.0,macro_nrmse,0.00404458977020397,0.0004261606658540135,,,,,1000,11617670694591764147,,0.0040480865700236995,paired_bootstrap_ddof1
Pendulum-v1,last-state,20,3.5__Pendulum-v1__last-state__H20,30,30,theta_from_state_value,delta_theta,27,90.0,nrmse,0.001447688791369303,0.00019339972231121255,,,,,1000,5794276348866425283,3.141592653589793,0.0014392157377968228,paired_bootstrap_ddof1
Pendulum-v1,last-state,20,3.5__Pendulum-v1__last-state__H20,30,30,theta_from_state_value,delta_theta,27,90.0,pearson,0.47728657804826047,,,,,,1000,5794276348866425283,3.141592653589793,,
Pendulum-v1,last-state,20,3.5__Pendulum-v1__last-state__H20,30,30,theta_from_state_value,delta_theta,27,90.0,cosine,0.4702743370912898,,,,,,1000,5794276348866425283,3.141592653589793,,
Pendulum-v1,last-state,20,3.5__Pendulum-v1__last-state__H20,30,30,state_delta,cos(theta),22,73.33333333333333,nrmse,0.010585809729823082,0.006620037039095826,,,,,1000,4710433648261457924,2,0.008153869772508803,paired_bootstrap_ddof1
Pendulum-v1,last-state,20,3.5__Pendulum-v1__last-state__H20,30,30,state_delta,cos(theta),22,73.33333333333333,pearson,0.011303102892908564,,,,,,1000,4710433648261457924,2,,
Pendulum-v1,last-state,20,3.5__Pendulum-v1__last-state__H20,30,30,state_delta,cos(theta),22,73.33333333333333,cosine,0.006338177282771358,,,,,,1000,4710433648261457924,2,,
Pendulum-v1,last-state,20,3.5__Pendulum-v1__last-state__H20,30,30,state_delta,sin(theta),22,73.33333333333333,nrmse,0.002691872486007635,0.00042673821092111046,,,,,1000,4710433648261457924,2,0.002658276757503333,paired_bootstrap_ddof1
Pendulum-v1,last-state,20,3.5__Pendulum-v1__last-state__H20,30,30,state_delta,sin(theta),22,73.33333333333333,pearson,0.3250067782672685,,,,,,1000,4710433648261457924,2,,
Pendulum-v1,last-state,20,3.5__Pendulum-v1__last-state__H20,30,30,state_delta,sin(theta),22,73.33333333333333,cosine,0.32251528649382594,,,,,,1000,4710433648261457924,2,,
Pendulum-v1,last-state,20,3.5__Pendulum-v1__last-state__H20,30,30,state_delta,angular_velocity,22,73.33333333333333,nrmse,0.008975297706653413,0.001097784173120163,,,,,1000,4710433648261457924,16,0.008887852365590166,paired_bootstrap_ddof1
Pendulum-v1,last-state,20,3.5__Pendulum-v1__last-state__H20,30,30,state_delta,angular_velocity,22,73.33333333333333,pearson,0.29855397384630716,,,,,,1000,4710433648261457924,16,,
Pendulum-v1,last-state,20,3.5__Pendulum-v1__last-state__H20,30,30,state_delta,angular_velocity,22,73.33333333333333,cosine,0.276969328929391,,,,,,1000,4710433648261457924,16,,
Pendulum-v1,last-state,20,3.5__Pendulum-v1__last-state__H20,30,30,state_delta,macro,22,73.33333333333333,macro_nrmse,0.007417659974161377,0.0021600394300042335,,,,,1000,4710433648261457924,,0.006566666298534102,paired_bootstrap_ddof1
Pendulum-v1,last-state,20,3.5__Pendulum-v1__last-state__H20,30,30,theta_from_state_delta,delta_theta,22,73.33333333333333,nrmse,0.0017647675085181035,0.0002555930769308406,,,,,1000,3039925329517477427,3.141592653589793,0.0017571243500960263,paired_bootstrap_ddof1
Pendulum-v1,last-state,20,3.5__Pendulum-v1__last-state__H20,30,30,theta_from_state_delta,delta_theta,22,73.33333333333333,pearson,0.310168248678587,,,,,,1000,3039925329517477427,3.141592653589793,,
Pendulum-v1,last-state,20,3.5__Pendulum-v1__last-state__H20,30,30,theta_from_state_delta,delta_theta,22,73.33333333333333,cosine,0.30495062051672595,,,,,,1000,3039925329517477427,3.141592653589793,,
Pendulum-v1,last-state,30,3.5__Pendulum-v1__last-state__H30,10,10,state_value,cos(theta),9,90.0,nrmse,0.0001386045852633296,2.110536070233606e-05,,,,,1000,4144804749898483476,2,0.0001379092959258382,paired_bootstrap_ddof1
Pendulum-v1,last-state,30,3.5__Pendulum-v1__last-state__H30,10,10,state_value,cos(theta),9,90.0,pearson,0.19029349807195756,,,,,,1000,4144804749898483476,2,,
Pendulum-v1,last-state,30,3.5__Pendulum-v1__last-state__H30,10,10,state_value,cos(theta),9,90.0,cosine,0.9999999650618574,,,,,,1000,4144804749898483476,2,,
Pendulum-v1,last-state,30,3.5__Pendulum-v1__last-state__H30,10,10,state_value,sin(theta),9,90.0,nrmse,0.00224650812101125,0.0002697798741247869,,,,,1000,4144804749898483476,2,0.00224196799683772,paired_bootstrap_ddof1
Pendulum-v1,last-state,30,3.5__Pendulum-v1__last-state__H30,10,10,state_value,sin(theta),9,90.0,pearson,0.5547284484350898,,,,,,1000,4144804749898483476,2,,
Pendulum-v1,last-state,30,3.5__Pendulum-v1__last-state__H30,10,10,state_value,sin(theta),9,90.0,cosine,0.9958430887291292,,,,,,1000,4144804749898483476,2,,
Pendulum-v1,last-state,30,3.5__Pendulum-v1__last-state__H30,10,10,state_value,angular_velocity,9,90.0,nrmse,0.008412390772541474,0.0018767138114488134,,,,,1000,4144804749898483476,16,0.008160784979892909,paired_bootstrap_ddof1
Pendulum-v1,last-state,30,3.5__Pendulum-v1__last-state__H30,10,10,state_value,angular_velocity,9,90.0,pearson,-0.14483317848406085,,,,,,1000,4144804749898483476,16,,
Pendulum-v1,last-state,30,3.5__Pendulum-v1__last-state__H30,10,10,state_value,angular_velocity,9,90.0,cosine,-0.15774532570505542,,,,,,1000,4144804749898483476,16,,
Pendulum-v1,last-state,30,3.5__Pendulum-v1__last-state__H30,10,10,state_value,macro,9,90.0,macro_nrmse,0.0035991678262720177,0.0006628591524502173,,,,,1000,4144804749898483476,,0.003513554090885492,paired_bootstrap_ddof1
Pendulum-v1,last-state,30,3.5__Pendulum-v1__last-state__H30,10,10,theta_from_state_value,delta_theta,9,90.0,nrmse,0.0014325678284707517,0.00017469191831371537,,,,,1000,3627965803909333369,3.141592653589793,0.0014175488661057724,paired_bootstrap_ddof1
Pendulum-v1,last-state,30,3.5__Pendulum-v1__last-state__H30,10,10,theta_from_state_value,delta_theta,9,90.0,pearson,-0.44470380265926185,,,,,,1000,3627965803909333369,3.141592653589793,,
Pendulum-v1,last-state,30,3.5__Pendulum-v1__last-state__H30,10,10,theta_from_state_value,delta_theta,9,90.0,cosine,-0.4579279172354909,,,,,,1000,3627965803909333369,3.141592653589793,,
Pendulum-v1,last-state,30,3.5__Pendulum-v1__last-state__H30,10,10,state_delta,cos(theta),8,80.0,nrmse,0.00011654026990221446,3.314073942964234e-05,,,,,1000,5209950780686736470,2,0.00011302607026282538,paired_bootstrap_ddof1
Pendulum-v1,last-state,30,3.5__Pendulum-v1__last-state__H30,10,10,state_delta,cos(theta),8,80.0,pearson,0.45498020396692573,,,,,,1000,5209950780686736470,2,,
Pendulum-v1,last-state,30,3.5__Pendulum-v1__last-state__H30,10,10,state_delta,cos(theta),8,80.0,cosine,0.35444530175792205,,,,,,1000,5209950780686736470,2,,
Pendulum-v1,last-state,30,3.5__Pendulum-v1__last-state__H30,10,10,state_delta,sin(theta),8,80.0,nrmse,0.0023948613299587846,0.0002540987719101177,,,,,1000,5209950780686736470,2,0.0024004744146153157,paired_bootstrap_ddof1
Pendulum-v1,last-state,30,3.5__Pendulum-v1__last-state__H30,10,10,state_delta,sin(theta),8,80.0,pearson,-0.09156125828259021,,,,,,1000,5209950780686736470,2,,
Pendulum-v1,last-state,30,3.5__Pendulum-v1__last-state__H30,10,10,state_delta,sin(theta),8,80.0,cosine,-0.20836422359110315,,,,,,1000,5209950780686736470,2,,
Pendulum-v1,last-state,30,3.5__Pendulum-v1__last-state__H30,10,10,state_delta,angular_velocity,8,80.0,nrmse,0.008712701489432926,0.0018690225681279244,,,,,1000,5209950780686736470,16,0.008532314667374339,paired_bootstrap_ddof1
Pendulum-v1,last-state,30,3.5__Pendulum-v1__last-state__H30,10,10,state_delta,angular_velocity,8,80.0,pearson,0.48252709554750595,,,,,,1000,5209950780686736470,16,,
Pendulum-v1,last-state,30,3.5__Pendulum-v1__last-state__H30,10,10,state_delta,angular_velocity,8,80.0,cosine,0.5234567525046726,,,,,,1000,5209950780686736470,16,,
Pendulum-v1,last-state,30,3.5__Pendulum-v1__last-state__H30,10,10,state_delta,macro,8,80.0,macro_nrmse,0.0037413676964313087,0.000646896253073672,,,,,1000,5209950780686736470,,0.003681938384084162,paired_bootstrap_ddof1
Pendulum-v1,last-state,30,3.5__Pendulum-v1__last-state__H30,10,10,theta_from_state_delta,delta_theta,8,80.0,nrmse,0.0015253654836884522,0.00016057418428697465,,,,,1000,9602184584441409415,3.141592653589793,0.0015147605168544817,paired_bootstrap_ddof1
Pendulum-v1,last-state,30,3.5__Pendulum-v1__last-state__H30,10,10,theta_from_state_delta,delta_theta,8,80.0,pearson,-0.0719917174770357,,,,,,1000,9602184584441409415,3.141592653589793,,
Pendulum-v1,last-state,30,3.5__Pendulum-v1__last-state__H30,10,10,theta_from_state_delta,delta_theta,8,80.0,cosine,-0.1953017106913211,,,,,,1000,9602184584441409415,3.141592653589793,,
Pendulum-v1,last-state,30,3.5__Pendulum-v1__last-state__H30,20,20,state_value,cos(theta),19,95.0,nrmse,0.00012117029067284829,1.2519027089896488e-05,,,,,1000,9151818800187982416,2,0.00012076571967425031,paired_bootstrap_ddof1
Pendulum-v1,last-state,30,3.5__Pendulum-v1__last-state__H30,20,20,state_value,cos(theta),19,95.0,pearson,0.5756556576395772,,,,,,1000,9151818800187982416,2,,
Pendulum-v1,last-state,30,3.5__Pendulum-v1__last-state__H30,20,20,state_value,cos(theta),19,95.0,cosine,0.9999999710615939,,,,,,1000,9151818800187982416,2,,
Pendulum-v1,last-state,30,3.5__Pendulum-v1__last-state__H30,20,20,state_value,sin(theta),19,95.0,nrmse,0.0023377208912833294,0.0001854523005203286,,,,,1000,9151818800187982416,2,0.002322121754549997,paired_bootstrap_ddof1
Pendulum-v1,last-state,30,3.5__Pendulum-v1__last-state__H30,20,20,state_value,sin(theta),19,95.0,pearson,0.7332107194227134,,,,,,1000,9151818800187982416,2,,
Pendulum-v1,last-state,30,3.5__Pendulum-v1__last-state__H30,20,20,state_value,sin(theta),19,95.0,cosine,0.994738601289229,,,,,,1000,9151818800187982416,2,,
Pendulum-v1,last-state,30,3.5__Pendulum-v1__last-state__H30,20,20,state_value,angular_velocity,19,95.0,nrmse,0.009422370815791871,0.001383444862132593,,,,,1000,9151818800187982416,16,0.009286521109179121,paired_bootstrap_ddof1
Pendulum-v1,last-state,30,3.5__Pendulum-v1__last-state__H30,20,20,state_value,angular_velocity,19,95.0,pearson,-0.19486683492243437,,,,,,1000,9151818800187982416,16,,
Pendulum-v1,last-state,30,3.5__Pendulum-v1__last-state__H30,20,20,state_value,angular_velocity,19,95.0,cosine,-0.18193798167003844,,,,,,1000,9151818800187982416,16,,
Pendulum-v1,last-state,30,3.5__Pendulum-v1__last-state__H30,20,20,state_value,macro,19,95.0,macro_nrmse,0.003960420665916016,0.00048818189688389096,,,,,1000,9151818800187982416,,0.0039098028611344576,paired_bootstrap_ddof1
Pendulum-v1,last-state,30,3.5__Pendulum-v1__last-state__H30,20,20,theta_from_state_value,delta_theta,19,95.0,nrmse,0.0014900803719178808,0.00012399709609404032,,,,,1000,8657903362533138428,3.141592653589793,0.001482643498707778,paired_bootstrap_ddof1
Pendulum-v1,last-state,30,3.5__Pendulum-v1__last-state__H30,20,20,theta_from_state_value,delta_theta,19,95.0,pearson,-0.2991643602696133,,,,,,1000,8657903362533138428,3.141592653589793,,
Pendulum-v1,last-state,30,3.5__Pendulum-v1__last-state__H30,20,20,theta_from_state_value,delta_theta,19,95.0,cosine,-0.2553460123316359,,,,,,1000,8657903362533138428,3.141592653589793,,
Pendulum-v1,last-state,30,3.5__Pendulum-v1__last-state__H30,20,20,state_delta,cos(theta),18,90.0,nrmse,0.00010694382193448466,1.5827420443228192e-05,,,,,1000,16016517382585837579,2,0.00010497445170052066,paired_bootstrap_ddof1
Pendulum-v1,last-state,30,3.5__Pendulum-v1__last-state__H30,20,20,state_delta,cos(theta),18,90.0,pearson,0.3977914766129164,,,,,,1000,16016517382585837579,2,,
Pendulum-v1,last-state,30,3.5__Pendulum-v1__last-state__H30,20,20,state_delta,cos(theta),18,90.0,cosine,0.3638186628209205,,,,,,1000,16016517382585837579,2,,
Pendulum-v1,last-state,30,3.5__Pendulum-v1__last-state__H30,20,20,state_delta,sin(theta),18,90.0,nrmse,0.0027957399119682715,0.00039494230032578487,,,,,1000,16016517382585837579,2,0.0027585643980003686,paired_bootstrap_ddof1
Pendulum-v1,last-state,30,3.5__Pendulum-v1__last-state__H30,20,20,state_delta,sin(theta),18,90.0,pearson,-0.3447919680745037,,,,,,1000,16016517382585837579,2,,
Pendulum-v1,last-state,30,3.5__Pendulum-v1__last-state__H30,20,20,state_delta,sin(theta),18,90.0,cosine,-0.34474712955397707,,,,,,1000,16016517382585837579,2,,
Pendulum-v1,last-state,30,3.5__Pendulum-v1__last-state__H30,20,20,state_delta,angular_velocity,18,90.0,nrmse,0.009946480625556042,0.0012835255027803772,,,,,1000,16016517382585837579,16,0.009867380248212636,paired_bootstrap_ddof1
Pendulum-v1,last-state,30,3.5__Pendulum-v1__last-state__H30,20,20,state_delta,angular_velocity,18,90.0,pearson,-0.13346105929435612,,,,,,1000,16016517382585837579,16,,
Pendulum-v1,last-state,30,3.5__Pendulum-v1__last-state__H30,20,20,state_delta,angular_velocity,18,90.0,cosine,-0.16185913574000863,,,,,,1000,16016517382585837579,16,,
Pendulum-v1,last-state,30,3.5__Pendulum-v1__last-state__H30,20,20,state_delta,macro,18,90.0,macro_nrmse,0.0042830547864862656,0.0004723112634896257,,,,,1000,16016517382585837579,,0.004243639699304503,paired_bootstrap_ddof1
Pendulum-v1,last-state,30,3.5__Pendulum-v1__last-state__H30,20,20,theta_from_state_delta,delta_theta,18,90.0,nrmse,0.0017804018041733284,0.00025053159317232237,,,,,1000,15256065567116508375,3.141592653589793,0.0017493095470232927,paired_bootstrap_ddof1
Pendulum-v1,last-state,30,3.5__Pendulum-v1__last-state__H30,20,20,theta_from_state_delta,delta_theta,18,90.0,pearson,-0.34301912250572775,,,,,,1000,15256065567116508375,3.141592653589793,,
Pendulum-v1,last-state,30,3.5__Pendulum-v1__last-state__H30,20,20,theta_from_state_delta,delta_theta,18,90.0,cosine,-0.3429807340090214,,,,,,1000,15256065567116508375,3.141592653589793,,
Pendulum-v1,last-state,30,3.5__Pendulum-v1__last-state__H30,30,30,state_value,cos(theta),28,93.33333333333333,nrmse,0.00012732114062076819,1.2607435569243557e-05,,,,,1000,16691557670958233405,2,0.00012672660328459634,paired_bootstrap_ddof1
Pendulum-v1,last-state,30,3.5__Pendulum-v1__last-state__H30,30,30,state_value,cos(theta),28,93.33333333333333,pearson,0.5558587098607092,,,,,,1000,16691557670958233405,2,,
Pendulum-v1,last-state,30,3.5__Pendulum-v1__last-state__H30,30,30,state_value,cos(theta),28,93.33333333333333,cosine,0.9999999690145432,,,,,,1000,16691557670958233405,2,,
Pendulum-v1,last-state,30,3.5__Pendulum-v1__last-state__H30,30,30,state_value,sin(theta),28,93.33333333333333,nrmse,0.0023824557195767505,0.0002036715339081773,,,,,1000,16691557670958233405,2,0.0023711571380335243,paired_bootstrap_ddof1
Pendulum-v1,last-state,30,3.5__Pendulum-v1__last-state__H30,30,30,state_value,sin(theta),28,93.33333333333333,pearson,0.7306269027303876,,,,,,1000,16691557670958233405,2,,
Pendulum-v1,last-state,30,3.5__Pendulum-v1__last-state__H30,30,30,state_value,sin(theta),28,93.33333333333333,cosine,0.9946470087353209,,,,,,1000,16691557670958233405,2,,
Pendulum-v1,last-state,30,3.5__Pendulum-v1__last-state__H30,30,30,state_value,angular_velocity,28,93.33333333333333,nrmse,0.009506338219351674,0.0010496916405800154,,,,,1000,16691557670958233405,16,0.009488751712922062,paired_bootstrap_ddof1
Pendulum-v1,last-state,30,3.5__Pendulum-v1__last-state__H30,30,30,state_value,angular_velocity,28,93.33333333333333,pearson,-0.1195479393600225,,,,,,1000,16691557670958233405,16,,
Pendulum-v1,last-state,30,3.5__Pendulum-v1__last-state__H30,30,30,state_value,angular_velocity,28,93.33333333333333,cosine,-0.12084096540043754,,,,,,1000,16691557670958233405,16,,
Pendulum-v1,last-state,30,3.5__Pendulum-v1__last-state__H30,30,30,state_value,macro,28,93.33333333333333,macro_nrmse,0.0040053716931830645,0.00037475185183339667,,,,,1000,16691557670958233405,,0.003995545151413392,paired_bootstrap_ddof1
Pendulum-v1,last-state,30,3.5__Pendulum-v1__last-state__H30,30,30,theta_from_state_value,delta_theta,28,93.33333333333333,nrmse,0.0015184360677039978,0.00013174861270784914,,,,,1000,1697416255050861979,3.141592653589793,0.001513850977656921,paired_bootstrap_ddof1
Pendulum-v1,last-state,30,3.5__Pendulum-v1__last-state__H30,30,30,theta_from_state_value,delta_theta,28,93.33333333333333,pearson,-0.14228951408792131,,,,,,1000,1697416255050861979,3.141592653589793,,
Pendulum-v1,last-state,30,3.5__Pendulum-v1__last-state__H30,30,30,theta_from_state_value,delta_theta,28,93.33333333333333,cosine,-0.15000318785974212,,,,,,1000,1697416255050861979,3.141592653589793,,
Pendulum-v1,last-state,30,3.5__Pendulum-v1__last-state__H30,30,30,state_delta,cos(theta),27,90.0,nrmse,0.00011294634120162419,1.3047643434738946e-05,,,,,1000,18014376720621090033,2,0.00011212854195119317,paired_bootstrap_ddof1
Pendulum-v1,last-state,30,3.5__Pendulum-v1__last-state__H30,30,30,state_delta,cos(theta),27,90.0,pearson,0.3903687229482823,,,,,,1000,18014376720621090033,2,,
Pendulum-v1,last-state,30,3.5__Pendulum-v1__last-state__H30,30,30,state_delta,cos(theta),27,90.0,cosine,0.38512293973834383,,,,,,1000,18014376720621090033,2,,
Pendulum-v1,last-state,30,3.5__Pendulum-v1__last-state__H30,30,30,state_delta,sin(theta),27,90.0,nrmse,0.002892077597849375,0.00033100410730491043,,,,,1000,18014376720621090033,2,0.0028805794915303645,paired_bootstrap_ddof1
Pendulum-v1,last-state,30,3.5__Pendulum-v1__last-state__H30,30,30,state_delta,sin(theta),27,90.0,pearson,-0.01785101308363265,,,,,,1000,18014376720621090033,2,,
Pendulum-v1,last-state,30,3.5__Pendulum-v1__last-state__H30,30,30,state_delta,sin(theta),27,90.0,cosine,-0.04513962006172765,,,,,,1000,18014376720621090033,2,,
Pendulum-v1,last-state,30,3.5__Pendulum-v1__last-state__H30,30,30,state_delta,angular_velocity,27,90.0,nrmse,0.01028526285668866,0.0009880635937735145,,,,,1000,18014376720621090033,16,0.010254927605719647,paired_bootstrap_ddof1
Pendulum-v1,last-state,30,3.5__Pendulum-v1__last-state__H30,30,30,state_delta,angular_velocity,27,90.0,pearson,-0.11947236211253807,,,,,,1000,18014376720621090033,16,,
Pendulum-v1,last-state,30,3.5__Pendulum-v1__last-state__H30,30,30,state_delta,angular_velocity,27,90.0,cosine,-0.12092155198054554,,,,,,1000,18014376720621090033,16,,
Pendulum-v1,last-state,30,3.5__Pendulum-v1__last-state__H30,30,30,state_delta,macro,27,90.0,macro_nrmse,0.004430095598579886,0.0003835249171097806,,,,,1000,18014376720621090033,,0.004415878546400405,paired_bootstrap_ddof1
Pendulum-v1,last-state,30,3.5__Pendulum-v1__last-state__H30,30,30,theta_from_state_delta,delta_theta,27,90.0,nrmse,0.0018408955735503805,0.00019652809242380468,,,,,1000,1402043455277054096,3.141592653589793,0.0018237683828586477,paired_bootstrap_ddof1
Pendulum-v1,last-state,30,3.5__Pendulum-v1__last-state__H30,30,30,theta_from_state_delta,delta_theta,27,90.0,pearson,-0.01666262354487991,,,,,,1000,1402043455277054096,3.141592653589793,,
Pendulum-v1,last-state,30,3.5__Pendulum-v1__last-state__H30,30,30,theta_from_state_delta,delta_theta,27,90.0,cosine,-0.044083221410439036,,,,,,1000,1402043455277054096,3.141592653589793,,
Pendulum-v1,last-state,5,3.5__Pendulum-v1__last-state__H5,10,10,state_value,cos(theta),9,90.0,nrmse,0.00052700841696626,0.0002698930549218178,,,,,1000,17347438934626676842,2,0.00045479865972455105,paired_bootstrap_ddof1
Pendulum-v1,last-state,5,3.5__Pendulum-v1__last-state__H5,10,10,state_value,cos(theta),9,90.0,pearson,0.9848377722565929,,,,,,1000,17347438934626676842,2,,
Pendulum-v1,last-state,5,3.5__Pendulum-v1__last-state__H5,10,10,state_value,cos(theta),9,90.0,cosine,0.9999994900505962,,,,,,1000,17347438934626676842,2,,
Pendulum-v1,last-state,5,3.5__Pendulum-v1__last-state__H5,10,10,state_value,sin(theta),9,90.0,nrmse,0.00508465423482612,0.00182913747962998,,,,,1000,17347438934626676842,2,0.0047579895070163376,paired_bootstrap_ddof1
Pendulum-v1,last-state,5,3.5__Pendulum-v1__last-state__H5,10,10,state_value,sin(theta),9,90.0,pearson,0.9935834286383711,,,,,,1000,17347438934626676842,2,,
Pendulum-v1,last-state,5,3.5__Pendulum-v1__last-state__H5,10,10,state_value,sin(theta),9,90.0,cosine,0.9891360239231124,,,,,,1000,17347438934626676842,2,,
Pendulum-v1,last-state,5,3.5__Pendulum-v1__last-state__H5,10,10,state_value,angular_velocity,9,90.0,nrmse,0.019066730774965283,0.008017655554542969,,,,,1000,17347438934626676842,16,0.017357263659674823,paired_bootstrap_ddof1
Pendulum-v1,last-state,5,3.5__Pendulum-v1__last-state__H5,10,10,state_value,angular_velocity,9,90.0,pearson,-0.8385260012145866,,,,,,1000,17347438934626676842,16,,
Pendulum-v1,last-state,5,3.5__Pendulum-v1__last-state__H5,10,10,state_value,angular_velocity,9,90.0,cosine,-0.8400175585954535,,,,,,1000,17347438934626676842,16,,
Pendulum-v1,last-state,5,3.5__Pendulum-v1__last-state__H5,10,10,state_value,macro,9,90.0,macro_nrmse,0.008226131142252555,0.0033693546993291312,,,,,1000,17347438934626676842,,0.00752335060880524,paired_bootstrap_ddof1
Pendulum-v1,last-state,5,3.5__Pendulum-v1__last-state__H5,10,10,theta_from_state_value,delta_theta,9,90.0,nrmse,0.003254374261017532,0.0011296106943917295,,,,,1000,9350597283115975609,3.141592653589793,0.0030318007629918865,paired_bootstrap_ddof1
Pendulum-v1,last-state,5,3.5__Pendulum-v1__last-state__H5,10,10,theta_from_state_value,delta_theta,9,90.0,pearson,0.895848752151224,,,,,,1000,9350597283115975609,3.141592653589793,,
Pendulum-v1,last-state,5,3.5__Pendulum-v1__last-state__H5,10,10,theta_from_state_value,delta_theta,9,90.0,cosine,0.9006554145835391,,,,,,1000,9350597283115975609,3.141592653589793,,
Pendulum-v1,last-state,5,3.5__Pendulum-v1__last-state__H5,10,10,state_delta,cos(theta),9,90.0,nrmse,0.0005304050037488346,0.0002460355072213194,,,,,1000,8216479847962002863,2,0.0004812333389301595,paired_bootstrap_ddof1
Pendulum-v1,last-state,5,3.5__Pendulum-v1__last-state__H5,10,10,state_delta,cos(theta),9,90.0,pearson,0.9837745381880414,,,,,,1000,8216479847962002863,2,,
Pendulum-v1,last-state,5,3.5__Pendulum-v1__last-state__H5,10,10,state_delta,cos(theta),9,90.0,cosine,0.9844554126732632,,,,,,1000,8216479847962002863,2,,
Pendulum-v1,last-state,5,3.5__Pendulum-v1__last-state__H5,10,10,state_delta,sin(theta),9,90.0,nrmse,0.016636904835318902,0.007997023522482844,,,,,1000,8216479847962002863,2,0.014579152797037134,paired_bootstrap_ddof1
Pendulum-v1,last-state,5,3.5__Pendulum-v1__last-state__H5,10,10,state_delta,sin(theta),9,90.0,pearson,0.23817786284293632,,,,,,1000,8216479847962002863,2,,
Pendulum-v1,last-state,5,3.5__Pendulum-v1__last-state__H5,10,10,state_delta,sin(theta),9,90.0,cosine,0.3080550196191021,,,,,,1000,8216479847962002863,2,,
Pendulum-v1,last-state,5,3.5__Pendulum-v1__last-state__H5,10,10,state_delta,angular_velocity,9,90.0,nrmse,0.01917917426113532,0.0077188771234882715,,,,,1000,8216479847962002863,16,0.017947310305763003,paired_bootstrap_ddof1
Pendulum-v1,last-state,5,3.5__Pendulum-v1__last-state__H5,10,10,state_delta,angular_velocity,9,90.0,pearson,0.3528528457759695,,,,,,1000,8216479847962002863,16,,
Pendulum-v1,last-state,5,3.5__Pendulum-v1__last-state__H5,10,10,state_delta,angular_velocity,9,90.0,cosine,0.325947240517008,,,,,,1000,8216479847962002863,16,,
Pendulum-v1,last-state,5,3.5__Pendulum-v1__last-state__H5,10,10,state_delta,macro,9,90.0,macro_nrmse,0.012115494700067684,0.0037753047486327033,,,,,1000,8216479847962002863,,0.011002565480576761,paired_bootstrap_ddof1
Pendulum-v1,last-state,5,3.5__Pendulum-v1__last-state__H5,10,10,theta_from_state_delta,delta_theta,9,90.0,nrmse,0.010600184018254227,0.005155537641006115,,,,,1000,5041629419695051292,3.141592653589793,0.009361126882585833,paired_bootstrap_ddof1
Pendulum-v1,last-state,5,3.5__Pendulum-v1__last-state__H5,10,10,theta_from_state_delta,delta_theta,9,90.0,pearson,0.2409713733472619,,,,,,1000,5041629419695051292,3.141592653589793,,
Pendulum-v1,last-state,5,3.5__Pendulum-v1__last-state__H5,10,10,theta_from_state_delta,delta_theta,9,90.0,cosine,0.3106174998274613,,,,,,1000,5041629419695051292,3.141592653589793,,
Pendulum-v1,last-state,5,3.5__Pendulum-v1__last-state__H5,20,20,state_value,cos(theta),18,90.0,nrmse,0.00045727877874616297,0.00016405099704875996,,,,,1000,6640841286211848499,2,0.00043889589784429703,paired_bootstrap_ddof1
Pendulum-v1,last-state,5,3.5__Pendulum-v1__last-state__H5,20,20,state_value,cos(theta),18,90.0,pearson,0.8785313832394358,,,,,,1000,6640841286211848499,2,,
Pendulum-v1,last-state,5,3.5__Pendulum-v1__last-state__H5,20,20,state_value,cos(theta),18,90.0,cosine,0.9999995827964634,,,,,,1000,6640841286211848499,2,,
Pendulum-v1,last-state,5,3.5__Pendulum-v1__last-state__H5,20,20,state_value,sin(theta),18,90.0,nrmse,0.0059011822482267235,0.0017750818333313327,,,,,1000,6640841286211848499,2,0.005729977749645095,paired_bootstrap_ddof1
Pendulum-v1,last-state,5,3.5__Pendulum-v1__last-state__H5,20,20,state_value,sin(theta),18,90.0,pearson,0.9636070088719507,,,,,,1000,6640841286211848499,2,,
Pendulum-v1,last-state,5,3.5__Pendulum-v1__last-state__H5,20,20,state_value,sin(theta),18,90.0,cosine,0.9743904858000971,,,,,,1000,6640841286211848499,2,,
Pendulum-v1,last-state,5,3.5__Pendulum-v1__last-state__H5,20,20,state_value,angular_velocity,18,90.0,nrmse,0.015548113395456451,0.004694872698651137,,,,,1000,6640841286211848499,16,0.015164378165749256,paired_bootstrap_ddof1
Pendulum-v1,last-state,5,3.5__Pendulum-v1__last-state__H5,20,20,state_value,angular_velocity,18,90.0,pearson,0.18059701266978606,,,,,,1000,6640841286211848499,16,,
Pendulum-v1,last-state,5,3.5__Pendulum-v1__last-state__H5,20,20,state_value,angular_velocity,18,90.0,cosine,0.25689168867559137,,,,,,1000,6640841286211848499,16,,
Pendulum-v1,last-state,5,3.5__Pendulum-v1__last-state__H5,20,20,state_value,macro,18,90.0,macro_nrmse,0.007302191474143113,0.001971414026872483,,,,,1000,6640841286211848499,,0.007111083937746215,paired_bootstrap_ddof1
Pendulum-v1,last-state,5,3.5__Pendulum-v1__last-state__H5,20,20,theta_from_state_value,delta_theta,18,90.0,nrmse,0.0037681734057374034,0.0011126979548190074,,,,,1000,13624860551233828460,3.141592653589793,0.003675117781562731,paired_bootstrap_ddof1
Pendulum-v1,last-state,5,3.5__Pendulum-v1__last-state__H5,20,20,theta_from_state_value,delta_theta,18,90.0,pearson,0.4963279760138041,,,,,,1000,13624860551233828460,3.141592653589793,,
Pendulum-v1,last-state,5,3.5__Pendulum-v1__last-state__H5,20,20,theta_from_state_value,delta_theta,18,90.0,cosine,0.5304346500271537,,,,,,1000,13624860551233828460,3.141592653589793,,
Pendulum-v1,last-state,5,3.5__Pendulum-v1__last-state__H5,20,20,state_delta,cos(theta),18,90.0,nrmse,0.0008488827405349553,0.00036367835649509124,,,,,1000,15624317578434121196,2,0.0007919986144514525,paired_bootstrap_ddof1
Pendulum-v1,last-state,5,3.5__Pendulum-v1__last-state__H5,20,20,state_delta,cos(theta),18,90.0,pearson,0.9433037356955312,,,,,,1000,15624317578434121196,2,,
Pendulum-v1,last-state,5,3.5__Pendulum-v1__last-state__H5,20,20,state_delta,cos(theta),18,90.0,cosine,0.9477081512023998,,,,,,1000,15624317578434121196,2,,
Pendulum-v1,last-state,5,3.5__Pendulum-v1__last-state__H5,20,20,state_delta,sin(theta),18,90.0,nrmse,0.014200768563215367,0.004820451708741132,,,,,1000,15624317578434121196,2,0.013376976769156062,paired_bootstrap_ddof1
Pendulum-v1,last-state,5,3.5__Pendulum-v1__last-state__H5,20,20,state_delta,sin(theta),18,90.0,pearson,0.5831311183715261,,,,,,1000,15624317578434121196,2,,
Pendulum-v1,last-state,5,3.5__Pendulum-v1__last-state__H5,20,20,state_delta,sin(theta),18,90.0,cosine,0.6619323412146384,,,,,,1000,15624317578434121196,2,,
Pendulum-v1,last-state,5,3.5__Pendulum-v1__last-state__H5,20,20,state_delta,angular_velocity,18,90.0,nrmse,0.017268462399221085,0.004125951693890687,,,,,1000,15624317578434121196,16,0.01695530686753241,paired_bootstrap_ddof1
Pendulum-v1,last-state,5,3.5__Pendulum-v1__last-state__H5,20,20,state_delta,angular_velocity,18,90.0,pearson,0.27312064181218554,,,,,,1000,15624317578434121196,16,,
Pendulum-v1,last-state,5,3.5__Pendulum-v1__last-state__H5,20,20,state_delta,angular_velocity,18,90.0,cosine,0.2801723014451852,,,,,,1000,15624317578434121196,16,,
Pendulum-v1,last-state,5,3.5__Pendulum-v1__last-state__H5,20,20,state_delta,macro,18,90.0,macro_nrmse,0.010772704567657136,0.0022260117927469115,,,,,1000,15624317578434121196,,0.010374760750379972,paired_bootstrap_ddof1
Pendulum-v1,last-state,5,3.5__Pendulum-v1__last-state__H5,20,20,theta_from_state_delta,delta_theta,18,90.0,nrmse,0.009058947580642752,0.0030637881812626273,,,,,1000,8522323496312589005,3.141592653589793,0.00840104721802287,paired_bootstrap_ddof1
Pendulum-v1,last-state,5,3.5__Pendulum-v1__last-state__H5,20,20,theta_from_state_delta,delta_theta,18,90.0,pearson,0.5850241877777322,,,,,,1000,8522323496312589005,3.141592653589793,,
Pendulum-v1,last-state,5,3.5__Pendulum-v1__last-state__H5,20,20,theta_from_state_delta,delta_theta,18,90.0,cosine,0.6634277648731657,,,,,,1000,8522323496312589005,3.141592653589793,,
Pendulum-v1,last-state,5,3.5__Pendulum-v1__last-state__H5,30,30,state_value,cos(theta),27,90.0,nrmse,0.0004575008831459352,0.00010899070161042943,,,,,1000,1077150474761281032,2,0.0004445885655920313,paired_bootstrap_ddof1
Pendulum-v1,last-state,5,3.5__Pendulum-v1__last-state__H5,30,30,state_value,cos(theta),27,90.0,pearson,0.9203914268967185,,,,,,1000,1077150474761281032,2,,
Pendulum-v1,last-state,5,3.5__Pendulum-v1__last-state__H5,30,30,state_value,cos(theta),27,90.0,cosine,0.9999995800764238,,,,,,1000,1077150474761281032,2,,
Pendulum-v1,last-state,5,3.5__Pendulum-v1__last-state__H5,30,30,state_value,sin(theta),27,90.0,nrmse,0.006969514306934892,0.0012214296741702134,,,,,1000,1077150474761281032,2,0.006858579961864434,paired_bootstrap_ddof1
Pendulum-v1,last-state,5,3.5__Pendulum-v1__last-state__H5,30,30,state_value,sin(theta),27,90.0,pearson,0.9695410550557696,,,,,,1000,1077150474761281032,2,,
Pendulum-v1,last-state,5,3.5__Pendulum-v1__last-state__H5,30,30,state_value,sin(theta),27,90.0,cosine,0.9711408207522624,,,,,,1000,1077150474761281032,2,,
Pendulum-v1,last-state,5,3.5__Pendulum-v1__last-state__H5,30,30,state_value,angular_velocity,27,90.0,nrmse,0.015506171579938336,0.0032554410651392876,,,,,1000,1077150474761281032,16,0.015195349264190429,paired_bootstrap_ddof1
Pendulum-v1,last-state,5,3.5__Pendulum-v1__last-state__H5,30,30,state_value,angular_velocity,27,90.0,pearson,0.4941631056128565,,,,,,1000,1077150474761281032,16,,
Pendulum-v1,last-state,5,3.5__Pendulum-v1__last-state__H5,30,30,state_value,angular_velocity,27,90.0,cosine,0.5952939771198897,,,,,,1000,1077150474761281032,16,,
Pendulum-v1,last-state,5,3.5__Pendulum-v1__last-state__H5,30,30,state_value,macro,27,90.0,macro_nrmse,0.007644395590006388,0.0013665047703620098,,,,,1000,1077150474761281032,,0.007499505930548969,paired_bootstrap_ddof1
Pendulum-v1,last-state,5,3.5__Pendulum-v1__last-state__H5,30,30,theta_from_state_value,delta_theta,27,90.0,nrmse,0.0044466377150467725,0.0008419035409221161,,,,,1000,14858200497279018041,3.141592653589793,0.004377355383635167,paired_bootstrap_ddof1
Pendulum-v1,last-state,5,3.5__Pendulum-v1__last-state__H5,30,30,theta_from_state_value,delta_theta,27,90.0,pearson,0.4161219205954072,,,,,,1000,14858200497279018041,3.141592653589793,,
Pendulum-v1,last-state,5,3.5__Pendulum-v1__last-state__H5,30,30,theta_from_state_value,delta_theta,27,90.0,cosine,0.5119547830482061,,,,,,1000,14858200497279018041,3.141592653589793,,
Pendulum-v1,last-state,5,3.5__Pendulum-v1__last-state__H5,30,30,state_delta,cos(theta),27,90.0,nrmse,0.0007326269105940235,0.00026934662343929493,,,,,1000,11501292930639767510,2,0.0006621055297146593,paired_bootstrap_ddof1
Pendulum-v1,last-state,5,3.5__Pendulum-v1__last-state__H5,30,30,state_delta,cos(theta),27,90.0,pearson,0.8988432536246996,,,,,,1000,11501292930639767510,2,,
Pendulum-v1,last-state,5,3.5__Pendulum-v1__last-state__H5,30,30,state_delta,cos(theta),27,90.0,cosine,0.9119325813374554,,,,,,1000,11501292930639767510,2,,
Pendulum-v1,last-state,5,3.5__Pendulum-v1__last-state__H5,30,30,state_delta,sin(theta),27,90.0,nrmse,0.012624813508284287,0.003635374717343917,,,,,1000,11501292930639767510,2,0.012074658866627416,paired_bootstrap_ddof1
Pendulum-v1,last-state,5,3.5__Pendulum-v1__last-state__H5,30,30,state_delta,sin(theta),27,90.0,pearson,0.5360181570179776,,,,,,1000,11501292930639767510,2,,
Pendulum-v1,last-state,5,3.5__Pendulum-v1__last-state__H5,30,30,state_delta,sin(theta),27,90.0,cosine,0.6575315205112355,,,,,,1000,11501292930639767510,2,,
Pendulum-v1,last-state,5,3.5__Pendulum-v1__last-state__H5,30,30,state_delta,angular_velocity,27,90.0,nrmse,0.016831877182074354,0.0030279951696257023,,,,,1000,11501292930639767510,16,0.01645528233555323,paired_bootstrap_ddof1
Pendulum-v1,last-state,5,3.5__Pendulum-v1__last-state__H5,30,30,state_delta,angular_velocity,27,90.0,pearson,0.38598547472120487,,,,,,1000,11501292930639767510,16,,
Pendulum-v1,last-state,5,3.5__Pendulum-v1__last-state__H5,30,30,state_delta,angular_velocity,27,90.0,cosine,0.36943178401170207,,,,,,1000,11501292930639767510,16,,
Pendulum-v1,last-state,5,3.5__Pendulum-v1__last-state__H5,30,30,state_delta,macro,27,90.0,macro_nrmse,0.010063105866984222,0.0016856855126072877,,,,,1000,11501292930639767510,,0.009730682243965103,paired_bootstrap_ddof1
Pendulum-v1,last-state,5,3.5__Pendulum-v1__last-state__H5,30,30,theta_from_state_delta,delta_theta,27,90.0,nrmse,0.008052520679053576,0.002244312801200918,,,,,1000,12914832597493070276,3.141592653589793,0.0077555922423529836,paired_bootstrap_ddof1
Pendulum-v1,last-state,5,3.5__Pendulum-v1__last-state__H5,30,30,theta_from_state_delta,delta_theta,27,90.0,pearson,0.5378958904977366,,,,,,1000,12914832597493070276,3.141592653589793,,
Pendulum-v1,last-state,5,3.5__Pendulum-v1__last-state__H5,30,30,theta_from_state_delta,delta_theta,27,90.0,cosine,0.6589370872885829,,,,,,1000,12914832597493070276,3.141592653589793,,
Pendulum-v1,next-action,10,3.5__Pendulum-v1__next-action__H10,10,10,action_value,torque,9,90.0,nrmse,0.32967090799791454,0.08663622077154555,,,,,1000,13643724981228458051,4.0,0.3204839142915653,paired_bootstrap_ddof1
Pendulum-v1,next-action,10,3.5__Pendulum-v1__next-action__H10,10,10,action_value,torque,9,90.0,pearson,0.30060101560096597,,,,,,1000,13643724981228458051,4.0,,
Pendulum-v1,next-action,10,3.5__Pendulum-v1__next-action__H10,10,10,action_value,torque,9,90.0,cosine,0.297549926246869,,,,,,1000,13643724981228458051,4.0,,
Pendulum-v1,next-action,10,3.5__Pendulum-v1__next-action__H10,20,20,action_value,torque,18,90.0,nrmse,0.3246479702784026,0.055212961662641453,,,,,1000,3976081222292071300,4.0,0.3203473729928693,paired_bootstrap_ddof1
Pendulum-v1,next-action,10,3.5__Pendulum-v1__next-action__H10,20,20,action_value,torque,18,90.0,pearson,0.2968003787370278,,,,,,1000,3976081222292071300,4.0,,
Pendulum-v1,next-action,10,3.5__Pendulum-v1__next-action__H10,20,20,action_value,torque,18,90.0,cosine,0.2925137079728383,,,,,,1000,3976081222292071300,4.0,,
Pendulum-v1,next-action,10,3.5__Pendulum-v1__next-action__H10,30,30,action_value,torque,27,90.0,nrmse,0.33307594623992,0.051262517869205604,,,,,1000,14922316507581068963,4.0,0.33104440228044474,paired_bootstrap_ddof1
Pendulum-v1,next-action,10,3.5__Pendulum-v1__next-action__H10,30,30,action_value,torque,27,90.0,pearson,0.24596470735520648,,,,,,1000,14922316507581068963,4.0,,
Pendulum-v1,next-action,10,3.5__Pendulum-v1__next-action__H10,30,30,action_value,torque,27,90.0,cosine,0.2932412095924065,,,,,,1000,14922316507581068963,4.0,,
Pendulum-v1,next-action,20,3.5__Pendulum-v1__next-action__H20,10,10,action_value,torque,10,100.0,nrmse,0.41092474477991536,0.0720977551310739,,,,,1000,13498069575279237487,4.0,0.40294967508252244,paired_bootstrap_ddof1
Pendulum-v1,next-action,20,3.5__Pendulum-v1__next-action__H20,10,10,action_value,torque,10,100.0,pearson,-0.513027108581753,,,,,,1000,13498069575279237487,4.0,,
Pendulum-v1,next-action,20,3.5__Pendulum-v1__next-action__H20,10,10,action_value,torque,10,100.0,cosine,-0.44577517338831607,,,,,,1000,13498069575279237487,4.0,,
Pendulum-v1,next-action,20,3.5__Pendulum-v1__next-action__H20,20,20,action_value,torque,20,100.0,nrmse,0.3756182299388394,0.04324568637080228,,,,,1000,4635358092010263494,4.0,0.37287241691706696,paired_bootstrap_ddof1
Pendulum-v1,next-action,20,3.5__Pendulum-v1__next-action__H20,20,20,action_value,torque,20,100.0,pearson,-0.33654346545657876,,,,,,1000,4635358092010263494,4.0,,
Pendulum-v1,next-action,20,3.5__Pendulum-v1__next-action__H20,20,20,action_value,torque,20,100.0,cosine,-0.3196776746256156,,,,,,1000,4635358092010263494,4.0,,
Pendulum-v1,next-action,20,3.5__Pendulum-v1__next-action__H20,30,30,action_value,torque,30,100.0,nrmse,0.3895782443489192,0.042203533027100434,,,,,1000,2675527824629949307,4.0,0.3849671603754122,paired_bootstrap_ddof1
Pendulum-v1,next-action,20,3.5__Pendulum-v1__next-action__H20,30,30,action_value,torque,30,100.0,pearson,-0.4658871310389802,,,,,,1000,2675527824629949307,4.0,,
Pendulum-v1,next-action,20,3.5__Pendulum-v1__next-action__H20,30,30,action_value,torque,30,100.0,cosine,-0.4331626099559083,,,,,,1000,2675527824629949307,4.0,,
Pendulum-v1,next-action,30,3.5__Pendulum-v1__next-action__H30,10,10,action_value,torque,10,100.0,nrmse,0.24247639013875324,0.05240886155805367,,,,,1000,3467472413993104043,4.0,0.23822371699455294,paired_bootstrap_ddof1
Pendulum-v1,next-action,30,3.5__Pendulum-v1__next-action__H30,10,10,action_value,torque,10,100.0,pearson,0.5368868615376957,,,,,,1000,3467472413993104043,4.0,,
Pendulum-v1,next-action,30,3.5__Pendulum-v1__next-action__H30,10,10,action_value,torque,10,100.0,cosine,0.5073509151506579,,,,,,1000,3467472413993104043,4.0,,
Pendulum-v1,next-action,30,3.5__Pendulum-v1__next-action__H30,20,20,action_value,torque,20,100.0,nrmse,0.30943245726849716,0.04938117110442579,,,,,1000,14194138710402333733,4.0,0.3079587731934364,paired_bootstrap_ddof1
Pendulum-v1,next-action,30,3.5__Pendulum-v1__next-action__H30,20,20,action_value,torque,20,100.0,pearson,0.02781107470785844,,,,,,1000,14194138710402333733,4.0,,
Pendulum-v1,next-action,30,3.5__Pendulum-v1__next-action__H30,20,20,action_value,torque,20,100.0,cosine,0.030143805913906464,,,,,,1000,14194138710402333733,4.0,,
Pendulum-v1,next-action,30,3.5__Pendulum-v1__next-action__H30,30,30,action_value,torque,30,100.0,nrmse,0.3113174623594525,0.0427851011065603,,,,,1000,12854342524067103248,4.0,0.3069058089668035,paired_bootstrap_ddof1
Pendulum-v1,next-action,30,3.5__Pendulum-v1__next-action__H30,30,30,action_value,torque,30,100.0,pearson,0.0409287197357836,,,,,,1000,12854342524067103248,4.0,,
Pendulum-v1,next-action,30,3.5__Pendulum-v1__next-action__H30,30,30,action_value,torque,30,100.0,cosine,0.1025707688985868,,,,,,1000,12854342524067103248,4.0,,
Pendulum-v1,next-action,5,3.5__Pendulum-v1__next-action__H5,10,10,action_value,torque,9,90.0,nrmse,0.3675160813731195,0.08865729654520606,,,,,1000,407048715820399275,4.0,0.35386425026770885,paired_bootstrap_ddof1
Pendulum-v1,next-action,5,3.5__Pendulum-v1__next-action__H5,10,10,action_value,torque,9,90.0,pearson,-0.24848355731331723,,,,,,1000,407048715820399275,4.0,,
Pendulum-v1,next-action,5,3.5__Pendulum-v1__next-action__H5,10,10,action_value,torque,9,90.0,cosine,-0.2244230488504552,,,,,,1000,407048715820399275,4.0,,
Pendulum-v1,next-action,5,3.5__Pendulum-v1__next-action__H5,20,20,action_value,torque,17,85.0,nrmse,0.466715483963731,0.05837829079349904,,,,,1000,11632588042696284882,4.0,0.4612509766749586,paired_bootstrap_ddof1
Pendulum-v1,next-action,5,3.5__Pendulum-v1__next-action__H5,20,20,action_value,torque,17,85.0,pearson,-0.5705854066086495,,,,,,1000,11632588042696284882,4.0,,
Pendulum-v1,next-action,5,3.5__Pendulum-v1__next-action__H5,20,20,action_value,torque,17,85.0,cosine,-0.570813909871383,,,,,,1000,11632588042696284882,4.0,,
Pendulum-v1,next-action,5,3.5__Pendulum-v1__next-action__H5,30,30,action_value,torque,27,90.0,nrmse,0.433864926705894,0.04531867135628955,,,,,1000,10256543163409613928,4.0,0.4310942087889862,paired_bootstrap_ddof1
Pendulum-v1,next-action,5,3.5__Pendulum-v1__next-action__H5,30,30,action_value,torque,27,90.0,pearson,-0.31538172138266596,,,,,,1000,10256543163409613928,4.0,,
Pendulum-v1,next-action,5,3.5__Pendulum-v1__next-action__H5,30,30,action_value,torque,27,90.0,cosine,-0.3119921622694121,,,,,,1000,10256543163409613928,4.0,,
Pendulum-v1,next-state,10,3.5__Pendulum-v1__next-state__H10,10,10,state_value,cos(theta),8,80.0,nrmse,0.00011616013378710574,2.257303897736691e-05,,,,,1000,5953222673757621594,2,0.00011306080036606309,paired_bootstrap_ddof1
Pendulum-v1,next-state,10,3.5__Pendulum-v1__next-state__H10,10,10,state_value,cos(theta),8,80.0,pearson,0.8761803838626732,,,,,,1000,5953222673757621594,2,,
Pendulum-v1,next-state,10,3.5__Pendulum-v1__next-state__H10,10,10,state_value,cos(theta),8,80.0,cosine,0.9999999750528199,,,,,,1000,5953222673757621594,2,,
Pendulum-v1,next-state,10,3.5__Pendulum-v1__next-state__H10,10,10,state_value,sin(theta),8,80.0,nrmse,0.0037101672573301167,0.0007210643698997892,,,,,1000,5953222673757621594,2,0.0036366747765513136,paired_bootstrap_ddof1
Pendulum-v1,next-state,10,3.5__Pendulum-v1__next-state__H10,10,10,state_value,sin(theta),8,80.0,pearson,0.9170960151148476,,,,,,1000,5953222673757621594,2,,
Pendulum-v1,next-state,10,3.5__Pendulum-v1__next-state__H10,10,10,state_value,sin(theta),8,80.0,cosine,0.9852317865127586,,,,,,1000,5953222673757621594,2,,
Pendulum-v1,next-state,10,3.5__Pendulum-v1__next-state__H10,10,10,state_value,angular_velocity,8,80.0,nrmse,0.010561473295593357,0.002292497715018983,,,,,1000,5953222673757621594,16,0.010274720160321304,paired_bootstrap_ddof1
Pendulum-v1,next-state,10,3.5__Pendulum-v1__next-state__H10,10,10,state_value,angular_velocity,8,80.0,pearson,-0.31020702005331063,,,,,,1000,5953222673757621594,16,,
Pendulum-v1,next-state,10,3.5__Pendulum-v1__next-state__H10,10,10,state_value,angular_velocity,8,80.0,cosine,-0.23130861010331116,,,,,,1000,5953222673757621594,16,,
Pendulum-v1,next-state,10,3.5__Pendulum-v1__next-state__H10,10,10,state_value,macro,8,80.0,macro_nrmse,0.00479593356223686,0.0009107547816579152,,,,,1000,5953222673757621594,,0.004674818579079566,paired_bootstrap_ddof1
Pendulum-v1,next-state,10,3.5__Pendulum-v1__next-state__H10,10,10,theta_from_state_value,delta_theta,8,80.0,nrmse,0.002362840021734944,0.00048256790603752977,,,,,1000,16593873538311080569,3.141592653589793,0.002306765258981193,paired_bootstrap_ddof1
Pendulum-v1,next-state,10,3.5__Pendulum-v1__next-state__H10,10,10,theta_from_state_value,delta_theta,8,80.0,pearson,-0.24340679838340545,,,,,,1000,16593873538311080569,3.141592653589793,,
Pendulum-v1,next-state,10,3.5__Pendulum-v1__next-state__H10,10,10,theta_from_state_value,delta_theta,8,80.0,cosine,0.10689589593706095,,,,,,1000,16593873538311080569,3.141592653589793,,
Pendulum-v1,next-state,10,3.5__Pendulum-v1__next-state__H10,10,10,state_delta,cos(theta),7,70.0,nrmse,0.0001356552984629305,3.156451164740187e-05,,,,,1000,7891531982246107205,2,0.00013069024119921342,paired_bootstrap_ddof1
Pendulum-v1,next-state,10,3.5__Pendulum-v1__next-state__H10,10,10,state_delta,cos(theta),7,70.0,pearson,-0.01702938939957571,,,,,,1000,7891531982246107205,2,,
Pendulum-v1,next-state,10,3.5__Pendulum-v1__next-state__H10,10,10,state_delta,cos(theta),7,70.0,cosine,0.2268444758713645,,,,,,1000,7891531982246107205,2,,
Pendulum-v1,next-state,10,3.5__Pendulum-v1__next-state__H10,10,10,state_delta,sin(theta),7,70.0,nrmse,0.0031854128462024188,0.0007290902547168663,,,,,1000,7891531982246107205,2,0.0030857903537946487,paired_bootstrap_ddof1
Pendulum-v1,next-state,10,3.5__Pendulum-v1__next-state__H10,10,10,state_delta,sin(theta),7,70.0,pearson,-0.13917259593031917,,,,,,1000,7891531982246107205,2,,
Pendulum-v1,next-state,10,3.5__Pendulum-v1__next-state__H10,10,10,state_delta,sin(theta),7,70.0,cosine,0.13227469019896274,,,,,,1000,7891531982246107205,2,,
Pendulum-v1,next-state,10,3.5__Pendulum-v1__next-state__H10,10,10,state_delta,angular_velocity,7,70.0,nrmse,0.010005357234951846,0.0026824039542282276,,,,,1000,7891531982246107205,16,0.009633157152255118,paired_bootstrap_ddof1
Pendulum-v1,next-state,10,3.5__Pendulum-v1__next-state__H10,10,10,state_delta,angular_velocity,7,70.0,pearson,0.5272777519152894,,,,,,1000,7891531982246107205,16,,
Pendulum-v1,next-state,10,3.5__Pendulum-v1__next-state__H10,10,10,state_delta,angular_velocity,7,70.0,cosine,0.49501723407033743,,,,,,1000,7891531982246107205,16,,
Pendulum-v1,next-state,10,3.5__Pendulum-v1__next-state__H10,10,10,state_delta,macro,7,70.0,macro_nrmse,0.004442141793205731,0.0010275897928157612,,,,,1000,7891531982246107205,,0.004283212582416329,paired_bootstrap_ddof1
Pendulum-v1,next-state,10,3.5__Pendulum-v1__next-state__H10,10,10,theta_from_state_delta,delta_theta,7,70.0,nrmse,0.002029671197921563,0.0004332581444622627,,,,,1000,7040137545137789201,3.141592653589793,0.0019479794497879914,paired_bootstrap_ddof1
Pendulum-v1,next-state,10,3.5__Pendulum-v1__next-state__H10,10,10,theta_from_state_delta,delta_theta,7,70.0,pearson,-0.13901439818916644,,,,,,1000,7040137545137789201,3.141592653589793,,
Pendulum-v1,next-state,10,3.5__Pendulum-v1__next-state__H10,10,10,theta_from_state_delta,delta_theta,7,70.0,cosine,0.13250280755192456,,,,,,1000,7040137545137789201,3.141592653589793,,
Pendulum-v1,next-state,10,3.5__Pendulum-v1__next-state__H10,20,20,state_value,cos(theta),18,90.0,nrmse,0.00011679959973747646,1.3439934375435112e-05,,,,,1000,5193681480044154109,2,0.00011580418739331471,paired_bootstrap_ddof1
Pendulum-v1,next-state,10,3.5__Pendulum-v1__next-state__H10,20,20,state_value,cos(theta),18,90.0,pearson,0.8486985967745727,,,,,,1000,5193681480044154109,2,,
Pendulum-v1,next-state,10,3.5__Pendulum-v1__next-state__H10,20,20,state_value,cos(theta),18,90.0,cosine,0.9999999753842217,,,,,,1000,5193681480044154109,2,,
Pendulum-v1,next-state,10,3.5__Pendulum-v1__next-state__H10,20,20,state_value,sin(theta),18,90.0,nrmse,0.0030477548155625313,0.00044660315457040265,,,,,1000,5193681480044154109,2,0.00299712523884185,paired_bootstrap_ddof1
Pendulum-v1,next-state,10,3.5__Pendulum-v1__next-state__H10,20,20,state_value,sin(theta),18,90.0,pearson,0.9009756817140393,,,,,,1000,5193681480044154109,2,,
Pendulum-v1,next-state,10,3.5__Pendulum-v1__next-state__H10,20,20,state_value,sin(theta),18,90.0,cosine,0.9910818653589687,,,,,,1000,5193681480044154109,2,,
Pendulum-v1,next-state,10,3.5__Pendulum-v1__next-state__H10,20,20,state_value,angular_velocity,18,90.0,nrmse,0.011634061407239254,0.0011317709418882942,,,,,1000,5193681480044154109,16,0.01154414814778874,paired_bootstrap_ddof1
Pendulum-v1,next-state,10,3.5__Pendulum-v1__next-state__H10,20,20,state_value,angular_velocity,18,90.0,pearson,-0.4864972258885575,,,,,,1000,5193681480044154109,16,,
Pendulum-v1,next-state,10,3.5__Pendulum-v1__next-state__H10,20,20,state_value,angular_velocity,18,90.0,cosine,-0.294440949999928,,,,,,1000,5193681480044154109,16,,
Pendulum-v1,next-state,10,3.5__Pendulum-v1__next-state__H10,20,20,state_value,macro,18,90.0,macro_nrmse,0.004932871940846421,0.0004444878039830778,,,,,1000,5193681480044154109,,0.00488569252467463,paired_bootstrap_ddof1
Pendulum-v1,next-state,10,3.5__Pendulum-v1__next-state__H10,20,20,theta_from_state_value,delta_theta,18,90.0,nrmse,0.0019414491510416864,0.00027270005064844975,,,,,1000,8183357693380414148,3.141592653589793,0.0019306220930151552,paired_bootstrap_ddof1
Pendulum-v1,next-state,10,3.5__Pendulum-v1__next-state__H10,20,20,theta_from_state_value,delta_theta,18,90.0,pearson,-0.017861676052326782,,,,,,1000,8183357693380414148,3.141592653589793,,
Pendulum-v1,next-state,10,3.5__Pendulum-v1__next-state__H10,20,20,theta_from_state_value,delta_theta,18,90.0,cosine,0.19323193941982883,,,,,,1000,8183357693380414148,3.141592653589793,,
Pendulum-v1,next-state,10,3.5__Pendulum-v1__next-state__H10,20,20,state_delta,cos(theta),17,85.0,nrmse,0.00019345367648108196,5.473902515723859e-05,,,,,1000,5236157720948263797,2,0.0001875945673510269,paired_bootstrap_ddof1
Pendulum-v1,next-state,10,3.5__Pendulum-v1__next-state__H10,20,20,state_delta,cos(theta),17,85.0,pearson,-0.2803589209290955,,,,,,1000,5236157720948263797,2,,
Pendulum-v1,next-state,10,3.5__Pendulum-v1__next-state__H10,20,20,state_delta,cos(theta),17,85.0,cosine,-0.24093327842855283,,,,,,1000,5236157720948263797,2,,
Pendulum-v1,next-state,10,3.5__Pendulum-v1__next-state__H10,20,20,state_delta,sin(theta),17,85.0,nrmse,0.0027415700049971707,0.00038117520836138883,,,,,1000,5236157720948263797,2,0.0027060555351773336,paired_bootstrap_ddof1
Pendulum-v1,next-state,10,3.5__Pendulum-v1__next-state__H10,20,20,state_delta,sin(theta),17,85.0,pearson,0.02523689678632203,,,,,,1000,5236157720948263797,2,,
Pendulum-v1,next-state,10,3.5__Pendulum-v1__next-state__H10,20,20,state_delta,sin(theta),17,85.0,cosine,0.2210965978976231,,,,,,1000,5236157720948263797,2,,
Pendulum-v1,next-state,10,3.5__Pendulum-v1__next-state__H10,20,20,state_delta,angular_velocity,17,85.0,nrmse,0.011499723557026054,0.0011270340353768849,,,,,1000,5236157720948263797,16,0.011396998972457257,paired_bootstrap_ddof1
Pendulum-v1,next-state,10,3.5__Pendulum-v1__next-state__H10,20,20,state_delta,angular_velocity,17,85.0,pearson,0.15671098135309033,,,,,,1000,5236157720948263797,16,,
Pendulum-v1,next-state,10,3.5__Pendulum-v1__next-state__H10,20,20,state_delta,angular_velocity,17,85.0,cosine,0.2152568370302248,,,,,,1000,5236157720948263797,16,,
Pendulum-v1,next-state,10,3.5__Pendulum-v1__next-state__H10,20,20,state_delta,macro,17,85.0,macro_nrmse,0.004811582412834769,0.00043232376797834815,,,,,1000,5236157720948263797,,0.004763549691661873,paired_bootstrap_ddof1
Pendulum-v1,next-state,10,3.5__Pendulum-v1__next-state__H10,20,20,theta_from_state_delta,delta_theta,17,85.0,nrmse,0.0017475443403607049,0.0002481853369353726,,,,,1000,17544806272251411301,3.141592653589793,0.0017289329762937866,paired_bootstrap_ddof1
Pendulum-v1,next-state,10,3.5__Pendulum-v1__next-state__H10,20,20,theta_from_state_delta,delta_theta,17,85.0,pearson,0.02365303317421751,,,,,,1000,17544806272251411301,3.141592653589793,,
Pendulum-v1,next-state,10,3.5__Pendulum-v1__next-state__H10,20,20,theta_from_state_delta,delta_theta,17,85.0,cosine,0.21998583273857017,,,,,,1000,17544806272251411301,3.141592653589793,,
Pendulum-v1,next-state,10,3.5__Pendulum-v1__next-state__H10,30,30,state_value,cos(theta),28,93.33333333333333,nrmse,0.00016038681106882356,2.4455901099746993e-05,,,,,1000,4938725922280739460,2,0.00015840729018615687,paired_bootstrap_ddof1
Pendulum-v1,next-state,10,3.5__Pendulum-v1__next-state__H10,30,30,state_value,cos(theta),28,93.33333333333333,pearson,0.8340221410962322,,,,,,1000,4938725922280739460,2,,
Pendulum-v1,next-state,10,3.5__Pendulum-v1__next-state__H10,30,30,state_value,cos(theta),28,93.33333333333333,cosine,0.9999999516608842,,,,,,1000,4938725922280739460,2,,
Pendulum-v1,next-state,10,3.5__Pendulum-v1__next-state__H10,30,30,state_value,sin(theta),28,93.33333333333333,nrmse,0.0036972753370287646,0.000675856867288462,,,,,1000,4938725922280739460,2,0.003638825551680716,paired_bootstrap_ddof1
Pendulum-v1,next-state,10,3.5__Pendulum-v1__next-state__H10,30,30,state_value,sin(theta),28,93.33333333333333,pearson,0.9718204197701353,,,,,,1000,4938725922280739460,2,,
Pendulum-v1,next-state,10,3.5__Pendulum-v1__next-state__H10,30,30,state_value,sin(theta),28,93.33333333333333,cosine,0.9842162125300948,,,,,,1000,4938725922280739460,2,,
Pendulum-v1,next-state,10,3.5__Pendulum-v1__next-state__H10,30,30,state_value,angular_velocity,28,93.33333333333333,nrmse,0.0115263205870426,0.0009458619915560783,,,,,1000,4938725922280739460,16,0.011476586119004985,paired_bootstrap_ddof1
Pendulum-v1,next-state,10,3.5__Pendulum-v1__next-state__H10,30,30,state_value,angular_velocity,28,93.33333333333333,pearson,0.35424202953538714,,,,,,1000,4938725922280739460,16,,
Pendulum-v1,next-state,10,3.5__Pendulum-v1__next-state__H10,30,30,state_value,angular_velocity,28,93.33333333333333,cosine,0.5077813319537755,,,,,,1000,4938725922280739460,16,,
Pendulum-v1,next-state,10,3.5__Pendulum-v1__next-state__H10,30,30,state_value,macro,28,93.33333333333333,macro_nrmse,0.005127994245046729,0.0004398397431443081,,,,,1000,4938725922280739460,,0.005091272986957281,paired_bootstrap_ddof1
Pendulum-v1,next-state,10,3.5__Pendulum-v1__next-state__H10,30,30,theta_from_state_value,delta_theta,28,93.33333333333333,nrmse,0.0023550457478929334,0.0004305773179387867,,,,,1000,580620411506319898,3.141592653589793,0.0023318747711363673,paired_bootstrap_ddof1
Pendulum-v1,next-state,10,3.5__Pendulum-v1__next-state__H10,30,30,theta_from_state_value,delta_theta,28,93.33333333333333,pearson,-0.029353641873255707,,,,,,1000,580620411506319898,3.141592653589793,,
Pendulum-v1,next-state,10,3.5__Pendulum-v1__next-state__H10,30,30,theta_from_state_value,delta_theta,28,93.33333333333333,cosine,0.1602983207763256,,,,,,1000,580620411506319898,3.141592653589793,,
Pendulum-v1,next-state,10,3.5__Pendulum-v1__next-state__H10,30,30,state_delta,cos(theta),25,83.33333333333333,nrmse,0.0001798762979755971,4.153148080075115e-05,,,,,1000,2925375784266213512,2,0.0001763515997059926,paired_bootstrap_ddof1
Pendulum-v1,next-state,10,3.5__Pendulum-v1__next-state__H10,30,30,state_delta,cos(theta),25,83.33333333333333,pearson,-0.15681418236367975,,,,,,1000,2925375784266213512,2,,
Pendulum-v1,next-state,10,3.5__Pendulum-v1__next-state__H10,30,30,state_delta,cos(theta),25,83.33333333333333,cosine,-0.18887460515309645,,,,,,1000,2925375784266213512,2,,
Pendulum-v1,next-state,10,3.5__Pendulum-v1__next-state__H10,30,30,state_delta,sin(theta),25,83.33333333333333,nrmse,0.0027847670201497257,0.00035354767837662013,,,,,1000,2925375784266213512,2,0.0027656414540280444,paired_bootstrap_ddof1
Pendulum-v1,next-state,10,3.5__Pendulum-v1__next-state__H10,30,30,state_delta,sin(theta),25,83.33333333333333,pearson,0.037034960921123315,,,,,,1000,2925375784266213512,2,,
Pendulum-v1,next-state,10,3.5__Pendulum-v1__next-state__H10,30,30,state_delta,sin(theta),25,83.33333333333333,cosine,0.20178314087537366,,,,,,1000,2925375784266213512,2,,
Pendulum-v1,next-state,10,3.5__Pendulum-v1__next-state__H10,30,30,state_delta,angular_velocity,25,83.33333333333333,nrmse,0.011385065003737179,0.000980020515681208,,,,,1000,2925375784266213512,16,0.011344982906889976,paired_bootstrap_ddof1
Pendulum-v1,next-state,10,3.5__Pendulum-v1__next-state__H10,30,30,state_delta,angular_velocity,25,83.33333333333333,pearson,-0.11984857703023362,,,,,,1000,2925375784266213512,16,,
Pendulum-v1,next-state,10,3.5__Pendulum-v1__next-state__H10,30,30,state_delta,angular_velocity,25,83.33333333333333,cosine,-0.15090565734117822,,,,,,1000,2925375784266213512,16,,
Pendulum-v1,next-state,10,3.5__Pendulum-v1__next-state__H10,30,30,state_delta,macro,25,83.33333333333333,macro_nrmse,0.004783236107287501,0.00035875966025570357,,,,,1000,2925375784266213512,,0.004762325320208008,paired_bootstrap_ddof1
Pendulum-v1,next-state,10,3.5__Pendulum-v1__next-state__H10,30,30,theta_from_state_delta,delta_theta,25,83.33333333333333,nrmse,0.0017743723726362398,0.00023702349286820176,,,,,1000,10085808754034101188,3.141592653589793,0.0017554690565303294,paired_bootstrap_ddof1
Pendulum-v1,next-state,10,3.5__Pendulum-v1__next-state__H10,30,30,theta_from_state_delta,delta_theta,25,83.33333333333333,pearson,0.036020585335094654,,,,,,1000,10085808754034101188,3.141592653589793,,
Pendulum-v1,next-state,10,3.5__Pendulum-v1__next-state__H10,30,30,theta_from_state_delta,delta_theta,25,83.33333333333333,cosine,0.20104518007182823,,,,,,1000,10085808754034101188,3.141592653589793,,
Pendulum-v1,next-state,20,3.5__Pendulum-v1__next-state__H20,10,10,state_value,cos(theta),10,100.0,nrmse,0.0001420726319286085,3.111225594387887e-05,,,,,1000,12116326551635463731,2,0.00013863068670028221,paired_bootstrap_ddof1
Pendulum-v1,next-state,20,3.5__Pendulum-v1__next-state__H20,10,10,state_value,cos(theta),10,100.0,pearson,0.1778162030475752,,,,,,1000,12116326551635463731,2,,
Pendulum-v1,next-state,20,3.5__Pendulum-v1__next-state__H20,10,10,state_value,cos(theta),10,100.0,cosine,0.9999999604272943,,,,,,1000,12116326551635463731,2,,
Pendulum-v1,next-state,20,3.5__Pendulum-v1__next-state__H20,10,10,state_value,sin(theta),10,100.0,nrmse,0.003039544040884455,0.0007291048960768864,,,,,1000,12116326551635463731,2,0.002948636423734689,paired_bootstrap_ddof1
Pendulum-v1,next-state,20,3.5__Pendulum-v1__next-state__H20,10,10,state_value,sin(theta),10,100.0,pearson,0.06288876144327107,,,,,,1000,12116326551635463731,2,,
Pendulum-v1,next-state,20,3.5__Pendulum-v1__next-state__H20,10,10,state_value,sin(theta),10,100.0,cosine,0.9913445536172165,,,,,,1000,12116326551635463731,2,,
Pendulum-v1,next-state,20,3.5__Pendulum-v1__next-state__H20,10,10,state_value,angular_velocity,10,100.0,nrmse,0.008987181907309872,0.002262786078894476,,,,,1000,12116326551635463731,16,0.008751904946776018,paired_bootstrap_ddof1
Pendulum-v1,next-state,20,3.5__Pendulum-v1__next-state__H20,10,10,state_value,angular_velocity,10,100.0,pearson,-0.15183432368742,,,,,,1000,12116326551635463731,16,,
Pendulum-v1,next-state,20,3.5__Pendulum-v1__next-state__H20,10,10,state_value,angular_velocity,10,100.0,cosine,-0.15662172797081783,,,,,,1000,12116326551635463731,16,,
Pendulum-v1,next-state,20,3.5__Pendulum-v1__next-state__H20,10,10,state_value,macro,10,100.0,macro_nrmse,0.004056266193374312,0.000985218886648351,,,,,1000,12116326551635463731,,0.003946390685737,paired_bootstrap_ddof1
Pendulum-v1,next-state,20,3.5__Pendulum-v1__next-state__H20,10,10,theta_from_state_value,delta_theta,10,100.0,nrmse,0.0019367396464111503,0.00046186299070055035,,,,,1000,1220235656235108928,3.141592653589793,0.0018895891638642838,paired_bootstrap_ddof1
Pendulum-v1,next-state,20,3.5__Pendulum-v1__next-state__H20,10,10,theta_from_state_value,delta_theta,10,100.0,pearson,-0.29016979567188955,,,,,,1000,1220235656235108928,3.141592653589793,,
Pendulum-v1,next-state,20,3.5__Pendulum-v1__next-state__H20,10,10,theta_from_state_value,delta_theta,10,100.0,cosine,-0.23834693605235802,,,,,,1000,1220235656235108928,3.141592653589793,,
Pendulum-v1,next-state,20,3.5__Pendulum-v1__next-state__H20,10,10,state_delta,cos(theta),10,100.0,nrmse,0.00014453654710402754,2.6764149273268042e-05,,,,,1000,16239389658067438901,2,0.00014065503013100723,paired_bootstrap_ddof1
Pendulum-v1,next-state,20,3.5__Pendulum-v1__next-state__H20,10,10,state_delta,cos(theta),10,100.0,pearson,-0.1680542289533211,,,,,,1000,16239389658067438901,2,,
Pendulum-v1,next-state,20,3.5__Pendulum-v1__next-state__H20,10,10,state_delta,cos(theta),10,100.0,cosine,-0.19269007477669567,,,,,,1000,16239389658067438901,2,,
Pendulum-v1,next-state,20,3.5__Pendulum-v1__next-state__H20,10,10,state_delta,sin(theta),10,100.0,nrmse,0.0030674619622907697,0.000714870389742928,,,,,1000,16239389658067438901,2,0.002941977065959023,paired_bootstrap_ddof1
Pendulum-v1,next-state,20,3.5__Pendulum-v1__next-state__H20,10,10,state_delta,sin(theta),10,100.0,pearson,-0.2722589705982966,,,,,,1000,16239389658067438901,2,,
Pendulum-v1,next-state,20,3.5__Pendulum-v1__next-state__H20,10,10,state_delta,sin(theta),10,100.0,cosine,-0.24317638304860587,,,,,,1000,16239389658067438901,2,,
Pendulum-v1,next-state,20,3.5__Pendulum-v1__next-state__H20,10,10,state_delta,angular_velocity,10,100.0,nrmse,0.008985594640882598,0.0021900675173412132,,,,,1000,16239389658067438901,16,0.008648731780516715,paired_bootstrap_ddof1
Pendulum-v1,next-state,20,3.5__Pendulum-v1__next-state__H20,10,10,state_delta,angular_velocity,10,100.0,pearson,-0.5119955664812159,,,,,,1000,16239389658067438901,16,,
Pendulum-v1,next-state,20,3.5__Pendulum-v1__next-state__H20,10,10,state_delta,angular_velocity,10,100.0,cosine,-0.5158953856684434,,,,,,1000,16239389658067438901,16,,
Pendulum-v1,next-state,20,3.5__Pendulum-v1__next-state__H20,10,10,state_delta,macro,10,100.0,macro_nrmse,0.004065864383425799,0.0009555314100983721,,,,,1000,16239389658067438901,,0.003910454625535586,paired_bootstrap_ddof1
Pendulum-v1,next-state,20,3.5__Pendulum-v1__next-state__H20,10,10,theta_from_state_delta,delta_theta,10,100.0,nrmse,0.0019545166011649823,0.00045644508472107687,,,,,1000,18417158661323638222,3.141592653589793,0.0018828916956388716,paired_bootstrap_ddof1
Pendulum-v1,next-state,20,3.5__Pendulum-v1__next-state__H20,10,10,theta_from_state_delta,delta_theta,10,100.0,pearson,-0.27300601131366947,,,,,,1000,18417158661323638222,3.141592653589793,,
Pendulum-v1,next-state,20,3.5__Pendulum-v1__next-state__H20,10,10,theta_from_state_delta,delta_theta,10,100.0,cosine,-0.2439778932579762,,,,,,1000,18417158661323638222,3.141592653589793,,
Pendulum-v1,next-state,20,3.5__Pendulum-v1__next-state__H20,20,20,state_value,cos(theta),19,95.0,nrmse,0.00013788445625315923,1.7284902246249862e-05,,,,,1000,10683480827675355531,2,0.00013633944791276463,paired_bootstrap_ddof1
Pendulum-v1,next-state,20,3.5__Pendulum-v1__next-state__H20,20,20,state_value,cos(theta),19,95.0,pearson,0.2796250579790307,,,,,,1000,10683480827675355531,2,,
Pendulum-v1,next-state,20,3.5__Pendulum-v1__next-state__H20,20,20,state_value,cos(theta),19,95.0,cosine,0.9999999620858472,,,,,,1000,10683480827675355531,2,,
Pendulum-v1,next-state,20,3.5__Pendulum-v1__next-state__H20,20,20,state_value,sin(theta),19,95.0,nrmse,0.002914373726592044,0.0004082912046350121,,,,,1000,10683480827675355531,2,0.0028748532685712314,paired_bootstrap_ddof1
Pendulum-v1,next-state,20,3.5__Pendulum-v1__next-state__H20,20,20,state_value,sin(theta),19,95.0,pearson,0.42672716473282357,,,,,,1000,10683480827675355531,2,,
Pendulum-v1,next-state,20,3.5__Pendulum-v1__next-state__H20,20,20,state_value,sin(theta),19,95.0,cosine,0.9921911752870664,,,,,,1000,10683480827675355531,2,,
Pendulum-v1,next-state,20,3.5__Pendulum-v1__next-state__H20,20,20,state_value,angular_velocity,19,95.0,nrmse,0.00925327131595211,0.0013405107377466967,,,,,1000,10683480827675355531,16,0.009110008810153607,paired_bootstrap_ddof1
Pendulum-v1,next-state,20,3.5__Pendulum-v1__next-state__H20,20,20,state_value,angular_velocity,19,95.0,pearson,-0.05243908881752813,,,,,,1000,10683480827675355531,16,,
Pendulum-v1,next-state,20,3.5__Pendulum-v1__next-state__H20,20,20,state_value,angular_velocity,19,95.0,cosine,-0.08961537354755227,,,,,,1000,10683480827675355531,16,,
Pendulum-v1,next-state,20,3.5__Pendulum-v1__next-state__H20,20,20,state_value,macro,19,95.0,macro_nrmse,0.004101843166265771,0.0005672664179534118,,,,,1000,10683480827675355531,,0.0040404005088792,paired_bootstrap_ddof1
Pendulum-v1,next-state,20,3.5__Pendulum-v1__next-state__H20,20,20,theta_from_state_value,delta_theta,19,95.0,nrmse,0.0018571500140860816,0.0002914790401284787,,,,,1000,9276472782655924108,3.141592653589793,0.0018365554926578738,paired_bootstrap_ddof1
Pendulum-v1,next-state,20,3.5__Pendulum-v1__next-state__H20,20,20,theta_from_state_value,delta_theta,19,95.0,pearson,-0.1047743210732303,,,,,,1000,9276472782655924108,3.141592653589793,,
Pendulum-v1,next-state,20,3.5__Pendulum-v1__next-state__H20,20,20,theta_from_state_value,delta_theta,19,95.0,cosine,-0.13544666360971308,,,,,,1000,9276472782655924108,3.141592653589793,,
Pendulum-v1,next-state,20,3.5__Pendulum-v1__next-state__H20,20,20,state_delta,cos(theta),18,90.0,nrmse,0.00014094495141811147,1.685502867674358e-05,,,,,1000,9135548330066742393,2,0.00014038404233767996,paired_bootstrap_ddof1
Pendulum-v1,next-state,20,3.5__Pendulum-v1__next-state__H20,20,20,state_delta,cos(theta),18,90.0,pearson,-0.2751057160383283,,,,,,1000,9135548330066742393,2,,
Pendulum-v1,next-state,20,3.5__Pendulum-v1__next-state__H20,20,20,state_delta,cos(theta),18,90.0,cosine,-0.1982072793347701,,,,,,1000,9135548330066742393,2,,
Pendulum-v1,next-state,20,3.5__Pendulum-v1__next-state__H20,20,20,state_delta,sin(theta),18,90.0,nrmse,0.0029366416970966185,0.0004397474237611689,,,,,1000,9135548330066742393,2,0.0029106983296140116,paired_bootstrap_ddof1
Pendulum-v1,next-state,20,3.5__Pendulum-v1__next-state__H20,20,20,state_delta,sin(theta),18,90.0,pearson,-0.03018766130524976,,,,,,1000,9135548330066742393,2,,
Pendulum-v1,next-state,20,3.5__Pendulum-v1__next-state__H20,20,20,state_delta,sin(theta),18,90.0,cosine,-0.039806951657305495,,,,,,1000,9135548330066742393,2,,
Pendulum-v1,next-state,20,3.5__Pendulum-v1__next-state__H20,20,20,state_delta,angular_velocity,18,90.0,nrmse,0.009313014308780428,0.0014022469949015036,,,,,1000,9135548330066742393,16,0.009202524773767895,paired_bootstrap_ddof1
Pendulum-v1,next-state,20,3.5__Pendulum-v1__next-state__H20,20,20,state_delta,angular_velocity,18,90.0,pearson,0.15580386031031435,,,,,,1000,9135548330066742393,16,,
Pendulum-v1,next-state,20,3.5__Pendulum-v1__next-state__H20,20,20,state_delta,angular_velocity,18,90.0,cosine,0.22390505879169215,,,,,,1000,9135548330066742393,16,,
Pendulum-v1,next-state,20,3.5__Pendulum-v1__next-state__H20,20,20,state_delta,macro,18,90.0,macro_nrmse,0.004130200319098386,0.0005962332974786023,,,,,1000,9135548330066742393,,0.004084535715239857,paired_bootstrap_ddof1
Pendulum-v1,next-state,20,3.5__Pendulum-v1__next-state__H20,20,20,theta_from_state_delta,delta_theta,18,90.0,nrmse,0.001871389966497243,0.0002782999211495135,,,,,1000,4988685907966758311,3.141592653589793,0.0018449980800741845,paired_bootstrap_ddof1
Pendulum-v1,next-state,20,3.5__Pendulum-v1__next-state__H20,20,20,theta_from_state_delta,delta_theta,18,90.0,pearson,-0.030799172409620365,,,,,,1000,4988685907966758311,3.141592653589793,,
Pendulum-v1,next-state,20,3.5__Pendulum-v1__next-state__H20,20,20,theta_from_state_delta,delta_theta,18,90.0,cosine,-0.04034040519548125,,,,,,1000,4988685907966758311,3.141592653589793,,
Pendulum-v1,next-state,20,3.5__Pendulum-v1__next-state__H20,30,30,state_value,cos(theta),27,90.0,nrmse,0.00012730586585345537,1.5229317626213472e-05,,,,,1000,7839497777295483537,2,0.00012709783564994836,paired_bootstrap_ddof1
Pendulum-v1,next-state,20,3.5__Pendulum-v1__next-state__H20,30,30,state_value,cos(theta),27,90.0,pearson,0.4818281351942191,,,,,,1000,7839497777295483537,2,,
Pendulum-v1,next-state,20,3.5__Pendulum-v1__next-state__H20,30,30,state_value,cos(theta),27,90.0,cosine,0.9999999676163478,,,,,,1000,7839497777295483537,2,,
Pendulum-v1,next-state,20,3.5__Pendulum-v1__next-state__H20,30,30,state_value,sin(theta),27,90.0,nrmse,0.0027588414735194534,0.00035535650781493304,,,,,1000,7839497777295483537,2,0.0027535880509830077,paired_bootstrap_ddof1
Pendulum-v1,next-state,20,3.5__Pendulum-v1__next-state__H20,30,30,state_value,sin(theta),27,90.0,pearson,0.5696348431160415,,,,,,1000,7839497777295483537,2,,
Pendulum-v1,next-state,20,3.5__Pendulum-v1__next-state__H20,30,30,state_value,sin(theta),27,90.0,cosine,0.9923634714658388,,,,,,1000,7839497777295483537,2,,
Pendulum-v1,next-state,20,3.5__Pendulum-v1__next-state__H20,30,30,state_value,angular_velocity,27,90.0,nrmse,0.009182080598111443,0.0011564886949509694,,,,,1000,7839497777295483537,16,0.009161127973375689,paired_bootstrap_ddof1
Pendulum-v1,next-state,20,3.5__Pendulum-v1__next-state__H20,30,30,state_value,angular_velocity,27,90.0,pearson,-0.08428003390869222,,,,,,1000,7839497777295483537,16,,
Pendulum-v1,next-state,20,3.5__Pendulum-v1__next-state__H20,30,30,state_value,angular_velocity,27,90.0,cosine,-0.086496104800029,,,,,,1000,7839497777295483537,16,,
Pendulum-v1,next-state,20,3.5__Pendulum-v1__next-state__H20,30,30,state_value,macro,27,90.0,macro_nrmse,0.004022742645828117,0.00048292809088951855,,,,,1000,7839497777295483537,,0.004013937953336208,paired_bootstrap_ddof1
Pendulum-v1,next-state,20,3.5__Pendulum-v1__next-state__H20,30,30,theta_from_state_value,delta_theta,27,90.0,nrmse,0.001757989185664078,0.0002108652125267469,,,,,1000,16927214911154860137,3.141592653589793,0.001737551632527522,paired_bootstrap_ddof1
Pendulum-v1,next-state,20,3.5__Pendulum-v1__next-state__H20,30,30,theta_from_state_value,delta_theta,27,90.0,pearson,-0.1287375930489785,,,,,,1000,16927214911154860137,3.141592653589793,,
Pendulum-v1,next-state,20,3.5__Pendulum-v1__next-state__H20,30,30,theta_from_state_value,delta_theta,27,90.0,cosine,-0.13141091476400815,,,,,,1000,16927214911154860137,3.141592653589793,,
Pendulum-v1,next-state,20,3.5__Pendulum-v1__next-state__H20,30,30,state_delta,cos(theta),24,80.0,nrmse,0.00013399335031068378,1.3896267136952104e-05,,,,,1000,165140268689336072,2,0.00013329363640771354,paired_bootstrap_ddof1
Pendulum-v1,next-state,20,3.5__Pendulum-v1__next-state__H20,30,30,state_delta,cos(theta),24,80.0,pearson,-0.2217498102441593,,,,,,1000,165140268689336072,2,,
Pendulum-v1,next-state,20,3.5__Pendulum-v1__next-state__H20,30,30,state_delta,cos(theta),24,80.0,cosine,-0.19744724065073047,,,,,,1000,165140268689336072,2,,
Pendulum-v1,next-state,20,3.5__Pendulum-v1__next-state__H20,30,30,state_delta,sin(theta),24,80.0,nrmse,0.002881018035174484,0.0003483341482117729,,,,,1000,165140268689336072,2,0.002861506457432544,paired_bootstrap_ddof1
Pendulum-v1,next-state,20,3.5__Pendulum-v1__next-state__H20,30,30,state_delta,sin(theta),24,80.0,pearson,-0.04768482749743997,,,,,,1000,165140268689336072,2,,
Pendulum-v1,next-state,20,3.5__Pendulum-v1__next-state__H20,30,30,state_delta,sin(theta),24,80.0,cosine,-0.048294263636456496,,,,,,1000,165140268689336072,2,,
Pendulum-v1,next-state,20,3.5__Pendulum-v1__next-state__H20,30,30,state_delta,angular_velocity,24,80.0,nrmse,0.009520376239163648,0.0011423658617646599,,,,,1000,165140268689336072,16,0.009457203301835608,paired_bootstrap_ddof1
Pendulum-v1,next-state,20,3.5__Pendulum-v1__next-state__H20,30,30,state_delta,angular_velocity,24,80.0,pearson,0.06718543886754787,,,,,,1000,165140268689336072,16,,
Pendulum-v1,next-state,20,3.5__Pendulum-v1__next-state__H20,30,30,state_delta,angular_velocity,24,80.0,cosine,0.09977919178808721,,,,,,1000,165140268689336072,16,,
Pendulum-v1,next-state,20,3.5__Pendulum-v1__next-state__H20,30,30,state_delta,macro,24,80.0,macro_nrmse,0.0041784625415496055,0.000470691485275184,,,,,1000,165140268689336072,,0.0041506677985586205,paired_bootstrap_ddof1
Pendulum-v1,next-state,20,3.5__Pendulum-v1__next-state__H20,30,30,theta_from_state_delta,delta_theta,24,80.0,nrmse,0.001835873205586579,0.00022245928174084283,,,,,1000,5989079379731543878,3.141592653589793,0.0018193153102426228,paired_bootstrap_ddof1
Pendulum-v1,next-state,20,3.5__Pendulum-v1__next-state__H20,30,30,theta_from_state_delta,delta_theta,24,80.0,pearson,-0.048237774308820563,,,,,,1000,5989079379731543878,3.141592653589793,,
Pendulum-v1,next-state,20,3.5__Pendulum-v1__next-state__H20,30,30,theta_from_state_delta,delta_theta,24,80.0,cosine,-0.04883693897197545,,,,,,1000,5989079379731543878,3.141592653589793,,
Pendulum-v1,next-state,30,3.5__Pendulum-v1__next-state__H30,10,10,state_value,cos(theta),10,100.0,nrmse,0.0001682369848793351,2.6783470554355173e-05,,,,,1000,4829124328093509611,2,0.00016656338942505424,paired_bootstrap_ddof1
Pendulum-v1,next-state,30,3.5__Pendulum-v1__next-state__H30,10,10,state_value,cos(theta),10,100.0,pearson,0.15046690836707405,,,,,,1000,4829124328093509611,2,,
Pendulum-v1,next-state,30,3.5__Pendulum-v1__next-state__H30,10,10,state_value,cos(theta),10,100.0,cosine,0.9999999444520763,,,,,,1000,4829124328093509611,2,,
Pendulum-v1,next-state,30,3.5__Pendulum-v1__next-state__H30,10,10,state_value,sin(theta),10,100.0,nrmse,0.013124068756888955,0.006528155227355795,,,,,1000,4829124328093509611,2,0.011440877061571993,paired_bootstrap_ddof1
Pendulum-v1,next-state,30,3.5__Pendulum-v1__next-state__H30,10,10,state_value,sin(theta),10,100.0,pearson,-0.4710010991088142,,,,,,1000,4829124328093509611,2,,
Pendulum-v1,next-state,30,3.5__Pendulum-v1__next-state__H30,10,10,state_value,sin(theta),10,100.0,cosine,0.8452334976589575,,,,,,1000,4829124328093509611,2,,
Pendulum-v1,next-state,30,3.5__Pendulum-v1__next-state__H30,10,10,state_value,angular_velocity,10,100.0,nrmse,0.009836690374529946,0.0020440283885805443,,,,,1000,4829124328093509611,16,0.009677340542995926,paired_bootstrap_ddof1
Pendulum-v1,next-state,30,3.5__Pendulum-v1__next-state__H30,10,10,state_value,angular_velocity,10,100.0,pearson,-0.31193546533777483,,,,,,1000,4829124328093509611,16,,
Pendulum-v1,next-state,30,3.5__Pendulum-v1__next-state__H30,10,10,state_value,angular_velocity,10,100.0,cosine,-0.31377403224256384,,,,,,1000,4829124328093509611,16,,
Pendulum-v1,next-state,30,3.5__Pendulum-v1__next-state__H30,10,10,state_value,macro,10,100.0,macro_nrmse,0.007709665372099411,0.0023849211696799102,,,,,1000,4829124328093509611,,0.007094926997997648,paired_bootstrap_ddof1
Pendulum-v1,next-state,30,3.5__Pendulum-v1__next-state__H30,10,10,theta_from_state_value,delta_theta,10,100.0,nrmse,0.008360802615168453,0.004097953751460696,,,,,1000,11841265721750432994,3.141592653589793,0.007165427097682777,paired_bootstrap_ddof1
Pendulum-v1,next-state,30,3.5__Pendulum-v1__next-state__H30,10,10,theta_from_state_value,delta_theta,10,100.0,pearson,-0.36584454001998806,,,,,,1000,11841265721750432994,3.141592653589793,,
Pendulum-v1,next-state,30,3.5__Pendulum-v1__next-state__H30,10,10,theta_from_state_value,delta_theta,10,100.0,cosine,-0.3629366302393744,,,,,,1000,11841265721750432994,3.141592653589793,,
Pendulum-v1,next-state,30,3.5__Pendulum-v1__next-state__H30,10,10,state_delta,cos(theta),10,100.0,nrmse,0.00020482438511497684,3.9567024384066796e-05,,,,,1000,16253003865376948748,2,0.00020083409254789718,paired_bootstrap_ddof1
Pendulum-v1,next-state,30,3.5__Pendulum-v1__next-state__H30,10,10,state_delta,cos(theta),10,100.0,pearson,-0.6081249291335225,,,,,,1000,16253003865376948748,2,,
Pendulum-v1,next-state,30,3.5__Pendulum-v1__next-state__H30,10,10,state_delta,cos(theta),10,100.0,cosine,-0.4757458299967488,,,,,,1000,16253003865376948748,2,,
Pendulum-v1,next-state,30,3.5__Pendulum-v1__next-state__H30,10,10,state_delta,sin(theta),10,100.0,nrmse,0.013131917260617304,0.006351575772536736,,,,,1000,16253003865376948748,2,0.011362522110323655,paired_bootstrap_ddof1
Pendulum-v1,next-state,30,3.5__Pendulum-v1__next-state__H30,10,10,state_delta,sin(theta),10,100.0,pearson,-0.3699382876383658,,,,,,1000,16253003865376948748,2,,
Pendulum-v1,next-state,30,3.5__Pendulum-v1__next-state__H30,10,10,state_delta,sin(theta),10,100.0,cosine,-0.36706710486838706,,,,,,1000,16253003865376948748,2,,
Pendulum-v1,next-state,30,3.5__Pendulum-v1__next-state__H30,10,10,state_delta,angular_velocity,10,100.0,nrmse,0.009834189846264454,0.0021302793047070392,,,,,1000,16253003865376948748,16,0.009606310587367219,paired_bootstrap_ddof1
Pendulum-v1,next-state,30,3.5__Pendulum-v1__next-state__H30,10,10,state_delta,angular_velocity,10,100.0,pearson,0.5107871621202646,,,,,,1000,16253003865376948748,16,,
Pendulum-v1,next-state,30,3.5__Pendulum-v1__next-state__H30,10,10,state_delta,angular_velocity,10,100.0,cosine,0.4890174505309355,,,,,,1000,16253003865376948748,16,,
Pendulum-v1,next-state,30,3.5__Pendulum-v1__next-state__H30,10,10,state_delta,macro,10,100.0,macro_nrmse,0.007723643830665578,0.0023538966669148,,,,,1000,16253003865376948748,,0.007056555596746256,paired_bootstrap_ddof1
Pendulum-v1,next-state,30,3.5__Pendulum-v1__next-state__H30,10,10,theta_from_state_delta,delta_theta,10,100.0,nrmse,0.008366052354474194,0.0042020463321300544,,,,,1000,7542537786367501236,3.141592653589793,0.007172298523239533,paired_bootstrap_ddof1
Pendulum-v1,next-state,30,3.5__Pendulum-v1__next-state__H30,10,10,theta_from_state_delta,delta_theta,10,100.0,pearson,-0.3701323238653225,,,,,,1000,7542537786367501236,3.141592653589793,,
Pendulum-v1,next-state,30,3.5__Pendulum-v1__next-state__H30,10,10,theta_from_state_delta,delta_theta,10,100.0,cosine,-0.3672625985081586,,,,,,1000,7542537786367501236,3.141592653589793,,
Pendulum-v1,next-state,30,3.5__Pendulum-v1__next-state__H30,20,20,state_value,cos(theta),17,85.0,nrmse,0.00015311629327207984,2.0817499350524333e-05,,,,,1000,16256090088454604074,2,0.00015115554370303822,paired_bootstrap_ddof1
Pendulum-v1,next-state,30,3.5__Pendulum-v1__next-state__H30,20,20,state_value,cos(theta),17,85.0,pearson,0.5453477954101495,,,,,,1000,16256090088454604074,2,,
Pendulum-v1,next-state,30,3.5__Pendulum-v1__next-state__H30,20,20,state_value,cos(theta),17,85.0,cosine,0.9999999551263856,,,,,,1000,16256090088454604074,2,,
Pendulum-v1,next-state,30,3.5__Pendulum-v1__next-state__H30,20,20,state_value,sin(theta),17,85.0,nrmse,0.01019518613137029,0.005008791335545938,,,,,1000,16256090088454604074,2,0.00912873365114623,paired_bootstrap_ddof1
Pendulum-v1,next-state,30,3.5__Pendulum-v1__next-state__H30,20,20,state_value,sin(theta),17,85.0,pearson,-0.1005309332701289,,,,,,1000,16256090088454604074,2,,
Pendulum-v1,next-state,30,3.5__Pendulum-v1__next-state__H30,20,20,state_value,sin(theta),17,85.0,cosine,0.9002023307720379,,,,,,1000,16256090088454604074,2,,
Pendulum-v1,next-state,30,3.5__Pendulum-v1__next-state__H30,20,20,state_value,angular_velocity,17,85.0,nrmse,0.010980745269688683,0.0013324516598737762,,,,,1000,16256090088454604074,16,0.010838199886363854,paired_bootstrap_ddof1
Pendulum-v1,next-state,30,3.5__Pendulum-v1__next-state__H30,20,20,state_value,angular_velocity,17,85.0,pearson,-0.37850938866069345,,,,,,1000,16256090088454604074,16,,
Pendulum-v1,next-state,30,3.5__Pendulum-v1__next-state__H30,20,20,state_value,angular_velocity,17,85.0,cosine,-0.37916960771204183,,,,,,1000,16256090088454604074,16,,
Pendulum-v1,next-state,30,3.5__Pendulum-v1__next-state__H30,20,20,state_value,macro,17,85.0,macro_nrmse,0.0071096825647770185,0.0017680148428421884,,,,,1000,16256090088454604074,,0.00670602969373771,paired_bootstrap_ddof1
Pendulum-v1,next-state,30,3.5__Pendulum-v1__next-state__H30,20,20,theta_from_state_value,delta_theta,17,85.0,nrmse,0.0064950124110568375,0.0031534675586183864,,,,,1000,666024866837255557,3.141592653589793,0.005696221905637495,paired_bootstrap_ddof1
Pendulum-v1,next-state,30,3.5__Pendulum-v1__next-state__H30,20,20,theta_from_state_value,delta_theta,17,85.0,pearson,-0.2813452388461472,,,,,,1000,666024866837255557,3.141592653589793,,
Pendulum-v1,next-state,30,3.5__Pendulum-v1__next-state__H30,20,20,theta_from_state_value,delta_theta,17,85.0,cosine,-0.28130423222328776,,,,,,1000,666024866837255557,3.141592653589793,,
Pendulum-v1,next-state,30,3.5__Pendulum-v1__next-state__H30,20,20,state_delta,cos(theta),17,85.0,nrmse,0.0001757848967469422,2.981530793881525e-05,,,,,1000,2723491147845779085,2,0.00017345935551876985,paired_bootstrap_ddof1
Pendulum-v1,next-state,30,3.5__Pendulum-v1__next-state__H30,20,20,state_delta,cos(theta),17,85.0,pearson,-0.4234362049104333,,,,,,1000,2723491147845779085,2,,
Pendulum-v1,next-state,30,3.5__Pendulum-v1__next-state__H30,20,20,state_delta,cos(theta),17,85.0,cosine,-0.34884149840328305,,,,,,1000,2723491147845779085,2,,
Pendulum-v1,next-state,30,3.5__Pendulum-v1__next-state__H30,20,20,state_delta,sin(theta),17,85.0,nrmse,0.010204074220044978,0.004919327928647344,,,,,1000,2723491147845779085,2,0.008761363034190289,paired_bootstrap_ddof1
Pendulum-v1,next-state,30,3.5__Pendulum-v1__next-state__H30,20,20,state_delta,sin(theta),17,85.0,pearson,-0.28546816227176125,,,,,,1000,2723491147845779085,2,,
Pendulum-v1,next-state,30,3.5__Pendulum-v1__next-state__H30,20,20,state_delta,sin(theta),17,85.0,cosine,-0.2854713239872453,,,,,,1000,2723491147845779085,2,,
Pendulum-v1,next-state,30,3.5__Pendulum-v1__next-state__H30,20,20,state_delta,angular_velocity,17,85.0,nrmse,0.010978717611191846,0.0013117210454085114,,,,,1000,2723491147845779085,16,0.01087735903144302,paired_bootstrap_ddof1
Pendulum-v1,next-state,30,3.5__Pendulum-v1__next-state__H30,20,20,state_delta,angular_velocity,17,85.0,pearson,0.2580624115231397,,,,,,1000,2723491147845779085,16,,
Pendulum-v1,next-state,30,3.5__Pendulum-v1__next-state__H30,20,20,state_delta,angular_velocity,17,85.0,cosine,0.25432176954416374,,,,,,1000,2723491147845779085,16,,
Pendulum-v1,next-state,30,3.5__Pendulum-v1__next-state__H30,20,20,state_delta,macro,17,85.0,macro_nrmse,0.0071195255759945895,0.0017231833054223923,,,,,1000,2723491147845779085,,0.006604060473717358,paired_bootstrap_ddof1
Pendulum-v1,next-state,30,3.5__Pendulum-v1__next-state__H30,20,20,theta_from_state_delta,delta_theta,17,85.0,nrmse,0.006500840648284618,0.003168110355397311,,,,,1000,9724082778100844391,3.141592653589793,0.005839536501312055,paired_bootstrap_ddof1
Pendulum-v1,next-state,30,3.5__Pendulum-v1__next-state__H30,20,20,theta_from_state_delta,delta_theta,17,85.0,pearson,-0.28567917680925536,,,,,,1000,9724082778100844391,3.141592653589793,,
Pendulum-v1,next-state,30,3.5__Pendulum-v1__next-state__H30,20,20,theta_from_state_delta,delta_theta,17,85.0,cosine,-0.28568168940875166,,,,,,1000,9724082778100844391,3.141592653589793,,
Pendulum-v1,next-state,30,3.5__Pendulum-v1__next-state__H30,30,30,state_value,cos(theta),26,86.66666666666667,nrmse,0.00014373240885530043,1.7129528371703156e-05,,,,,1000,10924855217345135982,2,0.00014220237756314106,paired_bootstrap_ddof1
Pendulum-v1,next-state,30,3.5__Pendulum-v1__next-state__H30,30,30,state_value,cos(theta),26,86.66666666666667,pearson,0.5567435012735641,,,,,,1000,10924855217345135982,2,,
Pendulum-v1,next-state,30,3.5__Pendulum-v1__next-state__H30,30,30,state_value,cos(theta),26,86.66666666666667,cosine,0.9999999606199698,,,,,,1000,10924855217345135982,2,,
Pendulum-v1,next-state,30,3.5__Pendulum-v1__next-state__H30,30,30,state_value,sin(theta),26,86.66666666666667,nrmse,0.00837286331569535,0.0038663895888876518,,,,,1000,10924855217345135982,2,0.007450406274789791,paired_bootstrap_ddof1
Pendulum-v1,next-state,30,3.5__Pendulum-v1__next-state__H30,30,30,state_value,sin(theta),26,86.66666666666667,pearson,-0.0027995088829136663,,,,,,1000,10924855217345135982,2,,
Pendulum-v1,next-state,30,3.5__Pendulum-v1__next-state__H30,30,30,state_value,sin(theta),26,86.66666666666667,cosine,0.9329996046145582,,,,,,1000,10924855217345135982,2,,
Pendulum-v1,next-state,30,3.5__Pendulum-v1__next-state__H30,30,30,state_value,angular_velocity,26,86.66666666666667,nrmse,0.010066362132376485,0.0010960955867592998,,,,,1000,10924855217345135982,16,0.00998773485093816,paired_bootstrap_ddof1
Pendulum-v1,next-state,30,3.5__Pendulum-v1__next-state__H30,30,30,state_value,angular_velocity,26,86.66666666666667,pearson,-0.2507748135298288,,,,,,1000,10924855217345135982,16,,
Pendulum-v1,next-state,30,3.5__Pendulum-v1__next-state__H30,30,30,state_value,angular_velocity,26,86.66666666666667,cosine,-0.2501675570293748,,,,,,1000,10924855217345135982,16,,
Pendulum-v1,next-state,30,3.5__Pendulum-v1__next-state__H30,30,30,state_value,macro,26,86.66666666666667,macro_nrmse,0.006194319285642379,0.0013665285278765403,,,,,1000,10924855217345135982,,0.0058601145010970315,paired_bootstrap_ddof1
Pendulum-v1,next-state,30,3.5__Pendulum-v1__next-state__H30,30,30,theta_from_state_value,delta_theta,26,86.66666666666667,nrmse,0.005334145549543942,0.002444090765086856,,,,,1000,2627764068909309302,3.141592653589793,0.004763885516047042,paired_bootstrap_ddof1
Pendulum-v1,next-state,30,3.5__Pendulum-v1__next-state__H30,30,30,theta_from_state_value,delta_theta,26,86.66666666666667,pearson,-0.24357539664409494,,,,,,1000,2627764068909309302,3.141592653589793,,
Pendulum-v1,next-state,30,3.5__Pendulum-v1__next-state__H30,30,30,theta_from_state_value,delta_theta,26,86.66666666666667,cosine,-0.23484200184993384,,,,,,1000,2627764068909309302,3.141592653589793,,
Pendulum-v1,next-state,30,3.5__Pendulum-v1__next-state__H30,30,30,state_delta,cos(theta),26,86.66666666666667,nrmse,0.0001581821515184421,2.2404147926037255e-05,,,,,1000,1252493085722110533,2,0.00015696289019995874,paired_bootstrap_ddof1
Pendulum-v1,next-state,30,3.5__Pendulum-v1__next-state__H30,30,30,state_delta,cos(theta),26,86.66666666666667,pearson,-0.3226927653671641,,,,,,1000,1252493085722110533,2,,
Pendulum-v1,next-state,30,3.5__Pendulum-v1__next-state__H30,30,30,state_delta,cos(theta),26,86.66666666666667,cosine,-0.30269942573210773,,,,,,1000,1252493085722110533,2,,
Pendulum-v1,next-state,30,3.5__Pendulum-v1__next-state__H30,30,30,state_delta,sin(theta),26,86.66666666666667,nrmse,0.008380713467895184,0.003784960202151971,,,,,1000,1252493085722110533,2,0.007489575321921243,paired_bootstrap_ddof1
Pendulum-v1,next-state,30,3.5__Pendulum-v1__next-state__H30,30,30,state_delta,sin(theta),26,86.66666666666667,pearson,-0.24680598050579144,,,,,,1000,1252493085722110533,2,,
Pendulum-v1,next-state,30,3.5__Pendulum-v1__next-state__H30,30,30,state_delta,sin(theta),26,86.66666666666667,cosine,-0.23846284051075917,,,,,,1000,1252493085722110533,2,,
Pendulum-v1,next-state,30,3.5__Pendulum-v1__next-state__H30,30,30,state_delta,angular_velocity,26,86.66666666666667,nrmse,0.010065026101407692,0.001076201344064954,,,,,1000,1252493085722110533,16,0.010067219071176714,paired_bootstrap_ddof1
Pendulum-v1,next-state,30,3.5__Pendulum-v1__next-state__H30,30,30,state_delta,angular_velocity,26,86.66666666666667,pearson,0.24427548633744955,,,,,,1000,1252493085722110533,16,,
Pendulum-v1,next-state,30,3.5__Pendulum-v1__next-state__H30,30,30,state_delta,angular_velocity,26,86.66666666666667,cosine,0.24448782931198687,,,,,,1000,1252493085722110533,16,,
Pendulum-v1,next-state,30,3.5__Pendulum-v1__next-state__H30,30,30,state_delta,macro,26,86.66666666666667,macro_nrmse,0.006201307240273773,0.0013187054447316036,,,,,1000,1252493085722110533,,0.005904585761099303,paired_bootstrap_ddof1
Pendulum-v1,next-state,30,3.5__Pendulum-v1__next-state__H30,30,30,theta_from_state_delta,delta_theta,26,86.66666666666667,nrmse,0.005339261417567161,0.0024765463901222176,,,,,1000,17772086519138148014,3.141592653589793,0.0048663377707998745,paired_bootstrap_ddof1
Pendulum-v1,next-state,30,3.5__Pendulum-v1__next-state__H30,30,30,theta_from_state_delta,delta_theta,26,86.66666666666667,pearson,-0.24698340125371462,,,,,,1000,17772086519138148014,3.141592653589793,,
Pendulum-v1,next-state,30,3.5__Pendulum-v1__next-state__H30,30,30,theta_from_state_delta,delta_theta,26,86.66666666666667,cosine,-0.23864799428392508,,,,,,1000,17772086519138148014,3.141592653589793,,
Pendulum-v1,next-state,5,3.5__Pendulum-v1__next-state__H5,10,10,state_value,cos(theta),8,80.0,nrmse,0.0005629807919910956,0.00020218481722325763,,,,,1000,2966042056514673596,2,0.0005262875577871983,paired_bootstrap_ddof1
Pendulum-v1,next-state,5,3.5__Pendulum-v1__next-state__H5,10,10,state_value,cos(theta),8,80.0,pearson,0.817202796887434,,,,,,1000,2966042056514673596,2,,
Pendulum-v1,next-state,5,3.5__Pendulum-v1__next-state__H5,10,10,state_value,cos(theta),8,80.0,cosine,0.9999995419201071,,,,,,1000,2966042056514673596,2,,
Pendulum-v1,next-state,5,3.5__Pendulum-v1__next-state__H5,10,10,state_value,sin(theta),8,80.0,nrmse,0.008106811097176867,0.0029267963919922843,,,,,1000,2966042056514673596,2,0.007586057799710473,paired_bootstrap_ddof1
Pendulum-v1,next-state,5,3.5__Pendulum-v1__next-state__H5,10,10,state_value,sin(theta),8,80.0,pearson,0.9940147785549378,,,,,,1000,2966042056514673596,2,,
Pendulum-v1,next-state,5,3.5__Pendulum-v1__next-state__H5,10,10,state_value,sin(theta),8,80.0,cosine,0.9768679064564009,,,,,,1000,2966042056514673596,2,,
Pendulum-v1,next-state,5,3.5__Pendulum-v1__next-state__H5,10,10,state_value,angular_velocity,8,80.0,nrmse,0.008727251706656261,0.001687304347777941,,,,,1000,2966042056514673596,16,0.008559391960159517,paired_bootstrap_ddof1
Pendulum-v1,next-state,5,3.5__Pendulum-v1__next-state__H5,10,10,state_value,angular_velocity,8,80.0,pearson,0.9116575389163205,,,,,,1000,2966042056514673596,16,,
Pendulum-v1,next-state,5,3.5__Pendulum-v1__next-state__H5,10,10,state_value,angular_velocity,8,80.0,cosine,0.9183808887300373,,,,,,1000,2966042056514673596,16,,
Pendulum-v1,next-state,5,3.5__Pendulum-v1__next-state__H5,10,10,state_value,macro,8,80.0,macro_nrmse,0.005799014531941408,0.0014154645909720952,,,,,1000,2966042056514673596,,0.0055572457725523924,paired_bootstrap_ddof1
Pendulum-v1,next-state,5,3.5__Pendulum-v1__next-state__H5,10,10,theta_from_state_value,delta_theta,8,80.0,nrmse,0.005173682361795072,0.0018511490825567514,,,,,1000,11511081683840931013,3.141592653589793,0.004751287396067994,paired_bootstrap_ddof1
Pendulum-v1,next-state,5,3.5__Pendulum-v1__next-state__H5,10,10,theta_from_state_value,delta_theta,8,80.0,pearson,-0.33550566305770785,,,,,,1000,11511081683840931013,3.141592653589793,,
Pendulum-v1,next-state,5,3.5__Pendulum-v1__next-state__H5,10,10,theta_from_state_value,delta_theta,8,80.0,cosine,-0.0448618820980845,,,,,,1000,11511081683840931013,3.141592653589793,,
Pendulum-v1,next-state,5,3.5__Pendulum-v1__next-state__H5,10,10,state_delta,cos(theta),8,80.0,nrmse,0.0005596566254360557,0.00020365696201892755,,,,,1000,2841872178463186515,2,0.0005114920067082885,paired_bootstrap_ddof1
Pendulum-v1,next-state,5,3.5__Pendulum-v1__next-state__H5,10,10,state_delta,cos(theta),8,80.0,pearson,,,constant_vector,,,,1000,2841872178463186515,2,,
Pendulum-v1,next-state,5,3.5__Pendulum-v1__next-state__H5,10,10,state_delta,cos(theta),8,80.0,cosine,,,zero_norm_vector,,,,1000,2841872178463186515,2,,
Pendulum-v1,next-state,5,3.5__Pendulum-v1__next-state__H5,10,10,state_delta,sin(theta),8,80.0,nrmse,0.007981847528883331,0.002931744340054186,,,,,1000,2841872178463186515,2,0.007269530265278577,paired_bootstrap_ddof1
Pendulum-v1,next-state,5,3.5__Pendulum-v1__next-state__H5,10,10,state_delta,sin(theta),8,80.0,pearson,0.5871177366187273,,,,,,1000,2841872178463186515,2,,
Pendulum-v1,next-state,5,3.5__Pendulum-v1__next-state__H5,10,10,state_delta,sin(theta),8,80.0,cosine,0.5464014176911025,,,,,,1000,2841872178463186515,2,,
Pendulum-v1,next-state,5,3.5__Pendulum-v1__next-state__H5,10,10,state_delta,angular_velocity,8,80.0,nrmse,0.008700426956893102,0.0016558471387549964,,,,,1000,2841872178463186515,16,0.008475097041189088,paired_bootstrap_ddof1
Pendulum-v1,next-state,5,3.5__Pendulum-v1__next-state__H5,10,10,state_delta,angular_velocity,8,80.0,pearson,0.14191444742039022,,,,,,1000,2841872178463186515,16,,
Pendulum-v1,next-state,5,3.5__Pendulum-v1__next-state__H5,10,10,state_delta,angular_velocity,8,80.0,cosine,0.12994702145427434,,,,,,1000,2841872178463186515,16,,
Pendulum-v1,next-state,5,3.5__Pendulum-v1__next-state__H5,10,10,state_delta,macro,8,80.0,macro_nrmse,0.005747310370404163,0.0014106291539210103,,,,,1000,2841872178463186515,,0.005418706437725319,paired_bootstrap_ddof1
Pendulum-v1,next-state,5,3.5__Pendulum-v1__next-state__H5,10,10,theta_from_state_delta,delta_theta,8,80.0,nrmse,0.00509420156190737,0.001880337287517648,,,,,1000,14053962893533064899,3.141592653589793,0.004800527489055775,paired_bootstrap_ddof1
Pendulum-v1,next-state,5,3.5__Pendulum-v1__next-state__H5,10,10,theta_from_state_delta,delta_theta,8,80.0,pearson,0.5863377987670373,,,,,,1000,14053962893533064899,3.141592653589793,,
Pendulum-v1,next-state,5,3.5__Pendulum-v1__next-state__H5,10,10,theta_from_state_delta,delta_theta,8,80.0,cosine,0.5454928104561745,,,,,,1000,14053962893533064899,3.141592653589793,,
Pendulum-v1,next-state,5,3.5__Pendulum-v1__next-state__H5,20,20,state_value,cos(theta),16,80.0,nrmse,0.00040661387717709274,0.00014170999656266332,,,,,1000,4146590996510975253,2,0.00038570036357117083,paired_bootstrap_ddof1
Pendulum-v1,next-state,5,3.5__Pendulum-v1__next-state__H5,20,20,state_value,cos(theta),16,80.0,pearson,0.8028963014119463,,,,,,1000,4146590996510975253,2,,
Pendulum-v1,next-state,5,3.5__Pendulum-v1__next-state__H5,20,20,state_value,cos(theta),16,80.0,cosine,0.999999694946764,,,,,,1000,4146590996510975253,2,,
Pendulum-v1,next-state,5,3.5__Pendulum-v1__next-state__H5,20,20,state_value,sin(theta),16,80.0,nrmse,0.00594871341220113,0.0020152114188258393,,,,,1000,4146590996510975253,2,0.005653688970093123,paired_bootstrap_ddof1
Pendulum-v1,next-state,5,3.5__Pendulum-v1__next-state__H5,20,20,state_value,sin(theta),16,80.0,pearson,0.9910682476240505,,,,,,1000,4146590996510975253,2,,
Pendulum-v1,next-state,5,3.5__Pendulum-v1__next-state__H5,20,20,state_value,sin(theta),16,80.0,cosine,0.9769043004053897,,,,,,1000,4146590996510975253,2,,
Pendulum-v1,next-state,5,3.5__Pendulum-v1__next-state__H5,20,20,state_value,angular_velocity,16,80.0,nrmse,0.009206020894171106,0.0012013777824789586,,,,,1000,4146590996510975253,16,0.009164308030561818,paired_bootstrap_ddof1
Pendulum-v1,next-state,5,3.5__Pendulum-v1__next-state__H5,20,20,state_value,angular_velocity,16,80.0,pearson,0.7436591454006325,,,,,,1000,4146590996510975253,16,,
Pendulum-v1,next-state,5,3.5__Pendulum-v1__next-state__H5,20,20,state_value,angular_velocity,16,80.0,cosine,0.7889482270878813,,,,,,1000,4146590996510975253,16,,
Pendulum-v1,next-state,5,3.5__Pendulum-v1__next-state__H5,20,20,state_value,macro,16,80.0,macro_nrmse,0.005187116061183109,0.0009304925185337118,,,,,1000,4146590996510975253,,0.0050678991214087015,paired_bootstrap_ddof1
Pendulum-v1,next-state,5,3.5__Pendulum-v1__next-state__H5,20,20,theta_from_state_value,delta_theta,16,80.0,nrmse,0.003796052790487395,0.0012554390315527423,,,,,1000,14520215685544491357,3.141592653589793,0.003641102213271244,paired_bootstrap_ddof1
Pendulum-v1,next-state,5,3.5__Pendulum-v1__next-state__H5,20,20,theta_from_state_value,delta_theta,16,80.0,pearson,-0.028108292285340092,,,,,,1000,14520215685544491357,3.141592653589793,,
Pendulum-v1,next-state,5,3.5__Pendulum-v1__next-state__H5,20,20,theta_from_state_value,delta_theta,16,80.0,cosine,0.10352643538900903,,,,,,1000,14520215685544491357,3.141592653589793,,
Pendulum-v1,next-state,5,3.5__Pendulum-v1__next-state__H5,20,20,state_delta,cos(theta),15,75.0,nrmse,0.00041400359749283816,0.00015060164128903863,,,,,1000,1537405518917975871,2,0.00038233815773998906,paired_bootstrap_ddof1
Pendulum-v1,next-state,5,3.5__Pendulum-v1__next-state__H5,20,20,state_delta,cos(theta),15,75.0,pearson,0.1500767615773595,,,,,,1000,1537405518917975871,2,,
Pendulum-v1,next-state,5,3.5__Pendulum-v1__next-state__H5,20,20,state_delta,cos(theta),15,75.0,cosine,0.06801462020856047,,,,,,1000,1537405518917975871,2,,
Pendulum-v1,next-state,5,3.5__Pendulum-v1__next-state__H5,20,20,state_delta,sin(theta),15,75.0,nrmse,0.005997824779471051,0.002126066223114005,,,,,1000,1537405518917975871,2,0.005556958098833755,paired_bootstrap_ddof1
Pendulum-v1,next-state,5,3.5__Pendulum-v1__next-state__H5,20,20,state_delta,sin(theta),15,75.0,pearson,0.15722498634542353,,,,,,1000,1537405518917975871,2,,
Pendulum-v1,next-state,5,3.5__Pendulum-v1__next-state__H5,20,20,state_delta,sin(theta),15,75.0,cosine,0.279005427961502,,,,,,1000,1537405518917975871,2,,
Pendulum-v1,next-state,5,3.5__Pendulum-v1__next-state__H5,20,20,state_delta,angular_velocity,15,75.0,nrmse,0.009347541250039018,0.0012125987064348892,,,,,1000,1537405518917975871,16,0.009256122865895005,paired_bootstrap_ddof1
Pendulum-v1,next-state,5,3.5__Pendulum-v1__next-state__H5,20,20,state_delta,angular_velocity,15,75.0,pearson,0.4193740891221319,,,,,,1000,1537405518917975871,16,,
Pendulum-v1,next-state,5,3.5__Pendulum-v1__next-state__H5,20,20,state_delta,angular_velocity,15,75.0,cosine,0.40604510212790884,,,,,,1000,1537405518917975871,16,,
Pendulum-v1,next-state,5,3.5__Pendulum-v1__next-state__H5,20,20,state_delta,macro,15,75.0,macro_nrmse,0.005253123209000969,0.0009697799160845855,,,,,1000,1537405518917975871,,0.005065139707489584,paired_bootstrap_ddof1
Pendulum-v1,next-state,5,3.5__Pendulum-v1__next-state__H5,20,20,theta_from_state_delta,delta_theta,15,75.0,nrmse,0.0038276252178054675,0.0013084447042910434,,,,,1000,4985657110978489446,3.141592653589793,0.0036208000412699436,paired_bootstrap_ddof1
Pendulum-v1,next-state,5,3.5__Pendulum-v1__next-state__H5,20,20,theta_from_state_delta,delta_theta,15,75.0,pearson,0.15640628754656263,,,,,,1000,4985657110978489446,3.141592653589793,,
Pendulum-v1,next-state,5,3.5__Pendulum-v1__next-state__H5,20,20,theta_from_state_delta,delta_theta,15,75.0,cosine,0.2782195174656152,,,,,,1000,4985657110978489446,3.141592653589793,,
Pendulum-v1,next-state,5,3.5__Pendulum-v1__next-state__H5,30,30,state_value,cos(theta),23,76.66666666666667,nrmse,0.0005261868747007507,0.00012384221169863194,,,,,1000,12933532892842577262,2,0.0005145427038240846,paired_bootstrap_ddof1
Pendulum-v1,next-state,5,3.5__Pendulum-v1__next-state__H5,30,30,state_value,cos(theta),23,76.66666666666667,pearson,0.9678346492976208,,,,,,1000,12933532892842577262,2,,
Pendulum-v1,next-state,5,3.5__Pendulum-v1__next-state__H5,30,30,state_value,cos(theta),23,76.66666666666667,cosine,0.9999995365296632,,,,,,1000,12933532892842577262,2,,
Pendulum-v1,next-state,5,3.5__Pendulum-v1__next-state__H5,30,30,state_value,sin(theta),23,76.66666666666667,nrmse,0.009692621216547284,0.003095252621162342,,,,,1000,12933532892842577262,2,0.009232904207336409,paired_bootstrap_ddof1
Pendulum-v1,next-state,5,3.5__Pendulum-v1__next-state__H5,30,30,state_value,sin(theta),23,76.66666666666667,pearson,0.9722920679309416,,,,,,1000,12933532892842577262,2,,
Pendulum-v1,next-state,5,3.5__Pendulum-v1__next-state__H5,30,30,state_value,sin(theta),23,76.66666666666667,cosine,0.9577763756554798,,,,,,1000,12933532892842577262,2,,
Pendulum-v1,next-state,5,3.5__Pendulum-v1__next-state__H5,30,30,state_value,angular_velocity,23,76.66666666666667,nrmse,0.009025710896577208,0.0010194372409648212,,,,,1000,12933532892842577262,16,0.008989851376019502,paired_bootstrap_ddof1
Pendulum-v1,next-state,5,3.5__Pendulum-v1__next-state__H5,30,30,state_value,angular_velocity,23,76.66666666666667,pearson,0.7700509173709736,,,,,,1000,12933532892842577262,16,,
Pendulum-v1,next-state,5,3.5__Pendulum-v1__next-state__H5,30,30,state_value,angular_velocity,23,76.66666666666667,cosine,0.8308413541168307,,,,,,1000,12933532892842577262,16,,
Pendulum-v1,next-state,5,3.5__Pendulum-v1__next-state__H5,30,30,state_value,macro,23,76.66666666666667,macro_nrmse,0.006414839662608414,0.001253850049086545,,,,,1000,12933532892842577262,,0.006245766095726665,paired_bootstrap_ddof1
Pendulum-v1,next-state,5,3.5__Pendulum-v1__next-state__H5,30,30,theta_from_state_value,delta_theta,23,76.66666666666667,nrmse,0.006169930904776024,0.0021181528070208077,,,,,1000,9581722076520648885,3.141592653589793,0.005909381870339971,paired_bootstrap_ddof1
Pendulum-v1,next-state,5,3.5__Pendulum-v1__next-state__H5,30,30,theta_from_state_value,delta_theta,23,76.66666666666667,pearson,-0.34903625794293014,,,,,,1000,9581722076520648885,3.141592653589793,,
Pendulum-v1,next-state,5,3.5__Pendulum-v1__next-state__H5,30,30,theta_from_state_value,delta_theta,23,76.66666666666667,cosine,-0.38848380973698005,,,,,,1000,9581722076520648885,3.141592653589793,,
Pendulum-v1,next-state,5,3.5__Pendulum-v1__next-state__H5,30,30,state_delta,cos(theta),22,73.33333333333333,nrmse,0.0005318304215432211,0.0001289730555280263,,,,,1000,716322265984456552,2,0.0005092624840854,paired_bootstrap_ddof1
Pendulum-v1,next-state,5,3.5__Pendulum-v1__next-state__H5,30,30,state_delta,cos(theta),22,73.33333333333333,pearson,-0.3437539424955589,,,,,,1000,716322265984456552,2,,
Pendulum-v1,next-state,5,3.5__Pendulum-v1__next-state__H5,30,30,state_delta,cos(theta),22,73.33333333333333,cosine,-0.40770969128400264,,,,,,1000,716322265984456552,2,,
Pendulum-v1,next-state,5,3.5__Pendulum-v1__next-state__H5,30,30,state_delta,sin(theta),22,73.33333333333333,nrmse,0.00984824177977471,0.003259594290791414,,,,,1000,716322265984456552,2,0.00941595133099754,paired_bootstrap_ddof1
Pendulum-v1,next-state,5,3.5__Pendulum-v1__next-state__H5,30,30,state_delta,sin(theta),22,73.33333333333333,pearson,-0.3376049328027345,,,,,,1000,716322265984456552,2,,
Pendulum-v1,next-state,5,3.5__Pendulum-v1__next-state__H5,30,30,state_delta,sin(theta),22,73.33333333333333,cosine,-0.3791543327303906,,,,,,1000,716322265984456552,2,,
Pendulum-v1,next-state,5,3.5__Pendulum-v1__next-state__H5,30,30,state_delta,angular_velocity,22,73.33333333333333,nrmse,0.009116409621939483,0.001055347293850865,,,,,1000,716322265984456552,16,0.009095515788953863,paired_bootstrap_ddof1
Pendulum-v1,next-state,5,3.5__Pendulum-v1__next-state__H5,30,30,state_delta,angular_velocity,22,73.33333333333333,pearson,0.3976493979741358,,,,,,1000,716322265984456552,16,,
Pendulum-v1,next-state,5,3.5__Pendulum-v1__next-state__H5,30,30,state_delta,angular_velocity,22,73.33333333333333,cosine,0.40303262805473855,,,,,,1000,716322265984456552,16,,
Pendulum-v1,next-state,5,3.5__Pendulum-v1__next-state__H5,30,30,state_delta,macro,22,73.33333333333333,macro_nrmse,0.006498827274419139,0.0013135291778984713,,,,,1000,716322265984456552,,0.006340243201345596,paired_bootstrap_ddof1
Pendulum-v1,next-state,5,3.5__Pendulum-v1__next-state__H5,30,30,theta_from_state_delta,delta_theta,22,73.33333333333333,nrmse,0.006268698222508038,0.0019821046955047685,,,,,1000,13720490986316036378,3.141592653589793,0.005853741003109322,paired_bootstrap_ddof1
Pendulum-v1,next-state,5,3.5__Pendulum-v1__next-state__H5,30,30,theta_from_state_delta,delta_theta,22,73.33333333333333,pearson,-0.3370691727637322,,,,,,1000,13720490986316036378,3.141592653589793,,
Pendulum-v1,next-state,5,3.5__Pendulum-v1__next-state__H5,30,30,theta_from_state_delta,delta_theta,22,73.33333333333333,cosine,-0.3789178269626945,,,,,,1000,13720490986316036378,3.141592653589793,,
MountainCar-v0,last-state,10,3.5__MountainCar-v0__last-state__H10,10,10,direction,position,10,100.0,accuracy,30.0,,,,,,,,,,
MountainCar-v0,last-state,10,3.5__MountainCar-v0__last-state__H10,10,10,direction,velocity,10,100.0,accuracy,30.0,,,,,,,,,,
MountainCar-v0,last-state,10,3.5__MountainCar-v0__last-state__H10,20,20,direction,position,20,100.0,accuracy,35.0,,,,,,,,,,
MountainCar-v0,last-state,10,3.5__MountainCar-v0__last-state__H10,20,20,direction,velocity,20,100.0,accuracy,25.0,,,,,,,,,,
MountainCar-v0,last-state,10,3.5__MountainCar-v0__last-state__H10,30,30,direction,position,30,100.0,accuracy,46.666666666666664,,,,,,,,,,
MountainCar-v0,last-state,10,3.5__MountainCar-v0__last-state__H10,30,30,direction,velocity,30,100.0,accuracy,30.0,,,,,,,,,,
MountainCar-v0,last-state,20,3.5__MountainCar-v0__last-state__H20,10,10,direction,position,10,100.0,accuracy,40.0,,,,,,,,,,
MountainCar-v0,last-state,20,3.5__MountainCar-v0__last-state__H20,10,10,direction,velocity,10,100.0,accuracy,60.0,,,,,,,,,,
MountainCar-v0,last-state,20,3.5__MountainCar-v0__last-state__H20,20,20,direction,position,20,100.0,accuracy,50.0,,,,,,,,,,
MountainCar-v0,last-state,20,3.5__MountainCar-v0__last-state__H20,20,20,direction,velocity,20,100.0,accuracy,50.0,,,,,,,,,,
MountainCar-v0,last-state,20,3.5__MountainCar-v0__last-state__H20,30,30,direction,position,30,100.0,accuracy,43.333333333333336,,,,,,,,,,
MountainCar-v0,last-state,20,3.5__MountainCar-v0__last-state__H20,30,30,direction,velocity,30,100.0,accuracy,53.333333333333336,,,,,,,,,,
MountainCar-v0,last-state,30,3.5__MountainCar-v0__last-state__H30,10,10,direction,position,10,100.0,accuracy,40.0,,,,,,,,,,
MountainCar-v0,last-state,30,3.5__MountainCar-v0__last-state__H30,10,10,direction,velocity,10,100.0,accuracy,70.0,,,,,,,,,,
MountainCar-v0,last-state,30,3.5__MountainCar-v0__last-state__H30,20,20,direction,position,20,100.0,accuracy,55.00000000000001,,,,,,,,,,
MountainCar-v0,last-state,30,3.5__MountainCar-v0__last-state__H30,20,20,direction,velocity,20,100.0,accuracy,55.00000000000001,,,,,,,,,,
MountainCar-v0,last-state,30,3.5__MountainCar-v0__last-state__H30,30,30,direction,position,30,100.0,accuracy,53.333333333333336,,,,,,,,,,
MountainCar-v0,last-state,30,3.5__MountainCar-v0__last-state__H30,30,30,direction,velocity,30,100.0,accuracy,50.0,,,,,,,,,,
MountainCar-v0,last-state,5,3.5__MountainCar-v0__last-state__H5,10,10,direction,position,10,100.0,accuracy,70.0,,,,,,,,,,
MountainCar-v0,last-state,5,3.5__MountainCar-v0__last-state__H5,10,10,direction,velocity,10,100.0,accuracy,50.0,,,,,,,,,,
MountainCar-v0,last-state,5,3.5__MountainCar-v0__last-state__H5,20,20,direction,position,19,95.0,accuracy,68.42105263157895,,,,,,,,,,
MountainCar-v0,last-state,5,3.5__MountainCar-v0__last-state__H5,20,20,direction,velocity,19,95.0,accuracy,63.1578947368421,,,,,,,,,,
MountainCar-v0,last-state,5,3.5__MountainCar-v0__last-state__H5,30,30,direction,position,29,96.66666666666667,accuracy,65.51724137931035,,,,,,,,,,
MountainCar-v0,last-state,5,3.5__MountainCar-v0__last-state__H5,30,30,direction,velocity,29,96.66666666666667,accuracy,58.620689655172406,,,,,,,,,,
MountainCar-v0,next-state,10,3.5__MountainCar-v0__next-state__H10,10,10,direction,position,10,100.0,accuracy,90.0,,,,,,,,,,
MountainCar-v0,next-state,10,3.5__MountainCar-v0__next-state__H10,10,10,direction,velocity,10,100.0,accuracy,80.0,,,,,,,,,,
MountainCar-v0,next-state,10,3.5__MountainCar-v0__next-state__H10,20,20,direction,position,20,100.0,accuracy,90.0,,,,,,,,,,
MountainCar-v0,next-state,10,3.5__MountainCar-v0__next-state__H10,20,20,direction,velocity,20,100.0,accuracy,75.0,,,,,,,,,,
MountainCar-v0,next-state,10,3.5__MountainCar-v0__next-state__H10,30,30,direction,position,30,100.0,accuracy,83.33333333333334,,,,,,,,,,
MountainCar-v0,next-state,10,3.5__MountainCar-v0__next-state__H10,30,30,direction,velocity,30,100.0,accuracy,80.0,,,,,,,,,,
MountainCar-v0,next-state,20,3.5__MountainCar-v0__next-state__H20,10,10,direction,position,10,100.0,accuracy,90.0,,,,,,,,,,
MountainCar-v0,next-state,20,3.5__MountainCar-v0__next-state__H20,10,10,direction,velocity,10,100.0,accuracy,50.0,,,,,,,,,,
MountainCar-v0,next-state,20,3.5__MountainCar-v0__next-state__H20,20,20,direction,position,20,100.0,accuracy,95.0,,,,,,,,,,
MountainCar-v0,next-state,20,3.5__MountainCar-v0__next-state__H20,20,20,direction,velocity,20,100.0,accuracy,60.0,,,,,,,,,,
MountainCar-v0,next-state,20,3.5__MountainCar-v0__next-state__H20,30,30,direction,position,30,100.0,accuracy,90.0,,,,,,,,,,
MountainCar-v0,next-state,20,3.5__MountainCar-v0__next-state__H20,30,30,direction,velocity,30,100.0,accuracy,53.333333333333336,,,,,,,,,,
MountainCar-v0,next-state,30,3.5__MountainCar-v0__next-state__H30,10,10,direction,position,10,100.0,accuracy,100.0,,,,,,,,,,
MountainCar-v0,next-state,30,3.5__MountainCar-v0__next-state__H30,10,10,direction,velocity,10,100.0,accuracy,40.0,,,,,,,,,,
MountainCar-v0,next-state,30,3.5__MountainCar-v0__next-state__H30,20,20,direction,position,20,100.0,accuracy,95.0,,,,,,,,,,
MountainCar-v0,next-state,30,3.5__MountainCar-v0__next-state__H30,20,20,direction,velocity,20,100.0,accuracy,35.0,,,,,,,,,,
MountainCar-v0,next-state,30,3.5__MountainCar-v0__next-state__H30,30,30,direction,position,30,100.0,accuracy,93.33333333333333,,,,,,,,,,
MountainCar-v0,next-state,30,3.5__MountainCar-v0__next-state__H30,30,30,direction,velocity,30,100.0,accuracy,43.333333333333336,,,,,,,,,,
MountainCar-v0,next-state,5,3.5__MountainCar-v0__next-state__H5,10,10,direction,position,9,90.0,accuracy,77.77777777777779,,,,,,,,,,
MountainCar-v0,next-state,5,3.5__MountainCar-v0__next-state__H5,10,10,direction,velocity,9,90.0,accuracy,55.55555555555556,,,,,,,,,,
MountainCar-v0,next-state,5,3.5__MountainCar-v0__next-state__H5,20,20,direction,position,19,95.0,accuracy,78.94736842105263,,,,,,,,,,
MountainCar-v0,next-state,5,3.5__MountainCar-v0__next-state__H5,20,20,direction,velocity,19,95.0,accuracy,73.68421052631578,,,,,,,,,,
MountainCar-v0,next-state,5,3.5__MountainCar-v0__next-state__H5,30,30,direction,position,29,96.66666666666667,accuracy,75.86206896551724,,,,,,,,,,
MountainCar-v0,next-state,5,3.5__MountainCar-v0__next-state__H5,30,30,direction,velocity,29,96.66666666666667,accuracy,79.3103448275862,,,,,,,,,,
Pendulum-v1,last-state,10,3.5__Pendulum-v1__last-state__H10,10,10,direction,cos(theta),10,100.0,accuracy,30.0,,,,,,,,,,
Pendulum-v1,last-state,10,3.5__Pendulum-v1__last-state__H10,10,10,direction,sin(theta),10,100.0,accuracy,30.0,,,,,,,,,,
Pendulum-v1,last-state,10,3.5__Pendulum-v1__last-state__H10,10,10,direction,angular_velocity,10,100.0,accuracy,30.0,,,,,,,,,,
Pendulum-v1,last-state,10,3.5__Pendulum-v1__last-state__H10,20,20,direction,cos(theta),20,100.0,accuracy,30.0,,,,,,,,,,
Pendulum-v1,last-state,10,3.5__Pendulum-v1__last-state__H10,20,20,direction,sin(theta),20,100.0,accuracy,35.0,,,,,,,,,,
Pendulum-v1,last-state,10,3.5__Pendulum-v1__last-state__H10,20,20,direction,angular_velocity,20,100.0,accuracy,40.0,,,,,,,,,,
Pendulum-v1,last-state,10,3.5__Pendulum-v1__last-state__H10,30,30,direction,cos(theta),29,96.66666666666667,accuracy,31.03448275862069,,,,,,,,,,
Pendulum-v1,last-state,10,3.5__Pendulum-v1__last-state__H10,30,30,direction,sin(theta),29,96.66666666666667,accuracy,37.93103448275862,,,,,,,,,,
Pendulum-v1,last-state,10,3.5__Pendulum-v1__last-state__H10,30,30,direction,angular_velocity,29,96.66666666666667,accuracy,44.827586206896555,,,,,,,,,,
Pendulum-v1,last-state,20,3.5__Pendulum-v1__last-state__H20,10,10,direction,cos(theta),10,100.0,accuracy,20.0,,,,,,,,,,
Pendulum-v1,last-state,20,3.5__Pendulum-v1__last-state__H20,10,10,direction,sin(theta),10,100.0,accuracy,50.0,,,,,,,,,,
Pendulum-v1,last-state,20,3.5__Pendulum-v1__last-state__H20,10,10,direction,angular_velocity,10,100.0,accuracy,20.0,,,,,,,,,,
Pendulum-v1,last-state,20,3.5__Pendulum-v1__last-state__H20,20,20,direction,cos(theta),20,100.0,accuracy,25.0,,,,,,,,,,
Pendulum-v1,last-state,20,3.5__Pendulum-v1__last-state__H20,20,20,direction,sin(theta),20,100.0,accuracy,50.0,,,,,,,,,,
Pendulum-v1,last-state,20,3.5__Pendulum-v1__last-state__H20,20,20,direction,angular_velocity,20,100.0,accuracy,25.0,,,,,,,,,,
Pendulum-v1,last-state,20,3.5__Pendulum-v1__last-state__H20,30,30,direction,cos(theta),28,93.33333333333333,accuracy,32.142857142857146,,,,,,,,,,
Pendulum-v1,last-state,20,3.5__Pendulum-v1__last-state__H20,30,30,direction,sin(theta),28,93.33333333333333,accuracy,35.714285714285715,,,,,,,,,,
Pendulum-v1,last-state,20,3.5__Pendulum-v1__last-state__H20,30,30,direction,angular_velocity,28,93.33333333333333,accuracy,32.142857142857146,,,,,,,,,,
Pendulum-v1,last-state,30,3.5__Pendulum-v1__last-state__H30,10,10,direction,cos(theta),10,100.0,accuracy,20.0,,,,,,,,,,
Pendulum-v1,last-state,30,3.5__Pendulum-v1__last-state__H30,10,10,direction,sin(theta),10,100.0,accuracy,30.0,,,,,,,,,,
Pendulum-v1,last-state,30,3.5__Pendulum-v1__last-state__H30,10,10,direction,angular_velocity,10,100.0,accuracy,10.0,,,,,,,,,,
Pendulum-v1,last-state,30,3.5__Pendulum-v1__last-state__H30,20,20,direction,cos(theta),20,100.0,accuracy,30.0,,,,,,,,,,
Pendulum-v1,last-state,30,3.5__Pendulum-v1__last-state__H30,20,20,direction,sin(theta),20,100.0,accuracy,35.0,,,,,,,,,,
Pendulum-v1,last-state,30,3.5__Pendulum-v1__last-state__H30,20,20,direction,angular_velocity,20,100.0,accuracy,15.0,,,,,,,,,,
Pendulum-v1,last-state,30,3.5__Pendulum-v1__last-state__H30,30,30,direction,cos(theta),30,100.0,accuracy,36.666666666666664,,,,,,,,,,
Pendulum-v1,last-state,30,3.5__Pendulum-v1__last-state__H30,30,30,direction,sin(theta),30,100.0,accuracy,33.33333333333333,,,,,,,,,,
Pendulum-v1,last-state,30,3.5__Pendulum-v1__last-state__H30,30,30,direction,angular_velocity,30,100.0,accuracy,20.0,,,,,,,,,,
Pendulum-v1,last-state,5,3.5__Pendulum-v1__last-state__H5,10,10,direction,cos(theta),9,90.0,accuracy,11.11111111111111,,,,,,,,,,
Pendulum-v1,last-state,5,3.5__Pendulum-v1__last-state__H5,10,10,direction,sin(theta),9,90.0,accuracy,66.66666666666666,,,,,,,,,,
Pendulum-v1,last-state,5,3.5__Pendulum-v1__last-state__H5,10,10,direction,angular_velocity,9,90.0,accuracy,55.55555555555556,,,,,,,,,,
Pendulum-v1,last-state,5,3.5__Pendulum-v1__last-state__H5,20,20,direction,cos(theta),18,90.0,accuracy,27.77777777777778,,,,,,,,,,
Pendulum-v1,last-state,5,3.5__Pendulum-v1__last-state__H5,20,20,direction,sin(theta),18,90.0,accuracy,61.111111111111114,,,,,,,,,,
Pendulum-v1,last-state,5,3.5__Pendulum-v1__last-state__H5,20,20,direction,angular_velocity,18,90.0,accuracy,50.0,,,,,,,,,,
Pendulum-v1,last-state,5,3.5__Pendulum-v1__last-state__H5,30,30,direction,cos(theta),26,86.66666666666667,accuracy,26.923076923076923,,,,,,,,,,
Pendulum-v1,last-state,5,3.5__Pendulum-v1__last-state__H5,30,30,direction,sin(theta),26,86.66666666666667,accuracy,57.692307692307686,,,,,,,,,,
Pendulum-v1,last-state,5,3.5__Pendulum-v1__last-state__H5,30,30,direction,angular_velocity,26,86.66666666666667,accuracy,46.15384615384615,,,,,,,,,,
Pendulum-v1,next-state,10,3.5__Pendulum-v1__next-state__H10,10,10,direction,cos(theta),10,100.0,accuracy,20.0,,,,,,,,,,
Pendulum-v1,next-state,10,3.5__Pendulum-v1__next-state__H10,10,10,direction,sin(theta),10,100.0,accuracy,50.0,,,,,,,,,,
Pendulum-v1,next-state,10,3.5__Pendulum-v1__next-state__H10,10,10,direction,angular_velocity,10,100.0,accuracy,30.0,,,,,,,,,,
Pendulum-v1,next-state,10,3.5__Pendulum-v1__next-state__H10,20,20,direction,cos(theta),19,95.0,accuracy,31.57894736842105,,,,,,,,,,
Pendulum-v1,next-state,10,3.5__Pendulum-v1__next-state__H10,20,20,direction,sin(theta),19,95.0,accuracy,52.63157894736842,,,,,,,,,,
Pendulum-v1,next-state,10,3.5__Pendulum-v1__next-state__H10,20,20,direction,angular_velocity,19,95.0,accuracy,26.31578947368421,,,,,,,,,,
Pendulum-v1,next-state,10,3.5__Pendulum-v1__next-state__H10,30,30,direction,cos(theta),29,96.66666666666667,accuracy,37.93103448275862,,,,,,,,,,
Pendulum-v1,next-state,10,3.5__Pendulum-v1__next-state__H10,30,30,direction,sin(theta),29,96.66666666666667,accuracy,51.724137931034484,,,,,,,,,,
Pendulum-v1,next-state,10,3.5__Pendulum-v1__next-state__H10,30,30,direction,angular_velocity,29,96.66666666666667,accuracy,31.03448275862069,,,,,,,,,,
Pendulum-v1,next-state,20,3.5__Pendulum-v1__next-state__H20,10,10,direction,cos(theta),10,100.0,accuracy,20.0,,,,,,,,,,
Pendulum-v1,next-state,20,3.5__Pendulum-v1__next-state__H20,10,10,direction,sin(theta),10,100.0,accuracy,40.0,,,,,,,,,,
Pendulum-v1,next-state,20,3.5__Pendulum-v1__next-state__H20,10,10,direction,angular_velocity,10,100.0,accuracy,40.0,,,,,,,,,,
Pendulum-v1,next-state,20,3.5__Pendulum-v1__next-state__H20,20,20,direction,cos(theta),18,90.0,accuracy,16.666666666666664,,,,,,,,,,
Pendulum-v1,next-state,20,3.5__Pendulum-v1__next-state__H20,20,20,direction,sin(theta),18,90.0,accuracy,44.44444444444444,,,,,,,,,,
Pendulum-v1,next-state,20,3.5__Pendulum-v1__next-state__H20,20,20,direction,angular_velocity,18,90.0,accuracy,27.77777777777778,,,,,,,,,,
Pendulum-v1,next-state,20,3.5__Pendulum-v1__next-state__H20,30,30,direction,cos(theta),28,93.33333333333333,accuracy,14.285714285714285,,,,,,,,,,
Pendulum-v1,next-state,20,3.5__Pendulum-v1__next-state__H20,30,30,direction,sin(theta),28,93.33333333333333,accuracy,42.857142857142854,,,,,,,,,,
Pendulum-v1,next-state,20,3.5__Pendulum-v1__next-state__H20,30,30,direction,angular_velocity,28,93.33333333333333,accuracy,25.0,,,,,,,,,,
Pendulum-v1,next-state,30,3.5__Pendulum-v1__next-state__H30,10,10,direction,cos(theta),10,100.0,accuracy,20.0,,,,,,,,,,
Pendulum-v1,next-state,30,3.5__Pendulum-v1__next-state__H30,10,10,direction,sin(theta),10,100.0,accuracy,20.0,,,,,,,,,,
Pendulum-v1,next-state,30,3.5__Pendulum-v1__next-state__H30,10,10,direction,angular_velocity,10,100.0,accuracy,50.0,,,,,,,,,,
Pendulum-v1,next-state,30,3.5__Pendulum-v1__next-state__H30,20,20,direction,cos(theta),20,100.0,accuracy,15.0,,,,,,,,,,
Pendulum-v1,next-state,30,3.5__Pendulum-v1__next-state__H30,20,20,direction,sin(theta),20,100.0,accuracy,20.0,,,,,,,,,,
Pendulum-v1,next-state,30,3.5__Pendulum-v1__next-state__H30,20,20,direction,angular_velocity,20,100.0,accuracy,50.0,,,,,,,,,,
Pendulum-v1,next-state,30,3.5__Pendulum-v1__next-state__H30,30,30,direction,cos(theta),30,100.0,accuracy,23.333333333333332,,,,,,,,,,
Pendulum-v1,next-state,30,3.5__Pendulum-v1__next-state__H30,30,30,direction,sin(theta),30,100.0,accuracy,20.0,,,,,,,,,,
Pendulum-v1,next-state,30,3.5__Pendulum-v1__next-state__H30,30,30,direction,angular_velocity,30,100.0,accuracy,50.0,,,,,,,,,,
Pendulum-v1,next-state,5,3.5__Pendulum-v1__next-state__H5,10,10,direction,cos(theta),9,90.0,accuracy,22.22222222222222,,,,,,,,,,
Pendulum-v1,next-state,5,3.5__Pendulum-v1__next-state__H5,10,10,direction,sin(theta),9,90.0,accuracy,44.44444444444444,,,,,,,,,,
Pendulum-v1,next-state,5,3.5__Pendulum-v1__next-state__H5,10,10,direction,angular_velocity,9,90.0,accuracy,44.44444444444444,,,,,,,,,,
Pendulum-v1,next-state,5,3.5__Pendulum-v1__next-state__H5,20,20,direction,cos(theta),17,85.0,accuracy,29.411764705882355,,,,,,,,,,
Pendulum-v1,next-state,5,3.5__Pendulum-v1__next-state__H5,20,20,direction,sin(theta),17,85.0,accuracy,35.294117647058826,,,,,,,,,,
Pendulum-v1,next-state,5,3.5__Pendulum-v1__next-state__H5,20,20,direction,angular_velocity,17,85.0,accuracy,47.05882352941176,,,,,,,,,,
Pendulum-v1,next-state,5,3.5__Pendulum-v1__next-state__H5,30,30,direction,cos(theta),26,86.66666666666667,accuracy,30.76923076923077,,,,,,,,,,
Pendulum-v1,next-state,5,3.5__Pendulum-v1__next-state__H5,30,30,direction,sin(theta),26,86.66666666666667,accuracy,30.76923076923077,,,,,,,,,,
Pendulum-v1,next-state,5,3.5__Pendulum-v1__next-state__H5,30,30,direction,angular_velocity,26,86.66666666666667,accuracy,38.46153846153847,,,,,,,,,,
MountainCar-v0,last-action,10,3.5__MountainCar-v0__last-action__H10,10,10,action,all,9,90.0,parse_success_rate,90.0,,,,,,,,,,
MountainCar-v0,last-action,10,3.5__MountainCar-v0__last-action__H10,10,10,all_required,all,9,90.0,parse_success_rate,90.0,,,,,,,,,,
MountainCar-v0,last-action,10,3.5__MountainCar-v0__last-action__H10,10,10,resource,all,10,100.0,input_tokens,893.7,7.888810641239484,,,,,,,,,query_sample_ddof1
MountainCar-v0,last-action,10,3.5__MountainCar-v0__last-action__H10,10,10,resource,all,10,100.0,output_tokens,111.7,42.17700795457164,,,,,,,,,query_sample_ddof1
MountainCar-v0,last-action,10,3.5__MountainCar-v0__last-action__H10,10,10,resource,all,10,100.0,total_tokens,1005.4,46.238992684145316,,,,,,,,,query_sample_ddof1
MountainCar-v0,last-action,10,3.5__MountainCar-v0__last-action__H10,10,10,resource,all,10,100.0,query_elapsed_seconds,1.3734211291885003,0.3080071569067724,,,,,,,,,query_sample_ddof1
MountainCar-v0,last-action,10,3.5__MountainCar-v0__last-action__H10,10,10,resource,all,10,100.0,request_elapsed_seconds,1.3695641331956723,0.3077028501317142,,,,,,,,,query_sample_ddof1
MountainCar-v0,last-action,10,3.5__MountainCar-v0__last-action__H10,20,20,action,all,19,95.0,parse_success_rate,95.0,,,,,,,,,,
MountainCar-v0,last-action,10,3.5__MountainCar-v0__last-action__H10,20,20,all_required,all,19,95.0,parse_success_rate,95.0,,,,,,,,,,
MountainCar-v0,last-action,10,3.5__MountainCar-v0__last-action__H10,20,20,resource,all,20,100.0,input_tokens,893.35,7.7952414634624505,,,,,,,,,query_sample_ddof1
MountainCar-v0,last-action,10,3.5__MountainCar-v0__last-action__H10,20,20,resource,all,20,100.0,output_tokens,108.95,38.76443703895838,,,,,,,,,query_sample_ddof1
MountainCar-v0,last-action,10,3.5__MountainCar-v0__last-action__H10,20,20,resource,all,20,100.0,total_tokens,1002.3,42.993389944820215,,,,,,,,,query_sample_ddof1
MountainCar-v0,last-action,10,3.5__MountainCar-v0__last-action__H10,20,20,resource,all,20,100.0,query_elapsed_seconds,1.3383328666503076,0.2755908721069469,,,,,,,,,query_sample_ddof1
MountainCar-v0,last-action,10,3.5__MountainCar-v0__last-action__H10,20,20,resource,all,20,100.0,request_elapsed_seconds,1.3347882602422032,0.27543140453290826,,,,,,,,,query_sample_ddof1
MountainCar-v0,last-action,10,3.5__MountainCar-v0__last-action__H10,30,30,action,all,29,96.66666666666667,parse_success_rate,96.66666666666667,,,,,,,,,,
MountainCar-v0,last-action,10,3.5__MountainCar-v0__last-action__H10,30,30,all_required,all,29,96.66666666666667,parse_success_rate,96.66666666666667,,,,,,,,,,
MountainCar-v0,last-action,10,3.5__MountainCar-v0__last-action__H10,30,30,resource,all,30,100.0,input_tokens,894.6,7.859104099156553,,,,,,,,,query_sample_ddof1
MountainCar-v0,last-action,10,3.5__MountainCar-v0__last-action__H10,30,30,resource,all,30,100.0,output_tokens,103.16666666666667,35.291967761882404,,,,,,,,,query_sample_ddof1
MountainCar-v0,last-action,10,3.5__MountainCar-v0__last-action__H10,30,30,resource,all,30,100.0,total_tokens,997.7666666666667,38.11207007048385,,,,,,,,,query_sample_ddof1
MountainCar-v0,last-action,10,3.5__MountainCar-v0__last-action__H10,30,30,resource,all,30,100.0,query_elapsed_seconds,1.372062600000451,0.27652505056716425,,,,,,,,,query_sample_ddof1
MountainCar-v0,last-action,10,3.5__MountainCar-v0__last-action__H10,30,30,resource,all,30,100.0,request_elapsed_seconds,1.3685564401908779,0.2764342939025962,,,,,,,,,query_sample_ddof1
MountainCar-v0,last-action,20,3.5__MountainCar-v0__last-action__H20,10,10,action,all,10,100.0,parse_success_rate,100.0,,,,,,,,,,
MountainCar-v0,last-action,20,3.5__MountainCar-v0__last-action__H20,10,10,all_required,all,10,100.0,parse_success_rate,100.0,,,,,,,,,,
MountainCar-v0,last-action,20,3.5__MountainCar-v0__last-action__H20,10,10,resource,all,10,100.0,input_tokens,1214.6,11.137524161340547,,,,,,,,,query_sample_ddof1
MountainCar-v0,last-action,20,3.5__MountainCar-v0__last-action__H20,10,10,resource,all,10,100.0,output_tokens,103.9,48.46866112356634,,,,,,,,,query_sample_ddof1
MountainCar-v0,last-action,20,3.5__MountainCar-v0__last-action__H20,10,10,resource,all,10,100.0,total_tokens,1318.5,46.275143315703396,,,,,,,,,query_sample_ddof1
MountainCar-v0,last-action,20,3.5__MountainCar-v0__last-action__H20,10,10,resource,all,10,100.0,query_elapsed_seconds,1.6861800585058517,0.5661306154055719,,,,,,,,,query_sample_ddof1
MountainCar-v0,last-action,20,3.5__MountainCar-v0__last-action__H20,10,10,resource,all,10,100.0,request_elapsed_seconds,1.6827871666988359,0.5666189199273828,,,,,,,,,query_sample_ddof1
MountainCar-v0,last-action,20,3.5__MountainCar-v0__last-action__H20,20,20,action,all,20,100.0,parse_success_rate,100.0,,,,,,,,,,
MountainCar-v0,last-action,20,3.5__MountainCar-v0__last-action__H20,20,20,all_required,all,20,100.0,parse_success_rate,100.0,,,,,,,,,,
MountainCar-v0,last-action,20,3.5__MountainCar-v0__last-action__H20,20,20,resource,all,20,100.0,input_tokens,1214.9,10.249005086502684,,,,,,,,,query_sample_ddof1
MountainCar-v0,last-action,20,3.5__MountainCar-v0__last-action__H20,20,20,resource,all,20,100.0,output_tokens,115.35,120.73776498981931,,,,,,,,,query_sample_ddof1
MountainCar-v0,last-action,20,3.5__MountainCar-v0__last-action__H20,20,20,resource,all,20,100.0,total_tokens,1330.25,121.21571680273148,,,,,,,,,query_sample_ddof1
MountainCar-v0,last-action,20,3.5__MountainCar-v0__last-action__H20,20,20,resource,all,20,100.0,query_elapsed_seconds,1.6643041772593279,0.7224263426671895,,,,,,,,,query_sample_ddof1
MountainCar-v0,last-action,20,3.5__MountainCar-v0__last-action__H20,20,20,resource,all,20,100.0,request_elapsed_seconds,1.6607469813083298,0.7225977527006329,,,,,,,,,query_sample_ddof1
MountainCar-v0,last-action,20,3.5__MountainCar-v0__last-action__H20,30,30,action,all,30,100.0,parse_success_rate,100.0,,,,,,,,,,
MountainCar-v0,last-action,20,3.5__MountainCar-v0__last-action__H20,30,30,all_required,all,30,100.0,parse_success_rate,100.0,,,,,,,,,,
MountainCar-v0,last-action,20,3.5__MountainCar-v0__last-action__H20,30,30,resource,all,30,100.0,input_tokens,1212.7666666666667,10.477178263626906,,,,,,,,,query_sample_ddof1
MountainCar-v0,last-action,20,3.5__MountainCar-v0__last-action__H20,30,30,resource,all,30,100.0,output_tokens,105.7,99.5459173204628,,,,,,,,,query_sample_ddof1
MountainCar-v0,last-action,20,3.5__MountainCar-v0__last-action__H20,30,30,resource,all,30,100.0,total_tokens,1318.4666666666667,100.08125434497894,,,,,,,,,query_sample_ddof1
MountainCar-v0,last-action,20,3.5__MountainCar-v0__last-action__H20,30,30,resource,all,30,100.0,query_elapsed_seconds,1.620512355704947,0.6029415142099974,,,,,,,,,query_sample_ddof1
MountainCar-v0,last-action,20,3.5__MountainCar-v0__last-action__H20,30,30,resource,all,30,100.0,request_elapsed_seconds,1.6169549306000894,0.603043748224717,,,,,,,,,query_sample_ddof1
MountainCar-v0,last-action,30,3.5__MountainCar-v0__last-action__H30,10,10,action,all,9,90.0,parse_success_rate,90.0,,,,,,,,,,
MountainCar-v0,last-action,30,3.5__MountainCar-v0__last-action__H30,10,10,all_required,all,9,90.0,parse_success_rate,90.0,,,,,,,,,,
MountainCar-v0,last-action,30,3.5__MountainCar-v0__last-action__H30,10,10,resource,all,10,100.0,input_tokens,1534.7,6.9290050592499295,,,,,,,,,query_sample_ddof1
MountainCar-v0,last-action,30,3.5__MountainCar-v0__last-action__H30,10,10,resource,all,10,100.0,output_tokens,98.1,15.905624441966713,,,,,,,,,query_sample_ddof1
MountainCar-v0,last-action,30,3.5__MountainCar-v0__last-action__H30,10,10,resource,all,10,100.0,total_tokens,1632.8,18.07883968744799,,,,,,,,,query_sample_ddof1
MountainCar-v0,last-action,30,3.5__MountainCar-v0__last-action__H30,10,10,resource,all,10,100.0,query_elapsed_seconds,1.666927508288063,0.3793780022778852,,,,,,,,,query_sample_ddof1
MountainCar-v0,last-action,30,3.5__MountainCar-v0__last-action__H30,10,10,resource,all,10,100.0,request_elapsed_seconds,1.663277099886909,0.37930516828508065,,,,,,,,,query_sample_ddof1
MountainCar-v0,last-action,30,3.5__MountainCar-v0__last-action__H30,20,20,action,all,19,95.0,parse_success_rate,95.0,,,,,,,,,,
MountainCar-v0,last-action,30,3.5__MountainCar-v0__last-action__H30,20,20,all_required,all,19,95.0,parse_success_rate,95.0,,,,,,,,,,
MountainCar-v0,last-action,30,3.5__MountainCar-v0__last-action__H30,20,20,resource,all,20,100.0,input_tokens,1534.25,7.952986860293433,,,,,,,,,query_sample_ddof1
MountainCar-v0,last-action,30,3.5__MountainCar-v0__last-action__H30,20,20,resource,all,20,100.0,output_tokens,92.35,16.724627287169564,,,,,,,,,query_sample_ddof1
MountainCar-v0,last-action,30,3.5__MountainCar-v0__last-action__H30,20,20,resource,all,20,100.0,total_tokens,1626.6,18.857917505164213,,,,,,,,,query_sample_ddof1
MountainCar-v0,last-action,30,3.5__MountainCar-v0__last-action__H30,20,20,resource,all,20,100.0,query_elapsed_seconds,1.5304592103871983,0.36713063253728573,,,,,,,,,query_sample_ddof1
MountainCar-v0,last-action,30,3.5__MountainCar-v0__last-action__H30,20,20,resource,all,20,100.0,request_elapsed_seconds,1.526682783290744,0.36704245083795123,,,,,,,,,query_sample_ddof1
MountainCar-v0,last-action,30,3.5__MountainCar-v0__last-action__H30,30,30,action,all,29,96.66666666666667,parse_success_rate,96.66666666666667,,,,,,,,,,
MountainCar-v0,last-action,30,3.5__MountainCar-v0__last-action__H30,30,30,all_required,all,29,96.66666666666667,parse_success_rate,96.66666666666667,,,,,,,,,,
MountainCar-v0,last-action,30,3.5__MountainCar-v0__last-action__H30,30,30,resource,all,30,100.0,input_tokens,1533.2333333333333,7.859469725612288,,,,,,,,,query_sample_ddof1
MountainCar-v0,last-action,30,3.5__MountainCar-v0__last-action__H30,30,30,resource,all,30,100.0,output_tokens,89.6,18.47757261263428,,,,,,,,,query_sample_ddof1
MountainCar-v0,last-action,30,3.5__MountainCar-v0__last-action__H30,30,30,resource,all,30,100.0,total_tokens,1622.8333333333333,21.3704328991916,,,,,,,,,query_sample_ddof1
MountainCar-v0,last-action,30,3.5__MountainCar-v0__last-action__H30,30,30,resource,all,30,100.0,query_elapsed_seconds,1.4968875111662783,0.3634255476248494,,,,,,,,,query_sample_ddof1
MountainCar-v0,last-action,30,3.5__MountainCar-v0__last-action__H30,30,30,resource,all,30,100.0,request_elapsed_seconds,1.4930375304926808,0.3634087599165551,,,,,,,,,query_sample_ddof1
MountainCar-v0,last-action,5,3.5__MountainCar-v0__last-action__H5,10,10,action,all,10,100.0,parse_success_rate,100.0,,,,,,,,,,
MountainCar-v0,last-action,5,3.5__MountainCar-v0__last-action__H5,10,10,all_required,all,10,100.0,parse_success_rate,100.0,,,,,,,,,,
MountainCar-v0,last-action,5,3.5__MountainCar-v0__last-action__H5,10,10,resource,all,10,100.0,input_tokens,732.6,4.903513479582211,,,,,,,,,query_sample_ddof1
MountainCar-v0,last-action,5,3.5__MountainCar-v0__last-action__H5,10,10,resource,all,10,100.0,output_tokens,98.6,20.500406500034742,,,,,,,,,query_sample_ddof1
MountainCar-v0,last-action,5,3.5__MountainCar-v0__last-action__H5,10,10,resource,all,10,100.0,total_tokens,831.2,20.454828280872952,,,,,,,,,query_sample_ddof1
MountainCar-v0,last-action,5,3.5__MountainCar-v0__last-action__H5,10,10,resource,all,10,100.0,query_elapsed_seconds,1.465652441594284,0.37065700346632985,,,,,,,,,query_sample_ddof1
MountainCar-v0,last-action,5,3.5__MountainCar-v0__last-action__H5,10,10,resource,all,10,100.0,request_elapsed_seconds,1.4623234291910194,0.37096623510613697,,,,,,,,,query_sample_ddof1
MountainCar-v0,last-action,5,3.5__MountainCar-v0__last-action__H5,20,20,action,all,20,100.0,parse_success_rate,100.0,,,,,,,,,,
MountainCar-v0,last-action,5,3.5__MountainCar-v0__last-action__H5,20,20,all_required,all,20,100.0,parse_success_rate,100.0,,,,,,,,,,
MountainCar-v0,last-action,5,3.5__MountainCar-v0__last-action__H5,20,20,resource,all,20,100.0,input_tokens,732.85,5.5181518645285585,,,,,,,,,query_sample_ddof1
MountainCar-v0,last-action,5,3.5__MountainCar-v0__last-action__H5,20,20,resource,all,20,100.0,output_tokens,107.4,19.62651268055535,,,,,,,,,query_sample_ddof1
MountainCar-v0,last-action,5,3.5__MountainCar-v0__last-action__H5,20,20,resource,all,20,100.0,total_tokens,840.25,20.284489796782896,,,,,,,,,query_sample_ddof1
MountainCar-v0,last-action,5,3.5__MountainCar-v0__last-action__H5,20,20,resource,all,20,100.0,query_elapsed_seconds,1.6412191416835413,0.46577034169266385,,,,,,,,,query_sample_ddof1
MountainCar-v0,last-action,5,3.5__MountainCar-v0__last-action__H5,20,20,resource,all,20,100.0,request_elapsed_seconds,1.6378256415773649,0.4659187416036547,,,,,,,,,query_sample_ddof1
MountainCar-v0,last-action,5,3.5__MountainCar-v0__last-action__H5,30,30,action,all,30,100.0,parse_success_rate,100.0,,,,,,,,,,
MountainCar-v0,last-action,5,3.5__MountainCar-v0__last-action__H5,30,30,all_required,all,30,100.0,parse_success_rate,100.0,,,,,,,,,,
MountainCar-v0,last-action,5,3.5__MountainCar-v0__last-action__H5,30,30,resource,all,30,100.0,input_tokens,733.6666666666666,4.957288840049382,,,,,,,,,query_sample_ddof1
MountainCar-v0,last-action,5,3.5__MountainCar-v0__last-action__H5,30,30,resource,all,30,100.0,output_tokens,111.93333333333334,22.26011328987705,,,,,,,,,query_sample_ddof1
MountainCar-v0,last-action,5,3.5__MountainCar-v0__last-action__H5,30,30,resource,all,30,100.0,total_tokens,845.6,23.17638512767267,,,,,,,,,query_sample_ddof1
MountainCar-v0,last-action,5,3.5__MountainCar-v0__last-action__H5,30,30,resource,all,30,100.0,query_elapsed_seconds,1.6257144861233732,0.453066726822485,,,,,,,,,query_sample_ddof1
MountainCar-v0,last-action,5,3.5__MountainCar-v0__last-action__H5,30,30,resource,all,30,100.0,request_elapsed_seconds,1.622367956826929,0.4531758189075523,,,,,,,,,query_sample_ddof1
MountainCar-v0,last-state,10,3.5__MountainCar-v0__last-state__H10,10,10,direction,all,10,100.0,parse_success_rate,100.0,,,,,,,,,,
MountainCar-v0,last-state,10,3.5__MountainCar-v0__last-state__H10,10,10,state_value,all,9,90.0,parse_success_rate,90.0,,,,,,,,,,
MountainCar-v0,last-state,10,3.5__MountainCar-v0__last-state__H10,10,10,state_delta,all,4,40.0,parse_success_rate,40.0,,,,,,,,,,
MountainCar-v0,last-state,10,3.5__MountainCar-v0__last-state__H10,10,10,all_required,all,4,40.0,parse_success_rate,40.0,,,,,,,,,,
MountainCar-v0,last-state,10,3.5__MountainCar-v0__last-state__H10,10,10,resource,all,10,100.0,input_tokens,1239.0,6.27162924074226,,,,,,,,,query_sample_ddof1
MountainCar-v0,last-state,10,3.5__MountainCar-v0__last-state__H10,10,10,resource,all,10,100.0,output_tokens,145.5,35.43773882929515,,,,,,,,,query_sample_ddof1
MountainCar-v0,last-state,10,3.5__MountainCar-v0__last-state__H10,10,10,resource,all,10,100.0,total_tokens,1384.5,39.43560151267718,,,,,,,,,query_sample_ddof1
MountainCar-v0,last-state,10,3.5__MountainCar-v0__last-state__H10,10,10,resource,all,10,100.0,query_elapsed_seconds,1.9639378085848875,0.49523342915267493,,,,,,,,,query_sample_ddof1
MountainCar-v0,last-state,10,3.5__MountainCar-v0__last-state__H10,10,10,resource,all,10,100.0,request_elapsed_seconds,1.9601475333096459,0.49503545713442115,,,,,,,,,query_sample_ddof1
MountainCar-v0,last-state,10,3.5__MountainCar-v0__last-state__H10,20,20,direction,all,20,100.0,parse_success_rate,100.0,,,,,,,,,,
MountainCar-v0,last-state,10,3.5__MountainCar-v0__last-state__H10,20,20,state_value,all,19,95.0,parse_success_rate,95.0,,,,,,,,,,
MountainCar-v0,last-state,10,3.5__MountainCar-v0__last-state__H10,20,20,state_delta,all,12,60.0,parse_success_rate,60.0,,,,,,,,,,
MountainCar-v0,last-state,10,3.5__MountainCar-v0__last-state__H10,20,20,all_required,all,12,60.0,parse_success_rate,60.0,,,,,,,,,,
MountainCar-v0,last-state,10,3.5__MountainCar-v0__last-state__H10,20,20,resource,all,20,100.0,input_tokens,1238.9,6.995487267178975,,,,,,,,,query_sample_ddof1
MountainCar-v0,last-state,10,3.5__MountainCar-v0__last-state__H10,20,20,resource,all,20,100.0,output_tokens,169.85,41.48718889133443,,,,,,,,,query_sample_ddof1
MountainCar-v0,last-state,10,3.5__MountainCar-v0__last-state__H10,20,20,resource,all,20,100.0,total_tokens,1408.75,45.109078325414956,,,,,,,,,query_sample_ddof1
MountainCar-v0,last-state,10,3.5__MountainCar-v0__last-state__H10,20,20,resource,all,20,100.0,query_elapsed_seconds,2.004650541744195,0.5185567851243198,,,,,,,,,query_sample_ddof1
MountainCar-v0,last-state,10,3.5__MountainCar-v0__last-state__H10,20,20,resource,all,20,100.0,request_elapsed_seconds,2.000940422946587,0.5183941288191434,,,,,,,,,query_sample_ddof1
MountainCar-v0,last-state,10,3.5__MountainCar-v0__last-state__H10,30,30,direction,all,30,100.0,parse_success_rate,100.0,,,,,,,,,,
MountainCar-v0,last-state,10,3.5__MountainCar-v0__last-state__H10,30,30,state_value,all,28,93.33333333333333,parse_success_rate,93.33333333333333,,,,,,,,,,
MountainCar-v0,last-state,10,3.5__MountainCar-v0__last-state__H10,30,30,state_delta,all,16,53.333333333333336,parse_success_rate,53.333333333333336,,,,,,,,,,
MountainCar-v0,last-state,10,3.5__MountainCar-v0__last-state__H10,30,30,all_required,all,16,53.333333333333336,parse_success_rate,53.333333333333336,,,,,,,,,,
MountainCar-v0,last-state,10,3.5__MountainCar-v0__last-state__H10,30,30,resource,all,30,100.0,input_tokens,1240.2,7.322144023675597,,,,,,,,,query_sample_ddof1
MountainCar-v0,last-state,10,3.5__MountainCar-v0__last-state__H10,30,30,resource,all,30,100.0,output_tokens,169.03333333333333,38.46134049462757,,,,,,,,,query_sample_ddof1
MountainCar-v0,last-state,10,3.5__MountainCar-v0__last-state__H10,30,30,resource,all,30,100.0,total_tokens,1409.2333333333333,40.59020039142566,,,,,,,,,query_sample_ddof1
MountainCar-v0,last-state,10,3.5__MountainCar-v0__last-state__H10,30,30,resource,all,30,100.0,query_elapsed_seconds,1.9552647972712294,0.4898682248423876,,,,,,,,,query_sample_ddof1
MountainCar-v0,last-state,10,3.5__MountainCar-v0__last-state__H10,30,30,resource,all,30,100.0,request_elapsed_seconds,1.9514730125665665,0.48985487725168686,,,,,,,,,query_sample_ddof1
MountainCar-v0,last-state,20,3.5__MountainCar-v0__last-state__H20,10,10,direction,all,10,100.0,parse_success_rate,100.0,,,,,,,,,,
MountainCar-v0,last-state,20,3.5__MountainCar-v0__last-state__H20,10,10,state_value,all,9,90.0,parse_success_rate,90.0,,,,,,,,,,
MountainCar-v0,last-state,20,3.5__MountainCar-v0__last-state__H20,10,10,state_delta,all,3,30.0,parse_success_rate,30.0,,,,,,,,,,
MountainCar-v0,last-state,20,3.5__MountainCar-v0__last-state__H20,10,10,all_required,all,3,30.0,parse_success_rate,30.0,,,,,,,,,,
MountainCar-v0,last-state,20,3.5__MountainCar-v0__last-state__H20,10,10,resource,all,10,100.0,input_tokens,1560.7,10.656766238717385,,,,,,,,,query_sample_ddof1
MountainCar-v0,last-state,20,3.5__MountainCar-v0__last-state__H20,10,10,resource,all,10,100.0,output_tokens,149.1,31.666491227584192,,,,,,,,,query_sample_ddof1
MountainCar-v0,last-state,20,3.5__MountainCar-v0__last-state__H20,10,10,resource,all,10,100.0,total_tokens,1709.8,33.432519099423736,,,,,,,,,query_sample_ddof1
MountainCar-v0,last-state,20,3.5__MountainCar-v0__last-state__H20,10,10,resource,all,10,100.0,query_elapsed_seconds,1.832417553884443,0.6082752439670205,,,,,,,,,query_sample_ddof1
MountainCar-v0,last-state,20,3.5__MountainCar-v0__last-state__H20,10,10,resource,all,10,100.0,request_elapsed_seconds,1.8291803166968748,0.6081784740950954,,,,,,,,,query_sample_ddof1
MountainCar-v0,last-state,20,3.5__MountainCar-v0__last-state__H20,20,20,direction,all,20,100.0,parse_success_rate,100.0,,,,,,,,,,
MountainCar-v0,last-state,20,3.5__MountainCar-v0__last-state__H20,20,20,state_value,all,18,90.0,parse_success_rate,90.0,,,,,,,,,,
MountainCar-v0,last-state,20,3.5__MountainCar-v0__last-state__H20,20,20,state_delta,all,5,25.0,parse_success_rate,25.0,,,,,,,,,,
MountainCar-v0,last-state,20,3.5__MountainCar-v0__last-state__H20,20,20,all_required,all,5,25.0,parse_success_rate,25.0,,,,,,,,,,
MountainCar-v0,last-state,20,3.5__MountainCar-v0__last-state__H20,20,20,resource,all,20,100.0,input_tokens,1560.95,9.896703332024522,,,,,,,,,query_sample_ddof1
MountainCar-v0,last-state,20,3.5__MountainCar-v0__last-state__H20,20,20,resource,all,20,100.0,output_tokens,165.15,43.05721407860158,,,,,,,,,query_sample_ddof1
MountainCar-v0,last-state,20,3.5__MountainCar-v0__last-state__H20,20,20,resource,all,20,100.0,total_tokens,1726.1,44.271768359578886,,,,,,,,,query_sample_ddof1
MountainCar-v0,last-state,20,3.5__MountainCar-v0__last-state__H20,20,20,resource,all,20,100.0,query_elapsed_seconds,2.007533341587987,0.6575752478556033,,,,,,,,,query_sample_ddof1
MountainCar-v0,last-state,20,3.5__MountainCar-v0__last-state__H20,20,20,resource,all,20,100.0,request_elapsed_seconds,2.004177743761102,0.6573974807572787,,,,,,,,,query_sample_ddof1
MountainCar-v0,last-state,20,3.5__MountainCar-v0__last-state__H20,30,30,direction,all,30,100.0,parse_success_rate,100.0,,,,,,,,,,
MountainCar-v0,last-state,20,3.5__MountainCar-v0__last-state__H20,30,30,state_value,all,28,93.33333333333333,parse_success_rate,93.33333333333333,,,,,,,,,,
MountainCar-v0,last-state,20,3.5__MountainCar-v0__last-state__H20,30,30,state_delta,all,9,30.0,parse_success_rate,30.0,,,,,,,,,,
MountainCar-v0,last-state,20,3.5__MountainCar-v0__last-state__H20,30,30,all_required,all,9,30.0,parse_success_rate,30.0,,,,,,,,,,
MountainCar-v0,last-state,20,3.5__MountainCar-v0__last-state__H20,30,30,resource,all,30,100.0,input_tokens,1558.8,10.263426866036642,,,,,,,,,query_sample_ddof1
MountainCar-v0,last-state,20,3.5__MountainCar-v0__last-state__H20,30,30,resource,all,30,100.0,output_tokens,153.96666666666667,39.97885935594334,,,,,,,,,query_sample_ddof1
MountainCar-v0,last-state,20,3.5__MountainCar-v0__last-state__H20,30,30,resource,all,30,100.0,total_tokens,1712.7666666666667,42.099785676687105,,,,,,,,,query_sample_ddof1
MountainCar-v0,last-state,20,3.5__MountainCar-v0__last-state__H20,30,30,resource,all,30,100.0,query_elapsed_seconds,1.8686878748975384,0.6264477758743761,,,,,,,,,query_sample_ddof1
MountainCar-v0,last-state,20,3.5__MountainCar-v0__last-state__H20,30,30,resource,all,30,100.0,request_elapsed_seconds,1.8654588916688226,0.6262479693720242,,,,,,,,,query_sample_ddof1
MountainCar-v0,last-state,30,3.5__MountainCar-v0__last-state__H30,10,10,direction,all,10,100.0,parse_success_rate,100.0,,,,,,,,,,
MountainCar-v0,last-state,30,3.5__MountainCar-v0__last-state__H30,10,10,state_value,all,9,90.0,parse_success_rate,90.0,,,,,,,,,,
MountainCar-v0,last-state,30,3.5__MountainCar-v0__last-state__H30,10,10,state_delta,all,1,10.0,parse_success_rate,10.0,,,,,,,,,,
MountainCar-v0,last-state,30,3.5__MountainCar-v0__last-state__H30,10,10,all_required,all,1,10.0,parse_success_rate,10.0,,,,,,,,,,
MountainCar-v0,last-state,30,3.5__MountainCar-v0__last-state__H30,10,10,resource,all,10,100.0,input_tokens,1880.6,7.214183560490019,,,,,,,,,query_sample_ddof1
MountainCar-v0,last-state,30,3.5__MountainCar-v0__last-state__H30,10,10,resource,all,10,100.0,output_tokens,168.0,34.28313482360289,,,,,,,,,query_sample_ddof1
MountainCar-v0,last-state,30,3.5__MountainCar-v0__last-state__H30,10,10,resource,all,10,100.0,total_tokens,2048.6,31.038327560900857,,,,,,,,,query_sample_ddof1
MountainCar-v0,last-state,30,3.5__MountainCar-v0__last-state__H30,10,10,resource,all,10,100.0,query_elapsed_seconds,1.899185912287794,0.283411881362097,,,,,,,,,query_sample_ddof1
MountainCar-v0,last-state,30,3.5__MountainCar-v0__last-state__H30,10,10,resource,all,10,100.0,request_elapsed_seconds,1.895729650114663,0.2832573531150414,,,,,,,,,query_sample_ddof1
MountainCar-v0,last-state,30,3.5__MountainCar-v0__last-state__H30,20,20,direction,all,20,100.0,parse_success_rate,100.0,,,,,,,,,,
MountainCar-v0,last-state,30,3.5__MountainCar-v0__last-state__H30,20,20,state_value,all,16,80.0,parse_success_rate,80.0,,,,,,,,,,
MountainCar-v0,last-state,30,3.5__MountainCar-v0__last-state__H30,20,20,state_delta,all,1,5.0,parse_success_rate,5.0,,,,,,,,,,
MountainCar-v0,last-state,30,3.5__MountainCar-v0__last-state__H30,20,20,all_required,all,1,5.0,parse_success_rate,5.0,,,,,,,,,,
MountainCar-v0,last-state,30,3.5__MountainCar-v0__last-state__H30,20,20,resource,all,20,100.0,input_tokens,1880.0,8.391725247622144,,,,,,,,,query_sample_ddof1
MountainCar-v0,last-state,30,3.5__MountainCar-v0__last-state__H30,20,20,resource,all,20,100.0,output_tokens,173.7,34.75341709817899,,,,,,,,,query_sample_ddof1
MountainCar-v0,last-state,30,3.5__MountainCar-v0__last-state__H30,20,20,resource,all,20,100.0,total_tokens,2053.7,34.36659945200772,,,,,,,,,query_sample_ddof1
MountainCar-v0,last-state,30,3.5__MountainCar-v0__last-state__H30,20,20,resource,all,20,100.0,query_elapsed_seconds,1.8944431582465768,0.3150331559087712,,,,,,,,,query_sample_ddof1
MountainCar-v0,last-state,30,3.5__MountainCar-v0__last-state__H30,20,20,resource,all,20,100.0,request_elapsed_seconds,1.8910893564112485,0.31509850921806903,,,,,,,,,query_sample_ddof1
MountainCar-v0,last-state,30,3.5__MountainCar-v0__last-state__H30,30,30,direction,all,30,100.0,parse_success_rate,100.0,,,,,,,,,,
MountainCar-v0,last-state,30,3.5__MountainCar-v0__last-state__H30,30,30,state_value,all,26,86.66666666666667,parse_success_rate,86.66666666666667,,,,,,,,,,
MountainCar-v0,last-state,30,3.5__MountainCar-v0__last-state__H30,30,30,state_delta,all,6,20.0,parse_success_rate,20.0,,,,,,,,,,
MountainCar-v0,last-state,30,3.5__MountainCar-v0__last-state__H30,30,30,all_required,all,6,20.0,parse_success_rate,20.0,,,,,,,,,,
MountainCar-v0,last-state,30,3.5__MountainCar-v0__last-state__H30,30,30,resource,all,30,100.0,input_tokens,1878.9333333333334,8.12799900443473,,,,,,,,,query_sample_ddof1
MountainCar-v0,last-state,30,3.5__MountainCar-v0__last-state__H30,30,30,resource,all,30,100.0,output_tokens,174.43333333333334,35.65416581873547,,,,,,,,,query_sample_ddof1
MountainCar-v0,last-state,30,3.5__MountainCar-v0__last-state__H30,30,30,resource,all,30,100.0,total_tokens,2053.366666666667,33.75110045034377,,,,,,,,,query_sample_ddof1
MountainCar-v0,last-state,30,3.5__MountainCar-v0__last-state__H30,30,30,resource,all,30,100.0,query_elapsed_seconds,1.8535251610563137,0.34085441618644313,,,,,,,,,query_sample_ddof1
MountainCar-v0,last-state,30,3.5__MountainCar-v0__last-state__H30,30,30,resource,all,30,100.0,request_elapsed_seconds,1.8500850112061016,0.3408507118261702,,,,,,,,,query_sample_ddof1
MountainCar-v0,last-state,5,3.5__MountainCar-v0__last-state__H5,10,10,direction,all,10,100.0,parse_success_rate,100.0,,,,,,,,,,
MountainCar-v0,last-state,5,3.5__MountainCar-v0__last-state__H5,10,10,state_value,all,10,100.0,parse_success_rate,100.0,,,,,,,,,,
MountainCar-v0,last-state,5,3.5__MountainCar-v0__last-state__H5,10,10,state_delta,all,9,90.0,parse_success_rate,90.0,,,,,,,,,,
MountainCar-v0,last-state,5,3.5__MountainCar-v0__last-state__H5,10,10,all_required,all,9,90.0,parse_success_rate,90.0,,,,,,,,,,
MountainCar-v0,last-state,5,3.5__MountainCar-v0__last-state__H5,10,10,resource,all,10,100.0,input_tokens,1077.5,3.2744804507314167,,,,,,,,,query_sample_ddof1
MountainCar-v0,last-state,5,3.5__MountainCar-v0__last-state__H5,10,10,resource,all,10,100.0,output_tokens,201.5,27.633514273633587,,,,,,,,,query_sample_ddof1
MountainCar-v0,last-state,5,3.5__MountainCar-v0__last-state__H5,10,10,resource,all,10,100.0,total_tokens,1279.0,28.886752057724394,,,,,,,,,query_sample_ddof1
MountainCar-v0,last-state,5,3.5__MountainCar-v0__last-state__H5,10,10,resource,all,10,100.0,query_elapsed_seconds,2.212076754390728,0.4907688614849829,,,,,,,,,query_sample_ddof1
MountainCar-v0,last-state,5,3.5__MountainCar-v0__last-state__H5,10,10,resource,all,10,100.0,request_elapsed_seconds,2.208603687188588,0.4908960644426491,,,,,,,,,query_sample_ddof1
MountainCar-v0,last-state,5,3.5__MountainCar-v0__last-state__H5,20,20,direction,all,19,95.0,parse_success_rate,95.0,,,,,,,,,,
MountainCar-v0,last-state,5,3.5__MountainCar-v0__last-state__H5,20,20,state_value,all,20,100.0,parse_success_rate,100.0,,,,,,,,,,
MountainCar-v0,last-state,5,3.5__MountainCar-v0__last-state__H5,20,20,state_delta,all,17,85.0,parse_success_rate,85.0,,,,,,,,,,
MountainCar-v0,last-state,5,3.5__MountainCar-v0__last-state__H5,20,20,all_required,all,17,85.0,parse_success_rate,85.0,,,,,,,,,,
MountainCar-v0,last-state,5,3.5__MountainCar-v0__last-state__H5,20,20,resource,all,20,100.0,input_tokens,1078.15,4.8696157851248225,,,,,,,,,query_sample_ddof1
MountainCar-v0,last-state,5,3.5__MountainCar-v0__last-state__H5,20,20,resource,all,20,100.0,output_tokens,199.4,20.914361723843964,,,,,,,,,query_sample_ddof1
MountainCar-v0,last-state,5,3.5__MountainCar-v0__last-state__H5,20,20,resource,all,20,100.0,total_tokens,1277.55,22.06801686652094,,,,,,,,,query_sample_ddof1
MountainCar-v0,last-state,5,3.5__MountainCar-v0__last-state__H5,20,20,resource,all,20,100.0,query_elapsed_seconds,2.3534036459459458,0.7207330026599953,,,,,,,,,query_sample_ddof1
MountainCar-v0,last-state,5,3.5__MountainCar-v0__last-state__H5,20,20,resource,all,20,100.0,request_elapsed_seconds,2.3497323122457603,0.7209620418350648,,,,,,,,,query_sample_ddof1
MountainCar-v0,last-state,5,3.5__MountainCar-v0__last-state__H5,30,30,direction,all,29,96.66666666666667,parse_success_rate,96.66666666666667,,,,,,,,,,
MountainCar-v0,last-state,5,3.5__MountainCar-v0__last-state__H5,30,30,state_value,all,30,100.0,parse_success_rate,100.0,,,,,,,,,,
MountainCar-v0,last-state,5,3.5__MountainCar-v0__last-state__H5,30,30,state_delta,all,23,76.66666666666667,parse_success_rate,76.66666666666667,,,,,,,,,,
MountainCar-v0,last-state,5,3.5__MountainCar-v0__last-state__H5,30,30,all_required,all,23,76.66666666666667,parse_success_rate,76.66666666666667,,,,,,,,,,
MountainCar-v0,last-state,5,3.5__MountainCar-v0__last-state__H5,30,30,resource,all,30,100.0,input_tokens,1079.0,4.47213595499958,,,,,,,,,query_sample_ddof1
MountainCar-v0,last-state,5,3.5__MountainCar-v0__last-state__H5,30,30,resource,all,30,100.0,output_tokens,194.73333333333332,32.23612594732739,,,,,,,,,query_sample_ddof1
MountainCar-v0,last-state,5,3.5__MountainCar-v0__last-state__H5,30,30,resource,all,30,100.0,total_tokens,1273.7333333333333,32.83599090709118,,,,,,,,,query_sample_ddof1
MountainCar-v0,last-state,5,3.5__MountainCar-v0__last-state__H5,30,30,resource,all,30,100.0,query_elapsed_seconds,2.2528428834397345,0.6953829471238158,,,,,,,,,query_sample_ddof1
MountainCar-v0,last-state,5,3.5__MountainCar-v0__last-state__H5,30,30,resource,all,30,100.0,request_elapsed_seconds,2.249234612363701,0.6954337797964867,,,,,,,,,query_sample_ddof1
MountainCar-v0,next-action,10,3.5__MountainCar-v0__next-action__H10,10,10,action,all,10,100.0,parse_success_rate,100.0,,,,,,,,,,
MountainCar-v0,next-action,10,3.5__MountainCar-v0__next-action__H10,10,10,all_required,all,10,100.0,parse_success_rate,100.0,,,,,,,,,,
MountainCar-v0,next-action,10,3.5__MountainCar-v0__next-action__H10,10,10,resource,all,10,100.0,input_tokens,906.7,7.703534542302283,,,,,,,,,query_sample_ddof1
MountainCar-v0,next-action,10,3.5__MountainCar-v0__next-action__H10,10,10,resource,all,10,100.0,output_tokens,159.5,23.566690240440828,,,,,,,,,query_sample_ddof1
MountainCar-v0,next-action,10,3.5__MountainCar-v0__next-action__H10,10,10,resource,all,10,100.0,total_tokens,1066.2,29.921378459036422,,,,,,,,,query_sample_ddof1
MountainCar-v0,next-action,10,3.5__MountainCar-v0__next-action__H10,10,10,resource,all,10,100.0,query_elapsed_seconds,1.7569751584669575,0.37321375188873995,,,,,,,,,query_sample_ddof1
MountainCar-v0,next-action,10,3.5__MountainCar-v0__next-action__H10,10,10,resource,all,10,100.0,request_elapsed_seconds,1.7536025166977196,0.3734741198577105,,,,,,,,,query_sample_ddof1
MountainCar-v0,next-action,10,3.5__MountainCar-v0__next-action__H10,20,20,action,all,20,100.0,parse_success_rate,100.0,,,,,,,,,,
MountainCar-v0,next-action,10,3.5__MountainCar-v0__next-action__H10,20,20,all_required,all,20,100.0,parse_success_rate,100.0,,,,,,,,,,
MountainCar-v0,next-action,10,3.5__MountainCar-v0__next-action__H10,20,20,resource,all,20,100.0,input_tokens,906.05,7.148610464904867,,,,,,,,,query_sample_ddof1
MountainCar-v0,next-action,10,3.5__MountainCar-v0__next-action__H10,20,20,resource,all,20,100.0,output_tokens,154.35,23.43248981536892,,,,,,,,,query_sample_ddof1
MountainCar-v0,next-action,10,3.5__MountainCar-v0__next-action__H10,20,20,resource,all,20,100.0,total_tokens,1060.4,26.688061592759922,,,,,,,,,query_sample_ddof1
MountainCar-v0,next-action,10,3.5__MountainCar-v0__next-action__H10,20,20,resource,all,20,100.0,query_elapsed_seconds,1.665416818880476,0.3452630208599284,,,,,,,,,query_sample_ddof1
MountainCar-v0,next-action,10,3.5__MountainCar-v0__next-action__H10,20,20,resource,all,20,100.0,request_elapsed_seconds,1.6619636854389683,0.3455006868038793,,,,,,,,,query_sample_ddof1
MountainCar-v0,next-action,10,3.5__MountainCar-v0__next-action__H10,30,30,action,all,30,100.0,parse_success_rate,100.0,,,,,,,,,,
MountainCar-v0,next-action,10,3.5__MountainCar-v0__next-action__H10,30,30,all_required,all,30,100.0,parse_success_rate,100.0,,,,,,,,,,
MountainCar-v0,next-action,10,3.5__MountainCar-v0__next-action__H10,30,30,resource,all,30,100.0,input_tokens,907.3666666666667,7.32253646149236,,,,,,,,,query_sample_ddof1
MountainCar-v0,next-action,10,3.5__MountainCar-v0__next-action__H10,30,30,resource,all,30,100.0,output_tokens,155.23333333333332,20.987160826091504,,,,,,,,,query_sample_ddof1
MountainCar-v0,next-action,10,3.5__MountainCar-v0__next-action__H10,30,30,resource,all,30,100.0,total_tokens,1062.6,24.76454640450113,,,,,,,,,query_sample_ddof1
MountainCar-v0,next-action,10,3.5__MountainCar-v0__next-action__H10,30,30,resource,all,30,100.0,query_elapsed_seconds,1.7253808626167786,0.36181674928847013,,,,,,,,,query_sample_ddof1
MountainCar-v0,next-action,10,3.5__MountainCar-v0__next-action__H10,30,30,resource,all,30,100.0,request_elapsed_seconds,1.7215343125048093,0.3621875310507596,,,,,,,,,query_sample_ddof1
MountainCar-v0,next-action,20,3.5__MountainCar-v0__next-action__H20,10,10,action,all,10,100.0,parse_success_rate,100.0,,,,,,,,,,
MountainCar-v0,next-action,20,3.5__MountainCar-v0__next-action__H20,10,10,all_required,all,10,100.0,parse_success_rate,100.0,,,,,,,,,,
MountainCar-v0,next-action,20,3.5__MountainCar-v0__next-action__H20,10,10,resource,all,10,100.0,input_tokens,1227.7,11.146000777558438,,,,,,,,,query_sample_ddof1
MountainCar-v0,next-action,20,3.5__MountainCar-v0__next-action__H20,10,10,resource,all,10,100.0,output_tokens,148.7,14.150382798120102,,,,,,,,,query_sample_ddof1
MountainCar-v0,next-action,20,3.5__MountainCar-v0__next-action__H20,10,10,resource,all,10,100.0,total_tokens,1376.4,20.05658661554021,,,,,,,,,query_sample_ddof1
MountainCar-v0,next-action,20,3.5__MountainCar-v0__next-action__H20,10,10,resource,all,10,100.0,query_elapsed_seconds,2.0419369459035805,0.38810008554968745,,,,,,,,,query_sample_ddof1
MountainCar-v0,next-action,20,3.5__MountainCar-v0__next-action__H20,10,10,resource,all,10,100.0,request_elapsed_seconds,2.0379797164117917,0.3881845602330243,,,,,,,,,query_sample_ddof1
MountainCar-v0,next-action,20,3.5__MountainCar-v0__next-action__H20,20,20,action,all,20,100.0,parse_success_rate,100.0,,,,,,,,,,
MountainCar-v0,next-action,20,3.5__MountainCar-v0__next-action__H20,20,20,all_required,all,20,100.0,parse_success_rate,100.0,,,,,,,,,,
MountainCar-v0,next-action,20,3.5__MountainCar-v0__next-action__H20,20,20,resource,all,20,100.0,input_tokens,1228.0,10.239243393100775,,,,,,,,,query_sample_ddof1
MountainCar-v0,next-action,20,3.5__MountainCar-v0__next-action__H20,20,20,resource,all,20,100.0,output_tokens,149.25,15.127093156598892,,,,,,,,,query_sample_ddof1
MountainCar-v0,next-action,20,3.5__MountainCar-v0__next-action__H20,20,20,resource,all,20,100.0,total_tokens,1377.25,20.761490160492105,,,,,,,,,query_sample_ddof1
MountainCar-v0,next-action,20,3.5__MountainCar-v0__next-action__H20,20,20,resource,all,20,100.0,query_elapsed_seconds,1.987927666748874,0.44922290396120407,,,,,,,,,query_sample_ddof1
MountainCar-v0,next-action,20,3.5__MountainCar-v0__next-action__H20,20,20,resource,all,20,100.0,request_elapsed_seconds,1.9842371374135837,0.4494274185660627,,,,,,,,,query_sample_ddof1
MountainCar-v0,next-action,20,3.5__MountainCar-v0__next-action__H20,30,30,action,all,30,100.0,parse_success_rate,100.0,,,,,,,,,,
MountainCar-v0,next-action,20,3.5__MountainCar-v0__next-action__H20,30,30,all_required,all,30,100.0,parse_success_rate,100.0,,,,,,,,,,
MountainCar-v0,next-action,20,3.5__MountainCar-v0__next-action__H20,30,30,resource,all,30,100.0,input_tokens,1225.9333333333334,10.388764930520335,,,,,,,,,query_sample_ddof1
MountainCar-v0,next-action,20,3.5__MountainCar-v0__next-action__H20,30,30,resource,all,30,100.0,output_tokens,149.1,17.157184078899466,,,,,,,,,query_sample_ddof1
MountainCar-v0,next-action,20,3.5__MountainCar-v0__next-action__H20,30,30,resource,all,30,100.0,total_tokens,1375.0333333333333,22.993977222432555,,,,,,,,,query_sample_ddof1
MountainCar-v0,next-action,20,3.5__MountainCar-v0__next-action__H20,30,30,resource,all,30,100.0,query_elapsed_seconds,2.025897991800836,0.5654629737287825,,,,,,,,,query_sample_ddof1
MountainCar-v0,next-action,20,3.5__MountainCar-v0__next-action__H20,30,30,resource,all,30,100.0,request_elapsed_seconds,2.0222685401754763,0.5657375846484161,,,,,,,,,query_sample_ddof1
MountainCar-v0,next-action,30,3.5__MountainCar-v0__next-action__H30,10,10,action,all,10,100.0,parse_success_rate,100.0,,,,,,,,,,
MountainCar-v0,next-action,30,3.5__MountainCar-v0__next-action__H30,10,10,all_required,all,10,100.0,parse_success_rate,100.0,,,,,,,,,,
MountainCar-v0,next-action,30,3.5__MountainCar-v0__next-action__H30,10,10,resource,all,10,100.0,input_tokens,1547.4,7.121173436387512,,,,,,,,,query_sample_ddof1
MountainCar-v0,next-action,30,3.5__MountainCar-v0__next-action__H30,10,10,resource,all,10,100.0,output_tokens,146.0,19.072959334559958,,,,,,,,,query_sample_ddof1
MountainCar-v0,next-action,30,3.5__MountainCar-v0__next-action__H30,10,10,resource,all,10,100.0,total_tokens,1693.4,21.360399496888316,,,,,,,,,query_sample_ddof1
MountainCar-v0,next-action,30,3.5__MountainCar-v0__next-action__H30,10,10,resource,all,10,100.0,query_elapsed_seconds,2.280466741381679,0.6523266259941324,,,,,,,,,query_sample_ddof1
MountainCar-v0,next-action,30,3.5__MountainCar-v0__next-action__H30,10,10,resource,all,10,100.0,request_elapsed_seconds,2.2770580290001816,0.652331833693109,,,,,,,,,query_sample_ddof1
MountainCar-v0,next-action,30,3.5__MountainCar-v0__next-action__H30,20,20,action,all,20,100.0,parse_success_rate,100.0,,,,,,,,,,
MountainCar-v0,next-action,30,3.5__MountainCar-v0__next-action__H30,20,20,all_required,all,20,100.0,parse_success_rate,100.0,,,,,,,,,,
MountainCar-v0,next-action,30,3.5__MountainCar-v0__next-action__H30,20,20,resource,all,20,100.0,input_tokens,1547.2,8.17312669668102,,,,,,,,,query_sample_ddof1
MountainCar-v0,next-action,30,3.5__MountainCar-v0__next-action__H30,20,20,resource,all,20,100.0,output_tokens,144.6,15.10106305076427,,,,,,,,,query_sample_ddof1
MountainCar-v0,next-action,30,3.5__MountainCar-v0__next-action__H30,20,20,resource,all,20,100.0,total_tokens,1691.8,18.300417021420433,,,,,,,,,query_sample_ddof1
MountainCar-v0,next-action,30,3.5__MountainCar-v0__next-action__H30,20,20,resource,all,20,100.0,query_elapsed_seconds,2.1478239332966043,0.8234518356040011,,,,,,,,,query_sample_ddof1
MountainCar-v0,next-action,30,3.5__MountainCar-v0__next-action__H30,20,20,resource,all,20,100.0,request_elapsed_seconds,2.1441525289672425,0.82369089299314,,,,,,,,,query_sample_ddof1
MountainCar-v0,next-action,30,3.5__MountainCar-v0__next-action__H30,30,30,action,all,30,100.0,parse_success_rate,100.0,,,,,,,,,,
MountainCar-v0,next-action,30,3.5__MountainCar-v0__next-action__H30,30,30,all_required,all,30,100.0,parse_success_rate,100.0,,,,,,,,,,
MountainCar-v0,next-action,30,3.5__MountainCar-v0__next-action__H30,30,30,resource,all,30,100.0,input_tokens,1545.9333333333334,8.23756464401754,,,,,,,,,query_sample_ddof1
MountainCar-v0,next-action,30,3.5__MountainCar-v0__next-action__H30,30,30,resource,all,30,100.0,output_tokens,144.16666666666666,15.463156062146528,,,,,,,,,query_sample_ddof1
MountainCar-v0,next-action,30,3.5__MountainCar-v0__next-action__H30,30,30,resource,all,30,100.0,total_tokens,1690.1,17.85062541162653,,,,,,,,,query_sample_ddof1
MountainCar-v0,next-action,30,3.5__MountainCar-v0__next-action__H30,30,30,resource,all,30,100.0,query_elapsed_seconds,2.0548408110664846,0.7138446031748448,,,,,,,,,query_sample_ddof1
MountainCar-v0,next-action,30,3.5__MountainCar-v0__next-action__H30,30,30,resource,all,30,100.0,request_elapsed_seconds,2.0511969388074553,0.7139600165244917,,,,,,,,,query_sample_ddof1
MountainCar-v0,next-action,5,3.5__MountainCar-v0__next-action__H5,10,10,action,all,10,100.0,parse_success_rate,100.0,,,,,,,,,,
MountainCar-v0,next-action,5,3.5__MountainCar-v0__next-action__H5,10,10,all_required,all,10,100.0,parse_success_rate,100.0,,,,,,,,,,
MountainCar-v0,next-action,5,3.5__MountainCar-v0__next-action__H5,10,10,resource,all,10,100.0,input_tokens,745.5,4.672615256292062,,,,,,,,,query_sample_ddof1
MountainCar-v0,next-action,5,3.5__MountainCar-v0__next-action__H5,10,10,resource,all,10,100.0,output_tokens,159.5,20.823330932180642,,,,,,,,,query_sample_ddof1
MountainCar-v0,next-action,5,3.5__MountainCar-v0__next-action__H5,10,10,resource,all,10,100.0,total_tokens,905.0,24.271611217863374,,,,,,,,,query_sample_ddof1
MountainCar-v0,next-action,5,3.5__MountainCar-v0__next-action__H5,10,10,resource,all,10,100.0,query_elapsed_seconds,1.9144227416953072,0.6811922234988063,,,,,,,,,query_sample_ddof1
MountainCar-v0,next-action,5,3.5__MountainCar-v0__next-action__H5,10,10,resource,all,10,100.0,request_elapsed_seconds,1.9111603291006758,0.6809911492353901,,,,,,,,,query_sample_ddof1
MountainCar-v0,next-action,5,3.5__MountainCar-v0__next-action__H5,20,20,action,all,20,100.0,parse_success_rate,100.0,,,,,,,,,,
MountainCar-v0,next-action,5,3.5__MountainCar-v0__next-action__H5,20,20,all_required,all,20,100.0,parse_success_rate,100.0,,,,,,,,,,
MountainCar-v0,next-action,5,3.5__MountainCar-v0__next-action__H5,20,20,resource,all,20,100.0,input_tokens,745.4,4.892529213531908,,,,,,,,,query_sample_ddof1
MountainCar-v0,next-action,5,3.5__MountainCar-v0__next-action__H5,20,20,resource,all,20,100.0,output_tokens,157.3,17.134452827102784,,,,,,,,,query_sample_ddof1
MountainCar-v0,next-action,5,3.5__MountainCar-v0__next-action__H5,20,20,resource,all,20,100.0,total_tokens,902.7,20.09739443703822,,,,,,,,,query_sample_ddof1
MountainCar-v0,next-action,5,3.5__MountainCar-v0__next-action__H5,20,20,resource,all,20,100.0,query_elapsed_seconds,1.9384484374488238,0.621951855816701,,,,,,,,,query_sample_ddof1
MountainCar-v0,next-action,5,3.5__MountainCar-v0__next-action__H5,20,20,resource,all,20,100.0,request_elapsed_seconds,1.9349331500474363,0.6219563346384978,,,,,,,,,query_sample_ddof1
MountainCar-v0,next-action,5,3.5__MountainCar-v0__next-action__H5,30,30,action,all,30,100.0,parse_success_rate,100.0,,,,,,,,,,
MountainCar-v0,next-action,5,3.5__MountainCar-v0__next-action__H5,30,30,all_required,all,30,100.0,parse_success_rate,100.0,,,,,,,,,,
MountainCar-v0,next-action,5,3.5__MountainCar-v0__next-action__H5,30,30,resource,all,30,100.0,input_tokens,746.1666666666666,4.457332845094028,,,,,,,,,query_sample_ddof1
MountainCar-v0,next-action,5,3.5__MountainCar-v0__next-action__H5,30,30,resource,all,30,100.0,output_tokens,153.26666666666668,17.9883742788336,,,,,,,,,query_sample_ddof1
MountainCar-v0,next-action,5,3.5__MountainCar-v0__next-action__H5,30,30,resource,all,30,100.0,total_tokens,899.4333333333333,19.61646622423205,,,,,,,,,query_sample_ddof1
MountainCar-v0,next-action,5,3.5__MountainCar-v0__next-action__H5,30,30,resource,all,30,100.0,query_elapsed_seconds,1.951593317995624,0.5813403079749118,,,,,,,,,query_sample_ddof1
MountainCar-v0,next-action,5,3.5__MountainCar-v0__next-action__H5,30,30,resource,all,30,100.0,request_elapsed_seconds,1.9400451764658404,0.5675565639021406,,,,,,,,,query_sample_ddof1
MountainCar-v0,next-state,10,3.5__MountainCar-v0__next-state__H10,10,10,direction,all,10,100.0,parse_success_rate,100.0,,,,,,,,,,
MountainCar-v0,next-state,10,3.5__MountainCar-v0__next-state__H10,10,10,state_value,all,10,100.0,parse_success_rate,100.0,,,,,,,,,,
MountainCar-v0,next-state,10,3.5__MountainCar-v0__next-state__H10,10,10,state_delta,all,10,100.0,parse_success_rate,100.0,,,,,,,,,,
MountainCar-v0,next-state,10,3.5__MountainCar-v0__next-state__H10,10,10,all_required,all,10,100.0,parse_success_rate,100.0,,,,,,,,,,
MountainCar-v0,next-state,10,3.5__MountainCar-v0__next-state__H10,10,10,resource,all,10,100.0,input_tokens,1231.2,11.103552984918336,,,,,,,,,query_sample_ddof1
MountainCar-v0,next-state,10,3.5__MountainCar-v0__next-state__H10,10,10,resource,all,10,100.0,output_tokens,181.5,26.378652985574025,,,,,,,,,query_sample_ddof1
MountainCar-v0,next-state,10,3.5__MountainCar-v0__next-state__H10,10,10,resource,all,10,100.0,total_tokens,1412.7,31.25184439001605,,,,,,,,,query_sample_ddof1
MountainCar-v0,next-state,10,3.5__MountainCar-v0__next-state__H10,10,10,resource,all,10,100.0,query_elapsed_seconds,2.2006297666812316,0.5464929558256982,,,,,,,,,query_sample_ddof1
MountainCar-v0,next-state,10,3.5__MountainCar-v0__next-state__H10,10,10,resource,all,10,100.0,request_elapsed_seconds,2.1969195249141196,0.5463581260320429,,,,,,,,,query_sample_ddof1
MountainCar-v0,next-state,10,3.5__MountainCar-v0__next-state__H10,20,20,direction,all,20,100.0,parse_success_rate,100.0,,,,,,,,,,
MountainCar-v0,next-state,10,3.5__MountainCar-v0__next-state__H10,20,20,state_value,all,18,90.0,parse_success_rate,90.0,,,,,,,,,,
MountainCar-v0,next-state,10,3.5__MountainCar-v0__next-state__H10,20,20,state_delta,all,18,90.0,parse_success_rate,90.0,,,,,,,,,,
MountainCar-v0,next-state,10,3.5__MountainCar-v0__next-state__H10,20,20,all_required,all,18,90.0,parse_success_rate,90.0,,,,,,,,,,
MountainCar-v0,next-state,10,3.5__MountainCar-v0__next-state__H10,20,20,resource,all,20,100.0,input_tokens,1229.75,9.1183735853553,,,,,,,,,query_sample_ddof1
MountainCar-v0,next-state,10,3.5__MountainCar-v0__next-state__H10,20,20,resource,all,20,100.0,output_tokens,176.25,25.256317604658214,,,,,,,,,query_sample_ddof1
MountainCar-v0,next-state,10,3.5__MountainCar-v0__next-state__H10,20,20,resource,all,20,100.0,total_tokens,1406.0,27.89453823166633,,,,,,,,,query_sample_ddof1
MountainCar-v0,next-state,10,3.5__MountainCar-v0__next-state__H10,20,20,resource,all,20,100.0,query_elapsed_seconds,2.048921808344312,0.503556594271199,,,,,,,,,query_sample_ddof1
MountainCar-v0,next-state,10,3.5__MountainCar-v0__next-state__H10,20,20,resource,all,20,100.0,request_elapsed_seconds,2.0451722936937586,0.5034366921973766,,,,,,,,,query_sample_ddof1
MountainCar-v0,next-state,10,3.5__MountainCar-v0__next-state__H10,30,30,direction,all,30,100.0,parse_success_rate,100.0,,,,,,,,,,
MountainCar-v0,next-state,10,3.5__MountainCar-v0__next-state__H10,30,30,state_value,all,27,90.0,parse_success_rate,90.0,,,,,,,,,,
MountainCar-v0,next-state,10,3.5__MountainCar-v0__next-state__H10,30,30,state_delta,all,27,90.0,parse_success_rate,90.0,,,,,,,,,,
MountainCar-v0,next-state,10,3.5__MountainCar-v0__next-state__H10,30,30,all_required,all,27,90.0,parse_success_rate,90.0,,,,,,,,,,
MountainCar-v0,next-state,10,3.5__MountainCar-v0__next-state__H10,30,30,resource,all,30,100.0,input_tokens,1231.6,8.560534949446188,,,,,,,,,query_sample_ddof1
MountainCar-v0,next-state,10,3.5__MountainCar-v0__next-state__H10,30,30,resource,all,30,100.0,output_tokens,171.8,22.47665455533808,,,,,,,,,query_sample_ddof1
MountainCar-v0,next-state,10,3.5__MountainCar-v0__next-state__H10,30,30,resource,all,30,100.0,total_tokens,1403.4,24.59969161567289,,,,,,,,,query_sample_ddof1
MountainCar-v0,next-state,10,3.5__MountainCar-v0__next-state__H10,30,30,resource,all,30,100.0,query_elapsed_seconds,2.0718828499666415,0.47785229640135796,,,,,,,,,query_sample_ddof1
MountainCar-v0,next-state,10,3.5__MountainCar-v0__next-state__H10,30,30,resource,all,30,100.0,request_elapsed_seconds,2.067999834664321,0.4778262764399305,,,,,,,,,query_sample_ddof1
MountainCar-v0,next-state,20,3.5__MountainCar-v0__next-state__H20,10,10,direction,all,10,100.0,parse_success_rate,100.0,,,,,,,,,,
MountainCar-v0,next-state,20,3.5__MountainCar-v0__next-state__H20,10,10,state_value,all,8,80.0,parse_success_rate,80.0,,,,,,,,,,
MountainCar-v0,next-state,20,3.5__MountainCar-v0__next-state__H20,10,10,state_delta,all,8,80.0,parse_success_rate,80.0,,,,,,,,,,
MountainCar-v0,next-state,20,3.5__MountainCar-v0__next-state__H20,10,10,all_required,all,8,80.0,parse_success_rate,80.0,,,,,,,,,,
MountainCar-v0,next-state,20,3.5__MountainCar-v0__next-state__H20,10,10,resource,all,10,100.0,input_tokens,1550.3,11.38273546502187,,,,,,,,,query_sample_ddof1
MountainCar-v0,next-state,20,3.5__MountainCar-v0__next-state__H20,10,10,resource,all,10,100.0,output_tokens,162.7,22.445242010031635,,,,,,,,,query_sample_ddof1
MountainCar-v0,next-state,20,3.5__MountainCar-v0__next-state__H20,10,10,resource,all,10,100.0,total_tokens,1713.0,22.939534045447004,,,,,,,,,query_sample_ddof1
MountainCar-v0,next-state,20,3.5__MountainCar-v0__next-state__H20,10,10,resource,all,10,100.0,query_elapsed_seconds,2.028657750203274,0.4136374000916249,,,,,,,,,query_sample_ddof1
MountainCar-v0,next-state,20,3.5__MountainCar-v0__next-state__H20,10,10,resource,all,10,100.0,request_elapsed_seconds,2.025327704125084,0.41374204968113615,,,,,,,,,query_sample_ddof1
MountainCar-v0,next-state,20,3.5__MountainCar-v0__next-state__H20,20,20,direction,all,20,100.0,parse_success_rate,100.0,,,,,,,,,,
MountainCar-v0,next-state,20,3.5__MountainCar-v0__next-state__H20,20,20,state_value,all,18,90.0,parse_success_rate,90.0,,,,,,,,,,
MountainCar-v0,next-state,20,3.5__MountainCar-v0__next-state__H20,20,20,state_delta,all,18,90.0,parse_success_rate,90.0,,,,,,,,,,
MountainCar-v0,next-state,20,3.5__MountainCar-v0__next-state__H20,20,20,all_required,all,18,90.0,parse_success_rate,90.0,,,,,,,,,,
MountainCar-v0,next-state,20,3.5__MountainCar-v0__next-state__H20,20,20,resource,all,20,100.0,input_tokens,1550.5,10.394836775002645,,,,,,,,,query_sample_ddof1
MountainCar-v0,next-state,20,3.5__MountainCar-v0__next-state__H20,20,20,resource,all,20,100.0,output_tokens,169.5,26.476404589747453,,,,,,,,,query_sample_ddof1
MountainCar-v0,next-state,20,3.5__MountainCar-v0__next-state__H20,20,20,resource,all,20,100.0,total_tokens,1720.0,25.18562664445108,,,,,,,,,query_sample_ddof1
MountainCar-v0,next-state,20,3.5__MountainCar-v0__next-state__H20,20,20,resource,all,20,100.0,query_elapsed_seconds,2.0002233834995424,0.36336015045640996,,,,,,,,,query_sample_ddof1
MountainCar-v0,next-state,20,3.5__MountainCar-v0__next-state__H20,20,20,resource,all,20,100.0,request_elapsed_seconds,1.9969212125171907,0.36342629451150626,,,,,,,,,query_sample_ddof1
MountainCar-v0,next-state,20,3.5__MountainCar-v0__next-state__H20,30,30,direction,all,30,100.0,parse_success_rate,100.0,,,,,,,,,,
MountainCar-v0,next-state,20,3.5__MountainCar-v0__next-state__H20,30,30,state_value,all,27,90.0,parse_success_rate,90.0,,,,,,,,,,
MountainCar-v0,next-state,20,3.5__MountainCar-v0__next-state__H20,30,30,state_delta,all,27,90.0,parse_success_rate,90.0,,,,,,,,,,
MountainCar-v0,next-state,20,3.5__MountainCar-v0__next-state__H20,30,30,all_required,all,27,90.0,parse_success_rate,90.0,,,,,,,,,,
MountainCar-v0,next-state,20,3.5__MountainCar-v0__next-state__H20,30,30,resource,all,30,100.0,input_tokens,1549.6333333333334,10.50938278096205,,,,,,,,,query_sample_ddof1
MountainCar-v0,next-state,20,3.5__MountainCar-v0__next-state__H20,30,30,resource,all,30,100.0,output_tokens,177.06666666666666,32.81287944498721,,,,,,,,,query_sample_ddof1
MountainCar-v0,next-state,20,3.5__MountainCar-v0__next-state__H20,30,30,resource,all,30,100.0,total_tokens,1726.7,32.4634011433353,,,,,,,,,query_sample_ddof1
MountainCar-v0,next-state,20,3.5__MountainCar-v0__next-state__H20,30,30,resource,all,30,100.0,query_elapsed_seconds,2.0405612877065624,0.4658751065126075,,,,,,,,,query_sample_ddof1
MountainCar-v0,next-state,20,3.5__MountainCar-v0__next-state__H20,30,30,resource,all,30,100.0,request_elapsed_seconds,2.037105681972268,0.46583416097656866,,,,,,,,,query_sample_ddof1
MountainCar-v0,next-state,30,3.5__MountainCar-v0__next-state__H30,10,10,direction,all,10,100.0,parse_success_rate,100.0,,,,,,,,,,
MountainCar-v0,next-state,30,3.5__MountainCar-v0__next-state__H30,10,10,state_value,all,10,100.0,parse_success_rate,100.0,,,,,,,,,,
MountainCar-v0,next-state,30,3.5__MountainCar-v0__next-state__H30,10,10,state_delta,all,10,100.0,parse_success_rate,100.0,,,,,,,,,,
MountainCar-v0,next-state,30,3.5__MountainCar-v0__next-state__H30,10,10,all_required,all,10,100.0,parse_success_rate,100.0,,,,,,,,,,
MountainCar-v0,next-state,30,3.5__MountainCar-v0__next-state__H30,10,10,resource,all,10,100.0,input_tokens,1868.6,8.235424835563872,,,,,,,,,query_sample_ddof1
MountainCar-v0,next-state,30,3.5__MountainCar-v0__next-state__H30,10,10,resource,all,10,100.0,output_tokens,155.0,13.55646627177517,,,,,,,,,query_sample_ddof1
MountainCar-v0,next-state,30,3.5__MountainCar-v0__next-state__H30,10,10,resource,all,10,100.0,total_tokens,2023.6,11.286176402031726,,,,,,,,,query_sample_ddof1
MountainCar-v0,next-state,30,3.5__MountainCar-v0__next-state__H30,10,10,resource,all,10,100.0,query_elapsed_seconds,1.8129204335040412,0.3367094148569439,,,,,,,,,query_sample_ddof1
MountainCar-v0,next-state,30,3.5__MountainCar-v0__next-state__H30,10,10,resource,all,10,100.0,request_elapsed_seconds,1.809394387411885,0.3372306491614825,,,,,,,,,query_sample_ddof1
MountainCar-v0,next-state,30,3.5__MountainCar-v0__next-state__H30,20,20,direction,all,20,100.0,parse_success_rate,100.0,,,,,,,,,,
MountainCar-v0,next-state,30,3.5__MountainCar-v0__next-state__H30,20,20,state_value,all,20,100.0,parse_success_rate,100.0,,,,,,,,,,
MountainCar-v0,next-state,30,3.5__MountainCar-v0__next-state__H30,20,20,state_delta,all,19,95.0,parse_success_rate,95.0,,,,,,,,,,
MountainCar-v0,next-state,30,3.5__MountainCar-v0__next-state__H30,20,20,all_required,all,19,95.0,parse_success_rate,95.0,,,,,,,,,,
MountainCar-v0,next-state,30,3.5__MountainCar-v0__next-state__H30,20,20,resource,all,20,100.0,input_tokens,1871.2,8.739504984175078,,,,,,,,,query_sample_ddof1
MountainCar-v0,next-state,30,3.5__MountainCar-v0__next-state__H30,20,20,resource,all,20,100.0,output_tokens,162.4,26.063485245797324,,,,,,,,,query_sample_ddof1
MountainCar-v0,next-state,30,3.5__MountainCar-v0__next-state__H30,20,20,resource,all,20,100.0,total_tokens,2033.6,24.602952326050115,,,,,,,,,query_sample_ddof1
MountainCar-v0,next-state,30,3.5__MountainCar-v0__next-state__H30,20,20,resource,all,20,100.0,query_elapsed_seconds,1.8788986876956186,0.45910615282028117,,,,,,,,,query_sample_ddof1
MountainCar-v0,next-state,30,3.5__MountainCar-v0__next-state__H30,20,20,resource,all,20,100.0,request_elapsed_seconds,1.8752126436913386,0.45920625853218344,,,,,,,,,query_sample_ddof1
MountainCar-v0,next-state,30,3.5__MountainCar-v0__next-state__H30,30,30,direction,all,30,100.0,parse_success_rate,100.0,,,,,,,,,,
MountainCar-v0,next-state,30,3.5__MountainCar-v0__next-state__H30,30,30,state_value,all,27,90.0,parse_success_rate,90.0,,,,,,,,,,
MountainCar-v0,next-state,30,3.5__MountainCar-v0__next-state__H30,30,30,state_delta,all,26,86.66666666666667,parse_success_rate,86.66666666666667,,,,,,,,,,
MountainCar-v0,next-state,30,3.5__MountainCar-v0__next-state__H30,30,30,all_required,all,25,83.33333333333333,parse_success_rate,83.33333333333333,,,,,,,,,,
MountainCar-v0,next-state,30,3.5__MountainCar-v0__next-state__H30,30,30,resource,all,30,100.0,input_tokens,1870.1,8.543398338624613,,,,,,,,,query_sample_ddof1
MountainCar-v0,next-state,30,3.5__MountainCar-v0__next-state__H30,30,30,resource,all,30,100.0,output_tokens,161.93333333333334,23.126240258756873,,,,,,,,,query_sample_ddof1
MountainCar-v0,next-state,30,3.5__MountainCar-v0__next-state__H30,30,30,resource,all,30,100.0,total_tokens,2032.0333333333333,22.597655254218427,,,,,,,,,query_sample_ddof1
MountainCar-v0,next-state,30,3.5__MountainCar-v0__next-state__H30,30,30,resource,all,30,100.0,query_elapsed_seconds,1.8822940542323825,0.5021969902878848,,,,,,,,,query_sample_ddof1
MountainCar-v0,next-state,30,3.5__MountainCar-v0__next-state__H30,30,30,resource,all,30,100.0,request_elapsed_seconds,1.8787494791283583,0.5022491995766044,,,,,,,,,query_sample_ddof1
MountainCar-v0,next-state,5,3.5__MountainCar-v0__next-state__H5,10,10,direction,all,9,90.0,parse_success_rate,90.0,,,,,,,,,,
MountainCar-v0,next-state,5,3.5__MountainCar-v0__next-state__H5,10,10,state_value,all,8,80.0,parse_success_rate,80.0,,,,,,,,,,
MountainCar-v0,next-state,5,3.5__MountainCar-v0__next-state__H5,10,10,state_delta,all,9,90.0,parse_success_rate,90.0,,,,,,,,,,
MountainCar-v0,next-state,5,3.5__MountainCar-v0__next-state__H5,10,10,all_required,all,7,70.0,parse_success_rate,70.0,,,,,,,,,,
MountainCar-v0,next-state,5,3.5__MountainCar-v0__next-state__H5,10,10,resource,all,10,100.0,input_tokens,1070.6,8.422192905255336,,,,,,,,,query_sample_ddof1
MountainCar-v0,next-state,5,3.5__MountainCar-v0__next-state__H5,10,10,resource,all,10,100.0,output_tokens,160.7,18.074229659318203,,,,,,,,,query_sample_ddof1
MountainCar-v0,next-state,5,3.5__MountainCar-v0__next-state__H5,10,10,resource,all,10,100.0,total_tokens,1231.3,17.055790805471318,,,,,,,,,query_sample_ddof1
MountainCar-v0,next-state,5,3.5__MountainCar-v0__next-state__H5,10,10,resource,all,10,100.0,query_elapsed_seconds,1.8478542082128115,0.5373914982877803,,,,,,,,,query_sample_ddof1
MountainCar-v0,next-state,5,3.5__MountainCar-v0__next-state__H5,10,10,resource,all,10,100.0,request_elapsed_seconds,1.8443068665917963,0.537454775555665,,,,,,,,,query_sample_ddof1
MountainCar-v0,next-state,5,3.5__MountainCar-v0__next-state__H5,20,20,direction,all,19,95.0,parse_success_rate,95.0,,,,,,,,,,
MountainCar-v0,next-state,5,3.5__MountainCar-v0__next-state__H5,20,20,state_value,all,16,80.0,parse_success_rate,80.0,,,,,,,,,,
MountainCar-v0,next-state,5,3.5__MountainCar-v0__next-state__H5,20,20,state_delta,all,18,90.0,parse_success_rate,90.0,,,,,,,,,,
MountainCar-v0,next-state,5,3.5__MountainCar-v0__next-state__H5,20,20,all_required,all,15,75.0,parse_success_rate,75.0,,,,,,,,,,
MountainCar-v0,next-state,5,3.5__MountainCar-v0__next-state__H5,20,20,resource,all,20,100.0,input_tokens,1070.05,6.723681635595346,,,,,,,,,query_sample_ddof1
MountainCar-v0,next-state,5,3.5__MountainCar-v0__next-state__H5,20,20,resource,all,20,100.0,output_tokens,170.5,20.324991098593248,,,,,,,,,query_sample_ddof1
MountainCar-v0,next-state,5,3.5__MountainCar-v0__next-state__H5,20,20,resource,all,20,100.0,total_tokens,1240.55,19.337650758096373,,,,,,,,,query_sample_ddof1
MountainCar-v0,next-state,5,3.5__MountainCar-v0__next-state__H5,20,20,resource,all,20,100.0,query_elapsed_seconds,2.058074474951718,0.5720134839440041,,,,,,,,,query_sample_ddof1
MountainCar-v0,next-state,5,3.5__MountainCar-v0__next-state__H5,20,20,resource,all,20,100.0,request_elapsed_seconds,2.054552356246859,0.5719119215832434,,,,,,,,,query_sample_ddof1
MountainCar-v0,next-state,5,3.5__MountainCar-v0__next-state__H5,30,30,direction,all,29,96.66666666666667,parse_success_rate,96.66666666666667,,,,,,,,,,
MountainCar-v0,next-state,5,3.5__MountainCar-v0__next-state__H5,30,30,state_value,all,25,83.33333333333333,parse_success_rate,83.33333333333333,,,,,,,,,,
MountainCar-v0,next-state,5,3.5__MountainCar-v0__next-state__H5,30,30,state_delta,all,27,90.0,parse_success_rate,90.0,,,,,,,,,,
MountainCar-v0,next-state,5,3.5__MountainCar-v0__next-state__H5,30,30,all_required,all,24,80.0,parse_success_rate,80.0,,,,,,,,,,
MountainCar-v0,next-state,5,3.5__MountainCar-v0__next-state__H5,30,30,resource,all,30,100.0,input_tokens,1070.7,5.855442502198422,,,,,,,,,query_sample_ddof1
MountainCar-v0,next-state,5,3.5__MountainCar-v0__next-state__H5,30,30,resource,all,30,100.0,output_tokens,177.3,26.24703595745097,,,,,,,,,query_sample_ddof1
MountainCar-v0,next-state,5,3.5__MountainCar-v0__next-state__H5,30,30,resource,all,30,100.0,total_tokens,1248.0,26.274413934209967,,,,,,,,,query_sample_ddof1
MountainCar-v0,next-state,5,3.5__MountainCar-v0__next-state__H5,30,30,resource,all,30,100.0,query_elapsed_seconds,2.09553233050198,0.5418939319246325,,,,,,,,,query_sample_ddof1
MountainCar-v0,next-state,5,3.5__MountainCar-v0__next-state__H5,30,30,resource,all,30,100.0,request_elapsed_seconds,2.091958247194998,0.5418650951229034,,,,,,,,,query_sample_ddof1
Pendulum-v1,last-action,10,3.5__Pendulum-v1__last-action__H10,10,10,action_value,all,9,90.0,parse_success_rate,90.0,,,,,,,,,,
Pendulum-v1,last-action,10,3.5__Pendulum-v1__last-action__H10,10,10,action_bin,all,9,90.0,parse_success_rate,90.0,,,,,,,,,,
Pendulum-v1,last-action,10,3.5__Pendulum-v1__last-action__H10,10,10,all_required,all,9,90.0,parse_success_rate,90.0,,,,,,,,,,
Pendulum-v1,last-action,10,3.5__Pendulum-v1__last-action__H10,10,10,resource,all,10,100.0,input_tokens,1533.9,6.9992063042097055,,,,,,,,,query_sample_ddof1
Pendulum-v1,last-action,10,3.5__Pendulum-v1__last-action__H10,10,10,resource,all,10,100.0,output_tokens,243.6,79.21587944064976,,,,,,,,,query_sample_ddof1
Pendulum-v1,last-action,10,3.5__Pendulum-v1__last-action__H10,10,10,resource,all,10,100.0,total_tokens,1777.5,81.03120112373725,,,,,,,,,query_sample_ddof1
Pendulum-v1,last-action,10,3.5__Pendulum-v1__last-action__H10,10,10,resource,all,10,100.0,query_elapsed_seconds,2.7926683623809367,0.7291551713796832,,,,,,,,,query_sample_ddof1
Pendulum-v1,last-action,10,3.5__Pendulum-v1__last-action__H10,10,10,resource,all,10,100.0,request_elapsed_seconds,2.788002495816909,0.7283174030498667,,,,,,,,,query_sample_ddof1
Pendulum-v1,last-action,10,3.5__Pendulum-v1__last-action__H10,20,20,action_value,all,19,95.0,parse_success_rate,95.0,,,,,,,,,,
Pendulum-v1,last-action,10,3.5__Pendulum-v1__last-action__H10,20,20,action_bin,all,19,95.0,parse_success_rate,95.0,,,,,,,,,,
Pendulum-v1,last-action,10,3.5__Pendulum-v1__last-action__H10,20,20,all_required,all,19,95.0,parse_success_rate,95.0,,,,,,,,,,
Pendulum-v1,last-action,10,3.5__Pendulum-v1__last-action__H10,20,20,resource,all,20,100.0,input_tokens,1534.7,6.852583070407983,,,,,,,,,query_sample_ddof1
Pendulum-v1,last-action,10,3.5__Pendulum-v1__last-action__H10,20,20,resource,all,20,100.0,output_tokens,234.1,66.60796538426601,,,,,,,,,query_sample_ddof1
Pendulum-v1,last-action,10,3.5__Pendulum-v1__last-action__H10,20,20,resource,all,20,100.0,total_tokens,1768.8,68.32014421283928,,,,,,,,,query_sample_ddof1
Pendulum-v1,last-action,10,3.5__Pendulum-v1__last-action__H10,20,20,resource,all,20,100.0,query_elapsed_seconds,2.6550480728328694,0.5729623496120868,,,,,,,,,query_sample_ddof1
Pendulum-v1,last-action,10,3.5__Pendulum-v1__last-action__H10,20,20,resource,all,20,100.0,request_elapsed_seconds,2.6508629896154163,0.5723089681979948,,,,,,,,,query_sample_ddof1
Pendulum-v1,last-action,10,3.5__Pendulum-v1__last-action__H10,30,30,action_value,all,28,93.33333333333333,parse_success_rate,93.33333333333333,,,,,,,,,,
Pendulum-v1,last-action,10,3.5__Pendulum-v1__last-action__H10,30,30,action_bin,all,29,96.66666666666667,parse_success_rate,96.66666666666667,,,,,,,,,,
Pendulum-v1,last-action,10,3.5__Pendulum-v1__last-action__H10,30,30,all_required,all,28,93.33333333333333,parse_success_rate,93.33333333333333,,,,,,,,,,
Pendulum-v1,last-action,10,3.5__Pendulum-v1__last-action__H10,30,30,resource,all,30,100.0,input_tokens,1533.0,7.30139334836757,,,,,,,,,query_sample_ddof1
Pendulum-v1,last-action,10,3.5__Pendulum-v1__last-action__H10,30,30,resource,all,30,100.0,output_tokens,240.36666666666667,67.63618870832762,,,,,,,,,query_sample_ddof1
Pendulum-v1,last-action,10,3.5__Pendulum-v1__last-action__H10,30,30,resource,all,30,100.0,total_tokens,1773.3666666666666,68.80230716527149,,,,,,,,,query_sample_ddof1
Pendulum-v1,last-action,10,3.5__Pendulum-v1__last-action__H10,30,30,resource,all,30,100.0,query_elapsed_seconds,2.815608687516457,0.6871865040437252,,,,,,,,,query_sample_ddof1
Pendulum-v1,last-action,10,3.5__Pendulum-v1__last-action__H10,30,30,resource,all,30,100.0,request_elapsed_seconds,2.8114783680687347,0.6868626824451867,,,,,,,,,query_sample_ddof1
Pendulum-v1,last-action,20,3.5__Pendulum-v1__last-action__H20,10,10,action_value,all,10,100.0,parse_success_rate,100.0,,,,,,,,,,
Pendulum-v1,last-action,20,3.5__Pendulum-v1__last-action__H20,10,10,action_bin,all,10,100.0,parse_success_rate,100.0,,,,,,,,,,
Pendulum-v1,last-action,20,3.5__Pendulum-v1__last-action__H20,10,10,all_required,all,10,100.0,parse_success_rate,100.0,,,,,,,,,,
Pendulum-v1,last-action,20,3.5__Pendulum-v1__last-action__H20,10,10,resource,all,10,100.0,input_tokens,1978.2,8.829244336609761,,,,,,,,,query_sample_ddof1
Pendulum-v1,last-action,20,3.5__Pendulum-v1__last-action__H20,10,10,resource,all,10,100.0,output_tokens,194.1,29.789819290041578,,,,,,,,,query_sample_ddof1
Pendulum-v1,last-action,20,3.5__Pendulum-v1__last-action__H20,10,10,resource,all,10,100.0,total_tokens,2172.3,31.934133601663422,,,,,,,,,query_sample_ddof1
Pendulum-v1,last-action,20,3.5__Pendulum-v1__last-action__H20,10,10,resource,all,10,100.0,query_elapsed_seconds,2.3310750001925045,0.3613544034245005,,,,,,,,,query_sample_ddof1
Pendulum-v1,last-action,20,3.5__Pendulum-v1__last-action__H20,10,10,resource,all,10,100.0,request_elapsed_seconds,2.3272398543776944,0.3612292059474357,,,,,,,,,query_sample_ddof1
Pendulum-v1,last-action,20,3.5__Pendulum-v1__last-action__H20,20,20,action_value,all,20,100.0,parse_success_rate,100.0,,,,,,,,,,
Pendulum-v1,last-action,20,3.5__Pendulum-v1__last-action__H20,20,20,action_bin,all,20,100.0,parse_success_rate,100.0,,,,,,,,,,
Pendulum-v1,last-action,20,3.5__Pendulum-v1__last-action__H20,20,20,all_required,all,20,100.0,parse_success_rate,100.0,,,,,,,,,,
Pendulum-v1,last-action,20,3.5__Pendulum-v1__last-action__H20,20,20,resource,all,20,100.0,input_tokens,1979.25,7.683714836211097,,,,,,,,,query_sample_ddof1
Pendulum-v1,last-action,20,3.5__Pendulum-v1__last-action__H20,20,20,resource,all,20,100.0,output_tokens,200.15,37.02527586165401,,,,,,,,,query_sample_ddof1
Pendulum-v1,last-action,20,3.5__Pendulum-v1__last-action__H20,20,20,resource,all,20,100.0,total_tokens,2179.4,36.891590826151834,,,,,,,,,query_sample_ddof1
Pendulum-v1,last-action,20,3.5__Pendulum-v1__last-action__H20,20,20,resource,all,20,100.0,query_elapsed_seconds,2.2814115585002583,0.45252437737262025,,,,,,,,,query_sample_ddof1
Pendulum-v1,last-action,20,3.5__Pendulum-v1__last-action__H20,20,20,resource,all,20,100.0,request_elapsed_seconds,2.277383593842387,0.4524600637814304,,,,,,,,,query_sample_ddof1
Pendulum-v1,last-action,20,3.5__Pendulum-v1__last-action__H20,30,30,action_value,all,29,96.66666666666667,parse_success_rate,96.66666666666667,,,,,,,,,,
Pendulum-v1,last-action,20,3.5__Pendulum-v1__last-action__H20,30,30,action_bin,all,29,96.66666666666667,parse_success_rate,96.66666666666667,,,,,,,,,,
Pendulum-v1,last-action,20,3.5__Pendulum-v1__last-action__H20,30,30,all_required,all,29,96.66666666666667,parse_success_rate,96.66666666666667,,,,,,,,,,
Pendulum-v1,last-action,20,3.5__Pendulum-v1__last-action__H20,30,30,resource,all,30,100.0,input_tokens,1980.0666666666666,7.565499428933653,,,,,,,,,query_sample_ddof1
Pendulum-v1,last-action,20,3.5__Pendulum-v1__last-action__H20,30,30,resource,all,30,100.0,output_tokens,215.16666666666666,59.90917455116786,,,,,,,,,query_sample_ddof1
Pendulum-v1,last-action,20,3.5__Pendulum-v1__last-action__H20,30,30,resource,all,30,100.0,total_tokens,2195.233333333333,61.9141136677605,,,,,,,,,query_sample_ddof1
Pendulum-v1,last-action,20,3.5__Pendulum-v1__last-action__H20,30,30,resource,all,30,100.0,query_elapsed_seconds,2.3906014569646987,0.507288341993914,,,,,,,,,query_sample_ddof1
Pendulum-v1,last-action,20,3.5__Pendulum-v1__last-action__H20,30,30,resource,all,30,100.0,request_elapsed_seconds,2.38668582791773,0.5073251952243911,,,,,,,,,query_sample_ddof1
Pendulum-v1,last-action,30,3.5__Pendulum-v1__last-action__H30,10,10,action_value,all,10,100.0,parse_success_rate,100.0,,,,,,,,,,
Pendulum-v1,last-action,30,3.5__Pendulum-v1__last-action__H30,10,10,action_bin,all,10,100.0,parse_success_rate,100.0,,,,,,,,,,
Pendulum-v1,last-action,30,3.5__Pendulum-v1__last-action__H30,10,10,all_required,all,10,100.0,parse_success_rate,100.0,,,,,,,,,,
Pendulum-v1,last-action,30,3.5__Pendulum-v1__last-action__H30,10,10,resource,all,10,100.0,input_tokens,2424.3,4.667856991049414,,,,,,,,,query_sample_ddof1
Pendulum-v1,last-action,30,3.5__Pendulum-v1__last-action__H30,10,10,resource,all,10,100.0,output_tokens,184.8,60.55447501584375,,,,,,,,,query_sample_ddof1
Pendulum-v1,last-action,30,3.5__Pendulum-v1__last-action__H30,10,10,resource,all,10,100.0,total_tokens,2609.1,60.31482220630164,,,,,,,,,query_sample_ddof1
Pendulum-v1,last-action,30,3.5__Pendulum-v1__last-action__H30,10,10,resource,all,10,100.0,query_elapsed_seconds,2.1411032084026376,0.49381754840889835,,,,,,,,,query_sample_ddof1
Pendulum-v1,last-action,30,3.5__Pendulum-v1__last-action__H30,10,10,resource,all,10,100.0,request_elapsed_seconds,2.1373036499135196,0.4943285365164455,,,,,,,,,query_sample_ddof1
Pendulum-v1,last-action,30,3.5__Pendulum-v1__last-action__H30,20,20,action_value,all,20,100.0,parse_success_rate,100.0,,,,,,,,,,
Pendulum-v1,last-action,30,3.5__Pendulum-v1__last-action__H30,20,20,action_bin,all,20,100.0,parse_success_rate,100.0,,,,,,,,,,
Pendulum-v1,last-action,30,3.5__Pendulum-v1__last-action__H30,20,20,all_required,all,20,100.0,parse_success_rate,100.0,,,,,,,,,,
Pendulum-v1,last-action,30,3.5__Pendulum-v1__last-action__H30,20,20,resource,all,20,100.0,input_tokens,2424.95,4.2608993367474355,,,,,,,,,query_sample_ddof1
Pendulum-v1,last-action,30,3.5__Pendulum-v1__last-action__H30,20,20,resource,all,20,100.0,output_tokens,184.3,52.305881726225536,,,,,,,,,query_sample_ddof1
Pendulum-v1,last-action,30,3.5__Pendulum-v1__last-action__H30,20,20,resource,all,20,100.0,total_tokens,2609.25,53.01824412903841,,,,,,,,,query_sample_ddof1
Pendulum-v1,last-action,30,3.5__Pendulum-v1__last-action__H30,20,20,resource,all,20,100.0,query_elapsed_seconds,2.1224714312527793,0.4750559720069384,,,,,,,,,query_sample_ddof1
Pendulum-v1,last-action,30,3.5__Pendulum-v1__last-action__H30,20,20,resource,all,20,100.0,request_elapsed_seconds,2.118673410336487,0.47552942485591876,,,,,,,,,query_sample_ddof1
Pendulum-v1,last-action,30,3.5__Pendulum-v1__last-action__H30,30,30,action_value,all,30,100.0,parse_success_rate,100.0,,,,,,,,,,
Pendulum-v1,last-action,30,3.5__Pendulum-v1__last-action__H30,30,30,action_bin,all,30,100.0,parse_success_rate,100.0,,,,,,,,,,
Pendulum-v1,last-action,30,3.5__Pendulum-v1__last-action__H30,30,30,all_required,all,30,100.0,parse_success_rate,100.0,,,,,,,,,,
Pendulum-v1,last-action,30,3.5__Pendulum-v1__last-action__H30,30,30,resource,all,30,100.0,input_tokens,2425.2,3.8001814838695296,,,,,,,,,query_sample_ddof1
Pendulum-v1,last-action,30,3.5__Pendulum-v1__last-action__H30,30,30,resource,all,30,100.0,output_tokens,184.56666666666666,50.56213884971116,,,,,,,,,query_sample_ddof1
Pendulum-v1,last-action,30,3.5__Pendulum-v1__last-action__H30,30,30,resource,all,30,100.0,total_tokens,2609.766666666667,51.22410756081846,,,,,,,,,query_sample_ddof1
Pendulum-v1,last-action,30,3.5__Pendulum-v1__last-action__H30,30,30,resource,all,30,100.0,query_elapsed_seconds,2.142242376471404,0.49181985566334285,,,,,,,,,query_sample_ddof1
Pendulum-v1,last-action,30,3.5__Pendulum-v1__last-action__H30,30,30,resource,all,30,100.0,request_elapsed_seconds,2.1384180208202452,0.4922474720834399,,,,,,,,,query_sample_ddof1
Pendulum-v1,last-action,5,3.5__Pendulum-v1__last-action__H5,10,10,action_value,all,9,90.0,parse_success_rate,90.0,,,,,,,,,,
Pendulum-v1,last-action,5,3.5__Pendulum-v1__last-action__H5,10,10,action_bin,all,10,100.0,parse_success_rate,100.0,,,,,,,,,,
Pendulum-v1,last-action,5,3.5__Pendulum-v1__last-action__H5,10,10,all_required,all,9,90.0,parse_success_rate,90.0,,,,,,,,,,
Pendulum-v1,last-action,5,3.5__Pendulum-v1__last-action__H5,10,10,resource,all,10,100.0,input_tokens,1309.1,4.483302354291979,,,,,,,,,query_sample_ddof1
Pendulum-v1,last-action,5,3.5__Pendulum-v1__last-action__H5,10,10,resource,all,10,100.0,output_tokens,230.0,41.769207158703246,,,,,,,,,query_sample_ddof1
Pendulum-v1,last-action,5,3.5__Pendulum-v1__last-action__H5,10,10,resource,all,10,100.0,total_tokens,1539.1,44.4383468039335,,,,,,,,,query_sample_ddof1
Pendulum-v1,last-action,5,3.5__Pendulum-v1__last-action__H5,10,10,resource,all,10,100.0,query_elapsed_seconds,2.464138558099512,0.6867663008045479,,,,,,,,,query_sample_ddof1
Pendulum-v1,last-action,5,3.5__Pendulum-v1__last-action__H5,10,10,resource,all,10,100.0,request_elapsed_seconds,2.4599701624480077,0.6866517178143077,,,,,,,,,query_sample_ddof1
Pendulum-v1,last-action,5,3.5__Pendulum-v1__last-action__H5,20,20,action_value,all,19,95.0,parse_success_rate,95.0,,,,,,,,,,
Pendulum-v1,last-action,5,3.5__Pendulum-v1__last-action__H5,20,20,action_bin,all,20,100.0,parse_success_rate,100.0,,,,,,,,,,
Pendulum-v1,last-action,5,3.5__Pendulum-v1__last-action__H5,20,20,all_required,all,19,95.0,parse_success_rate,95.0,,,,,,,,,,
Pendulum-v1,last-action,5,3.5__Pendulum-v1__last-action__H5,20,20,resource,all,20,100.0,input_tokens,1310.8,5.643813566990619,,,,,,,,,query_sample_ddof1
Pendulum-v1,last-action,5,3.5__Pendulum-v1__last-action__H5,20,20,resource,all,20,100.0,output_tokens,227.15,45.87657927871028,,,,,,,,,query_sample_ddof1
Pendulum-v1,last-action,5,3.5__Pendulum-v1__last-action__H5,20,20,resource,all,20,100.0,total_tokens,1537.95,45.99825511564771,,,,,,,,,query_sample_ddof1
Pendulum-v1,last-action,5,3.5__Pendulum-v1__last-action__H5,20,20,resource,all,20,100.0,query_elapsed_seconds,2.4058942166040653,0.614279076404824,,,,,,,,,query_sample_ddof1
Pendulum-v1,last-action,5,3.5__Pendulum-v1__last-action__H5,20,20,resource,all,20,100.0,request_elapsed_seconds,2.401780041685561,0.6141829459131066,,,,,,,,,query_sample_ddof1
Pendulum-v1,last-action,5,3.5__Pendulum-v1__last-action__H5,30,30,action_value,all,29,96.66666666666667,parse_success_rate,96.66666666666667,,,,,,,,,,
Pendulum-v1,last-action,5,3.5__Pendulum-v1__last-action__H5,30,30,action_bin,all,30,100.0,parse_success_rate,100.0,,,,,,,,,,
Pendulum-v1,last-action,5,3.5__Pendulum-v1__last-action__H5,30,30,all_required,all,29,96.66666666666667,parse_success_rate,96.66666666666667,,,,,,,,,,
Pendulum-v1,last-action,5,3.5__Pendulum-v1__last-action__H5,30,30,resource,all,30,100.0,input_tokens,1309.6333333333334,5.756455646419541,,,,,,,,,query_sample_ddof1
Pendulum-v1,last-action,5,3.5__Pendulum-v1__last-action__H5,30,30,resource,all,30,100.0,output_tokens,219.93333333333334,48.36351812117758,,,,,,,,,query_sample_ddof1
Pendulum-v1,last-action,5,3.5__Pendulum-v1__last-action__H5,30,30,resource,all,30,100.0,total_tokens,1529.5666666666666,48.96140868306267,,,,,,,,,query_sample_ddof1
Pendulum-v1,last-action,5,3.5__Pendulum-v1__last-action__H5,30,30,resource,all,30,100.0,query_elapsed_seconds,2.3310835221006223,0.5354848220093603,,,,,,,,,query_sample_ddof1
Pendulum-v1,last-action,5,3.5__Pendulum-v1__last-action__H5,30,30,resource,all,30,100.0,request_elapsed_seconds,2.3269904320244676,0.5354255777977337,,,,,,,,,query_sample_ddof1
Pendulum-v1,last-state,10,3.5__Pendulum-v1__last-state__H10,10,10,direction,all,10,100.0,parse_success_rate,100.0,,,,,,,,,,
Pendulum-v1,last-state,10,3.5__Pendulum-v1__last-state__H10,10,10,state_value,all,10,100.0,parse_success_rate,100.0,,,,,,,,,,
Pendulum-v1,last-state,10,3.5__Pendulum-v1__last-state__H10,10,10,state_delta,all,10,100.0,parse_success_rate,100.0,,,,,,,,,,
Pendulum-v1,last-state,10,3.5__Pendulum-v1__last-state__H10,10,10,all_required,all,10,100.0,parse_success_rate,100.0,,,,,,,,,,
Pendulum-v1,last-state,10,3.5__Pendulum-v1__last-state__H10,10,10,resource,all,10,100.0,input_tokens,1506.8,6.972963661329537,,,,,,,,,query_sample_ddof1
Pendulum-v1,last-state,10,3.5__Pendulum-v1__last-state__H10,10,10,resource,all,10,100.0,output_tokens,230.3,57.11596390969282,,,,,,,,,query_sample_ddof1
Pendulum-v1,last-state,10,3.5__Pendulum-v1__last-state__H10,10,10,resource,all,10,100.0,total_tokens,1737.1,55.99890871952576,,,,,,,,,query_sample_ddof1
Pendulum-v1,last-state,10,3.5__Pendulum-v1__last-state__H10,10,10,resource,all,10,100.0,query_elapsed_seconds,2.5603765542968175,0.8151985989890068,,,,,,,,,query_sample_ddof1
Pendulum-v1,last-state,10,3.5__Pendulum-v1__last-state__H10,10,10,resource,all,10,100.0,request_elapsed_seconds,2.5567173541290686,0.8154033693590418,,,,,,,,,query_sample_ddof1
Pendulum-v1,last-state,10,3.5__Pendulum-v1__last-state__H10,20,20,direction,all,20,100.0,parse_success_rate,100.0,,,,,,,,,,
Pendulum-v1,last-state,10,3.5__Pendulum-v1__last-state__H10,20,20,state_value,all,19,95.0,parse_success_rate,95.0,,,,,,,,,,
Pendulum-v1,last-state,10,3.5__Pendulum-v1__last-state__H10,20,20,state_delta,all,19,95.0,parse_success_rate,95.0,,,,,,,,,,
Pendulum-v1,last-state,10,3.5__Pendulum-v1__last-state__H10,20,20,all_required,all,19,95.0,parse_success_rate,95.0,,,,,,,,,,
Pendulum-v1,last-state,10,3.5__Pendulum-v1__last-state__H10,20,20,resource,all,20,100.0,input_tokens,1508.15,7.005824644349045,,,,,,,,,query_sample_ddof1
Pendulum-v1,last-state,10,3.5__Pendulum-v1__last-state__H10,20,20,resource,all,20,100.0,output_tokens,235.05,48.66585856094274,,,,,,,,,query_sample_ddof1
Pendulum-v1,last-state,10,3.5__Pendulum-v1__last-state__H10,20,20,resource,all,20,100.0,total_tokens,1743.2,50.148831124542625,,,,,,,,,query_sample_ddof1
Pendulum-v1,last-state,10,3.5__Pendulum-v1__last-state__H10,20,20,resource,all,20,100.0,query_elapsed_seconds,2.559604470798513,0.7629261059852969,,,,,,,,,query_sample_ddof1
Pendulum-v1,last-state,10,3.5__Pendulum-v1__last-state__H10,20,20,resource,all,20,100.0,request_elapsed_seconds,2.555928035418037,0.7629956301474016,,,,,,,,,query_sample_ddof1
Pendulum-v1,last-state,10,3.5__Pendulum-v1__last-state__H10,30,30,direction,all,29,96.66666666666667,parse_success_rate,96.66666666666667,,,,,,,,,,
Pendulum-v1,last-state,10,3.5__Pendulum-v1__last-state__H10,30,30,state_value,all,29,96.66666666666667,parse_success_rate,96.66666666666667,,,,,,,,,,
Pendulum-v1,last-state,10,3.5__Pendulum-v1__last-state__H10,30,30,state_delta,all,26,86.66666666666667,parse_success_rate,86.66666666666667,,,,,,,,,,
Pendulum-v1,last-state,10,3.5__Pendulum-v1__last-state__H10,30,30,all_required,all,25,83.33333333333333,parse_success_rate,83.33333333333333,,,,,,,,,,
Pendulum-v1,last-state,10,3.5__Pendulum-v1__last-state__H10,30,30,resource,all,30,100.0,input_tokens,1506.5666666666666,7.314055120030925,,,,,,,,,query_sample_ddof1
Pendulum-v1,last-state,10,3.5__Pendulum-v1__last-state__H10,30,30,resource,all,30,100.0,output_tokens,234.46666666666667,54.85324202742753,,,,,,,,,query_sample_ddof1
Pendulum-v1,last-state,10,3.5__Pendulum-v1__last-state__H10,30,30,resource,all,30,100.0,total_tokens,1741.0333333333333,55.20899685135869,,,,,,,,,query_sample_ddof1
Pendulum-v1,last-state,10,3.5__Pendulum-v1__last-state__H10,30,30,resource,all,30,100.0,query_elapsed_seconds,2.7189098819391804,0.8421271492748317,,,,,,,,,query_sample_ddof1
Pendulum-v1,last-state,10,3.5__Pendulum-v1__last-state__H10,30,30,resource,all,30,100.0,request_elapsed_seconds,2.7151894860784522,0.8422154378269026,,,,,,,,,query_sample_ddof1
Pendulum-v1,last-state,20,3.5__Pendulum-v1__last-state__H20,10,10,direction,all,10,100.0,parse_success_rate,100.0,,,,,,,,,,
Pendulum-v1,last-state,20,3.5__Pendulum-v1__last-state__H20,10,10,state_value,all,10,100.0,parse_success_rate,100.0,,,,,,,,,,
Pendulum-v1,last-state,20,3.5__Pendulum-v1__last-state__H20,10,10,state_delta,all,9,90.0,parse_success_rate,90.0,,,,,,,,,,
Pendulum-v1,last-state,20,3.5__Pendulum-v1__last-state__H20,10,10,all_required,all,9,90.0,parse_success_rate,90.0,,,,,,,,,,
Pendulum-v1,last-state,20,3.5__Pendulum-v1__last-state__H20,10,10,resource,all,10,100.0,input_tokens,1951.0,9.321420969406375,,,,,,,,,query_sample_ddof1
Pendulum-v1,last-state,20,3.5__Pendulum-v1__last-state__H20,10,10,resource,all,10,100.0,output_tokens,265.6,57.573527867511395,,,,,,,,,query_sample_ddof1
Pendulum-v1,last-state,20,3.5__Pendulum-v1__last-state__H20,10,10,resource,all,10,100.0,total_tokens,2216.6,60.62855946022651,,,,,,,,,query_sample_ddof1
Pendulum-v1,last-state,20,3.5__Pendulum-v1__last-state__H20,10,10,resource,all,10,100.0,query_elapsed_seconds,2.8216613833094017,0.6964542723934921,,,,,,,,,query_sample_ddof1
Pendulum-v1,last-state,20,3.5__Pendulum-v1__last-state__H20,10,10,resource,all,10,100.0,request_elapsed_seconds,2.817981300095562,0.6961794532528728,,,,,,,,,query_sample_ddof1
Pendulum-v1,last-state,20,3.5__Pendulum-v1__last-state__H20,20,20,direction,all,20,100.0,parse_success_rate,100.0,,,,,,,,,,
Pendulum-v1,last-state,20,3.5__Pendulum-v1__last-state__H20,20,20,state_value,all,19,95.0,parse_success_rate,95.0,,,,,,,,,,
Pendulum-v1,last-state,20,3.5__Pendulum-v1__last-state__H20,20,20,state_delta,all,17,85.0,parse_success_rate,85.0,,,,,,,,,,
Pendulum-v1,last-state,20,3.5__Pendulum-v1__last-state__H20,20,20,all_required,all,17,85.0,parse_success_rate,85.0,,,,,,,,,,
Pendulum-v1,last-state,20,3.5__Pendulum-v1__last-state__H20,20,20,resource,all,20,100.0,input_tokens,1952.7,7.974300827295802,,,,,,,,,query_sample_ddof1
Pendulum-v1,last-state,20,3.5__Pendulum-v1__last-state__H20,20,20,resource,all,20,100.0,output_tokens,266.25,55.351389465753016,,,,,,,,,query_sample_ddof1
Pendulum-v1,last-state,20,3.5__Pendulum-v1__last-state__H20,20,20,resource,all,20,100.0,total_tokens,2218.95,55.62702391350524,,,,,,,,,query_sample_ddof1
Pendulum-v1,last-state,20,3.5__Pendulum-v1__last-state__H20,20,20,resource,all,20,100.0,query_elapsed_seconds,2.699941574956756,0.6072911422990711,,,,,,,,,query_sample_ddof1
Pendulum-v1,last-state,20,3.5__Pendulum-v1__last-state__H20,20,20,resource,all,20,100.0,request_elapsed_seconds,2.696275645896094,0.6071054525975351,,,,,,,,,query_sample_ddof1
Pendulum-v1,last-state,20,3.5__Pendulum-v1__last-state__H20,30,30,direction,all,28,93.33333333333333,parse_success_rate,93.33333333333333,,,,,,,,,,
Pendulum-v1,last-state,20,3.5__Pendulum-v1__last-state__H20,30,30,state_value,all,27,90.0,parse_success_rate,90.0,,,,,,,,,,
Pendulum-v1,last-state,20,3.5__Pendulum-v1__last-state__H20,30,30,state_delta,all,22,73.33333333333333,parse_success_rate,73.33333333333333,,,,,,,,,,
Pendulum-v1,last-state,20,3.5__Pendulum-v1__last-state__H20,30,30,all_required,all,22,73.33333333333333,parse_success_rate,73.33333333333333,,,,,,,,,,
Pendulum-v1,last-state,20,3.5__Pendulum-v1__last-state__H20,30,30,resource,all,30,100.0,input_tokens,1953.6666666666667,7.666916537657255,,,,,,,,,query_sample_ddof1
Pendulum-v1,last-state,20,3.5__Pendulum-v1__last-state__H20,30,30,resource,all,30,100.0,output_tokens,253.33333333333334,53.494655442572395,,,,,,,,,query_sample_ddof1
Pendulum-v1,last-state,20,3.5__Pendulum-v1__last-state__H20,30,30,resource,all,30,100.0,total_tokens,2207.0,53.74973937386692,,,,,,,,,query_sample_ddof1
Pendulum-v1,last-state,20,3.5__Pendulum-v1__last-state__H20,30,30,resource,all,30,100.0,query_elapsed_seconds,2.6555631305401524,0.610505835415031,,,,,,,,,query_sample_ddof1
Pendulum-v1,last-state,20,3.5__Pendulum-v1__last-state__H20,30,30,resource,all,30,100.0,request_elapsed_seconds,2.65204862919248,0.6104081879431504,,,,,,,,,query_sample_ddof1
Pendulum-v1,last-state,30,3.5__Pendulum-v1__last-state__H30,10,10,direction,all,10,100.0,parse_success_rate,100.0,,,,,,,,,,
Pendulum-v1,last-state,30,3.5__Pendulum-v1__last-state__H30,10,10,state_value,all,9,90.0,parse_success_rate,90.0,,,,,,,,,,
Pendulum-v1,last-state,30,3.5__Pendulum-v1__last-state__H30,10,10,state_delta,all,8,80.0,parse_success_rate,80.0,,,,,,,,,,
Pendulum-v1,last-state,30,3.5__Pendulum-v1__last-state__H30,10,10,all_required,all,8,80.0,parse_success_rate,80.0,,,,,,,,,,
Pendulum-v1,last-state,30,3.5__Pendulum-v1__last-state__H30,10,10,resource,all,10,100.0,input_tokens,2397.9,4.863697724525606,,,,,,,,,query_sample_ddof1
Pendulum-v1,last-state,30,3.5__Pendulum-v1__last-state__H30,10,10,resource,all,10,100.0,output_tokens,251.5,56.0560235637329,,,,,,,,,query_sample_ddof1
Pendulum-v1,last-state,30,3.5__Pendulum-v1__last-state__H30,10,10,resource,all,10,100.0,total_tokens,2649.4,55.889176054044675,,,,,,,,,query_sample_ddof1
Pendulum-v1,last-state,30,3.5__Pendulum-v1__last-state__H30,10,10,resource,all,10,100.0,query_elapsed_seconds,2.457493120781146,0.5437914237044049,,,,,,,,,query_sample_ddof1
Pendulum-v1,last-state,30,3.5__Pendulum-v1__last-state__H30,10,10,resource,all,10,100.0,request_elapsed_seconds,2.4539298248826524,0.5437416094984174,,,,,,,,,query_sample_ddof1
Pendulum-v1,last-state,30,3.5__Pendulum-v1__last-state__H30,20,20,direction,all,20,100.0,parse_success_rate,100.0,,,,,,,,,,
Pendulum-v1,last-state,30,3.5__Pendulum-v1__last-state__H30,20,20,state_value,all,19,95.0,parse_success_rate,95.0,,,,,,,,,,
Pendulum-v1,last-state,30,3.5__Pendulum-v1__last-state__H30,20,20,state_delta,all,18,90.0,parse_success_rate,90.0,,,,,,,,,,
Pendulum-v1,last-state,30,3.5__Pendulum-v1__last-state__H30,20,20,all_required,all,18,90.0,parse_success_rate,90.0,,,,,,,,,,
Pendulum-v1,last-state,30,3.5__Pendulum-v1__last-state__H30,20,20,resource,all,20,100.0,input_tokens,2398.65,4.356181331105684,,,,,,,,,query_sample_ddof1
Pendulum-v1,last-state,30,3.5__Pendulum-v1__last-state__H30,20,20,resource,all,20,100.0,output_tokens,248.8,61.93341076043732,,,,,,,,,query_sample_ddof1
Pendulum-v1,last-state,30,3.5__Pendulum-v1__last-state__H30,20,20,resource,all,20,100.0,total_tokens,2647.45,62.4385803473259,,,,,,,,,query_sample_ddof1
Pendulum-v1,last-state,30,3.5__Pendulum-v1__last-state__H30,20,20,resource,all,20,100.0,query_elapsed_seconds,2.561746685288381,0.6383910329356445,,,,,,,,,query_sample_ddof1
Pendulum-v1,last-state,30,3.5__Pendulum-v1__last-state__H30,20,20,resource,all,20,100.0,request_elapsed_seconds,2.5580042396322824,0.6382303388356444,,,,,,,,,query_sample_ddof1
Pendulum-v1,last-state,30,3.5__Pendulum-v1__last-state__H30,30,30,direction,all,30,100.0,parse_success_rate,100.0,,,,,,,,,,
Pendulum-v1,last-state,30,3.5__Pendulum-v1__last-state__H30,30,30,state_value,all,28,93.33333333333333,parse_success_rate,93.33333333333333,,,,,,,,,,
Pendulum-v1,last-state,30,3.5__Pendulum-v1__last-state__H30,30,30,state_delta,all,27,90.0,parse_success_rate,90.0,,,,,,,,,,
Pendulum-v1,last-state,30,3.5__Pendulum-v1__last-state__H30,30,30,all_required,all,27,90.0,parse_success_rate,90.0,,,,,,,,,,
Pendulum-v1,last-state,30,3.5__Pendulum-v1__last-state__H30,30,30,resource,all,30,100.0,input_tokens,2398.866666666667,3.875060251663577,,,,,,,,,query_sample_ddof1
Pendulum-v1,last-state,30,3.5__Pendulum-v1__last-state__H30,30,30,resource,all,30,100.0,output_tokens,245.66666666666666,56.725189523145545,,,,,,,,,query_sample_ddof1
Pendulum-v1,last-state,30,3.5__Pendulum-v1__last-state__H30,30,30,resource,all,30,100.0,total_tokens,2644.5333333333333,57.25125105293714,,,,,,,,,query_sample_ddof1
Pendulum-v1,last-state,30,3.5__Pendulum-v1__last-state__H30,30,30,resource,all,30,100.0,query_elapsed_seconds,2.646964441561916,0.7511937675732674,,,,,,,,,query_sample_ddof1
Pendulum-v1,last-state,30,3.5__Pendulum-v1__last-state__H30,30,30,resource,all,30,100.0,request_elapsed_seconds,2.6432599764200857,0.751081859299681,,,,,,,,,query_sample_ddof1
Pendulum-v1,last-state,5,3.5__Pendulum-v1__last-state__H5,10,10,direction,all,9,90.0,parse_success_rate,90.0,,,,,,,,,,
Pendulum-v1,last-state,5,3.5__Pendulum-v1__last-state__H5,10,10,state_value,all,9,90.0,parse_success_rate,90.0,,,,,,,,,,
Pendulum-v1,last-state,5,3.5__Pendulum-v1__last-state__H5,10,10,state_delta,all,9,90.0,parse_success_rate,90.0,,,,,,,,,,
Pendulum-v1,last-state,5,3.5__Pendulum-v1__last-state__H5,10,10,all_required,all,9,90.0,parse_success_rate,90.0,,,,,,,,,,
Pendulum-v1,last-state,5,3.5__Pendulum-v1__last-state__H5,10,10,resource,all,10,100.0,input_tokens,1282.3,2.3118054512532935,,,,,,,,,query_sample_ddof1
Pendulum-v1,last-state,5,3.5__Pendulum-v1__last-state__H5,10,10,resource,all,10,100.0,output_tokens,233.6,44.52265340999643,,,,,,,,,query_sample_ddof1
Pendulum-v1,last-state,5,3.5__Pendulum-v1__last-state__H5,10,10,resource,all,10,100.0,total_tokens,1515.9,46.09278082785247,,,,,,,,,query_sample_ddof1
Pendulum-v1,last-state,5,3.5__Pendulum-v1__last-state__H5,10,10,resource,all,10,100.0,query_elapsed_seconds,2.404238999914378,0.5070452156712616,,,,,,,,,query_sample_ddof1
Pendulum-v1,last-state,5,3.5__Pendulum-v1__last-state__H5,10,10,resource,all,10,100.0,request_elapsed_seconds,2.4000624125823378,0.5060874615090772,,,,,,,,,query_sample_ddof1
Pendulum-v1,last-state,5,3.5__Pendulum-v1__last-state__H5,20,20,direction,all,18,90.0,parse_success_rate,90.0,,,,,,,,,,
Pendulum-v1,last-state,5,3.5__Pendulum-v1__last-state__H5,20,20,state_value,all,18,90.0,parse_success_rate,90.0,,,,,,,,,,
Pendulum-v1,last-state,5,3.5__Pendulum-v1__last-state__H5,20,20,state_delta,all,18,90.0,parse_success_rate,90.0,,,,,,,,,,
Pendulum-v1,last-state,5,3.5__Pendulum-v1__last-state__H5,20,20,all_required,all,17,85.0,parse_success_rate,85.0,,,,,,,,,,
Pendulum-v1,last-state,5,3.5__Pendulum-v1__last-state__H5,20,20,resource,all,20,100.0,input_tokens,1284.25,5.379052939534597,,,,,,,,,query_sample_ddof1
Pendulum-v1,last-state,5,3.5__Pendulum-v1__last-state__H5,20,20,resource,all,20,100.0,output_tokens,254.35,68.61507813424409,,,,,,,,,query_sample_ddof1
Pendulum-v1,last-state,5,3.5__Pendulum-v1__last-state__H5,20,20,resource,all,20,100.0,total_tokens,1538.6,70.25547365826642,,,,,,,,,query_sample_ddof1
Pendulum-v1,last-state,5,3.5__Pendulum-v1__last-state__H5,20,20,resource,all,20,100.0,query_elapsed_seconds,2.4699775584042074,0.607173667490544,,,,,,,,,query_sample_ddof1
Pendulum-v1,last-state,5,3.5__Pendulum-v1__last-state__H5,20,20,resource,all,20,100.0,request_elapsed_seconds,2.4660318290931174,0.6066062092631885,,,,,,,,,query_sample_ddof1
Pendulum-v1,last-state,5,3.5__Pendulum-v1__last-state__H5,30,30,direction,all,26,86.66666666666667,parse_success_rate,86.66666666666667,,,,,,,,,,
Pendulum-v1,last-state,5,3.5__Pendulum-v1__last-state__H5,30,30,state_value,all,27,90.0,parse_success_rate,90.0,,,,,,,,,,
Pendulum-v1,last-state,5,3.5__Pendulum-v1__last-state__H5,30,30,state_delta,all,27,90.0,parse_success_rate,90.0,,,,,,,,,,
Pendulum-v1,last-state,5,3.5__Pendulum-v1__last-state__H5,30,30,all_required,all,24,80.0,parse_success_rate,80.0,,,,,,,,,,
Pendulum-v1,last-state,5,3.5__Pendulum-v1__last-state__H5,30,30,resource,all,30,100.0,input_tokens,1283.2666666666667,5.4705060809407025,,,,,,,,,query_sample_ddof1
Pendulum-v1,last-state,5,3.5__Pendulum-v1__last-state__H5,30,30,resource,all,30,100.0,output_tokens,257.0,70.26452482067934,,,,,,,,,query_sample_ddof1
Pendulum-v1,last-state,5,3.5__Pendulum-v1__last-state__H5,30,30,resource,all,30,100.0,total_tokens,1540.2666666666667,70.44290098264392,,,,,,,,,query_sample_ddof1
Pendulum-v1,last-state,5,3.5__Pendulum-v1__last-state__H5,30,30,resource,all,30,100.0,query_elapsed_seconds,2.5601957903360018,0.9803641106625005,,,,,,,,,query_sample_ddof1
Pendulum-v1,last-state,5,3.5__Pendulum-v1__last-state__H5,30,30,resource,all,30,100.0,request_elapsed_seconds,2.5563752082991416,0.9801446435637331,,,,,,,,,query_sample_ddof1
Pendulum-v1,next-action,10,3.5__Pendulum-v1__next-action__H10,10,10,action_value,all,9,90.0,parse_success_rate,90.0,,,,,,,,,,
Pendulum-v1,next-action,10,3.5__Pendulum-v1__next-action__H10,10,10,action_bin,all,9,90.0,parse_success_rate,90.0,,,,,,,,,,
Pendulum-v1,next-action,10,3.5__Pendulum-v1__next-action__H10,10,10,all_required,all,9,90.0,parse_success_rate,90.0,,,,,,,,,,
Pendulum-v1,next-action,10,3.5__Pendulum-v1__next-action__H10,10,10,resource,all,10,100.0,input_tokens,1506.7,6.848357467305573,,,,,,,,,query_sample_ddof1
Pendulum-v1,next-action,10,3.5__Pendulum-v1__next-action__H10,10,10,resource,all,10,100.0,output_tokens,212.0,31.087689596437436,,,,,,,,,query_sample_ddof1
Pendulum-v1,next-action,10,3.5__Pendulum-v1__next-action__H10,10,10,resource,all,10,100.0,total_tokens,1718.7,33.6387673178829,,,,,,,,,query_sample_ddof1
Pendulum-v1,next-action,10,3.5__Pendulum-v1__next-action__H10,10,10,resource,all,10,100.0,query_elapsed_seconds,2.133363862684928,0.4714113017556859,,,,,,,,,query_sample_ddof1
Pendulum-v1,next-action,10,3.5__Pendulum-v1__next-action__H10,10,10,resource,all,10,100.0,request_elapsed_seconds,2.1296943331952205,0.47139565284529056,,,,,,,,,query_sample_ddof1
Pendulum-v1,next-action,10,3.5__Pendulum-v1__next-action__H10,20,20,action_value,all,18,90.0,parse_success_rate,90.0,,,,,,,,,,
Pendulum-v1,next-action,10,3.5__Pendulum-v1__next-action__H10,20,20,action_bin,all,19,95.0,parse_success_rate,95.0,,,,,,,,,,
Pendulum-v1,next-action,10,3.5__Pendulum-v1__next-action__H10,20,20,all_required,all,18,90.0,parse_success_rate,90.0,,,,,,,,,,
Pendulum-v1,next-action,10,3.5__Pendulum-v1__next-action__H10,20,20,resource,all,20,100.0,input_tokens,1507.0,6.890114963520298,,,,,,,,,query_sample_ddof1
Pendulum-v1,next-action,10,3.5__Pendulum-v1__next-action__H10,20,20,resource,all,20,100.0,output_tokens,236.85,47.606141797483495,,,,,,,,,query_sample_ddof1
Pendulum-v1,next-action,10,3.5__Pendulum-v1__next-action__H10,20,20,resource,all,20,100.0,total_tokens,1743.85,50.47070541673812,,,,,,,,,query_sample_ddof1
Pendulum-v1,next-action,10,3.5__Pendulum-v1__next-action__H10,20,20,resource,all,20,100.0,query_elapsed_seconds,2.3378099730354736,0.541468852665955,,,,,,,,,query_sample_ddof1
Pendulum-v1,next-action,10,3.5__Pendulum-v1__next-action__H10,20,20,resource,all,20,100.0,request_elapsed_seconds,2.333890587388305,0.5412677280722669,,,,,,,,,query_sample_ddof1
Pendulum-v1,next-action,10,3.5__Pendulum-v1__next-action__H10,30,30,action_value,all,27,90.0,parse_success_rate,90.0,,,,,,,,,,
Pendulum-v1,next-action,10,3.5__Pendulum-v1__next-action__H10,30,30,action_bin,all,29,96.66666666666667,parse_success_rate,96.66666666666667,,,,,,,,,,
Pendulum-v1,next-action,10,3.5__Pendulum-v1__next-action__H10,30,30,all_required,all,27,90.0,parse_success_rate,90.0,,,,,,,,,,
Pendulum-v1,next-action,10,3.5__Pendulum-v1__next-action__H10,30,30,resource,all,30,100.0,input_tokens,1505.4333333333334,7.122975614811231,,,,,,,,,query_sample_ddof1
Pendulum-v1,next-action,10,3.5__Pendulum-v1__next-action__H10,30,30,resource,all,30,100.0,output_tokens,242.3,59.038940977325616,,,,,,,,,query_sample_ddof1
Pendulum-v1,next-action,10,3.5__Pendulum-v1__next-action__H10,30,30,resource,all,30,100.0,total_tokens,1747.7333333333333,61.899213594989725,,,,,,,,,query_sample_ddof1
Pendulum-v1,next-action,10,3.5__Pendulum-v1__next-action__H10,30,30,resource,all,30,100.0,query_elapsed_seconds,2.350620227792145,0.5473091994978163,,,,,,,,,query_sample_ddof1
Pendulum-v1,next-action,10,3.5__Pendulum-v1__next-action__H10,30,30,resource,all,30,100.0,request_elapsed_seconds,2.3467876846863267,0.5473296042583983,,,,,,,,,query_sample_ddof1
Pendulum-v1,next-action,20,3.5__Pendulum-v1__next-action__H20,10,10,action_value,all,10,100.0,parse_success_rate,100.0,,,,,,,,,,
Pendulum-v1,next-action,20,3.5__Pendulum-v1__next-action__H20,10,10,action_bin,all,10,100.0,parse_success_rate,100.0,,,,,,,,,,
Pendulum-v1,next-action,20,3.5__Pendulum-v1__next-action__H20,10,10,all_required,all,10,100.0,parse_success_rate,100.0,,,,,,,,,,
Pendulum-v1,next-action,20,3.5__Pendulum-v1__next-action__H20,10,10,resource,all,10,100.0,input_tokens,1951.0,8.55050355892044,,,,,,,,,query_sample_ddof1
Pendulum-v1,next-action,20,3.5__Pendulum-v1__next-action__H20,10,10,resource,all,10,100.0,output_tokens,199.3,45.490047751617546,,,,,,,,,query_sample_ddof1
Pendulum-v1,next-action,20,3.5__Pendulum-v1__next-action__H20,10,10,resource,all,10,100.0,total_tokens,2150.3,48.48608047677189,,,,,,,,,query_sample_ddof1
Pendulum-v1,next-action,20,3.5__Pendulum-v1__next-action__H20,10,10,resource,all,10,100.0,query_elapsed_seconds,2.32790866260184,0.6083635587444265,,,,,,,,,query_sample_ddof1
Pendulum-v1,next-action,20,3.5__Pendulum-v1__next-action__H20,10,10,resource,all,10,100.0,request_elapsed_seconds,2.324142325075809,0.6081607185620955,,,,,,,,,query_sample_ddof1
Pendulum-v1,next-action,20,3.5__Pendulum-v1__next-action__H20,20,20,action_value,all,20,100.0,parse_success_rate,100.0,,,,,,,,,,
Pendulum-v1,next-action,20,3.5__Pendulum-v1__next-action__H20,20,20,action_bin,all,20,100.0,parse_success_rate,100.0,,,,,,,,,,
Pendulum-v1,next-action,20,3.5__Pendulum-v1__next-action__H20,20,20,all_required,all,20,100.0,parse_success_rate,100.0,,,,,,,,,,
Pendulum-v1,next-action,20,3.5__Pendulum-v1__next-action__H20,20,20,resource,all,20,100.0,input_tokens,1951.55,7.591373220203381,,,,,,,,,query_sample_ddof1
Pendulum-v1,next-action,20,3.5__Pendulum-v1__next-action__H20,20,20,resource,all,20,100.0,output_tokens,197.75,36.805141231255064,,,,,,,,,query_sample_ddof1
Pendulum-v1,next-action,20,3.5__Pendulum-v1__next-action__H20,20,20,resource,all,20,100.0,total_tokens,2149.3,39.370173054176306,,,,,,,,,query_sample_ddof1
Pendulum-v1,next-action,20,3.5__Pendulum-v1__next-action__H20,20,20,resource,all,20,100.0,query_elapsed_seconds,2.284049268945819,0.5992713155480186,,,,,,,,,query_sample_ddof1
Pendulum-v1,next-action,20,3.5__Pendulum-v1__next-action__H20,20,20,resource,all,20,100.0,request_elapsed_seconds,2.2802145603927784,0.5991247256914298,,,,,,,,,query_sample_ddof1
Pendulum-v1,next-action,20,3.5__Pendulum-v1__next-action__H20,30,30,action_value,all,30,100.0,parse_success_rate,100.0,,,,,,,,,,
Pendulum-v1,next-action,20,3.5__Pendulum-v1__next-action__H20,30,30,action_bin,all,30,100.0,parse_success_rate,100.0,,,,,,,,,,
Pendulum-v1,next-action,20,3.5__Pendulum-v1__next-action__H20,30,30,all_required,all,30,100.0,parse_success_rate,100.0,,,,,,,,,,
Pendulum-v1,next-action,20,3.5__Pendulum-v1__next-action__H20,30,30,resource,all,30,100.0,input_tokens,1952.4,7.573092112072257,,,,,,,,,query_sample_ddof1
Pendulum-v1,next-action,20,3.5__Pendulum-v1__next-action__H20,30,30,resource,all,30,100.0,output_tokens,201.1,41.28233320056849,,,,,,,,,query_sample_ddof1
Pendulum-v1,next-action,20,3.5__Pendulum-v1__next-action__H20,30,30,resource,all,30,100.0,total_tokens,2153.5,43.638602019392145,,,,,,,,,query_sample_ddof1
Pendulum-v1,next-action,20,3.5__Pendulum-v1__next-action__H20,30,30,resource,all,30,100.0,query_elapsed_seconds,2.2486968988358664,0.5054166545848072,,,,,,,,,query_sample_ddof1
Pendulum-v1,next-action,20,3.5__Pendulum-v1__next-action__H20,30,30,resource,all,30,100.0,request_elapsed_seconds,2.244840802795564,0.5053217088885744,,,,,,,,,query_sample_ddof1
Pendulum-v1,next-action,30,3.5__Pendulum-v1__next-action__H30,10,10,action_value,all,10,100.0,parse_success_rate,100.0,,,,,,,,,,
Pendulum-v1,next-action,30,3.5__Pendulum-v1__next-action__H30,10,10,action_bin,all,10,100.0,parse_success_rate,100.0,,,,,,,,,,
Pendulum-v1,next-action,30,3.5__Pendulum-v1__next-action__H30,10,10,all_required,all,10,100.0,parse_success_rate,100.0,,,,,,,,,,
Pendulum-v1,next-action,30,3.5__Pendulum-v1__next-action__H30,10,10,resource,all,10,100.0,input_tokens,2396.8,4.917090377222873,,,,,,,,,query_sample_ddof1
Pendulum-v1,next-action,30,3.5__Pendulum-v1__next-action__H30,10,10,resource,all,10,100.0,output_tokens,189.6,30.543957394766863,,,,,,,,,query_sample_ddof1
Pendulum-v1,next-action,30,3.5__Pendulum-v1__next-action__H30,10,10,resource,all,10,100.0,total_tokens,2586.4,33.810583484399615,,,,,,,,,query_sample_ddof1
Pendulum-v1,next-action,30,3.5__Pendulum-v1__next-action__H30,10,10,resource,all,10,100.0,query_elapsed_seconds,2.1408819830743595,0.36672143204653235,,,,,,,,,query_sample_ddof1
Pendulum-v1,next-action,30,3.5__Pendulum-v1__next-action__H30,10,10,resource,all,10,100.0,request_elapsed_seconds,2.1372517541050913,0.3668496229866237,,,,,,,,,query_sample_ddof1
Pendulum-v1,next-action,30,3.5__Pendulum-v1__next-action__H30,20,20,action_value,all,20,100.0,parse_success_rate,100.0,,,,,,,,,,
Pendulum-v1,next-action,30,3.5__Pendulum-v1__next-action__H30,20,20,action_bin,all,20,100.0,parse_success_rate,100.0,,,,,,,,,,
Pendulum-v1,next-action,30,3.5__Pendulum-v1__next-action__H30,20,20,all_required,all,20,100.0,parse_success_rate,100.0,,,,,,,,,,
Pendulum-v1,next-action,30,3.5__Pendulum-v1__next-action__H30,20,20,resource,all,20,100.0,input_tokens,2397.55,4.382681226925146,,,,,,,,,query_sample_ddof1
Pendulum-v1,next-action,30,3.5__Pendulum-v1__next-action__H30,20,20,resource,all,20,100.0,output_tokens,184.25,33.448900540502386,,,,,,,,,query_sample_ddof1
Pendulum-v1,next-action,30,3.5__Pendulum-v1__next-action__H30,20,20,resource,all,20,100.0,total_tokens,2581.8,34.37808359375123,,,,,,,,,query_sample_ddof1
Pendulum-v1,next-action,30,3.5__Pendulum-v1__next-action__H30,20,20,resource,all,20,100.0,query_elapsed_seconds,1.9996921374229715,0.33094719143181545,,,,,,,,,query_sample_ddof1
Pendulum-v1,next-action,30,3.5__Pendulum-v1__next-action__H30,20,20,resource,all,20,100.0,request_elapsed_seconds,1.995997845788952,0.33101634262770363,,,,,,,,,query_sample_ddof1
Pendulum-v1,next-action,30,3.5__Pendulum-v1__next-action__H30,30,30,action_value,all,30,100.0,parse_success_rate,100.0,,,,,,,,,,
Pendulum-v1,next-action,30,3.5__Pendulum-v1__next-action__H30,30,30,action_bin,all,30,100.0,parse_success_rate,100.0,,,,,,,,,,
Pendulum-v1,next-action,30,3.5__Pendulum-v1__next-action__H30,30,30,all_required,all,30,100.0,parse_success_rate,100.0,,,,,,,,,,
Pendulum-v1,next-action,30,3.5__Pendulum-v1__next-action__H30,30,30,resource,all,30,100.0,input_tokens,2397.766666666667,3.927650287590431,,,,,,,,,query_sample_ddof1
Pendulum-v1,next-action,30,3.5__Pendulum-v1__next-action__H30,30,30,resource,all,30,100.0,output_tokens,181.83333333333334,34.113485384191854,,,,,,,,,query_sample_ddof1
Pendulum-v1,next-action,30,3.5__Pendulum-v1__next-action__H30,30,30,resource,all,30,100.0,total_tokens,2579.6,34.98433146818533,,,,,,,,,query_sample_ddof1
Pendulum-v1,next-action,30,3.5__Pendulum-v1__next-action__H30,30,30,resource,all,30,100.0,query_elapsed_seconds,2.023073809714212,0.3604323087215032,,,,,,,,,query_sample_ddof1
Pendulum-v1,next-action,30,3.5__Pendulum-v1__next-action__H30,30,30,resource,all,30,100.0,request_elapsed_seconds,2.0193789013971886,0.3603924431805299,,,,,,,,,query_sample_ddof1
Pendulum-v1,next-action,5,3.5__Pendulum-v1__next-action__H5,10,10,action_value,all,9,90.0,parse_success_rate,90.0,,,,,,,,,,
Pendulum-v1,next-action,5,3.5__Pendulum-v1__next-action__H5,10,10,action_bin,all,10,100.0,parse_success_rate,100.0,,,,,,,,,,
Pendulum-v1,next-action,5,3.5__Pendulum-v1__next-action__H5,10,10,all_required,all,9,90.0,parse_success_rate,90.0,,,,,,,,,,
Pendulum-v1,next-action,5,3.5__Pendulum-v1__next-action__H5,10,10,resource,all,10,100.0,input_tokens,1282.0,4.371625682868,,,,,,,,,query_sample_ddof1
Pendulum-v1,next-action,5,3.5__Pendulum-v1__next-action__H5,10,10,resource,all,10,100.0,output_tokens,226.6,61.61385125656947,,,,,,,,,query_sample_ddof1
Pendulum-v1,next-action,5,3.5__Pendulum-v1__next-action__H5,10,10,resource,all,10,100.0,total_tokens,1508.6,63.2529314208704,,,,,,,,,query_sample_ddof1
Pendulum-v1,next-action,5,3.5__Pendulum-v1__next-action__H5,10,10,resource,all,10,100.0,query_elapsed_seconds,2.407105295814108,0.3421954236927033,,,,,,,,,query_sample_ddof1
Pendulum-v1,next-action,5,3.5__Pendulum-v1__next-action__H5,10,10,resource,all,10,100.0,request_elapsed_seconds,2.403143912507221,0.342293974974984,,,,,,,,,query_sample_ddof1
Pendulum-v1,next-action,5,3.5__Pendulum-v1__next-action__H5,20,20,action_value,all,17,85.0,parse_success_rate,85.0,,,,,,,,,,
Pendulum-v1,next-action,5,3.5__Pendulum-v1__next-action__H5,20,20,action_bin,all,20,100.0,parse_success_rate,100.0,,,,,,,,,,
Pendulum-v1,next-action,5,3.5__Pendulum-v1__next-action__H5,20,20,all_required,all,17,85.0,parse_success_rate,85.0,,,,,,,,,,
Pendulum-v1,next-action,5,3.5__Pendulum-v1__next-action__H5,20,20,resource,all,20,100.0,input_tokens,1283.1,5.240530306632797,,,,,,,,,query_sample_ddof1
Pendulum-v1,next-action,5,3.5__Pendulum-v1__next-action__H5,20,20,resource,all,20,100.0,output_tokens,217.35,50.44254156959183,,,,,,,,,query_sample_ddof1
Pendulum-v1,next-action,5,3.5__Pendulum-v1__next-action__H5,20,20,resource,all,20,100.0,total_tokens,1500.45,50.98345965011336,,,,,,,,,query_sample_ddof1
Pendulum-v1,next-action,5,3.5__Pendulum-v1__next-action__H5,20,20,resource,all,20,100.0,query_elapsed_seconds,2.201377581153065,0.4342509040859369,,,,,,,,,query_sample_ddof1
Pendulum-v1,next-action,5,3.5__Pendulum-v1__next-action__H5,20,20,resource,all,20,100.0,request_elapsed_seconds,2.1976085416448767,0.434085071182946,,,,,,,,,query_sample_ddof1
Pendulum-v1,next-action,5,3.5__Pendulum-v1__next-action__H5,30,30,action_value,all,27,90.0,parse_success_rate,90.0,,,,,,,,,,
Pendulum-v1,next-action,5,3.5__Pendulum-v1__next-action__H5,30,30,action_bin,all,30,100.0,parse_success_rate,100.0,,,,,,,,,,
Pendulum-v1,next-action,5,3.5__Pendulum-v1__next-action__H5,30,30,all_required,all,27,90.0,parse_success_rate,90.0,,,,,,,,,,
Pendulum-v1,next-action,5,3.5__Pendulum-v1__next-action__H5,30,30,resource,all,30,100.0,input_tokens,1282.0666666666666,5.464199050580771,,,,,,,,,query_sample_ddof1
Pendulum-v1,next-action,5,3.5__Pendulum-v1__next-action__H5,30,30,resource,all,30,100.0,output_tokens,211.43333333333334,46.67472426332555,,,,,,,,,query_sample_ddof1
Pendulum-v1,next-action,5,3.5__Pendulum-v1__next-action__H5,30,30,resource,all,30,100.0,total_tokens,1493.5,46.6614734384618,,,,,,,,,query_sample_ddof1
Pendulum-v1,next-action,5,3.5__Pendulum-v1__next-action__H5,30,30,resource,all,30,100.0,query_elapsed_seconds,2.2103444124610783,0.43361431889582575,,,,,,,,,query_sample_ddof1
Pendulum-v1,next-action,5,3.5__Pendulum-v1__next-action__H5,30,30,resource,all,30,100.0,request_elapsed_seconds,2.2065408610583592,0.4334446080727515,,,,,,,,,query_sample_ddof1
Pendulum-v1,next-state,10,3.5__Pendulum-v1__next-state__H10,10,10,direction,all,10,100.0,parse_success_rate,100.0,,,,,,,,,,
Pendulum-v1,next-state,10,3.5__Pendulum-v1__next-state__H10,10,10,state_value,all,8,80.0,parse_success_rate,80.0,,,,,,,,,,
Pendulum-v1,next-state,10,3.5__Pendulum-v1__next-state__H10,10,10,state_delta,all,7,70.0,parse_success_rate,70.0,,,,,,,,,,
Pendulum-v1,next-state,10,3.5__Pendulum-v1__next-state__H10,10,10,all_required,all,7,70.0,parse_success_rate,70.0,,,,,,,,,,
Pendulum-v1,next-state,10,3.5__Pendulum-v1__next-state__H10,10,10,resource,all,10,100.0,input_tokens,1511.5,10.036046144883064,,,,,,,,,query_sample_ddof1
Pendulum-v1,next-state,10,3.5__Pendulum-v1__next-state__H10,10,10,resource,all,10,100.0,output_tokens,256.5,37.44403230897489,,,,,,,,,query_sample_ddof1
Pendulum-v1,next-state,10,3.5__Pendulum-v1__next-state__H10,10,10,resource,all,10,100.0,total_tokens,1768.0,40.39251855920296,,,,,,,,,query_sample_ddof1
Pendulum-v1,next-state,10,3.5__Pendulum-v1__next-state__H10,10,10,resource,all,10,100.0,query_elapsed_seconds,2.56242848749971,0.6041547421568759,,,,,,,,,query_sample_ddof1
Pendulum-v1,next-state,10,3.5__Pendulum-v1__next-state__H10,10,10,resource,all,10,100.0,request_elapsed_seconds,2.558651104208548,0.604108671105745,,,,,,,,,query_sample_ddof1
Pendulum-v1,next-state,10,3.5__Pendulum-v1__next-state__H10,20,20,direction,all,19,95.0,parse_success_rate,95.0,,,,,,,,,,
Pendulum-v1,next-state,10,3.5__Pendulum-v1__next-state__H10,20,20,state_value,all,18,90.0,parse_success_rate,90.0,,,,,,,,,,
Pendulum-v1,next-state,10,3.5__Pendulum-v1__next-state__H10,20,20,state_delta,all,17,85.0,parse_success_rate,85.0,,,,,,,,,,
Pendulum-v1,next-state,10,3.5__Pendulum-v1__next-state__H10,20,20,all_required,all,16,80.0,parse_success_rate,80.0,,,,,,,,,,
Pendulum-v1,next-state,10,3.5__Pendulum-v1__next-state__H10,20,20,resource,all,20,100.0,input_tokens,1512.45,8.531520503712288,,,,,,,,,query_sample_ddof1
Pendulum-v1,next-state,10,3.5__Pendulum-v1__next-state__H10,20,20,resource,all,20,100.0,output_tokens,261.9,44.86576469988295,,,,,,,,,query_sample_ddof1
Pendulum-v1,next-state,10,3.5__Pendulum-v1__next-state__H10,20,20,resource,all,20,100.0,total_tokens,1774.35,46.46818379561609,,,,,,,,,query_sample_ddof1
Pendulum-v1,next-state,10,3.5__Pendulum-v1__next-state__H10,20,20,resource,all,20,100.0,query_elapsed_seconds,2.523850970948115,0.5197095428189282,,,,,,,,,query_sample_ddof1
Pendulum-v1,next-state,10,3.5__Pendulum-v1__next-state__H10,20,20,resource,all,20,100.0,request_elapsed_seconds,2.519970616750652,0.5196520345018298,,,,,,,,,query_sample_ddof1
Pendulum-v1,next-state,10,3.5__Pendulum-v1__next-state__H10,30,30,direction,all,29,96.66666666666667,parse_success_rate,96.66666666666667,,,,,,,,,,
Pendulum-v1,next-state,10,3.5__Pendulum-v1__next-state__H10,30,30,state_value,all,28,93.33333333333333,parse_success_rate,93.33333333333333,,,,,,,,,,
Pendulum-v1,next-state,10,3.5__Pendulum-v1__next-state__H10,30,30,state_delta,all,25,83.33333333333333,parse_success_rate,83.33333333333333,,,,,,,,,,
Pendulum-v1,next-state,10,3.5__Pendulum-v1__next-state__H10,30,30,all_required,all,24,80.0,parse_success_rate,80.0,,,,,,,,,,
Pendulum-v1,next-state,10,3.5__Pendulum-v1__next-state__H10,30,30,resource,all,30,100.0,input_tokens,1509.4,8.841906488129558,,,,,,,,,query_sample_ddof1
Pendulum-v1,next-state,10,3.5__Pendulum-v1__next-state__H10,30,30,resource,all,30,100.0,output_tokens,260.7,48.05395674261059,,,,,,,,,query_sample_ddof1
Pendulum-v1,next-state,10,3.5__Pendulum-v1__next-state__H10,30,30,resource,all,30,100.0,total_tokens,1770.1,48.55309926540078,,,,,,,,,query_sample_ddof1
Pendulum-v1,next-state,10,3.5__Pendulum-v1__next-state__H10,30,30,resource,all,30,100.0,query_elapsed_seconds,2.592063084729792,0.5383539858771613,,,,,,,,,query_sample_ddof1
Pendulum-v1,next-state,10,3.5__Pendulum-v1__next-state__H10,30,30,resource,all,30,100.0,request_elapsed_seconds,2.5882110347622076,0.5384583588452596,,,,,,,,,query_sample_ddof1
Pendulum-v1,next-state,20,3.5__Pendulum-v1__next-state__H20,10,10,direction,all,10,100.0,parse_success_rate,100.0,,,,,,,,,,
Pendulum-v1,next-state,20,3.5__Pendulum-v1__next-state__H20,10,10,state_value,all,10,100.0,parse_success_rate,100.0,,,,,,,,,,
Pendulum-v1,next-state,20,3.5__Pendulum-v1__next-state__H20,10,10,state_delta,all,10,100.0,parse_success_rate,100.0,,,,,,,,,,
Pendulum-v1,next-state,20,3.5__Pendulum-v1__next-state__H20,10,10,all_required,all,10,100.0,parse_success_rate,100.0,,,,,,,,,,
Pendulum-v1,next-state,20,3.5__Pendulum-v1__next-state__H20,10,10,resource,all,10,100.0,input_tokens,1957.5,9.9135149053087,,,,,,,,,query_sample_ddof1
Pendulum-v1,next-state,20,3.5__Pendulum-v1__next-state__H20,10,10,resource,all,10,100.0,output_tokens,236.5,36.59158980482324,,,,,,,,,query_sample_ddof1
Pendulum-v1,next-state,20,3.5__Pendulum-v1__next-state__H20,10,10,resource,all,10,100.0,total_tokens,2194.0,34.13372395609819,,,,,,,,,query_sample_ddof1
Pendulum-v1,next-state,20,3.5__Pendulum-v1__next-state__H20,10,10,resource,all,10,100.0,query_elapsed_seconds,2.2629225457902065,0.3813229386219463,,,,,,,,,query_sample_ddof1
Pendulum-v1,next-state,20,3.5__Pendulum-v1__next-state__H20,10,10,resource,all,10,100.0,request_elapsed_seconds,2.2593284415779635,0.38129318440561344,,,,,,,,,query_sample_ddof1
Pendulum-v1,next-state,20,3.5__Pendulum-v1__next-state__H20,20,20,direction,all,18,90.0,parse_success_rate,90.0,,,,,,,,,,
Pendulum-v1,next-state,20,3.5__Pendulum-v1__next-state__H20,20,20,state_value,all,19,95.0,parse_success_rate,95.0,,,,,,,,,,
Pendulum-v1,next-state,20,3.5__Pendulum-v1__next-state__H20,20,20,state_delta,all,18,90.0,parse_success_rate,90.0,,,,,,,,,,
Pendulum-v1,next-state,20,3.5__Pendulum-v1__next-state__H20,20,20,all_required,all,17,85.0,parse_success_rate,85.0,,,,,,,,,,
Pendulum-v1,next-state,20,3.5__Pendulum-v1__next-state__H20,20,20,resource,all,20,100.0,input_tokens,1957.4,8.248763862734702,,,,,,,,,query_sample_ddof1
Pendulum-v1,next-state,20,3.5__Pendulum-v1__next-state__H20,20,20,resource,all,20,100.0,output_tokens,238.4,47.64385419028631,,,,,,,,,query_sample_ddof1
Pendulum-v1,next-state,20,3.5__Pendulum-v1__next-state__H20,20,20,resource,all,20,100.0,total_tokens,2195.8,49.022658563480405,,,,,,,,,query_sample_ddof1
Pendulum-v1,next-state,20,3.5__Pendulum-v1__next-state__H20,20,20,resource,all,20,100.0,query_elapsed_seconds,2.3348873396054843,0.3761452330039151,,,,,,,,,query_sample_ddof1
Pendulum-v1,next-state,20,3.5__Pendulum-v1__next-state__H20,20,20,resource,all,20,100.0,request_elapsed_seconds,2.3313355978869366,0.3761841539372654,,,,,,,,,query_sample_ddof1
Pendulum-v1,next-state,20,3.5__Pendulum-v1__next-state__H20,30,30,direction,all,28,93.33333333333333,parse_success_rate,93.33333333333333,,,,,,,,,,
Pendulum-v1,next-state,20,3.5__Pendulum-v1__next-state__H20,30,30,state_value,all,27,90.0,parse_success_rate,90.0,,,,,,,,,,
Pendulum-v1,next-state,20,3.5__Pendulum-v1__next-state__H20,30,30,state_delta,all,24,80.0,parse_success_rate,80.0,,,,,,,,,,
Pendulum-v1,next-state,20,3.5__Pendulum-v1__next-state__H20,30,30,all_required,all,23,76.66666666666667,parse_success_rate,76.66666666666667,,,,,,,,,,
Pendulum-v1,next-state,20,3.5__Pendulum-v1__next-state__H20,30,30,resource,all,30,100.0,input_tokens,1956.8,8.90331205323285,,,,,,,,,query_sample_ddof1
Pendulum-v1,next-state,20,3.5__Pendulum-v1__next-state__H20,30,30,resource,all,30,100.0,output_tokens,244.8,46.260432187852466,,,,,,,,,query_sample_ddof1
Pendulum-v1,next-state,20,3.5__Pendulum-v1__next-state__H20,30,30,resource,all,30,100.0,total_tokens,2201.6,47.85581793622201,,,,,,,,,query_sample_ddof1
Pendulum-v1,next-state,20,3.5__Pendulum-v1__next-state__H20,30,30,resource,all,30,100.0,query_elapsed_seconds,2.384519006862926,0.5606143129956453,,,,,,,,,query_sample_ddof1
Pendulum-v1,next-state,20,3.5__Pendulum-v1__next-state__H20,30,30,resource,all,30,100.0,request_elapsed_seconds,2.3809806651940257,0.5607164684858739,,,,,,,,,query_sample_ddof1
Pendulum-v1,next-state,30,3.5__Pendulum-v1__next-state__H30,10,10,direction,all,10,100.0,parse_success_rate,100.0,,,,,,,,,,
Pendulum-v1,next-state,30,3.5__Pendulum-v1__next-state__H30,10,10,state_value,all,10,100.0,parse_success_rate,100.0,,,,,,,,,,
Pendulum-v1,next-state,30,3.5__Pendulum-v1__next-state__H30,10,10,state_delta,all,10,100.0,parse_success_rate,100.0,,,,,,,,,,
Pendulum-v1,next-state,30,3.5__Pendulum-v1__next-state__H30,10,10,all_required,all,10,100.0,parse_success_rate,100.0,,,,,,,,,,
Pendulum-v1,next-state,30,3.5__Pendulum-v1__next-state__H30,10,10,resource,all,10,100.0,input_tokens,2401.7,5.250396810400779,,,,,,,,,query_sample_ddof1
Pendulum-v1,next-state,30,3.5__Pendulum-v1__next-state__H30,10,10,resource,all,10,100.0,output_tokens,257.1,60.16542011635735,,,,,,,,,query_sample_ddof1
Pendulum-v1,next-state,30,3.5__Pendulum-v1__next-state__H30,10,10,resource,all,10,100.0,total_tokens,2658.8,60.28598510433415,,,,,,,,,query_sample_ddof1
Pendulum-v1,next-state,30,3.5__Pendulum-v1__next-state__H30,10,10,resource,all,10,100.0,query_elapsed_seconds,2.843068641575519,0.7041267337313354,,,,,,,,,query_sample_ddof1
Pendulum-v1,next-state,30,3.5__Pendulum-v1__next-state__H30,10,10,resource,all,10,100.0,request_elapsed_seconds,2.838492741796654,0.7047041872050248,,,,,,,,,query_sample_ddof1
Pendulum-v1,next-state,30,3.5__Pendulum-v1__next-state__H30,20,20,direction,all,20,100.0,parse_success_rate,100.0,,,,,,,,,,
Pendulum-v1,next-state,30,3.5__Pendulum-v1__next-state__H30,20,20,state_value,all,17,85.0,parse_success_rate,85.0,,,,,,,,,,
Pendulum-v1,next-state,30,3.5__Pendulum-v1__next-state__H30,20,20,state_delta,all,17,85.0,parse_success_rate,85.0,,,,,,,,,,
Pendulum-v1,next-state,30,3.5__Pendulum-v1__next-state__H30,20,20,all_required,all,17,85.0,parse_success_rate,85.0,,,,,,,,,,
Pendulum-v1,next-state,30,3.5__Pendulum-v1__next-state__H30,20,20,resource,all,20,100.0,input_tokens,2402.05,5.062504061076993,,,,,,,,,query_sample_ddof1
Pendulum-v1,next-state,30,3.5__Pendulum-v1__next-state__H30,20,20,resource,all,20,100.0,output_tokens,236.85,47.36896052324383,,,,,,,,,query_sample_ddof1
Pendulum-v1,next-state,30,3.5__Pendulum-v1__next-state__H30,20,20,resource,all,20,100.0,total_tokens,2638.9,47.49393313056444,,,,,,,,,query_sample_ddof1
Pendulum-v1,next-state,30,3.5__Pendulum-v1__next-state__H30,20,20,resource,all,20,100.0,query_elapsed_seconds,2.6333907164807897,0.6109564685012054,,,,,,,,,query_sample_ddof1
Pendulum-v1,next-state,30,3.5__Pendulum-v1__next-state__H30,20,20,resource,all,20,100.0,request_elapsed_seconds,2.629219073045533,0.6110754654604954,,,,,,,,,query_sample_ddof1
Pendulum-v1,next-state,30,3.5__Pendulum-v1__next-state__H30,30,30,direction,all,30,100.0,parse_success_rate,100.0,,,,,,,,,,
Pendulum-v1,next-state,30,3.5__Pendulum-v1__next-state__H30,30,30,state_value,all,26,86.66666666666667,parse_success_rate,86.66666666666667,,,,,,,,,,
Pendulum-v1,next-state,30,3.5__Pendulum-v1__next-state__H30,30,30,state_delta,all,26,86.66666666666667,parse_success_rate,86.66666666666667,,,,,,,,,,
Pendulum-v1,next-state,30,3.5__Pendulum-v1__next-state__H30,30,30,all_required,all,26,86.66666666666667,parse_success_rate,86.66666666666667,,,,,,,,,,
Pendulum-v1,next-state,30,3.5__Pendulum-v1__next-state__H30,30,30,resource,all,30,100.0,input_tokens,2401.8,4.574290975772583,,,,,,,,,query_sample_ddof1
Pendulum-v1,next-state,30,3.5__Pendulum-v1__next-state__H30,30,30,resource,all,30,100.0,output_tokens,233.3,42.71004888620556,,,,,,,,,query_sample_ddof1
Pendulum-v1,next-state,30,3.5__Pendulum-v1__next-state__H30,30,30,resource,all,30,100.0,total_tokens,2635.1,43.109603698416,,,,,,,,,query_sample_ddof1
Pendulum-v1,next-state,30,3.5__Pendulum-v1__next-state__H30,30,30,resource,all,30,100.0,query_elapsed_seconds,2.6571881943188296,0.6152331952109629,,,,,,,,,query_sample_ddof1
Pendulum-v1,next-state,30,3.5__Pendulum-v1__next-state__H30,30,30,resource,all,30,100.0,request_elapsed_seconds,2.653124404225188,0.6152886118252276,,,,,,,,,query_sample_ddof1
Pendulum-v1,next-state,5,3.5__Pendulum-v1__next-state__H5,10,10,direction,all,9,90.0,parse_success_rate,90.0,,,,,,,,,,
Pendulum-v1,next-state,5,3.5__Pendulum-v1__next-state__H5,10,10,state_value,all,8,80.0,parse_success_rate,80.0,,,,,,,,,,
Pendulum-v1,next-state,5,3.5__Pendulum-v1__next-state__H5,10,10,state_delta,all,8,80.0,parse_success_rate,80.0,,,,,,,,,,
Pendulum-v1,next-state,5,3.5__Pendulum-v1__next-state__H5,10,10,all_required,all,7,70.0,parse_success_rate,70.0,,,,,,,,,,
Pendulum-v1,next-state,5,3.5__Pendulum-v1__next-state__H5,10,10,resource,all,10,100.0,input_tokens,1287.5,9.119576013536301,,,,,,,,,query_sample_ddof1
Pendulum-v1,next-state,5,3.5__Pendulum-v1__next-state__H5,10,10,resource,all,10,100.0,output_tokens,241.6,40.30219183452268,,,,,,,,,query_sample_ddof1
Pendulum-v1,next-state,5,3.5__Pendulum-v1__next-state__H5,10,10,resource,all,10,100.0,total_tokens,1529.1,38.89144436048171,,,,,,,,,query_sample_ddof1
Pendulum-v1,next-state,5,3.5__Pendulum-v1__next-state__H5,10,10,resource,all,10,100.0,query_elapsed_seconds,2.3265255208825693,0.5076548814938385,,,,,,,,,query_sample_ddof1
Pendulum-v1,next-state,5,3.5__Pendulum-v1__next-state__H5,10,10,resource,all,10,100.0,request_elapsed_seconds,2.322602716612164,0.5079145686377551,,,,,,,,,query_sample_ddof1
Pendulum-v1,next-state,5,3.5__Pendulum-v1__next-state__H5,20,20,direction,all,17,85.0,parse_success_rate,85.0,,,,,,,,,,
Pendulum-v1,next-state,5,3.5__Pendulum-v1__next-state__H5,20,20,state_value,all,16,80.0,parse_success_rate,80.0,,,,,,,,,,
Pendulum-v1,next-state,5,3.5__Pendulum-v1__next-state__H5,20,20,state_delta,all,15,75.0,parse_success_rate,75.0,,,,,,,,,,
Pendulum-v1,next-state,5,3.5__Pendulum-v1__next-state__H5,20,20,all_required,all,13,65.0,parse_success_rate,65.0,,,,,,,,,,
Pendulum-v1,next-state,5,3.5__Pendulum-v1__next-state__H5,20,20,resource,all,20,100.0,input_tokens,1286.8,8.544619729150588,,,,,,,,,query_sample_ddof1
Pendulum-v1,next-state,5,3.5__Pendulum-v1__next-state__H5,20,20,resource,all,20,100.0,output_tokens,262.5,51.55017994761588,,,,,,,,,query_sample_ddof1
Pendulum-v1,next-state,5,3.5__Pendulum-v1__next-state__H5,20,20,resource,all,20,100.0,total_tokens,1549.3,52.05068380156524,,,,,,,,,query_sample_ddof1
Pendulum-v1,next-state,5,3.5__Pendulum-v1__next-state__H5,20,20,resource,all,20,100.0,query_elapsed_seconds,2.4406007584242615,0.5326974567019761,,,,,,,,,query_sample_ddof1
Pendulum-v1,next-state,5,3.5__Pendulum-v1__next-state__H5,20,20,resource,all,20,100.0,request_elapsed_seconds,2.436730181204621,0.5329169749272115,,,,,,,,,query_sample_ddof1
Pendulum-v1,next-state,5,3.5__Pendulum-v1__next-state__H5,30,30,direction,all,26,86.66666666666667,parse_success_rate,86.66666666666667,,,,,,,,,,
Pendulum-v1,next-state,5,3.5__Pendulum-v1__next-state__H5,30,30,state_value,all,23,76.66666666666667,parse_success_rate,76.66666666666667,,,,,,,,,,
Pendulum-v1,next-state,5,3.5__Pendulum-v1__next-state__H5,30,30,state_delta,all,22,73.33333333333333,parse_success_rate,73.33333333333333,,,,,,,,,,
Pendulum-v1,next-state,5,3.5__Pendulum-v1__next-state__H5,30,30,all_required,all,19,63.333333333333336,parse_success_rate,63.333333333333336,,,,,,,,,,
Pendulum-v1,next-state,5,3.5__Pendulum-v1__next-state__H5,30,30,resource,all,30,100.0,input_tokens,1285.9333333333334,7.615471246012986,,,,,,,,,query_sample_ddof1
Pendulum-v1,next-state,5,3.5__Pendulum-v1__next-state__H5,30,30,resource,all,30,100.0,output_tokens,274.76666666666665,58.04438452350617,,,,,,,,,query_sample_ddof1
Pendulum-v1,next-state,5,3.5__Pendulum-v1__next-state__H5,30,30,resource,all,30,100.0,total_tokens,1560.7,57.87808232649992,,,,,,,,,query_sample_ddof1
Pendulum-v1,next-state,5,3.5__Pendulum-v1__next-state__H5,30,30,resource,all,30,100.0,query_elapsed_seconds,2.4930561472855817,0.5571606133350998,,,,,,,,,query_sample_ddof1
Pendulum-v1,next-state,5,3.5__Pendulum-v1__next-state__H5,30,30,resource,all,30,100.0,request_elapsed_seconds,2.488954713944501,0.5573262229214226,,,,,,,,,query_sample_ddof1
