task,metric,H,condition_id,subset_n,selected_n,component,dimension,valid_n,parse_success_rate,metric_name,value,std,na_reason,std_kind
MountainCar-v0,last-action,10,3.5__MountainCar-v0__last-action__H10,10,10,action,all,9,90.0,parse_success_rate,90.0,,,
MountainCar-v0,last-action,10,3.5__MountainCar-v0__last-action__H10,10,10,all_required,all,9,90.0,parse_success_rate,90.0,,,
MountainCar-v0,last-action,10,3.5__MountainCar-v0__last-action__H10,10,10,resource,all,10,100.0,input_tokens,893.7,7.888810641239484,,query_sample_ddof1
MountainCar-v0,last-action,10,3.5__MountainCar-v0__last-action__H10,10,10,resource,all,10,100.0,output_tokens,111.7,42.17700795457164,,query_sample_ddof1
MountainCar-v0,last-action,10,3.5__MountainCar-v0__last-action__H10,10,10,resource,all,10,100.0,total_tokens,1005.4,46.238992684145316,,query_sample_ddof1
MountainCar-v0,last-action,10,3.5__MountainCar-v0__last-action__H10,10,10,resource,all,10,100.0,query_elapsed_seconds,1.3734211291885003,0.3080071569067724,,query_sample_ddof1
MountainCar-v0,last-action,10,3.5__MountainCar-v0__last-action__H10,10,10,resource,all,10,100.0,request_elapsed_seconds,1.3695641331956723,0.3077028501317142,,query_sample_ddof1
MountainCar-v0,last-action,10,3.5__MountainCar-v0__last-action__H10,20,20,action,all,19,95.0,parse_success_rate,95.0,,,
MountainCar-v0,last-action,10,3.5__MountainCar-v0__last-action__H10,20,20,all_required,all,19,95.0,parse_success_rate,95.0,,,
MountainCar-v0,last-action,10,3.5__MountainCar-v0__last-action__H10,20,20,resource,all,20,100.0,input_tokens,893.35,7.7952414634624505,,query_sample_ddof1
MountainCar-v0,last-action,10,3.5__MountainCar-v0__last-action__H10,20,20,resource,all,20,100.0,output_tokens,108.95,38.76443703895838,,query_sample_ddof1
MountainCar-v0,last-action,10,3.5__MountainCar-v0__last-action__H10,20,20,resource,all,20,100.0,total_tokens,1002.3,42.993389944820215,,query_sample_ddof1
MountainCar-v0,last-action,10,3.5__MountainCar-v0__last-action__H10,20,20,resource,all,20,100.0,query_elapsed_seconds,1.3383328666503076,0.2755908721069469,,query_sample_ddof1
MountainCar-v0,last-action,10,3.5__MountainCar-v0__last-action__H10,20,20,resource,all,20,100.0,request_elapsed_seconds,1.3347882602422032,0.27543140453290826,,query_sample_ddof1
MountainCar-v0,last-action,10,3.5__MountainCar-v0__last-action__H10,30,30,action,all,29,96.66666666666667,parse_success_rate,96.66666666666667,,,
MountainCar-v0,last-action,10,3.5__MountainCar-v0__last-action__H10,30,30,all_required,all,29,96.66666666666667,parse_success_rate,96.66666666666667,,,
MountainCar-v0,last-action,10,3.5__MountainCar-v0__last-action__H10,30,30,resource,all,30,100.0,input_tokens,894.6,7.859104099156553,,query_sample_ddof1
MountainCar-v0,last-action,10,3.5__MountainCar-v0__last-action__H10,30,30,resource,all,30,100.0,output_tokens,103.16666666666667,35.291967761882404,,query_sample_ddof1
MountainCar-v0,last-action,10,3.5__MountainCar-v0__last-action__H10,30,30,resource,all,30,100.0,total_tokens,997.7666666666667,38.11207007048385,,query_sample_ddof1
MountainCar-v0,last-action,10,3.5__MountainCar-v0__last-action__H10,30,30,resource,all,30,100.0,query_elapsed_seconds,1.372062600000451,0.27652505056716425,,query_sample_ddof1
MountainCar-v0,last-action,10,3.5__MountainCar-v0__last-action__H10,30,30,resource,all,30,100.0,request_elapsed_seconds,1.3685564401908779,0.2764342939025962,,query_sample_ddof1
MountainCar-v0,last-action,20,3.5__MountainCar-v0__last-action__H20,10,10,action,all,10,100.0,parse_success_rate,100.0,,,
MountainCar-v0,last-action,20,3.5__MountainCar-v0__last-action__H20,10,10,all_required,all,10,100.0,parse_success_rate,100.0,,,
MountainCar-v0,last-action,20,3.5__MountainCar-v0__last-action__H20,10,10,resource,all,10,100.0,input_tokens,1214.6,11.137524161340547,,query_sample_ddof1
MountainCar-v0,last-action,20,3.5__MountainCar-v0__last-action__H20,10,10,resource,all,10,100.0,output_tokens,103.9,48.46866112356634,,query_sample_ddof1
MountainCar-v0,last-action,20,3.5__MountainCar-v0__last-action__H20,10,10,resource,all,10,100.0,total_tokens,1318.5,46.275143315703396,,query_sample_ddof1
MountainCar-v0,last-action,20,3.5__MountainCar-v0__last-action__H20,10,10,resource,all,10,100.0,query_elapsed_seconds,1.6861800585058517,0.5661306154055719,,query_sample_ddof1
MountainCar-v0,last-action,20,3.5__MountainCar-v0__last-action__H20,10,10,resource,all,10,100.0,request_elapsed_seconds,1.6827871666988359,0.5666189199273828,,query_sample_ddof1
MountainCar-v0,last-action,20,3.5__MountainCar-v0__last-action__H20,20,20,action,all,20,100.0,parse_success_rate,100.0,,,
MountainCar-v0,last-action,20,3.5__MountainCar-v0__last-action__H20,20,20,all_required,all,20,100.0,parse_success_rate,100.0,,,
MountainCar-v0,last-action,20,3.5__MountainCar-v0__last-action__H20,20,20,resource,all,20,100.0,input_tokens,1214.9,10.249005086502684,,query_sample_ddof1
MountainCar-v0,last-action,20,3.5__MountainCar-v0__last-action__H20,20,20,resource,all,20,100.0,output_tokens,115.35,120.73776498981931,,query_sample_ddof1
MountainCar-v0,last-action,20,3.5__MountainCar-v0__last-action__H20,20,20,resource,all,20,100.0,total_tokens,1330.25,121.21571680273148,,query_sample_ddof1
MountainCar-v0,last-action,20,3.5__MountainCar-v0__last-action__H20,20,20,resource,all,20,100.0,query_elapsed_seconds,1.6643041772593279,0.7224263426671895,,query_sample_ddof1
MountainCar-v0,last-action,20,3.5__MountainCar-v0__last-action__H20,20,20,resource,all,20,100.0,request_elapsed_seconds,1.6607469813083298,0.7225977527006329,,query_sample_ddof1
MountainCar-v0,last-action,20,3.5__MountainCar-v0__last-action__H20,30,30,action,all,30,100.0,parse_success_rate,100.0,,,
MountainCar-v0,last-action,20,3.5__MountainCar-v0__last-action__H20,30,30,all_required,all,30,100.0,parse_success_rate,100.0,,,
MountainCar-v0,last-action,20,3.5__MountainCar-v0__last-action__H20,30,30,resource,all,30,100.0,input_tokens,1212.7666666666667,10.477178263626906,,query_sample_ddof1
MountainCar-v0,last-action,20,3.5__MountainCar-v0__last-action__H20,30,30,resource,all,30,100.0,output_tokens,105.7,99.5459173204628,,query_sample_ddof1
MountainCar-v0,last-action,20,3.5__MountainCar-v0__last-action__H20,30,30,resource,all,30,100.0,total_tokens,1318.4666666666667,100.08125434497894,,query_sample_ddof1
MountainCar-v0,last-action,20,3.5__MountainCar-v0__last-action__H20,30,30,resource,all,30,100.0,query_elapsed_seconds,1.620512355704947,0.6029415142099974,,query_sample_ddof1
MountainCar-v0,last-action,20,3.5__MountainCar-v0__last-action__H20,30,30,resource,all,30,100.0,request_elapsed_seconds,1.6169549306000894,0.603043748224717,,query_sample_ddof1
MountainCar-v0,last-action,30,3.5__MountainCar-v0__last-action__H30,10,10,action,all,9,90.0,parse_success_rate,90.0,,,
MountainCar-v0,last-action,30,3.5__MountainCar-v0__last-action__H30,10,10,all_required,all,9,90.0,parse_success_rate,90.0,,,
MountainCar-v0,last-action,30,3.5__MountainCar-v0__last-action__H30,10,10,resource,all,10,100.0,input_tokens,1534.7,6.9290050592499295,,query_sample_ddof1
MountainCar-v0,last-action,30,3.5__MountainCar-v0__last-action__H30,10,10,resource,all,10,100.0,output_tokens,98.1,15.905624441966713,,query_sample_ddof1
MountainCar-v0,last-action,30,3.5__MountainCar-v0__last-action__H30,10,10,resource,all,10,100.0,total_tokens,1632.8,18.07883968744799,,query_sample_ddof1
MountainCar-v0,last-action,30,3.5__MountainCar-v0__last-action__H30,10,10,resource,all,10,100.0,query_elapsed_seconds,1.666927508288063,0.3793780022778852,,query_sample_ddof1
MountainCar-v0,last-action,30,3.5__MountainCar-v0__last-action__H30,10,10,resource,all,10,100.0,request_elapsed_seconds,1.663277099886909,0.37930516828508065,,query_sample_ddof1
MountainCar-v0,last-action,30,3.5__MountainCar-v0__last-action__H30,20,20,action,all,19,95.0,parse_success_rate,95.0,,,
MountainCar-v0,last-action,30,3.5__MountainCar-v0__last-action__H30,20,20,all_required,all,19,95.0,parse_success_rate,95.0,,,
MountainCar-v0,last-action,30,3.5__MountainCar-v0__last-action__H30,20,20,resource,all,20,100.0,input_tokens,1534.25,7.952986860293433,,query_sample_ddof1
MountainCar-v0,last-action,30,3.5__MountainCar-v0__last-action__H30,20,20,resource,all,20,100.0,output_tokens,92.35,16.724627287169564,,query_sample_ddof1
MountainCar-v0,last-action,30,3.5__MountainCar-v0__last-action__H30,20,20,resource,all,20,100.0,total_tokens,1626.6,18.857917505164213,,query_sample_ddof1
MountainCar-v0,last-action,30,3.5__MountainCar-v0__last-action__H30,20,20,resource,all,20,100.0,query_elapsed_seconds,1.5304592103871983,0.36713063253728573,,query_sample_ddof1
MountainCar-v0,last-action,30,3.5__MountainCar-v0__last-action__H30,20,20,resource,all,20,100.0,request_elapsed_seconds,1.526682783290744,0.36704245083795123,,query_sample_ddof1
MountainCar-v0,last-action,30,3.5__MountainCar-v0__last-action__H30,30,30,action,all,29,96.66666666666667,parse_success_rate,96.66666666666667,,,
MountainCar-v0,last-action,30,3.5__MountainCar-v0__last-action__H30,30,30,all_required,all,29,96.66666666666667,parse_success_rate,96.66666666666667,,,
MountainCar-v0,last-action,30,3.5__MountainCar-v0__last-action__H30,30,30,resource,all,30,100.0,input_tokens,1533.2333333333333,7.859469725612288,,query_sample_ddof1
MountainCar-v0,last-action,30,3.5__MountainCar-v0__last-action__H30,30,30,resource,all,30,100.0,output_tokens,89.6,18.47757261263428,,query_sample_ddof1
MountainCar-v0,last-action,30,3.5__MountainCar-v0__last-action__H30,30,30,resource,all,30,100.0,total_tokens,1622.8333333333333,21.3704328991916,,query_sample_ddof1
MountainCar-v0,last-action,30,3.5__MountainCar-v0__last-action__H30,30,30,resource,all,30,100.0,query_elapsed_seconds,1.4968875111662783,0.3634255476248494,,query_sample_ddof1
MountainCar-v0,last-action,30,3.5__MountainCar-v0__last-action__H30,30,30,resource,all,30,100.0,request_elapsed_seconds,1.4930375304926808,0.3634087599165551,,query_sample_ddof1
MountainCar-v0,last-action,5,3.5__MountainCar-v0__last-action__H5,10,10,action,all,10,100.0,parse_success_rate,100.0,,,
MountainCar-v0,last-action,5,3.5__MountainCar-v0__last-action__H5,10,10,all_required,all,10,100.0,parse_success_rate,100.0,,,
MountainCar-v0,last-action,5,3.5__MountainCar-v0__last-action__H5,10,10,resource,all,10,100.0,input_tokens,732.6,4.903513479582211,,query_sample_ddof1
MountainCar-v0,last-action,5,3.5__MountainCar-v0__last-action__H5,10,10,resource,all,10,100.0,output_tokens,98.6,20.500406500034742,,query_sample_ddof1
MountainCar-v0,last-action,5,3.5__MountainCar-v0__last-action__H5,10,10,resource,all,10,100.0,total_tokens,831.2,20.454828280872952,,query_sample_ddof1
MountainCar-v0,last-action,5,3.5__MountainCar-v0__last-action__H5,10,10,resource,all,10,100.0,query_elapsed_seconds,1.465652441594284,0.37065700346632985,,query_sample_ddof1
MountainCar-v0,last-action,5,3.5__MountainCar-v0__last-action__H5,10,10,resource,all,10,100.0,request_elapsed_seconds,1.4623234291910194,0.37096623510613697,,query_sample_ddof1
MountainCar-v0,last-action,5,3.5__MountainCar-v0__last-action__H5,20,20,action,all,20,100.0,parse_success_rate,100.0,,,
MountainCar-v0,last-action,5,3.5__MountainCar-v0__last-action__H5,20,20,all_required,all,20,100.0,parse_success_rate,100.0,,,
MountainCar-v0,last-action,5,3.5__MountainCar-v0__last-action__H5,20,20,resource,all,20,100.0,input_tokens,732.85,5.5181518645285585,,query_sample_ddof1
MountainCar-v0,last-action,5,3.5__MountainCar-v0__last-action__H5,20,20,resource,all,20,100.0,output_tokens,107.4,19.62651268055535,,query_sample_ddof1
MountainCar-v0,last-action,5,3.5__MountainCar-v0__last-action__H5,20,20,resource,all,20,100.0,total_tokens,840.25,20.284489796782896,,query_sample_ddof1
MountainCar-v0,last-action,5,3.5__MountainCar-v0__last-action__H5,20,20,resource,all,20,100.0,query_elapsed_seconds,1.6412191416835413,0.46577034169266385,,query_sample_ddof1
MountainCar-v0,last-action,5,3.5__MountainCar-v0__last-action__H5,20,20,resource,all,20,100.0,request_elapsed_seconds,1.6378256415773649,0.4659187416036547,,query_sample_ddof1
MountainCar-v0,last-action,5,3.5__MountainCar-v0__last-action__H5,30,30,action,all,30,100.0,parse_success_rate,100.0,,,
MountainCar-v0,last-action,5,3.5__MountainCar-v0__last-action__H5,30,30,all_required,all,30,100.0,parse_success_rate,100.0,,,
MountainCar-v0,last-action,5,3.5__MountainCar-v0__last-action__H5,30,30,resource,all,30,100.0,input_tokens,733.6666666666666,4.957288840049382,,query_sample_ddof1
MountainCar-v0,last-action,5,3.5__MountainCar-v0__last-action__H5,30,30,resource,all,30,100.0,output_tokens,111.93333333333334,22.26011328987705,,query_sample_ddof1
MountainCar-v0,last-action,5,3.5__MountainCar-v0__last-action__H5,30,30,resource,all,30,100.0,total_tokens,845.6,23.17638512767267,,query_sample_ddof1
MountainCar-v0,last-action,5,3.5__MountainCar-v0__last-action__H5,30,30,resource,all,30,100.0,query_elapsed_seconds,1.6257144861233732,0.453066726822485,,query_sample_ddof1
MountainCar-v0,last-action,5,3.5__MountainCar-v0__last-action__H5,30,30,resource,all,30,100.0,request_elapsed_seconds,1.622367956826929,0.4531758189075523,,query_sample_ddof1
MountainCar-v0,last-state,10,3.5__MountainCar-v0__last-state__H10,10,10,direction,all,10,100.0,parse_success_rate,100.0,,,
MountainCar-v0,last-state,10,3.5__MountainCar-v0__last-state__H10,10,10,state_value,all,9,90.0,parse_success_rate,90.0,,,
MountainCar-v0,last-state,10,3.5__MountainCar-v0__last-state__H10,10,10,state_delta,all,4,40.0,parse_success_rate,40.0,,,
MountainCar-v0,last-state,10,3.5__MountainCar-v0__last-state__H10,10,10,all_required,all,4,40.0,parse_success_rate,40.0,,,
MountainCar-v0,last-state,10,3.5__MountainCar-v0__last-state__H10,10,10,resource,all,10,100.0,input_tokens,1239.0,6.27162924074226,,query_sample_ddof1
MountainCar-v0,last-state,10,3.5__MountainCar-v0__last-state__H10,10,10,resource,all,10,100.0,output_tokens,145.5,35.43773882929515,,query_sample_ddof1
MountainCar-v0,last-state,10,3.5__MountainCar-v0__last-state__H10,10,10,resource,all,10,100.0,total_tokens,1384.5,39.43560151267718,,query_sample_ddof1
MountainCar-v0,last-state,10,3.5__MountainCar-v0__last-state__H10,10,10,resource,all,10,100.0,query_elapsed_seconds,1.9639378085848875,0.49523342915267493,,query_sample_ddof1
MountainCar-v0,last-state,10,3.5__MountainCar-v0__last-state__H10,10,10,resource,all,10,100.0,request_elapsed_seconds,1.9601475333096459,0.49503545713442115,,query_sample_ddof1
MountainCar-v0,last-state,10,3.5__MountainCar-v0__last-state__H10,20,20,direction,all,20,100.0,parse_success_rate,100.0,,,
MountainCar-v0,last-state,10,3.5__MountainCar-v0__last-state__H10,20,20,state_value,all,19,95.0,parse_success_rate,95.0,,,
MountainCar-v0,last-state,10,3.5__MountainCar-v0__last-state__H10,20,20,state_delta,all,12,60.0,parse_success_rate,60.0,,,
MountainCar-v0,last-state,10,3.5__MountainCar-v0__last-state__H10,20,20,all_required,all,12,60.0,parse_success_rate,60.0,,,
MountainCar-v0,last-state,10,3.5__MountainCar-v0__last-state__H10,20,20,resource,all,20,100.0,input_tokens,1238.9,6.995487267178975,,query_sample_ddof1
MountainCar-v0,last-state,10,3.5__MountainCar-v0__last-state__H10,20,20,resource,all,20,100.0,output_tokens,169.85,41.48718889133443,,query_sample_ddof1
MountainCar-v0,last-state,10,3.5__MountainCar-v0__last-state__H10,20,20,resource,all,20,100.0,total_tokens,1408.75,45.109078325414956,,query_sample_ddof1
MountainCar-v0,last-state,10,3.5__MountainCar-v0__last-state__H10,20,20,resource,all,20,100.0,query_elapsed_seconds,2.004650541744195,0.5185567851243198,,query_sample_ddof1
MountainCar-v0,last-state,10,3.5__MountainCar-v0__last-state__H10,20,20,resource,all,20,100.0,request_elapsed_seconds,2.000940422946587,0.5183941288191434,,query_sample_ddof1
MountainCar-v0,last-state,10,3.5__MountainCar-v0__last-state__H10,30,30,direction,all,30,100.0,parse_success_rate,100.0,,,
MountainCar-v0,last-state,10,3.5__MountainCar-v0__last-state__H10,30,30,state_value,all,28,93.33333333333333,parse_success_rate,93.33333333333333,,,
MountainCar-v0,last-state,10,3.5__MountainCar-v0__last-state__H10,30,30,state_delta,all,16,53.333333333333336,parse_success_rate,53.333333333333336,,,
MountainCar-v0,last-state,10,3.5__MountainCar-v0__last-state__H10,30,30,all_required,all,16,53.333333333333336,parse_success_rate,53.333333333333336,,,
MountainCar-v0,last-state,10,3.5__MountainCar-v0__last-state__H10,30,30,resource,all,30,100.0,input_tokens,1240.2,7.322144023675597,,query_sample_ddof1
MountainCar-v0,last-state,10,3.5__MountainCar-v0__last-state__H10,30,30,resource,all,30,100.0,output_tokens,169.03333333333333,38.46134049462757,,query_sample_ddof1
MountainCar-v0,last-state,10,3.5__MountainCar-v0__last-state__H10,30,30,resource,all,30,100.0,total_tokens,1409.2333333333333,40.59020039142566,,query_sample_ddof1
MountainCar-v0,last-state,10,3.5__MountainCar-v0__last-state__H10,30,30,resource,all,30,100.0,query_elapsed_seconds,1.9552647972712294,0.4898682248423876,,query_sample_ddof1
MountainCar-v0,last-state,10,3.5__MountainCar-v0__last-state__H10,30,30,resource,all,30,100.0,request_elapsed_seconds,1.9514730125665665,0.48985487725168686,,query_sample_ddof1
MountainCar-v0,last-state,20,3.5__MountainCar-v0__last-state__H20,10,10,direction,all,10,100.0,parse_success_rate,100.0,,,
MountainCar-v0,last-state,20,3.5__MountainCar-v0__last-state__H20,10,10,state_value,all,9,90.0,parse_success_rate,90.0,,,
MountainCar-v0,last-state,20,3.5__MountainCar-v0__last-state__H20,10,10,state_delta,all,3,30.0,parse_success_rate,30.0,,,
MountainCar-v0,last-state,20,3.5__MountainCar-v0__last-state__H20,10,10,all_required,all,3,30.0,parse_success_rate,30.0,,,
MountainCar-v0,last-state,20,3.5__MountainCar-v0__last-state__H20,10,10,resource,all,10,100.0,input_tokens,1560.7,10.656766238717385,,query_sample_ddof1
MountainCar-v0,last-state,20,3.5__MountainCar-v0__last-state__H20,10,10,resource,all,10,100.0,output_tokens,149.1,31.666491227584192,,query_sample_ddof1
MountainCar-v0,last-state,20,3.5__MountainCar-v0__last-state__H20,10,10,resource,all,10,100.0,total_tokens,1709.8,33.432519099423736,,query_sample_ddof1
MountainCar-v0,last-state,20,3.5__MountainCar-v0__last-state__H20,10,10,resource,all,10,100.0,query_elapsed_seconds,1.832417553884443,0.6082752439670205,,query_sample_ddof1
MountainCar-v0,last-state,20,3.5__MountainCar-v0__last-state__H20,10,10,resource,all,10,100.0,request_elapsed_seconds,1.8291803166968748,0.6081784740950954,,query_sample_ddof1
MountainCar-v0,last-state,20,3.5__MountainCar-v0__last-state__H20,20,20,direction,all,20,100.0,parse_success_rate,100.0,,,
MountainCar-v0,last-state,20,3.5__MountainCar-v0__last-state__H20,20,20,state_value,all,18,90.0,parse_success_rate,90.0,,,
MountainCar-v0,last-state,20,3.5__MountainCar-v0__last-state__H20,20,20,state_delta,all,5,25.0,parse_success_rate,25.0,,,
MountainCar-v0,last-state,20,3.5__MountainCar-v0__last-state__H20,20,20,all_required,all,5,25.0,parse_success_rate,25.0,,,
MountainCar-v0,last-state,20,3.5__MountainCar-v0__last-state__H20,20,20,resource,all,20,100.0,input_tokens,1560.95,9.896703332024522,,query_sample_ddof1
MountainCar-v0,last-state,20,3.5__MountainCar-v0__last-state__H20,20,20,resource,all,20,100.0,output_tokens,165.15,43.05721407860158,,query_sample_ddof1
MountainCar-v0,last-state,20,3.5__MountainCar-v0__last-state__H20,20,20,resource,all,20,100.0,total_tokens,1726.1,44.271768359578886,,query_sample_ddof1
MountainCar-v0,last-state,20,3.5__MountainCar-v0__last-state__H20,20,20,resource,all,20,100.0,query_elapsed_seconds,2.007533341587987,0.6575752478556033,,query_sample_ddof1
MountainCar-v0,last-state,20,3.5__MountainCar-v0__last-state__H20,20,20,resource,all,20,100.0,request_elapsed_seconds,2.004177743761102,0.6573974807572787,,query_sample_ddof1
MountainCar-v0,last-state,20,3.5__MountainCar-v0__last-state__H20,30,30,direction,all,30,100.0,parse_success_rate,100.0,,,
MountainCar-v0,last-state,20,3.5__MountainCar-v0__last-state__H20,30,30,state_value,all,28,93.33333333333333,parse_success_rate,93.33333333333333,,,
MountainCar-v0,last-state,20,3.5__MountainCar-v0__last-state__H20,30,30,state_delta,all,9,30.0,parse_success_rate,30.0,,,
MountainCar-v0,last-state,20,3.5__MountainCar-v0__last-state__H20,30,30,all_required,all,9,30.0,parse_success_rate,30.0,,,
MountainCar-v0,last-state,20,3.5__MountainCar-v0__last-state__H20,30,30,resource,all,30,100.0,input_tokens,1558.8,10.263426866036642,,query_sample_ddof1
MountainCar-v0,last-state,20,3.5__MountainCar-v0__last-state__H20,30,30,resource,all,30,100.0,output_tokens,153.96666666666667,39.97885935594334,,query_sample_ddof1
MountainCar-v0,last-state,20,3.5__MountainCar-v0__last-state__H20,30,30,resource,all,30,100.0,total_tokens,1712.7666666666667,42.099785676687105,,query_sample_ddof1
MountainCar-v0,last-state,20,3.5__MountainCar-v0__last-state__H20,30,30,resource,all,30,100.0,query_elapsed_seconds,1.8686878748975384,0.6264477758743761,,query_sample_ddof1
MountainCar-v0,last-state,20,3.5__MountainCar-v0__last-state__H20,30,30,resource,all,30,100.0,request_elapsed_seconds,1.8654588916688226,0.6262479693720242,,query_sample_ddof1
MountainCar-v0,last-state,30,3.5__MountainCar-v0__last-state__H30,10,10,direction,all,10,100.0,parse_success_rate,100.0,,,
MountainCar-v0,last-state,30,3.5__MountainCar-v0__last-state__H30,10,10,state_value,all,9,90.0,parse_success_rate,90.0,,,
MountainCar-v0,last-state,30,3.5__MountainCar-v0__last-state__H30,10,10,state_delta,all,1,10.0,parse_success_rate,10.0,,,
MountainCar-v0,last-state,30,3.5__MountainCar-v0__last-state__H30,10,10,all_required,all,1,10.0,parse_success_rate,10.0,,,
MountainCar-v0,last-state,30,3.5__MountainCar-v0__last-state__H30,10,10,resource,all,10,100.0,input_tokens,1880.6,7.214183560490019,,query_sample_ddof1
MountainCar-v0,last-state,30,3.5__MountainCar-v0__last-state__H30,10,10,resource,all,10,100.0,output_tokens,168.0,34.28313482360289,,query_sample_ddof1
MountainCar-v0,last-state,30,3.5__MountainCar-v0__last-state__H30,10,10,resource,all,10,100.0,total_tokens,2048.6,31.038327560900857,,query_sample_ddof1
MountainCar-v0,last-state,30,3.5__MountainCar-v0__last-state__H30,10,10,resource,all,10,100.0,query_elapsed_seconds,1.899185912287794,0.283411881362097,,query_sample_ddof1
MountainCar-v0,last-state,30,3.5__MountainCar-v0__last-state__H30,10,10,resource,all,10,100.0,request_elapsed_seconds,1.895729650114663,0.2832573531150414,,query_sample_ddof1
MountainCar-v0,last-state,30,3.5__MountainCar-v0__last-state__H30,20,20,direction,all,20,100.0,parse_success_rate,100.0,,,
MountainCar-v0,last-state,30,3.5__MountainCar-v0__last-state__H30,20,20,state_value,all,16,80.0,parse_success_rate,80.0,,,
MountainCar-v0,last-state,30,3.5__MountainCar-v0__last-state__H30,20,20,state_delta,all,1,5.0,parse_success_rate,5.0,,,
MountainCar-v0,last-state,30,3.5__MountainCar-v0__last-state__H30,20,20,all_required,all,1,5.0,parse_success_rate,5.0,,,
MountainCar-v0,last-state,30,3.5__MountainCar-v0__last-state__H30,20,20,resource,all,20,100.0,input_tokens,1880.0,8.391725247622144,,query_sample_ddof1
MountainCar-v0,last-state,30,3.5__MountainCar-v0__last-state__H30,20,20,resource,all,20,100.0,output_tokens,173.7,34.75341709817899,,query_sample_ddof1
MountainCar-v0,last-state,30,3.5__MountainCar-v0__last-state__H30,20,20,resource,all,20,100.0,total_tokens,2053.7,34.36659945200772,,query_sample_ddof1
MountainCar-v0,last-state,30,3.5__MountainCar-v0__last-state__H30,20,20,resource,all,20,100.0,query_elapsed_seconds,1.8944431582465768,0.3150331559087712,,query_sample_ddof1
MountainCar-v0,last-state,30,3.5__MountainCar-v0__last-state__H30,20,20,resource,all,20,100.0,request_elapsed_seconds,1.8910893564112485,0.31509850921806903,,query_sample_ddof1
MountainCar-v0,last-state,30,3.5__MountainCar-v0__last-state__H30,30,30,direction,all,30,100.0,parse_success_rate,100.0,,,
MountainCar-v0,last-state,30,3.5__MountainCar-v0__last-state__H30,30,30,state_value,all,26,86.66666666666667,parse_success_rate,86.66666666666667,,,
MountainCar-v0,last-state,30,3.5__MountainCar-v0__last-state__H30,30,30,state_delta,all,6,20.0,parse_success_rate,20.0,,,
MountainCar-v0,last-state,30,3.5__MountainCar-v0__last-state__H30,30,30,all_required,all,6,20.0,parse_success_rate,20.0,,,
MountainCar-v0,last-state,30,3.5__MountainCar-v0__last-state__H30,30,30,resource,all,30,100.0,input_tokens,1878.9333333333334,8.12799900443473,,query_sample_ddof1
MountainCar-v0,last-state,30,3.5__MountainCar-v0__last-state__H30,30,30,resource,all,30,100.0,output_tokens,174.43333333333334,35.65416581873547,,query_sample_ddof1
MountainCar-v0,last-state,30,3.5__MountainCar-v0__last-state__H30,30,30,resource,all,30,100.0,total_tokens,2053.366666666667,33.75110045034377,,query_sample_ddof1
MountainCar-v0,last-state,30,3.5__MountainCar-v0__last-state__H30,30,30,resource,all,30,100.0,query_elapsed_seconds,1.8535251610563137,0.34085441618644313,,query_sample_ddof1
MountainCar-v0,last-state,30,3.5__MountainCar-v0__last-state__H30,30,30,resource,all,30,100.0,request_elapsed_seconds,1.8500850112061016,0.3408507118261702,,query_sample_ddof1
MountainCar-v0,last-state,5,3.5__MountainCar-v0__last-state__H5,10,10,direction,all,10,100.0,parse_success_rate,100.0,,,
MountainCar-v0,last-state,5,3.5__MountainCar-v0__last-state__H5,10,10,state_value,all,10,100.0,parse_success_rate,100.0,,,
MountainCar-v0,last-state,5,3.5__MountainCar-v0__last-state__H5,10,10,state_delta,all,9,90.0,parse_success_rate,90.0,,,
MountainCar-v0,last-state,5,3.5__MountainCar-v0__last-state__H5,10,10,all_required,all,9,90.0,parse_success_rate,90.0,,,
MountainCar-v0,last-state,5,3.5__MountainCar-v0__last-state__H5,10,10,resource,all,10,100.0,input_tokens,1077.5,3.2744804507314167,,query_sample_ddof1
MountainCar-v0,last-state,5,3.5__MountainCar-v0__last-state__H5,10,10,resource,all,10,100.0,output_tokens,201.5,27.633514273633587,,query_sample_ddof1
MountainCar-v0,last-state,5,3.5__MountainCar-v0__last-state__H5,10,10,resource,all,10,100.0,total_tokens,1279.0,28.886752057724394,,query_sample_ddof1
MountainCar-v0,last-state,5,3.5__MountainCar-v0__last-state__H5,10,10,resource,all,10,100.0,query_elapsed_seconds,2.212076754390728,0.4907688614849829,,query_sample_ddof1
MountainCar-v0,last-state,5,3.5__MountainCar-v0__last-state__H5,10,10,resource,all,10,100.0,request_elapsed_seconds,2.208603687188588,0.4908960644426491,,query_sample_ddof1
MountainCar-v0,last-state,5,3.5__MountainCar-v0__last-state__H5,20,20,direction,all,19,95.0,parse_success_rate,95.0,,,
MountainCar-v0,last-state,5,3.5__MountainCar-v0__last-state__H5,20,20,state_value,all,20,100.0,parse_success_rate,100.0,,,
MountainCar-v0,last-state,5,3.5__MountainCar-v0__last-state__H5,20,20,state_delta,all,17,85.0,parse_success_rate,85.0,,,
MountainCar-v0,last-state,5,3.5__MountainCar-v0__last-state__H5,20,20,all_required,all,17,85.0,parse_success_rate,85.0,,,
MountainCar-v0,last-state,5,3.5__MountainCar-v0__last-state__H5,20,20,resource,all,20,100.0,input_tokens,1078.15,4.8696157851248225,,query_sample_ddof1
MountainCar-v0,last-state,5,3.5__MountainCar-v0__last-state__H5,20,20,resource,all,20,100.0,output_tokens,199.4,20.914361723843964,,query_sample_ddof1
MountainCar-v0,last-state,5,3.5__MountainCar-v0__last-state__H5,20,20,resource,all,20,100.0,total_tokens,1277.55,22.06801686652094,,query_sample_ddof1
MountainCar-v0,last-state,5,3.5__MountainCar-v0__last-state__H5,20,20,resource,all,20,100.0,query_elapsed_seconds,2.3534036459459458,0.7207330026599953,,query_sample_ddof1
MountainCar-v0,last-state,5,3.5__MountainCar-v0__last-state__H5,20,20,resource,all,20,100.0,request_elapsed_seconds,2.3497323122457603,0.7209620418350648,,query_sample_ddof1
MountainCar-v0,last-state,5,3.5__MountainCar-v0__last-state__H5,30,30,direction,all,29,96.66666666666667,parse_success_rate,96.66666666666667,,,
MountainCar-v0,last-state,5,3.5__MountainCar-v0__last-state__H5,30,30,state_value,all,30,100.0,parse_success_rate,100.0,,,
MountainCar-v0,last-state,5,3.5__MountainCar-v0__last-state__H5,30,30,state_delta,all,23,76.66666666666667,parse_success_rate,76.66666666666667,,,
MountainCar-v0,last-state,5,3.5__MountainCar-v0__last-state__H5,30,30,all_required,all,23,76.66666666666667,parse_success_rate,76.66666666666667,,,
MountainCar-v0,last-state,5,3.5__MountainCar-v0__last-state__H5,30,30,resource,all,30,100.0,input_tokens,1079.0,4.47213595499958,,query_sample_ddof1
MountainCar-v0,last-state,5,3.5__MountainCar-v0__last-state__H5,30,30,resource,all,30,100.0,output_tokens,194.73333333333332,32.23612594732739,,query_sample_ddof1
MountainCar-v0,last-state,5,3.5__MountainCar-v0__last-state__H5,30,30,resource,all,30,100.0,total_tokens,1273.7333333333333,32.83599090709118,,query_sample_ddof1
MountainCar-v0,last-state,5,3.5__MountainCar-v0__last-state__H5,30,30,resource,all,30,100.0,query_elapsed_seconds,2.2528428834397345,0.6953829471238158,,query_sample_ddof1
MountainCar-v0,last-state,5,3.5__MountainCar-v0__last-state__H5,30,30,resource,all,30,100.0,request_elapsed_seconds,2.249234612363701,0.6954337797964867,,query_sample_ddof1
MountainCar-v0,next-action,10,3.5__MountainCar-v0__next-action__H10,10,10,action,all,10,100.0,parse_success_rate,100.0,,,
MountainCar-v0,next-action,10,3.5__MountainCar-v0__next-action__H10,10,10,all_required,all,10,100.0,parse_success_rate,100.0,,,
MountainCar-v0,next-action,10,3.5__MountainCar-v0__next-action__H10,10,10,resource,all,10,100.0,input_tokens,906.7,7.703534542302283,,query_sample_ddof1
MountainCar-v0,next-action,10,3.5__MountainCar-v0__next-action__H10,10,10,resource,all,10,100.0,output_tokens,159.5,23.566690240440828,,query_sample_ddof1
MountainCar-v0,next-action,10,3.5__MountainCar-v0__next-action__H10,10,10,resource,all,10,100.0,total_tokens,1066.2,29.921378459036422,,query_sample_ddof1
MountainCar-v0,next-action,10,3.5__MountainCar-v0__next-action__H10,10,10,resource,all,10,100.0,query_elapsed_seconds,1.7569751584669575,0.37321375188873995,,query_sample_ddof1
MountainCar-v0,next-action,10,3.5__MountainCar-v0__next-action__H10,10,10,resource,all,10,100.0,request_elapsed_seconds,1.7536025166977196,0.3734741198577105,,query_sample_ddof1
MountainCar-v0,next-action,10,3.5__MountainCar-v0__next-action__H10,20,20,action,all,20,100.0,parse_success_rate,100.0,,,
MountainCar-v0,next-action,10,3.5__MountainCar-v0__next-action__H10,20,20,all_required,all,20,100.0,parse_success_rate,100.0,,,
MountainCar-v0,next-action,10,3.5__MountainCar-v0__next-action__H10,20,20,resource,all,20,100.0,input_tokens,906.05,7.148610464904867,,query_sample_ddof1
MountainCar-v0,next-action,10,3.5__MountainCar-v0__next-action__H10,20,20,resource,all,20,100.0,output_tokens,154.35,23.43248981536892,,query_sample_ddof1
MountainCar-v0,next-action,10,3.5__MountainCar-v0__next-action__H10,20,20,resource,all,20,100.0,total_tokens,1060.4,26.688061592759922,,query_sample_ddof1
MountainCar-v0,next-action,10,3.5__MountainCar-v0__next-action__H10,20,20,resource,all,20,100.0,query_elapsed_seconds,1.665416818880476,0.3452630208599284,,query_sample_ddof1
MountainCar-v0,next-action,10,3.5__MountainCar-v0__next-action__H10,20,20,resource,all,20,100.0,request_elapsed_seconds,1.6619636854389683,0.3455006868038793,,query_sample_ddof1
MountainCar-v0,next-action,10,3.5__MountainCar-v0__next-action__H10,30,30,action,all,30,100.0,parse_success_rate,100.0,,,
MountainCar-v0,next-action,10,3.5__MountainCar-v0__next-action__H10,30,30,all_required,all,30,100.0,parse_success_rate,100.0,,,
MountainCar-v0,next-action,10,3.5__MountainCar-v0__next-action__H10,30,30,resource,all,30,100.0,input_tokens,907.3666666666667,7.32253646149236,,query_sample_ddof1
MountainCar-v0,next-action,10,3.5__MountainCar-v0__next-action__H10,30,30,resource,all,30,100.0,output_tokens,155.23333333333332,20.987160826091504,,query_sample_ddof1
MountainCar-v0,next-action,10,3.5__MountainCar-v0__next-action__H10,30,30,resource,all,30,100.0,total_tokens,1062.6,24.76454640450113,,query_sample_ddof1
MountainCar-v0,next-action,10,3.5__MountainCar-v0__next-action__H10,30,30,resource,all,30,100.0,query_elapsed_seconds,1.7253808626167786,0.36181674928847013,,query_sample_ddof1
MountainCar-v0,next-action,10,3.5__MountainCar-v0__next-action__H10,30,30,resource,all,30,100.0,request_elapsed_seconds,1.7215343125048093,0.3621875310507596,,query_sample_ddof1
MountainCar-v0,next-action,20,3.5__MountainCar-v0__next-action__H20,10,10,action,all,10,100.0,parse_success_rate,100.0,,,
MountainCar-v0,next-action,20,3.5__MountainCar-v0__next-action__H20,10,10,all_required,all,10,100.0,parse_success_rate,100.0,,,
MountainCar-v0,next-action,20,3.5__MountainCar-v0__next-action__H20,10,10,resource,all,10,100.0,input_tokens,1227.7,11.146000777558438,,query_sample_ddof1
MountainCar-v0,next-action,20,3.5__MountainCar-v0__next-action__H20,10,10,resource,all,10,100.0,output_tokens,148.7,14.150382798120102,,query_sample_ddof1
MountainCar-v0,next-action,20,3.5__MountainCar-v0__next-action__H20,10,10,resource,all,10,100.0,total_tokens,1376.4,20.05658661554021,,query_sample_ddof1
MountainCar-v0,next-action,20,3.5__MountainCar-v0__next-action__H20,10,10,resource,all,10,100.0,query_elapsed_seconds,2.0419369459035805,0.38810008554968745,,query_sample_ddof1
MountainCar-v0,next-action,20,3.5__MountainCar-v0__next-action__H20,10,10,resource,all,10,100.0,request_elapsed_seconds,2.0379797164117917,0.3881845602330243,,query_sample_ddof1
MountainCar-v0,next-action,20,3.5__MountainCar-v0__next-action__H20,20,20,action,all,20,100.0,parse_success_rate,100.0,,,
MountainCar-v0,next-action,20,3.5__MountainCar-v0__next-action__H20,20,20,all_required,all,20,100.0,parse_success_rate,100.0,,,
MountainCar-v0,next-action,20,3.5__MountainCar-v0__next-action__H20,20,20,resource,all,20,100.0,input_tokens,1228.0,10.239243393100775,,query_sample_ddof1
MountainCar-v0,next-action,20,3.5__MountainCar-v0__next-action__H20,20,20,resource,all,20,100.0,output_tokens,149.25,15.127093156598892,,query_sample_ddof1
MountainCar-v0,next-action,20,3.5__MountainCar-v0__next-action__H20,20,20,resource,all,20,100.0,total_tokens,1377.25,20.761490160492105,,query_sample_ddof1
MountainCar-v0,next-action,20,3.5__MountainCar-v0__next-action__H20,20,20,resource,all,20,100.0,query_elapsed_seconds,1.987927666748874,0.44922290396120407,,query_sample_ddof1
MountainCar-v0,next-action,20,3.5__MountainCar-v0__next-action__H20,20,20,resource,all,20,100.0,request_elapsed_seconds,1.9842371374135837,0.4494274185660627,,query_sample_ddof1
MountainCar-v0,next-action,20,3.5__MountainCar-v0__next-action__H20,30,30,action,all,30,100.0,parse_success_rate,100.0,,,
MountainCar-v0,next-action,20,3.5__MountainCar-v0__next-action__H20,30,30,all_required,all,30,100.0,parse_success_rate,100.0,,,
MountainCar-v0,next-action,20,3.5__MountainCar-v0__next-action__H20,30,30,resource,all,30,100.0,input_tokens,1225.9333333333334,10.388764930520335,,query_sample_ddof1
MountainCar-v0,next-action,20,3.5__MountainCar-v0__next-action__H20,30,30,resource,all,30,100.0,output_tokens,149.1,17.157184078899466,,query_sample_ddof1
MountainCar-v0,next-action,20,3.5__MountainCar-v0__next-action__H20,30,30,resource,all,30,100.0,total_tokens,1375.0333333333333,22.993977222432555,,query_sample_ddof1
MountainCar-v0,next-action,20,3.5__MountainCar-v0__next-action__H20,30,30,resource,all,30,100.0,query_elapsed_seconds,2.025897991800836,0.5654629737287825,,query_sample_ddof1
MountainCar-v0,next-action,20,3.5__MountainCar-v0__next-action__H20,30,30,resource,all,30,100.0,request_elapsed_seconds,2.0222685401754763,0.5657375846484161,,query_sample_ddof1
MountainCar-v0,next-action,30,3.5__MountainCar-v0__next-action__H30,10,10,action,all,10,100.0,parse_success_rate,100.0,,,
MountainCar-v0,next-action,30,3.5__MountainCar-v0__next-action__H30,10,10,all_required,all,10,100.0,parse_success_rate,100.0,,,
MountainCar-v0,next-action,30,3.5__MountainCar-v0__next-action__H30,10,10,resource,all,10,100.0,input_tokens,1547.4,7.121173436387512,,query_sample_ddof1
MountainCar-v0,next-action,30,3.5__MountainCar-v0__next-action__H30,10,10,resource,all,10,100.0,output_tokens,146.0,19.072959334559958,,query_sample_ddof1
MountainCar-v0,next-action,30,3.5__MountainCar-v0__next-action__H30,10,10,resource,all,10,100.0,total_tokens,1693.4,21.360399496888316,,query_sample_ddof1
MountainCar-v0,next-action,30,3.5__MountainCar-v0__next-action__H30,10,10,resource,all,10,100.0,query_elapsed_seconds,2.280466741381679,0.6523266259941324,,query_sample_ddof1
MountainCar-v0,next-action,30,3.5__MountainCar-v0__next-action__H30,10,10,resource,all,10,100.0,request_elapsed_seconds,2.2770580290001816,0.652331833693109,,query_sample_ddof1
MountainCar-v0,next-action,30,3.5__MountainCar-v0__next-action__H30,20,20,action,all,20,100.0,parse_success_rate,100.0,,,
MountainCar-v0,next-action,30,3.5__MountainCar-v0__next-action__H30,20,20,all_required,all,20,100.0,parse_success_rate,100.0,,,
MountainCar-v0,next-action,30,3.5__MountainCar-v0__next-action__H30,20,20,resource,all,20,100.0,input_tokens,1547.2,8.17312669668102,,query_sample_ddof1
MountainCar-v0,next-action,30,3.5__MountainCar-v0__next-action__H30,20,20,resource,all,20,100.0,output_tokens,144.6,15.10106305076427,,query_sample_ddof1
MountainCar-v0,next-action,30,3.5__MountainCar-v0__next-action__H30,20,20,resource,all,20,100.0,total_tokens,1691.8,18.300417021420433,,query_sample_ddof1
MountainCar-v0,next-action,30,3.5__MountainCar-v0__next-action__H30,20,20,resource,all,20,100.0,query_elapsed_seconds,2.1478239332966043,0.8234518356040011,,query_sample_ddof1
MountainCar-v0,next-action,30,3.5__MountainCar-v0__next-action__H30,20,20,resource,all,20,100.0,request_elapsed_seconds,2.1441525289672425,0.82369089299314,,query_sample_ddof1
MountainCar-v0,next-action,30,3.5__MountainCar-v0__next-action__H30,30,30,action,all,30,100.0,parse_success_rate,100.0,,,
MountainCar-v0,next-action,30,3.5__MountainCar-v0__next-action__H30,30,30,all_required,all,30,100.0,parse_success_rate,100.0,,,
MountainCar-v0,next-action,30,3.5__MountainCar-v0__next-action__H30,30,30,resource,all,30,100.0,input_tokens,1545.9333333333334,8.23756464401754,,query_sample_ddof1
MountainCar-v0,next-action,30,3.5__MountainCar-v0__next-action__H30,30,30,resource,all,30,100.0,output_tokens,144.16666666666666,15.463156062146528,,query_sample_ddof1
MountainCar-v0,next-action,30,3.5__MountainCar-v0__next-action__H30,30,30,resource,all,30,100.0,total_tokens,1690.1,17.85062541162653,,query_sample_ddof1
MountainCar-v0,next-action,30,3.5__MountainCar-v0__next-action__H30,30,30,resource,all,30,100.0,query_elapsed_seconds,2.0548408110664846,0.7138446031748448,,query_sample_ddof1
MountainCar-v0,next-action,30,3.5__MountainCar-v0__next-action__H30,30,30,resource,all,30,100.0,request_elapsed_seconds,2.0511969388074553,0.7139600165244917,,query_sample_ddof1
MountainCar-v0,next-action,5,3.5__MountainCar-v0__next-action__H5,10,10,action,all,10,100.0,parse_success_rate,100.0,,,
MountainCar-v0,next-action,5,3.5__MountainCar-v0__next-action__H5,10,10,all_required,all,10,100.0,parse_success_rate,100.0,,,
MountainCar-v0,next-action,5,3.5__MountainCar-v0__next-action__H5,10,10,resource,all,10,100.0,input_tokens,745.5,4.672615256292062,,query_sample_ddof1
MountainCar-v0,next-action,5,3.5__MountainCar-v0__next-action__H5,10,10,resource,all,10,100.0,output_tokens,159.5,20.823330932180642,,query_sample_ddof1
MountainCar-v0,next-action,5,3.5__MountainCar-v0__next-action__H5,10,10,resource,all,10,100.0,total_tokens,905.0,24.271611217863374,,query_sample_ddof1
MountainCar-v0,next-action,5,3.5__MountainCar-v0__next-action__H5,10,10,resource,all,10,100.0,query_elapsed_seconds,1.9144227416953072,0.6811922234988063,,query_sample_ddof1
MountainCar-v0,next-action,5,3.5__MountainCar-v0__next-action__H5,10,10,resource,all,10,100.0,request_elapsed_seconds,1.9111603291006758,0.6809911492353901,,query_sample_ddof1
MountainCar-v0,next-action,5,3.5__MountainCar-v0__next-action__H5,20,20,action,all,20,100.0,parse_success_rate,100.0,,,
MountainCar-v0,next-action,5,3.5__MountainCar-v0__next-action__H5,20,20,all_required,all,20,100.0,parse_success_rate,100.0,,,
MountainCar-v0,next-action,5,3.5__MountainCar-v0__next-action__H5,20,20,resource,all,20,100.0,input_tokens,745.4,4.892529213531908,,query_sample_ddof1
MountainCar-v0,next-action,5,3.5__MountainCar-v0__next-action__H5,20,20,resource,all,20,100.0,output_tokens,157.3,17.134452827102784,,query_sample_ddof1
MountainCar-v0,next-action,5,3.5__MountainCar-v0__next-action__H5,20,20,resource,all,20,100.0,total_tokens,902.7,20.09739443703822,,query_sample_ddof1
MountainCar-v0,next-action,5,3.5__MountainCar-v0__next-action__H5,20,20,resource,all,20,100.0,query_elapsed_seconds,1.9384484374488238,0.621951855816701,,query_sample_ddof1
MountainCar-v0,next-action,5,3.5__MountainCar-v0__next-action__H5,20,20,resource,all,20,100.0,request_elapsed_seconds,1.9349331500474363,0.6219563346384978,,query_sample_ddof1
MountainCar-v0,next-action,5,3.5__MountainCar-v0__next-action__H5,30,30,action,all,30,100.0,parse_success_rate,100.0,,,
MountainCar-v0,next-action,5,3.5__MountainCar-v0__next-action__H5,30,30,all_required,all,30,100.0,parse_success_rate,100.0,,,
MountainCar-v0,next-action,5,3.5__MountainCar-v0__next-action__H5,30,30,resource,all,30,100.0,input_tokens,746.1666666666666,4.457332845094028,,query_sample_ddof1
MountainCar-v0,next-action,5,3.5__MountainCar-v0__next-action__H5,30,30,resource,all,30,100.0,output_tokens,153.26666666666668,17.9883742788336,,query_sample_ddof1
MountainCar-v0,next-action,5,3.5__MountainCar-v0__next-action__H5,30,30,resource,all,30,100.0,total_tokens,899.4333333333333,19.61646622423205,,query_sample_ddof1
MountainCar-v0,next-action,5,3.5__MountainCar-v0__next-action__H5,30,30,resource,all,30,100.0,query_elapsed_seconds,1.951593317995624,0.5813403079749118,,query_sample_ddof1
MountainCar-v0,next-action,5,3.5__MountainCar-v0__next-action__H5,30,30,resource,all,30,100.0,request_elapsed_seconds,1.9400451764658404,0.5675565639021406,,query_sample_ddof1
MountainCar-v0,next-state,10,3.5__MountainCar-v0__next-state__H10,10,10,direction,all,10,100.0,parse_success_rate,100.0,,,
MountainCar-v0,next-state,10,3.5__MountainCar-v0__next-state__H10,10,10,state_value,all,10,100.0,parse_success_rate,100.0,,,
MountainCar-v0,next-state,10,3.5__MountainCar-v0__next-state__H10,10,10,state_delta,all,10,100.0,parse_success_rate,100.0,,,
MountainCar-v0,next-state,10,3.5__MountainCar-v0__next-state__H10,10,10,all_required,all,10,100.0,parse_success_rate,100.0,,,
MountainCar-v0,next-state,10,3.5__MountainCar-v0__next-state__H10,10,10,resource,all,10,100.0,input_tokens,1231.2,11.103552984918336,,query_sample_ddof1
MountainCar-v0,next-state,10,3.5__MountainCar-v0__next-state__H10,10,10,resource,all,10,100.0,output_tokens,181.5,26.378652985574025,,query_sample_ddof1
MountainCar-v0,next-state,10,3.5__MountainCar-v0__next-state__H10,10,10,resource,all,10,100.0,total_tokens,1412.7,31.25184439001605,,query_sample_ddof1
MountainCar-v0,next-state,10,3.5__MountainCar-v0__next-state__H10,10,10,resource,all,10,100.0,query_elapsed_seconds,2.2006297666812316,0.5464929558256982,,query_sample_ddof1
MountainCar-v0,next-state,10,3.5__MountainCar-v0__next-state__H10,10,10,resource,all,10,100.0,request_elapsed_seconds,2.1969195249141196,0.5463581260320429,,query_sample_ddof1
MountainCar-v0,next-state,10,3.5__MountainCar-v0__next-state__H10,20,20,direction,all,20,100.0,parse_success_rate,100.0,,,
MountainCar-v0,next-state,10,3.5__MountainCar-v0__next-state__H10,20,20,state_value,all,18,90.0,parse_success_rate,90.0,,,
MountainCar-v0,next-state,10,3.5__MountainCar-v0__next-state__H10,20,20,state_delta,all,18,90.0,parse_success_rate,90.0,,,
MountainCar-v0,next-state,10,3.5__MountainCar-v0__next-state__H10,20,20,all_required,all,18,90.0,parse_success_rate,90.0,,,
MountainCar-v0,next-state,10,3.5__MountainCar-v0__next-state__H10,20,20,resource,all,20,100.0,input_tokens,1229.75,9.1183735853553,,query_sample_ddof1
MountainCar-v0,next-state,10,3.5__MountainCar-v0__next-state__H10,20,20,resource,all,20,100.0,output_tokens,176.25,25.256317604658214,,query_sample_ddof1
MountainCar-v0,next-state,10,3.5__MountainCar-v0__next-state__H10,20,20,resource,all,20,100.0,total_tokens,1406.0,27.89453823166633,,query_sample_ddof1
MountainCar-v0,next-state,10,3.5__MountainCar-v0__next-state__H10,20,20,resource,all,20,100.0,query_elapsed_seconds,2.048921808344312,0.503556594271199,,query_sample_ddof1
MountainCar-v0,next-state,10,3.5__MountainCar-v0__next-state__H10,20,20,resource,all,20,100.0,request_elapsed_seconds,2.0451722936937586,0.5034366921973766,,query_sample_ddof1
MountainCar-v0,next-state,10,3.5__MountainCar-v0__next-state__H10,30,30,direction,all,30,100.0,parse_success_rate,100.0,,,
MountainCar-v0,next-state,10,3.5__MountainCar-v0__next-state__H10,30,30,state_value,all,27,90.0,parse_success_rate,90.0,,,
MountainCar-v0,next-state,10,3.5__MountainCar-v0__next-state__H10,30,30,state_delta,all,27,90.0,parse_success_rate,90.0,,,
MountainCar-v0,next-state,10,3.5__MountainCar-v0__next-state__H10,30,30,all_required,all,27,90.0,parse_success_rate,90.0,,,
MountainCar-v0,next-state,10,3.5__MountainCar-v0__next-state__H10,30,30,resource,all,30,100.0,input_tokens,1231.6,8.560534949446188,,query_sample_ddof1
MountainCar-v0,next-state,10,3.5__MountainCar-v0__next-state__H10,30,30,resource,all,30,100.0,output_tokens,171.8,22.47665455533808,,query_sample_ddof1
MountainCar-v0,next-state,10,3.5__MountainCar-v0__next-state__H10,30,30,resource,all,30,100.0,total_tokens,1403.4,24.59969161567289,,query_sample_ddof1
MountainCar-v0,next-state,10,3.5__MountainCar-v0__next-state__H10,30,30,resource,all,30,100.0,query_elapsed_seconds,2.0718828499666415,0.47785229640135796,,query_sample_ddof1
MountainCar-v0,next-state,10,3.5__MountainCar-v0__next-state__H10,30,30,resource,all,30,100.0,request_elapsed_seconds,2.067999834664321,0.4778262764399305,,query_sample_ddof1
MountainCar-v0,next-state,20,3.5__MountainCar-v0__next-state__H20,10,10,direction,all,10,100.0,parse_success_rate,100.0,,,
MountainCar-v0,next-state,20,3.5__MountainCar-v0__next-state__H20,10,10,state_value,all,8,80.0,parse_success_rate,80.0,,,
MountainCar-v0,next-state,20,3.5__MountainCar-v0__next-state__H20,10,10,state_delta,all,8,80.0,parse_success_rate,80.0,,,
MountainCar-v0,next-state,20,3.5__MountainCar-v0__next-state__H20,10,10,all_required,all,8,80.0,parse_success_rate,80.0,,,
MountainCar-v0,next-state,20,3.5__MountainCar-v0__next-state__H20,10,10,resource,all,10,100.0,input_tokens,1550.3,11.38273546502187,,query_sample_ddof1
MountainCar-v0,next-state,20,3.5__MountainCar-v0__next-state__H20,10,10,resource,all,10,100.0,output_tokens,162.7,22.445242010031635,,query_sample_ddof1
MountainCar-v0,next-state,20,3.5__MountainCar-v0__next-state__H20,10,10,resource,all,10,100.0,total_tokens,1713.0,22.939534045447004,,query_sample_ddof1
MountainCar-v0,next-state,20,3.5__MountainCar-v0__next-state__H20,10,10,resource,all,10,100.0,query_elapsed_seconds,2.028657750203274,0.4136374000916249,,query_sample_ddof1
MountainCar-v0,next-state,20,3.5__MountainCar-v0__next-state__H20,10,10,resource,all,10,100.0,request_elapsed_seconds,2.025327704125084,0.41374204968113615,,query_sample_ddof1
MountainCar-v0,next-state,20,3.5__MountainCar-v0__next-state__H20,20,20,direction,all,20,100.0,parse_success_rate,100.0,,,
MountainCar-v0,next-state,20,3.5__MountainCar-v0__next-state__H20,20,20,state_value,all,18,90.0,parse_success_rate,90.0,,,
MountainCar-v0,next-state,20,3.5__MountainCar-v0__next-state__H20,20,20,state_delta,all,18,90.0,parse_success_rate,90.0,,,
MountainCar-v0,next-state,20,3.5__MountainCar-v0__next-state__H20,20,20,all_required,all,18,90.0,parse_success_rate,90.0,,,
MountainCar-v0,next-state,20,3.5__MountainCar-v0__next-state__H20,20,20,resource,all,20,100.0,input_tokens,1550.5,10.394836775002645,,query_sample_ddof1
MountainCar-v0,next-state,20,3.5__MountainCar-v0__next-state__H20,20,20,resource,all,20,100.0,output_tokens,169.5,26.476404589747453,,query_sample_ddof1
MountainCar-v0,next-state,20,3.5__MountainCar-v0__next-state__H20,20,20,resource,all,20,100.0,total_tokens,1720.0,25.18562664445108,,query_sample_ddof1
MountainCar-v0,next-state,20,3.5__MountainCar-v0__next-state__H20,20,20,resource,all,20,100.0,query_elapsed_seconds,2.0002233834995424,0.36336015045640996,,query_sample_ddof1
MountainCar-v0,next-state,20,3.5__MountainCar-v0__next-state__H20,20,20,resource,all,20,100.0,request_elapsed_seconds,1.9969212125171907,0.36342629451150626,,query_sample_ddof1
MountainCar-v0,next-state,20,3.5__MountainCar-v0__next-state__H20,30,30,direction,all,30,100.0,parse_success_rate,100.0,,,
MountainCar-v0,next-state,20,3.5__MountainCar-v0__next-state__H20,30,30,state_value,all,27,90.0,parse_success_rate,90.0,,,
MountainCar-v0,next-state,20,3.5__MountainCar-v0__next-state__H20,30,30,state_delta,all,27,90.0,parse_success_rate,90.0,,,
MountainCar-v0,next-state,20,3.5__MountainCar-v0__next-state__H20,30,30,all_required,all,27,90.0,parse_success_rate,90.0,,,
MountainCar-v0,next-state,20,3.5__MountainCar-v0__next-state__H20,30,30,resource,all,30,100.0,input_tokens,1549.6333333333334,10.50938278096205,,query_sample_ddof1
MountainCar-v0,next-state,20,3.5__MountainCar-v0__next-state__H20,30,30,resource,all,30,100.0,output_tokens,177.06666666666666,32.81287944498721,,query_sample_ddof1
MountainCar-v0,next-state,20,3.5__MountainCar-v0__next-state__H20,30,30,resource,all,30,100.0,total_tokens,1726.7,32.4634011433353,,query_sample_ddof1
MountainCar-v0,next-state,20,3.5__MountainCar-v0__next-state__H20,30,30,resource,all,30,100.0,query_elapsed_seconds,2.0405612877065624,0.4658751065126075,,query_sample_ddof1
MountainCar-v0,next-state,20,3.5__MountainCar-v0__next-state__H20,30,30,resource,all,30,100.0,request_elapsed_seconds,2.037105681972268,0.46583416097656866,,query_sample_ddof1
MountainCar-v0,next-state,30,3.5__MountainCar-v0__next-state__H30,10,10,direction,all,10,100.0,parse_success_rate,100.0,,,
MountainCar-v0,next-state,30,3.5__MountainCar-v0__next-state__H30,10,10,state_value,all,10,100.0,parse_success_rate,100.0,,,
MountainCar-v0,next-state,30,3.5__MountainCar-v0__next-state__H30,10,10,state_delta,all,10,100.0,parse_success_rate,100.0,,,
MountainCar-v0,next-state,30,3.5__MountainCar-v0__next-state__H30,10,10,all_required,all,10,100.0,parse_success_rate,100.0,,,
MountainCar-v0,next-state,30,3.5__MountainCar-v0__next-state__H30,10,10,resource,all,10,100.0,input_tokens,1868.6,8.235424835563872,,query_sample_ddof1
MountainCar-v0,next-state,30,3.5__MountainCar-v0__next-state__H30,10,10,resource,all,10,100.0,output_tokens,155.0,13.55646627177517,,query_sample_ddof1
MountainCar-v0,next-state,30,3.5__MountainCar-v0__next-state__H30,10,10,resource,all,10,100.0,total_tokens,2023.6,11.286176402031726,,query_sample_ddof1
MountainCar-v0,next-state,30,3.5__MountainCar-v0__next-state__H30,10,10,resource,all,10,100.0,query_elapsed_seconds,1.8129204335040412,0.3367094148569439,,query_sample_ddof1
MountainCar-v0,next-state,30,3.5__MountainCar-v0__next-state__H30,10,10,resource,all,10,100.0,request_elapsed_seconds,1.809394387411885,0.3372306491614825,,query_sample_ddof1
MountainCar-v0,next-state,30,3.5__MountainCar-v0__next-state__H30,20,20,direction,all,20,100.0,parse_success_rate,100.0,,,
MountainCar-v0,next-state,30,3.5__MountainCar-v0__next-state__H30,20,20,state_value,all,20,100.0,parse_success_rate,100.0,,,
MountainCar-v0,next-state,30,3.5__MountainCar-v0__next-state__H30,20,20,state_delta,all,19,95.0,parse_success_rate,95.0,,,
MountainCar-v0,next-state,30,3.5__MountainCar-v0__next-state__H30,20,20,all_required,all,19,95.0,parse_success_rate,95.0,,,
MountainCar-v0,next-state,30,3.5__MountainCar-v0__next-state__H30,20,20,resource,all,20,100.0,input_tokens,1871.2,8.739504984175078,,query_sample_ddof1
MountainCar-v0,next-state,30,3.5__MountainCar-v0__next-state__H30,20,20,resource,all,20,100.0,output_tokens,162.4,26.063485245797324,,query_sample_ddof1
MountainCar-v0,next-state,30,3.5__MountainCar-v0__next-state__H30,20,20,resource,all,20,100.0,total_tokens,2033.6,24.602952326050115,,query_sample_ddof1
MountainCar-v0,next-state,30,3.5__MountainCar-v0__next-state__H30,20,20,resource,all,20,100.0,query_elapsed_seconds,1.8788986876956186,0.45910615282028117,,query_sample_ddof1
MountainCar-v0,next-state,30,3.5__MountainCar-v0__next-state__H30,20,20,resource,all,20,100.0,request_elapsed_seconds,1.8752126436913386,0.45920625853218344,,query_sample_ddof1
MountainCar-v0,next-state,30,3.5__MountainCar-v0__next-state__H30,30,30,direction,all,30,100.0,parse_success_rate,100.0,,,
MountainCar-v0,next-state,30,3.5__MountainCar-v0__next-state__H30,30,30,state_value,all,27,90.0,parse_success_rate,90.0,,,
MountainCar-v0,next-state,30,3.5__MountainCar-v0__next-state__H30,30,30,state_delta,all,26,86.66666666666667,parse_success_rate,86.66666666666667,,,
MountainCar-v0,next-state,30,3.5__MountainCar-v0__next-state__H30,30,30,all_required,all,25,83.33333333333333,parse_success_rate,83.33333333333333,,,
MountainCar-v0,next-state,30,3.5__MountainCar-v0__next-state__H30,30,30,resource,all,30,100.0,input_tokens,1870.1,8.543398338624613,,query_sample_ddof1
MountainCar-v0,next-state,30,3.5__MountainCar-v0__next-state__H30,30,30,resource,all,30,100.0,output_tokens,161.93333333333334,23.126240258756873,,query_sample_ddof1
MountainCar-v0,next-state,30,3.5__MountainCar-v0__next-state__H30,30,30,resource,all,30,100.0,total_tokens,2032.0333333333333,22.597655254218427,,query_sample_ddof1
MountainCar-v0,next-state,30,3.5__MountainCar-v0__next-state__H30,30,30,resource,all,30,100.0,query_elapsed_seconds,1.8822940542323825,0.5021969902878848,,query_sample_ddof1
MountainCar-v0,next-state,30,3.5__MountainCar-v0__next-state__H30,30,30,resource,all,30,100.0,request_elapsed_seconds,1.8787494791283583,0.5022491995766044,,query_sample_ddof1
MountainCar-v0,next-state,5,3.5__MountainCar-v0__next-state__H5,10,10,direction,all,9,90.0,parse_success_rate,90.0,,,
MountainCar-v0,next-state,5,3.5__MountainCar-v0__next-state__H5,10,10,state_value,all,8,80.0,parse_success_rate,80.0,,,
MountainCar-v0,next-state,5,3.5__MountainCar-v0__next-state__H5,10,10,state_delta,all,9,90.0,parse_success_rate,90.0,,,
MountainCar-v0,next-state,5,3.5__MountainCar-v0__next-state__H5,10,10,all_required,all,7,70.0,parse_success_rate,70.0,,,
MountainCar-v0,next-state,5,3.5__MountainCar-v0__next-state__H5,10,10,resource,all,10,100.0,input_tokens,1070.6,8.422192905255336,,query_sample_ddof1
MountainCar-v0,next-state,5,3.5__MountainCar-v0__next-state__H5,10,10,resource,all,10,100.0,output_tokens,160.7,18.074229659318203,,query_sample_ddof1
MountainCar-v0,next-state,5,3.5__MountainCar-v0__next-state__H5,10,10,resource,all,10,100.0,total_tokens,1231.3,17.055790805471318,,query_sample_ddof1
MountainCar-v0,next-state,5,3.5__MountainCar-v0__next-state__H5,10,10,resource,all,10,100.0,query_elapsed_seconds,1.8478542082128115,0.5373914982877803,,query_sample_ddof1
MountainCar-v0,next-state,5,3.5__MountainCar-v0__next-state__H5,10,10,resource,all,10,100.0,request_elapsed_seconds,1.8443068665917963,0.537454775555665,,query_sample_ddof1
MountainCar-v0,next-state,5,3.5__MountainCar-v0__next-state__H5,20,20,direction,all,19,95.0,parse_success_rate,95.0,,,
MountainCar-v0,next-state,5,3.5__MountainCar-v0__next-state__H5,20,20,state_value,all,16,80.0,parse_success_rate,80.0,,,
MountainCar-v0,next-state,5,3.5__MountainCar-v0__next-state__H5,20,20,state_delta,all,18,90.0,parse_success_rate,90.0,,,
MountainCar-v0,next-state,5,3.5__MountainCar-v0__next-state__H5,20,20,all_required,all,15,75.0,parse_success_rate,75.0,,,
MountainCar-v0,next-state,5,3.5__MountainCar-v0__next-state__H5,20,20,resource,all,20,100.0,input_tokens,1070.05,6.723681635595346,,query_sample_ddof1
MountainCar-v0,next-state,5,3.5__MountainCar-v0__next-state__H5,20,20,resource,all,20,100.0,output_tokens,170.5,20.324991098593248,,query_sample_ddof1
MountainCar-v0,next-state,5,3.5__MountainCar-v0__next-state__H5,20,20,resource,all,20,100.0,total_tokens,1240.55,19.337650758096373,,query_sample_ddof1
MountainCar-v0,next-state,5,3.5__MountainCar-v0__next-state__H5,20,20,resource,all,20,100.0,query_elapsed_seconds,2.058074474951718,0.5720134839440041,,query_sample_ddof1
MountainCar-v0,next-state,5,3.5__MountainCar-v0__next-state__H5,20,20,resource,all,20,100.0,request_elapsed_seconds,2.054552356246859,0.5719119215832434,,query_sample_ddof1
MountainCar-v0,next-state,5,3.5__MountainCar-v0__next-state__H5,30,30,direction,all,29,96.66666666666667,parse_success_rate,96.66666666666667,,,
MountainCar-v0,next-state,5,3.5__MountainCar-v0__next-state__H5,30,30,state_value,all,25,83.33333333333333,parse_success_rate,83.33333333333333,,,
MountainCar-v0,next-state,5,3.5__MountainCar-v0__next-state__H5,30,30,state_delta,all,27,90.0,parse_success_rate,90.0,,,
MountainCar-v0,next-state,5,3.5__MountainCar-v0__next-state__H5,30,30,all_required,all,24,80.0,parse_success_rate,80.0,,,
MountainCar-v0,next-state,5,3.5__MountainCar-v0__next-state__H5,30,30,resource,all,30,100.0,input_tokens,1070.7,5.855442502198422,,query_sample_ddof1
MountainCar-v0,next-state,5,3.5__MountainCar-v0__next-state__H5,30,30,resource,all,30,100.0,output_tokens,177.3,26.24703595745097,,query_sample_ddof1
MountainCar-v0,next-state,5,3.5__MountainCar-v0__next-state__H5,30,30,resource,all,30,100.0,total_tokens,1248.0,26.274413934209967,,query_sample_ddof1
MountainCar-v0,next-state,5,3.5__MountainCar-v0__next-state__H5,30,30,resource,all,30,100.0,query_elapsed_seconds,2.09553233050198,0.5418939319246325,,query_sample_ddof1
MountainCar-v0,next-state,5,3.5__MountainCar-v0__next-state__H5,30,30,resource,all,30,100.0,request_elapsed_seconds,2.091958247194998,0.5418650951229034,,query_sample_ddof1
Pendulum-v1,last-action,10,3.5__Pendulum-v1__last-action__H10,10,10,action_value,all,9,90.0,parse_success_rate,90.0,,,
Pendulum-v1,last-action,10,3.5__Pendulum-v1__last-action__H10,10,10,action_bin,all,9,90.0,parse_success_rate,90.0,,,
Pendulum-v1,last-action,10,3.5__Pendulum-v1__last-action__H10,10,10,all_required,all,9,90.0,parse_success_rate,90.0,,,
Pendulum-v1,last-action,10,3.5__Pendulum-v1__last-action__H10,10,10,resource,all,10,100.0,input_tokens,1533.9,6.9992063042097055,,query_sample_ddof1
Pendulum-v1,last-action,10,3.5__Pendulum-v1__last-action__H10,10,10,resource,all,10,100.0,output_tokens,243.6,79.21587944064976,,query_sample_ddof1
Pendulum-v1,last-action,10,3.5__Pendulum-v1__last-action__H10,10,10,resource,all,10,100.0,total_tokens,1777.5,81.03120112373725,,query_sample_ddof1
Pendulum-v1,last-action,10,3.5__Pendulum-v1__last-action__H10,10,10,resource,all,10,100.0,query_elapsed_seconds,2.7926683623809367,0.7291551713796832,,query_sample_ddof1
Pendulum-v1,last-action,10,3.5__Pendulum-v1__last-action__H10,10,10,resource,all,10,100.0,request_elapsed_seconds,2.788002495816909,0.7283174030498667,,query_sample_ddof1
Pendulum-v1,last-action,10,3.5__Pendulum-v1__last-action__H10,20,20,action_value,all,19,95.0,parse_success_rate,95.0,,,
Pendulum-v1,last-action,10,3.5__Pendulum-v1__last-action__H10,20,20,action_bin,all,19,95.0,parse_success_rate,95.0,,,
Pendulum-v1,last-action,10,3.5__Pendulum-v1__last-action__H10,20,20,all_required,all,19,95.0,parse_success_rate,95.0,,,
Pendulum-v1,last-action,10,3.5__Pendulum-v1__last-action__H10,20,20,resource,all,20,100.0,input_tokens,1534.7,6.852583070407983,,query_sample_ddof1
Pendulum-v1,last-action,10,3.5__Pendulum-v1__last-action__H10,20,20,resource,all,20,100.0,output_tokens,234.1,66.60796538426601,,query_sample_ddof1
Pendulum-v1,last-action,10,3.5__Pendulum-v1__last-action__H10,20,20,resource,all,20,100.0,total_tokens,1768.8,68.32014421283928,,query_sample_ddof1
Pendulum-v1,last-action,10,3.5__Pendulum-v1__last-action__H10,20,20,resource,all,20,100.0,query_elapsed_seconds,2.6550480728328694,0.5729623496120868,,query_sample_ddof1
Pendulum-v1,last-action,10,3.5__Pendulum-v1__last-action__H10,20,20,resource,all,20,100.0,request_elapsed_seconds,2.6508629896154163,0.5723089681979948,,query_sample_ddof1
Pendulum-v1,last-action,10,3.5__Pendulum-v1__last-action__H10,30,30,action_value,all,28,93.33333333333333,parse_success_rate,93.33333333333333,,,
Pendulum-v1,last-action,10,3.5__Pendulum-v1__last-action__H10,30,30,action_bin,all,29,96.66666666666667,parse_success_rate,96.66666666666667,,,
Pendulum-v1,last-action,10,3.5__Pendulum-v1__last-action__H10,30,30,all_required,all,28,93.33333333333333,parse_success_rate,93.33333333333333,,,
Pendulum-v1,last-action,10,3.5__Pendulum-v1__last-action__H10,30,30,resource,all,30,100.0,input_tokens,1533.0,7.30139334836757,,query_sample_ddof1
Pendulum-v1,last-action,10,3.5__Pendulum-v1__last-action__H10,30,30,resource,all,30,100.0,output_tokens,240.36666666666667,67.63618870832762,,query_sample_ddof1
Pendulum-v1,last-action,10,3.5__Pendulum-v1__last-action__H10,30,30,resource,all,30,100.0,total_tokens,1773.3666666666666,68.80230716527149,,query_sample_ddof1
Pendulum-v1,last-action,10,3.5__Pendulum-v1__last-action__H10,30,30,resource,all,30,100.0,query_elapsed_seconds,2.815608687516457,0.6871865040437252,,query_sample_ddof1
Pendulum-v1,last-action,10,3.5__Pendulum-v1__last-action__H10,30,30,resource,all,30,100.0,request_elapsed_seconds,2.8114783680687347,0.6868626824451867,,query_sample_ddof1
Pendulum-v1,last-action,20,3.5__Pendulum-v1__last-action__H20,10,10,action_value,all,10,100.0,parse_success_rate,100.0,,,
Pendulum-v1,last-action,20,3.5__Pendulum-v1__last-action__H20,10,10,action_bin,all,10,100.0,parse_success_rate,100.0,,,
Pendulum-v1,last-action,20,3.5__Pendulum-v1__last-action__H20,10,10,all_required,all,10,100.0,parse_success_rate,100.0,,,
Pendulum-v1,last-action,20,3.5__Pendulum-v1__last-action__H20,10,10,resource,all,10,100.0,input_tokens,1978.2,8.829244336609761,,query_sample_ddof1
Pendulum-v1,last-action,20,3.5__Pendulum-v1__last-action__H20,10,10,resource,all,10,100.0,output_tokens,194.1,29.789819290041578,,query_sample_ddof1
Pendulum-v1,last-action,20,3.5__Pendulum-v1__last-action__H20,10,10,resource,all,10,100.0,total_tokens,2172.3,31.934133601663422,,query_sample_ddof1
Pendulum-v1,last-action,20,3.5__Pendulum-v1__last-action__H20,10,10,resource,all,10,100.0,query_elapsed_seconds,2.3310750001925045,0.3613544034245005,,query_sample_ddof1
Pendulum-v1,last-action,20,3.5__Pendulum-v1__last-action__H20,10,10,resource,all,10,100.0,request_elapsed_seconds,2.3272398543776944,0.3612292059474357,,query_sample_ddof1
Pendulum-v1,last-action,20,3.5__Pendulum-v1__last-action__H20,20,20,action_value,all,20,100.0,parse_success_rate,100.0,,,
Pendulum-v1,last-action,20,3.5__Pendulum-v1__last-action__H20,20,20,action_bin,all,20,100.0,parse_success_rate,100.0,,,
Pendulum-v1,last-action,20,3.5__Pendulum-v1__last-action__H20,20,20,all_required,all,20,100.0,parse_success_rate,100.0,,,
Pendulum-v1,last-action,20,3.5__Pendulum-v1__last-action__H20,20,20,resource,all,20,100.0,input_tokens,1979.25,7.683714836211097,,query_sample_ddof1
Pendulum-v1,last-action,20,3.5__Pendulum-v1__last-action__H20,20,20,resource,all,20,100.0,output_tokens,200.15,37.02527586165401,,query_sample_ddof1
Pendulum-v1,last-action,20,3.5__Pendulum-v1__last-action__H20,20,20,resource,all,20,100.0,total_tokens,2179.4,36.891590826151834,,query_sample_ddof1
Pendulum-v1,last-action,20,3.5__Pendulum-v1__last-action__H20,20,20,resource,all,20,100.0,query_elapsed_seconds,2.2814115585002583,0.45252437737262025,,query_sample_ddof1
Pendulum-v1,last-action,20,3.5__Pendulum-v1__last-action__H20,20,20,resource,all,20,100.0,request_elapsed_seconds,2.277383593842387,0.4524600637814304,,query_sample_ddof1
Pendulum-v1,last-action,20,3.5__Pendulum-v1__last-action__H20,30,30,action_value,all,29,96.66666666666667,parse_success_rate,96.66666666666667,,,
Pendulum-v1,last-action,20,3.5__Pendulum-v1__last-action__H20,30,30,action_bin,all,29,96.66666666666667,parse_success_rate,96.66666666666667,,,
Pendulum-v1,last-action,20,3.5__Pendulum-v1__last-action__H20,30,30,all_required,all,29,96.66666666666667,parse_success_rate,96.66666666666667,,,
Pendulum-v1,last-action,20,3.5__Pendulum-v1__last-action__H20,30,30,resource,all,30,100.0,input_tokens,1980.0666666666666,7.565499428933653,,query_sample_ddof1
Pendulum-v1,last-action,20,3.5__Pendulum-v1__last-action__H20,30,30,resource,all,30,100.0,output_tokens,215.16666666666666,59.90917455116786,,query_sample_ddof1
Pendulum-v1,last-action,20,3.5__Pendulum-v1__last-action__H20,30,30,resource,all,30,100.0,total_tokens,2195.233333333333,61.9141136677605,,query_sample_ddof1
Pendulum-v1,last-action,20,3.5__Pendulum-v1__last-action__H20,30,30,resource,all,30,100.0,query_elapsed_seconds,2.3906014569646987,0.507288341993914,,query_sample_ddof1
Pendulum-v1,last-action,20,3.5__Pendulum-v1__last-action__H20,30,30,resource,all,30,100.0,request_elapsed_seconds,2.38668582791773,0.5073251952243911,,query_sample_ddof1
Pendulum-v1,last-action,30,3.5__Pendulum-v1__last-action__H30,10,10,action_value,all,10,100.0,parse_success_rate,100.0,,,
Pendulum-v1,last-action,30,3.5__Pendulum-v1__last-action__H30,10,10,action_bin,all,10,100.0,parse_success_rate,100.0,,,
Pendulum-v1,last-action,30,3.5__Pendulum-v1__last-action__H30,10,10,all_required,all,10,100.0,parse_success_rate,100.0,,,
Pendulum-v1,last-action,30,3.5__Pendulum-v1__last-action__H30,10,10,resource,all,10,100.0,input_tokens,2424.3,4.667856991049414,,query_sample_ddof1
Pendulum-v1,last-action,30,3.5__Pendulum-v1__last-action__H30,10,10,resource,all,10,100.0,output_tokens,184.8,60.55447501584375,,query_sample_ddof1
Pendulum-v1,last-action,30,3.5__Pendulum-v1__last-action__H30,10,10,resource,all,10,100.0,total_tokens,2609.1,60.31482220630164,,query_sample_ddof1
Pendulum-v1,last-action,30,3.5__Pendulum-v1__last-action__H30,10,10,resource,all,10,100.0,query_elapsed_seconds,2.1411032084026376,0.49381754840889835,,query_sample_ddof1
Pendulum-v1,last-action,30,3.5__Pendulum-v1__last-action__H30,10,10,resource,all,10,100.0,request_elapsed_seconds,2.1373036499135196,0.4943285365164455,,query_sample_ddof1
Pendulum-v1,last-action,30,3.5__Pendulum-v1__last-action__H30,20,20,action_value,all,20,100.0,parse_success_rate,100.0,,,
Pendulum-v1,last-action,30,3.5__Pendulum-v1__last-action__H30,20,20,action_bin,all,20,100.0,parse_success_rate,100.0,,,
Pendulum-v1,last-action,30,3.5__Pendulum-v1__last-action__H30,20,20,all_required,all,20,100.0,parse_success_rate,100.0,,,
Pendulum-v1,last-action,30,3.5__Pendulum-v1__last-action__H30,20,20,resource,all,20,100.0,input_tokens,2424.95,4.2608993367474355,,query_sample_ddof1
Pendulum-v1,last-action,30,3.5__Pendulum-v1__last-action__H30,20,20,resource,all,20,100.0,output_tokens,184.3,52.305881726225536,,query_sample_ddof1
Pendulum-v1,last-action,30,3.5__Pendulum-v1__last-action__H30,20,20,resource,all,20,100.0,total_tokens,2609.25,53.01824412903841,,query_sample_ddof1
Pendulum-v1,last-action,30,3.5__Pendulum-v1__last-action__H30,20,20,resource,all,20,100.0,query_elapsed_seconds,2.1224714312527793,0.4750559720069384,,query_sample_ddof1
Pendulum-v1,last-action,30,3.5__Pendulum-v1__last-action__H30,20,20,resource,all,20,100.0,request_elapsed_seconds,2.118673410336487,0.47552942485591876,,query_sample_ddof1
Pendulum-v1,last-action,30,3.5__Pendulum-v1__last-action__H30,30,30,action_value,all,30,100.0,parse_success_rate,100.0,,,
Pendulum-v1,last-action,30,3.5__Pendulum-v1__last-action__H30,30,30,action_bin,all,30,100.0,parse_success_rate,100.0,,,
Pendulum-v1,last-action,30,3.5__Pendulum-v1__last-action__H30,30,30,all_required,all,30,100.0,parse_success_rate,100.0,,,
Pendulum-v1,last-action,30,3.5__Pendulum-v1__last-action__H30,30,30,resource,all,30,100.0,input_tokens,2425.2,3.8001814838695296,,query_sample_ddof1
Pendulum-v1,last-action,30,3.5__Pendulum-v1__last-action__H30,30,30,resource,all,30,100.0,output_tokens,184.56666666666666,50.56213884971116,,query_sample_ddof1
Pendulum-v1,last-action,30,3.5__Pendulum-v1__last-action__H30,30,30,resource,all,30,100.0,total_tokens,2609.766666666667,51.22410756081846,,query_sample_ddof1
Pendulum-v1,last-action,30,3.5__Pendulum-v1__last-action__H30,30,30,resource,all,30,100.0,query_elapsed_seconds,2.142242376471404,0.49181985566334285,,query_sample_ddof1
Pendulum-v1,last-action,30,3.5__Pendulum-v1__last-action__H30,30,30,resource,all,30,100.0,request_elapsed_seconds,2.1384180208202452,0.4922474720834399,,query_sample_ddof1
Pendulum-v1,last-action,5,3.5__Pendulum-v1__last-action__H5,10,10,action_value,all,9,90.0,parse_success_rate,90.0,,,
Pendulum-v1,last-action,5,3.5__Pendulum-v1__last-action__H5,10,10,action_bin,all,10,100.0,parse_success_rate,100.0,,,
Pendulum-v1,last-action,5,3.5__Pendulum-v1__last-action__H5,10,10,all_required,all,9,90.0,parse_success_rate,90.0,,,
Pendulum-v1,last-action,5,3.5__Pendulum-v1__last-action__H5,10,10,resource,all,10,100.0,input_tokens,1309.1,4.483302354291979,,query_sample_ddof1
Pendulum-v1,last-action,5,3.5__Pendulum-v1__last-action__H5,10,10,resource,all,10,100.0,output_tokens,230.0,41.769207158703246,,query_sample_ddof1
Pendulum-v1,last-action,5,3.5__Pendulum-v1__last-action__H5,10,10,resource,all,10,100.0,total_tokens,1539.1,44.4383468039335,,query_sample_ddof1
Pendulum-v1,last-action,5,3.5__Pendulum-v1__last-action__H5,10,10,resource,all,10,100.0,query_elapsed_seconds,2.464138558099512,0.6867663008045479,,query_sample_ddof1
Pendulum-v1,last-action,5,3.5__Pendulum-v1__last-action__H5,10,10,resource,all,10,100.0,request_elapsed_seconds,2.4599701624480077,0.6866517178143077,,query_sample_ddof1
Pendulum-v1,last-action,5,3.5__Pendulum-v1__last-action__H5,20,20,action_value,all,19,95.0,parse_success_rate,95.0,,,
Pendulum-v1,last-action,5,3.5__Pendulum-v1__last-action__H5,20,20,action_bin,all,20,100.0,parse_success_rate,100.0,,,
Pendulum-v1,last-action,5,3.5__Pendulum-v1__last-action__H5,20,20,all_required,all,19,95.0,parse_success_rate,95.0,,,
Pendulum-v1,last-action,5,3.5__Pendulum-v1__last-action__H5,20,20,resource,all,20,100.0,input_tokens,1310.8,5.643813566990619,,query_sample_ddof1
Pendulum-v1,last-action,5,3.5__Pendulum-v1__last-action__H5,20,20,resource,all,20,100.0,output_tokens,227.15,45.87657927871028,,query_sample_ddof1
Pendulum-v1,last-action,5,3.5__Pendulum-v1__last-action__H5,20,20,resource,all,20,100.0,total_tokens,1537.95,45.99825511564771,,query_sample_ddof1
Pendulum-v1,last-action,5,3.5__Pendulum-v1__last-action__H5,20,20,resource,all,20,100.0,query_elapsed_seconds,2.4058942166040653,0.614279076404824,,query_sample_ddof1
Pendulum-v1,last-action,5,3.5__Pendulum-v1__last-action__H5,20,20,resource,all,20,100.0,request_elapsed_seconds,2.401780041685561,0.6141829459131066,,query_sample_ddof1
Pendulum-v1,last-action,5,3.5__Pendulum-v1__last-action__H5,30,30,action_value,all,29,96.66666666666667,parse_success_rate,96.66666666666667,,,
Pendulum-v1,last-action,5,3.5__Pendulum-v1__last-action__H5,30,30,action_bin,all,30,100.0,parse_success_rate,100.0,,,
Pendulum-v1,last-action,5,3.5__Pendulum-v1__last-action__H5,30,30,all_required,all,29,96.66666666666667,parse_success_rate,96.66666666666667,,,
Pendulum-v1,last-action,5,3.5__Pendulum-v1__last-action__H5,30,30,resource,all,30,100.0,input_tokens,1309.6333333333334,5.756455646419541,,query_sample_ddof1
Pendulum-v1,last-action,5,3.5__Pendulum-v1__last-action__H5,30,30,resource,all,30,100.0,output_tokens,219.93333333333334,48.36351812117758,,query_sample_ddof1
Pendulum-v1,last-action,5,3.5__Pendulum-v1__last-action__H5,30,30,resource,all,30,100.0,total_tokens,1529.5666666666666,48.96140868306267,,query_sample_ddof1
Pendulum-v1,last-action,5,3.5__Pendulum-v1__last-action__H5,30,30,resource,all,30,100.0,query_elapsed_seconds,2.3310835221006223,0.5354848220093603,,query_sample_ddof1
Pendulum-v1,last-action,5,3.5__Pendulum-v1__last-action__H5,30,30,resource,all,30,100.0,request_elapsed_seconds,2.3269904320244676,0.5354255777977337,,query_sample_ddof1
Pendulum-v1,last-state,10,3.5__Pendulum-v1__last-state__H10,10,10,direction,all,10,100.0,parse_success_rate,100.0,,,
Pendulum-v1,last-state,10,3.5__Pendulum-v1__last-state__H10,10,10,state_value,all,10,100.0,parse_success_rate,100.0,,,
Pendulum-v1,last-state,10,3.5__Pendulum-v1__last-state__H10,10,10,state_delta,all,10,100.0,parse_success_rate,100.0,,,
Pendulum-v1,last-state,10,3.5__Pendulum-v1__last-state__H10,10,10,all_required,all,10,100.0,parse_success_rate,100.0,,,
Pendulum-v1,last-state,10,3.5__Pendulum-v1__last-state__H10,10,10,resource,all,10,100.0,input_tokens,1506.8,6.972963661329537,,query_sample_ddof1
Pendulum-v1,last-state,10,3.5__Pendulum-v1__last-state__H10,10,10,resource,all,10,100.0,output_tokens,230.3,57.11596390969282,,query_sample_ddof1
Pendulum-v1,last-state,10,3.5__Pendulum-v1__last-state__H10,10,10,resource,all,10,100.0,total_tokens,1737.1,55.99890871952576,,query_sample_ddof1
Pendulum-v1,last-state,10,3.5__Pendulum-v1__last-state__H10,10,10,resource,all,10,100.0,query_elapsed_seconds,2.5603765542968175,0.8151985989890068,,query_sample_ddof1
Pendulum-v1,last-state,10,3.5__Pendulum-v1__last-state__H10,10,10,resource,all,10,100.0,request_elapsed_seconds,2.5567173541290686,0.8154033693590418,,query_sample_ddof1
Pendulum-v1,last-state,10,3.5__Pendulum-v1__last-state__H10,20,20,direction,all,20,100.0,parse_success_rate,100.0,,,
Pendulum-v1,last-state,10,3.5__Pendulum-v1__last-state__H10,20,20,state_value,all,19,95.0,parse_success_rate,95.0,,,
Pendulum-v1,last-state,10,3.5__Pendulum-v1__last-state__H10,20,20,state_delta,all,19,95.0,parse_success_rate,95.0,,,
Pendulum-v1,last-state,10,3.5__Pendulum-v1__last-state__H10,20,20,all_required,all,19,95.0,parse_success_rate,95.0,,,
Pendulum-v1,last-state,10,3.5__Pendulum-v1__last-state__H10,20,20,resource,all,20,100.0,input_tokens,1508.15,7.005824644349045,,query_sample_ddof1
Pendulum-v1,last-state,10,3.5__Pendulum-v1__last-state__H10,20,20,resource,all,20,100.0,output_tokens,235.05,48.66585856094274,,query_sample_ddof1
Pendulum-v1,last-state,10,3.5__Pendulum-v1__last-state__H10,20,20,resource,all,20,100.0,total_tokens,1743.2,50.148831124542625,,query_sample_ddof1
Pendulum-v1,last-state,10,3.5__Pendulum-v1__last-state__H10,20,20,resource,all,20,100.0,query_elapsed_seconds,2.559604470798513,0.7629261059852969,,query_sample_ddof1
Pendulum-v1,last-state,10,3.5__Pendulum-v1__last-state__H10,20,20,resource,all,20,100.0,request_elapsed_seconds,2.555928035418037,0.7629956301474016,,query_sample_ddof1
Pendulum-v1,last-state,10,3.5__Pendulum-v1__last-state__H10,30,30,direction,all,29,96.66666666666667,parse_success_rate,96.66666666666667,,,
Pendulum-v1,last-state,10,3.5__Pendulum-v1__last-state__H10,30,30,state_value,all,29,96.66666666666667,parse_success_rate,96.66666666666667,,,
Pendulum-v1,last-state,10,3.5__Pendulum-v1__last-state__H10,30,30,state_delta,all,26,86.66666666666667,parse_success_rate,86.66666666666667,,,
Pendulum-v1,last-state,10,3.5__Pendulum-v1__last-state__H10,30,30,all_required,all,25,83.33333333333333,parse_success_rate,83.33333333333333,,,
Pendulum-v1,last-state,10,3.5__Pendulum-v1__last-state__H10,30,30,resource,all,30,100.0,input_tokens,1506.5666666666666,7.314055120030925,,query_sample_ddof1
Pendulum-v1,last-state,10,3.5__Pendulum-v1__last-state__H10,30,30,resource,all,30,100.0,output_tokens,234.46666666666667,54.85324202742753,,query_sample_ddof1
Pendulum-v1,last-state,10,3.5__Pendulum-v1__last-state__H10,30,30,resource,all,30,100.0,total_tokens,1741.0333333333333,55.20899685135869,,query_sample_ddof1
Pendulum-v1,last-state,10,3.5__Pendulum-v1__last-state__H10,30,30,resource,all,30,100.0,query_elapsed_seconds,2.7189098819391804,0.8421271492748317,,query_sample_ddof1
Pendulum-v1,last-state,10,3.5__Pendulum-v1__last-state__H10,30,30,resource,all,30,100.0,request_elapsed_seconds,2.7151894860784522,0.8422154378269026,,query_sample_ddof1
Pendulum-v1,last-state,20,3.5__Pendulum-v1__last-state__H20,10,10,direction,all,10,100.0,parse_success_rate,100.0,,,
Pendulum-v1,last-state,20,3.5__Pendulum-v1__last-state__H20,10,10,state_value,all,10,100.0,parse_success_rate,100.0,,,
Pendulum-v1,last-state,20,3.5__Pendulum-v1__last-state__H20,10,10,state_delta,all,9,90.0,parse_success_rate,90.0,,,
Pendulum-v1,last-state,20,3.5__Pendulum-v1__last-state__H20,10,10,all_required,all,9,90.0,parse_success_rate,90.0,,,
Pendulum-v1,last-state,20,3.5__Pendulum-v1__last-state__H20,10,10,resource,all,10,100.0,input_tokens,1951.0,9.321420969406375,,query_sample_ddof1
Pendulum-v1,last-state,20,3.5__Pendulum-v1__last-state__H20,10,10,resource,all,10,100.0,output_tokens,265.6,57.573527867511395,,query_sample_ddof1
Pendulum-v1,last-state,20,3.5__Pendulum-v1__last-state__H20,10,10,resource,all,10,100.0,total_tokens,2216.6,60.62855946022651,,query_sample_ddof1
Pendulum-v1,last-state,20,3.5__Pendulum-v1__last-state__H20,10,10,resource,all,10,100.0,query_elapsed_seconds,2.8216613833094017,0.6964542723934921,,query_sample_ddof1
Pendulum-v1,last-state,20,3.5__Pendulum-v1__last-state__H20,10,10,resource,all,10,100.0,request_elapsed_seconds,2.817981300095562,0.6961794532528728,,query_sample_ddof1
Pendulum-v1,last-state,20,3.5__Pendulum-v1__last-state__H20,20,20,direction,all,20,100.0,parse_success_rate,100.0,,,
Pendulum-v1,last-state,20,3.5__Pendulum-v1__last-state__H20,20,20,state_value,all,19,95.0,parse_success_rate,95.0,,,
Pendulum-v1,last-state,20,3.5__Pendulum-v1__last-state__H20,20,20,state_delta,all,17,85.0,parse_success_rate,85.0,,,
Pendulum-v1,last-state,20,3.5__Pendulum-v1__last-state__H20,20,20,all_required,all,17,85.0,parse_success_rate,85.0,,,
Pendulum-v1,last-state,20,3.5__Pendulum-v1__last-state__H20,20,20,resource,all,20,100.0,input_tokens,1952.7,7.974300827295802,,query_sample_ddof1
Pendulum-v1,last-state,20,3.5__Pendulum-v1__last-state__H20,20,20,resource,all,20,100.0,output_tokens,266.25,55.351389465753016,,query_sample_ddof1
Pendulum-v1,last-state,20,3.5__Pendulum-v1__last-state__H20,20,20,resource,all,20,100.0,total_tokens,2218.95,55.62702391350524,,query_sample_ddof1
Pendulum-v1,last-state,20,3.5__Pendulum-v1__last-state__H20,20,20,resource,all,20,100.0,query_elapsed_seconds,2.699941574956756,0.6072911422990711,,query_sample_ddof1
Pendulum-v1,last-state,20,3.5__Pendulum-v1__last-state__H20,20,20,resource,all,20,100.0,request_elapsed_seconds,2.696275645896094,0.6071054525975351,,query_sample_ddof1
Pendulum-v1,last-state,20,3.5__Pendulum-v1__last-state__H20,30,30,direction,all,28,93.33333333333333,parse_success_rate,93.33333333333333,,,
Pendulum-v1,last-state,20,3.5__Pendulum-v1__last-state__H20,30,30,state_value,all,27,90.0,parse_success_rate,90.0,,,
Pendulum-v1,last-state,20,3.5__Pendulum-v1__last-state__H20,30,30,state_delta,all,22,73.33333333333333,parse_success_rate,73.33333333333333,,,
Pendulum-v1,last-state,20,3.5__Pendulum-v1__last-state__H20,30,30,all_required,all,22,73.33333333333333,parse_success_rate,73.33333333333333,,,
Pendulum-v1,last-state,20,3.5__Pendulum-v1__last-state__H20,30,30,resource,all,30,100.0,input_tokens,1953.6666666666667,7.666916537657255,,query_sample_ddof1
Pendulum-v1,last-state,20,3.5__Pendulum-v1__last-state__H20,30,30,resource,all,30,100.0,output_tokens,253.33333333333334,53.494655442572395,,query_sample_ddof1
Pendulum-v1,last-state,20,3.5__Pendulum-v1__last-state__H20,30,30,resource,all,30,100.0,total_tokens,2207.0,53.74973937386692,,query_sample_ddof1
Pendulum-v1,last-state,20,3.5__Pendulum-v1__last-state__H20,30,30,resource,all,30,100.0,query_elapsed_seconds,2.6555631305401524,0.610505835415031,,query_sample_ddof1
Pendulum-v1,last-state,20,3.5__Pendulum-v1__last-state__H20,30,30,resource,all,30,100.0,request_elapsed_seconds,2.65204862919248,0.6104081879431504,,query_sample_ddof1
Pendulum-v1,last-state,30,3.5__Pendulum-v1__last-state__H30,10,10,direction,all,10,100.0,parse_success_rate,100.0,,,
Pendulum-v1,last-state,30,3.5__Pendulum-v1__last-state__H30,10,10,state_value,all,9,90.0,parse_success_rate,90.0,,,
Pendulum-v1,last-state,30,3.5__Pendulum-v1__last-state__H30,10,10,state_delta,all,8,80.0,parse_success_rate,80.0,,,
Pendulum-v1,last-state,30,3.5__Pendulum-v1__last-state__H30,10,10,all_required,all,8,80.0,parse_success_rate,80.0,,,
Pendulum-v1,last-state,30,3.5__Pendulum-v1__last-state__H30,10,10,resource,all,10,100.0,input_tokens,2397.9,4.863697724525606,,query_sample_ddof1
Pendulum-v1,last-state,30,3.5__Pendulum-v1__last-state__H30,10,10,resource,all,10,100.0,output_tokens,251.5,56.0560235637329,,query_sample_ddof1
Pendulum-v1,last-state,30,3.5__Pendulum-v1__last-state__H30,10,10,resource,all,10,100.0,total_tokens,2649.4,55.889176054044675,,query_sample_ddof1
Pendulum-v1,last-state,30,3.5__Pendulum-v1__last-state__H30,10,10,resource,all,10,100.0,query_elapsed_seconds,2.457493120781146,0.5437914237044049,,query_sample_ddof1
Pendulum-v1,last-state,30,3.5__Pendulum-v1__last-state__H30,10,10,resource,all,10,100.0,request_elapsed_seconds,2.4539298248826524,0.5437416094984174,,query_sample_ddof1
Pendulum-v1,last-state,30,3.5__Pendulum-v1__last-state__H30,20,20,direction,all,20,100.0,parse_success_rate,100.0,,,
Pendulum-v1,last-state,30,3.5__Pendulum-v1__last-state__H30,20,20,state_value,all,19,95.0,parse_success_rate,95.0,,,
Pendulum-v1,last-state,30,3.5__Pendulum-v1__last-state__H30,20,20,state_delta,all,18,90.0,parse_success_rate,90.0,,,
Pendulum-v1,last-state,30,3.5__Pendulum-v1__last-state__H30,20,20,all_required,all,18,90.0,parse_success_rate,90.0,,,
Pendulum-v1,last-state,30,3.5__Pendulum-v1__last-state__H30,20,20,resource,all,20,100.0,input_tokens,2398.65,4.356181331105684,,query_sample_ddof1
Pendulum-v1,last-state,30,3.5__Pendulum-v1__last-state__H30,20,20,resource,all,20,100.0,output_tokens,248.8,61.93341076043732,,query_sample_ddof1
Pendulum-v1,last-state,30,3.5__Pendulum-v1__last-state__H30,20,20,resource,all,20,100.0,total_tokens,2647.45,62.4385803473259,,query_sample_ddof1
Pendulum-v1,last-state,30,3.5__Pendulum-v1__last-state__H30,20,20,resource,all,20,100.0,query_elapsed_seconds,2.561746685288381,0.6383910329356445,,query_sample_ddof1
Pendulum-v1,last-state,30,3.5__Pendulum-v1__last-state__H30,20,20,resource,all,20,100.0,request_elapsed_seconds,2.5580042396322824,0.6382303388356444,,query_sample_ddof1
Pendulum-v1,last-state,30,3.5__Pendulum-v1__last-state__H30,30,30,direction,all,30,100.0,parse_success_rate,100.0,,,
Pendulum-v1,last-state,30,3.5__Pendulum-v1__last-state__H30,30,30,state_value,all,28,93.33333333333333,parse_success_rate,93.33333333333333,,,
Pendulum-v1,last-state,30,3.5__Pendulum-v1__last-state__H30,30,30,state_delta,all,27,90.0,parse_success_rate,90.0,,,
Pendulum-v1,last-state,30,3.5__Pendulum-v1__last-state__H30,30,30,all_required,all,27,90.0,parse_success_rate,90.0,,,
Pendulum-v1,last-state,30,3.5__Pendulum-v1__last-state__H30,30,30,resource,all,30,100.0,input_tokens,2398.866666666667,3.875060251663577,,query_sample_ddof1
Pendulum-v1,last-state,30,3.5__Pendulum-v1__last-state__H30,30,30,resource,all,30,100.0,output_tokens,245.66666666666666,56.725189523145545,,query_sample_ddof1
Pendulum-v1,last-state,30,3.5__Pendulum-v1__last-state__H30,30,30,resource,all,30,100.0,total_tokens,2644.5333333333333,57.25125105293714,,query_sample_ddof1
Pendulum-v1,last-state,30,3.5__Pendulum-v1__last-state__H30,30,30,resource,all,30,100.0,query_elapsed_seconds,2.646964441561916,0.7511937675732674,,query_sample_ddof1
Pendulum-v1,last-state,30,3.5__Pendulum-v1__last-state__H30,30,30,resource,all,30,100.0,request_elapsed_seconds,2.6432599764200857,0.751081859299681,,query_sample_ddof1
Pendulum-v1,last-state,5,3.5__Pendulum-v1__last-state__H5,10,10,direction,all,9,90.0,parse_success_rate,90.0,,,
Pendulum-v1,last-state,5,3.5__Pendulum-v1__last-state__H5,10,10,state_value,all,9,90.0,parse_success_rate,90.0,,,
Pendulum-v1,last-state,5,3.5__Pendulum-v1__last-state__H5,10,10,state_delta,all,9,90.0,parse_success_rate,90.0,,,
Pendulum-v1,last-state,5,3.5__Pendulum-v1__last-state__H5,10,10,all_required,all,9,90.0,parse_success_rate,90.0,,,
Pendulum-v1,last-state,5,3.5__Pendulum-v1__last-state__H5,10,10,resource,all,10,100.0,input_tokens,1282.3,2.3118054512532935,,query_sample_ddof1
Pendulum-v1,last-state,5,3.5__Pendulum-v1__last-state__H5,10,10,resource,all,10,100.0,output_tokens,233.6,44.52265340999643,,query_sample_ddof1
Pendulum-v1,last-state,5,3.5__Pendulum-v1__last-state__H5,10,10,resource,all,10,100.0,total_tokens,1515.9,46.09278082785247,,query_sample_ddof1
Pendulum-v1,last-state,5,3.5__Pendulum-v1__last-state__H5,10,10,resource,all,10,100.0,query_elapsed_seconds,2.404238999914378,0.5070452156712616,,query_sample_ddof1
Pendulum-v1,last-state,5,3.5__Pendulum-v1__last-state__H5,10,10,resource,all,10,100.0,request_elapsed_seconds,2.4000624125823378,0.5060874615090772,,query_sample_ddof1
Pendulum-v1,last-state,5,3.5__Pendulum-v1__last-state__H5,20,20,direction,all,18,90.0,parse_success_rate,90.0,,,
Pendulum-v1,last-state,5,3.5__Pendulum-v1__last-state__H5,20,20,state_value,all,18,90.0,parse_success_rate,90.0,,,
Pendulum-v1,last-state,5,3.5__Pendulum-v1__last-state__H5,20,20,state_delta,all,18,90.0,parse_success_rate,90.0,,,
Pendulum-v1,last-state,5,3.5__Pendulum-v1__last-state__H5,20,20,all_required,all,17,85.0,parse_success_rate,85.0,,,
Pendulum-v1,last-state,5,3.5__Pendulum-v1__last-state__H5,20,20,resource,all,20,100.0,input_tokens,1284.25,5.379052939534597,,query_sample_ddof1
Pendulum-v1,last-state,5,3.5__Pendulum-v1__last-state__H5,20,20,resource,all,20,100.0,output_tokens,254.35,68.61507813424409,,query_sample_ddof1
Pendulum-v1,last-state,5,3.5__Pendulum-v1__last-state__H5,20,20,resource,all,20,100.0,total_tokens,1538.6,70.25547365826642,,query_sample_ddof1
Pendulum-v1,last-state,5,3.5__Pendulum-v1__last-state__H5,20,20,resource,all,20,100.0,query_elapsed_seconds,2.4699775584042074,0.607173667490544,,query_sample_ddof1
Pendulum-v1,last-state,5,3.5__Pendulum-v1__last-state__H5,20,20,resource,all,20,100.0,request_elapsed_seconds,2.4660318290931174,0.6066062092631885,,query_sample_ddof1
Pendulum-v1,last-state,5,3.5__Pendulum-v1__last-state__H5,30,30,direction,all,26,86.66666666666667,parse_success_rate,86.66666666666667,,,
Pendulum-v1,last-state,5,3.5__Pendulum-v1__last-state__H5,30,30,state_value,all,27,90.0,parse_success_rate,90.0,,,
Pendulum-v1,last-state,5,3.5__Pendulum-v1__last-state__H5,30,30,state_delta,all,27,90.0,parse_success_rate,90.0,,,
Pendulum-v1,last-state,5,3.5__Pendulum-v1__last-state__H5,30,30,all_required,all,24,80.0,parse_success_rate,80.0,,,
Pendulum-v1,last-state,5,3.5__Pendulum-v1__last-state__H5,30,30,resource,all,30,100.0,input_tokens,1283.2666666666667,5.4705060809407025,,query_sample_ddof1
Pendulum-v1,last-state,5,3.5__Pendulum-v1__last-state__H5,30,30,resource,all,30,100.0,output_tokens,257.0,70.26452482067934,,query_sample_ddof1
Pendulum-v1,last-state,5,3.5__Pendulum-v1__last-state__H5,30,30,resource,all,30,100.0,total_tokens,1540.2666666666667,70.44290098264392,,query_sample_ddof1
Pendulum-v1,last-state,5,3.5__Pendulum-v1__last-state__H5,30,30,resource,all,30,100.0,query_elapsed_seconds,2.5601957903360018,0.9803641106625005,,query_sample_ddof1
Pendulum-v1,last-state,5,3.5__Pendulum-v1__last-state__H5,30,30,resource,all,30,100.0,request_elapsed_seconds,2.5563752082991416,0.9801446435637331,,query_sample_ddof1
Pendulum-v1,next-action,10,3.5__Pendulum-v1__next-action__H10,10,10,action_value,all,9,90.0,parse_success_rate,90.0,,,
Pendulum-v1,next-action,10,3.5__Pendulum-v1__next-action__H10,10,10,action_bin,all,9,90.0,parse_success_rate,90.0,,,
Pendulum-v1,next-action,10,3.5__Pendulum-v1__next-action__H10,10,10,all_required,all,9,90.0,parse_success_rate,90.0,,,
Pendulum-v1,next-action,10,3.5__Pendulum-v1__next-action__H10,10,10,resource,all,10,100.0,input_tokens,1506.7,6.848357467305573,,query_sample_ddof1
Pendulum-v1,next-action,10,3.5__Pendulum-v1__next-action__H10,10,10,resource,all,10,100.0,output_tokens,212.0,31.087689596437436,,query_sample_ddof1
Pendulum-v1,next-action,10,3.5__Pendulum-v1__next-action__H10,10,10,resource,all,10,100.0,total_tokens,1718.7,33.6387673178829,,query_sample_ddof1
Pendulum-v1,next-action,10,3.5__Pendulum-v1__next-action__H10,10,10,resource,all,10,100.0,query_elapsed_seconds,2.133363862684928,0.4714113017556859,,query_sample_ddof1
Pendulum-v1,next-action,10,3.5__Pendulum-v1__next-action__H10,10,10,resource,all,10,100.0,request_elapsed_seconds,2.1296943331952205,0.47139565284529056,,query_sample_ddof1
Pendulum-v1,next-action,10,3.5__Pendulum-v1__next-action__H10,20,20,action_value,all,18,90.0,parse_success_rate,90.0,,,
Pendulum-v1,next-action,10,3.5__Pendulum-v1__next-action__H10,20,20,action_bin,all,19,95.0,parse_success_rate,95.0,,,
Pendulum-v1,next-action,10,3.5__Pendulum-v1__next-action__H10,20,20,all_required,all,18,90.0,parse_success_rate,90.0,,,
Pendulum-v1,next-action,10,3.5__Pendulum-v1__next-action__H10,20,20,resource,all,20,100.0,input_tokens,1507.0,6.890114963520298,,query_sample_ddof1
Pendulum-v1,next-action,10,3.5__Pendulum-v1__next-action__H10,20,20,resource,all,20,100.0,output_tokens,236.85,47.606141797483495,,query_sample_ddof1
Pendulum-v1,next-action,10,3.5__Pendulum-v1__next-action__H10,20,20,resource,all,20,100.0,total_tokens,1743.85,50.47070541673812,,query_sample_ddof1
Pendulum-v1,next-action,10,3.5__Pendulum-v1__next-action__H10,20,20,resource,all,20,100.0,query_elapsed_seconds,2.3378099730354736,0.541468852665955,,query_sample_ddof1
Pendulum-v1,next-action,10,3.5__Pendulum-v1__next-action__H10,20,20,resource,all,20,100.0,request_elapsed_seconds,2.333890587388305,0.5412677280722669,,query_sample_ddof1
Pendulum-v1,next-action,10,3.5__Pendulum-v1__next-action__H10,30,30,action_value,all,27,90.0,parse_success_rate,90.0,,,
Pendulum-v1,next-action,10,3.5__Pendulum-v1__next-action__H10,30,30,action_bin,all,29,96.66666666666667,parse_success_rate,96.66666666666667,,,
Pendulum-v1,next-action,10,3.5__Pendulum-v1__next-action__H10,30,30,all_required,all,27,90.0,parse_success_rate,90.0,,,
Pendulum-v1,next-action,10,3.5__Pendulum-v1__next-action__H10,30,30,resource,all,30,100.0,input_tokens,1505.4333333333334,7.122975614811231,,query_sample_ddof1
Pendulum-v1,next-action,10,3.5__Pendulum-v1__next-action__H10,30,30,resource,all,30,100.0,output_tokens,242.3,59.038940977325616,,query_sample_ddof1
Pendulum-v1,next-action,10,3.5__Pendulum-v1__next-action__H10,30,30,resource,all,30,100.0,total_tokens,1747.7333333333333,61.899213594989725,,query_sample_ddof1
Pendulum-v1,next-action,10,3.5__Pendulum-v1__next-action__H10,30,30,resource,all,30,100.0,query_elapsed_seconds,2.350620227792145,0.5473091994978163,,query_sample_ddof1
Pendulum-v1,next-action,10,3.5__Pendulum-v1__next-action__H10,30,30,resource,all,30,100.0,request_elapsed_seconds,2.3467876846863267,0.5473296042583983,,query_sample_ddof1
Pendulum-v1,next-action,20,3.5__Pendulum-v1__next-action__H20,10,10,action_value,all,10,100.0,parse_success_rate,100.0,,,
Pendulum-v1,next-action,20,3.5__Pendulum-v1__next-action__H20,10,10,action_bin,all,10,100.0,parse_success_rate,100.0,,,
Pendulum-v1,next-action,20,3.5__Pendulum-v1__next-action__H20,10,10,all_required,all,10,100.0,parse_success_rate,100.0,,,
Pendulum-v1,next-action,20,3.5__Pendulum-v1__next-action__H20,10,10,resource,all,10,100.0,input_tokens,1951.0,8.55050355892044,,query_sample_ddof1
Pendulum-v1,next-action,20,3.5__Pendulum-v1__next-action__H20,10,10,resource,all,10,100.0,output_tokens,199.3,45.490047751617546,,query_sample_ddof1
Pendulum-v1,next-action,20,3.5__Pendulum-v1__next-action__H20,10,10,resource,all,10,100.0,total_tokens,2150.3,48.48608047677189,,query_sample_ddof1
Pendulum-v1,next-action,20,3.5__Pendulum-v1__next-action__H20,10,10,resource,all,10,100.0,query_elapsed_seconds,2.32790866260184,0.6083635587444265,,query_sample_ddof1
Pendulum-v1,next-action,20,3.5__Pendulum-v1__next-action__H20,10,10,resource,all,10,100.0,request_elapsed_seconds,2.324142325075809,0.6081607185620955,,query_sample_ddof1
Pendulum-v1,next-action,20,3.5__Pendulum-v1__next-action__H20,20,20,action_value,all,20,100.0,parse_success_rate,100.0,,,
Pendulum-v1,next-action,20,3.5__Pendulum-v1__next-action__H20,20,20,action_bin,all,20,100.0,parse_success_rate,100.0,,,
Pendulum-v1,next-action,20,3.5__Pendulum-v1__next-action__H20,20,20,all_required,all,20,100.0,parse_success_rate,100.0,,,
Pendulum-v1,next-action,20,3.5__Pendulum-v1__next-action__H20,20,20,resource,all,20,100.0,input_tokens,1951.55,7.591373220203381,,query_sample_ddof1
Pendulum-v1,next-action,20,3.5__Pendulum-v1__next-action__H20,20,20,resource,all,20,100.0,output_tokens,197.75,36.805141231255064,,query_sample_ddof1
Pendulum-v1,next-action,20,3.5__Pendulum-v1__next-action__H20,20,20,resource,all,20,100.0,total_tokens,2149.3,39.370173054176306,,query_sample_ddof1
Pendulum-v1,next-action,20,3.5__Pendulum-v1__next-action__H20,20,20,resource,all,20,100.0,query_elapsed_seconds,2.284049268945819,0.5992713155480186,,query_sample_ddof1
Pendulum-v1,next-action,20,3.5__Pendulum-v1__next-action__H20,20,20,resource,all,20,100.0,request_elapsed_seconds,2.2802145603927784,0.5991247256914298,,query_sample_ddof1
Pendulum-v1,next-action,20,3.5__Pendulum-v1__next-action__H20,30,30,action_value,all,30,100.0,parse_success_rate,100.0,,,
Pendulum-v1,next-action,20,3.5__Pendulum-v1__next-action__H20,30,30,action_bin,all,30,100.0,parse_success_rate,100.0,,,
Pendulum-v1,next-action,20,3.5__Pendulum-v1__next-action__H20,30,30,all_required,all,30,100.0,parse_success_rate,100.0,,,
Pendulum-v1,next-action,20,3.5__Pendulum-v1__next-action__H20,30,30,resource,all,30,100.0,input_tokens,1952.4,7.573092112072257,,query_sample_ddof1
Pendulum-v1,next-action,20,3.5__Pendulum-v1__next-action__H20,30,30,resource,all,30,100.0,output_tokens,201.1,41.28233320056849,,query_sample_ddof1
Pendulum-v1,next-action,20,3.5__Pendulum-v1__next-action__H20,30,30,resource,all,30,100.0,total_tokens,2153.5,43.638602019392145,,query_sample_ddof1
Pendulum-v1,next-action,20,3.5__Pendulum-v1__next-action__H20,30,30,resource,all,30,100.0,query_elapsed_seconds,2.2486968988358664,0.5054166545848072,,query_sample_ddof1
Pendulum-v1,next-action,20,3.5__Pendulum-v1__next-action__H20,30,30,resource,all,30,100.0,request_elapsed_seconds,2.244840802795564,0.5053217088885744,,query_sample_ddof1
Pendulum-v1,next-action,30,3.5__Pendulum-v1__next-action__H30,10,10,action_value,all,10,100.0,parse_success_rate,100.0,,,
Pendulum-v1,next-action,30,3.5__Pendulum-v1__next-action__H30,10,10,action_bin,all,10,100.0,parse_success_rate,100.0,,,
Pendulum-v1,next-action,30,3.5__Pendulum-v1__next-action__H30,10,10,all_required,all,10,100.0,parse_success_rate,100.0,,,
Pendulum-v1,next-action,30,3.5__Pendulum-v1__next-action__H30,10,10,resource,all,10,100.0,input_tokens,2396.8,4.917090377222873,,query_sample_ddof1
Pendulum-v1,next-action,30,3.5__Pendulum-v1__next-action__H30,10,10,resource,all,10,100.0,output_tokens,189.6,30.543957394766863,,query_sample_ddof1
Pendulum-v1,next-action,30,3.5__Pendulum-v1__next-action__H30,10,10,resource,all,10,100.0,total_tokens,2586.4,33.810583484399615,,query_sample_ddof1
Pendulum-v1,next-action,30,3.5__Pendulum-v1__next-action__H30,10,10,resource,all,10,100.0,query_elapsed_seconds,2.1408819830743595,0.36672143204653235,,query_sample_ddof1
Pendulum-v1,next-action,30,3.5__Pendulum-v1__next-action__H30,10,10,resource,all,10,100.0,request_elapsed_seconds,2.1372517541050913,0.3668496229866237,,query_sample_ddof1
Pendulum-v1,next-action,30,3.5__Pendulum-v1__next-action__H30,20,20,action_value,all,20,100.0,parse_success_rate,100.0,,,
Pendulum-v1,next-action,30,3.5__Pendulum-v1__next-action__H30,20,20,action_bin,all,20,100.0,parse_success_rate,100.0,,,
Pendulum-v1,next-action,30,3.5__Pendulum-v1__next-action__H30,20,20,all_required,all,20,100.0,parse_success_rate,100.0,,,
Pendulum-v1,next-action,30,3.5__Pendulum-v1__next-action__H30,20,20,resource,all,20,100.0,input_tokens,2397.55,4.382681226925146,,query_sample_ddof1
Pendulum-v1,next-action,30,3.5__Pendulum-v1__next-action__H30,20,20,resource,all,20,100.0,output_tokens,184.25,33.448900540502386,,query_sample_ddof1
Pendulum-v1,next-action,30,3.5__Pendulum-v1__next-action__H30,20,20,resource,all,20,100.0,total_tokens,2581.8,34.37808359375123,,query_sample_ddof1
Pendulum-v1,next-action,30,3.5__Pendulum-v1__next-action__H30,20,20,resource,all,20,100.0,query_elapsed_seconds,1.9996921374229715,0.33094719143181545,,query_sample_ddof1
Pendulum-v1,next-action,30,3.5__Pendulum-v1__next-action__H30,20,20,resource,all,20,100.0,request_elapsed_seconds,1.995997845788952,0.33101634262770363,,query_sample_ddof1
Pendulum-v1,next-action,30,3.5__Pendulum-v1__next-action__H30,30,30,action_value,all,30,100.0,parse_success_rate,100.0,,,
Pendulum-v1,next-action,30,3.5__Pendulum-v1__next-action__H30,30,30,action_bin,all,30,100.0,parse_success_rate,100.0,,,
Pendulum-v1,next-action,30,3.5__Pendulum-v1__next-action__H30,30,30,all_required,all,30,100.0,parse_success_rate,100.0,,,
Pendulum-v1,next-action,30,3.5__Pendulum-v1__next-action__H30,30,30,resource,all,30,100.0,input_tokens,2397.766666666667,3.927650287590431,,query_sample_ddof1
Pendulum-v1,next-action,30,3.5__Pendulum-v1__next-action__H30,30,30,resource,all,30,100.0,output_tokens,181.83333333333334,34.113485384191854,,query_sample_ddof1
Pendulum-v1,next-action,30,3.5__Pendulum-v1__next-action__H30,30,30,resource,all,30,100.0,total_tokens,2579.6,34.98433146818533,,query_sample_ddof1
Pendulum-v1,next-action,30,3.5__Pendulum-v1__next-action__H30,30,30,resource,all,30,100.0,query_elapsed_seconds,2.023073809714212,0.3604323087215032,,query_sample_ddof1
Pendulum-v1,next-action,30,3.5__Pendulum-v1__next-action__H30,30,30,resource,all,30,100.0,request_elapsed_seconds,2.0193789013971886,0.3603924431805299,,query_sample_ddof1
Pendulum-v1,next-action,5,3.5__Pendulum-v1__next-action__H5,10,10,action_value,all,9,90.0,parse_success_rate,90.0,,,
Pendulum-v1,next-action,5,3.5__Pendulum-v1__next-action__H5,10,10,action_bin,all,10,100.0,parse_success_rate,100.0,,,
Pendulum-v1,next-action,5,3.5__Pendulum-v1__next-action__H5,10,10,all_required,all,9,90.0,parse_success_rate,90.0,,,
Pendulum-v1,next-action,5,3.5__Pendulum-v1__next-action__H5,10,10,resource,all,10,100.0,input_tokens,1282.0,4.371625682868,,query_sample_ddof1
Pendulum-v1,next-action,5,3.5__Pendulum-v1__next-action__H5,10,10,resource,all,10,100.0,output_tokens,226.6,61.61385125656947,,query_sample_ddof1
Pendulum-v1,next-action,5,3.5__Pendulum-v1__next-action__H5,10,10,resource,all,10,100.0,total_tokens,1508.6,63.2529314208704,,query_sample_ddof1
Pendulum-v1,next-action,5,3.5__Pendulum-v1__next-action__H5,10,10,resource,all,10,100.0,query_elapsed_seconds,2.407105295814108,0.3421954236927033,,query_sample_ddof1
Pendulum-v1,next-action,5,3.5__Pendulum-v1__next-action__H5,10,10,resource,all,10,100.0,request_elapsed_seconds,2.403143912507221,0.342293974974984,,query_sample_ddof1
Pendulum-v1,next-action,5,3.5__Pendulum-v1__next-action__H5,20,20,action_value,all,17,85.0,parse_success_rate,85.0,,,
Pendulum-v1,next-action,5,3.5__Pendulum-v1__next-action__H5,20,20,action_bin,all,20,100.0,parse_success_rate,100.0,,,
Pendulum-v1,next-action,5,3.5__Pendulum-v1__next-action__H5,20,20,all_required,all,17,85.0,parse_success_rate,85.0,,,
Pendulum-v1,next-action,5,3.5__Pendulum-v1__next-action__H5,20,20,resource,all,20,100.0,input_tokens,1283.1,5.240530306632797,,query_sample_ddof1
Pendulum-v1,next-action,5,3.5__Pendulum-v1__next-action__H5,20,20,resource,all,20,100.0,output_tokens,217.35,50.44254156959183,,query_sample_ddof1
Pendulum-v1,next-action,5,3.5__Pendulum-v1__next-action__H5,20,20,resource,all,20,100.0,total_tokens,1500.45,50.98345965011336,,query_sample_ddof1
Pendulum-v1,next-action,5,3.5__Pendulum-v1__next-action__H5,20,20,resource,all,20,100.0,query_elapsed_seconds,2.201377581153065,0.4342509040859369,,query_sample_ddof1
Pendulum-v1,next-action,5,3.5__Pendulum-v1__next-action__H5,20,20,resource,all,20,100.0,request_elapsed_seconds,2.1976085416448767,0.434085071182946,,query_sample_ddof1
Pendulum-v1,next-action,5,3.5__Pendulum-v1__next-action__H5,30,30,action_value,all,27,90.0,parse_success_rate,90.0,,,
Pendulum-v1,next-action,5,3.5__Pendulum-v1__next-action__H5,30,30,action_bin,all,30,100.0,parse_success_rate,100.0,,,
Pendulum-v1,next-action,5,3.5__Pendulum-v1__next-action__H5,30,30,all_required,all,27,90.0,parse_success_rate,90.0,,,
Pendulum-v1,next-action,5,3.5__Pendulum-v1__next-action__H5,30,30,resource,all,30,100.0,input_tokens,1282.0666666666666,5.464199050580771,,query_sample_ddof1
Pendulum-v1,next-action,5,3.5__Pendulum-v1__next-action__H5,30,30,resource,all,30,100.0,output_tokens,211.43333333333334,46.67472426332555,,query_sample_ddof1
Pendulum-v1,next-action,5,3.5__Pendulum-v1__next-action__H5,30,30,resource,all,30,100.0,total_tokens,1493.5,46.6614734384618,,query_sample_ddof1
Pendulum-v1,next-action,5,3.5__Pendulum-v1__next-action__H5,30,30,resource,all,30,100.0,query_elapsed_seconds,2.2103444124610783,0.43361431889582575,,query_sample_ddof1
Pendulum-v1,next-action,5,3.5__Pendulum-v1__next-action__H5,30,30,resource,all,30,100.0,request_elapsed_seconds,2.2065408610583592,0.4334446080727515,,query_sample_ddof1
Pendulum-v1,next-state,10,3.5__Pendulum-v1__next-state__H10,10,10,direction,all,10,100.0,parse_success_rate,100.0,,,
Pendulum-v1,next-state,10,3.5__Pendulum-v1__next-state__H10,10,10,state_value,all,8,80.0,parse_success_rate,80.0,,,
Pendulum-v1,next-state,10,3.5__Pendulum-v1__next-state__H10,10,10,state_delta,all,7,70.0,parse_success_rate,70.0,,,
Pendulum-v1,next-state,10,3.5__Pendulum-v1__next-state__H10,10,10,all_required,all,7,70.0,parse_success_rate,70.0,,,
Pendulum-v1,next-state,10,3.5__Pendulum-v1__next-state__H10,10,10,resource,all,10,100.0,input_tokens,1511.5,10.036046144883064,,query_sample_ddof1
Pendulum-v1,next-state,10,3.5__Pendulum-v1__next-state__H10,10,10,resource,all,10,100.0,output_tokens,256.5,37.44403230897489,,query_sample_ddof1
Pendulum-v1,next-state,10,3.5__Pendulum-v1__next-state__H10,10,10,resource,all,10,100.0,total_tokens,1768.0,40.39251855920296,,query_sample_ddof1
Pendulum-v1,next-state,10,3.5__Pendulum-v1__next-state__H10,10,10,resource,all,10,100.0,query_elapsed_seconds,2.56242848749971,0.6041547421568759,,query_sample_ddof1
Pendulum-v1,next-state,10,3.5__Pendulum-v1__next-state__H10,10,10,resource,all,10,100.0,request_elapsed_seconds,2.558651104208548,0.604108671105745,,query_sample_ddof1
Pendulum-v1,next-state,10,3.5__Pendulum-v1__next-state__H10,20,20,direction,all,19,95.0,parse_success_rate,95.0,,,
Pendulum-v1,next-state,10,3.5__Pendulum-v1__next-state__H10,20,20,state_value,all,18,90.0,parse_success_rate,90.0,,,
Pendulum-v1,next-state,10,3.5__Pendulum-v1__next-state__H10,20,20,state_delta,all,17,85.0,parse_success_rate,85.0,,,
Pendulum-v1,next-state,10,3.5__Pendulum-v1__next-state__H10,20,20,all_required,all,16,80.0,parse_success_rate,80.0,,,
Pendulum-v1,next-state,10,3.5__Pendulum-v1__next-state__H10,20,20,resource,all,20,100.0,input_tokens,1512.45,8.531520503712288,,query_sample_ddof1
Pendulum-v1,next-state,10,3.5__Pendulum-v1__next-state__H10,20,20,resource,all,20,100.0,output_tokens,261.9,44.86576469988295,,query_sample_ddof1
Pendulum-v1,next-state,10,3.5__Pendulum-v1__next-state__H10,20,20,resource,all,20,100.0,total_tokens,1774.35,46.46818379561609,,query_sample_ddof1
Pendulum-v1,next-state,10,3.5__Pendulum-v1__next-state__H10,20,20,resource,all,20,100.0,query_elapsed_seconds,2.523850970948115,0.5197095428189282,,query_sample_ddof1
Pendulum-v1,next-state,10,3.5__Pendulum-v1__next-state__H10,20,20,resource,all,20,100.0,request_elapsed_seconds,2.519970616750652,0.5196520345018298,,query_sample_ddof1
Pendulum-v1,next-state,10,3.5__Pendulum-v1__next-state__H10,30,30,direction,all,29,96.66666666666667,parse_success_rate,96.66666666666667,,,
Pendulum-v1,next-state,10,3.5__Pendulum-v1__next-state__H10,30,30,state_value,all,28,93.33333333333333,parse_success_rate,93.33333333333333,,,
Pendulum-v1,next-state,10,3.5__Pendulum-v1__next-state__H10,30,30,state_delta,all,25,83.33333333333333,parse_success_rate,83.33333333333333,,,
Pendulum-v1,next-state,10,3.5__Pendulum-v1__next-state__H10,30,30,all_required,all,24,80.0,parse_success_rate,80.0,,,
Pendulum-v1,next-state,10,3.5__Pendulum-v1__next-state__H10,30,30,resource,all,30,100.0,input_tokens,1509.4,8.841906488129558,,query_sample_ddof1
Pendulum-v1,next-state,10,3.5__Pendulum-v1__next-state__H10,30,30,resource,all,30,100.0,output_tokens,260.7,48.05395674261059,,query_sample_ddof1
Pendulum-v1,next-state,10,3.5__Pendulum-v1__next-state__H10,30,30,resource,all,30,100.0,total_tokens,1770.1,48.55309926540078,,query_sample_ddof1
Pendulum-v1,next-state,10,3.5__Pendulum-v1__next-state__H10,30,30,resource,all,30,100.0,query_elapsed_seconds,2.592063084729792,0.5383539858771613,,query_sample_ddof1
Pendulum-v1,next-state,10,3.5__Pendulum-v1__next-state__H10,30,30,resource,all,30,100.0,request_elapsed_seconds,2.5882110347622076,0.5384583588452596,,query_sample_ddof1
Pendulum-v1,next-state,20,3.5__Pendulum-v1__next-state__H20,10,10,direction,all,10,100.0,parse_success_rate,100.0,,,
Pendulum-v1,next-state,20,3.5__Pendulum-v1__next-state__H20,10,10,state_value,all,10,100.0,parse_success_rate,100.0,,,
Pendulum-v1,next-state,20,3.5__Pendulum-v1__next-state__H20,10,10,state_delta,all,10,100.0,parse_success_rate,100.0,,,
Pendulum-v1,next-state,20,3.5__Pendulum-v1__next-state__H20,10,10,all_required,all,10,100.0,parse_success_rate,100.0,,,
Pendulum-v1,next-state,20,3.5__Pendulum-v1__next-state__H20,10,10,resource,all,10,100.0,input_tokens,1957.5,9.9135149053087,,query_sample_ddof1
Pendulum-v1,next-state,20,3.5__Pendulum-v1__next-state__H20,10,10,resource,all,10,100.0,output_tokens,236.5,36.59158980482324,,query_sample_ddof1
Pendulum-v1,next-state,20,3.5__Pendulum-v1__next-state__H20,10,10,resource,all,10,100.0,total_tokens,2194.0,34.13372395609819,,query_sample_ddof1
Pendulum-v1,next-state,20,3.5__Pendulum-v1__next-state__H20,10,10,resource,all,10,100.0,query_elapsed_seconds,2.2629225457902065,0.3813229386219463,,query_sample_ddof1
Pendulum-v1,next-state,20,3.5__Pendulum-v1__next-state__H20,10,10,resource,all,10,100.0,request_elapsed_seconds,2.2593284415779635,0.38129318440561344,,query_sample_ddof1
Pendulum-v1,next-state,20,3.5__Pendulum-v1__next-state__H20,20,20,direction,all,18,90.0,parse_success_rate,90.0,,,
Pendulum-v1,next-state,20,3.5__Pendulum-v1__next-state__H20,20,20,state_value,all,19,95.0,parse_success_rate,95.0,,,
Pendulum-v1,next-state,20,3.5__Pendulum-v1__next-state__H20,20,20,state_delta,all,18,90.0,parse_success_rate,90.0,,,
Pendulum-v1,next-state,20,3.5__Pendulum-v1__next-state__H20,20,20,all_required,all,17,85.0,parse_success_rate,85.0,,,
Pendulum-v1,next-state,20,3.5__Pendulum-v1__next-state__H20,20,20,resource,all,20,100.0,input_tokens,1957.4,8.248763862734702,,query_sample_ddof1
Pendulum-v1,next-state,20,3.5__Pendulum-v1__next-state__H20,20,20,resource,all,20,100.0,output_tokens,238.4,47.64385419028631,,query_sample_ddof1
Pendulum-v1,next-state,20,3.5__Pendulum-v1__next-state__H20,20,20,resource,all,20,100.0,total_tokens,2195.8,49.022658563480405,,query_sample_ddof1
Pendulum-v1,next-state,20,3.5__Pendulum-v1__next-state__H20,20,20,resource,all,20,100.0,query_elapsed_seconds,2.3348873396054843,0.3761452330039151,,query_sample_ddof1
Pendulum-v1,next-state,20,3.5__Pendulum-v1__next-state__H20,20,20,resource,all,20,100.0,request_elapsed_seconds,2.3313355978869366,0.3761841539372654,,query_sample_ddof1
Pendulum-v1,next-state,20,3.5__Pendulum-v1__next-state__H20,30,30,direction,all,28,93.33333333333333,parse_success_rate,93.33333333333333,,,
Pendulum-v1,next-state,20,3.5__Pendulum-v1__next-state__H20,30,30,state_value,all,27,90.0,parse_success_rate,90.0,,,
Pendulum-v1,next-state,20,3.5__Pendulum-v1__next-state__H20,30,30,state_delta,all,24,80.0,parse_success_rate,80.0,,,
Pendulum-v1,next-state,20,3.5__Pendulum-v1__next-state__H20,30,30,all_required,all,23,76.66666666666667,parse_success_rate,76.66666666666667,,,
Pendulum-v1,next-state,20,3.5__Pendulum-v1__next-state__H20,30,30,resource,all,30,100.0,input_tokens,1956.8,8.90331205323285,,query_sample_ddof1
Pendulum-v1,next-state,20,3.5__Pendulum-v1__next-state__H20,30,30,resource,all,30,100.0,output_tokens,244.8,46.260432187852466,,query_sample_ddof1
Pendulum-v1,next-state,20,3.5__Pendulum-v1__next-state__H20,30,30,resource,all,30,100.0,total_tokens,2201.6,47.85581793622201,,query_sample_ddof1
Pendulum-v1,next-state,20,3.5__Pendulum-v1__next-state__H20,30,30,resource,all,30,100.0,query_elapsed_seconds,2.384519006862926,0.5606143129956453,,query_sample_ddof1
Pendulum-v1,next-state,20,3.5__Pendulum-v1__next-state__H20,30,30,resource,all,30,100.0,request_elapsed_seconds,2.3809806651940257,0.5607164684858739,,query_sample_ddof1
Pendulum-v1,next-state,30,3.5__Pendulum-v1__next-state__H30,10,10,direction,all,10,100.0,parse_success_rate,100.0,,,
Pendulum-v1,next-state,30,3.5__Pendulum-v1__next-state__H30,10,10,state_value,all,10,100.0,parse_success_rate,100.0,,,
Pendulum-v1,next-state,30,3.5__Pendulum-v1__next-state__H30,10,10,state_delta,all,10,100.0,parse_success_rate,100.0,,,
Pendulum-v1,next-state,30,3.5__Pendulum-v1__next-state__H30,10,10,all_required,all,10,100.0,parse_success_rate,100.0,,,
Pendulum-v1,next-state,30,3.5__Pendulum-v1__next-state__H30,10,10,resource,all,10,100.0,input_tokens,2401.7,5.250396810400779,,query_sample_ddof1
Pendulum-v1,next-state,30,3.5__Pendulum-v1__next-state__H30,10,10,resource,all,10,100.0,output_tokens,257.1,60.16542011635735,,query_sample_ddof1
Pendulum-v1,next-state,30,3.5__Pendulum-v1__next-state__H30,10,10,resource,all,10,100.0,total_tokens,2658.8,60.28598510433415,,query_sample_ddof1
Pendulum-v1,next-state,30,3.5__Pendulum-v1__next-state__H30,10,10,resource,all,10,100.0,query_elapsed_seconds,2.843068641575519,0.7041267337313354,,query_sample_ddof1
Pendulum-v1,next-state,30,3.5__Pendulum-v1__next-state__H30,10,10,resource,all,10,100.0,request_elapsed_seconds,2.838492741796654,0.7047041872050248,,query_sample_ddof1
Pendulum-v1,next-state,30,3.5__Pendulum-v1__next-state__H30,20,20,direction,all,20,100.0,parse_success_rate,100.0,,,
Pendulum-v1,next-state,30,3.5__Pendulum-v1__next-state__H30,20,20,state_value,all,17,85.0,parse_success_rate,85.0,,,
Pendulum-v1,next-state,30,3.5__Pendulum-v1__next-state__H30,20,20,state_delta,all,17,85.0,parse_success_rate,85.0,,,
Pendulum-v1,next-state,30,3.5__Pendulum-v1__next-state__H30,20,20,all_required,all,17,85.0,parse_success_rate,85.0,,,
Pendulum-v1,next-state,30,3.5__Pendulum-v1__next-state__H30,20,20,resource,all,20,100.0,input_tokens,2402.05,5.062504061076993,,query_sample_ddof1
Pendulum-v1,next-state,30,3.5__Pendulum-v1__next-state__H30,20,20,resource,all,20,100.0,output_tokens,236.85,47.36896052324383,,query_sample_ddof1
Pendulum-v1,next-state,30,3.5__Pendulum-v1__next-state__H30,20,20,resource,all,20,100.0,total_tokens,2638.9,47.49393313056444,,query_sample_ddof1
Pendulum-v1,next-state,30,3.5__Pendulum-v1__next-state__H30,20,20,resource,all,20,100.0,query_elapsed_seconds,2.6333907164807897,0.6109564685012054,,query_sample_ddof1
Pendulum-v1,next-state,30,3.5__Pendulum-v1__next-state__H30,20,20,resource,all,20,100.0,request_elapsed_seconds,2.629219073045533,0.6110754654604954,,query_sample_ddof1
Pendulum-v1,next-state,30,3.5__Pendulum-v1__next-state__H30,30,30,direction,all,30,100.0,parse_success_rate,100.0,,,
Pendulum-v1,next-state,30,3.5__Pendulum-v1__next-state__H30,30,30,state_value,all,26,86.66666666666667,parse_success_rate,86.66666666666667,,,
Pendulum-v1,next-state,30,3.5__Pendulum-v1__next-state__H30,30,30,state_delta,all,26,86.66666666666667,parse_success_rate,86.66666666666667,,,
Pendulum-v1,next-state,30,3.5__Pendulum-v1__next-state__H30,30,30,all_required,all,26,86.66666666666667,parse_success_rate,86.66666666666667,,,
Pendulum-v1,next-state,30,3.5__Pendulum-v1__next-state__H30,30,30,resource,all,30,100.0,input_tokens,2401.8,4.574290975772583,,query_sample_ddof1
Pendulum-v1,next-state,30,3.5__Pendulum-v1__next-state__H30,30,30,resource,all,30,100.0,output_tokens,233.3,42.71004888620556,,query_sample_ddof1
Pendulum-v1,next-state,30,3.5__Pendulum-v1__next-state__H30,30,30,resource,all,30,100.0,total_tokens,2635.1,43.109603698416,,query_sample_ddof1
Pendulum-v1,next-state,30,3.5__Pendulum-v1__next-state__H30,30,30,resource,all,30,100.0,query_elapsed_seconds,2.6571881943188296,0.6152331952109629,,query_sample_ddof1
Pendulum-v1,next-state,30,3.5__Pendulum-v1__next-state__H30,30,30,resource,all,30,100.0,request_elapsed_seconds,2.653124404225188,0.6152886118252276,,query_sample_ddof1
Pendulum-v1,next-state,5,3.5__Pendulum-v1__next-state__H5,10,10,direction,all,9,90.0,parse_success_rate,90.0,,,
Pendulum-v1,next-state,5,3.5__Pendulum-v1__next-state__H5,10,10,state_value,all,8,80.0,parse_success_rate,80.0,,,
Pendulum-v1,next-state,5,3.5__Pendulum-v1__next-state__H5,10,10,state_delta,all,8,80.0,parse_success_rate,80.0,,,
Pendulum-v1,next-state,5,3.5__Pendulum-v1__next-state__H5,10,10,all_required,all,7,70.0,parse_success_rate,70.0,,,
Pendulum-v1,next-state,5,3.5__Pendulum-v1__next-state__H5,10,10,resource,all,10,100.0,input_tokens,1287.5,9.119576013536301,,query_sample_ddof1
Pendulum-v1,next-state,5,3.5__Pendulum-v1__next-state__H5,10,10,resource,all,10,100.0,output_tokens,241.6,40.30219183452268,,query_sample_ddof1
Pendulum-v1,next-state,5,3.5__Pendulum-v1__next-state__H5,10,10,resource,all,10,100.0,total_tokens,1529.1,38.89144436048171,,query_sample_ddof1
Pendulum-v1,next-state,5,3.5__Pendulum-v1__next-state__H5,10,10,resource,all,10,100.0,query_elapsed_seconds,2.3265255208825693,0.5076548814938385,,query_sample_ddof1
Pendulum-v1,next-state,5,3.5__Pendulum-v1__next-state__H5,10,10,resource,all,10,100.0,request_elapsed_seconds,2.322602716612164,0.5079145686377551,,query_sample_ddof1
Pendulum-v1,next-state,5,3.5__Pendulum-v1__next-state__H5,20,20,direction,all,17,85.0,parse_success_rate,85.0,,,
Pendulum-v1,next-state,5,3.5__Pendulum-v1__next-state__H5,20,20,state_value,all,16,80.0,parse_success_rate,80.0,,,
Pendulum-v1,next-state,5,3.5__Pendulum-v1__next-state__H5,20,20,state_delta,all,15,75.0,parse_success_rate,75.0,,,
Pendulum-v1,next-state,5,3.5__Pendulum-v1__next-state__H5,20,20,all_required,all,13,65.0,parse_success_rate,65.0,,,
Pendulum-v1,next-state,5,3.5__Pendulum-v1__next-state__H5,20,20,resource,all,20,100.0,input_tokens,1286.8,8.544619729150588,,query_sample_ddof1
Pendulum-v1,next-state,5,3.5__Pendulum-v1__next-state__H5,20,20,resource,all,20,100.0,output_tokens,262.5,51.55017994761588,,query_sample_ddof1
Pendulum-v1,next-state,5,3.5__Pendulum-v1__next-state__H5,20,20,resource,all,20,100.0,total_tokens,1549.3,52.05068380156524,,query_sample_ddof1
Pendulum-v1,next-state,5,3.5__Pendulum-v1__next-state__H5,20,20,resource,all,20,100.0,query_elapsed_seconds,2.4406007584242615,0.5326974567019761,,query_sample_ddof1
Pendulum-v1,next-state,5,3.5__Pendulum-v1__next-state__H5,20,20,resource,all,20,100.0,request_elapsed_seconds,2.436730181204621,0.5329169749272115,,query_sample_ddof1
Pendulum-v1,next-state,5,3.5__Pendulum-v1__next-state__H5,30,30,direction,all,26,86.66666666666667,parse_success_rate,86.66666666666667,,,
Pendulum-v1,next-state,5,3.5__Pendulum-v1__next-state__H5,30,30,state_value,all,23,76.66666666666667,parse_success_rate,76.66666666666667,,,
Pendulum-v1,next-state,5,3.5__Pendulum-v1__next-state__H5,30,30,state_delta,all,22,73.33333333333333,parse_success_rate,73.33333333333333,,,
Pendulum-v1,next-state,5,3.5__Pendulum-v1__next-state__H5,30,30,all_required,all,19,63.333333333333336,parse_success_rate,63.333333333333336,,,
Pendulum-v1,next-state,5,3.5__Pendulum-v1__next-state__H5,30,30,resource,all,30,100.0,input_tokens,1285.9333333333334,7.615471246012986,,query_sample_ddof1
Pendulum-v1,next-state,5,3.5__Pendulum-v1__next-state__H5,30,30,resource,all,30,100.0,output_tokens,274.76666666666665,58.04438452350617,,query_sample_ddof1
Pendulum-v1,next-state,5,3.5__Pendulum-v1__next-state__H5,30,30,resource,all,30,100.0,total_tokens,1560.7,57.87808232649992,,query_sample_ddof1
Pendulum-v1,next-state,5,3.5__Pendulum-v1__next-state__H5,30,30,resource,all,30,100.0,query_elapsed_seconds,2.4930561472855817,0.5571606133350998,,query_sample_ddof1
Pendulum-v1,next-state,5,3.5__Pendulum-v1__next-state__H5,30,30,resource,all,30,100.0,request_elapsed_seconds,2.488954713944501,0.5573262229214226,,query_sample_ddof1
