query_id,condition_id,task,metric,H,ordinal,query_index,episode_path,source_line,source_records,source_run,response_sha256,all_required,input_tokens,output_tokens,total_tokens,query_elapsed_seconds,request_elapsed_seconds,gt_action_value,gt_action,action_value,action_ok,action_error,action_value_value,action_value_ok,action_value_error,action_bin_value,action_bin_ok,action_bin_error,direction_value,direction_ok,direction_error,state_value_value,state_value_ok,state_value_error,state_delta_value,state_delta_ok,state_delta_error,early,late,gt_direction,gt_state_value,gt_state_delta,gt_action_bin,theta_from_state_value,gt_delta_theta,theta_from_state_value_error,theta_from_state_delta,theta_from_state_delta_error
97dbe00fb5d45c00fe12f82e0c5dcf7ce89dce47e5cae295b1fe6841c8890db4,3.5__MountainCar-v0__next-action__H5,MountainCar-v0,next-action,5,0,5,data/llmx_data/offline_data/physics_data/raw_transitions/MountainCar-v0/episodes/episode_0.npz,1,experiments/03_1_gpt35_history_n30_joint/results/records.jsonl,experiments/03_1_gpt35_history_n30_joint/results/runs/3.5__MountainCar-v0__next-action__H5/episode_000/predictions.jsonl,8f19aecd7337c72e65c53662911a71193e9d702362a0e1cfd5a91edabf7edae5,True,748,118,866,3.025713875074871,2.7827828340232372,[2.0],[2],[2],True,,,False,not_applicable,,False,not_applicable,,False,not_applicable,,False,not_applicable,,False,not_applicable,,,,,,,,,,,
a8ad006eb1e741de9d51f18e68c7f53d6a817cbff24bf61d56b06ddb89aa9c09,3.5__MountainCar-v0__next-action__H5,MountainCar-v0,next-action,5,1,6,data/llmx_data/offline_data/physics_data/raw_transitions/MountainCar-v0/episodes/episode_0.npz,2,experiments/03_1_gpt35_history_n30_joint/results/records.jsonl,experiments/03_1_gpt35_history_n30_joint/results/runs/3.5__MountainCar-v0__next-action__H5/episode_000/predictions.jsonl,e8ac7a70f9ffec1c42847ad59bcc72a5a62166ed553872b6f04cee758b7c870b,True,749,136,885,1.6213525829371065,1.61752329103183,[2.0],[2],[2],True,,,False,not_applicable,,False,not_applicable,,False,not_applicable,,False,not_applicable,,False,not_applicable,,,,,,,,,,,
1221f252b8104e113fa6ad37c897edbf38299c2f6592b22065145bc5d0ac5568,3.5__MountainCar-v0__next-action__H5,MountainCar-v0,next-action,5,2,7,data/llmx_data/offline_data/physics_data/raw_transitions/MountainCar-v0/episodes/episode_0.npz,3,experiments/03_1_gpt35_history_n30_joint/results/records.jsonl,experiments/03_1_gpt35_history_n30_joint/results/runs/3.5__MountainCar-v0__next-action__H5/episode_000/predictions.jsonl,b845e731bd50856cdbf80e8f4f60baa531ad2e9247e59b6507c169799c6d8bb4,True,749,154,903,1.7219142919639125,1.7190521250013262,[2.0],[2],[2],True,,,False,not_applicable,,False,not_applicable,,False,not_applicable,,False,not_applicable,,False,not_applicable,,,,,,,,,,,
3a24128ce4530a82a7de5fcf1461f0eac433c1699494a6a6dbb7e97744dbf809,3.5__MountainCar-v0__next-action__H5,MountainCar-v0,next-action,5,3,8,data/llmx_data/offline_data/physics_data/raw_transitions/MountainCar-v0/episodes/episode_0.npz,4,experiments/03_1_gpt35_history_n30_joint/results/records.jsonl,experiments/03_1_gpt35_history_n30_joint/results/runs/3.5__MountainCar-v0__next-action__H5/episode_000/predictions.jsonl,89102fd40b962604c8d2fc22b329f4e2fd4fe60f9eb6a541e1b52efa7261719f,True,749,132,881,1.960931499954313,1.956881667021662,[2.0],[2],[2],True,,,False,not_applicable,,False,not_applicable,,False,not_applicable,,False,not_applicable,,False,not_applicable,,,,,,,,,,,
12ed2d6f5ec52f693063feef7741a8494ab97eeb0fbd3af7374901784c536e2c,3.5__MountainCar-v0__next-action__H5,MountainCar-v0,next-action,5,4,9,data/llmx_data/offline_data/physics_data/raw_transitions/MountainCar-v0/episodes/episode_0.npz,5,experiments/03_1_gpt35_history_n30_joint/results/records.jsonl,experiments/03_1_gpt35_history_n30_joint/results/runs/3.5__MountainCar-v0__next-action__H5/episode_000/predictions.jsonl,a525eb02e75b51ee31936b4a41b853c043aa0504ca8211c1bc85a2f1c0cd9c6e,True,748,162,910,1.8747967079980299,1.8719126669457182,[1.0],[1],[2],True,,,False,not_applicable,,False,not_applicable,,False,not_applicable,,False,not_applicable,,False,not_applicable,,,,,,,,,,,
e3929e7f9efcfc06d6c73c8089057a14f4c280e8bc753725b4e762af4c5ed914,3.5__MountainCar-v0__next-action__H5,MountainCar-v0,next-action,5,5,10,data/llmx_data/offline_data/physics_data/raw_transitions/MountainCar-v0/episodes/episode_0.npz,6,experiments/03_1_gpt35_history_n30_joint/results/records.jsonl,experiments/03_1_gpt35_history_n30_joint/results/runs/3.5__MountainCar-v0__next-action__H5/episode_000/predictions.jsonl,83b25aa991bdb79bbbfe30538e843048544eb73c8d8c0dce0b897209119c04a2,True,748,183,931,2.1373154169414192,2.1334934170590714,[1.0],[1],[2],True,,,False,not_applicable,,False,not_applicable,,False,not_applicable,,False,not_applicable,,False,not_applicable,,,,,,,,,,,
7febee3701fb74af105a6b6b84ba62c2407232abc597000282de6f1676d1b3a7,3.5__MountainCar-v0__next-action__H5,MountainCar-v0,next-action,5,6,11,data/llmx_data/offline_data/physics_data/raw_transitions/MountainCar-v0/episodes/episode_0.npz,7,experiments/03_1_gpt35_history_n30_joint/results/records.jsonl,experiments/03_1_gpt35_history_n30_joint/results/runs/3.5__MountainCar-v0__next-action__H5/episode_000/predictions.jsonl,dbeb4fe60cec0cd99e988bd33b16cd154138bcd6c98ea1d6754c90325fa953e7,True,748,137,885,1.6280141669558361,1.6239510000450537,[1.0],[1],[2],True,,,False,not_applicable,,False,not_applicable,,False,not_applicable,,False,not_applicable,,False,not_applicable,,,,,,,,,,,
ad95fa5e1296754a4382e89ebe955650aa8b3799e496ff1fdfb5d9d85de1307f,3.5__MountainCar-v0__next-action__H5,MountainCar-v0,next-action,5,7,12,data/llmx_data/offline_data/physics_data/raw_transitions/MountainCar-v0/episodes/episode_0.npz,8,experiments/03_1_gpt35_history_n30_joint/results/records.jsonl,experiments/03_1_gpt35_history_n30_joint/results/runs/3.5__MountainCar-v0__next-action__H5/episode_000/predictions.jsonl,8be4ee5126a44295b08f38e041d4c1268930e00bddb248aeb3105c63072adcf4,True,748,132,880,2.341074375086464,2.3371490839635953,[0.0],[0],[2],True,,,False,not_applicable,,False,not_applicable,,False,not_applicable,,False,not_applicable,,False,not_applicable,,,,,,,,,,,
6688f748c7a56ff8950190d41a0ec457687b6cdd023d5248efec2833515d5fd8,3.5__MountainCar-v0__next-action__H5,MountainCar-v0,next-action,5,8,13,data/llmx_data/offline_data/physics_data/raw_transitions/MountainCar-v0/episodes/episode_0.npz,9,experiments/03_1_gpt35_history_n30_joint/results/records.jsonl,experiments/03_1_gpt35_history_n30_joint/results/runs/3.5__MountainCar-v0__next-action__H5/episode_000/predictions.jsonl,1f95f1396e6326cb59c81665cf5f3d69447bb497d19149a3867be9b14e48cb80,True,748,197,945,3.720204749959521,3.715851458022371,[0.0],[0],[2],True,,,False,not_applicable,,False,not_applicable,,False,not_applicable,,False,not_applicable,,False,not_applicable,,,,,,,,,,,
3f1b68acb77464069a0a0013350371b899d29dfc7e2243f24aa22575606cb60f,3.5__MountainCar-v0__next-action__H5,MountainCar-v0,next-action,5,9,14,data/llmx_data/offline_data/physics_data/raw_transitions/MountainCar-v0/episodes/episode_0.npz,10,experiments/03_1_gpt35_history_n30_joint/results/records.jsonl,experiments/03_1_gpt35_history_n30_joint/results/runs/3.5__MountainCar-v0__next-action__H5/episode_000/predictions.jsonl,c607a76107a0afe4fdd1a621e7487bc1fbcb90635b3e019b7a34ee86923fd72a,True,749,167,916,1.7418655409710482,1.7377085000043735,[0.0],[0],[0],True,,,False,not_applicable,,False,not_applicable,,False,not_applicable,,False,not_applicable,,False,not_applicable,,,,,,,,,,,
7fc49b52cbcc6b59f98dcdc92dd7de9fcd48f2987f659656f77c82b78359a086,3.5__MountainCar-v0__next-action__H5,MountainCar-v0,next-action,5,10,15,data/llmx_data/offline_data/physics_data/raw_transitions/MountainCar-v0/episodes/episode_0.npz,11,experiments/03_1_gpt35_history_n30_joint/results/records.jsonl,experiments/03_1_gpt35_history_n30_joint/results/runs/3.5__MountainCar-v0__next-action__H5/episode_000/predictions.jsonl,cec587d77b0a9933487d63d1bcf9d05a5873210b38cf619c5298397aac339ad9,True,755,198,953,1.9921487090177834,1.9889563749311492,[0.0],[0],[0],True,,,False,not_applicable,,False,not_applicable,,False,not_applicable,,False,not_applicable,,False,not_applicable,,,,,,,,,,,
77795aef42c1fa91057bb0386aa669657ab80e3dbd2823708093adc7a75b7c7d,3.5__MountainCar-v0__next-action__H5,MountainCar-v0,next-action,5,11,16,data/llmx_data/offline_data/physics_data/raw_transitions/MountainCar-v0/episodes/episode_0.npz,12,experiments/03_1_gpt35_history_n30_joint/results/records.jsonl,experiments/03_1_gpt35_history_n30_joint/results/runs/3.5__MountainCar-v0__next-action__H5/episode_000/predictions.jsonl,182c840bc2a756b47cdaa8eb1fc70f9bb691ca4ba2645af450c3563287433e1b,True,754,178,932,2.172461208072491,2.1687401669332758,[0.0],[0],[2],True,,,False,not_applicable,,False,not_applicable,,False,not_applicable,,False,not_applicable,,False,not_applicable,,,,,,,,,,,
81746dde6cc671c196501f94f947b6471fed70926c791fafe24e9414b7af0962,3.5__MountainCar-v0__next-action__H5,MountainCar-v0,next-action,5,12,17,data/llmx_data/offline_data/physics_data/raw_transitions/MountainCar-v0/episodes/episode_0.npz,13,experiments/03_1_gpt35_history_n30_joint/results/records.jsonl,experiments/03_1_gpt35_history_n30_joint/results/runs/3.5__MountainCar-v0__next-action__H5/episode_000/predictions.jsonl,e91d55c04d2b56db53fcc4bb12646446bd4c529eec585c718220209b244a5b4c,True,753,157,910,2.0091937909601256,2.006044707959518,[0.0],[0],[0],True,,,False,not_applicable,,False,not_applicable,,False,not_applicable,,False,not_applicable,,False,not_applicable,,,,,,,,,,,
fe527608087c5afee95c9f6b68de8d3d955cbc6219fda31fdd2fbae72231b517,3.5__MountainCar-v0__next-action__H5,MountainCar-v0,next-action,5,13,18,data/llmx_data/offline_data/physics_data/raw_transitions/MountainCar-v0/episodes/episode_0.npz,14,experiments/03_1_gpt35_history_n30_joint/results/records.jsonl,experiments/03_1_gpt35_history_n30_joint/results/runs/3.5__MountainCar-v0__next-action__H5/episode_000/predictions.jsonl,d84b2dee2315f941bdd623c7784c81d71b25991263e25bec5e0bfef20b952b03,True,752,149,901,1.341674624942243,1.338074249913916,[0.0],[0],[0],True,,,False,not_applicable,,False,not_applicable,,False,not_applicable,,False,not_applicable,,False,not_applicable,,,,,,,,,,,
c901c50beacf169bc73de501adcab7cb06d70eb5a076eeaa690e638377859b15,3.5__MountainCar-v0__next-action__H5,MountainCar-v0,next-action,5,14,19,data/llmx_data/offline_data/physics_data/raw_transitions/MountainCar-v0/episodes/episode_0.npz,15,experiments/03_1_gpt35_history_n30_joint/results/records.jsonl,experiments/03_1_gpt35_history_n30_joint/results/runs/3.5__MountainCar-v0__next-action__H5/episode_000/predictions.jsonl,df3e7dcbebc4f7da1c0fc5b4356ebd43f839cb488536c86352222aeb3ab2677e,True,751,140,891,2.5141602919902653,2.510105250054039,[0.0],[0],[0],True,,,False,not_applicable,,False,not_applicable,,False,not_applicable,,False,not_applicable,,False,not_applicable,,,,,,,,,,,
9574f51197f958c2c742e11a106c3f7f9abf3907a83e9fc7a990641fcc0b3a99,3.5__MountainCar-v0__next-action__H5,MountainCar-v0,next-action,5,15,20,data/llmx_data/offline_data/physics_data/raw_transitions/MountainCar-v0/episodes/episode_0.npz,16,experiments/03_1_gpt35_history_n30_joint/results/records.jsonl,experiments/03_1_gpt35_history_n30_joint/results/runs/3.5__MountainCar-v0__next-action__H5/episode_000/predictions.jsonl,74041107c25c1a03e45d28b3cdecb5f0a4cd5a4fb720f2249428a2d8579406e2,True,750,149,899,1.7119759590132162,1.7081714170053601,[0.0],[0],[0],True,,,False,not_applicable,,False,not_applicable,,False,not_applicable,,False,not_applicable,,False,not_applicable,,,,,,,,,,,
4c4882bcb7a568f48b362220b3510cf23578af7d986253b458fa464187a7f90c,3.5__MountainCar-v0__next-action__H5,MountainCar-v0,next-action,5,16,21,data/llmx_data/offline_data/physics_data/raw_transitions/MountainCar-v0/episodes/episode_0.npz,17,experiments/03_1_gpt35_history_n30_joint/results/records.jsonl,experiments/03_1_gpt35_history_n30_joint/results/runs/3.5__MountainCar-v0__next-action__H5/episode_000/predictions.jsonl,ce40c18fbb6180b74076f08157ef70b726f30f6cc4e05eb46c1a7daaf62ec373,True,743,147,890,1.7323643330018967,1.7290199169656262,[0.0],[0],[0],True,,,False,not_applicable,,False,not_applicable,,False,not_applicable,,False,not_applicable,,False,not_applicable,,,,,,,,,,,
e73a877f3b151e88dde64192c50b516a1c21a698c81e8ee1ccf05cf5f44dbb70,3.5__MountainCar-v0__next-action__H5,MountainCar-v0,next-action,5,17,22,data/llmx_data/offline_data/physics_data/raw_transitions/MountainCar-v0/episodes/episode_0.npz,18,experiments/03_1_gpt35_history_n30_joint/results/records.jsonl,experiments/03_1_gpt35_history_n30_joint/results/runs/3.5__MountainCar-v0__next-action__H5/episode_000/predictions.jsonl,8948e03846b34701840946fe738e86c531f9b022fada6756711bd0c664e5a6a0,True,742,157,899,3.4603455420583487,3.4572708749910817,[0.0],[0],[0],True,,,False,not_applicable,,False,not_applicable,,False,not_applicable,,False,not_applicable,,False,not_applicable,,,,,,,,,,,
f4c54e558ab5120076b814f654a13d60af9d0d9e067b9730a23c85931255fe9b,3.5__MountainCar-v0__next-action__H5,MountainCar-v0,next-action,5,18,23,data/llmx_data/offline_data/physics_data/raw_transitions/MountainCar-v0/episodes/episode_0.npz,19,experiments/03_1_gpt35_history_n30_joint/results/records.jsonl,experiments/03_1_gpt35_history_n30_joint/results/runs/3.5__MountainCar-v0__next-action__H5/episode_000/predictions.jsonl,be48b29bc4cd94fe3cd4ac57f0c32f2dee6ac60bf94dbf79a2859534394e5224,True,742,146,888,1.9182469579391181,1.9157648750115186,[0.0],[0],[0],True,,,False,not_applicable,,False,not_applicable,,False,not_applicable,,False,not_applicable,,False,not_applicable,,,,,,,,,,,
9372e55106c97a366c04ff45ba35e4b7b7fec3e4cc34a6b4bea813ceb766d2bb,3.5__MountainCar-v0__next-action__H5,MountainCar-v0,next-action,5,19,24,data/llmx_data/offline_data/physics_data/raw_transitions/MountainCar-v0/episodes/episode_0.npz,20,experiments/03_1_gpt35_history_n30_joint/results/records.jsonl,experiments/03_1_gpt35_history_n30_joint/results/runs/3.5__MountainCar-v0__next-action__H5/episode_000/predictions.jsonl,08ef3429a1ba80dd4ac967981ac77d2e83e07c49219cbf61066f2c62d3062fc4,True,742,149,891,1.5860568330390379,1.5831737080588937,[0.0],[0],[2],True,,,False,not_applicable,,False,not_applicable,,False,not_applicable,,False,not_applicable,,False,not_applicable,,,,,,,,,,,
bc25dd5955580f5a4b1d9e72562e18a132cddfc16674cb5ea09c2d59a8b2988b,3.5__MountainCar-v0__next-action__H5,MountainCar-v0,next-action,5,20,25,data/llmx_data/offline_data/physics_data/raw_transitions/MountainCar-v0/episodes/episode_0.npz,21,experiments/03_1_gpt35_history_n30_joint/results/records.jsonl,experiments/03_1_gpt35_history_n30_joint/results/runs/3.5__MountainCar-v0__next-action__H5/episode_000/predictions.jsonl,41cb62396669b79b0d6f2e81b6847ce039fcf3cf6c45fbe9d4c14070d52797e4,True,742,154,896,1.5109026250429451,1.5070334170013666,[0.0],[0],[0],True,,,False,not_applicable,,False,not_applicable,,False,not_applicable,,False,not_applicable,,False,not_applicable,,,,,,,,,,,
06f7bdf8fdfcb0aab58426219af6ad3a6881fff3e661cb2b4503a3d4a6c18ad6,3.5__MountainCar-v0__next-action__H5,MountainCar-v0,next-action,5,21,26,data/llmx_data/offline_data/physics_data/raw_transitions/MountainCar-v0/episodes/episode_0.npz,22,experiments/03_1_gpt35_history_n30_joint/results/records.jsonl,experiments/03_1_gpt35_history_n30_joint/results/runs/3.5__MountainCar-v0__next-action__H5/episode_000/predictions.jsonl,5793ecd2c60afac346ae1def31e0234e03e2aae68605ff30235502849bbdd3a7,True,741,153,894,1.6659353750292212,1.6622110420139506,[0.0],[0],[0],True,,,False,not_applicable,,False,not_applicable,,False,not_applicable,,False,not_applicable,,False,not_applicable,,,,,,,,,,,
eb6c1eea3dc9d861c734f98965a5914852a5287faa16c791ad5f7adf210211ba,3.5__MountainCar-v0__next-action__H5,MountainCar-v0,next-action,5,22,27,data/llmx_data/offline_data/physics_data/raw_transitions/MountainCar-v0/episodes/episode_0.npz,23,experiments/03_1_gpt35_history_n30_joint/results/records.jsonl,experiments/03_1_gpt35_history_n30_joint/results/runs/3.5__MountainCar-v0__next-action__H5/episode_000/predictions.jsonl,80f27e4a004a92cf3c03c9c2ac0862e21ddd0bfc024574b442612c2cf612d20f,True,742,153,895,1.644061583909206,1.6404740830184892,[0.0],[0],[2],True,,,False,not_applicable,,False,not_applicable,,False,not_applicable,,False,not_applicable,,False,not_applicable,,,,,,,,,,,
8195f856d172a305f984dc66e6303972b6884e769ebb96552e3bbd3b9709f645,3.5__MountainCar-v0__next-action__H5,MountainCar-v0,next-action,5,23,28,data/llmx_data/offline_data/physics_data/raw_transitions/MountainCar-v0/episodes/episode_0.npz,24,experiments/03_1_gpt35_history_n30_joint/results/records.jsonl,experiments/03_1_gpt35_history_n30_joint/results/runs/3.5__MountainCar-v0__next-action__H5/episode_000/predictions.jsonl,eb037421ca096261aa373d5b96ecf8dc0dc9a2653f8d000219392ff9cd7aef1c,True,741,161,902,1.4259636249626055,1.4219410419464111,[0.0],[0],[0],True,,,False,not_applicable,,False,not_applicable,,False,not_applicable,,False,not_applicable,,False,not_applicable,,,,,,,,,,,
af73e492cb06927e578a58e0d809a1af7be61c090be9367aa45adf945fc8afce,3.5__MountainCar-v0__next-action__H5,MountainCar-v0,next-action,5,24,29,data/llmx_data/offline_data/physics_data/raw_transitions/MountainCar-v0/episodes/episode_0.npz,25,experiments/03_1_gpt35_history_n30_joint/results/records.jsonl,experiments/03_1_gpt35_history_n30_joint/results/runs/3.5__MountainCar-v0__next-action__H5/episode_000/predictions.jsonl,4095aabc0c3446851ebb6ff15894e6fa69a452354f09fdba1c4fa9a15c71f556,True,741,153,894,1.2977823340333998,1.2937772501027212,[0.0],[0],[0],True,,,False,not_applicable,,False,not_applicable,,False,not_applicable,,False,not_applicable,,False,not_applicable,,,,,,,,,,,
1b37f7fb1ac1ea50efa4c004d68e3477beecdd1510486fc6cbad46012df90666,3.5__MountainCar-v0__next-action__H5,MountainCar-v0,next-action,5,25,30,data/llmx_data/offline_data/physics_data/raw_transitions/MountainCar-v0/episodes/episode_0.npz,26,experiments/03_1_gpt35_history_n30_joint/results/records.jsonl,experiments/03_1_gpt35_history_n30_joint/results/runs/3.5__MountainCar-v0__next-action__H5/episode_000/predictions.jsonl,eb56736e6fd71a735fcca2ac7ee0551e3bd099b459c9064f1c7d87afc9085b44,True,741,156,897,1.9958546250127256,1.9915374170523137,[0.0],[0],[0],True,,,False,not_applicable,,False,not_applicable,,False,not_applicable,,False,not_applicable,,False,not_applicable,,,,,,,,,,,
3f176d871c387998cb44388bf98e944d542808bdc0bfa329917ef2659dd24646,3.5__MountainCar-v0__next-action__H5,MountainCar-v0,next-action,5,26,31,data/llmx_data/offline_data/physics_data/raw_transitions/MountainCar-v0/episodes/episode_0.npz,27,experiments/03_1_gpt35_history_n30_joint/results/records.jsonl,experiments/03_1_gpt35_history_n30_joint/results/runs/3.5__MountainCar-v0__next-action__H5/episode_000/predictions.jsonl,77e5921b8c108a7ff6181cf2e63f8e3b405f3732b5a73f4eaf25a20a31136c48,True,742,148,890,1.5623644159641117,1.5586805830243975,[0.0],[0],[0],True,,,False,not_applicable,,False,not_applicable,,False,not_applicable,,False,not_applicable,,False,not_applicable,,,,,,,,,,,
4970813ca05d5b7d2c17723b55fe4c483d50de68e8ee694268a9f04759a269c8,3.5__MountainCar-v0__next-action__H5,MountainCar-v0,next-action,5,27,32,data/llmx_data/offline_data/physics_data/raw_transitions/MountainCar-v0/episodes/episode_0.npz,28,experiments/03_1_gpt35_history_n30_joint/results/records.jsonl,experiments/03_1_gpt35_history_n30_joint/results/runs/3.5__MountainCar-v0__next-action__H5/episode_000/predictions.jsonl,c69e717604ac86ac1a34b2835e23a2a6ce6a86714640e687345de293d63390ed,True,742,137,879,1.894407790969126,1.890947041916661,[0.0],[0],[0],True,,,False,not_applicable,,False,not_applicable,,False,not_applicable,,False,not_applicable,,False,not_applicable,,,,,,,,,,,
8c9c14b48a06e52607c0ff93a8203692ba7432c037a55813d4783c05c62275d2,3.5__MountainCar-v0__next-action__H5,MountainCar-v0,next-action,5,28,33,data/llmx_data/offline_data/physics_data/raw_transitions/MountainCar-v0/episodes/episode_0.npz,29,experiments/03_1_gpt35_history_n30_joint/results/records.jsonl,experiments/03_1_gpt35_history_n30_joint/results/runs/3.5__MountainCar-v0__next-action__H5/episode_000/predictions.jsonl,440d44f2995d313f1f5932b765302be141f424fe97fcb181f0a460a43aeb45b7,True,743,158,901,1.240758166066371,1.2371293749893084,[0.0],[0],[0],True,,,False,not_applicable,,False,not_applicable,,False,not_applicable,,False,not_applicable,,False,not_applicable,,,,,,,,,,,
64efbe58fd51d617010033ef6ef756df3518a7d4aab5d9dfb3262fe09be7bd0c,3.5__MountainCar-v0__next-action__H5,MountainCar-v0,next-action,5,29,34,data/llmx_data/offline_data/physics_data/raw_transitions/MountainCar-v0/episodes/episode_0.npz,30,experiments/03_1_gpt35_history_n30_joint/results/records.jsonl,experiments/03_1_gpt35_history_n30_joint/results/runs/3.5__MountainCar-v0__next-action__H5/episode_000/predictions.jsonl,6295aa13e8226282eba0c1dbe216bc6dcd05626df9ab552ca29e9acd0c083022,True,742,137,879,2.0979575410019606,2.095996457966976,[0.0],[0],[0],True,,,False,not_applicable,,False,not_applicable,,False,not_applicable,,False,not_applicable,,False,not_applicable,,,,,,,,,,,
7ff59fa6b43a8bf8ee588a7a217a8ef0f8b571da95129922c0dbcc68ca14f180,3.5__MountainCar-v0__next-action__H10,MountainCar-v0,next-action,10,0,10,data/llmx_data/offline_data/physics_data/raw_transitions/MountainCar-v0/episodes/episode_0.npz,31,experiments/03_1_gpt35_history_n30_joint/results/records.jsonl,experiments/03_1_gpt35_history_n30_joint/results/runs/3.5__MountainCar-v0__next-action__H10/episode_000/predictions.jsonl,2d601080d84704489eb95f4a03c74099fc1636e947df2a86c94782937b2fb153,True,912,138,1050,1.5652924169553444,1.5531495420727879,[1.0],[1],[2],True,,,False,not_applicable,,False,not_applicable,,False,not_applicable,,False,not_applicable,,False,not_applicable,,,,,,,,,,,
47f7718021a97898334a16d2c1dcdb09e2ebbaa060b20b6776fca355992837f4,3.5__MountainCar-v0__next-action__H10,MountainCar-v0,next-action,10,1,11,data/llmx_data/offline_data/physics_data/raw_transitions/MountainCar-v0/episodes/episode_0.npz,32,experiments/03_1_gpt35_history_n30_joint/results/records.jsonl,experiments/03_1_gpt35_history_n30_joint/results/runs/3.5__MountainCar-v0__next-action__H10/episode_000/predictions.jsonl,c0a1343ffa502572fecf8d3d4297e26e55a5b4b0dc5cdd1420df10920f952725,True,913,167,1080,1.7215144999790937,1.7182551249861717,[1.0],[1],[1],True,,,False,not_applicable,,False,not_applicable,,False,not_applicable,,False,not_applicable,,False,not_applicable,,,,,,,,,,,
ab6724c86c0ef7c569acf124859946974a388c77c53dcc394c11f9b87a30f9f2,3.5__MountainCar-v0__next-action__H10,MountainCar-v0,next-action,10,2,12,data/llmx_data/offline_data/physics_data/raw_transitions/MountainCar-v0/episodes/episode_0.npz,33,experiments/03_1_gpt35_history_n30_joint/results/records.jsonl,experiments/03_1_gpt35_history_n30_joint/results/runs/3.5__MountainCar-v0__next-action__H10/episode_000/predictions.jsonl,b6df4125e9f22bbcf3d209d657f44f0373917fed11a61d2e31f84e1fb6880b6b,True,913,155,1068,2.1625182919669896,2.158378708991222,[0.0],[0],[2],True,,,False,not_applicable,,False,not_applicable,,False,not_applicable,,False,not_applicable,,False,not_applicable,,,,,,,,,,,
642c42816acde80d611322d50c817f6282e500e2563abde9216b9c3900d752b6,3.5__MountainCar-v0__next-action__H10,MountainCar-v0,next-action,10,3,13,data/llmx_data/offline_data/physics_data/raw_transitions/MountainCar-v0/episodes/episode_0.npz,34,experiments/03_1_gpt35_history_n30_joint/results/records.jsonl,experiments/03_1_gpt35_history_n30_joint/results/runs/3.5__MountainCar-v0__next-action__H10/episode_000/predictions.jsonl,2bef3c5bad507c3aa25ec6c58a7c33c6e7fefda198cb6d27d6692eac9cf67688,True,913,171,1084,1.6140407089842483,1.6113815000280738,[0.0],[0],[1],True,,,False,not_applicable,,False,not_applicable,,False,not_applicable,,False,not_applicable,,False,not_applicable,,,,,,,,,,,
10f1fa5f3051aa3e5c2459feef01a0612c92d0d4e2247865dfadbbd4539fb604,3.5__MountainCar-v0__next-action__H10,MountainCar-v0,next-action,10,4,14,data/llmx_data/offline_data/physics_data/raw_transitions/MountainCar-v0/episodes/episode_0.npz,35,experiments/03_1_gpt35_history_n30_joint/results/records.jsonl,experiments/03_1_gpt35_history_n30_joint/results/runs/3.5__MountainCar-v0__next-action__H10/episode_000/predictions.jsonl,b5fed06e85db2da326abd37f730ec6abc4ae40774b6bd13e19d078bafb175a6b,True,913,190,1103,1.7993369580945,1.7968208329984918,[0.0],[0],[0],True,,,False,not_applicable,,False,not_applicable,,False,not_applicable,,False,not_applicable,,False,not_applicable,,,,,,,,,,,
0c24ad10bb2b750a67c77fdf43b42bc0dd564748be55974af15cd8dbc1480f42,3.5__MountainCar-v0__next-action__H10,MountainCar-v0,next-action,10,5,15,data/llmx_data/offline_data/physics_data/raw_transitions/MountainCar-v0/episodes/episode_0.npz,36,experiments/03_1_gpt35_history_n30_joint/results/records.jsonl,experiments/03_1_gpt35_history_n30_joint/results/runs/3.5__MountainCar-v0__next-action__H10/episode_000/predictions.jsonl,4b96313654d92f3b5fffcd4259f6c6d7c7f1ebde7566776cdc4c4c9b2aefdfc6,True,919,183,1102,2.4926712500164285,2.490306416992098,[0.0],[0],[2],True,,,False,not_applicable,,False,not_applicable,,False,not_applicable,,False,not_applicable,,False,not_applicable,,,,,,,,,,,
8f6727bd3d82a2ce5b7b5b68dbf31383ebc0a22e0d4ead5bfc199eeeb06b4dc8,3.5__MountainCar-v0__next-action__H10,MountainCar-v0,next-action,10,6,16,data/llmx_data/offline_data/physics_data/raw_transitions/MountainCar-v0/episodes/episode_0.npz,37,experiments/03_1_gpt35_history_n30_joint/results/records.jsonl,experiments/03_1_gpt35_history_n30_joint/results/runs/3.5__MountainCar-v0__next-action__H10/episode_000/predictions.jsonl,80f5f6a119832cdc43a200aecff1c1cead6478fb0c2a54b2ce97c935f4ab69a9,True,918,128,1046,1.5444883339805529,1.5423897919245064,[0.0],[0],[1],True,,,False,not_applicable,,False,not_applicable,,False,not_applicable,,False,not_applicable,,False,not_applicable,,,,,,,,,,,
fe413bf9766020f52cf8c9b5f145be2f801518942c8fc154337b44209a7471b6,3.5__MountainCar-v0__next-action__H10,MountainCar-v0,next-action,10,7,17,data/llmx_data/offline_data/physics_data/raw_transitions/MountainCar-v0/episodes/episode_0.npz,38,experiments/03_1_gpt35_history_n30_joint/results/records.jsonl,experiments/03_1_gpt35_history_n30_joint/results/runs/3.5__MountainCar-v0__next-action__H10/episode_000/predictions.jsonl,076d0bc8814080e51cb571cdcb65162a464dd62df1969185d6b9276375f67bc8,True,917,164,1081,2.0520334999309853,2.049453666084446,[0.0],[0],[1],True,,,False,not_applicable,,False,not_applicable,,False,not_applicable,,False,not_applicable,,False,not_applicable,,,,,,,,,,,
0182e12e3ff16e79f0403708d8f6979143485413c1a83baf77e2d122e05ec925,3.5__MountainCar-v0__next-action__H10,MountainCar-v0,next-action,10,8,18,data/llmx_data/offline_data/physics_data/raw_transitions/MountainCar-v0/episodes/episode_0.npz,39,experiments/03_1_gpt35_history_n30_joint/results/records.jsonl,experiments/03_1_gpt35_history_n30_joint/results/runs/3.5__MountainCar-v0__next-action__H10/episode_000/predictions.jsonl,42c1061fbdbdcbbd790ec0b73c00badedf21fa0e6422640cafe3afb2df03dbef,True,916,185,1101,2.449483082978986,2.4461868749931455,[0.0],[0],[1],True,,,False,not_applicable,,False,not_applicable,,False,not_applicable,,False,not_applicable,,False,not_applicable,,,,,,,,,,,
d0e987d99a7baca94350817ef8e739145e7d83c70076e28b3dbe04ada1da37b4,3.5__MountainCar-v0__next-action__H10,MountainCar-v0,next-action,10,9,19,data/llmx_data/offline_data/physics_data/raw_transitions/MountainCar-v0/episodes/episode_0.npz,40,experiments/03_1_gpt35_history_n30_joint/results/records.jsonl,experiments/03_1_gpt35_history_n30_joint/results/runs/3.5__MountainCar-v0__next-action__H10/episode_000/predictions.jsonl,388649f40c6f6cc649086623f79744903c96b65104d20791eec923a09da985fb,True,916,152,1068,2.0458240839652717,2.0423523330828175,[0.0],[0],[0],True,,,False,not_applicable,,False,not_applicable,,False,not_applicable,,False,not_applicable,,False,not_applicable,,,,,,,,,,,
75bb2493f31cb567a3b805981fc88955ae67d89dc44fa71ebc0dd8aa347ed46b,3.5__MountainCar-v0__next-action__H10,MountainCar-v0,next-action,10,10,20,data/llmx_data/offline_data/physics_data/raw_transitions/MountainCar-v0/episodes/episode_0.npz,41,experiments/03_1_gpt35_history_n30_joint/results/records.jsonl,experiments/03_1_gpt35_history_n30_joint/results/runs/3.5__MountainCar-v0__next-action__H10/episode_000/predictions.jsonl,378776a309d81e07d7c2ba5d26b5889d82ae1fa5025bd1925b3746398990236d,True,915,198,1113,1.8362867080140859,1.8333599999314174,[0.0],[0],[0],True,,,False,not_applicable,,False,not_applicable,,False,not_applicable,,False,not_applicable,,False,not_applicable,,,,,,,,,,,
612fa7756c1cd3e1c3aff98fcf26556fa17534326f0b252389bf83502e20d0b7,3.5__MountainCar-v0__next-action__H10,MountainCar-v0,next-action,10,11,21,data/llmx_data/offline_data/physics_data/raw_transitions/MountainCar-v0/episodes/episode_0.npz,42,experiments/03_1_gpt35_history_n30_joint/results/records.jsonl,experiments/03_1_gpt35_history_n30_joint/results/runs/3.5__MountainCar-v0__next-action__H10/episode_000/predictions.jsonl,a68ccce1fe5895b58e2b6158782235e5fd4c0de644a0f0981d6f6c5ef58086ae,True,914,172,1086,1.4864025000715628,1.4823181250831112,[0.0],[0],[0],True,,,False,not_applicable,,False,not_applicable,,False,not_applicable,,False,not_applicable,,False,not_applicable,,,,,,,,,,,
8a3fbf1ddde8aa49ccda8a8574248acc312ca982eb5a32f460098fa126afc0a7,3.5__MountainCar-v0__next-action__H10,MountainCar-v0,next-action,10,12,22,data/llmx_data/offline_data/physics_data/raw_transitions/MountainCar-v0/episodes/episode_0.npz,43,experiments/03_1_gpt35_history_n30_joint/results/records.jsonl,experiments/03_1_gpt35_history_n30_joint/results/runs/3.5__MountainCar-v0__next-action__H10/episode_000/predictions.jsonl,d04493faaa1efe69a9627cb8fe5eaa676cf54c06f76ab152718a70205f584dbb,True,912,129,1041,1.7954788339557126,1.7911483329953626,[0.0],[0],[0],True,,,False,not_applicable,,False,not_applicable,,False,not_applicable,,False,not_applicable,,False,not_applicable,,,,,,,,,,,
8c3efcba0df9dc5883ec0951055fbdd1b1fbf6ee15eb200e857db0a9d6ef87bc,3.5__MountainCar-v0__next-action__H10,MountainCar-v0,next-action,10,13,23,data/llmx_data/offline_data/physics_data/raw_transitions/MountainCar-v0/episodes/episode_0.npz,44,experiments/03_1_gpt35_history_n30_joint/results/records.jsonl,experiments/03_1_gpt35_history_n30_joint/results/runs/3.5__MountainCar-v0__next-action__H10/episode_000/predictions.jsonl,855db9fb0b3093c3b4013919059fca9ce9f99cb0b4879fd347dd5930c3171e19,True,911,150,1061,1.6058514169417322,1.6024743330199271,[0.0],[0],[0],True,,,False,not_applicable,,False,not_applicable,,False,not_applicable,,False,not_applicable,,False,not_applicable,,,,,,,,,,,
710270b2fc1df0bfbb21b10928a7a0c5cc91afae884c7b15c147d626b7ce51b4,3.5__MountainCar-v0__next-action__H10,MountainCar-v0,next-action,10,14,24,data/llmx_data/offline_data/physics_data/raw_transitions/MountainCar-v0/episodes/episode_0.npz,45,experiments/03_1_gpt35_history_n30_joint/results/records.jsonl,experiments/03_1_gpt35_history_n30_joint/results/runs/3.5__MountainCar-v0__next-action__H10/episode_000/predictions.jsonl,2f955dbf9752943de36143e2f9ea3ba76d26882400b736e5d6a227845f2eb1c6,True,910,175,1085,1.531693416996859,1.5285063330084085,[0.0],[0],[0],True,,,False,not_applicable,,False,not_applicable,,False,not_applicable,,False,not_applicable,,False,not_applicable,,,,,,,,,,,
e37dc72f912b0244495925fd1b0c1b7655004b68bc9f2492f60f685274c0c124,3.5__MountainCar-v0__next-action__H10,MountainCar-v0,next-action,10,15,25,data/llmx_data/offline_data/physics_data/raw_transitions/MountainCar-v0/episodes/episode_0.npz,46,experiments/03_1_gpt35_history_n30_joint/results/records.jsonl,experiments/03_1_gpt35_history_n30_joint/results/runs/3.5__MountainCar-v0__next-action__H10/episode_000/predictions.jsonl,ec39094c43508800d07c283d3f0c8a220ea00fa1147661b64b5670f0a3ee32c8,True,909,132,1041,2.0690099999774247,2.0662585829850286,[0.0],[0],[0],True,,,False,not_applicable,,False,not_applicable,,False,not_applicable,,False,not_applicable,,False,not_applicable,,,,,,,,,,,
5dc66b8350bbe97687955c658ff758c190f98052a4c5bd869f0903407facea8f,3.5__MountainCar-v0__next-action__H10,MountainCar-v0,next-action,10,16,26,data/llmx_data/offline_data/physics_data/raw_transitions/MountainCar-v0/episodes/episode_0.npz,47,experiments/03_1_gpt35_history_n30_joint/results/records.jsonl,experiments/03_1_gpt35_history_n30_joint/results/runs/3.5__MountainCar-v0__next-action__H10/episode_000/predictions.jsonl,6fc8beb213757b856f443a1c6c2029d91d1ebb50d045ece14a78138044614aca,True,901,154,1055,1.3648568330099806,1.3604925839463249,[0.0],[0],[0],True,,,False,not_applicable,,False,not_applicable,,False,not_applicable,,False,not_applicable,,False,not_applicable,,,,,,,,,,,
8ca7db4bceb91a634d721bcfecdd54d08b5133b12e37d58615d76643fa4161f3,3.5__MountainCar-v0__next-action__H10,MountainCar-v0,next-action,10,17,27,data/llmx_data/offline_data/physics_data/raw_transitions/MountainCar-v0/episodes/episode_0.npz,48,experiments/03_1_gpt35_history_n30_joint/results/records.jsonl,experiments/03_1_gpt35_history_n30_joint/results/runs/3.5__MountainCar-v0__next-action__H10/episode_000/predictions.jsonl,413a980ad1f215dbe47baa8ca70dbfc2e30a71dc127e4cb0a30b8ffb28a39438,True,901,166,1067,1.3596687499666587,1.3551112089771777,[0.0],[0],[2],True,,,False,not_applicable,,False,not_applicable,,False,not_applicable,,False,not_applicable,,False,not_applicable,,,,,,,,,,,
992606dd2ff9e29fd66bad424032a172088e4f57b304b36b16325aed997a8cca,3.5__MountainCar-v0__next-action__H10,MountainCar-v0,next-action,10,18,28,data/llmx_data/offline_data/physics_data/raw_transitions/MountainCar-v0/episodes/episode_0.npz,49,experiments/03_1_gpt35_history_n30_joint/results/records.jsonl,experiments/03_1_gpt35_history_n30_joint/results/runs/3.5__MountainCar-v0__next-action__H10/episode_000/predictions.jsonl,e034acdd572542b6514cb304d572258f7f23465fe86599e1c8b034df9d913091,True,900,180,1080,1.7936813340056688,1.7903337919851765,[0.0],[0],[0],True,,,False,not_applicable,,False,not_applicable,,False,not_applicable,,False,not_applicable,,False,not_applicable,,,,,,,,,,,
90499d7eed728181d91bfc84b0d23eca522c7a9ba73ba3ab4a5f486440de1c1b,3.5__MountainCar-v0__next-action__H10,MountainCar-v0,next-action,10,19,29,data/llmx_data/offline_data/physics_data/raw_transitions/MountainCar-v0/episodes/episode_0.npz,50,experiments/03_1_gpt35_history_n30_joint/results/records.jsonl,experiments/03_1_gpt35_history_n30_joint/results/runs/3.5__MountainCar-v0__next-action__H10/episode_000/predictions.jsonl,20b6ab64a2ff9df3b3e3ed1860487111a835c8cde6b1b070c91a54a0065063c2,True,900,165,1065,1.7041534999152645,1.6990311249392107,[0.0],[0],[0],True,,,False,not_applicable,,False,not_applicable,,False,not_applicable,,False,not_applicable,,False,not_applicable,,,,,,,,,,,
6b6d80486d65125dbc74c8f408581400467198e6b44724c1631ef2dba4d28a39,3.5__MountainCar-v0__next-action__H10,MountainCar-v0,next-action,10,20,30,data/llmx_data/offline_data/physics_data/raw_transitions/MountainCar-v0/episodes/episode_0.npz,51,experiments/03_1_gpt35_history_n30_joint/results/records.jsonl,experiments/03_1_gpt35_history_n30_joint/results/runs/3.5__MountainCar-v0__next-action__H10/episode_000/predictions.jsonl,5880cacd60a9d50cb380213a7118d1cbfe68e0fe5299d19e56dc948c9f490736,True,900,130,1030,1.1123053750488907,1.1084806669969112,[0.0],[0],[2],True,,,False,not_applicable,,False,not_applicable,,False,not_applicable,,False,not_applicable,,False,not_applicable,,,,,,,,,,,
5d9158eb2a2be197936a914c67b1368b1f4ec594ab8c6f6963d9a60f339213cb,3.5__MountainCar-v0__next-action__H10,MountainCar-v0,next-action,10,21,31,data/llmx_data/offline_data/physics_data/raw_transitions/MountainCar-v0/episodes/episode_0.npz,52,experiments/03_1_gpt35_history_n30_joint/results/records.jsonl,experiments/03_1_gpt35_history_n30_joint/results/runs/3.5__MountainCar-v0__next-action__H10/episode_000/predictions.jsonl,678946594f472e35b2a754d9ece088e4a27c7230f8e6c5bc9382cc37375acfd1,True,900,161,1061,1.640042542014271,1.6360952079994604,[0.0],[0],[0],True,,,False,not_applicable,,False,not_applicable,,False,not_applicable,,False,not_applicable,,False,not_applicable,,,,,,,,,,,
6de582b24cdd2034aeaed4b246fb97944c0833f446b8e3746126becd5edcc2e6,3.5__MountainCar-v0__next-action__H10,MountainCar-v0,next-action,10,22,32,data/llmx_data/offline_data/physics_data/raw_transitions/MountainCar-v0/episodes/episode_0.npz,53,experiments/03_1_gpt35_history_n30_joint/results/records.jsonl,experiments/03_1_gpt35_history_n30_joint/results/runs/3.5__MountainCar-v0__next-action__H10/episode_000/predictions.jsonl,24f0c8b7b776d4d3f2ced2ae9ec40bf468616b496ef10d85fa898eddeb626d95,True,901,128,1029,1.2684379579732195,1.2639552080072463,[0.0],[0],[2],True,,,False,not_applicable,,False,not_applicable,,False,not_applicable,,False,not_applicable,,False,not_applicable,,,,,,,,,,,
a2b8351a366dfa4f05c61acc3d349834aac03f6efc908143e8c420fea6af0e25,3.5__MountainCar-v0__next-action__H10,MountainCar-v0,next-action,10,23,33,data/llmx_data/offline_data/physics_data/raw_transitions/MountainCar-v0/episodes/episode_0.npz,54,experiments/03_1_gpt35_history_n30_joint/results/records.jsonl,experiments/03_1_gpt35_history_n30_joint/results/runs/3.5__MountainCar-v0__next-action__H10/episode_000/predictions.jsonl,865610cfee967b0763b504719bfca4c2cc4aeaa3e9c6dd41e7b1e69f5a0fdc65,True,901,136,1037,1.9291353329317644,1.9257821249775589,[0.0],[0],[0],True,,,False,not_applicable,,False,not_applicable,,False,not_applicable,,False,not_applicable,,False,not_applicable,,,,,,,,,,,
aadc846ef6ed86cc3e69785b03ec295547a724d1943c3ba8fb732b6a97a773fc,3.5__MountainCar-v0__next-action__H10,MountainCar-v0,next-action,10,24,34,data/llmx_data/offline_data/physics_data/raw_transitions/MountainCar-v0/episodes/episode_0.npz,55,experiments/03_1_gpt35_history_n30_joint/results/records.jsonl,experiments/03_1_gpt35_history_n30_joint/results/runs/3.5__MountainCar-v0__next-action__H10/episode_000/predictions.jsonl,43507f23c1d41452adc1d131d2f708b124206a6acb3ad294399cb5582d734304,True,900,145,1045,1.5056014589499682,1.5017994169611484,[0.0],[0],[0],True,,,False,not_applicable,,False,not_applicable,,False,not_applicable,,False,not_applicable,,False,not_applicable,,,,,,,,,,,
696901a3cd3f81f551c813d495a0cc29d8c762ce8c0f6729aa070612bb650078,3.5__MountainCar-v0__next-action__H10,MountainCar-v0,next-action,10,25,35,data/llmx_data/offline_data/physics_data/raw_transitions/MountainCar-v0/episodes/episode_0.npz,56,experiments/03_1_gpt35_history_n30_joint/results/records.jsonl,experiments/03_1_gpt35_history_n30_joint/results/runs/3.5__MountainCar-v0__next-action__H10/episode_000/predictions.jsonl,5cdabc8369961cbdb53ab38e63b00addbca183aefe66c3dd5bd3e36df5212731,True,900,156,1056,1.2868356669787318,1.284337625023909,[0.0],[0],[0],True,,,False,not_applicable,,False,not_applicable,,False,not_applicable,,False,not_applicable,,False,not_applicable,,,,,,,,,,,
bad320644cf62dd19b13f62badc041eff2db442d9fdfec8c6619b7a7d1506a33,3.5__MountainCar-v0__next-action__H10,MountainCar-v0,next-action,10,26,36,data/llmx_data/offline_data/physics_data/raw_transitions/MountainCar-v0/episodes/episode_0.npz,57,experiments/03_1_gpt35_history_n30_joint/results/records.jsonl,experiments/03_1_gpt35_history_n30_joint/results/runs/3.5__MountainCar-v0__next-action__H10/episode_000/predictions.jsonl,b0fa77040fe953c42e5864239792f7020515b393510ae57f7e0b0f0d6511ce07,True,900,140,1040,1.197302749962546,1.1920972079969943,[0.0],[0],[0],True,,,False,not_applicable,,False,not_applicable,,False,not_applicable,,False,not_applicable,,False,not_applicable,,,,,,,,,,,
08036a2f9dabfc283bd4fcd0d23469ede5d2e96ce48743432e154c9e82e8bb63,3.5__MountainCar-v0__next-action__H10,MountainCar-v0,next-action,10,27,37,data/llmx_data/offline_data/physics_data/raw_transitions/MountainCar-v0/episodes/episode_0.npz,58,experiments/03_1_gpt35_history_n30_joint/results/records.jsonl,experiments/03_1_gpt35_history_n30_joint/results/runs/3.5__MountainCar-v0__next-action__H10/episode_000/predictions.jsonl,82a7a9b9d24879864d25e31e01333bafd21e9e68f6bc452b41cf797f6d56b021,True,898,152,1050,2.2627342499326915,2.2586542080389336,[0.0],[0],[0],True,,,False,not_applicable,,False,not_applicable,,False,not_applicable,,False,not_applicable,,False,not_applicable,,,,,,,,,,,
d88febad6e1953d46634e3512dc2b267fa63c3f50b4fde510e3025a920ce4514,3.5__MountainCar-v0__next-action__H10,MountainCar-v0,next-action,10,28,38,data/llmx_data/offline_data/physics_data/raw_transitions/MountainCar-v0/episodes/episode_0.npz,59,experiments/03_1_gpt35_history_n30_joint/results/records.jsonl,experiments/03_1_gpt35_history_n30_joint/results/runs/3.5__MountainCar-v0__next-action__H10/episode_000/predictions.jsonl,41d520108c381ce23a4c71789975bc8f24b4cd7bf4b375f281e72676a9250699,True,899,136,1035,2.132675833068788,2.128468875074759,[0.0],[0],[0],True,,,False,not_applicable,,False,not_applicable,,False,not_applicable,,False,not_applicable,,False,not_applicable,,,,,,,,,,,
cc8a05f838fa1bcb6288ef3e2b4e416c4db9d2b5990094827ee6df1681eab9c7,3.5__MountainCar-v0__next-action__H10,MountainCar-v0,next-action,10,29,39,data/llmx_data/offline_data/physics_data/raw_transitions/MountainCar-v0/episodes/episode_0.npz,60,experiments/03_1_gpt35_history_n30_joint/results/records.jsonl,experiments/03_1_gpt35_history_n30_joint/results/runs/3.5__MountainCar-v0__next-action__H10/episode_000/predictions.jsonl,47104bbdba894ef8e2a125978c6489a1692bf6e462b518e78eef97fa9d1a3be3,True,899,119,1018,1.4320682919351384,1.4286496250424534,[0.0],[0],[0],True,,,False,not_applicable,,False,not_applicable,,False,not_applicable,,False,not_applicable,,False,not_applicable,,,,,,,,,,,
5cc97e03d3877e4c9295f39fe5f549517900b8048a0a02a3fa0d130832347b76,3.5__MountainCar-v0__next-action__H20,MountainCar-v0,next-action,20,0,20,data/llmx_data/offline_data/physics_data/raw_transitions/MountainCar-v0/episodes/episode_0.npz,61,experiments/03_1_gpt35_history_n30_joint/results/records.jsonl,experiments/03_1_gpt35_history_n30_joint/results/runs/3.5__MountainCar-v0__next-action__H20/episode_000/predictions.jsonl,f7552f292850f04da1fc6ade73396844f51d4548ad617d3723b34417db77a77b,True,1243,172,1415,2.6064943340606987,2.6032219160115346,[0.0],[0],[0],True,,,False,not_applicable,,False,not_applicable,,False,not_applicable,,False,not_applicable,,False,not_applicable,,,,,,,,,,,
24b1d7ccec9028e6714fe5f9acd5013092b6ba56516ff5a651fc46b3cae55ef0,3.5__MountainCar-v0__next-action__H20,MountainCar-v0,next-action,20,1,21,data/llmx_data/offline_data/physics_data/raw_transitions/MountainCar-v0/episodes/episode_0.npz,62,experiments/03_1_gpt35_history_n30_joint/results/records.jsonl,experiments/03_1_gpt35_history_n30_joint/results/runs/3.5__MountainCar-v0__next-action__H20/episode_000/predictions.jsonl,f4384a9df6b01a3fec9d605c39ef9c50641b2e7a491a19e584a36470d0b0ee25,True,1243,199,1442,1.621059583965689,1.6172289999667555,[0.0],[0],[0],True,,,False,not_applicable,,False,not_applicable,,False,not_applicable,,False,not_applicable,,False,not_applicable,,,,,,,,,,,
7d3ff6c66702563a0a6f96dd0a4089e4d2c01d70c59c39e12b028274538fd86b,3.5__MountainCar-v0__next-action__H20,MountainCar-v0,next-action,20,2,22,data/llmx_data/offline_data/physics_data/raw_transitions/MountainCar-v0/episodes/episode_0.npz,63,experiments/03_1_gpt35_history_n30_joint/results/records.jsonl,experiments/03_1_gpt35_history_n30_joint/results/runs/3.5__MountainCar-v0__next-action__H20/episode_000/predictions.jsonl,0c854242de4015b6518fd0586824af219bf424b7395d197fb75b22000dd6361d,True,1241,175,1416,2.4505627090111375,2.4467941250186414,[0.0],[0],[0],True,,,False,not_applicable,,False,not_applicable,,False,not_applicable,,False,not_applicable,,False,not_applicable,,,,,,,,,,,
bb16494393458724b48e3cba638d1d4335989e981ea5f22d502761278e58a75b,3.5__MountainCar-v0__next-action__H20,MountainCar-v0,next-action,20,3,23,data/llmx_data/offline_data/physics_data/raw_transitions/MountainCar-v0/episodes/episode_0.npz,64,experiments/03_1_gpt35_history_n30_joint/results/records.jsonl,experiments/03_1_gpt35_history_n30_joint/results/runs/3.5__MountainCar-v0__next-action__H20/episode_000/predictions.jsonl,78e6d422b8624dc14837ebdb9008085978f3696ec2beda7e6d9ea7bf076120f5,True,1240,158,1398,1.9605908750090748,1.9564840409439057,[0.0],[0],[2],True,,,False,not_applicable,,False,not_applicable,,False,not_applicable,,False,not_applicable,,False,not_applicable,,,,,,,,,,,
557f419b76da8fff3d3916ac124f9726ab139b0e170412e2d336bf93b68ab0b0,3.5__MountainCar-v0__next-action__H20,MountainCar-v0,next-action,20,4,24,data/llmx_data/offline_data/physics_data/raw_transitions/MountainCar-v0/episodes/episode_0.npz,65,experiments/03_1_gpt35_history_n30_joint/results/records.jsonl,experiments/03_1_gpt35_history_n30_joint/results/runs/3.5__MountainCar-v0__next-action__H20/episode_000/predictions.jsonl,fa089d3cb19ba1c3c333659c22307a4c9c142f9b262b04908429cbf8faf1cdf1,True,1239,135,1374,2.1315315830288455,2.1270473750773817,[0.0],[0],[0],True,,,False,not_applicable,,False,not_applicable,,False,not_applicable,,False,not_applicable,,False,not_applicable,,,,,,,,,,,
e2071ea55424bf3d8c330be7c278a71037eaf3f48cdd69748305ba2e97844b54,3.5__MountainCar-v0__next-action__H20,MountainCar-v0,next-action,20,5,25,data/llmx_data/offline_data/physics_data/raw_transitions/MountainCar-v0/episodes/episode_0.npz,66,experiments/03_1_gpt35_history_n30_joint/results/records.jsonl,experiments/03_1_gpt35_history_n30_joint/results/runs/3.5__MountainCar-v0__next-action__H20/episode_000/predictions.jsonl,78c3cff1b0e9f218b60a27f348dd23077b65e3249f34f3a995e9d1862385ff07,True,1238,176,1414,1.3615911250235513,1.3572337919613346,[0.0],[0],[0],True,,,False,not_applicable,,False,not_applicable,,False,not_applicable,,False,not_applicable,,False,not_applicable,,,,,,,,,,,
34d4ed83188d855ca725362e28c283b9ee5d75f13b22888937377e2d92edccd2,3.5__MountainCar-v0__next-action__H20,MountainCar-v0,next-action,20,6,26,data/llmx_data/offline_data/physics_data/raw_transitions/MountainCar-v0/episodes/episode_0.npz,67,experiments/03_1_gpt35_history_n30_joint/results/records.jsonl,experiments/03_1_gpt35_history_n30_joint/results/runs/3.5__MountainCar-v0__next-action__H20/episode_000/predictions.jsonl,56d4112bef5e0a109b108375beb9a322174a6f080db67c11977510698079e8c5,True,1236,143,1379,2.316323124920018,2.31319862511009,[0.0],[0],[0],True,,,False,not_applicable,,False,not_applicable,,False,not_applicable,,False,not_applicable,,False,not_applicable,,,,,,,,,,,
653ca0f56cecfe454daa9bb987fbc28acfebf7141af9067f7b8f11fb4ce7c70c,3.5__MountainCar-v0__next-action__H20,MountainCar-v0,next-action,20,7,27,data/llmx_data/offline_data/physics_data/raw_transitions/MountainCar-v0/episodes/episode_0.npz,68,experiments/03_1_gpt35_history_n30_joint/results/records.jsonl,experiments/03_1_gpt35_history_n30_joint/results/runs/3.5__MountainCar-v0__next-action__H20/episode_000/predictions.jsonl,ddc2f707788cb5be69accffea5f9b1c73337495dde08f945dd7b0c04e3eb2b25,True,1235,143,1378,2.0634443330345675,2.060716583044268,[0.0],[0],[0],True,,,False,not_applicable,,False,not_applicable,,False,not_applicable,,False,not_applicable,,False,not_applicable,,,,,,,,,,,
227066a2442ceddcd3a56929eaca83a63c56918544835e5f671357722e9f9d3a,3.5__MountainCar-v0__next-action__H20,MountainCar-v0,next-action,20,8,28,data/llmx_data/offline_data/physics_data/raw_transitions/MountainCar-v0/episodes/episode_0.npz,69,experiments/03_1_gpt35_history_n30_joint/results/records.jsonl,experiments/03_1_gpt35_history_n30_joint/results/runs/3.5__MountainCar-v0__next-action__H20/episode_000/predictions.jsonl,34f58587f0292a38c847f7bea825e43e47525194abf888be15a9262554b74d8d,True,1233,150,1383,1.5306724170222878,1.5277098329970613,[0.0],[0],[0],True,,,False,not_applicable,,False,not_applicable,,False,not_applicable,,False,not_applicable,,False,not_applicable,,,,,,,,,,,
7ed6850855d2c2c48233aebde35f4d1d13774271c4408a96b0d55956aca8d1d1,3.5__MountainCar-v0__next-action__H20,MountainCar-v0,next-action,20,9,29,data/llmx_data/offline_data/physics_data/raw_transitions/MountainCar-v0/episodes/episode_0.npz,70,experiments/03_1_gpt35_history_n30_joint/results/records.jsonl,experiments/03_1_gpt35_history_n30_joint/results/runs/3.5__MountainCar-v0__next-action__H20/episode_000/predictions.jsonl,fcb6b414dffc333ed79abe04d1c50f769e997d56d9f249af3e4b75dd25640071,True,1233,133,1366,1.3913696249946952,1.3886116250650957,[0.0],[0],[0],True,,,False,not_applicable,,False,not_applicable,,False,not_applicable,,False,not_applicable,,False,not_applicable,,,,,,,,,,,
a667e50b180f3ce849b0e84277a9125f12048fea42ed0b9244969c9266f60867,3.5__MountainCar-v0__next-action__H20,MountainCar-v0,next-action,20,10,30,data/llmx_data/offline_data/physics_data/raw_transitions/MountainCar-v0/episodes/episode_0.npz,71,experiments/03_1_gpt35_history_n30_joint/results/records.jsonl,experiments/03_1_gpt35_history_n30_joint/results/runs/3.5__MountainCar-v0__next-action__H20/episode_000/predictions.jsonl,12c82678867ffe3613dcfcc1e36d4c68cdd0611a7e3b5b73ba763edafc044766,True,1232,119,1351,3.088535959017463,3.0858606250258163,[0.0],[0],[0],True,,,False,not_applicable,,False,not_applicable,,False,not_applicable,,False,not_applicable,,False,not_applicable,,,,,,,,,,,
f72ccb9c5aa439fa37af80048dd14240f95eecd9316c351d37afd57e3d65aa6a,3.5__MountainCar-v0__next-action__H20,MountainCar-v0,next-action,20,11,31,data/llmx_data/offline_data/physics_data/raw_transitions/MountainCar-v0/episodes/episode_0.npz,72,experiments/03_1_gpt35_history_n30_joint/results/records.jsonl,experiments/03_1_gpt35_history_n30_joint/results/runs/3.5__MountainCar-v0__next-action__H20/episode_000/predictions.jsonl,4760f1d8fc2ee150b30f3fe94e313028536b0d0799fa52f09390c1f4df07c6bb,True,1231,152,1383,2.151332584093325,2.1480577080510557,[0.0],[0],[0],True,,,False,not_applicable,,False,not_applicable,,False,not_applicable,,False,not_applicable,,False,not_applicable,,,,,,,,,,,
ebedf1afa1a0486869b43e2c2d3b9cf53767d7711d6fb1133ac9c481f74deb44,3.5__MountainCar-v0__next-action__H20,MountainCar-v0,next-action,20,12,32,data/llmx_data/offline_data/physics_data/raw_transitions/MountainCar-v0/episodes/episode_0.npz,73,experiments/03_1_gpt35_history_n30_joint/results/records.jsonl,experiments/03_1_gpt35_history_n30_joint/results/runs/3.5__MountainCar-v0__next-action__H20/episode_000/predictions.jsonl,9b00bf9ebf3851b76701e09065ec79bed59570e04821876a695535a696e995eb,True,1230,128,1358,1.2716979589313269,1.2671289580175653,[0.0],[0],[2],True,,,False,not_applicable,,False,not_applicable,,False,not_applicable,,False,not_applicable,,False,not_applicable,,,,,,,,,,,
959eebc32e7fd2f65c95517d71d0b2fa6017aa7c64e1a24bcdd6f54d7434b144,3.5__MountainCar-v0__next-action__H20,MountainCar-v0,next-action,20,13,33,data/llmx_data/offline_data/physics_data/raw_transitions/MountainCar-v0/episodes/episode_0.npz,74,experiments/03_1_gpt35_history_n30_joint/results/records.jsonl,experiments/03_1_gpt35_history_n30_joint/results/runs/3.5__MountainCar-v0__next-action__H20/episode_000/predictions.jsonl,cf550d2731c265e969571ee7d452502d7c7d7b685657a74c127eb8148d638ddf,True,1229,133,1362,1.8975070419255644,1.8932051250012591,[0.0],[0],[0],True,,,False,not_applicable,,False,not_applicable,,False,not_applicable,,False,not_applicable,,False,not_applicable,,,,,,,,,,,
e3b7de6842f1d1a921e2732f2ac6c7166348ef7eb70fd288be4b28c1c7241668,3.5__MountainCar-v0__next-action__H20,MountainCar-v0,next-action,20,14,34,data/llmx_data/offline_data/physics_data/raw_transitions/MountainCar-v0/episodes/episode_0.npz,75,experiments/03_1_gpt35_history_n30_joint/results/records.jsonl,experiments/03_1_gpt35_history_n30_joint/results/runs/3.5__MountainCar-v0__next-action__H20/episode_000/predictions.jsonl,ac2f4d450ad0951f665797658697af2128b1c79a2efbe266cd8864bee2f1a2cc,True,1227,161,1388,1.6917827079305425,1.6881397910183296,[0.0],[0],[0],True,,,False,not_applicable,,False,not_applicable,,False,not_applicable,,False,not_applicable,,False,not_applicable,,,,,,,,,,,
0c6a5c486d1306874570e3012b8952deb8af15a52964421c26761f02ae8e48e7,3.5__MountainCar-v0__next-action__H20,MountainCar-v0,next-action,20,15,35,data/llmx_data/offline_data/physics_data/raw_transitions/MountainCar-v0/episodes/episode_0.npz,76,experiments/03_1_gpt35_history_n30_joint/results/records.jsonl,experiments/03_1_gpt35_history_n30_joint/results/runs/3.5__MountainCar-v0__next-action__H20/episode_000/predictions.jsonl,85493852cba1042bc0f2572eb5155b77c673983bff0646ba8d39f1cc51244bea,True,1226,158,1384,2.217180708074011,2.2142524999799207,[0.0],[0],[0],True,,,False,not_applicable,,False,not_applicable,,False,not_applicable,,False,not_applicable,,False,not_applicable,,,,,,,,,,,
32d01f527b8374289a2de586aa9a0cf98c3c8fea6a0229a8fcdccd7042f7f22b,3.5__MountainCar-v0__next-action__H20,MountainCar-v0,next-action,20,16,36,data/llmx_data/offline_data/physics_data/raw_transitions/MountainCar-v0/episodes/episode_0.npz,77,experiments/03_1_gpt35_history_n30_joint/results/records.jsonl,experiments/03_1_gpt35_history_n30_joint/results/runs/3.5__MountainCar-v0__next-action__H20/episode_000/predictions.jsonl,cb2e43eaaf4e3c876e0c0e302a7180f42726de72d733c7814a77ae0046366d8a,True,1218,146,1364,1.3308322080411017,1.327457582927309,[0.0],[0],[0],True,,,False,not_applicable,,False,not_applicable,,False,not_applicable,,False,not_applicable,,False,not_applicable,,,,,,,,,,,
10b115a45d42859dba20aa008f1de0b8af0d1987cbe55a831b8cfd27eb49dc80,3.5__MountainCar-v0__next-action__H20,MountainCar-v0,next-action,20,17,37,data/llmx_data/offline_data/physics_data/raw_transitions/MountainCar-v0/episodes/episode_0.npz,78,experiments/03_1_gpt35_history_n30_joint/results/records.jsonl,experiments/03_1_gpt35_history_n30_joint/results/runs/3.5__MountainCar-v0__next-action__H20/episode_000/predictions.jsonl,e7787d42fe15b97fb60a7fb630404a95f575b16f0d5aa37d6ecc660e8307888b,True,1216,151,1367,2.2226977919926867,2.2190669170813635,[0.0],[0],[0],True,,,False,not_applicable,,False,not_applicable,,False,not_applicable,,False,not_applicable,,False,not_applicable,,,,,,,,,,,
61c54ec45e3566a646325feb126bfdf14ad82344bb7b29d4499c27941d770563,3.5__MountainCar-v0__next-action__H20,MountainCar-v0,next-action,20,18,38,data/llmx_data/offline_data/physics_data/raw_transitions/MountainCar-v0/episodes/episode_0.npz,79,experiments/03_1_gpt35_history_n30_joint/results/records.jsonl,experiments/03_1_gpt35_history_n30_joint/results/runs/3.5__MountainCar-v0__next-action__H20/episode_000/predictions.jsonl,006ec56a4f31db6b3fe2febb640105f238002484c5b693d7a5e1ed4518411aa9,True,1216,151,1367,3.1019816250773147,3.0986525419866666,[0.0],[0],[2],True,,,False,not_applicable,,False,not_applicable,,False,not_applicable,,False,not_applicable,,False,not_applicable,,,,,,,,,,,
b15e8584e18bc8540dd246d1311c60e37eb2fcbd76c1c7f04415c4553c3a31d1,3.5__MountainCar-v0__next-action__H20,MountainCar-v0,next-action,20,19,39,data/llmx_data/offline_data/physics_data/raw_transitions/MountainCar-v0/episodes/episode_0.npz,80,experiments/03_1_gpt35_history_n30_joint/results/records.jsonl,experiments/03_1_gpt35_history_n30_joint/results/runs/3.5__MountainCar-v0__next-action__H20/episode_000/predictions.jsonl,457a3ca6be5db46fdc7fd2591eb06d02afdde2562e9341a8897384a6db8dc2a8,True,1216,162,1378,2.1456625839928165,2.141786540974863,[0.0],[0],[0],True,,,False,not_applicable,,False,not_applicable,,False,not_applicable,,False,not_applicable,,False,not_applicable,,,,,,,,,,,
04a91846935dcd704a1f3060710c75bbca9c167d3eb7a4c49469ee79639f3754,3.5__MountainCar-v0__next-action__H20,MountainCar-v0,next-action,20,20,40,data/llmx_data/offline_data/physics_data/raw_transitions/MountainCar-v0/episodes/episode_0.npz,81,experiments/03_1_gpt35_history_n30_joint/results/records.jsonl,experiments/03_1_gpt35_history_n30_joint/results/runs/3.5__MountainCar-v0__next-action__H20/episode_000/predictions.jsonl,6417375004075f0237b40d759960b04c47074240d41817b22b62b479f0d7c33a,True,1215,135,1350,1.9157297499477863,1.912195959012024,[0.0],[0],[0],True,,,False,not_applicable,,False,not_applicable,,False,not_applicable,,False,not_applicable,,False,not_applicable,,,,,,,,,,,
ff7b4202123e26d6954e7ba79831072da8b44cd416f158cc08635a472a9ae98a,3.5__MountainCar-v0__next-action__H20,MountainCar-v0,next-action,20,21,41,data/llmx_data/offline_data/physics_data/raw_transitions/MountainCar-v0/episodes/episode_0.npz,82,experiments/03_1_gpt35_history_n30_joint/results/records.jsonl,experiments/03_1_gpt35_history_n30_joint/results/runs/3.5__MountainCar-v0__next-action__H20/episode_000/predictions.jsonl,5fda739be286b43b6f34856322bfdea9318461c1ab6b12791fc03f9d57062d43,True,1215,145,1360,1.5633388749556616,1.5600910830544308,[0.0],[0],[0],True,,,False,not_applicable,,False,not_applicable,,False,not_applicable,,False,not_applicable,,False,not_applicable,,,,,,,,,,,
94127af68db66b1e7a0ba44806f8036247178ffe0ba327993010f2514178443e,3.5__MountainCar-v0__next-action__H20,MountainCar-v0,next-action,20,22,42,data/llmx_data/offline_data/physics_data/raw_transitions/MountainCar-v0/episodes/episode_0.npz,83,experiments/03_1_gpt35_history_n30_joint/results/records.jsonl,experiments/03_1_gpt35_history_n30_joint/results/runs/3.5__MountainCar-v0__next-action__H20/episode_000/predictions.jsonl,9a1ef52f0211bea7491acb5715d4de65a31bc11c7d7b245b395542bf1d9b9e15,True,1215,158,1373,2.74793083302211,2.7457946670474485,[0.0],[0],[2],True,,,False,not_applicable,,False,not_applicable,,False,not_applicable,,False,not_applicable,,False,not_applicable,,,,,,,,,,,
f0959b99f18a4865c97ec4b48ddf0dab118233700699ed16e46a108dcfe897f1,3.5__MountainCar-v0__next-action__H20,MountainCar-v0,next-action,20,23,43,data/llmx_data/offline_data/physics_data/raw_transitions/MountainCar-v0/episodes/episode_0.npz,84,experiments/03_1_gpt35_history_n30_joint/results/records.jsonl,experiments/03_1_gpt35_history_n30_joint/results/runs/3.5__MountainCar-v0__next-action__H20/episode_000/predictions.jsonl,9f22912565eeaaab583e1a282d80a61698c4e0abdaa5b919e5e70b7e26c07995,True,1215,161,1376,1.430750707979314,1.4262511249398813,[0.0],[0],[0],True,,,False,not_applicable,,False,not_applicable,,False,not_applicable,,False,not_applicable,,False,not_applicable,,,,,,,,,,,
d167d950717b116b340774b7f9168260ccd460b361cf6225cf47b3929e3bfae9,3.5__MountainCar-v0__next-action__H20,MountainCar-v0,next-action,20,24,44,data/llmx_data/offline_data/physics_data/raw_transitions/MountainCar-v0/episodes/episode_0.npz,85,experiments/03_1_gpt35_history_n30_joint/results/records.jsonl,experiments/03_1_gpt35_history_n30_joint/results/runs/3.5__MountainCar-v0__next-action__H20/episode_000/predictions.jsonl,3b3476619c1b93b9092c5bfafa684d13cf6534717d43d36324461ef185a5f17f,True,1215,150,1365,2.234037208952941,2.2301533330464736,[0.0],[0],[0],True,,,False,not_applicable,,False,not_applicable,,False,not_applicable,,False,not_applicable,,False,not_applicable,,,,,,,,,,,
d0606bfcfc7e6e6d638cf57fa948981cb7802910bebcbca6bb09f67ee7a3284d,3.5__MountainCar-v0__next-action__H20,MountainCar-v0,next-action,20,25,45,data/llmx_data/offline_data/physics_data/raw_transitions/MountainCar-v0/episodes/episode_0.npz,86,experiments/03_1_gpt35_history_n30_joint/results/records.jsonl,experiments/03_1_gpt35_history_n30_joint/results/runs/3.5__MountainCar-v0__next-action__H20/episode_000/predictions.jsonl,13810a9db55b24c0494cdab5beecde978b8d321ef1d395ea431b114c9e60413e,True,1215,141,1356,2.466696499963291,2.4616057079983875,[0.0],[0],[0],True,,,False,not_applicable,,False,not_applicable,,False,not_applicable,,False,not_applicable,,False,not_applicable,,,,,,,,,,,
df24ee5ae1ab597716375538effd4de64235377572b0ee6eb0a72c54e35031df,3.5__MountainCar-v0__next-action__H20,MountainCar-v0,next-action,20,26,46,data/llmx_data/offline_data/physics_data/raw_transitions/MountainCar-v0/episodes/episode_0.npz,87,experiments/03_1_gpt35_history_n30_joint/results/records.jsonl,experiments/03_1_gpt35_history_n30_joint/results/runs/3.5__MountainCar-v0__next-action__H20/episode_000/predictions.jsonl,f850b12d9cbe5bd6492c77697716227754ef38443854244e11fdd9026224b585,True,1216,142,1358,2.1361256249947473,2.132025499944575,[0.0],[0],[0],True,,,False,not_applicable,,False,not_applicable,,False,not_applicable,,False,not_applicable,,False,not_applicable,,,,,,,,,,,
2fbe439904121b7d524d7ac6c87a08305e8e7975d0c37ab93bdfb9ab7cd168d9,3.5__MountainCar-v0__next-action__H20,MountainCar-v0,next-action,20,27,47,data/llmx_data/offline_data/physics_data/raw_transitions/MountainCar-v0/episodes/episode_0.npz,88,experiments/03_1_gpt35_history_n30_joint/results/records.jsonl,experiments/03_1_gpt35_history_n30_joint/results/runs/3.5__MountainCar-v0__next-action__H20/episode_000/predictions.jsonl,fa6fe9b8ba1f9833b620a33186762f4923afc54187f9fe2793231c735bc93dd3,True,1216,138,1354,3.183505624998361,3.1805985829560086,[0.0],[0],[0],True,,,False,not_applicable,,False,not_applicable,,False,not_applicable,,False,not_applicable,,False,not_applicable,,,,,,,,,,,
26d3bb53e7dcdac6cbad9c1988ca823fd093667dabc36b459cbcdaa4130c3981,3.5__MountainCar-v0__next-action__H20,MountainCar-v0,next-action,20,28,48,data/llmx_data/offline_data/physics_data/raw_transitions/MountainCar-v0/episodes/episode_0.npz,89,experiments/03_1_gpt35_history_n30_joint/results/records.jsonl,experiments/03_1_gpt35_history_n30_joint/results/runs/3.5__MountainCar-v0__next-action__H20/episode_000/predictions.jsonl,b42f78d0398c8bd526626ee353f15621a2208e50160cde47fd4485aa47abf6e8,True,1217,131,1348,1.2329617080977187,1.2285231669666246,[0.0],[0],[0],True,,,False,not_applicable,,False,not_applicable,,False,not_applicable,,False,not_applicable,,False,not_applicable,,,,,,,,,,,
dbb5f745ebe2acdbb567776a44664c13aef480389818941c3483e54a7f1a01d3,3.5__MountainCar-v0__next-action__H20,MountainCar-v0,next-action,20,29,49,data/llmx_data/offline_data/physics_data/raw_transitions/MountainCar-v0/episodes/episode_0.npz,90,experiments/03_1_gpt35_history_n30_joint/results/records.jsonl,experiments/03_1_gpt35_history_n30_joint/results/runs/3.5__MountainCar-v0__next-action__H20/episode_000/predictions.jsonl,8e0e233ad61023844f215225c72732d5897168aa5a429c49a066fafc8a486b9f,True,1217,127,1344,1.3130120419664308,1.3089618750382215,[0.0],[0],[0],True,,,False,not_applicable,,False,not_applicable,,False,not_applicable,,False,not_applicable,,False,not_applicable,,,,,,,,,,,
22f563a3c2672a713f398d3f081d603769d0985305abc9a5c09e1558b687773d,3.5__MountainCar-v0__next-action__H30,MountainCar-v0,next-action,30,0,30,data/llmx_data/offline_data/physics_data/raw_transitions/MountainCar-v0/episodes/episode_0.npz,91,experiments/03_1_gpt35_history_n30_joint/results/records.jsonl,experiments/03_1_gpt35_history_n30_joint/results/runs/3.5__MountainCar-v0__next-action__H30/episode_000/predictions.jsonl,0f10d721dc04f704f28a4daba49466dead2f9cdca170b8d03103c2b6da2bd497,True,1560,131,1691,3.929279666976072,3.925712833995931,[0.0],[0],[0],True,,,False,not_applicable,,False,not_applicable,,False,not_applicable,,False,not_applicable,,False,not_applicable,,,,,,,,,,,
a02d0d99c0453c971d6164964476ff76644bd58c4645c79e3d54c87ab18c18fc,3.5__MountainCar-v0__next-action__H30,MountainCar-v0,next-action,30,1,31,data/llmx_data/offline_data/physics_data/raw_transitions/MountainCar-v0/episodes/episode_0.npz,92,experiments/03_1_gpt35_history_n30_joint/results/records.jsonl,experiments/03_1_gpt35_history_n30_joint/results/runs/3.5__MountainCar-v0__next-action__H30/episode_000/predictions.jsonl,f8c120bf00e588008bf389dbc215e69ccd9382759470c4aa803f82c6c34305cf,True,1560,133,1693,1.2907033750088885,1.2881341660395265,[0.0],[0],[0],True,,,False,not_applicable,,False,not_applicable,,False,not_applicable,,False,not_applicable,,False,not_applicable,,,,,,,,,,,
4680480d6b0563a9cb281fd26fefbe0dc3e0be578ac0b1d2d9741637d99e84df,3.5__MountainCar-v0__next-action__H30,MountainCar-v0,next-action,30,2,32,data/llmx_data/offline_data/physics_data/raw_transitions/MountainCar-v0/episodes/episode_0.npz,93,experiments/03_1_gpt35_history_n30_joint/results/records.jsonl,experiments/03_1_gpt35_history_n30_joint/results/runs/3.5__MountainCar-v0__next-action__H30/episode_000/predictions.jsonl,c1795394e4c2e1d6f3fe52ed128e3373e85024b10c420ecb767ba2ab02ca3c65,True,1559,157,1716,3.7493879590183496,3.7463205410167575,[0.0],[0],[0],True,,,False,not_applicable,,False,not_applicable,,False,not_applicable,,False,not_applicable,,False,not_applicable,,,,,,,,,,,
a2315aa3a16f811d19ed76825519a0e92247f80595c8c435f070d79cf7568466,3.5__MountainCar-v0__next-action__H30,MountainCar-v0,next-action,30,3,33,data/llmx_data/offline_data/physics_data/raw_transitions/MountainCar-v0/episodes/episode_0.npz,94,experiments/03_1_gpt35_history_n30_joint/results/records.jsonl,experiments/03_1_gpt35_history_n30_joint/results/runs/3.5__MountainCar-v0__next-action__H30/episode_000/predictions.jsonl,a84f8e44fd76cfe70a605c79cf8184ba76d8620d32d95e0e239cad7ba599177b,True,1558,131,1689,3.597777249990031,3.5945358749013394,[0.0],[0],[0],True,,,False,not_applicable,,False,not_applicable,,False,not_applicable,,False,not_applicable,,False,not_applicable,,,,,,,,,,,
c25c05d9070878be2c4a7e3a59b3b125f87460dd4972641c838286abc8332f9b,3.5__MountainCar-v0__next-action__H30,MountainCar-v0,next-action,30,4,34,data/llmx_data/offline_data/physics_data/raw_transitions/MountainCar-v0/episodes/episode_0.npz,95,experiments/03_1_gpt35_history_n30_joint/results/records.jsonl,experiments/03_1_gpt35_history_n30_joint/results/runs/3.5__MountainCar-v0__next-action__H30/episode_000/predictions.jsonl,158bd77900503c1339372721f698e1e1e38b6397669ee9f841904e9aece48dc1,True,1556,147,1703,2.163612416945398,2.1606442919000983,[0.0],[0],[0],True,,,False,not_applicable,,False,not_applicable,,False,not_applicable,,False,not_applicable,,False,not_applicable,,,,,,,,,,,
3b9eaf5ac75ceb9336f81f438bea835fcc338eda3dc36c0e6877c63e58c6c5b9,3.5__MountainCar-v0__next-action__H30,MountainCar-v0,next-action,30,5,35,data/llmx_data/offline_data/physics_data/raw_transitions/MountainCar-v0/episodes/episode_0.npz,96,experiments/03_1_gpt35_history_n30_joint/results/records.jsonl,experiments/03_1_gpt35_history_n30_joint/results/runs/3.5__MountainCar-v0__next-action__H30/episode_000/predictions.jsonl,ad7dbb2aa45a8884ec0ee17f2a4ce2af45735dffccbc6189302138169c00c406,True,1555,152,1707,1.864682542043738,1.860095791053027,[0.0],[0],[0],True,,,False,not_applicable,,False,not_applicable,,False,not_applicable,,False,not_applicable,,False,not_applicable,,,,,,,,,,,
6153b580c81372017b18daff3292c9c9856aa44a753297a963a933997db079ca,3.5__MountainCar-v0__next-action__H30,MountainCar-v0,next-action,30,6,36,data/llmx_data/offline_data/physics_data/raw_transitions/MountainCar-v0/episodes/episode_0.npz,97,experiments/03_1_gpt35_history_n30_joint/results/records.jsonl,experiments/03_1_gpt35_history_n30_joint/results/runs/3.5__MountainCar-v0__next-action__H30/episode_000/predictions.jsonl,12f8da6498d2dbe866cf492e16317bcce4b61cd51f2a048ff96886a03ec9fa32,True,1553,149,1702,1.65893383405637,1.6550998750608414,[0.0],[0],[0],True,,,False,not_applicable,,False,not_applicable,,False,not_applicable,,False,not_applicable,,False,not_applicable,,,,,,,,,,,
a0b547fb2a16fd69b318bdc99ab093aa06fc8ac03d34e7967fb1be6e949b1155,3.5__MountainCar-v0__next-action__H30,MountainCar-v0,next-action,30,7,37,data/llmx_data/offline_data/physics_data/raw_transitions/MountainCar-v0/episodes/episode_0.npz,98,experiments/03_1_gpt35_history_n30_joint/results/records.jsonl,experiments/03_1_gpt35_history_n30_joint/results/runs/3.5__MountainCar-v0__next-action__H30/episode_000/predictions.jsonl,c195c71750796e40d911fbdc4b5764573bac3e9186df43e64d9897069f11a19b,True,1550,169,1719,2.037133540958166,2.0343662910163403,[0.0],[0],[0],True,,,False,not_applicable,,False,not_applicable,,False,not_applicable,,False,not_applicable,,False,not_applicable,,,,,,,,,,,
c621ff9df6e5103c7f5ba871448bf8bde15d30bdba900e6d8ca96b006cc3ff82,3.5__MountainCar-v0__next-action__H30,MountainCar-v0,next-action,30,8,38,data/llmx_data/offline_data/physics_data/raw_transitions/MountainCar-v0/episodes/episode_0.npz,99,experiments/03_1_gpt35_history_n30_joint/results/records.jsonl,experiments/03_1_gpt35_history_n30_joint/results/runs/3.5__MountainCar-v0__next-action__H30/episode_000/predictions.jsonl,6ff6a1bb2fb10593472b27bb5ec1d29f089179d4efd0800ec42e971482da4da3,True,1549,142,1691,2.24219995806925,2.237918416969478,[0.0],[0],[0],True,,,False,not_applicable,,False,not_applicable,,False,not_applicable,,False,not_applicable,,False,not_applicable,,,,,,,,,,,
0da9a0d1d5ccd47ecc27cbf27469062b7fa4e93fe065e74cbf750ea8ecd574da,3.5__MountainCar-v0__next-action__H30,MountainCar-v0,next-action,30,9,39,data/llmx_data/offline_data/physics_data/raw_transitions/MountainCar-v0/episodes/episode_0.npz,100,experiments/03_1_gpt35_history_n30_joint/results/records.jsonl,experiments/03_1_gpt35_history_n30_joint/results/runs/3.5__MountainCar-v0__next-action__H30/episode_000/predictions.jsonl,e779becf8f19dfa0bf8e18bdf9bab772e80d78ebe68696bbbca6258b6ff88619,True,1549,126,1675,1.3275707078864798,1.3240977079840377,[0.0],[0],[0],True,,,False,not_applicable,,False,not_applicable,,False,not_applicable,,False,not_applicable,,False,not_applicable,,,,,,,,,,,
b5cdfc916d43d123798558ab919e3327250e56842537109fccdd1bbccdc0ff03,3.5__MountainCar-v0__next-action__H30,MountainCar-v0,next-action,30,10,40,data/llmx_data/offline_data/physics_data/raw_transitions/MountainCar-v0/episodes/episode_0.npz,101,experiments/03_1_gpt35_history_n30_joint/results/records.jsonl,experiments/03_1_gpt35_history_n30_joint/results/runs/3.5__MountainCar-v0__next-action__H30/episode_000/predictions.jsonl,fcb31eb51c96baf83aa51d9734183b8008de358651eb86a54caf62166992eb3c,True,1547,132,1679,1.5022194579942152,1.4980308330850676,[0.0],[0],[0],True,,,False,not_applicable,,False,not_applicable,,False,not_applicable,,False,not_applicable,,False,not_applicable,,,,,,,,,,,
f89a3af6078db0be8e9ac18c9e2161fa9367b75d1451aede0ecc66a3895a483c,3.5__MountainCar-v0__next-action__H30,MountainCar-v0,next-action,30,11,41,data/llmx_data/offline_data/physics_data/raw_transitions/MountainCar-v0/episodes/episode_0.npz,102,experiments/03_1_gpt35_history_n30_joint/results/records.jsonl,experiments/03_1_gpt35_history_n30_joint/results/runs/3.5__MountainCar-v0__next-action__H30/episode_000/predictions.jsonl,5b50b1b73e1f10b51ac55301e781476b576776df942909278572977b2ddd4b79,True,1546,118,1664,1.3155498339328915,1.3117276669945568,[0.0],[0],[0],True,,,False,not_applicable,,False,not_applicable,,False,not_applicable,,False,not_applicable,,False,not_applicable,,,,,,,,,,,
cc66f6f4286174330d27a668244d90f9737430a5d333b3e6617b0eb1024c9086,3.5__MountainCar-v0__next-action__H30,MountainCar-v0,next-action,30,12,42,data/llmx_data/offline_data/physics_data/raw_transitions/MountainCar-v0/episodes/episode_0.npz,103,experiments/03_1_gpt35_history_n30_joint/results/records.jsonl,experiments/03_1_gpt35_history_n30_joint/results/runs/3.5__MountainCar-v0__next-action__H30/episode_000/predictions.jsonl,ca4a617e0204fd570198a500c19a8a8dbf7bd97ea11719fd48d038491c1c98de,True,1544,131,1675,1.8735399160068482,1.8705517910420895,[0.0],[0],[0],True,,,False,not_applicable,,False,not_applicable,,False,not_applicable,,False,not_applicable,,False,not_applicable,,,,,,,,,,,
9468a2e4cedd654106769b8199f56d3e6ea60767cea8d6a2a75df7495fbd0b79,3.5__MountainCar-v0__next-action__H30,MountainCar-v0,next-action,30,13,43,data/llmx_data/offline_data/physics_data/raw_transitions/MountainCar-v0/episodes/episode_0.npz,104,experiments/03_1_gpt35_history_n30_joint/results/records.jsonl,experiments/03_1_gpt35_history_n30_joint/results/runs/3.5__MountainCar-v0__next-action__H30/episode_000/predictions.jsonl,1ae7716229c1737ab125a29953a9a1bafd4788ff6801950cb81dc31086783083,True,1543,151,1694,1.2958649590145797,1.2915584580041468,[0.0],[0],[0],True,,,False,not_applicable,,False,not_applicable,,False,not_applicable,,False,not_applicable,,False,not_applicable,,,,,,,,,,,
ed418fc4b5d0cbd6a464a800ac109c7f702bb1e1f1d012af1c1ffb7c11fc5daf,3.5__MountainCar-v0__next-action__H30,MountainCar-v0,next-action,30,14,44,data/llmx_data/offline_data/physics_data/raw_transitions/MountainCar-v0/episodes/episode_0.npz,105,experiments/03_1_gpt35_history_n30_joint/results/records.jsonl,experiments/03_1_gpt35_history_n30_joint/results/runs/3.5__MountainCar-v0__next-action__H30/episode_000/predictions.jsonl,88a62c2be81b46b3eefee1d82323a2b6b3844e5d29b447ac9554e60771cdbd19,True,1542,119,1661,2.0142738330177963,2.0100780840730295,[0.0],[0],[0],True,,,False,not_applicable,,False,not_applicable,,False,not_applicable,,False,not_applicable,,False,not_applicable,,,,,,,,,,,
e91be58270b4bdc20cc4d496dc8372994e61498f725b290b92845ee157c04a97,3.5__MountainCar-v0__next-action__H30,MountainCar-v0,next-action,30,15,45,data/llmx_data/offline_data/physics_data/raw_transitions/MountainCar-v0/episodes/episode_0.npz,106,experiments/03_1_gpt35_history_n30_joint/results/records.jsonl,experiments/03_1_gpt35_history_n30_joint/results/runs/3.5__MountainCar-v0__next-action__H30/episode_000/predictions.jsonl,c0eedc058fa0fa47b331522a527384b183ef0876f590bbf87bc51e7c2041be88,True,1541,149,1690,1.8586606660392135,1.8546513750916347,[0.0],[0],[0],True,,,False,not_applicable,,False,not_applicable,,False,not_applicable,,False,not_applicable,,False,not_applicable,,,,,,,,,,,
204c6330c4d69eab68dfa03cee3e3e15f8ef706e992c105cbe230ae77d744c12,3.5__MountainCar-v0__next-action__H30,MountainCar-v0,next-action,30,16,46,data/llmx_data/offline_data/physics_data/raw_transitions/MountainCar-v0/episodes/episode_0.npz,107,experiments/03_1_gpt35_history_n30_joint/results/records.jsonl,experiments/03_1_gpt35_history_n30_joint/results/runs/3.5__MountainCar-v0__next-action__H30/episode_000/predictions.jsonl,44eff9ae0cfc6f294ea975f02306591e50834e506c9b36ba9c0543b772193645,True,1534,146,1680,1.2953362920088693,1.2912104580318555,[0.0],[0],[2],True,,,False,not_applicable,,False,not_applicable,,False,not_applicable,,False,not_applicable,,False,not_applicable,,,,,,,,,,,
f128bef31db3ca0c723e36367cb38e58823580893a1d12ecc89d9d9132ce46da,3.5__MountainCar-v0__next-action__H30,MountainCar-v0,next-action,30,17,47,data/llmx_data/offline_data/physics_data/raw_transitions/MountainCar-v0/episodes/episode_0.npz,108,experiments/03_1_gpt35_history_n30_joint/results/records.jsonl,experiments/03_1_gpt35_history_n30_joint/results/runs/3.5__MountainCar-v0__next-action__H30/episode_000/predictions.jsonl,6c5ca30477c38cb679f242428b4083072d27af84e7e446ccf5aac3023a6b80cd,True,1534,150,1684,1.6707579579669982,1.6670500839827582,[0.0],[0],[0],True,,,False,not_applicable,,False,not_applicable,,False,not_applicable,,False,not_applicable,,False,not_applicable,,,,,,,,,,,
2648de4292481fea735431dc320f95a118492438f810508d987faf9ce551547f,3.5__MountainCar-v0__next-action__H30,MountainCar-v0,next-action,30,18,48,data/llmx_data/offline_data/physics_data/raw_transitions/MountainCar-v0/episodes/episode_0.npz,109,experiments/03_1_gpt35_history_n30_joint/results/records.jsonl,experiments/03_1_gpt35_history_n30_joint/results/runs/3.5__MountainCar-v0__next-action__H30/episode_000/predictions.jsonl,30d625d2e02a12dd23d73412ba6387e42f897638ea9ac5e725f19f3517506c2a,True,1534,114,1648,1.8741627499694005,1.8709312910214067,[0.0],[0],[0],True,,,False,not_applicable,,False,not_applicable,,False,not_applicable,,False,not_applicable,,False,not_applicable,,,,,,,,,,,
d96909541f710cd48c0a65789d1556b0dd88b2ac75e429ae1f34be9bb648c0ed,3.5__MountainCar-v0__next-action__H30,MountainCar-v0,next-action,30,19,49,data/llmx_data/offline_data/physics_data/raw_transitions/MountainCar-v0/episodes/episode_0.npz,110,experiments/03_1_gpt35_history_n30_joint/results/records.jsonl,experiments/03_1_gpt35_history_n30_joint/results/runs/3.5__MountainCar-v0__next-action__H30/episode_000/predictions.jsonl,d465bc5e548929a6b40c0ea5870ab48645b48505072c2946692d9d78a93cc322,True,1534,134,1668,1.8688615419669077,1.8651457499945536,[0.0],[0],[0],True,,,False,not_applicable,,False,not_applicable,,False,not_applicable,,False,not_applicable,,False,not_applicable,,,,,,,,,,,
2230f3a34e9eb406ce05b32e28777d49d49eb41111ce60aa48bc9d7bb2a7ddd7,3.5__MountainCar-v0__next-action__H30,MountainCar-v0,next-action,30,20,50,data/llmx_data/offline_data/physics_data/raw_transitions/MountainCar-v0/episodes/episode_0.npz,111,experiments/03_1_gpt35_history_n30_joint/results/records.jsonl,experiments/03_1_gpt35_history_n30_joint/results/runs/3.5__MountainCar-v0__next-action__H30/episode_000/predictions.jsonl,b8bf1b1fc6611e441efd09fac95254c98b719f59728ab2175dc18fd052d7b081,True,1534,131,1665,1.4100353749236092,1.4062123750336468,[1.0],[1],[0],True,,,False,not_applicable,,False,not_applicable,,False,not_applicable,,False,not_applicable,,False,not_applicable,,,,,,,,,,,
f7a6869ff7e5b6adb12b048c65008d18a0025c46f63d16b93a228e479e5b0897,3.5__MountainCar-v0__next-action__H30,MountainCar-v0,next-action,30,21,51,data/llmx_data/offline_data/physics_data/raw_transitions/MountainCar-v0/episodes/episode_0.npz,112,experiments/03_1_gpt35_history_n30_joint/results/records.jsonl,experiments/03_1_gpt35_history_n30_joint/results/runs/3.5__MountainCar-v0__next-action__H30/episode_000/predictions.jsonl,3593d687e581f2b119989648456dace5b1553bd7e49a835361fd154ebbc2a578,True,1534,158,1692,2.514250166947022,2.510160333942622,[2.0],[2],[0],True,,,False,not_applicable,,False,not_applicable,,False,not_applicable,,False,not_applicable,,False,not_applicable,,,,,,,,,,,
9970ab1b7ce63a098d8892d5b8871112c67dfba3376c8982e4bd26890606a4b5,3.5__MountainCar-v0__next-action__H30,MountainCar-v0,next-action,30,22,52,data/llmx_data/offline_data/physics_data/raw_transitions/MountainCar-v0/episodes/episode_0.npz,113,experiments/03_1_gpt35_history_n30_joint/results/records.jsonl,experiments/03_1_gpt35_history_n30_joint/results/runs/3.5__MountainCar-v0__next-action__H30/episode_000/predictions.jsonl,2dd3ddf1d0b906bc87d84596f75848b86f75d76f2b3ae48c31d0bcaeba872edc,True,1541,152,1693,1.5725312500726432,1.5676773330196738,[2.0],[2],[0],True,,,False,not_applicable,,False,not_applicable,,False,not_applicable,,False,not_applicable,,False,not_applicable,,,,,,,,,,,
ad9ef56a13cead4ab44c22a90d1b247d8548c03e116a8db5e3a71be94113c181,3.5__MountainCar-v0__next-action__H30,MountainCar-v0,next-action,30,23,53,data/llmx_data/offline_data/physics_data/raw_transitions/MountainCar-v0/episodes/episode_0.npz,114,experiments/03_1_gpt35_history_n30_joint/results/records.jsonl,experiments/03_1_gpt35_history_n30_joint/results/runs/3.5__MountainCar-v0__next-action__H30/episode_000/predictions.jsonl,35ca93ce7a6e82e9271d67d79ddcc44390aea0bd1f81f095b269656900053fa0,True,1542,161,1703,2.1943427911028266,2.190791832981631,[2.0],[2],[0],True,,,False,not_applicable,,False,not_applicable,,False,not_applicable,,False,not_applicable,,False,not_applicable,,,,,,,,,,,
b09454246adf14e94de6d8881edab2ec205a04e16668f104c64c38347eb0215c,3.5__MountainCar-v0__next-action__H30,MountainCar-v0,next-action,30,24,54,data/llmx_data/offline_data/physics_data/raw_transitions/MountainCar-v0/episodes/episode_0.npz,115,experiments/03_1_gpt35_history_n30_joint/results/records.jsonl,experiments/03_1_gpt35_history_n30_joint/results/runs/3.5__MountainCar-v0__next-action__H30/episode_000/predictions.jsonl,4348de86b5cb21dc29a06c9129e8a87355f6b83809e931d5619a2b4404d81db1,True,1543,177,1720,2.6004361659288406,2.5966834590071812,[2.0],[2],[2],True,,,False,not_applicable,,False,not_applicable,,False,not_applicable,,False,not_applicable,,False,not_applicable,,,,,,,,,,,
969459cddcf91af319fdd80d12e635eab6df5d743ded9bb025c2872863ba2b65,3.5__MountainCar-v0__next-action__H30,MountainCar-v0,next-action,30,25,55,data/llmx_data/offline_data/physics_data/raw_transitions/MountainCar-v0/episodes/episode_0.npz,116,experiments/03_1_gpt35_history_n30_joint/results/records.jsonl,experiments/03_1_gpt35_history_n30_joint/results/runs/3.5__MountainCar-v0__next-action__H30/episode_000/predictions.jsonl,d3ae3de3f1682e5235656b6f8f3c40727345cae944889cc38ad2ffc71d6c63e5,True,1544,142,1686,3.0669819159666076,3.063405958004296,[2.0],[2],[2],True,,,False,not_applicable,,False,not_applicable,,False,not_applicable,,False,not_applicable,,False,not_applicable,,,,,,,,,,,
fbd1817ac58f8f5b56ca99d51a4cc474e8ea0cf9fe625ca9ff9b10fd9b442bd0,3.5__MountainCar-v0__next-action__H30,MountainCar-v0,next-action,30,26,56,data/llmx_data/offline_data/physics_data/raw_transitions/MountainCar-v0/episodes/episode_0.npz,117,experiments/03_1_gpt35_history_n30_joint/results/records.jsonl,experiments/03_1_gpt35_history_n30_joint/results/runs/3.5__MountainCar-v0__next-action__H30/episode_000/predictions.jsonl,82914cb5f2bcc4cc1c095b2ed7f72eae62804b8cf09752a0b581ccef505cbb6e,True,1546,152,1698,1.7830342079978436,1.7806641669012606,[2.0],[2],[2],True,,,False,not_applicable,,False,not_applicable,,False,not_applicable,,False,not_applicable,,False,not_applicable,,,,,,,,,,,
adf41eeb8d7ed9dcf7634855caa34dcc231b7fb95b936c329ee067968cadcff9,3.5__MountainCar-v0__next-action__H30,MountainCar-v0,next-action,30,27,57,data/llmx_data/offline_data/physics_data/raw_transitions/MountainCar-v0/episodes/episode_0.npz,118,experiments/03_1_gpt35_history_n30_joint/results/records.jsonl,experiments/03_1_gpt35_history_n30_joint/results/runs/3.5__MountainCar-v0__next-action__H30/episode_000/predictions.jsonl,53b9712ce082c8f415e70023f144a478fda20c0bbd38c431c5ed03a48df11e31,True,1547,166,1713,1.7947720000520349,1.791187082999386,[2.0],[2],[2],True,,,False,not_applicable,,False,not_applicable,,False,not_applicable,,False,not_applicable,,False,not_applicable,,,,,,,,,,,
312d275c5efa2380c04152443d1b5110a6100fb5f4668233b06f4cf86b659d2e,3.5__MountainCar-v0__next-action__H30,MountainCar-v0,next-action,30,28,58,data/llmx_data/offline_data/physics_data/raw_transitions/MountainCar-v0/episodes/episode_0.npz,119,experiments/03_1_gpt35_history_n30_joint/results/records.jsonl,experiments/03_1_gpt35_history_n30_joint/results/runs/3.5__MountainCar-v0__next-action__H30/episode_000/predictions.jsonl,80e47d37931ca4edde91b593cf4e8c0c5c6b21f534e8e88e0c067b2ed83ac995,True,1549,156,1705,2.208681417047046,2.2050088330870494,[2.0],[2],[2],True,,,False,not_applicable,,False,not_applicable,,False,not_applicable,,False,not_applicable,,False,not_applicable,,,,,,,,,,,
9c9d29e44d8b641e91912d197d96aad41b8b6ec79855f33a737eb08bdf14f339,3.5__MountainCar-v0__next-action__H30,MountainCar-v0,next-action,30,29,59,data/llmx_data/offline_data/physics_data/raw_transitions/MountainCar-v0/episodes/episode_0.npz,120,experiments/03_1_gpt35_history_n30_joint/results/records.jsonl,experiments/03_1_gpt35_history_n30_joint/results/runs/3.5__MountainCar-v0__next-action__H30/episode_000/predictions.jsonl,f400f2391ca8949917ed7366aa8cef841d2c54122577c64ebd4401afa945316c,True,1550,149,1699,2.069650583085604,2.0662552079884335,[2.0],[2],[2],True,,,False,not_applicable,,False,not_applicable,,False,not_applicable,,False,not_applicable,,False,not_applicable,,,,,,,,,,,
34bee24da7ff740551242874aedc7cb3560a1691a2d7ad7b5a92c0fe4ebd37b2,3.5__MountainCar-v0__last-action__H5,MountainCar-v0,last-action,5,0,5,data/llmx_data/offline_data/physics_data/raw_transitions/MountainCar-v0/episodes/episode_0.npz,121,experiments/03_1_gpt35_history_n30_joint/results/records.jsonl,experiments/03_1_gpt35_history_n30_joint/results/runs/3.5__MountainCar-v0__last-action__H5/episode_000/predictions.jsonl,ac67d1b58aacdc47e30c2658d59a32bd64d09f9e660f67f9bfdbfdffab556f9a,True,736,88,824,1.7238500829553232,1.721489957999438,[2.0],[2],[2],True,,,False,not_applicable,,False,not_applicable,,False,not_applicable,,False,not_applicable,,False,not_applicable,,,,,,,,,,,
203973e209e88938387b4e1dd109fdd9b0df5c7211f490f181edc07307348f8a,3.5__MountainCar-v0__last-action__H5,MountainCar-v0,last-action,5,1,6,data/llmx_data/offline_data/physics_data/raw_transitions/MountainCar-v0/episodes/episode_0.npz,122,experiments/03_1_gpt35_history_n30_joint/results/records.jsonl,experiments/03_1_gpt35_history_n30_joint/results/runs/3.5__MountainCar-v0__last-action__H5/episode_000/predictions.jsonl,f79058a0a1e01e604b8a56e1a55029d846f6ffd38dc74e2361a80756797af477,True,737,105,842,1.18983683292754,1.1866891660029069,[2.0],[2],[2],True,,,False,not_applicable,,False,not_applicable,,False,not_applicable,,False,not_applicable,,False,not_applicable,,,,,,,,,,,
50215a77874f7fae44bdd19bc03044b5d4e0a70bcdb228456b0a892848d2402a,3.5__MountainCar-v0__last-action__H5,MountainCar-v0,last-action,5,2,7,data/llmx_data/offline_data/physics_data/raw_transitions/MountainCar-v0/episodes/episode_0.npz,123,experiments/03_1_gpt35_history_n30_joint/results/records.jsonl,experiments/03_1_gpt35_history_n30_joint/results/runs/3.5__MountainCar-v0__last-action__H5/episode_000/predictions.jsonl,26ab8d8dc736732ab351041ead407eebfdf19e11e492d29e99fede6d9dcf5d20,True,737,94,831,1.7664025000995025,1.7632886250503361,[2.0],[2],[2],True,,,False,not_applicable,,False,not_applicable,,False,not_applicable,,False,not_applicable,,False,not_applicable,,,,,,,,,,,
7042b3e504d9a10073782fb30bcee7477f34c4a78b7a0bdf9757b3d6790340d1,3.5__MountainCar-v0__last-action__H5,MountainCar-v0,last-action,5,3,8,data/llmx_data/offline_data/physics_data/raw_transitions/MountainCar-v0/episodes/episode_0.npz,124,experiments/03_1_gpt35_history_n30_joint/results/records.jsonl,experiments/03_1_gpt35_history_n30_joint/results/runs/3.5__MountainCar-v0__last-action__H5/episode_000/predictions.jsonl,5a3c28f25ccd80c5b4bb70d7313cbc420f7ef2ce0b080ec7171e9499b9198310,True,737,97,834,1.8325733749661595,1.828306832932867,[2.0],[2],[2],True,,,False,not_applicable,,False,not_applicable,,False,not_applicable,,False,not_applicable,,False,not_applicable,,,,,,,,,,,
1f175c8345dc957369251a35e717c2044b750f5b2f362e64f30ccf797d37ded6,3.5__MountainCar-v0__last-action__H5,MountainCar-v0,last-action,5,4,9,data/llmx_data/offline_data/physics_data/raw_transitions/MountainCar-v0/episodes/episode_0.npz,125,experiments/03_1_gpt35_history_n30_joint/results/records.jsonl,experiments/03_1_gpt35_history_n30_joint/results/runs/3.5__MountainCar-v0__last-action__H5/episode_000/predictions.jsonl,0c8c661c83ccf8716551b8388a21d743a5ded4307434fe8fb5f47b1f2454b80b,True,736,95,831,1.3999709590571001,1.3954798330087215,[1.0],[1],[2],True,,,False,not_applicable,,False,not_applicable,,False,not_applicable,,False,not_applicable,,False,not_applicable,,,,,,,,,,,
b52f3c9c2e2a42d9ac5198a206bff8eac4e504a4b1bd86b2e37de9c53338b0d8,3.5__MountainCar-v0__last-action__H5,MountainCar-v0,last-action,5,5,10,data/llmx_data/offline_data/physics_data/raw_transitions/MountainCar-v0/episodes/episode_0.npz,126,experiments/03_1_gpt35_history_n30_joint/results/records.jsonl,experiments/03_1_gpt35_history_n30_joint/results/runs/3.5__MountainCar-v0__last-action__H5/episode_000/predictions.jsonl,efe03a664200aa5a11c7855625b78ebe28090a0a2c8eac59af477f54176d082c,True,736,122,858,1.1756633749464527,1.172086082980968,[1.0],[1],[2],True,,,False,not_applicable,,False,not_applicable,,False,not_applicable,,False,not_applicable,,False,not_applicable,,,,,,,,,,,
b5580edec244c4f15b5292d858f2c29b2acfe9eafb20a33c6afcf7e3812fb93f,3.5__MountainCar-v0__last-action__H5,MountainCar-v0,last-action,5,6,11,data/llmx_data/offline_data/physics_data/raw_transitions/MountainCar-v0/episodes/episode_0.npz,127,experiments/03_1_gpt35_history_n30_joint/results/records.jsonl,experiments/03_1_gpt35_history_n30_joint/results/runs/3.5__MountainCar-v0__last-action__H5/episode_000/predictions.jsonl,a978198eb6d4b8f17ea58e44a828808d5e80817e47e78f5831d35d934a4283a1,True,736,167,903,2.1207615829771385,2.1182902920991182,[1.0],[1],[2],True,,,False,not_applicable,,False,not_applicable,,False,not_applicable,,False,not_applicable,,False,not_applicable,,,,,,,,,,,
a60c5e5e7668e801952f8b405e05e4d11b706bbff268bf8a6d216d25a03a9bfe,3.5__MountainCar-v0__last-action__H5,MountainCar-v0,last-action,5,7,12,data/llmx_data/offline_data/physics_data/raw_transitions/MountainCar-v0/episodes/episode_0.npz,128,experiments/03_1_gpt35_history_n30_joint/results/records.jsonl,experiments/03_1_gpt35_history_n30_joint/results/runs/3.5__MountainCar-v0__last-action__H5/episode_000/predictions.jsonl,84b19274762a3b0ae7ac83c9ab0f1850eebc332f6c4301db5b37428b4f9fda2f,True,736,124,860,1.1164110420504585,1.1133023750735447,[0.0],[0],[1],True,,,False,not_applicable,,False,not_applicable,,False,not_applicable,,False,not_applicable,,False,not_applicable,,,,,,,,,,,
aebc87ae2eae6819b7e659605685b6e87397ebb11e9e67ec2aa13e4df9910a88,3.5__MountainCar-v0__last-action__H5,MountainCar-v0,last-action,5,8,13,data/llmx_data/offline_data/physics_data/raw_transitions/MountainCar-v0/episodes/episode_0.npz,129,experiments/03_1_gpt35_history_n30_joint/results/records.jsonl,experiments/03_1_gpt35_history_n30_joint/results/runs/3.5__MountainCar-v0__last-action__H5/episode_000/predictions.jsonl,aee88ee317e8c6e5cdbabeeb9e029b17f0a0c96d661b41b080136484bf72bb5d,True,736,145,881,1.7716476670466363,1.767997540999204,[0.0],[0],[0],True,,,False,not_applicable,,False,not_applicable,,False,not_applicable,,False,not_applicable,,False,not_applicable,,,,,,,,,,,
8ccc775f430e9e946663c9d8ca364e8de7dd25e015a5d7f5e7c06df030bc70e1,3.5__MountainCar-v0__last-action__H5,MountainCar-v0,last-action,5,9,14,data/llmx_data/offline_data/physics_data/raw_transitions/MountainCar-v0/episodes/episode_0.npz,130,experiments/03_1_gpt35_history_n30_joint/results/records.jsonl,experiments/03_1_gpt35_history_n30_joint/results/runs/3.5__MountainCar-v0__last-action__H5/episode_000/predictions.jsonl,9837ca71731bfe06cca34b603c76c3d5c129025962a2922445f70f196e67112f,True,743,133,876,1.1374214579118416,1.1334406669484451,[0.0],[0],[2],True,,,False,not_applicable,,False,not_applicable,,False,not_applicable,,False,not_applicable,,False,not_applicable,,,,,,,,,,,
20d6bde292870146a2f779766ccf035658d49792fe072b477515684108c83b89,3.5__MountainCar-v0__last-action__H5,MountainCar-v0,last-action,5,10,15,data/llmx_data/offline_data/physics_data/raw_transitions/MountainCar-v0/episodes/episode_0.npz,131,experiments/03_1_gpt35_history_n30_joint/results/records.jsonl,experiments/03_1_gpt35_history_n30_joint/results/runs/3.5__MountainCar-v0__last-action__H5/episode_000/predictions.jsonl,68237a076c97fdc90a626d6e3e07654dea06381035aa2dd31e5751158f10f52b,True,742,74,816,1.5727877910248935,1.5691818749764934,[0.0],[0],[0],True,,,False,not_applicable,,False,not_applicable,,False,not_applicable,,False,not_applicable,,False,not_applicable,,,,,,,,,,,
44202f2464cc9ad0cfb9dec34ac8a3831144d356c0b7b12c280509aa958097eb,3.5__MountainCar-v0__last-action__H5,MountainCar-v0,last-action,5,11,16,data/llmx_data/offline_data/physics_data/raw_transitions/MountainCar-v0/episodes/episode_0.npz,132,experiments/03_1_gpt35_history_n30_joint/results/records.jsonl,experiments/03_1_gpt35_history_n30_joint/results/runs/3.5__MountainCar-v0__last-action__H5/episode_000/predictions.jsonl,b302bf03fd10ce3c068f4d9608fb95ca5bb4640ca70183034a7a47883916a87f,True,741,111,852,1.8939455420477316,1.8909635830204934,[0.0],[0],[0],True,,,False,not_applicable,,False,not_applicable,,False,not_applicable,,False,not_applicable,,False,not_applicable,,,,,,,,,,,
cc162c47c7d3dd0e5f2666a95d5afb3a8d0fd45464b3b3335b6d334c26cad329,3.5__MountainCar-v0__last-action__H5,MountainCar-v0,last-action,5,12,17,data/llmx_data/offline_data/physics_data/raw_transitions/MountainCar-v0/episodes/episode_0.npz,133,experiments/03_1_gpt35_history_n30_joint/results/records.jsonl,experiments/03_1_gpt35_history_n30_joint/results/runs/3.5__MountainCar-v0__last-action__H5/episode_000/predictions.jsonl,5eb24abd5cee755c1e55346a118b9ccf5b6238ea128b8901d46f7f746512748e,True,740,115,855,2.742362416931428,2.7387849579099566,[0.0],[0],[0],True,,,False,not_applicable,,False,not_applicable,,False,not_applicable,,False,not_applicable,,False,not_applicable,,,,,,,,,,,
e9a5cc9ba1a01aa7157a63f3b9313b8c6b5057d9410615b6be01a8176b091d1b,3.5__MountainCar-v0__last-action__H5,MountainCar-v0,last-action,5,13,18,data/llmx_data/offline_data/physics_data/raw_transitions/MountainCar-v0/episodes/episode_0.npz,134,experiments/03_1_gpt35_history_n30_joint/results/records.jsonl,experiments/03_1_gpt35_history_n30_joint/results/runs/3.5__MountainCar-v0__last-action__H5/episode_000/predictions.jsonl,11469e20e764fcacdb3f58db5a95485a5843747c3dcf4785b59e71524bcbb7ba,True,739,155,894,2.1400652499869466,2.137249541003257,[0.0],[0],[0],True,,,False,not_applicable,,False,not_applicable,,False,not_applicable,,False,not_applicable,,False,not_applicable,,,,,,,,,,,
85688b9866b191971a22a994ab85f9fd682004c269959c891b8a7c3724950aa0,3.5__MountainCar-v0__last-action__H5,MountainCar-v0,last-action,5,14,19,data/llmx_data/offline_data/physics_data/raw_transitions/MountainCar-v0/episodes/episode_0.npz,135,experiments/03_1_gpt35_history_n30_joint/results/records.jsonl,experiments/03_1_gpt35_history_n30_joint/results/runs/3.5__MountainCar-v0__last-action__H5/episode_000/predictions.jsonl,c780f7b2b3b97cfc347e1474c0474785e2b71914227ba46def496ee1a1fdb2b6,True,738,110,848,1.3601896669715643,1.3572068329667673,[0.0],[0],[2],True,,,False,not_applicable,,False,not_applicable,,False,not_applicable,,False,not_applicable,,False,not_applicable,,,,,,,,,,,
ad93dc50ca83453477b161cd158641adbaa0835696be83be709c7b21cf48d73d,3.5__MountainCar-v0__last-action__H5,MountainCar-v0,last-action,5,15,20,data/llmx_data/offline_data/physics_data/raw_transitions/MountainCar-v0/episodes/episode_0.npz,136,experiments/03_1_gpt35_history_n30_joint/results/records.jsonl,experiments/03_1_gpt35_history_n30_joint/results/runs/3.5__MountainCar-v0__last-action__H5/episode_000/predictions.jsonl,d2e35583f10fd0501500a08bc6e17b5bc14fca240c0b5014f18081d7a70f7d2b,True,737,88,825,1.0932211669860408,1.0908088749274611,[0.0],[0],[0],True,,,False,not_applicable,,False,not_applicable,,False,not_applicable,,False,not_applicable,,False,not_applicable,,,,,,,,,,,
a6fe44db66c0f45899d6c6af5ee9917805d3df929a6e4860120a1d11963c4c10,3.5__MountainCar-v0__last-action__H5,MountainCar-v0,last-action,5,16,21,data/llmx_data/offline_data/physics_data/raw_transitions/MountainCar-v0/episodes/episode_0.npz,137,experiments/03_1_gpt35_history_n30_joint/results/records.jsonl,experiments/03_1_gpt35_history_n30_joint/results/runs/3.5__MountainCar-v0__last-action__H5/episode_000/predictions.jsonl,77811d91f6ae857417da0ae8ce483e1c1a78d43fe6d24411d3cdf506b1d978e2,True,730,136,866,2.320335666066967,2.315982000087388,[0.0],[0],[0],True,,,False,not_applicable,,False,not_applicable,,False,not_applicable,,False,not_applicable,,False,not_applicable,,,,,,,,,,,
21d93e7d7739f4ac1fe955a18a5d54f311dccfc7dabc3c2032b1a353cb6cfd08,3.5__MountainCar-v0__last-action__H5,MountainCar-v0,last-action,5,17,22,data/llmx_data/offline_data/physics_data/raw_transitions/MountainCar-v0/episodes/episode_0.npz,138,experiments/03_1_gpt35_history_n30_joint/results/records.jsonl,experiments/03_1_gpt35_history_n30_joint/results/runs/3.5__MountainCar-v0__last-action__H5/episode_000/predictions.jsonl,8fcfc87e99bde319bfb8e9670ff6d78fb61f136a4886e2efbddcd8d9d3745748,True,729,135,864,2.323273249901831,2.3197830830467865,[0.0],[0],[0],True,,,False,not_applicable,,False,not_applicable,,False,not_applicable,,False,not_applicable,,False,not_applicable,,,,,,,,,,,
da116ef973ccab2ecb059dbe555663ba8d461c367a3a4dc742c1d0d3f37bbbe7,3.5__MountainCar-v0__last-action__H5,MountainCar-v0,last-action,5,18,23,data/llmx_data/offline_data/physics_data/raw_transitions/MountainCar-v0/episodes/episode_0.npz,139,experiments/03_1_gpt35_history_n30_joint/results/records.jsonl,experiments/03_1_gpt35_history_n30_joint/results/runs/3.5__MountainCar-v0__last-action__H5/episode_000/predictions.jsonl,068f49a9ef0c0b6fd137d92d1f24514bcbc94a015aa9c5a4b5c382e4906b1f86,True,729,94,823,2.1105874999193475,2.108492458006367,[0.0],[0],[0],True,,,False,not_applicable,,False,not_applicable,,False,not_applicable,,False,not_applicable,,False,not_applicable,,,,,,,,,,,
52d9497cb0d4f9d43698cb5ff8edf4f0357b1ce9bdb9a4e6df7ac61f82d23d24,3.5__MountainCar-v0__last-action__H5,MountainCar-v0,last-action,5,19,24,data/llmx_data/offline_data/physics_data/raw_transitions/MountainCar-v0/episodes/episode_0.npz,140,experiments/03_1_gpt35_history_n30_joint/results/records.jsonl,experiments/03_1_gpt35_history_n30_joint/results/runs/3.5__MountainCar-v0__last-action__H5/episode_000/predictions.jsonl,8b0a90c4cbe1c93e85aa30cc833306cb8bb98b5ea71b0d26c0ebfb5a2e64ad51,True,729,105,834,1.3170413749758154,1.3141437500016764,[0.0],[0],[0],True,,,False,not_applicable,,False,not_applicable,,False,not_applicable,,False,not_applicable,,False,not_applicable,,,,,,,,,,,
e0a0283e50e17e5628e36d85c761a4937fbcb56b2d6ee701554026e4bf6df444,3.5__MountainCar-v0__last-action__H5,MountainCar-v0,last-action,5,20,25,data/llmx_data/offline_data/physics_data/raw_transitions/MountainCar-v0/episodes/episode_0.npz,141,experiments/03_1_gpt35_history_n30_joint/results/records.jsonl,experiments/03_1_gpt35_history_n30_joint/results/runs/3.5__MountainCar-v0__last-action__H5/episode_000/predictions.jsonl,a27c93482d68ae2883200a48a735f2c938acd38e024a567eacdaad1764e551a4,True,729,99,828,1.54576058301609,1.542390084010549,[0.0],[0],[0],True,,,False,not_applicable,,False,not_applicable,,False,not_applicable,,False,not_applicable,,False,not_applicable,,,,,,,,,,,
a80463a776e2fd08d51033400844d9a632284ba9d845b9d0a701d35311157e42,3.5__MountainCar-v0__last-action__H5,MountainCar-v0,last-action,5,21,26,data/llmx_data/offline_data/physics_data/raw_transitions/MountainCar-v0/episodes/episode_0.npz,142,experiments/03_1_gpt35_history_n30_joint/results/records.jsonl,experiments/03_1_gpt35_history_n30_joint/results/runs/3.5__MountainCar-v0__last-action__H5/episode_000/predictions.jsonl,2267519ac252772ba4a16857e4092eb3ae485664a5dbe02d09cabebcbd7f7bd0,True,728,98,826,1.8216039589606225,1.8184827079530805,[0.0],[0],[2],True,,,False,not_applicable,,False,not_applicable,,False,not_applicable,,False,not_applicable,,False,not_applicable,,,,,,,,,,,
d24fb2fa8ff8baebb5f4577dd2b4af9c8fdbf602e4c4633ccbcb76d9581f5c87,3.5__MountainCar-v0__last-action__H5,MountainCar-v0,last-action,5,22,27,data/llmx_data/offline_data/physics_data/raw_transitions/MountainCar-v0/episodes/episode_0.npz,143,experiments/03_1_gpt35_history_n30_joint/results/records.jsonl,experiments/03_1_gpt35_history_n30_joint/results/runs/3.5__MountainCar-v0__last-action__H5/episode_000/predictions.jsonl,56ae4a45570fd07216c582e592900c0591a228979090793ac90c406c233a9bcc,True,729,115,844,1.3145711249671876,1.3099706249777228,[0.0],[0],[0],True,,,False,not_applicable,,False,not_applicable,,False,not_applicable,,False,not_applicable,,False,not_applicable,,,,,,,,,,,
4a3370adc1ad746e0cbaad52dd2038b266cba28e09034a7ee9cfdc818c21bcc6,3.5__MountainCar-v0__last-action__H5,MountainCar-v0,last-action,5,23,28,data/llmx_data/offline_data/physics_data/raw_transitions/MountainCar-v0/episodes/episode_0.npz,144,experiments/03_1_gpt35_history_n30_joint/results/records.jsonl,experiments/03_1_gpt35_history_n30_joint/results/runs/3.5__MountainCar-v0__last-action__H5/episode_000/predictions.jsonl,e92c8953bf8773e1fa1f7e684d29ae41659191259323be876f8f99f8e958478b,True,728,125,853,1.981950959074311,1.9792587499832734,[0.0],[0],[2],True,,,False,not_applicable,,False,not_applicable,,False,not_applicable,,False,not_applicable,,False,not_applicable,,,,,,,,,,,
d80f5c76a4d4a45976ab80389a0c1893235655cc09d2282ee8c53a0b7b97c31c,3.5__MountainCar-v0__last-action__H5,MountainCar-v0,last-action,5,24,29,data/llmx_data/offline_data/physics_data/raw_transitions/MountainCar-v0/episodes/episode_0.npz,145,experiments/03_1_gpt35_history_n30_joint/results/records.jsonl,experiments/03_1_gpt35_history_n30_joint/results/runs/3.5__MountainCar-v0__last-action__H5/episode_000/predictions.jsonl,12b837fe4cb300257d3bdae3bbd62ece664d68d464289bcef0b525b5e5af17bc,True,728,100,828,1.8477011249633506,1.8446976249106228,[0.0],[0],[2],True,,,False,not_applicable,,False,not_applicable,,False,not_applicable,,False,not_applicable,,False,not_applicable,,,,,,,,,,,
fd054a50ef2022a92a0f1bfe4e43d27c8da3b9fafc3897751cac8561ac48d7e6,3.5__MountainCar-v0__last-action__H5,MountainCar-v0,last-action,5,25,30,data/llmx_data/offline_data/physics_data/raw_transitions/MountainCar-v0/episodes/episode_0.npz,146,experiments/03_1_gpt35_history_n30_joint/results/records.jsonl,experiments/03_1_gpt35_history_n30_joint/results/runs/3.5__MountainCar-v0__last-action__H5/episode_000/predictions.jsonl,99df0bf564c39f3363a7cc7df7b03b383545547a0275eebebb53f3b89541a35b,True,728,115,843,1.056766499998048,1.0534043329535052,[0.0],[0],[2],True,,,False,not_applicable,,False,not_applicable,,False,not_applicable,,False,not_applicable,,False,not_applicable,,,,,,,,,,,
f8d23df882eb89b1efce88fa79ab69b2ef7b5d8735e7d66c0feeeee0b6dc8188,3.5__MountainCar-v0__last-action__H5,MountainCar-v0,last-action,5,26,31,data/llmx_data/offline_data/physics_data/raw_transitions/MountainCar-v0/episodes/episode_0.npz,147,experiments/03_1_gpt35_history_n30_joint/results/records.jsonl,experiments/03_1_gpt35_history_n30_joint/results/runs/3.5__MountainCar-v0__last-action__H5/episode_000/predictions.jsonl,15d60ae6ec6b48594505d27bcbd975947ed8420272f4d516e22b869fb020e47d,True,729,108,837,1.399967292090878,1.396749792038463,[0.0],[0],[0],True,,,False,not_applicable,,False,not_applicable,,False,not_applicable,,False,not_applicable,,False,not_applicable,,,,,,,,,,,
2fba2f5f08a809216f399bbf1bee69c6583b30ea897c399c150c0f8dac3c8e89,3.5__MountainCar-v0__last-action__H5,MountainCar-v0,last-action,5,27,32,data/llmx_data/offline_data/physics_data/raw_transitions/MountainCar-v0/episodes/episode_0.npz,148,experiments/03_1_gpt35_history_n30_joint/results/records.jsonl,experiments/03_1_gpt35_history_n30_joint/results/runs/3.5__MountainCar-v0__last-action__H5/episode_000/predictions.jsonl,426684f9ea7bdff2f7f0bf33bc5080af03aab80edc6d3077b303b4d12dae5da1,True,729,133,862,1.5302598329726607,1.526155999978073,[0.0],[0],[0],True,,,False,not_applicable,,False,not_applicable,,False,not_applicable,,False,not_applicable,,False,not_applicable,,,,,,,,,,,
aea09729db06dd85316af1ce8f5202c8ee8c5d99c6dc94214ca37eafc6e6adc5,3.5__MountainCar-v0__last-action__H5,MountainCar-v0,last-action,5,28,33,data/llmx_data/offline_data/physics_data/raw_transitions/MountainCar-v0/episodes/episode_0.npz,149,experiments/03_1_gpt35_history_n30_joint/results/records.jsonl,experiments/03_1_gpt35_history_n30_joint/results/runs/3.5__MountainCar-v0__last-action__H5/episode_000/predictions.jsonl,134241ccc4bb55eaf9dbc38faf2028eca9e872f615d1006f238dde7d1a6ee722,True,729,97,826,1.3477257079211995,1.344281041994691,[0.0],[0],[2],True,,,False,not_applicable,,False,not_applicable,,False,not_applicable,,False,not_applicable,,False,not_applicable,,,,,,,,,,,
636a25f4e89a30ff236e5c5a3a689ae403fcdaa2dc873c46dd03f2f45054fb5f,3.5__MountainCar-v0__last-action__H5,MountainCar-v0,last-action,5,29,34,data/llmx_data/offline_data/physics_data/raw_transitions/MountainCar-v0/episodes/episode_0.npz,150,experiments/03_1_gpt35_history_n30_joint/results/records.jsonl,experiments/03_1_gpt35_history_n30_joint/results/runs/3.5__MountainCar-v0__last-action__H5/episode_000/predictions.jsonl,89b04fb3492c32d1918c8df39f737eb5915d5f416fde6face4e3e23b433e5c72,True,729,75,804,0.816778999986127,0.8126794169656932,[0.0],[0],[2],True,,,False,not_applicable,,False,not_applicable,,False,not_applicable,,False,not_applicable,,False,not_applicable,,,,,,,,,,,
ce0780f289cc038ea25fa4572c4dcd390f23f819451fc42e0543853deca9a078,3.5__MountainCar-v0__last-action__H10,MountainCar-v0,last-action,10,0,10,data/llmx_data/offline_data/physics_data/raw_transitions/MountainCar-v0/episodes/episode_0.npz,151,experiments/03_1_gpt35_history_n30_joint/results/records.jsonl,experiments/03_1_gpt35_history_n30_joint/results/runs/3.5__MountainCar-v0__last-action__H10/episode_000/predictions.jsonl,05851e4f6bf9600d307e009e5fdca925156804f5d161b2c0c0b88c5c291f3a1d,True,900,90,990,1.3257494170684367,1.3223070000531152,[1.0],[1],[2],True,,,False,not_applicable,,False,not_applicable,,False,not_applicable,,False,not_applicable,,False,not_applicable,,,,,,,,,,,
e2b2c89233b91b2a5daf9697520ca7a4c12bb2500bdd5c6dd96712d978777009,3.5__MountainCar-v0__last-action__H10,MountainCar-v0,last-action,10,1,11,data/llmx_data/offline_data/physics_data/raw_transitions/MountainCar-v0/episodes/episode_0.npz,152,experiments/03_1_gpt35_history_n30_joint/results/records.jsonl,experiments/03_1_gpt35_history_n30_joint/results/runs/3.5__MountainCar-v0__last-action__H10/episode_000/predictions.jsonl,b2f1e684441d85578a34b67f04e250386c030a9aa210755a7be018f8b94f92aa,True,901,96,997,1.690647584036924,1.6865693340077996,[1.0],[1],[2],True,,,False,not_applicable,,False,not_applicable,,False,not_applicable,,False,not_applicable,,False,not_applicable,,,,,,,,,,,
aa544bd7be4e7c76ab5185eb1afd275bc875d749e73e1d0b140d9e0bbb9944ce,3.5__MountainCar-v0__last-action__H10,MountainCar-v0,last-action,10,2,12,data/llmx_data/offline_data/physics_data/raw_transitions/MountainCar-v0/episodes/episode_0.npz,153,experiments/03_1_gpt35_history_n30_joint/results/records.jsonl,experiments/03_1_gpt35_history_n30_joint/results/runs/3.5__MountainCar-v0__last-action__H10/episode_000/predictions.jsonl,3b6fe19ea1b669b26a8199344495d3b3cbe9b3e7fa473f2d8c1a227fcb67f5eb,True,901,137,1038,1.5859581669792533,1.5827337079681456,[0.0],[0],[1],True,,,False,not_applicable,,False,not_applicable,,False,not_applicable,,False,not_applicable,,False,not_applicable,,,,,,,,,,,
5722a27925abb1d1ec55da16c90cc31e93ec56f858d674222965e0970fc36dce,3.5__MountainCar-v0__last-action__H10,MountainCar-v0,last-action,10,3,13,data/llmx_data/offline_data/physics_data/raw_transitions/MountainCar-v0/episodes/episode_0.npz,154,experiments/03_1_gpt35_history_n30_joint/results/records.jsonl,experiments/03_1_gpt35_history_n30_joint/results/runs/3.5__MountainCar-v0__last-action__H10/episode_000/predictions.jsonl,9334cb576ca3c34b3114a0fff4838005800ddaad84384aad2f60bae311943f6d,False,901,219,1120,2.0062348750652745,2.0019487499957904,[0.0],[0],,False,missing_marker,,False,not_applicable,,False,not_applicable,,False,not_applicable,,False,not_applicable,,False,not_applicable,,,,,,,,,,,
b04c31dfc50bc6a963de85db06459a1f1acc089d4f2f7ad53bd3a7d31eaa2480,3.5__MountainCar-v0__last-action__H10,MountainCar-v0,last-action,10,4,14,data/llmx_data/offline_data/physics_data/raw_transitions/MountainCar-v0/episodes/episode_0.npz,155,experiments/03_1_gpt35_history_n30_joint/results/records.jsonl,experiments/03_1_gpt35_history_n30_joint/results/runs/3.5__MountainCar-v0__last-action__H10/episode_000/predictions.jsonl,dd5d0d4ec60392f3d9e75a7a637101939a2f100e17ec1d7ccb4087ab922e7601,True,907,133,1040,1.2620761250145733,1.2584919579094276,[0.0],[0],[0],True,,,False,not_applicable,,False,not_applicable,,False,not_applicable,,False,not_applicable,,False,not_applicable,,,,,,,,,,,
51f6759c69d6137e265ddce4856dc01b4d3dd41a282f4b05d6a1e14d15444153,3.5__MountainCar-v0__last-action__H10,MountainCar-v0,last-action,10,5,15,data/llmx_data/offline_data/physics_data/raw_transitions/MountainCar-v0/episodes/episode_0.npz,156,experiments/03_1_gpt35_history_n30_joint/results/records.jsonl,experiments/03_1_gpt35_history_n30_joint/results/runs/3.5__MountainCar-v0__last-action__H10/episode_000/predictions.jsonl,0109bc9269cd2fd859889184101c1d2e3f0197338f1fe93f5e77c5fe296d4d1d,True,906,77,983,1.4265179999638349,1.422942208009772,[0.0],[0],[2],True,,,False,not_applicable,,False,not_applicable,,False,not_applicable,,False,not_applicable,,False,not_applicable,,,,,,,,,,,
09b969bc8adc2398b9d74b9eb0186fc28ca3777a3695b97b98795767bff59098,3.5__MountainCar-v0__last-action__H10,MountainCar-v0,last-action,10,6,16,data/llmx_data/offline_data/physics_data/raw_transitions/MountainCar-v0/episodes/episode_0.npz,157,experiments/03_1_gpt35_history_n30_joint/results/records.jsonl,experiments/03_1_gpt35_history_n30_joint/results/runs/3.5__MountainCar-v0__last-action__H10/episode_000/predictions.jsonl,0d1fec90e1b4ce98b76ae84266fe0945c341dc8fae02050f0d2ce4cd2458dfdf,True,905,126,1031,1.2706152910832316,1.2678038750309497,[0.0],[0],[0],True,,,False,not_applicable,,False,not_applicable,,False,not_applicable,,False,not_applicable,,False,not_applicable,,,,,,,,,,,
8773ee323521eaa2b947b8faf6f26f4d2124df3c1f9461ad43edce5b8ffd32e1,3.5__MountainCar-v0__last-action__H10,MountainCar-v0,last-action,10,7,17,data/llmx_data/offline_data/physics_data/raw_transitions/MountainCar-v0/episodes/episode_0.npz,158,experiments/03_1_gpt35_history_n30_joint/results/records.jsonl,experiments/03_1_gpt35_history_n30_joint/results/runs/3.5__MountainCar-v0__last-action__H10/episode_000/predictions.jsonl,881628585d49913cc7f3cb7c6e48258138c36893eef8e408354dc2f09f71c7df,True,904,116,1020,1.299031165894121,1.29552604095079,[0.0],[0],[0],True,,,False,not_applicable,,False,not_applicable,,False,not_applicable,,False,not_applicable,,False,not_applicable,,,,,,,,,,,
4c9decdc7c8563939ac009a09215de468f4e263601c3983ed7983a2e67f2e66b,3.5__MountainCar-v0__last-action__H10,MountainCar-v0,last-action,10,8,18,data/llmx_data/offline_data/physics_data/raw_transitions/MountainCar-v0/episodes/episode_0.npz,159,experiments/03_1_gpt35_history_n30_joint/results/records.jsonl,experiments/03_1_gpt35_history_n30_joint/results/runs/3.5__MountainCar-v0__last-action__H10/episode_000/predictions.jsonl,8b9342906576f14588faec7354d50443346fab5b0fc576c9fec6d1d2455ef5ed,True,903,70,973,1.0644197090296075,1.0609471669886261,[0.0],[0],[0],True,,,False,not_applicable,,False,not_applicable,,False,not_applicable,,False,not_applicable,,False,not_applicable,,,,,,,,,,,
681657efe4abf42e575fe19b4131ce613450b7f378992faa379f76620c1b50b9,3.5__MountainCar-v0__last-action__H10,MountainCar-v0,last-action,10,9,19,data/llmx_data/offline_data/physics_data/raw_transitions/MountainCar-v0/episodes/episode_0.npz,160,experiments/03_1_gpt35_history_n30_joint/results/records.jsonl,experiments/03_1_gpt35_history_n30_joint/results/runs/3.5__MountainCar-v0__last-action__H10/episode_000/predictions.jsonl,3583eea517ea3029fb81827704ac47cf55f958eec191da2b96514c3d2c08484a,True,903,71,974,1.1950826669344679,1.191364208003506,[0.0],[0],[0],True,,,False,not_applicable,,False,not_applicable,,False,not_applicable,,False,not_applicable,,False,not_applicable,,,,,,,,,,,
71615bdda2b1c847478381da751476955202ccdf8fb61500182430819b520c74,3.5__MountainCar-v0__last-action__H10,MountainCar-v0,last-action,10,10,20,data/llmx_data/offline_data/physics_data/raw_transitions/MountainCar-v0/episodes/episode_0.npz,161,experiments/03_1_gpt35_history_n30_joint/results/records.jsonl,experiments/03_1_gpt35_history_n30_joint/results/runs/3.5__MountainCar-v0__last-action__H10/episode_000/predictions.jsonl,262f274c115d960a53b00e1a7c6181bb2282ce4fc12fa5ac794bf781a8a6bfbd,True,902,126,1028,1.1916538749355823,1.187142875045538,[0.0],[0],[0],True,,,False,not_applicable,,False,not_applicable,,False,not_applicable,,False,not_applicable,,False,not_applicable,,,,,,,,,,,
0eda2262080d13a5d8922bf20a5fd3e7c521b4e4ce5dd0fd90e96cdd02448112,3.5__MountainCar-v0__last-action__H10,MountainCar-v0,last-action,10,11,21,data/llmx_data/offline_data/physics_data/raw_transitions/MountainCar-v0/episodes/episode_0.npz,162,experiments/03_1_gpt35_history_n30_joint/results/records.jsonl,experiments/03_1_gpt35_history_n30_joint/results/runs/3.5__MountainCar-v0__last-action__H10/episode_000/predictions.jsonl,1edfad2c49290aea4b7f0ac903c3b53b52083623ff8e2bab089bc8da8cb8ea8f,True,901,50,951,1.4983024999964982,1.4954222919186577,[0.0],[0],[0],True,,,False,not_applicable,,False,not_applicable,,False,not_applicable,,False,not_applicable,,False,not_applicable,,,,,,,,,,,
9ab3815401542c214d19800afd1365b7c7e3ab767850cdae4f69632ae4c254dc,3.5__MountainCar-v0__last-action__H10,MountainCar-v0,last-action,10,12,22,data/llmx_data/offline_data/physics_data/raw_transitions/MountainCar-v0/episodes/episode_0.npz,163,experiments/03_1_gpt35_history_n30_joint/results/records.jsonl,experiments/03_1_gpt35_history_n30_joint/results/runs/3.5__MountainCar-v0__last-action__H10/episode_000/predictions.jsonl,e44783caab7e192653bd9c855138d317c094fc0ed845bf363452324d52f0b3b8,True,899,189,1088,1.439249583054334,1.4365018329117447,[0.0],[0],[0],True,,,False,not_applicable,,False,not_applicable,,False,not_applicable,,False,not_applicable,,False,not_applicable,,,,,,,,,,,
2d9a3d09af8558d844df79f43d7fb041032ab9c167a0253267977ba9b3c24ba3,3.5__MountainCar-v0__last-action__H10,MountainCar-v0,last-action,10,13,23,data/llmx_data/offline_data/physics_data/raw_transitions/MountainCar-v0/episodes/episode_0.npz,164,experiments/03_1_gpt35_history_n30_joint/results/records.jsonl,experiments/03_1_gpt35_history_n30_joint/results/runs/3.5__MountainCar-v0__last-action__H10/episode_000/predictions.jsonl,b3727fb5e683e2619faf9bb278edd7c89c6700efe05e863b8c8d0cada52b9c24,True,898,126,1024,1.3114539999514818,1.3079475830309093,[0.0],[0],[0],True,,,False,not_applicable,,False,not_applicable,,False,not_applicable,,False,not_applicable,,False,not_applicable,,,,,,,,,,,
10c807924ec4cb97fee656a78a3897ddb5146a3c8f6794f8903ddd0b11982ed4,3.5__MountainCar-v0__last-action__H10,MountainCar-v0,last-action,10,14,24,data/llmx_data/offline_data/physics_data/raw_transitions/MountainCar-v0/episodes/episode_0.npz,165,experiments/03_1_gpt35_history_n30_joint/results/records.jsonl,experiments/03_1_gpt35_history_n30_joint/results/runs/3.5__MountainCar-v0__last-action__H10/episode_000/predictions.jsonl,4cba46c6789b53229534d013a96d9aa0a49e7b3155a4d13fa8a2dbfc88720fea,True,897,118,1015,1.246218541986309,1.2427992499433458,[0.0],[0],[2],True,,,False,not_applicable,,False,not_applicable,,False,not_applicable,,False,not_applicable,,False,not_applicable,,,,,,,,,,,
0ae903d3a3fd21578bba22af8efa010e7da5bbdb1e055c73bc502cc85f2f6db9,3.5__MountainCar-v0__last-action__H10,MountainCar-v0,last-action,10,15,25,data/llmx_data/offline_data/physics_data/raw_transitions/MountainCar-v0/episodes/episode_0.npz,166,experiments/03_1_gpt35_history_n30_joint/results/records.jsonl,experiments/03_1_gpt35_history_n30_joint/results/runs/3.5__MountainCar-v0__last-action__H10/episode_000/predictions.jsonl,1edfad2c49290aea4b7f0ac903c3b53b52083623ff8e2bab089bc8da8cb8ea8f,True,896,50,946,0.9927550830179825,0.989053083001636,[0.0],[0],[0],True,,,False,not_applicable,,False,not_applicable,,False,not_applicable,,False,not_applicable,,False,not_applicable,,,,,,,,,,,
8cb2c7f49ddc95418b103d3f990bad80334ed4f56cbc14e85bb8ab79d52dd398,3.5__MountainCar-v0__last-action__H10,MountainCar-v0,last-action,10,16,26,data/llmx_data/offline_data/physics_data/raw_transitions/MountainCar-v0/episodes/episode_0.npz,167,experiments/03_1_gpt35_history_n30_joint/results/records.jsonl,experiments/03_1_gpt35_history_n30_joint/results/runs/3.5__MountainCar-v0__last-action__H10/episode_000/predictions.jsonl,8568216640be0e5581337f22419baf8627d425cf15af5a1212d4a74659ae0059,True,888,87,975,1.3172403329517692,1.314072374952957,[0.0],[0],[2],True,,,False,not_applicable,,False,not_applicable,,False,not_applicable,,False,not_applicable,,False,not_applicable,,,,,,,,,,,
1dc90cd1d1fe4c4acc7518f8643047186751be6492834c5df02193d0cfc2516e,3.5__MountainCar-v0__last-action__H10,MountainCar-v0,last-action,10,17,27,data/llmx_data/offline_data/physics_data/raw_transitions/MountainCar-v0/episodes/episode_0.npz,168,experiments/03_1_gpt35_history_n30_joint/results/records.jsonl,experiments/03_1_gpt35_history_n30_joint/results/runs/3.5__MountainCar-v0__last-action__H10/episode_000/predictions.jsonl,3afb6aa8948df907490610d792dcfeaf790c1f925a1513fcd098569fc13183f8,True,888,97,985,1.2311989170266315,1.2266351250000298,[0.0],[0],[0],True,,,False,not_applicable,,False,not_applicable,,False,not_applicable,,False,not_applicable,,False,not_applicable,,,,,,,,,,,
12587ac75f85483a1842f273c841912863f85209e9e0df351931e3ffd285a878,3.5__MountainCar-v0__last-action__H10,MountainCar-v0,last-action,10,18,28,data/llmx_data/offline_data/physics_data/raw_transitions/MountainCar-v0/episodes/episode_0.npz,169,experiments/03_1_gpt35_history_n30_joint/results/records.jsonl,experiments/03_1_gpt35_history_n30_joint/results/runs/3.5__MountainCar-v0__last-action__H10/episode_000/predictions.jsonl,6f8b63d377045615ac3a71ddc4db75596f1269227c3fdf3393fa0f5acf544ab6,True,887,108,995,1.75368579197675,1.7504053330048919,[0.0],[0],[0],True,,,False,not_applicable,,False,not_applicable,,False,not_applicable,,False,not_applicable,,False,not_applicable,,,,,,,,,,,
115365cd82a914cd1aa9ad5a7b5f9637890f84dfb1349fcd945fc005ce89dfd9,3.5__MountainCar-v0__last-action__H10,MountainCar-v0,last-action,10,19,29,data/llmx_data/offline_data/physics_data/raw_transitions/MountainCar-v0/episodes/episode_0.npz,170,experiments/03_1_gpt35_history_n30_joint/results/records.jsonl,experiments/03_1_gpt35_history_n30_joint/results/runs/3.5__MountainCar-v0__last-action__H10/episode_000/predictions.jsonl,7349678a5a00949d67f60235efaff5e5f9ffbaedcd92c770803e52a2739a2732,True,887,93,980,1.4147839170182124,1.4105927080381662,[0.0],[0],[0],True,,,False,not_applicable,,False,not_applicable,,False,not_applicable,,False,not_applicable,,False,not_applicable,,,,,,,,,,,
a48a943538cf9ade9ef0b67655ea1b3b1b6ce892050703efe093b8c5d094d4d3,3.5__MountainCar-v0__last-action__H10,MountainCar-v0,last-action,10,20,30,data/llmx_data/offline_data/physics_data/raw_transitions/MountainCar-v0/episodes/episode_0.npz,171,experiments/03_1_gpt35_history_n30_joint/results/records.jsonl,experiments/03_1_gpt35_history_n30_joint/results/runs/3.5__MountainCar-v0__last-action__H10/episode_000/predictions.jsonl,3e35674c378e4a85412ac9e03c9ad12d8b982b1687fd9f9795dbb98dbb727773,True,887,99,986,0.9792182920500636,0.9758157080505043,[0.0],[0],[0],True,,,False,not_applicable,,False,not_applicable,,False,not_applicable,,False,not_applicable,,False,not_applicable,,,,,,,,,,,
d56aef7241a06eb0035440e04c49323817f06130898705258cd0b469be24087b,3.5__MountainCar-v0__last-action__H10,MountainCar-v0,last-action,10,21,31,data/llmx_data/offline_data/physics_data/raw_transitions/MountainCar-v0/episodes/episode_0.npz,172,experiments/03_1_gpt35_history_n30_joint/results/records.jsonl,experiments/03_1_gpt35_history_n30_joint/results/runs/3.5__MountainCar-v0__last-action__H10/episode_000/predictions.jsonl,6c3f9365693b8184f1a31640fc08af27814f4cfe03823cdbb5ae96f8e7fd5fa7,True,887,95,982,1.6598499160027131,1.6563977919286117,[0.0],[0],[2],True,,,False,not_applicable,,False,not_applicable,,False,not_applicable,,False,not_applicable,,False,not_applicable,,,,,,,,,,,
88e9b7826d0b3e6df61d34a7986155132ba72df6c8ecce4a9bfefc2b3be58a34,3.5__MountainCar-v0__last-action__H10,MountainCar-v0,last-action,10,22,32,data/llmx_data/offline_data/physics_data/raw_transitions/MountainCar-v0/episodes/episode_0.npz,173,experiments/03_1_gpt35_history_n30_joint/results/records.jsonl,experiments/03_1_gpt35_history_n30_joint/results/runs/3.5__MountainCar-v0__last-action__H10/episode_000/predictions.jsonl,40c25b42d07c3e97cc70f0b771fae8cb2fd727aeee742ea01fc604fb1f03eeb9,True,888,84,972,1.5528290830552578,1.5502856669481844,[0.0],[0],[2],True,,,False,not_applicable,,False,not_applicable,,False,not_applicable,,False,not_applicable,,False,not_applicable,,,,,,,,,,,
2685367f6d3f35aa2c28a237b8a346f491d68bc2add1dca21fa93b1d2042e1f0,3.5__MountainCar-v0__last-action__H10,MountainCar-v0,last-action,10,23,33,data/llmx_data/offline_data/physics_data/raw_transitions/MountainCar-v0/episodes/episode_0.npz,174,experiments/03_1_gpt35_history_n30_joint/results/records.jsonl,experiments/03_1_gpt35_history_n30_joint/results/runs/3.5__MountainCar-v0__last-action__H10/episode_000/predictions.jsonl,256957f381c399b854a8c9d178b2decd01bcc303af3d4a24242e773d87553fd9,True,887,100,987,1.2277505829697475,1.224546332960017,[0.0],[0],[2],True,,,False,not_applicable,,False,not_applicable,,False,not_applicable,,False,not_applicable,,False,not_applicable,,,,,,,,,,,
cd3791111e5a8f1ef241ac536e7a1f9c574264c48e0fa262ab8d09eb472a60af,3.5__MountainCar-v0__last-action__H10,MountainCar-v0,last-action,10,24,34,data/llmx_data/offline_data/physics_data/raw_transitions/MountainCar-v0/episodes/episode_0.npz,175,experiments/03_1_gpt35_history_n30_joint/results/records.jsonl,experiments/03_1_gpt35_history_n30_joint/results/runs/3.5__MountainCar-v0__last-action__H10/episode_000/predictions.jsonl,591842f8cb26a3088ef51a687e4b190f2badd86bd46e64940bb4e639ff65ae68,True,887,74,961,1.0221734169172123,1.018872749991715,[0.0],[0],[2],True,,,False,not_applicable,,False,not_applicable,,False,not_applicable,,False,not_applicable,,False,not_applicable,,,,,,,,,,,
00ee2bb9d85d41d7d5a48e4cf47a32c75c70e2ad7101375e1d4398114e19495a,3.5__MountainCar-v0__last-action__H10,MountainCar-v0,last-action,10,25,35,data/llmx_data/offline_data/physics_data/raw_transitions/MountainCar-v0/episodes/episode_0.npz,176,experiments/03_1_gpt35_history_n30_joint/results/records.jsonl,experiments/03_1_gpt35_history_n30_joint/results/runs/3.5__MountainCar-v0__last-action__H10/episode_000/predictions.jsonl,942af7a35e24344b129bac04b89111c752e9fba55193930155f5bd7dac6a978f,True,886,93,979,1.0499925418989733,1.0471013330388814,[0.0],[0],[2],True,,,False,not_applicable,,False,not_applicable,,False,not_applicable,,False,not_applicable,,False,not_applicable,,,,,,,,,,,
d72a92234a8f881557606d9c5d28b95ed524414dc1074dc38713c4c469bd5fd2,3.5__MountainCar-v0__last-action__H10,MountainCar-v0,last-action,10,26,36,data/llmx_data/offline_data/physics_data/raw_transitions/MountainCar-v0/episodes/episode_0.npz,177,experiments/03_1_gpt35_history_n30_joint/results/records.jsonl,experiments/03_1_gpt35_history_n30_joint/results/runs/3.5__MountainCar-v0__last-action__H10/episode_000/predictions.jsonl,3dbda4366efaa5b1f9dd2a73ad38848ccd4068a720de993a0c99283e25b6e97d,True,885,85,970,1.1398897500475869,1.1366277090273798,[0.0],[0],[2],True,,,False,not_applicable,,False,not_applicable,,False,not_applicable,,False,not_applicable,,False,not_applicable,,,,,,,,,,,
8e2c154916320346a5de5311358109599b4e46f53bddee972d5f43d6ea02bc6b,3.5__MountainCar-v0__last-action__H10,MountainCar-v0,last-action,10,27,37,data/llmx_data/offline_data/physics_data/raw_transitions/MountainCar-v0/episodes/episode_0.npz,178,experiments/03_1_gpt35_history_n30_joint/results/records.jsonl,experiments/03_1_gpt35_history_n30_joint/results/runs/3.5__MountainCar-v0__last-action__H10/episode_000/predictions.jsonl,f02f6f8b3668063c35eaabaaf12a6f8adc249a3c21eb82cebb24192cf194bda8,True,885,82,967,1.8356039579957724,1.8309022500179708,[0.0],[0],[2],True,,,False,not_applicable,,False,not_applicable,,False,not_applicable,,False,not_applicable,,False,not_applicable,,,,,,,,,,,
4700436a4b20e1ec57ac80768be64e8bdccca71b07618d169e1b43981eee6379,3.5__MountainCar-v0__last-action__H10,MountainCar-v0,last-action,10,28,38,data/llmx_data/offline_data/physics_data/raw_transitions/MountainCar-v0/episodes/episode_0.npz,179,experiments/03_1_gpt35_history_n30_joint/results/records.jsonl,experiments/03_1_gpt35_history_n30_joint/results/runs/3.5__MountainCar-v0__last-action__H10/episode_000/predictions.jsonl,13b76852e7eb326f3d664793f4ae1575a6f0edaea704a310a7c28637ca96e1f9,True,886,106,992,1.9362897910177708,1.9330327500356361,[0.0],[0],[2],True,,,False,not_applicable,,False,not_applicable,,False,not_applicable,,False,not_applicable,,False,not_applicable,,,,,,,,,,,
3170aebd09368239e9aaa3e622d747ac548426790a60efd1a913925f8e785dad,3.5__MountainCar-v0__last-action__H10,MountainCar-v0,last-action,10,29,39,data/llmx_data/offline_data/physics_data/raw_transitions/MountainCar-v0/episodes/episode_0.npz,180,experiments/03_1_gpt35_history_n30_joint/results/records.jsonl,experiments/03_1_gpt35_history_n30_joint/results/runs/3.5__MountainCar-v0__last-action__H10/episode_000/predictions.jsonl,589235f100fb6ad3a9d0371315ddb8f5ef93a2be0bf004198592da4678aca6f7,True,886,98,984,1.2354051250731573,1.2319042079616338,[0.0],[0],[0],True,,,False,not_applicable,,False,not_applicable,,False,not_applicable,,False,not_applicable,,False,not_applicable,,,,,,,,,,,
a1beef53c3ea60c39b90ef0e1389820e3f204177a1fecbe937b8d8cef637a92b,3.5__MountainCar-v0__last-action__H20,MountainCar-v0,last-action,20,0,20,data/llmx_data/offline_data/physics_data/raw_transitions/MountainCar-v0/episodes/episode_0.npz,181,experiments/03_1_gpt35_history_n30_joint/results/records.jsonl,experiments/03_1_gpt35_history_n30_joint/results/runs/3.5__MountainCar-v0__last-action__H20/episode_000/predictions.jsonl,0c10b33e1a781ca3b54f94ccbef9d4c48ead44f87969c8771df954ac1302e584,True,1230,182,1412,2.68749437504448,2.685127208009362,[0.0],[0],[2],True,,,False,not_applicable,,False,not_applicable,,False,not_applicable,,False,not_applicable,,False,not_applicable,,,,,,,,,,,
b6320482a895dc6ecebeb4c2be995da0f2d33caf6750a0fd6f3d2efd83373b98,3.5__MountainCar-v0__last-action__H20,MountainCar-v0,last-action,20,1,21,data/llmx_data/offline_data/physics_data/raw_transitions/MountainCar-v0/episodes/episode_0.npz,182,experiments/03_1_gpt35_history_n30_joint/results/records.jsonl,experiments/03_1_gpt35_history_n30_joint/results/runs/3.5__MountainCar-v0__last-action__H20/episode_000/predictions.jsonl,5488e1d87dfda5ab8f3131d040804c834eac0a4cc9e1e3feb8fa1766e7ecc9ed,True,1230,47,1277,1.3461437920341268,1.3431298329960555,[0.0],[0],[0],True,,,False,not_applicable,,False,not_applicable,,False,not_applicable,,False,not_applicable,,False,not_applicable,,,,,,,,,,,
568793264ebc6c58c731b81eeea910089bf4a41472bffa3f87904eb5ae32f7d1,3.5__MountainCar-v0__last-action__H20,MountainCar-v0,last-action,20,2,22,data/llmx_data/offline_data/physics_data/raw_transitions/MountainCar-v0/episodes/episode_0.npz,183,experiments/03_1_gpt35_history_n30_joint/results/records.jsonl,experiments/03_1_gpt35_history_n30_joint/results/runs/3.5__MountainCar-v0__last-action__H20/episode_000/predictions.jsonl,779d47b8ad46b4c710ba0bc1291abd284655ad2f351de65b27c0e2b68842a253,True,1228,46,1274,1.1824975420022383,1.179064916097559,[0.0],[0],[0],True,,,False,not_applicable,,False,not_applicable,,False,not_applicable,,False,not_applicable,,False,not_applicable,,,,,,,,,,,
2972ccb6e6be91bec516a41ec64dfe6ba585032ef2cebc9a47572cf5c8e16d42,3.5__MountainCar-v0__last-action__H20,MountainCar-v0,last-action,20,3,23,data/llmx_data/offline_data/physics_data/raw_transitions/MountainCar-v0/episodes/episode_0.npz,184,experiments/03_1_gpt35_history_n30_joint/results/records.jsonl,experiments/03_1_gpt35_history_n30_joint/results/runs/3.5__MountainCar-v0__last-action__H20/episode_000/predictions.jsonl,d79c8b13d0cd352706397595b9f95bc9b03caefa35e47ee5e598e48a4edee286,True,1227,47,1274,0.7423882919829339,0.738179458072409,[0.0],[0],[0],True,,,False,not_applicable,,False,not_applicable,,False,not_applicable,,False,not_applicable,,False,not_applicable,,,,,,,,,,,
e51491011914b1f0e5d55870224984e3e8c1ddb8e3d2beb3744800cf45b4221a,3.5__MountainCar-v0__last-action__H20,MountainCar-v0,last-action,20,4,24,data/llmx_data/offline_data/physics_data/raw_transitions/MountainCar-v0/episodes/episode_0.npz,185,experiments/03_1_gpt35_history_n30_joint/results/records.jsonl,experiments/03_1_gpt35_history_n30_joint/results/runs/3.5__MountainCar-v0__last-action__H20/episode_000/predictions.jsonl,1edfad2c49290aea4b7f0ac903c3b53b52083623ff8e2bab089bc8da8cb8ea8f,True,1226,50,1276,2.047818167018704,2.0447876249672845,[0.0],[0],[0],True,,,False,not_applicable,,False,not_applicable,,False,not_applicable,,False,not_applicable,,False,not_applicable,,,,,,,,,,,
dfc8f1df609bfdf7997afc0687315d4433f336e35687cf2a7bf88f9cef99ec35,3.5__MountainCar-v0__last-action__H20,MountainCar-v0,last-action,20,5,25,data/llmx_data/offline_data/physics_data/raw_transitions/MountainCar-v0/episodes/episode_0.npz,186,experiments/03_1_gpt35_history_n30_joint/results/records.jsonl,experiments/03_1_gpt35_history_n30_joint/results/runs/3.5__MountainCar-v0__last-action__H20/episode_000/predictions.jsonl,d79c8b13d0cd352706397595b9f95bc9b03caefa35e47ee5e598e48a4edee286,True,1225,47,1272,1.0327559999423102,1.0294085839996114,[0.0],[0],[0],True,,,False,not_applicable,,False,not_applicable,,False,not_applicable,,False,not_applicable,,False,not_applicable,,,,,,,,,,,
82ba681b90bb28e7d7e65a77a48cf95109661cded9e4afaa37034ae727225655,3.5__MountainCar-v0__last-action__H20,MountainCar-v0,last-action,20,6,26,data/llmx_data/offline_data/physics_data/raw_transitions/MountainCar-v0/episodes/episode_0.npz,187,experiments/03_1_gpt35_history_n30_joint/results/records.jsonl,experiments/03_1_gpt35_history_n30_joint/results/runs/3.5__MountainCar-v0__last-action__H20/episode_000/predictions.jsonl,77d173891bd0072ba1da2baf9b6d39c4f35825b7b53829edf015161a05e30fd2,True,1223,53,1276,0.9326032500248402,0.9286187920952216,[0.0],[0],[0],True,,,False,not_applicable,,False,not_applicable,,False,not_applicable,,False,not_applicable,,False,not_applicable,,,,,,,,,,,
07a5eb012fcbd16890ccfa3785a32168412e264f029c13110ffc70774da3b0d6,3.5__MountainCar-v0__last-action__H20,MountainCar-v0,last-action,20,7,27,data/llmx_data/offline_data/physics_data/raw_transitions/MountainCar-v0/episodes/episode_0.npz,188,experiments/03_1_gpt35_history_n30_joint/results/records.jsonl,experiments/03_1_gpt35_history_n30_joint/results/runs/3.5__MountainCar-v0__last-action__H20/episode_000/predictions.jsonl,5930e58604bed403770375d21490c3f6684686ea6f9746a789ffc1d4f4adcb8c,True,1222,78,1300,1.5618892919737846,1.5581485839793459,[0.0],[0],[0],True,,,False,not_applicable,,False,not_applicable,,False,not_applicable,,False,not_applicable,,False,not_applicable,,,,,,,,,,,
c0c45270f74033cd28cc5101ab44458ae4de138fd0509ca8c375f5747d7c9856,3.5__MountainCar-v0__last-action__H20,MountainCar-v0,last-action,20,8,28,data/llmx_data/offline_data/physics_data/raw_transitions/MountainCar-v0/episodes/episode_0.npz,189,experiments/03_1_gpt35_history_n30_joint/results/records.jsonl,experiments/03_1_gpt35_history_n30_joint/results/runs/3.5__MountainCar-v0__last-action__H20/episode_000/predictions.jsonl,a4bc2d9d3f5607c861c3dc99296f33b7ef28909b377321552a6765892f2c7e24,True,1220,95,1315,1.5505407090531662,1.5461692500393838,[0.0],[0],[0],True,,,False,not_applicable,,False,not_applicable,,False,not_applicable,,False,not_applicable,,False,not_applicable,,,,,,,,,,,
976ef4b9289588d807b017ff5c414c387e2181f6d5e74e5140d3222e0b18eada,3.5__MountainCar-v0__last-action__H20,MountainCar-v0,last-action,20,9,29,data/llmx_data/offline_data/physics_data/raw_transitions/MountainCar-v0/episodes/episode_0.npz,190,experiments/03_1_gpt35_history_n30_joint/results/records.jsonl,experiments/03_1_gpt35_history_n30_joint/results/runs/3.5__MountainCar-v0__last-action__H20/episode_000/predictions.jsonl,f7f1250caca1cdf95fe2b7bdfb90849c31c917c869317e552f2cdcb8a9d001ea,True,1220,601,1821,3.9707543330732733,3.9670425420627,[0.0],[0],[2],True,,,False,not_applicable,,False,not_applicable,,False,not_applicable,,False,not_applicable,,False,not_applicable,,,,,,,,,,,
1a7b346db3c95dfd7f227a62603c1a71a663566c4488f21fba9f8fc0a999e74e,3.5__MountainCar-v0__last-action__H20,MountainCar-v0,last-action,20,10,30,data/llmx_data/offline_data/physics_data/raw_transitions/MountainCar-v0/episodes/episode_0.npz,191,experiments/03_1_gpt35_history_n30_joint/results/records.jsonl,experiments/03_1_gpt35_history_n30_joint/results/runs/3.5__MountainCar-v0__last-action__H20/episode_000/predictions.jsonl,7e0e17e2dc1998e4c9a05fc63bc29e326b48105a8c36727a9ef057f273ed427c,True,1219,105,1324,1.229686583043076,1.2262781250756234,[0.0],[0],[0],True,,,False,not_applicable,,False,not_applicable,,False,not_applicable,,False,not_applicable,,False,not_applicable,,,,,,,,,,,
6eb23770c726c1a6b566ab5b927cfb14df4350dafbcc1d1d2b60a92c7a29339f,3.5__MountainCar-v0__last-action__H20,MountainCar-v0,last-action,20,11,31,data/llmx_data/offline_data/physics_data/raw_transitions/MountainCar-v0/episodes/episode_0.npz,192,experiments/03_1_gpt35_history_n30_joint/results/records.jsonl,experiments/03_1_gpt35_history_n30_joint/results/runs/3.5__MountainCar-v0__last-action__H20/episode_000/predictions.jsonl,d79c8b13d0cd352706397595b9f95bc9b03caefa35e47ee5e598e48a4edee286,True,1218,47,1265,1.5764104169793427,1.5730277500115335,[0.0],[0],[0],True,,,False,not_applicable,,False,not_applicable,,False,not_applicable,,False,not_applicable,,False,not_applicable,,,,,,,,,,,
08eede48a939c0c8910c6aad5f291ec2921982633f0fcbd6cafa1451b360de4f,3.5__MountainCar-v0__last-action__H20,MountainCar-v0,last-action,20,12,32,data/llmx_data/offline_data/physics_data/raw_transitions/MountainCar-v0/episodes/episode_0.npz,193,experiments/03_1_gpt35_history_n30_joint/results/records.jsonl,experiments/03_1_gpt35_history_n30_joint/results/runs/3.5__MountainCar-v0__last-action__H20/episode_000/predictions.jsonl,b34d143ec06b0cf2b0ad635ac28455c05f507b4334936b78b1ffbc78f415bc99,True,1217,99,1316,2.0164016250055283,2.012408290989697,[0.0],[0],[0],True,,,False,not_applicable,,False,not_applicable,,False,not_applicable,,False,not_applicable,,False,not_applicable,,,,,,,,,,,
19d9145b5ccfb42ff66f8e89a758c4095283948a715e08fc55094ec4af224d7e,3.5__MountainCar-v0__last-action__H20,MountainCar-v0,last-action,20,13,33,data/llmx_data/offline_data/physics_data/raw_transitions/MountainCar-v0/episodes/episode_0.npz,194,experiments/03_1_gpt35_history_n30_joint/results/records.jsonl,experiments/03_1_gpt35_history_n30_joint/results/runs/3.5__MountainCar-v0__last-action__H20/episode_000/predictions.jsonl,bb3b15c1798fca3d3cea1b46a8c66488974612972564f01c9141ad455791e4ff,True,1215,86,1301,1.6940750840585679,1.6901354159926996,[0.0],[0],[0],True,,,False,not_applicable,,False,not_applicable,,False,not_applicable,,False,not_applicable,,False,not_applicable,,,,,,,,,,,
42365fac7726bbf7c02d61d1ca7c42e2eee6d3921aabd7df7888dfac150c05b6,3.5__MountainCar-v0__last-action__H20,MountainCar-v0,last-action,20,14,34,data/llmx_data/offline_data/physics_data/raw_transitions/MountainCar-v0/episodes/episode_0.npz,195,experiments/03_1_gpt35_history_n30_joint/results/records.jsonl,experiments/03_1_gpt35_history_n30_joint/results/runs/3.5__MountainCar-v0__last-action__H20/episode_000/predictions.jsonl,0e757843f73ab6569f3b401c999b67c924f3817ac69560873685e08b7c20ea46,True,1214,83,1297,1.5111257910029963,1.5076919170096517,[0.0],[0],[2],True,,,False,not_applicable,,False,not_applicable,,False,not_applicable,,False,not_applicable,,False,not_applicable,,,,,,,,,,,
035fd6ca6039a19f5ce1e85142a6e6becbec21edd89369bdd6864350afb0c6ea,3.5__MountainCar-v0__last-action__H20,MountainCar-v0,last-action,20,15,35,data/llmx_data/offline_data/physics_data/raw_transitions/MountainCar-v0/episodes/episode_0.npz,196,experiments/03_1_gpt35_history_n30_joint/results/records.jsonl,experiments/03_1_gpt35_history_n30_joint/results/runs/3.5__MountainCar-v0__last-action__H20/episode_000/predictions.jsonl,1306230c0010e53d6c0b06c145ed9a6a29f3cbc84dcf83c1dfe7beed10c9dae8,True,1212,77,1289,1.5979211670346558,1.5948108750162646,[0.0],[0],[2],True,,,False,not_applicable,,False,not_applicable,,False,not_applicable,,False,not_applicable,,False,not_applicable,,,,,,,,,,,
ea457c3496905f2af5fed1c9a97933e36df0a1ec384ea6eca0ec9b04a566728d,3.5__MountainCar-v0__last-action__H20,MountainCar-v0,last-action,20,16,36,data/llmx_data/offline_data/physics_data/raw_transitions/MountainCar-v0/episodes/episode_0.npz,197,experiments/03_1_gpt35_history_n30_joint/results/records.jsonl,experiments/03_1_gpt35_history_n30_joint/results/runs/3.5__MountainCar-v0__last-action__H20/episode_000/predictions.jsonl,d84a7f188bd04e8301a9232811441ff7fb95ca5a272b1c7b11c93b3316d63401,True,1203,84,1287,1.839637374971062,1.8361142090288922,[0.0],[0],[2],True,,,False,not_applicable,,False,not_applicable,,False,not_applicable,,False,not_applicable,,False,not_applicable,,,,,,,,,,,
e797195e2d2f1e79ee8b86cfec79203e1676f6b03effbbf837ddc54599d7cf40,3.5__MountainCar-v0__last-action__H20,MountainCar-v0,last-action,20,17,37,data/llmx_data/offline_data/physics_data/raw_transitions/MountainCar-v0/episodes/episode_0.npz,198,experiments/03_1_gpt35_history_n30_joint/results/records.jsonl,experiments/03_1_gpt35_history_n30_joint/results/runs/3.5__MountainCar-v0__last-action__H20/episode_000/predictions.jsonl,294599f23342d2b2771facef3ce06230dc8305a51c9ca37af6b5d0945d984f3a,True,1203,90,1293,1.6367917919997126,1.6338480840204284,[0.0],[0],[2],True,,,False,not_applicable,,False,not_applicable,,False,not_applicable,,False,not_applicable,,False,not_applicable,,,,,,,,,,,
44db2c33640b1ca7da128568328a35124cc57c047136b937e0acd79dc163f37d,3.5__MountainCar-v0__last-action__H20,MountainCar-v0,last-action,20,18,38,data/llmx_data/offline_data/physics_data/raw_transitions/MountainCar-v0/episodes/episode_0.npz,199,experiments/03_1_gpt35_history_n30_joint/results/records.jsonl,experiments/03_1_gpt35_history_n30_joint/results/runs/3.5__MountainCar-v0__last-action__H20/episode_000/predictions.jsonl,8568216640be0e5581337f22419baf8627d425cf15af5a1212d4a74659ae0059,True,1203,87,1290,1.2717289169086143,1.2691981249954551,[0.0],[0],[2],True,,,False,not_applicable,,False,not_applicable,,False,not_applicable,,False,not_applicable,,False,not_applicable,,,,,,,,,,,
5963b129aaf4232c4ee7fb64fcdcb26412dbf295a584fbf5d1d738a38d8b0489,3.5__MountainCar-v0__last-action__H20,MountainCar-v0,last-action,20,19,39,data/llmx_data/offline_data/physics_data/raw_transitions/MountainCar-v0/episodes/episode_0.npz,200,experiments/03_1_gpt35_history_n30_joint/results/records.jsonl,experiments/03_1_gpt35_history_n30_joint/results/runs/3.5__MountainCar-v0__last-action__H20/episode_000/predictions.jsonl,ec6ebdd56d81518ff3efd4ac0dd428e705afe4cca24a7646b629be34db6c5ee6,True,1203,111,1314,1.521408750093542,1.5179733750410378,[0.0],[0],[1],True,,,False,not_applicable,,False,not_applicable,,False,not_applicable,,False,not_applicable,,False,not_applicable,,,,,,,,,,,
37cb537526960c1b1955de2c42f0be5a96a29d54910a2141057c9eeebabcd1e3,3.5__MountainCar-v0__last-action__H20,MountainCar-v0,last-action,20,20,40,data/llmx_data/offline_data/physics_data/raw_transitions/MountainCar-v0/episodes/episode_0.npz,201,experiments/03_1_gpt35_history_n30_joint/results/records.jsonl,experiments/03_1_gpt35_history_n30_joint/results/runs/3.5__MountainCar-v0__last-action__H20/episode_000/predictions.jsonl,00f4339b1fc657378a7b58e2a63c7beee72b75e6b65ea714fdb2eeeef298cb92,True,1202,79,1281,1.7040445000166073,1.7002622919389978,[0.0],[0],[2],True,,,False,not_applicable,,False,not_applicable,,False,not_applicable,,False,not_applicable,,False,not_applicable,,,,,,,,,,,
c5f3ffbfc0530e1ba3dc155aad5bdb2799817b5134cb07e8bbbcca446ae7cbd8,3.5__MountainCar-v0__last-action__H20,MountainCar-v0,last-action,20,21,41,data/llmx_data/offline_data/physics_data/raw_transitions/MountainCar-v0/episodes/episode_0.npz,202,experiments/03_1_gpt35_history_n30_joint/results/records.jsonl,experiments/03_1_gpt35_history_n30_joint/results/runs/3.5__MountainCar-v0__last-action__H20/episode_000/predictions.jsonl,18dfcf491ddd3e7e8cb9a9bdb704f01bd49e8873e9023f0a0f1757c677473e8c,True,1201,109,1310,1.8428886249894276,1.8392514999723062,[0.0],[0],[2],True,,,False,not_applicable,,False,not_applicable,,False,not_applicable,,False,not_applicable,,False,not_applicable,,,,,,,,,,,
e820d1efa8e94256de01298ca052ffc6bd0464500ec1a8b3fd6b35c73f6a18a7,3.5__MountainCar-v0__last-action__H20,MountainCar-v0,last-action,20,22,42,data/llmx_data/offline_data/physics_data/raw_transitions/MountainCar-v0/episodes/episode_0.npz,203,experiments/03_1_gpt35_history_n30_joint/results/records.jsonl,experiments/03_1_gpt35_history_n30_joint/results/runs/3.5__MountainCar-v0__last-action__H20/episode_000/predictions.jsonl,d326e970fc933bbdaa7c8cb6ec3658a54dbd30c12dc5f6741a9ab46ba8bfed33,True,1202,81,1283,1.2251944999443367,1.2214184999465942,[0.0],[0],[2],True,,,False,not_applicable,,False,not_applicable,,False,not_applicable,,False,not_applicable,,False,not_applicable,,,,,,,,,,,
e93dc64e940cd83c5a4e15625c595e169dae1cf47e73b0beb61debfc612002e4,3.5__MountainCar-v0__last-action__H20,MountainCar-v0,last-action,20,23,43,data/llmx_data/offline_data/physics_data/raw_transitions/MountainCar-v0/episodes/episode_0.npz,204,experiments/03_1_gpt35_history_n30_joint/results/records.jsonl,experiments/03_1_gpt35_history_n30_joint/results/runs/3.5__MountainCar-v0__last-action__H20/episode_000/predictions.jsonl,dd25498c870817d2180e7137c2e6b5d532db78cd9f388fe4bb01cef7eeb8aeff,True,1202,83,1285,1.5996008750516921,1.595390749978833,[0.0],[0],[0],True,,,False,not_applicable,,False,not_applicable,,False,not_applicable,,False,not_applicable,,False,not_applicable,,,,,,,,,,,
64eddf2f9cb4d22006b757f468257ea8d75e8ab3abb89f5d9d1bfa920ceb6a8d,3.5__MountainCar-v0__last-action__H20,MountainCar-v0,last-action,20,24,44,data/llmx_data/offline_data/physics_data/raw_transitions/MountainCar-v0/episodes/episode_0.npz,205,experiments/03_1_gpt35_history_n30_joint/results/records.jsonl,experiments/03_1_gpt35_history_n30_joint/results/runs/3.5__MountainCar-v0__last-action__H20/episode_000/predictions.jsonl,f9894a65de7ac4859998e0dc9fcd585aadbdc6ad6cc5cf95dd74bb32f77a5959,True,1202,90,1292,1.7844635000219569,1.779939082916826,[0.0],[0],[0],True,,,False,not_applicable,,False,not_applicable,,False,not_applicable,,False,not_applicable,,False,not_applicable,,,,,,,,,,,
68853ee0794bafbd00169f37fe84af08c4a145d140cb612d48fc40fc5f82a602,3.5__MountainCar-v0__last-action__H20,MountainCar-v0,last-action,20,25,45,data/llmx_data/offline_data/physics_data/raw_transitions/MountainCar-v0/episodes/episode_0.npz,206,experiments/03_1_gpt35_history_n30_joint/results/records.jsonl,experiments/03_1_gpt35_history_n30_joint/results/runs/3.5__MountainCar-v0__last-action__H20/episode_000/predictions.jsonl,90a234f3c592423c344a4882e026599cf2f41b4dbad8064869b12bcca1d3f5ed,True,1202,186,1388,2.354264291934669,2.3512742079328746,[0.0],[0],[0],True,,,False,not_applicable,,False,not_applicable,,False,not_applicable,,False,not_applicable,,False,not_applicable,,,,,,,,,,,
840279ccf0ece71b437d97343ec5888f6b52c5d4566b823351a2f1f353b4acfc,3.5__MountainCar-v0__last-action__H20,MountainCar-v0,last-action,20,26,46,data/llmx_data/offline_data/physics_data/raw_transitions/MountainCar-v0/episodes/episode_0.npz,207,experiments/03_1_gpt35_history_n30_joint/results/records.jsonl,experiments/03_1_gpt35_history_n30_joint/results/runs/3.5__MountainCar-v0__last-action__H20/episode_000/predictions.jsonl,795a8cf7473d6692cb09f9ab07ff66189830250c453a8eafe76c593127c3c82d,True,1203,90,1293,1.2115693340310827,1.2078639169922099,[0.0],[0],[2],True,,,False,not_applicable,,False,not_applicable,,False,not_applicable,,False,not_applicable,,False,not_applicable,,,,,,,,,,,
5e1d0157c93f0544d0167bbb964347586d4f27772906682ee8c5eb837aba49ca,3.5__MountainCar-v0__last-action__H20,MountainCar-v0,last-action,20,27,47,data/llmx_data/offline_data/physics_data/raw_transitions/MountainCar-v0/episodes/episode_0.npz,208,experiments/03_1_gpt35_history_n30_joint/results/records.jsonl,experiments/03_1_gpt35_history_n30_joint/results/runs/3.5__MountainCar-v0__last-action__H20/episode_000/predictions.jsonl,bcd648cd4b8de0893210bc5b9dedbf2dc534a828d6e75fbbc84b705a1b8351a6,True,1203,101,1304,1.2951845420757309,1.2910508329514414,[0.0],[0],[0],True,,,False,not_applicable,,False,not_applicable,,False,not_applicable,,False,not_applicable,,False,not_applicable,,,,,,,,,,,
d95d42e69d9753acbf092bddf44fb07ea02e87db8fda53f265b995359ee12ae8,3.5__MountainCar-v0__last-action__H20,MountainCar-v0,last-action,20,28,48,data/llmx_data/offline_data/physics_data/raw_transitions/MountainCar-v0/episodes/episode_0.npz,209,experiments/03_1_gpt35_history_n30_joint/results/records.jsonl,experiments/03_1_gpt35_history_n30_joint/results/runs/3.5__MountainCar-v0__last-action__H20/episode_000/predictions.jsonl,787ed90580ac4be9f5f028d4fb6dff9d8e04ba595fc1b07f9dbe11f7acb7d2bd,True,1204,126,1330,1.1045447499491274,1.1007057919632643,[0.0],[0],[2],True,,,False,not_applicable,,False,not_applicable,,False,not_applicable,,False,not_applicable,,False,not_applicable,,,,,,,,,,,
e6b409ba322971107ea6f5be3a262285168b08976d336c2ea55dab06d600a7e2,3.5__MountainCar-v0__last-action__H20,MountainCar-v0,last-action,20,29,49,data/llmx_data/offline_data/physics_data/raw_transitions/MountainCar-v0/episodes/episode_0.npz,210,experiments/03_1_gpt35_history_n30_joint/results/records.jsonl,experiments/03_1_gpt35_history_n30_joint/results/runs/3.5__MountainCar-v0__last-action__H20/episode_000/predictions.jsonl,0caf172b22306e50506a603895a80c7f1befa41462edf7c1fec248ff5b8040bb,True,1204,111,1315,1.5435424998868257,1.5403280839091167,[0.0],[0],[2],True,,,False,not_applicable,,False,not_applicable,,False,not_applicable,,False,not_applicable,,False,not_applicable,,,,,,,,,,,
a4f4fd58b0690252111c3266655dcd22b9a2b0d5767215df9c25d2620b3cdf34,3.5__MountainCar-v0__last-action__H30,MountainCar-v0,last-action,30,0,30,data/llmx_data/offline_data/physics_data/raw_transitions/MountainCar-v0/episodes/episode_0.npz,211,experiments/03_1_gpt35_history_n30_joint/results/records.jsonl,experiments/03_1_gpt35_history_n30_joint/results/runs/3.5__MountainCar-v0__last-action__H30/episode_000/predictions.jsonl,9f8eb701bd4e08fbe3e55e4a2f43bb2ade849b4f4d357315ecceb2bd1dfb0bc2,True,1547,79,1626,1.056807375047356,1.055205624899827,[0.0],[0],[0],True,,,False,not_applicable,,False,not_applicable,,False,not_applicable,,False,not_applicable,,False,not_applicable,,,,,,,,,,,
17046d11b87ce3b82a362adb0ebe7c2faaf0012f6851afbf3cd687d9379379e5,3.5__MountainCar-v0__last-action__H30,MountainCar-v0,last-action,30,1,31,data/llmx_data/offline_data/physics_data/raw_transitions/MountainCar-v0/episodes/episode_0.npz,212,experiments/03_1_gpt35_history_n30_joint/results/records.jsonl,experiments/03_1_gpt35_history_n30_joint/results/runs/3.5__MountainCar-v0__last-action__H30/episode_000/predictions.jsonl,79e78c20c456186a6fe3efaa7965f1f702193313e6a8c68ec8094cf9de81ccc8,True,1547,102,1649,1.0089836249826476,1.0060117080574855,[0.0],[0],[0],True,,,False,not_applicable,,False,not_applicable,,False,not_applicable,,False,not_applicable,,False,not_applicable,,,,,,,,,,,
2b4bfdcfc100257c0fc83fd46c612247df9ee56881caa3aedda9659f5969e240,3.5__MountainCar-v0__last-action__H30,MountainCar-v0,last-action,30,2,32,data/llmx_data/offline_data/physics_data/raw_transitions/MountainCar-v0/episodes/episode_0.npz,213,experiments/03_1_gpt35_history_n30_joint/results/records.jsonl,experiments/03_1_gpt35_history_n30_joint/results/runs/3.5__MountainCar-v0__last-action__H30/episode_000/predictions.jsonl,f9eb0c7ef67bd37cab7091481040a533ae749cac66c768f6bb8c59d9827ee763,True,1546,98,1644,1.5223853749921545,1.5185239580459893,[0.0],[0],[1],True,,,False,not_applicable,,False,not_applicable,,False,not_applicable,,False,not_applicable,,False,not_applicable,,,,,,,,,,,
ff8618ed9f54db1ce80bf26217183807a29de8b685c6fd095b1e6b34a072c604,3.5__MountainCar-v0__last-action__H30,MountainCar-v0,last-action,30,3,33,data/llmx_data/offline_data/physics_data/raw_transitions/MountainCar-v0/episodes/episode_0.npz,214,experiments/03_1_gpt35_history_n30_joint/results/records.jsonl,experiments/03_1_gpt35_history_n30_joint/results/runs/3.5__MountainCar-v0__last-action__H30/episode_000/predictions.jsonl,f8557082019aa2471e9826d7d10a3d0d82cd99cfd05dfe9192bde069e6c8fc74,False,1544,125,1669,2.2705767089501023,2.2663610000163317,[0.0],[0],,False,missing_marker,,False,not_applicable,,False,not_applicable,,False,not_applicable,,False,not_applicable,,False,not_applicable,,,,,,,,,,,
04096f0c03a43fd4085aeedd3d8dbba88f702f24cb472d92ebabd5a1a35f07e9,3.5__MountainCar-v0__last-action__H30,MountainCar-v0,last-action,30,4,34,data/llmx_data/offline_data/physics_data/raw_transitions/MountainCar-v0/episodes/episode_0.npz,215,experiments/03_1_gpt35_history_n30_joint/results/records.jsonl,experiments/03_1_gpt35_history_n30_joint/results/runs/3.5__MountainCar-v0__last-action__H30/episode_000/predictions.jsonl,e3ff01b7fa69a75e6f5bbc4aa59a0b59845a577356b2188f3cfc43af5a74ec01,True,1543,74,1617,1.5491500420030206,1.5445219579851255,[0.0],[0],[0],True,,,False,not_applicable,,False,not_applicable,,False,not_applicable,,False,not_applicable,,False,not_applicable,,,,,,,,,,,
b5432fe6d592f123da52ea1de9c97746abebb03e6f257698f5ff0111e66f5817,3.5__MountainCar-v0__last-action__H30,MountainCar-v0,last-action,30,5,35,data/llmx_data/offline_data/physics_data/raw_transitions/MountainCar-v0/episodes/episode_0.npz,216,experiments/03_1_gpt35_history_n30_joint/results/records.jsonl,experiments/03_1_gpt35_history_n30_joint/results/runs/3.5__MountainCar-v0__last-action__H30/episode_000/predictions.jsonl,82e5bbf2305e00aa0ec1fd8566e2a6b758ee780e9e32308c9da529977d4100d0,True,1541,98,1639,1.4876107919262722,1.4830782919889316,[0.0],[0],[0],True,,,False,not_applicable,,False,not_applicable,,False,not_applicable,,False,not_applicable,,False,not_applicable,,,,,,,,,,,
ca4a0838e93cf8aeab0e996e3084f50c6fbfe487f3cee91db325afd513964888,3.5__MountainCar-v0__last-action__H30,MountainCar-v0,last-action,30,6,36,data/llmx_data/offline_data/physics_data/raw_transitions/MountainCar-v0/episodes/episode_0.npz,217,experiments/03_1_gpt35_history_n30_joint/results/records.jsonl,experiments/03_1_gpt35_history_n30_joint/results/runs/3.5__MountainCar-v0__last-action__H30/episode_000/predictions.jsonl,8de74106bb7eb73527c22e3aa5345d8b4382ede4616b0250ffd07fdf4416a4c2,True,1538,70,1608,1.294479291071184,1.2901996250730008,[0.0],[0],[0],True,,,False,not_applicable,,False,not_applicable,,False,not_applicable,,False,not_applicable,,False,not_applicable,,,,,,,,,,,
15ff49448c860387cb0a865fd003528beb56280690a01c4e0a488694ced637bd,3.5__MountainCar-v0__last-action__H30,MountainCar-v0,last-action,30,7,37,data/llmx_data/offline_data/physics_data/raw_transitions/MountainCar-v0/episodes/episode_0.npz,218,experiments/03_1_gpt35_history_n30_joint/results/records.jsonl,experiments/03_1_gpt35_history_n30_joint/results/runs/3.5__MountainCar-v0__last-action__H30/episode_000/predictions.jsonl,394cb27689d93ea048aefd228e828e59e155f3657dc4248e8a24793d78e6712e,True,1537,99,1636,1.2337125829653814,1.23018037492875,[0.0],[0],[0],True,,,False,not_applicable,,False,not_applicable,,False,not_applicable,,False,not_applicable,,False,not_applicable,,,,,,,,,,,
44d015c71bf6df99e5ba9feaa5053bfffcfececa123ec94e1a5eb26e6735c869,3.5__MountainCar-v0__last-action__H30,MountainCar-v0,last-action,30,8,38,data/llmx_data/offline_data/physics_data/raw_transitions/MountainCar-v0/episodes/episode_0.npz,219,experiments/03_1_gpt35_history_n30_joint/results/records.jsonl,experiments/03_1_gpt35_history_n30_joint/results/runs/3.5__MountainCar-v0__last-action__H30/episode_000/predictions.jsonl,a87861310601cd728ef2436e088229d9c86b0fe0ea382edb7dfbb25e46b89047,True,1536,46,1582,1.6121836670208722,1.6082862080074847,[0.0],[0],[0],True,,,False,not_applicable,,False,not_applicable,,False,not_applicable,,False,not_applicable,,False,not_applicable,,,,,,,,,,,
9555c10ba858634e4b80b125a5ae689e2f0a67932d43bc0371f197a713bd7f13,3.5__MountainCar-v0__last-action__H30,MountainCar-v0,last-action,30,9,39,data/llmx_data/offline_data/physics_data/raw_transitions/MountainCar-v0/episodes/episode_0.npz,220,experiments/03_1_gpt35_history_n30_joint/results/records.jsonl,experiments/03_1_gpt35_history_n30_joint/results/runs/3.5__MountainCar-v0__last-action__H30/episode_000/predictions.jsonl,ae4a179871b08fbc3bf49a79d050207eaf4f2a0ac568cac5d9bd5d77cf69c5ff,True,1536,112,1648,2.0555410829838365,2.052273750072345,[0.0],[0],[2],True,,,False,not_applicable,,False,not_applicable,,False,not_applicable,,False,not_applicable,,False,not_applicable,,,,,,,,,,,
5de2c8c29d8de272b3dc66489c9c39f585ee49bb70c91c7acb5e7127587fb3ef,3.5__MountainCar-v0__last-action__H30,MountainCar-v0,last-action,30,10,40,data/llmx_data/offline_data/physics_data/raw_transitions/MountainCar-v0/episodes/episode_0.npz,221,experiments/03_1_gpt35_history_n30_joint/results/records.jsonl,experiments/03_1_gpt35_history_n30_joint/results/runs/3.5__MountainCar-v0__last-action__H30/episode_000/predictions.jsonl,a508397d7e55e744fbf8f45b55ee96687d6af82f5ae52aecbb1edcc108f6341a,True,1534,62,1596,1.430040582898073,1.4266669580247253,[0.0],[0],[2],True,,,False,not_applicable,,False,not_applicable,,False,not_applicable,,False,not_applicable,,False,not_applicable,,,,,,,,,,,
5b99a3785c5fbf9021af5e8f08b51e63424c0f346f653454eb556681b9f61e40,3.5__MountainCar-v0__last-action__H30,MountainCar-v0,last-action,30,11,41,data/llmx_data/offline_data/physics_data/raw_transitions/MountainCar-v0/episodes/episode_0.npz,222,experiments/03_1_gpt35_history_n30_joint/results/records.jsonl,experiments/03_1_gpt35_history_n30_joint/results/runs/3.5__MountainCar-v0__last-action__H30/episode_000/predictions.jsonl,78201baba77dd3bb95e323171a7339ac0243d7b3cb538779af19393b49d16b56,True,1532,102,1634,1.955839250003919,1.952386749908328,[0.0],[0],[2],True,,,False,not_applicable,,False,not_applicable,,False,not_applicable,,False,not_applicable,,False,not_applicable,,,,,,,,,,,
594e638bd9bf61b0a4eb6b797533b9c340af2f4a39025fc013460a8357e2560f,3.5__MountainCar-v0__last-action__H30,MountainCar-v0,last-action,30,12,42,data/llmx_data/offline_data/physics_data/raw_transitions/MountainCar-v0/episodes/episode_0.npz,223,experiments/03_1_gpt35_history_n30_joint/results/records.jsonl,experiments/03_1_gpt35_history_n30_joint/results/runs/3.5__MountainCar-v0__last-action__H30/episode_000/predictions.jsonl,2adeafbff125b1f72da3fc318a129f2536046dade764ba69da0743bc8f63703e,True,1531,97,1628,1.8919825000921264,1.8879860000452027,[0.0],[0],[1],True,,,False,not_applicable,,False,not_applicable,,False,not_applicable,,False,not_applicable,,False,not_applicable,,,,,,,,,,,
b15e9250c0ae07d5c5d2c8819d2f43ea0055a91d4e4bb9a07bd71cbc8b1cffd9,3.5__MountainCar-v0__last-action__H30,MountainCar-v0,last-action,30,13,43,data/llmx_data/offline_data/physics_data/raw_transitions/MountainCar-v0/episodes/episode_0.npz,224,experiments/03_1_gpt35_history_n30_joint/results/records.jsonl,experiments/03_1_gpt35_history_n30_joint/results/runs/3.5__MountainCar-v0__last-action__H30/episode_000/predictions.jsonl,4b0e77ef7f9e6e1e08b6403e02fbd392dbb6010eb92fa71cb56bb40d223689eb,True,1530,87,1617,1.890484374947846,1.8860310839954764,[0.0],[0],[2],True,,,False,not_applicable,,False,not_applicable,,False,not_applicable,,False,not_applicable,,False,not_applicable,,,,,,,,,,,
1bf4618c885a884b3a323379e70edaadfed58f86d9f3830862bbd276039e263f,3.5__MountainCar-v0__last-action__H30,MountainCar-v0,last-action,30,14,44,data/llmx_data/offline_data/physics_data/raw_transitions/MountainCar-v0/episodes/episode_0.npz,225,experiments/03_1_gpt35_history_n30_joint/results/records.jsonl,experiments/03_1_gpt35_history_n30_joint/results/runs/3.5__MountainCar-v0__last-action__H30/episode_000/predictions.jsonl,1d2b6e80f33956fb06f73b785322cc044954e41c9f61ad4ae50807b260a28870,True,1529,66,1595,1.0362631670432165,1.031747999950312,[0.0],[0],[2],True,,,False,not_applicable,,False,not_applicable,,False,not_applicable,,False,not_applicable,,False,not_applicable,,,,,,,,,,,
23fb862dc7c8056fad43d4674a08575fdca4692f50e0b7ebff536616da365caa,3.5__MountainCar-v0__last-action__H30,MountainCar-v0,last-action,30,15,45,data/llmx_data/offline_data/physics_data/raw_transitions/MountainCar-v0/episodes/episode_0.npz,226,experiments/03_1_gpt35_history_n30_joint/results/records.jsonl,experiments/03_1_gpt35_history_n30_joint/results/runs/3.5__MountainCar-v0__last-action__H30/episode_000/predictions.jsonl,b1b737db9755901d8d6cdf90839f0379a7d89a489053ec57f22679a8ad0f5b48,True,1528,88,1616,1.8249329579994082,1.8205956249730662,[0.0],[0],[2],True,,,False,not_applicable,,False,not_applicable,,False,not_applicable,,False,not_applicable,,False,not_applicable,,,,,,,,,,,
197b162a2e047071b6100fd4f5d98480a6873aaac6cbd3e31b74b6849d1fc885,3.5__MountainCar-v0__last-action__H30,MountainCar-v0,last-action,30,16,46,data/llmx_data/offline_data/physics_data/raw_transitions/MountainCar-v0/episodes/episode_0.npz,227,experiments/03_1_gpt35_history_n30_joint/results/records.jsonl,experiments/03_1_gpt35_history_n30_joint/results/runs/3.5__MountainCar-v0__last-action__H30/episode_000/predictions.jsonl,4d946ec92c6940dcf0de7ebc121bf5e46387e3fb9c29d117d7a1cdf3198bab5f,True,1521,66,1587,1.0042979589197785,0.9999757909681648,[0.0],[0],[2],True,,,False,not_applicable,,False,not_applicable,,False,not_applicable,,False,not_applicable,,False,not_applicable,,,,,,,,,,,
d44a106eb0ce59c988ff430f86264cfee073ffd6653490681da96c1d8c7f3fd5,3.5__MountainCar-v0__last-action__H30,MountainCar-v0,last-action,30,17,47,data/llmx_data/offline_data/physics_data/raw_transitions/MountainCar-v0/episodes/episode_0.npz,228,experiments/03_1_gpt35_history_n30_joint/results/records.jsonl,experiments/03_1_gpt35_history_n30_joint/results/runs/3.5__MountainCar-v0__last-action__H30/episode_000/predictions.jsonl,622f7e0c5dc86ac1208484f3105d5a6ec5804dc4802260880b48e90323662b2d,True,1521,64,1585,1.0540932919830084,1.049349999986589,[0.0],[0],[2],True,,,False,not_applicable,,False,not_applicable,,False,not_applicable,,False,not_applicable,,False,not_applicable,,,,,,,,,,,
98598f8920183bbca10b1a710cffcab27e6b4b1aa89eeb9f0224c949958bee29,3.5__MountainCar-v0__last-action__H30,MountainCar-v0,last-action,30,18,48,data/llmx_data/offline_data/physics_data/raw_transitions/MountainCar-v0/episodes/episode_0.npz,229,experiments/03_1_gpt35_history_n30_joint/results/records.jsonl,experiments/03_1_gpt35_history_n30_joint/results/runs/3.5__MountainCar-v0__last-action__H30/episode_000/predictions.jsonl,fc75dea68492b1800da9ba14bc2dfd444dc20d472cadec7cc77e52717fa5fa6b,True,1521,95,1616,1.2938218750059605,1.2901935420231894,[0.0],[0],[0],True,,,False,not_applicable,,False,not_applicable,,False,not_applicable,,False,not_applicable,,False,not_applicable,,,,,,,,,,,
70ea89b390c3147493e2d9f0e8cb68e9a2a73d58c319967d1f164671fecb0795,3.5__MountainCar-v0__last-action__H30,MountainCar-v0,last-action,30,19,49,data/llmx_data/offline_data/physics_data/raw_transitions/MountainCar-v0/episodes/episode_0.npz,230,experiments/03_1_gpt35_history_n30_joint/results/records.jsonl,experiments/03_1_gpt35_history_n30_joint/results/runs/3.5__MountainCar-v0__last-action__H30/episode_000/predictions.jsonl,294599f23342d2b2771facef3ce06230dc8305a51c9ca37af6b5d0945d984f3a,True,1521,90,1611,1.664068708079867,1.6597410420654342,[0.0],[0],[2],True,,,False,not_applicable,,False,not_applicable,,False,not_applicable,,False,not_applicable,,False,not_applicable,,,,,,,,,,,
7927b2492f5fc84661d2bb4c6e5acf95325e902b00bb4691c69926343996cb48,3.5__MountainCar-v0__last-action__H30,MountainCar-v0,last-action,30,20,50,data/llmx_data/offline_data/physics_data/raw_transitions/MountainCar-v0/episodes/episode_0.npz,231,experiments/03_1_gpt35_history_n30_joint/results/records.jsonl,experiments/03_1_gpt35_history_n30_joint/results/runs/3.5__MountainCar-v0__last-action__H30/episode_000/predictions.jsonl,2dd92e335790ae69a5ada000f19b577c38088529005d411846cbb25ddf1b570a,True,1521,106,1627,1.234664166928269,1.2307841249275953,[1.0],[1],[0],True,,,False,not_applicable,,False,not_applicable,,False,not_applicable,,False,not_applicable,,False,not_applicable,,,,,,,,,,,
dba772aca16e07ee1d0efc04567c66e923fa66c59fc7ed614655eeab2324ed7d,3.5__MountainCar-v0__last-action__H30,MountainCar-v0,last-action,30,21,51,data/llmx_data/offline_data/physics_data/raw_transitions/MountainCar-v0/episodes/episode_0.npz,232,experiments/03_1_gpt35_history_n30_joint/results/records.jsonl,experiments/03_1_gpt35_history_n30_joint/results/runs/3.5__MountainCar-v0__last-action__H30/episode_000/predictions.jsonl,2e73aab58cea1d2c9cb2d5db11310294a0a2c90e3c8b18b2bc50ca536d554633,True,1527,79,1606,1.287110917037353,1.2828511249972507,[2.0],[2],[2],True,,,False,not_applicable,,False,not_applicable,,False,not_applicable,,False,not_applicable,,False,not_applicable,,,,,,,,,,,
33d9a48a613d49795761f42a60dda73598fff86565a2105f706ccf3a791d6b14,3.5__MountainCar-v0__last-action__H30,MountainCar-v0,last-action,30,22,52,data/llmx_data/offline_data/physics_data/raw_transitions/MountainCar-v0/episodes/episode_0.npz,233,experiments/03_1_gpt35_history_n30_joint/results/records.jsonl,experiments/03_1_gpt35_history_n30_joint/results/runs/3.5__MountainCar-v0__last-action__H30/episode_000/predictions.jsonl,3af4b081aa99f1bfe4a7d326fd8236f8842f80de5dfc660d0761b97e94f6b78f,True,1529,103,1632,1.1271567080402747,1.1224332089768723,[2.0],[2],[2],True,,,False,not_applicable,,False,not_applicable,,False,not_applicable,,False,not_applicable,,False,not_applicable,,,,,,,,,,,
a79b26d4929de34504d69fc18bcc05ba07215345c03fb6df955dc4a99d5cad89,3.5__MountainCar-v0__last-action__H30,MountainCar-v0,last-action,30,23,53,data/llmx_data/offline_data/physics_data/raw_transitions/MountainCar-v0/episodes/episode_0.npz,234,experiments/03_1_gpt35_history_n30_joint/results/records.jsonl,experiments/03_1_gpt35_history_n30_joint/results/runs/3.5__MountainCar-v0__last-action__H30/episode_000/predictions.jsonl,e882081ac409b55c6530256fa11494b6c955551d98be8abacf0c5e1127b45826,True,1530,78,1608,1.1191589580848813,1.1152755829971284,[2.0],[2],[2],True,,,False,not_applicable,,False,not_applicable,,False,not_applicable,,False,not_applicable,,False,not_applicable,,,,,,,,,,,
e2b264a0da8ad4a88df09d387791a404326cdd75d9622a2e7442a136532c85cf,3.5__MountainCar-v0__last-action__H30,MountainCar-v0,last-action,30,24,54,data/llmx_data/offline_data/physics_data/raw_transitions/MountainCar-v0/episodes/episode_0.npz,235,experiments/03_1_gpt35_history_n30_joint/results/records.jsonl,experiments/03_1_gpt35_history_n30_joint/results/runs/3.5__MountainCar-v0__last-action__H30/episode_000/predictions.jsonl,dc5480d1aa9d85f5e2f7bceb8f23271f9ba9c144693146395072a00d0a8b155a,True,1531,88,1619,1.313214624999091,1.3105529999593273,[2.0],[2],[2],True,,,False,not_applicable,,False,not_applicable,,False,not_applicable,,False,not_applicable,,False,not_applicable,,,,,,,,,,,
8eb1ae9a74e87e7c14a5c03d1f2f9a45da51a20d768d4d99f0a8c5daa3573a0c,3.5__MountainCar-v0__last-action__H30,MountainCar-v0,last-action,30,25,55,data/llmx_data/offline_data/physics_data/raw_transitions/MountainCar-v0/episodes/episode_0.npz,236,experiments/03_1_gpt35_history_n30_joint/results/records.jsonl,experiments/03_1_gpt35_history_n30_joint/results/runs/3.5__MountainCar-v0__last-action__H30/episode_000/predictions.jsonl,901068f55cda74a3a612d697940a18da9d432e2a51a6ef2846ce7bb4c12d9da6,True,1532,119,1651,2.0810039580101147,2.078267707955092,[2.0],[2],[2],True,,,False,not_applicable,,False,not_applicable,,False,not_applicable,,False,not_applicable,,False,not_applicable,,,,,,,,,,,
648a94d6fa30f6d95ea103be76fdfd9f16d51ae6314bd047acf5de5e4dcda235,3.5__MountainCar-v0__last-action__H30,MountainCar-v0,last-action,30,26,56,data/llmx_data/offline_data/physics_data/raw_transitions/MountainCar-v0/episodes/episode_0.npz,237,experiments/03_1_gpt35_history_n30_joint/results/records.jsonl,experiments/03_1_gpt35_history_n30_joint/results/runs/3.5__MountainCar-v0__last-action__H30/episode_000/predictions.jsonl,4e264d3da64d159cfcb4f37a9637171b634adfb14749237a90a23d6525aa06f5,True,1534,98,1632,1.8098469589604065,1.8055573749588802,[2.0],[2],[2],True,,,False,not_applicable,,False,not_applicable,,False,not_applicable,,False,not_applicable,,False,not_applicable,,,,,,,,,,,
e7e6cfe25559ce9942b53d3a5a20d7a86523d2f13725e5992d6523cf598537fd,3.5__MountainCar-v0__last-action__H30,MountainCar-v0,last-action,30,27,57,data/llmx_data/offline_data/physics_data/raw_transitions/MountainCar-v0/episodes/episode_0.npz,238,experiments/03_1_gpt35_history_n30_joint/results/records.jsonl,experiments/03_1_gpt35_history_n30_joint/results/runs/3.5__MountainCar-v0__last-action__H30/episode_000/predictions.jsonl,1a55dfac3f318d822d182859d091b5e3f1823d09b8e9a4abc842ef5e10d1d98e,True,1535,116,1651,1.7498925840482116,1.7462624580366537,[2.0],[2],[2],True,,,False,not_applicable,,False,not_applicable,,False,not_applicable,,False,not_applicable,,False,not_applicable,,,,,,,,,,,
1be1f21bb98fcfd102638462f117c9b13e4e579e38e173ca23fbbc632f2706ef,3.5__MountainCar-v0__last-action__H30,MountainCar-v0,last-action,30,28,58,data/llmx_data/offline_data/physics_data/raw_transitions/MountainCar-v0/episodes/episode_0.npz,239,experiments/03_1_gpt35_history_n30_joint/results/records.jsonl,experiments/03_1_gpt35_history_n30_joint/results/runs/3.5__MountainCar-v0__last-action__H30/episode_000/predictions.jsonl,720dfb3ee5de98a1760838f6586df03c195b4566cd8439761f97aaffbb02cd0f,True,1537,93,1630,1.3279657079838216,1.3243762080091983,[2.0],[2],[2],True,,,False,not_applicable,,False,not_applicable,,False,not_applicable,,False,not_applicable,,False,not_applicable,,,,,,,,,,,
8379de6edf4d7412fc0f58cdd2c96f08954e6f90cec47afcaab60a99bc6cdb68,3.5__MountainCar-v0__last-action__H30,MountainCar-v0,last-action,30,29,59,data/llmx_data/offline_data/physics_data/raw_transitions/MountainCar-v0/episodes/episode_0.npz,240,experiments/03_1_gpt35_history_n30_joint/results/records.jsonl,experiments/03_1_gpt35_history_n30_joint/results/runs/3.5__MountainCar-v0__last-action__H30/episode_000/predictions.jsonl,ddbba4af0ff9ad330910573c5964ad77f89c0a991477171016a2806d3dc96ea2,True,1538,88,1626,1.719355541979894,1.7154478329466656,[2.0],[2],[2],True,,,False,not_applicable,,False,not_applicable,,False,not_applicable,,False,not_applicable,,False,not_applicable,,,,,,,,,,,
da2f24deca6458f7b1f0db8126cfac235ba9622717c870b74edd0bc3ff53bc85,3.5__MountainCar-v0__next-state__H5,MountainCar-v0,next-state,5,0,4,data/llmx_data/offline_data/physics_data/raw_transitions/MountainCar-v0/episodes/episode_0.npz,241,experiments/03_1_gpt35_history_n30_joint/results/records.jsonl,experiments/03_1_gpt35_history_n30_joint/results/runs/3.5__MountainCar-v0__next-state__H5/episode_000/predictions.jsonl,f542f63fc7d5911236b41ab6f1be815a2a1d761a5c6063c2fbafd2eb700c373e,True,1073,152,1225,1.8596751670120284,1.8567137499339879,,,,False,not_applicable,,False,not_applicable,,False,not_applicable,"[1, 1]",True,,"[-0.4865, 0.004]",True,,"[0.0033, 0.0008]",True,,"[-0.48967093229293823, 0.0031619640067219734]","[-0.48576298356056213, 0.0039079440757632256]","[1, 1]","[-0.48576298356056213, 0.0039079440757632256]","[0.003907948732376099, 0.0007459800690412521]",,,,,,
b22757185a278a2e83f29d250ea621ed8a60d843662b66752c6dd3548e8c7b4a,3.5__MountainCar-v0__next-state__H5,MountainCar-v0,next-state,5,1,5,data/llmx_data/offline_data/physics_data/raw_transitions/MountainCar-v0/episodes/episode_0.npz,242,experiments/03_1_gpt35_history_n30_joint/results/records.jsonl,experiments/03_1_gpt35_history_n30_joint/results/runs/3.5__MountainCar-v0__next-state__H5/episode_000/predictions.jsonl,de5c6455ec8be92c1619650623000d518eb0c56ed3476d29305d8ca518aeb5c7,True,1074,136,1210,1.657307374989614,1.6534732079599053,,,,False,not_applicable,,False,not_applicable,,False,not_applicable,"[1, 1]",True,,"[-0.4819, 0.0046]",True,,"[0.0039, 0.0007]",True,,"[-0.48576298356056213, 0.0039079440757632256]","[-0.4811381995677948, 0.004624784924089909]","[1, 1]","[-0.4811381995677948, 0.004624784924089909]","[0.004624783992767334, 0.000716840848326683]",,,,,,
9f42a13b06120d8da39a0b7f4455d3854c106db230cd63507e21a6b1a0108ecc,3.5__MountainCar-v0__next-state__H5,MountainCar-v0,next-state,5,2,6,data/llmx_data/offline_data/physics_data/raw_transitions/MountainCar-v0/episodes/episode_0.npz,243,experiments/03_1_gpt35_history_n30_joint/results/records.jsonl,experiments/03_1_gpt35_history_n30_joint/results/runs/3.5__MountainCar-v0__next-state__H5/episode_000/predictions.jsonl,019612934db9fd187763bfd45fb7159a91a2f9ca9fbc248ff04dff7e70958c42,True,1074,196,1270,1.4688712919596583,1.4648000829620287,,,,False,not_applicable,,False,not_applicable,,False,not_applicable,"[1, 1]",True,,"[-0.4765, 0.0053]",True,,"[0.0046, 0.0007]",True,,"[-0.4811381995677948, 0.004624784924089909]","[-0.475831001996994, 0.005307191051542759]","[1, 1]","[-0.475831001996994, 0.005307191051542759]","[0.005307197570800781, 0.0006824061274528503]",,,,,,
3bceb14eda392f549bdc8dc5efdb8dc761744e56d8a829804535249192be0fa1,3.5__MountainCar-v0__next-state__H5,MountainCar-v0,next-state,5,3,7,data/llmx_data/offline_data/physics_data/raw_transitions/MountainCar-v0/episodes/episode_0.npz,244,experiments/03_1_gpt35_history_n30_joint/results/records.jsonl,experiments/03_1_gpt35_history_n30_joint/results/runs/3.5__MountainCar-v0__next-state__H5/episode_000/predictions.jsonl,f75c0f78867c4f18dd739f2cc8118247a0887aa762525db248d205fe58f9ef00,True,1074,151,1225,2.0285785830346867,2.0242935830028728,,,,False,not_applicable,,False,not_applicable,,False,not_applicable,"[1, 0]",True,,"[-0.4706, 0.006]",True,,"[0.0052, 0.0007]",True,,"[-0.475831001996994, 0.005307191051542759]","[-0.4698808491230011, 0.00595015799626708]","[1, 1]","[-0.4698808491230011, 0.00595015799626708]","[0.00595015287399292, 0.0006429669447243214]",,,,,,
44f9b7d1ca854e16e3cd29f140eba2ecb3f2afad4436a84bcaf7dc92b8c1cdf8,3.5__MountainCar-v0__next-state__H5,MountainCar-v0,next-state,5,4,8,data/llmx_data/offline_data/physics_data/raw_transitions/MountainCar-v0/episodes/episode_0.npz,245,experiments/03_1_gpt35_history_n30_joint/results/records.jsonl,experiments/03_1_gpt35_history_n30_joint/results/runs/3.5__MountainCar-v0__next-state__H5/episode_000/predictions.jsonl,b9484319b13f0240b2ed17670ca137f78b4ad8d2068b246f31b61dc5a9d6bf1c,True,1072,135,1207,1.9501698330277577,1.946769707952626,,,,False,not_applicable,,False,not_applicable,,False,not_applicable,"[1, 1]",True,,"[-0.4639, 0.0067]",True,,"[0.006, 0.0007]",True,,"[-0.4698808491230011, 0.00595015799626708]","[-0.46333184838294983, 0.006549014709889889]","[1, 1]","[-0.46333184838294983, 0.006549014709889889]","[0.0065490007400512695, 0.0005988567136228085]",,,,,,
e7cdf6d038f230c4f7326f9d3e0246937654f97c912eaf21b5d7cdc487e826c5,3.5__MountainCar-v0__next-state__H5,MountainCar-v0,next-state,5,5,9,data/llmx_data/offline_data/physics_data/raw_transitions/MountainCar-v0/episodes/episode_0.npz,246,experiments/03_1_gpt35_history_n30_joint/results/records.jsonl,experiments/03_1_gpt35_history_n30_joint/results/runs/3.5__MountainCar-v0__next-state__H5/episode_000/predictions.jsonl,051614daeb78306aeca2d39186631b3087f590475d0bd1b8e7964b16f6c23ad2,True,1073,203,1276,2.861748208058998,2.857708084047772,,,,False,not_applicable,,False,not_applicable,,False,not_applicable,"[0, 0]",True,,"[-0.4578, 0.0062]",True,,"[0.0065, -0.0003]",True,,"[-0.46333184838294983, 0.006549014709889889]","[-0.45723235607147217, 0.006099471356719732]","[1, 0]","[-0.45723235607147217, 0.006099471356719732]","[0.006099492311477661, -0.0004495433531701565]",,,,,,
8711a502d8702a97cff583284ccd21e55f52ba17fe3f8ddd2c44283415876c02,3.5__MountainCar-v0__next-state__H5,MountainCar-v0,next-state,5,6,10,data/llmx_data/offline_data/physics_data/raw_transitions/MountainCar-v0/episodes/episode_0.npz,247,experiments/03_1_gpt35_history_n30_joint/results/records.jsonl,experiments/03_1_gpt35_history_n30_joint/results/runs/3.5__MountainCar-v0__next-state__H5/episode_000/predictions.jsonl,ba840fe65e9e34bfaa46b7f8f10a9c04180d601674f549a5820f13c1cbed0987,False,1073,175,1248,1.9760895839426666,1.9715395409148186,,,,False,not_applicable,,False,not_applicable,,False,not_applicable,"[0, 0]",True,,,False,missing_marker,,False,missing_marker,"[-0.45723235607147217, 0.006099471356719732]","[-0.45162737369537354, 0.005605005193501711]","[1, 0]","[-0.45162737369537354, 0.005605005193501711]","[0.005604982376098633, -0.0004944661632180214]",,,,,,
c5d35e2794647ccb266c8835be9244f56df47697e750593cb3d21e97952a6cc7,3.5__MountainCar-v0__next-state__H5,MountainCar-v0,next-state,5,7,11,data/llmx_data/offline_data/physics_data/raw_transitions/MountainCar-v0/episodes/episode_0.npz,248,experiments/03_1_gpt35_history_n30_joint/results/records.jsonl,experiments/03_1_gpt35_history_n30_joint/results/runs/3.5__MountainCar-v0__next-state__H5/episode_000/predictions.jsonl,47aa2e5b7a7dffbbdc6bb19fff8aeb19d09b276e186e731ffde7e9e8df54862e,True,1073,234,1307,3.0612778330687433,3.0575287920655683,,,,False,not_applicable,,False,not_applicable,,False,not_applicable,"[1, 1]",True,,"[-0.4455, 0.0061]",True,,"[0.0061, 0.0005]",True,,"[-0.45162737369537354, 0.005605005193501711]","[-0.4465579688549042, 0.005069403909146786]","[1, 0]","[-0.4465579688549042, 0.005069403909146786]","[0.00506940484046936, -0.0005356012843549252]",,,,,,
27bdc53a6d3c6a03a2c54c498a76ab23193011a2e2242a1dae63ec7b7f53f4ee,3.5__MountainCar-v0__next-state__H5,MountainCar-v0,next-state,5,8,12,data/llmx_data/offline_data/physics_data/raw_transitions/MountainCar-v0/episodes/episode_0.npz,249,experiments/03_1_gpt35_history_n30_joint/results/records.jsonl,experiments/03_1_gpt35_history_n30_joint/results/runs/3.5__MountainCar-v0__next-state__H5/episode_000/predictions.jsonl,beb2982cd7d154ff489337256a571ea8715a4c70cc8e981252720710a3b7f9b3,True,1073,174,1247,2.1109188330592588,2.1078162499470636,,,,False,not_applicable,,False,not_applicable,,False,not_applicable,"[0, 0]",True,,"[-0.4516, 0.0046]",True,,"[-0.005, -0.0005]",True,,"[-0.4465579688549042, 0.005069403909146786]","[-0.4430612325668335, 0.0034967283718287945]","[1, 0]","[-0.4430612325668335, 0.0034967283718287945]","[0.0034967362880706787, -0.0015726755373179913]",,,,,,
1493eb3b554085543735a912598e55652d72826dc92609c6c411b702c995b76a,3.5__MountainCar-v0__next-state__H5,MountainCar-v0,next-state,5,9,13,data/llmx_data/offline_data/physics_data/raw_transitions/MountainCar-v0/episodes/episode_0.npz,250,experiments/03_1_gpt35_history_n30_joint/results/records.jsonl,experiments/03_1_gpt35_history_n30_joint/results/runs/3.5__MountainCar-v0__next-state__H5/episode_000/predictions.jsonl,9e7b38adc2fe97ec4186d3b9acd2b46f11ae32b341747b969b991e21db6f6440,False,1074,157,1231,1.8915782080730423,1.8878886250313371,,,,False,not_applicable,,False,not_applicable,,False,not_applicable,"[0, 0]",True,,,False,non_literal_or_placeholder,,False,non_literal_or_placeholder,"[-0.4430612325668335, 0.0034967283718287945]","[-0.44116267561912537, 0.0018985565984621644]","[1, 0]","[-0.44116267561912537, 0.0018985565984621644]","[0.0018985569477081299, -0.00159817177336663]",,,,,,
901292b06946d5eb95fe26a292cadf4852ca71dcaf05fdf63af4be60e911bbc5,3.5__MountainCar-v0__next-state__H5,MountainCar-v0,next-state,5,10,14,data/llmx_data/offline_data/physics_data/raw_transitions/MountainCar-v0/episodes/episode_0.npz,251,experiments/03_1_gpt35_history_n30_joint/results/records.jsonl,experiments/03_1_gpt35_history_n30_joint/results/runs/3.5__MountainCar-v0__next-state__H5/episode_000/predictions.jsonl,ade8ae2e6eb37f3e69149307e7358b20f48056c1579f7fd88cf5835592de4e92,False,1074,168,1242,3.6972113749943674,3.6930602920474485,,,,False,not_applicable,,False,not_applicable,,False,not_applicable,"[0, 0]",True,,,False,missing_marker,,False,missing_marker,"[-0.44116267561912537, 0.0018985565984621644]","[-0.4408760964870453, 0.0002865689166355878]","[1, 0]","[-0.4408760964870453, 0.0002865689166355878]","[0.0002865791320800781, -0.0016119876818265766]",,,,,,
1cc844b7298f682e1ba331a31e8ca98573453e0551aa2416ba4e90f386280d9e,3.5__MountainCar-v0__next-state__H5,MountainCar-v0,next-state,5,11,15,data/llmx_data/offline_data/physics_data/raw_transitions/MountainCar-v0/episodes/episode_0.npz,252,experiments/03_1_gpt35_history_n30_joint/results/records.jsonl,experiments/03_1_gpt35_history_n30_joint/results/runs/3.5__MountainCar-v0__next-state__H5/episode_000/predictions.jsonl,8297d15d4dd17a7ebb298c8203503c6e8f9a33b3d97323d1d15ced85097e48e4,True,1092,154,1246,2.1517884170170873,2.147248624940403,,,,False,not_applicable,,False,not_applicable,,False,not_applicable,"[1, 2]",True,,"[-0.44072, 0.00029]",True,,"[0.00016, 2e-06]",True,,"[-0.4408760964870453, 0.0002865689166355878]","[-0.4422036111354828, -0.0013275023084133863]","[0, 0]","[-0.4422036111354828, -0.0013275023084133863]","[-0.0013275146484375, -0.0016140712250489742]",,,,,,
62699cf365b1c23cd7f874f7de52e3bb8ed0e3567b1ad328fcd5aa0871873873,3.5__MountainCar-v0__next-state__H5,MountainCar-v0,next-state,5,12,16,data/llmx_data/offline_data/physics_data/raw_transitions/MountainCar-v0/episodes/episode_0.npz,253,experiments/03_1_gpt35_history_n30_joint/results/records.jsonl,experiments/03_1_gpt35_history_n30_joint/results/runs/3.5__MountainCar-v0__next-state__H5/episode_000/predictions.jsonl,787d7a8842b0bd7a015b2c8c2ac0f9a626e6773bcd98f61b85fcc120997e5906,True,1077,192,1269,2.103628624929115,2.0988487499998882,,,,False,not_applicable,,False,not_applicable,,False,not_applicable,"[0, 0]",True,,"[-0.4433, -0.0016]",True,,"[-0.0011, -0.0003]",True,,"[-0.4422036111354828, -0.0013275023084133863]","[-0.44513553380966187, -0.0029319175519049168]","[0, 0]","[-0.44513553380966187, -0.0029319175519049168]","[-0.002931922674179077, -0.0016044152434915304]",,,,,,
30361c42b38914bc231c0eb34dcf2f898e7953c847f5edb4672135d8e8891776,3.5__MountainCar-v0__next-state__H5,MountainCar-v0,next-state,5,13,17,data/llmx_data/offline_data/physics_data/raw_transitions/MountainCar-v0/episodes/episode_0.npz,254,experiments/03_1_gpt35_history_n30_joint/results/records.jsonl,experiments/03_1_gpt35_history_n30_joint/results/runs/3.5__MountainCar-v0__next-state__H5/episode_000/predictions.jsonl,85ff181cb0857c32970d3f92c2812eec2680e428d3f4106f2d88e4d70886fa9b,True,1076,174,1250,1.8270562089746818,1.8230138750514016,,,,False,not_applicable,,False,not_applicable,,False,not_applicable,"[2, 0]",True,,"[-0.4454, -0.0032]",True,,"[-0.0003, -0.0003]",True,,"[-0.44513553380966187, -0.0029319175519049168]","[-0.44965049624443054, -0.0045149726793169975]","[0, 0]","[-0.44965049624443054, -0.0045149726793169975]","[-0.004514962434768677, -0.0015830551274120808]",,,,,,
e73d154a81dd195746fcb80933e96eb59b9771f3a95e302335caaa9408759b4c,3.5__MountainCar-v0__next-state__H5,MountainCar-v0,next-state,5,14,18,data/llmx_data/offline_data/physics_data/raw_transitions/MountainCar-v0/episodes/episode_0.npz,255,experiments/03_1_gpt35_history_n30_joint/results/records.jsonl,experiments/03_1_gpt35_history_n30_joint/results/runs/3.5__MountainCar-v0__next-state__H5/episode_000/predictions.jsonl,f95137748c03375a2bce6e43dda7e43d7decb553984b4ad087410db2052a6caf,True,1075,174,1249,2.2395082919392735,2.237118332996033,,,,False,not_applicable,,False,not_applicable,,False,not_applicable,"[0, 0]",True,,"[-0.4542, -0.0065]",True,,"[-0.0045, -0.002]",True,,"[-0.44965049624443054, -0.0045149726793169975]","[-0.455715537071228, -0.006065046414732933]","[0, 0]","[-0.455715537071228, -0.006065046414732933]","[-0.006065040826797485, -0.0015500737354159355]",,,,,,
5d77c2b0773afa58f6cc5ed3250e9286dd0275f13bc0683e9cceaac6341bcdc7,3.5__MountainCar-v0__next-state__H5,MountainCar-v0,next-state,5,15,19,data/llmx_data/offline_data/physics_data/raw_transitions/MountainCar-v0/episodes/episode_0.npz,256,experiments/03_1_gpt35_history_n30_joint/results/records.jsonl,experiments/03_1_gpt35_history_n30_joint/results/runs/3.5__MountainCar-v0__next-state__H5/episode_000/predictions.jsonl,5a3d7fb184f23609bfc2ac93cc2f8d291a58a2aaa4e6cff04fc94012ea4d4cad,True,1074,245,1319,2.305846625007689,2.3026978329289705,,,,False,not_applicable,,False,not_applicable,,False,not_applicable,"[0, 0]",True,,"[-0.4597, -0.0077]",True,,"[-0.004, -0.0016]",True,,"[-0.455715537071228, -0.006065046414732933]","[-0.4632861912250519, -0.007570658810436726]","[0, 0]","[-0.4632861912250519, -0.007570658810436726]","[-0.0075706541538238525, -0.0015056123957037926]",,,,,,
a78bea5818fc1799657bd812b1207f116a9097c4e046bdf08eb08976d674e139,3.5__MountainCar-v0__next-state__H5,MountainCar-v0,next-state,5,16,20,data/llmx_data/offline_data/physics_data/raw_transitions/MountainCar-v0/episodes/episode_0.npz,257,experiments/03_1_gpt35_history_n30_joint/results/records.jsonl,experiments/03_1_gpt35_history_n30_joint/results/runs/3.5__MountainCar-v0__next-state__H5/episode_000/predictions.jsonl,87fddf41211bf4d1b23bb66388984604f06174c78c7fee51365a81002dca9f14,True,1067,140,1207,1.1749702079687268,1.171217167051509,,,,False,not_applicable,,False,not_applicable,,False,not_applicable,"[0, 0]",True,,"[-0.4714, -0.0091]",True,,"[-0.0081, -0.0015]",True,,"[-0.4632861912250519, -0.007570658810436726]","[-0.4723067283630371, -0.009020539000630379]","[0, 0]","[-0.4723067283630371, -0.009020539000630379]","[-0.00902053713798523, -0.001449880190193653]",,,,,,
251b96ce7879bb5b505471231467030b948df3f1d14ea1c392e934dbf2c038b1,3.5__MountainCar-v0__next-state__H5,MountainCar-v0,next-state,5,17,21,data/llmx_data/offline_data/physics_data/raw_transitions/MountainCar-v0/episodes/episode_0.npz,258,experiments/03_1_gpt35_history_n30_joint/results/records.jsonl,experiments/03_1_gpt35_history_n30_joint/results/runs/3.5__MountainCar-v0__next-state__H5/episode_000/predictions.jsonl,c977956853dad8a79691e428dd68e68d1340bba79f4628fef939292d044b2649,True,1065,170,1235,2.2023392079863697,2.199285125010647,,,,False,not_applicable,,False,not_applicable,,False,not_applicable,"[0, 0]",True,,"[-0.4773, -0.0105]",True,,"[-0.005, -0.0015]",True,,"[-0.4723067283630371, -0.009020539000630379]","[-0.48271045088768005, -0.010403713211417198]","[0, 0]","[-0.48271045088768005, -0.010403713211417198]","[-0.010403722524642944, -0.0013831742107868195]",,,,,,
be97426431f3314246e97e80648ba372b2d9c762df5e002599fa5ce10643e4f9,3.5__MountainCar-v0__next-state__H5,MountainCar-v0,next-state,5,18,22,data/llmx_data/offline_data/physics_data/raw_transitions/MountainCar-v0/episodes/episode_0.npz,259,experiments/03_1_gpt35_history_n30_joint/results/records.jsonl,experiments/03_1_gpt35_history_n30_joint/results/runs/3.5__MountainCar-v0__next-state__H5/episode_000/predictions.jsonl,c899e7c4c16bfe77270dd95e189dfeb02331a7755e9d7f68b0336c8d07b29eb3,True,1066,170,1236,1.8186228750273585,1.8166216670069844,,,,False,not_applicable,,False,not_applicable,,False,not_applicable,"[0, 0]",True,,"[-0.4927, -0.0119]",True,,"[-0.01, -0.0015]",True,,"[-0.48271045088768005, -0.010403713211417198]","[-0.49442005157470703, -0.011709607206285]","[0, 0]","[-0.49442005157470703, -0.011709607206285]","[-0.011709600687026978, -0.0013058939948678017]",,,,,,
004b77b907b2292d9861d1577c1b8da2f2a624f7864aee3859d62832e4831f87,3.5__MountainCar-v0__next-state__H5,MountainCar-v0,next-state,5,19,23,data/llmx_data/offline_data/physics_data/raw_transitions/MountainCar-v0/episodes/episode_0.npz,260,experiments/03_1_gpt35_history_n30_joint/results/records.jsonl,experiments/03_1_gpt35_history_n30_joint/results/runs/3.5__MountainCar-v0__next-state__H5/episode_000/predictions.jsonl,c4acc74791fd15857ca784976e68c54b1a1c0e5166031f1df13532826f434647,False,1066,157,1223,1.4807156660826877,1.4778114159125835,,,,False,not_applicable,,False,not_applicable,,False,not_applicable,"[0, 2]",True,,,False,non_literal_or_placeholder,"[-0.0115, 0.0]",True,,"[-0.49442005157470703, -0.011709607206285]","[-0.5073482394218445, -0.012928168289363384]","[0, 0]","[-0.5073482394218445, -0.012928168289363384]","[-0.012928187847137451, -0.0012185610830783844]",,,,,,
a140d5d6571bcdef6230b95282cac5966d22482b582dd41207139776c813d7f3,3.5__MountainCar-v0__next-state__H5,MountainCar-v0,next-state,5,20,24,data/llmx_data/offline_data/physics_data/raw_transitions/MountainCar-v0/episodes/episode_0.npz,261,experiments/03_1_gpt35_history_n30_joint/results/records.jsonl,experiments/03_1_gpt35_history_n30_joint/results/runs/3.5__MountainCar-v0__next-state__H5/episode_000/predictions.jsonl,111797c8c7e7c348c19991b03688aa596ddeb935959bf7c9f6c8952ba15ffbc8,True,1066,178,1244,1.4724587500095367,1.469005124992691,,,,False,not_applicable,,False,not_applicable,,False,not_applicable,"[0, 0]",True,,"[-0.5172, -0.0142]",True,,"[-0.0099, -0.0013]",True,,"[-0.5073482394218445, -0.012928168289363384]","[-0.5213982462882996, -0.014049998484551907]","[0, 0]","[-0.5213982462882996, -0.014049998484551907]","[-0.014050006866455078, -0.0011218301951885223]",,,,,,
36ba0f88035a904c0191da6e20a2e11032ef57958655c819275c5d3e3f23c46e,3.5__MountainCar-v0__next-state__H5,MountainCar-v0,next-state,5,21,25,data/llmx_data/offline_data/physics_data/raw_transitions/MountainCar-v0/episodes/episode_0.npz,262,experiments/03_1_gpt35_history_n30_joint/results/records.jsonl,experiments/03_1_gpt35_history_n30_joint/results/runs/3.5__MountainCar-v0__next-state__H5/episode_000/predictions.jsonl,89322feb79a32b1759b60dcd6f11ae0b2af0bd555599af836c429e11955e6355,False,1064,186,1250,1.8904706250177696,1.8867859999882057,,,,False,not_applicable,,False,not_applicable,,False,not_applicable,,False,missing_marker,"[-0.5214, -0.014]",True,,"[0.0, 0.0]",True,,"[-0.5213982462882996, -0.014049998484551907]","[-0.5364647507667542, -0.01506650261580944]","[0, 0]","[-0.5364647507667542, -0.01506650261580944]","[-0.01506650447845459, -0.001016504131257534]",,,,,,
b3b543490a5f019f373485de60e443a2afd896b93c5efa72096c3c1238e7e9f7,3.5__MountainCar-v0__next-state__H5,MountainCar-v0,next-state,5,22,26,data/llmx_data/offline_data/physics_data/raw_transitions/MountainCar-v0/episodes/episode_0.npz,263,experiments/03_1_gpt35_history_n30_joint/results/records.jsonl,experiments/03_1_gpt35_history_n30_joint/results/runs/3.5__MountainCar-v0__next-state__H5/episode_000/predictions.jsonl,f9d948b034187b1f82c0d24e92ecaef1b003d8a97a7cfb38f92bfa1fde6c997e,True,1066,199,1265,2.2016605000244454,2.197542707901448,,,,False,not_applicable,,False,not_applicable,,False,not_applicable,"[0, 0]",True,,"[-0.5496, -0.0162]",True,,"[-0.0131, -0.0011]",True,,"[-0.5364647507667542, -0.01506650261580944]","[-0.5524347424507141, -0.015970032662153244]","[0, 0]","[-0.5524347424507141, -0.015970032662153244]","[-0.01596999168395996, -0.0009035300463438034]",,,,,,
9a05a2ec7e3f7275d0d15fd2f64cffe112f1b117b76a7d97c1e65f2f3916d7e3,3.5__MountainCar-v0__next-state__H5,MountainCar-v0,next-state,5,23,27,data/llmx_data/offline_data/physics_data/raw_transitions/MountainCar-v0/episodes/episode_0.npz,264,experiments/03_1_gpt35_history_n30_joint/results/records.jsonl,experiments/03_1_gpt35_history_n30_joint/results/runs/3.5__MountainCar-v0__next-state__H5/episode_000/predictions.jsonl,3714acd9a7043b7c8b9f24ce5cd0aa55702095120388f99e41138516e591f723,True,1064,161,1225,1.3656682919245213,1.362566625000909,,,,False,not_applicable,,False,not_applicable,,False,not_applicable,"[0, 0]",True,,"[-0.5683, -0.0171]",True,,"[-0.0159, -0.0011]",True,,"[-0.5524347424507141, -0.015970032662153244]","[-0.5691887736320496, -0.01675403118133545]","[0, 0]","[-0.5691887736320496, -0.01675403118133545]","[-0.01675403118133545, -0.0007839985191822052]",,,,,,
a95a7e7c42fdc79e0e4e1c64713ac9a9de6384342faa65441eb1af303de7e2b0,3.5__MountainCar-v0__next-state__H5,MountainCar-v0,next-state,5,24,28,data/llmx_data/offline_data/physics_data/raw_transitions/MountainCar-v0/episodes/episode_0.npz,265,experiments/03_1_gpt35_history_n30_joint/results/records.jsonl,experiments/03_1_gpt35_history_n30_joint/results/runs/3.5__MountainCar-v0__next-state__H5/episode_000/predictions.jsonl,aad02d8054849f440b279db9fdb13a313ad7ef1698d7ccd134c70b3e2d6989e9,False,1065,199,1264,2.152908290969208,2.150223375065252,,,,False,not_applicable,,False,not_applicable,,False,not_applicable,"[0, 1]",True,,,False,non_literal_or_placeholder,"[-0.0168, 0.0008]",True,,"[-0.5691887736320496, -0.01675403118133545]","[-0.586601972579956, -0.017413171008229256]","[0, 0]","[-0.586601972579956, -0.017413171008229256]","[-0.017413198947906494, -0.0006591398268938065]",,,,,,
cb28dcb6d9aa9cec6a29f1bc5ad62ba915721480bdeb7f06b3a668c8fc4f6f15,3.5__MountainCar-v0__next-state__H5,MountainCar-v0,next-state,5,25,29,data/llmx_data/offline_data/physics_data/raw_transitions/MountainCar-v0/episodes/episode_0.npz,266,experiments/03_1_gpt35_history_n30_joint/results/records.jsonl,experiments/03_1_gpt35_history_n30_joint/results/runs/3.5__MountainCar-v0__next-state__H5/episode_000/predictions.jsonl,8c34f8c7a4ed555fdefdde422e7f2d82020f99eed2e41bb087777d77b3b79b35,True,1065,173,1238,2.5303914170945063,2.526711417012848,,,,False,not_applicable,,False,not_applicable,,False,not_applicable,"[0, 0]",True,,"[-0.6036, -0.0183]",True,,"[-0.017, -0.0009]",True,,"[-0.586601972579956, -0.017413171008229256]","[-0.6045454144477844, -0.017943456768989563]","[0, 0]","[-0.6045454144477844, -0.017943456768989563]","[-0.01794344186782837, -0.0005302857607603073]",,,,,,
b87dca0e5c72a17ab6b1f172a2a7d86500411144da708fb74e8efca4c96d0fb3,3.5__MountainCar-v0__next-state__H5,MountainCar-v0,next-state,5,26,30,data/llmx_data/offline_data/physics_data/raw_transitions/MountainCar-v0/episodes/episode_0.npz,267,experiments/03_1_gpt35_history_n30_joint/results/records.jsonl,experiments/03_1_gpt35_history_n30_joint/results/runs/3.5__MountainCar-v0__next-state__H5/episode_000/predictions.jsonl,28ba373fd4c110aa490a46854ed6c0b58b5040cd6376dc74233bb1e52a2e8062,True,1066,167,1233,2.3283441249514,2.3248601249651983,,,,False,not_applicable,,False,not_applicable,,False,not_applicable,"[0, 0]",True,,"[-0.6063, -0.0186]",True,,"[-0.0018, -0.0007]",True,,"[-0.6045454144477844, -0.017943456768989563]","[-0.6228877305984497, -0.018342304974794388]","[0, 0]","[-0.6228877305984497, -0.018342304974794388]","[-0.018342316150665283, -0.00039884820580482483]",,,,,,
b6aa979308143724dc169ca4c1f219838f4047f9c82d500575b030b63f77662e,3.5__MountainCar-v0__next-state__H5,MountainCar-v0,next-state,5,27,31,data/llmx_data/offline_data/physics_data/raw_transitions/MountainCar-v0/episodes/episode_0.npz,268,experiments/03_1_gpt35_history_n30_joint/results/records.jsonl,experiments/03_1_gpt35_history_n30_joint/results/runs/3.5__MountainCar-v0__next-state__H5/episode_000/predictions.jsonl,9c940b812efa4426174cb27540502ff8c7d490705b4310cda6b5ac3e72ef0837,True,1066,202,1268,1.820573166012764,1.8157330420799553,,,,False,not_applicable,,False,not_applicable,,False,not_applicable,"[0, 0]",True,,"[-0.6409, -0.0187]",True,,"[-0.018, -0.0004]",True,,"[-0.6228877305984497, -0.018342304974794388]","[-0.6414963006973267, -0.01860860176384449]","[0, 0]","[-0.6414963006973267, -0.01860860176384449]","[-0.018608570098876953, -0.00026629678905010223]",,,,,,
ca51a8806b721e954c723cd9445c8fd2575ff8df840b57134f8de6899846c713,3.5__MountainCar-v0__next-state__H5,MountainCar-v0,next-state,5,28,32,data/llmx_data/offline_data/physics_data/raw_transitions/MountainCar-v0/episodes/episode_0.npz,269,experiments/03_1_gpt35_history_n30_joint/results/records.jsonl,experiments/03_1_gpt35_history_n30_joint/results/runs/3.5__MountainCar-v0__next-state__H5/episode_000/predictions.jsonl,a9ada8ef14e3588e50d20d25215a3d0f2d11189a6e3b5156b675e179134a6fd1,True,1067,209,1276,2.1634488329291344,2.160382500034757,,,,False,not_applicable,,False,not_applicable,,False,not_applicable,"[0, 0]",True,,"[-0.6604, -0.0191]",True,,"[-0.0189, -0.0005]",True,,"[-0.6414963006973267, -0.01860860176384449]","[-0.660239040851593, -0.018742691725492477]","[0, 0]","[-0.660239040851593, -0.018742691725492477]","[-0.018742740154266357, -0.00013408996164798737]",,,,,,
efbf9c6f87a0e3b541810aaa999a1139fa97f422cd450159914e6b2a6ecacbcf,3.5__MountainCar-v0__next-state__H5,MountainCar-v0,next-state,5,29,33,data/llmx_data/offline_data/physics_data/raw_transitions/MountainCar-v0/episodes/episode_0.npz,270,experiments/03_1_gpt35_history_n30_joint/results/records.jsonl,experiments/03_1_gpt35_history_n30_joint/results/runs/3.5__MountainCar-v0__next-state__H5/episode_000/predictions.jsonl,f44ddb248c19e2713f1696a4ad014f3e79430f724078856b7de47845de6ee83c,True,1067,188,1255,3.0721434999722987,3.069481792044826,,,,False,not_applicable,,False,not_applicable,,False,not_applicable,"[0, 0]",True,,"[-0.6789, -0.0189]",True,,"[-0.0187, -0.0002]",True,,"[-0.660239040851593, -0.018742691725492477]","[-0.6789853572845459, -0.018746349960565567]","[0, 2]","[-0.6789853572845459, -0.018746349960565567]","[-0.01874631643295288, -3.6582350730895996e-06]",,,,,,
a66673894af65c3d9d329c3c6998b01ea848c5a521a6a58a15d5eb3a11dad389,3.5__MountainCar-v0__next-state__H10,MountainCar-v0,next-state,10,0,9,data/llmx_data/offline_data/physics_data/raw_transitions/MountainCar-v0/episodes/episode_0.npz,271,experiments/03_1_gpt35_history_n30_joint/results/records.jsonl,experiments/03_1_gpt35_history_n30_joint/results/runs/3.5__MountainCar-v0__next-state__H10/episode_000/predictions.jsonl,f5ea02f963a90be512d94dbbc3ce4224694b243739579bb3fae7a9543c195dcc,False,1237,155,1392,1.9556124589871615,1.9522149580297992,,,,False,not_applicable,,False,not_applicable,,False,not_applicable,"[1, 0]",True,,,False,non_literal_or_placeholder,,False,non_literal_or_placeholder,"[-0.46333184838294983, 0.006549014709889889]","[-0.45723235607147217, 0.006099471356719732]","[1, 0]","[-0.45723235607147217, 0.006099471356719732]","[0.006099492311477661, -0.0004495433531701565]",,,,,,
92bb2fff5d41bf3a2b276314020cf0cbd81d920c5830bac4112c5ed807afc8fd,3.5__MountainCar-v0__next-state__H10,MountainCar-v0,next-state,10,1,10,data/llmx_data/offline_data/physics_data/raw_transitions/MountainCar-v0/episodes/episode_0.npz,272,experiments/03_1_gpt35_history_n30_joint/results/records.jsonl,experiments/03_1_gpt35_history_n30_joint/results/runs/3.5__MountainCar-v0__next-state__H10/episode_000/predictions.jsonl,cfe0bcf9fe3c1ec298ef8f3d8127a6d438a5ff3243e3cb25d2b5f64afda5ee74,True,1238,161,1399,2.203417666023597,2.2004327500471845,,,,False,not_applicable,,False,not_applicable,,False,not_applicable,"[0, 0]",True,,"[-0.4511, 0.0056]",True,,"[0.0061, -0.0005]",True,,"[-0.45723235607147217, 0.006099471356719732]","[-0.45162737369537354, 0.005605005193501711]","[1, 0]","[-0.45162737369537354, 0.005605005193501711]","[0.005604982376098633, -0.0004944661632180214]",,,,,,
192645d26286c1afa4a1a7b6de060c6788218f390875c5d81292ba283063d85a,3.5__MountainCar-v0__next-state__H10,MountainCar-v0,next-state,10,2,11,data/llmx_data/offline_data/physics_data/raw_transitions/MountainCar-v0/episodes/episode_0.npz,273,experiments/03_1_gpt35_history_n30_joint/results/records.jsonl,experiments/03_1_gpt35_history_n30_joint/results/runs/3.5__MountainCar-v0__next-state__H10/episode_000/predictions.jsonl,1ac85360751d5fdb23f37aedd8a1f3123f469d2149f37508a70dcf1059d4d903,True,1238,153,1391,1.7684710000175983,1.7616965000052005,,,,False,not_applicable,,False,not_applicable,,False,not_applicable,"[0, 0]",True,,"[-0.4516, 0.0051]",True,,"[0.0, -0.0005]",True,,"[-0.45162737369537354, 0.005605005193501711]","[-0.4465579688549042, 0.005069403909146786]","[1, 0]","[-0.4465579688549042, 0.005069403909146786]","[0.00506940484046936, -0.0005356012843549252]",,,,,,
821f96b6aa0a84db739de54727b68d59ff859db70a470800a7ff24fbabedc9a1,3.5__MountainCar-v0__next-state__H10,MountainCar-v0,next-state,10,3,12,data/llmx_data/offline_data/physics_data/raw_transitions/MountainCar-v0/episodes/episode_0.npz,274,experiments/03_1_gpt35_history_n30_joint/results/records.jsonl,experiments/03_1_gpt35_history_n30_joint/results/runs/3.5__MountainCar-v0__next-state__H10/episode_000/predictions.jsonl,e347a84be75cc67ef2433cad9b4996ac0d32780ecd8c309b7a6692ee8f51d12e,True,1238,175,1413,2.3768622080096975,2.372813667054288,,,,False,not_applicable,,False,not_applicable,,False,not_applicable,"[0, 0]",True,,"[-0.4516, -0.0005]",True,,"[0.005, -0.0056]",True,,"[-0.4465579688549042, 0.005069403909146786]","[-0.4430612325668335, 0.0034967283718287945]","[1, 0]","[-0.4430612325668335, 0.0034967283718287945]","[0.0034967362880706787, -0.0015726755373179913]",,,,,,
9c7fec7ab849733fadd261df15fb96165ea4ffa1aecd89762454670aaf4cb3e6,3.5__MountainCar-v0__next-state__H10,MountainCar-v0,next-state,10,4,13,data/llmx_data/offline_data/physics_data/raw_transitions/MountainCar-v0/episodes/episode_0.npz,275,experiments/03_1_gpt35_history_n30_joint/results/records.jsonl,experiments/03_1_gpt35_history_n30_joint/results/runs/3.5__MountainCar-v0__next-state__H10/episode_000/predictions.jsonl,73431316faded7cd7c4e1c5601ed42e00db78eb62295fd6f5c936766f792afb1,True,1238,169,1407,2.312081790994853,2.3087864170083776,,,,False,not_applicable,,False,not_applicable,,False,not_applicable,"[0, 0]",True,,"[-0.4466, 0.0021]",True,,"[0.0035, -0.0014]",True,,"[-0.4430612325668335, 0.0034967283718287945]","[-0.44116267561912537, 0.0018985565984621644]","[1, 0]","[-0.44116267561912537, 0.0018985565984621644]","[0.0018985569477081299, -0.00159817177336663]",,,,,,
6d2bfe5e7bd5e0d03ec1fe1181c65cd9537bd546754bac5001b97e616ff50907,3.5__MountainCar-v0__next-state__H10,MountainCar-v0,next-state,10,5,14,data/llmx_data/offline_data/physics_data/raw_transitions/MountainCar-v0/episodes/episode_0.npz,276,experiments/03_1_gpt35_history_n30_joint/results/records.jsonl,experiments/03_1_gpt35_history_n30_joint/results/runs/3.5__MountainCar-v0__next-state__H10/episode_000/predictions.jsonl,9960131a33eaae06a8ed1ac0e9331537b379b2a52bb355d9a2f75e1a722cdd7b,True,1238,161,1399,2.3840086249401793,2.3799407499609515,,,,False,not_applicable,,False,not_applicable,,False,not_applicable,"[0, 0]",True,,"[-0.4421, 0.0005]",True,,"[-0.0009, -0.0014]",True,,"[-0.44116267561912537, 0.0018985565984621644]","[-0.4408760964870453, 0.0002865689166355878]","[1, 0]","[-0.4408760964870453, 0.0002865689166355878]","[0.0002865791320800781, -0.0016119876818265766]",,,,,,
95e4d6ec91df73fe91b4cfe58dd9ed9d0d2f7806da71c91146954eebbabb26cc,3.5__MountainCar-v0__next-state__H10,MountainCar-v0,next-state,10,6,15,data/llmx_data/offline_data/physics_data/raw_transitions/MountainCar-v0/episodes/episode_0.npz,277,experiments/03_1_gpt35_history_n30_joint/results/records.jsonl,experiments/03_1_gpt35_history_n30_joint/results/runs/3.5__MountainCar-v0__next-state__H10/episode_000/predictions.jsonl,2cfcf6d7047d83f7cd0816d166bf744dcf22c25299c1b4e56fdd602ff7ab9446,True,1256,188,1444,2.197806291980669,2.192833957960829,,,,False,not_applicable,,False,not_applicable,,False,not_applicable,"[0, 0]",True,,"[-0.4427, 0.0002]",True,,"[-0.0021, -0.0001]",True,,"[-0.4408760964870453, 0.0002865689166355878]","[-0.4422036111354828, -0.0013275023084133863]","[0, 0]","[-0.4422036111354828, -0.0013275023084133863]","[-0.0013275146484375, -0.0016140712250489742]",,,,,,
04df2d76f8ddfd26cb210875ef7d8595c811129829bca7954a29ff563f709e57,3.5__MountainCar-v0__next-state__H10,MountainCar-v0,next-state,10,7,16,data/llmx_data/offline_data/physics_data/raw_transitions/MountainCar-v0/episodes/episode_0.npz,278,experiments/03_1_gpt35_history_n30_joint/results/records.jsonl,experiments/03_1_gpt35_history_n30_joint/results/runs/3.5__MountainCar-v0__next-state__H10/episode_000/predictions.jsonl,69653fd8c6c95504b0cc0617ae834415c2d12d5a29c2dceec61953f5b096d6bf,False,1241,176,1417,2.083357125055045,2.079018082935363,,,,False,not_applicable,,False,not_applicable,,False,not_applicable,"[0, 0]",True,,,False,missing_marker,,False,missing_marker,"[-0.4422036111354828, -0.0013275023084133863]","[-0.44513553380966187, -0.0029319175519049168]","[0, 0]","[-0.44513553380966187, -0.0029319175519049168]","[-0.002931922674179077, -0.0016044152434915304]",,,,,,
573d190d4f59fb64211e23f9ddf0cab20c857cf4d6594cc5e21d8d9b32faa03d,3.5__MountainCar-v0__next-state__H10,MountainCar-v0,next-state,10,8,17,data/llmx_data/offline_data/physics_data/raw_transitions/MountainCar-v0/episodes/episode_0.npz,279,experiments/03_1_gpt35_history_n30_joint/results/records.jsonl,experiments/03_1_gpt35_history_n30_joint/results/runs/3.5__MountainCar-v0__next-state__H10/episode_000/predictions.jsonl,77bd8640ef874a4a3af6a099969968b726ac15e30fea751a8c6a55ceebc8d0d3,True,1240,157,1397,1.4875208330340683,1.4832872909028083,,,,False,not_applicable,,False,not_applicable,,False,not_applicable,"[0, 0]",True,,"[-0.4454, -0.0032]",True,,"[-0.0003, -0.0003]",True,,"[-0.44513553380966187, -0.0029319175519049168]","[-0.44965049624443054, -0.0045149726793169975]","[0, 0]","[-0.44965049624443054, -0.0045149726793169975]","[-0.004514962434768677, -0.0015830551274120808]",,,,,,
415758f15c2de61e3200a930ad6be7108d118651735b9987b4d7a7c0fb7029db,3.5__MountainCar-v0__next-state__H10,MountainCar-v0,next-state,10,9,18,data/llmx_data/offline_data/physics_data/raw_transitions/MountainCar-v0/episodes/episode_0.npz,280,experiments/03_1_gpt35_history_n30_joint/results/records.jsonl,experiments/03_1_gpt35_history_n30_joint/results/runs/3.5__MountainCar-v0__next-state__H10/episode_000/predictions.jsonl,80bacd422841186b850163b36c96c8432f7bc15d389a57ec6a36a8520a7bac9b,True,1240,181,1421,2.153173082973808,2.1485243330243975,,,,False,not_applicable,,False,not_applicable,,False,not_applicable,"[0, 0]",True,,"[-0.4517, -0.0061]",True,,"[-0.002, -0.0016]",True,,"[-0.44965049624443054, -0.0045149726793169975]","[-0.455715537071228, -0.006065046414732933]","[0, 0]","[-0.455715537071228, -0.006065046414732933]","[-0.006065040826797485, -0.0015500737354159355]",,,,,,
f7a61e5a0432250f17d6d13c81b92a090778ceeaf7746bdb9d2363507e15d856,3.5__MountainCar-v0__next-state__H10,MountainCar-v0,next-state,10,10,19,data/llmx_data/offline_data/physics_data/raw_transitions/MountainCar-v0/episodes/episode_0.npz,281,experiments/03_1_gpt35_history_n30_joint/results/records.jsonl,experiments/03_1_gpt35_history_n30_joint/results/runs/3.5__MountainCar-v0__next-state__H10/episode_000/predictions.jsonl,565494acaf590b6308daff1f48b74e96ccec1423b629b686fd17fb6816d41261,True,1239,184,1423,2.04031800001394,2.0360049169976264,,,,False,not_applicable,,False,not_applicable,,False,not_applicable,"[0, 0]",True,,"[-0.4574, -0.0063]",True,,"[-0.0017, -0.0002]",True,,"[-0.455715537071228, -0.006065046414732933]","[-0.4632861912250519, -0.007570658810436726]","[0, 0]","[-0.4632861912250519, -0.007570658810436726]","[-0.0075706541538238525, -0.0015056123957037926]",,,,,,
3b82701e7eee1f4769b87a568855202a950b0343739adc8d67318984049712c7,3.5__MountainCar-v0__next-state__H10,MountainCar-v0,next-state,10,11,20,data/llmx_data/offline_data/physics_data/raw_transitions/MountainCar-v0/episodes/episode_0.npz,282,experiments/03_1_gpt35_history_n30_joint/results/records.jsonl,experiments/03_1_gpt35_history_n30_joint/results/runs/3.5__MountainCar-v0__next-state__H10/episode_000/predictions.jsonl,25592773824efc445dbe0271e61cc284d47c9fe426b0fd5837f047044592b085,True,1238,168,1406,2.046901666908525,2.0429771249182522,,,,False,not_applicable,,False,not_applicable,,False,not_applicable,"[0, 0]",True,,"[-0.467, -0.0091]",True,,"[-0.0037, -0.0015]",True,,"[-0.4632861912250519, -0.007570658810436726]","[-0.4723067283630371, -0.009020539000630379]","[0, 0]","[-0.4723067283630371, -0.009020539000630379]","[-0.00902053713798523, -0.001449880190193653]",,,,,,
2d938f51b6275cfffcc100334a4b87756745d38ffb561539f79fad868fd3e981,3.5__MountainCar-v0__next-state__H10,MountainCar-v0,next-state,10,12,21,data/llmx_data/offline_data/physics_data/raw_transitions/MountainCar-v0/episodes/episode_0.npz,283,experiments/03_1_gpt35_history_n30_joint/results/records.jsonl,experiments/03_1_gpt35_history_n30_joint/results/runs/3.5__MountainCar-v0__next-state__H10/episode_000/predictions.jsonl,4798aa45e3a296576c93fb492c8676c0f947bb3118719f8d530512f33a099805,True,1235,156,1391,2.1617492079967633,2.1583491660421714,,,,False,not_applicable,,False,not_applicable,,False,not_applicable,"[0, 0]",True,,"[-0.4813, -0.0105]",True,,"[-0.009, -0.0015]",True,,"[-0.4723067283630371, -0.009020539000630379]","[-0.48271045088768005, -0.010403713211417198]","[0, 0]","[-0.48271045088768005, -0.010403713211417198]","[-0.010403722524642944, -0.0013831742107868195]",,,,,,
f25057761c5314f57931c69515f5071aa99d5d465f8c0681f866c53776b914db,3.5__MountainCar-v0__next-state__H10,MountainCar-v0,next-state,10,13,22,data/llmx_data/offline_data/physics_data/raw_transitions/MountainCar-v0/episodes/episode_0.npz,284,experiments/03_1_gpt35_history_n30_joint/results/records.jsonl,experiments/03_1_gpt35_history_n30_joint/results/runs/3.5__MountainCar-v0__next-state__H10/episode_000/predictions.jsonl,9b5a43b725d94a83b931cd5749e69f5ae00f20575e90daf67e8fd9904e62208f,False,1235,146,1381,2.2164628750178963,2.2121915000025183,,,,False,not_applicable,,False,not_applicable,,False,not_applicable,"[0, 0]",True,,,False,missing_marker,,False,missing_marker,"[-0.48271045088768005, -0.010403713211417198]","[-0.49442005157470703, -0.011709607206285]","[0, 0]","[-0.49442005157470703, -0.011709607206285]","[-0.011709600687026978, -0.0013058939948678017]",,,,,,
25d8354f0a2a8a542110cca21a00ad423e9e6c7881fd97b3de9b387ba4a50a9e,3.5__MountainCar-v0__next-state__H10,MountainCar-v0,next-state,10,14,23,data/llmx_data/offline_data/physics_data/raw_transitions/MountainCar-v0/episodes/episode_0.npz,285,experiments/03_1_gpt35_history_n30_joint/results/records.jsonl,experiments/03_1_gpt35_history_n30_joint/results/runs/3.5__MountainCar-v0__next-state__H10/episode_000/predictions.jsonl,c03a876d2dc1cc48fcc94c3a27715ec674c6d1c1991d3f31dce548f49d93d15b,True,1234,229,1463,2.504607499926351,2.50050954206381,,,,False,not_applicable,,False,not_applicable,,False,not_applicable,"[0, 0]",True,,"[-0.5039, -0.0131]",True,,"[-0.0095, -0.0014]",True,,"[-0.49442005157470703, -0.011709607206285]","[-0.5073482394218445, -0.012928168289363384]","[0, 0]","[-0.5073482394218445, -0.012928168289363384]","[-0.012928187847137451, -0.0012185610830783844]",,,,,,
61a561005f68bdf258fdd22b223da929319da472d1d7f5be07549cf595e01a74,3.5__MountainCar-v0__next-state__H10,MountainCar-v0,next-state,10,15,24,data/llmx_data/offline_data/physics_data/raw_transitions/MountainCar-v0/episodes/episode_0.npz,286,experiments/03_1_gpt35_history_n30_joint/results/records.jsonl,experiments/03_1_gpt35_history_n30_joint/results/runs/3.5__MountainCar-v0__next-state__H10/episode_000/predictions.jsonl,40c8c4ba88bf1ceb07fa9362fb53b0dccb74f513b6fba79b7c3044240a604bf6,True,1233,211,1444,1.7386030000634491,1.7352585410699248,,,,False,not_applicable,,False,not_applicable,,False,not_applicable,"[0, 0]",True,,"[-0.5199, -0.0142]",True,,"[-0.0126, 0.0013]",True,,"[-0.5073482394218445, -0.012928168289363384]","[-0.5213982462882996, -0.014049998484551907]","[0, 0]","[-0.5213982462882996, -0.014049998484551907]","[-0.014050006866455078, -0.0011218301951885223]",,,,,,
7215986e5c1a7882b5219ba420b43bdf927df0b6988fe593a202327b9c3a928c,3.5__MountainCar-v0__next-state__H10,MountainCar-v0,next-state,10,16,25,data/llmx_data/offline_data/physics_data/raw_transitions/MountainCar-v0/episodes/episode_0.npz,287,experiments/03_1_gpt35_history_n30_joint/results/records.jsonl,experiments/03_1_gpt35_history_n30_joint/results/runs/3.5__MountainCar-v0__next-state__H10/episode_000/predictions.jsonl,705757c0f05261eb7ef7e8710617a020a6417b561ba924a974ca85a987b3bb47,True,1224,143,1367,1.2986173749668524,1.295717249973677,,,,False,not_applicable,,False,not_applicable,,False,not_applicable,"[0, 0]",True,,"[-0.5354, -0.0159]",True,,"[-0.014, -0.0019]",True,,"[-0.5213982462882996, -0.014049998484551907]","[-0.5364647507667542, -0.01506650261580944]","[0, 0]","[-0.5364647507667542, -0.01506650261580944]","[-0.01506650447845459, -0.001016504131257534]",,,,,,
5bd352e42b6e98b7ab59c854ce748bf67dba530c591dca755aba6e9761ea59bd,3.5__MountainCar-v0__next-state__H10,MountainCar-v0,next-state,10,17,26,data/llmx_data/offline_data/physics_data/raw_transitions/MountainCar-v0/episodes/episode_0.npz,288,experiments/03_1_gpt35_history_n30_joint/results/records.jsonl,experiments/03_1_gpt35_history_n30_joint/results/runs/3.5__MountainCar-v0__next-state__H10/episode_000/predictions.jsonl,97d7ebeef55b43b5d0d6ad360e686861f1abe9c8d93be592814173077b2b5bf6,True,1225,173,1398,2.4899431659141555,2.4868581249611452,,,,False,not_applicable,,False,not_applicable,,False,not_applicable,"[0, 1]",True,,"[-0.5516, 0.0135]",True,,"[-0.0151, 0.0286]",True,,"[-0.5364647507667542, -0.01506650261580944]","[-0.5524347424507141, -0.015970032662153244]","[0, 0]","[-0.5524347424507141, -0.015970032662153244]","[-0.01596999168395996, -0.0009035300463438034]",,,,,,
c3c6758fb2c67ebb73c5e71ed06b509fcd135c39203256ba5d2184fc7683c2ce,3.5__MountainCar-v0__next-state__H10,MountainCar-v0,next-state,10,18,27,data/llmx_data/offline_data/physics_data/raw_transitions/MountainCar-v0/episodes/episode_0.npz,289,experiments/03_1_gpt35_history_n30_joint/results/records.jsonl,experiments/03_1_gpt35_history_n30_joint/results/runs/3.5__MountainCar-v0__next-state__H10/episode_000/predictions.jsonl,c7fa1decc86489d898a2c70e728778a435e2705de7ffd7cffd44406d5a9cf32b,True,1223,172,1395,3.3874453339958563,3.3839825830655172,,,,False,not_applicable,,False,not_applicable,,False,not_applicable,"[0, 0]",True,,"[-0.5675, -0.0171]",True,,"[-0.0151, -0.0011]",True,,"[-0.5524347424507141, -0.015970032662153244]","[-0.5691887736320496, -0.01675403118133545]","[0, 0]","[-0.5691887736320496, -0.01675403118133545]","[-0.01675403118133545, -0.0007839985191822052]",,,,,,
d4d4a8981b5e210327061134dbb4969936084cfbb0e534afe4cd93ce73f441a8,3.5__MountainCar-v0__next-state__H10,MountainCar-v0,next-state,10,19,28,data/llmx_data/offline_data/physics_data/raw_transitions/MountainCar-v0/episodes/episode_0.npz,290,experiments/03_1_gpt35_history_n30_joint/results/records.jsonl,experiments/03_1_gpt35_history_n30_joint/results/runs/3.5__MountainCar-v0__next-state__H10/episode_000/predictions.jsonl,c2e769952995229bfff29917ea99d63d50716731938dd27c905ca91a2051ae30,True,1224,168,1392,1.421862000017427,1.4196709169773385,,,,False,not_applicable,,False,not_applicable,,False,not_applicable,"[0, 0]",True,,"[-0.5842, -0.0187]",True,,"[-0.015, -0.0019]",True,,"[-0.5691887736320496, -0.01675403118133545]","[-0.586601972579956, -0.017413171008229256]","[0, 0]","[-0.586601972579956, -0.017413171008229256]","[-0.017413198947906494, -0.0006591398268938065]",,,,,,
0df00366146bbef5289e1921e7e334d1b4c63d8a70bb2f52eff8586052cbc1ed,3.5__MountainCar-v0__next-state__H10,MountainCar-v0,next-state,10,20,29,data/llmx_data/offline_data/physics_data/raw_transitions/MountainCar-v0/episodes/episode_0.npz,291,experiments/03_1_gpt35_history_n30_joint/results/records.jsonl,experiments/03_1_gpt35_history_n30_joint/results/runs/3.5__MountainCar-v0__next-state__H10/episode_000/predictions.jsonl,c1d54fdd58b075cb9dc1afd9ec81fcb169238ed26ac371ea35b08f449a632a92,True,1224,160,1384,1.5142733750399202,1.5109302079072222,,,,False,not_applicable,,False,not_applicable,,False,not_applicable,"[0, 0]",True,,"[-0.6036, -0.0185]",True,,"[-0.017, -0.0011]",True,,"[-0.586601972579956, -0.017413171008229256]","[-0.6045454144477844, -0.017943456768989563]","[0, 0]","[-0.6045454144477844, -0.017943456768989563]","[-0.01794344186782837, -0.0005302857607603073]",,,,,,
e62d38b9f1ea8816917e350d2b00569d71a0fcba2193b1901150d5c2798c7061,3.5__MountainCar-v0__next-state__H10,MountainCar-v0,next-state,10,21,30,data/llmx_data/offline_data/physics_data/raw_transitions/MountainCar-v0/episodes/episode_0.npz,292,experiments/03_1_gpt35_history_n30_joint/results/records.jsonl,experiments/03_1_gpt35_history_n30_joint/results/runs/3.5__MountainCar-v0__next-state__H10/episode_000/predictions.jsonl,71b2b8e2f93471cb705112e5397f28dceba1deae298417f6d389fa2da2624a14,True,1224,147,1371,1.2326126670232043,1.2287077499786392,,,,False,not_applicable,,False,not_applicable,,False,not_applicable,"[0, 0]",True,,"[-0.6219, -0.0189]",True,,"[-0.0174, -0.001]",True,,"[-0.6045454144477844, -0.017943456768989563]","[-0.6228877305984497, -0.018342304974794388]","[0, 0]","[-0.6228877305984497, -0.018342304974794388]","[-0.018342316150665283, -0.00039884820580482483]",,,,,,
99d4c6416cd54147c88f5423f687966bde8c23bb70ae53c5d8751ec815749425,3.5__MountainCar-v0__next-state__H10,MountainCar-v0,next-state,10,22,31,data/llmx_data/offline_data/physics_data/raw_transitions/MountainCar-v0/episodes/episode_0.npz,293,experiments/03_1_gpt35_history_n30_joint/results/records.jsonl,experiments/03_1_gpt35_history_n30_joint/results/runs/3.5__MountainCar-v0__next-state__H10/episode_000/predictions.jsonl,5ebc2a5389890d30dc986ed8aed5117685dc81419e1fcb0b6ec1903497319632,True,1225,154,1379,3.158504208084196,3.1544404169544578,,,,False,not_applicable,,False,not_applicable,,False,not_applicable,"[0, 0]",True,,"[-0.6408, -0.0194]",True,,"[-0.0179, -0.0011]",True,,"[-0.6228877305984497, -0.018342304974794388]","[-0.6414963006973267, -0.01860860176384449]","[0, 0]","[-0.6414963006973267, -0.01860860176384449]","[-0.018608570098876953, -0.00026629678905010223]",,,,,,
b8159124b2e174ec6b78431f25768fad4941d7edc4cd07da1fade90ed35c7534,3.5__MountainCar-v0__next-state__H10,MountainCar-v0,next-state,10,23,32,data/llmx_data/offline_data/physics_data/raw_transitions/MountainCar-v0/episodes/episode_0.npz,294,experiments/03_1_gpt35_history_n30_joint/results/records.jsonl,experiments/03_1_gpt35_history_n30_joint/results/runs/3.5__MountainCar-v0__next-state__H10/episode_000/predictions.jsonl,09e303bb73b1c5f0a219bdca61046456cb25bcaafd254df5c1446ef627d44376,True,1225,160,1385,1.5892558749765158,1.584647333016619,,,,False,not_applicable,,False,not_applicable,,False,not_applicable,"[0, 0]",True,,"[-0.6555, -0.0191]",True,,"[-0.014, -0.0005]",True,,"[-0.6414963006973267, -0.01860860176384449]","[-0.660239040851593, -0.018742691725492477]","[0, 0]","[-0.660239040851593, -0.018742691725492477]","[-0.018742740154266357, -0.00013408996164798737]",,,,,,
2105b6d165a4ae765f7432e628d8c0e28813a2852f4414587e77549fe8b62f07,3.5__MountainCar-v0__next-state__H10,MountainCar-v0,next-state,10,24,33,data/llmx_data/offline_data/physics_data/raw_transitions/MountainCar-v0/episodes/episode_0.npz,295,experiments/03_1_gpt35_history_n30_joint/results/records.jsonl,experiments/03_1_gpt35_history_n30_joint/results/runs/3.5__MountainCar-v0__next-state__H10/episode_000/predictions.jsonl,f41c542091f44e0ca6b90bfbaca506d3c81e6e28d3af4095a9e6b39a8b3d843a,True,1225,184,1409,2.045647250022739,2.041734041995369,,,,False,not_applicable,,False,not_applicable,,False,not_applicable,"[0, 0]",True,,"[-0.6789, -0.0189]",True,,"[-0.0187, -0.0002]",True,,"[-0.660239040851593, -0.018742691725492477]","[-0.6789853572845459, -0.018746349960565567]","[0, 2]","[-0.6789853572845459, -0.018746349960565567]","[-0.01874631643295288, -3.6582350730895996e-06]",,,,,,
ec41a447794190469dda0cd0fe5e5a1e184585ef8272f02bb9055d06d734a79d,3.5__MountainCar-v0__next-state__H10,MountainCar-v0,next-state,10,25,34,data/llmx_data/offline_data/physics_data/raw_transitions/MountainCar-v0/episodes/episode_0.npz,296,experiments/03_1_gpt35_history_n30_joint/results/records.jsonl,experiments/03_1_gpt35_history_n30_joint/results/runs/3.5__MountainCar-v0__next-state__H10/episode_000/predictions.jsonl,17ff42e9b3ebc015a9e55bacd5abee76c5d6f619e1055a84ad2fb8b98f4eaf06,True,1222,199,1421,2.457625624956563,2.4538862500339746,,,,False,not_applicable,,False,not_applicable,,False,not_applicable,"[0, 1]",True,,"[-0.6977, -0.0191]",True,,"[-0.0187, 0.0004]",True,,"[-0.6789853572845459, -0.018746349960565567]","[-0.6976080536842346, -0.01862270198762417]","[0, 1]","[-0.6976080536842346, -0.01862270198762417]","[-0.01862269639968872, 0.00012364797294139862]",,,,,,
aa51819fe88b4c9172679990ee7639276c94c4f9fd179082958024f5dd86a6d0,3.5__MountainCar-v0__next-state__H10,MountainCar-v0,next-state,10,26,35,data/llmx_data/offline_data/physics_data/raw_transitions/MountainCar-v0/episodes/episode_0.npz,297,experiments/03_1_gpt35_history_n30_joint/results/records.jsonl,experiments/03_1_gpt35_history_n30_joint/results/runs/3.5__MountainCar-v0__next-state__H10/episode_000/predictions.jsonl,998cb5c1d692fb32cefcf86d916fcccc2e5ad7e898ae1c902734aac714b7c008,True,1225,229,1454,1.9683429170399904,1.9640003750100732,,,,False,not_applicable,,False,not_applicable,,False,not_applicable,"[0, 0]",True,,"[-0.7165, -0.0191]",True,,"[-0.0189, -0.0005]",True,,"[-0.6976080536842346, -0.01862270198762417]","[-0.7159841656684875, -0.018376104533672333]","[0, 1]","[-0.7159841656684875, -0.018376104533672333]","[-0.01837611198425293, 0.00024659745395183563]",,,,,,
a6c73ff4990a72936f69a78c1f5b624b857a1325da8b1cf29cae31517779b023,3.5__MountainCar-v0__next-state__H10,MountainCar-v0,next-state,10,27,36,data/llmx_data/offline_data/physics_data/raw_transitions/MountainCar-v0/episodes/episode_0.npz,298,experiments/03_1_gpt35_history_n30_joint/results/records.jsonl,experiments/03_1_gpt35_history_n30_joint/results/runs/3.5__MountainCar-v0__next-state__H10/episode_000/predictions.jsonl,e31ee9c2f3cc314748e8fe4a730eca6367f2fdc4513f648688eed52b7afda48f,True,1222,190,1412,2.072019875049591,2.068285583984107,,,,False,not_applicable,,False,not_applicable,,False,not_applicable,"[0, 0]",True,,"[-0.7344, -0.0181]",True,,"[-0.0184, 0.0003]",True,,"[-0.7159841656684875, -0.018376104533672333]","[-0.7339961528778076, -0.018011996522545815]","[0, 1]","[-0.7339961528778076, -0.018011996522545815]","[-0.01801198720932007, 0.00036410801112651825]",,,,,,
a1480f4c114eac73bfb1e9c81bb46d7cacea95073208d1fcac0c0a06af634068,3.5__MountainCar-v0__next-state__H10,MountainCar-v0,next-state,10,28,37,data/llmx_data/offline_data/physics_data/raw_transitions/MountainCar-v0/episodes/episode_0.npz,299,experiments/03_1_gpt35_history_n30_joint/results/records.jsonl,experiments/03_1_gpt35_history_n30_joint/results/runs/3.5__MountainCar-v0__next-state__H10/episode_000/predictions.jsonl,d8566e4c4727ad2295f2625b5fd407899cbedb31e486952eccb4b67f2456f7a9,True,1219,152,1371,2.016961832996458,2.0135095410514623,,,,False,not_applicable,,False,not_applicable,,False,not_applicable,"[0, 0]",True,,"[-0.752, -0.0173]",True,,"[-0.018, 0.0007]",True,,"[-0.7339961528778076, -0.018011996522545815]","[-0.7515329122543335, -0.017536727711558342]","[0, 1]","[-0.7515329122543335, -0.017536727711558342]","[-0.01753675937652588, 0.00047526881098747253]",,,,,,
8e7712d652e7f1d0a995a4633051c096b0a23231688fb951abfb8909ddb17706,3.5__MountainCar-v0__next-state__H10,MountainCar-v0,next-state,10,29,38,data/llmx_data/offline_data/physics_data/raw_transitions/MountainCar-v0/episodes/episode_0.npz,300,experiments/03_1_gpt35_history_n30_joint/results/records.jsonl,experiments/03_1_gpt35_history_n30_joint/results/runs/3.5__MountainCar-v0__next-state__H10/episode_000/predictions.jsonl,eff784807a19e1056109f95dc8d0240864059bbdd841a89da20e4cbbad899c77,True,1223,153,1376,1.8724206669721752,1.8687851669965312,,,,False,not_applicable,,False,not_applicable,,False,not_applicable,"[0, 0]",True,,"[-0.7695, -0.0165]",True,,"[-0.018, 0.001]",True,,"[-0.7515329122543335, -0.017536727711558342]","[-0.7684902548789978, -0.016957364976406097]","[0, 1]","[-0.7684902548789978, -0.016957364976406097]","[-0.016957342624664307, 0.0005793627351522446]",,,,,,
5d89549c31323e36063ea0227a58420bb28d127e2334270915eb733768d28848,3.5__MountainCar-v0__next-state__H20,MountainCar-v0,next-state,20,0,19,data/llmx_data/offline_data/physics_data/raw_transitions/MountainCar-v0/episodes/episode_0.npz,301,experiments/03_1_gpt35_history_n30_joint/results/records.jsonl,experiments/03_1_gpt35_history_n30_joint/results/runs/3.5__MountainCar-v0__next-state__H20/episode_000/predictions.jsonl,20bc261645a436811cfeb304af23521e3f3e8fc5b074fe88fdabcf1e6cd8b9ce,True,1567,216,1783,2.808124667033553,2.8049561249790713,,,,False,not_applicable,,False,not_applicable,,False,not_applicable,"[1, 0]",True,,"[-0.4567, -0.0066]",True,,"[-0.001, -0.0005]",True,,"[-0.455715537071228, -0.006065046414732933]","[-0.4632861912250519, -0.007570658810436726]","[0, 0]","[-0.4632861912250519, -0.007570658810436726]","[-0.0075706541538238525, -0.0015056123957037926]",,,,,,
7bd791910fe51cecb5156cffbe5c5c418a7eddbbd111ec948d6b4f777b495290,3.5__MountainCar-v0__next-state__H20,MountainCar-v0,next-state,20,1,20,data/llmx_data/offline_data/physics_data/raw_transitions/MountainCar-v0/episodes/episode_0.npz,302,experiments/03_1_gpt35_history_n30_joint/results/records.jsonl,experiments/03_1_gpt35_history_n30_joint/results/runs/3.5__MountainCar-v0__next-state__H20/episode_000/predictions.jsonl,33b6009ef5348a636f3776d0642e276d4dfb9da5829dc1c88b8d2eb4981cd438,True,1567,159,1726,1.4133410840295255,1.4097616660874337,,,,False,not_applicable,,False,not_applicable,,False,not_applicable,"[0, 0]",True,,"[-0.4673, -0.0091]",True,,"[-0.004, -0.0015]",True,,"[-0.4632861912250519, -0.007570658810436726]","[-0.4723067283630371, -0.009020539000630379]","[0, 0]","[-0.4723067283630371, -0.009020539000630379]","[-0.00902053713798523, -0.001449880190193653]",,,,,,
7903a62758f8c655bde4703914e5c2617533e4d8f0c208380130040fc789905a,3.5__MountainCar-v0__next-state__H20,MountainCar-v0,next-state,20,2,21,data/llmx_data/offline_data/physics_data/raw_transitions/MountainCar-v0/episodes/episode_0.npz,303,experiments/03_1_gpt35_history_n30_joint/results/records.jsonl,experiments/03_1_gpt35_history_n30_joint/results/runs/3.5__MountainCar-v0__next-state__H20/episode_000/predictions.jsonl,7c2dc7152a97b926a7566b9f7e880c194621cf85431d2ead1d54d26e8afc5cbc,False,1564,154,1718,1.5857911671046168,1.582251749932766,,,,False,not_applicable,,False,not_applicable,,False,not_applicable,"[1, 0]",True,,,False,non_literal_or_placeholder,,False,non_literal_or_placeholder,"[-0.4723067283630371, -0.009020539000630379]","[-0.48271045088768005, -0.010403713211417198]","[0, 0]","[-0.48271045088768005, -0.010403713211417198]","[-0.010403722524642944, -0.0013831742107868195]",,,,,,
3872f141687d668f8f9732351313b9ff6cffaddc8ae81ef048f9df6c714b9759,3.5__MountainCar-v0__next-state__H20,MountainCar-v0,next-state,20,3,22,data/llmx_data/offline_data/physics_data/raw_transitions/MountainCar-v0/episodes/episode_0.npz,304,experiments/03_1_gpt35_history_n30_joint/results/records.jsonl,experiments/03_1_gpt35_history_n30_joint/results/runs/3.5__MountainCar-v0__next-state__H20/episode_000/predictions.jsonl,c548664117ab4bdaf167e0fa84fd229dec6f60a0f35baa7b1b6ff4466322f125,True,1564,145,1709,2.0257004589075223,2.023182332981378,,,,False,not_applicable,,False,not_applicable,,False,not_applicable,"[0, 0]",True,,"[-0.4872, -0.0118]",True,,"[-0.0045, -0.0014]",True,,"[-0.48271045088768005, -0.010403713211417198]","[-0.49442005157470703, -0.011709607206285]","[0, 0]","[-0.49442005157470703, -0.011709607206285]","[-0.011709600687026978, -0.0013058939948678017]",,,,,,
1378036e3a003e1cf1644f64018985819ac627a166be1b6c61fe6c766d1c8e41,3.5__MountainCar-v0__next-state__H20,MountainCar-v0,next-state,20,4,23,data/llmx_data/offline_data/physics_data/raw_transitions/MountainCar-v0/episodes/episode_0.npz,305,experiments/03_1_gpt35_history_n30_joint/results/records.jsonl,experiments/03_1_gpt35_history_n30_joint/results/runs/3.5__MountainCar-v0__next-state__H20/episode_000/predictions.jsonl,9f2a3e151979210460f1f299586b6990d78acd637466a64053e65384a9eea7b7,False,1563,167,1730,1.8550118749262765,1.8528085839934647,,,,False,not_applicable,,False,not_applicable,,False,not_applicable,"[0, 0]",True,,,False,missing_marker,,False,missing_marker,"[-0.49442005157470703, -0.011709607206285]","[-0.5073482394218445, -0.012928168289363384]","[0, 0]","[-0.5073482394218445, -0.012928168289363384]","[-0.012928187847137451, -0.0012185610830783844]",,,,,,
b16e31e81c19b64ac4966d2b7a5f8d4ba3ed7c623f10a9a2246d6c3ffb9da06a,3.5__MountainCar-v0__next-state__H20,MountainCar-v0,next-state,20,5,24,data/llmx_data/offline_data/physics_data/raw_transitions/MountainCar-v0/episodes/episode_0.npz,306,experiments/03_1_gpt35_history_n30_joint/results/records.jsonl,experiments/03_1_gpt35_history_n30_joint/results/runs/3.5__MountainCar-v0__next-state__H20/episode_000/predictions.jsonl,4d12ac570adbdc0c7ca5ace049bcde27180978b8a930f34e71776712efb24699,True,1562,154,1716,2.150047125061974,2.1463994580553845,,,,False,not_applicable,,False,not_applicable,,False,not_applicable,"[0, 0]",True,,"[-0.5173, -0.0141]",True,,"[-0.01, -0.0012]",True,,"[-0.5073482394218445, -0.012928168289363384]","[-0.5213982462882996, -0.014049998484551907]","[0, 0]","[-0.5213982462882996, -0.014049998484551907]","[-0.014050006866455078, -0.0011218301951885223]",,,,,,
6c972632ba387eca19ed81a8848d6e45d5be1dfd653ec9744ca2d5853d5c09e6,3.5__MountainCar-v0__next-state__H20,MountainCar-v0,next-state,20,6,25,data/llmx_data/offline_data/physics_data/raw_transitions/MountainCar-v0/episodes/episode_0.npz,307,experiments/03_1_gpt35_history_n30_joint/results/records.jsonl,experiments/03_1_gpt35_history_n30_joint/results/runs/3.5__MountainCar-v0__next-state__H20/episode_000/predictions.jsonl,fe877ee7beb9394cbd8eb472dceff5cb095e894547f42e67af411c9bde1a3cc6,True,1559,202,1761,2.300867582904175,2.29803212499246,,,,False,not_applicable,,False,not_applicable,,False,not_applicable,"[0, 0]",True,,"[-0.5314, -0.0151]",True,,"[-0.01, -0.0011]",True,,"[-0.5213982462882996, -0.014049998484551907]","[-0.5364647507667542, -0.01506650261580944]","[0, 0]","[-0.5364647507667542, -0.01506650261580944]","[-0.01506650447845459, -0.001016504131257534]",,,,,,
e62aec7aedb0ae4de70e47c3ad9a62e5598d2cd453f570531c8020a4f9475d06,3.5__MountainCar-v0__next-state__H20,MountainCar-v0,next-state,20,7,26,data/llmx_data/offline_data/physics_data/raw_transitions/MountainCar-v0/episodes/episode_0.npz,308,experiments/03_1_gpt35_history_n30_joint/results/records.jsonl,experiments/03_1_gpt35_history_n30_joint/results/runs/3.5__MountainCar-v0__next-state__H20/episode_000/predictions.jsonl,884f17038f352bc3667c6a177d5825a48a22530596713225c0c3f63152481b90,True,1559,137,1696,1.5720710420282558,1.568696332979016,,,,False,not_applicable,,False,not_applicable,,False,not_applicable,"[0, 0]",True,,"[-0.5415, -0.0162]",True,,"[-0.005, -0.0011]",True,,"[-0.5364647507667542, -0.01506650261580944]","[-0.5524347424507141, -0.015970032662153244]","[0, 0]","[-0.5524347424507141, -0.015970032662153244]","[-0.01596999168395996, -0.0009035300463438034]",,,,,,
21db17c4f4e21fb752f9c18b3ea28807ce794dafcbf5a68180a8799b0fffa315,3.5__MountainCar-v0__next-state__H20,MountainCar-v0,next-state,20,8,27,data/llmx_data/offline_data/physics_data/raw_transitions/MountainCar-v0/episodes/episode_0.npz,309,experiments/03_1_gpt35_history_n30_joint/results/records.jsonl,experiments/03_1_gpt35_history_n30_joint/results/runs/3.5__MountainCar-v0__next-state__H20/episode_000/predictions.jsonl,727e6d4d7917257c77dea3a245063adadb4b91b7c638562023d199aa56985ed4,True,1556,155,1711,2.059866209048778,2.0558161250082776,,,,False,not_applicable,,False,not_applicable,,False,not_applicable,"[0, 0]",True,,"[-0.5671, -0.0171]",True,,"[-0.0147, -0.0011]",True,,"[-0.5524347424507141, -0.015970032662153244]","[-0.5691887736320496, -0.01675403118133545]","[0, 0]","[-0.5691887736320496, -0.01675403118133545]","[-0.01675403118133545, -0.0007839985191822052]",,,,,,
54d8daeaba9dc3b02b4999a0b0d4561491fb2fb9518e03f10789327a251c7c96,3.5__MountainCar-v0__next-state__H20,MountainCar-v0,next-state,20,9,28,data/llmx_data/offline_data/physics_data/raw_transitions/MountainCar-v0/episodes/episode_0.npz,310,experiments/03_1_gpt35_history_n30_joint/results/records.jsonl,experiments/03_1_gpt35_history_n30_joint/results/runs/3.5__MountainCar-v0__next-state__H20/episode_000/predictions.jsonl,7062d3582c11b8a8648022f12ec6b322ae8d2f1968a214171b477a412112356b,True,1557,154,1711,2.192683874978684,2.189115292043425,,,,False,not_applicable,,False,not_applicable,,False,not_applicable,"[0, 0]",True,,"[-0.584, -0.018]",True,,"[-0.0148, -0.0012]",True,,"[-0.5691887736320496, -0.01675403118133545]","[-0.586601972579956, -0.017413171008229256]","[0, 0]","[-0.586601972579956, -0.017413171008229256]","[-0.017413198947906494, -0.0006591398268938065]",,,,,,
6731f5112b138b295572cdb5f53a16258501b267bb5a99afc26bbdbe25111f30,3.5__MountainCar-v0__next-state__H20,MountainCar-v0,next-state,20,10,29,data/llmx_data/offline_data/physics_data/raw_transitions/MountainCar-v0/episodes/episode_0.npz,311,experiments/03_1_gpt35_history_n30_joint/results/records.jsonl,experiments/03_1_gpt35_history_n30_joint/results/runs/3.5__MountainCar-v0__next-state__H20/episode_000/predictions.jsonl,4085c8981dff135eaff1f41e96717bd44e85ee5a7d4e1a3004a10946e8f30cfb,True,1556,168,1724,1.601589958067052,1.5987365840701386,,,,False,not_applicable,,False,not_applicable,,False,not_applicable,"[0, 0]",True,,"[-0.6016, -0.0191]",True,,"[-0.015, -0.0017]",True,,"[-0.586601972579956, -0.017413171008229256]","[-0.6045454144477844, -0.017943456768989563]","[0, 0]","[-0.6045454144477844, -0.017943456768989563]","[-0.01794344186782837, -0.0005302857607603073]",,,,,,
5d27e655dd17ff9cc50ea2afe067bae420c7f4c99e3d0b1dc6fe8e1085b656fd,3.5__MountainCar-v0__next-state__H20,MountainCar-v0,next-state,20,11,30,data/llmx_data/offline_data/physics_data/raw_transitions/MountainCar-v0/episodes/episode_0.npz,312,experiments/03_1_gpt35_history_n30_joint/results/records.jsonl,experiments/03_1_gpt35_history_n30_joint/results/runs/3.5__MountainCar-v0__next-state__H20/episode_000/predictions.jsonl,185a961485cba32cee22266bdf6981c48aaf0719d605ab527a04e3f72c5f4564,True,1555,211,1766,1.5960136249195784,1.5915946249151602,,,,False,not_applicable,,False,not_applicable,,False,not_applicable,"[0, 0]",True,,"[-0.6214, -0.019]",True,,"[-0.0169, -0.0011]",True,,"[-0.6045454144477844, -0.017943456768989563]","[-0.6228877305984497, -0.018342304974794388]","[0, 0]","[-0.6228877305984497, -0.018342304974794388]","[-0.018342316150665283, -0.00039884820580482483]",,,,,,
ae1b6d0aab7ed481c6ec19b8a6f55dd6ab2e0415e3c102d842e5287f1dcbf851,3.5__MountainCar-v0__next-state__H20,MountainCar-v0,next-state,20,12,31,data/llmx_data/offline_data/physics_data/raw_transitions/MountainCar-v0/episodes/episode_0.npz,313,experiments/03_1_gpt35_history_n30_joint/results/records.jsonl,experiments/03_1_gpt35_history_n30_joint/results/runs/3.5__MountainCar-v0__next-state__H20/episode_000/predictions.jsonl,dc7cd92226bae83622033b7e8a4563a6c9c79226f2035e52d6b4fd9f3b95eb48,True,1554,200,1754,1.7300457500386983,1.7269554589875042,,,,False,not_applicable,,False,not_applicable,,False,not_applicable,"[0, 0]",True,,"[-0.6392, -0.0203]",True,,"[-0.0163, -0.002]",True,,"[-0.6228877305984497, -0.018342304974794388]","[-0.6414963006973267, -0.01860860176384449]","[0, 0]","[-0.6414963006973267, -0.01860860176384449]","[-0.018608570098876953, -0.00026629678905010223]",,,,,,
9017877c0baf440debbd012735657c562edaa8540f993e4997bbf571cfb70090,3.5__MountainCar-v0__next-state__H20,MountainCar-v0,next-state,20,13,32,data/llmx_data/offline_data/physics_data/raw_transitions/MountainCar-v0/episodes/episode_0.npz,314,experiments/03_1_gpt35_history_n30_joint/results/records.jsonl,experiments/03_1_gpt35_history_n30_joint/results/runs/3.5__MountainCar-v0__next-state__H20/episode_000/predictions.jsonl,8ee800e0353d7cbb67625a13e33f15ab92c89b5a3bf8a4d4048d886cf3896ab5,True,1553,208,1761,2.0401629579719156,2.0362842499744147,,,,False,not_applicable,,False,not_applicable,,False,not_applicable,"[0, 0]",True,,"[-0.6599, -0.0201]",True,,"[-0.0184, -0.0015]",True,,"[-0.6414963006973267, -0.01860860176384449]","[-0.660239040851593, -0.018742691725492477]","[0, 0]","[-0.660239040851593, -0.018742691725492477]","[-0.018742740154266357, -0.00013408996164798737]",,,,,,
1598a6c2e5f5ff1edab0c2a198e56ba97760fceb48423d760907aab426a18008,3.5__MountainCar-v0__next-state__H20,MountainCar-v0,next-state,20,14,33,data/llmx_data/offline_data/physics_data/raw_transitions/MountainCar-v0/episodes/episode_0.npz,315,experiments/03_1_gpt35_history_n30_joint/results/records.jsonl,experiments/03_1_gpt35_history_n30_joint/results/runs/3.5__MountainCar-v0__next-state__H20/episode_000/predictions.jsonl,738adfa5e5a0fe5330f12b028ebaa0c5b3601ddc56f99a0160372ffc77d49060,True,1552,147,1699,1.8383911669952795,1.8350128328893334,,,,False,not_applicable,,False,not_applicable,,False,not_applicable,"[0, 0]",True,,"[-0.6602, -0.0374]",True,,"[0.0, -0.0187]",True,,"[-0.660239040851593, -0.018742691725492477]","[-0.6789853572845459, -0.018746349960565567]","[0, 2]","[-0.6789853572845459, -0.018746349960565567]","[-0.01874631643295288, -3.6582350730895996e-06]",,,,,,
a50f3837e8e97050ebf53aa0cbc3d57d8174608d62457e92a633ad7b5d924b45,3.5__MountainCar-v0__next-state__H20,MountainCar-v0,next-state,20,15,34,data/llmx_data/offline_data/physics_data/raw_transitions/MountainCar-v0/episodes/episode_0.npz,316,experiments/03_1_gpt35_history_n30_joint/results/records.jsonl,experiments/03_1_gpt35_history_n30_joint/results/runs/3.5__MountainCar-v0__next-state__H20/episode_000/predictions.jsonl,74c9fabb6cc12ab4f99f6c0943c4150d5624c1e3af306e215580cdc01dbaa6ed,True,1548,161,1709,2.2139237500960007,2.2110610000090674,,,,False,not_applicable,,False,not_applicable,,False,not_applicable,"[0, 0]",True,,"[-0.679, -0.0374]",True,,"[0.0, -0.0187]",True,,"[-0.6789853572845459, -0.018746349960565567]","[-0.6976080536842346, -0.01862270198762417]","[0, 1]","[-0.6976080536842346, -0.01862270198762417]","[-0.01862269639968872, 0.00012364797294139862]",,,,,,
3d13987ce387b7f43c147e957ceeaa4cbe76fa30fd824f545362020ecc02b51b,3.5__MountainCar-v0__next-state__H20,MountainCar-v0,next-state,20,16,35,data/llmx_data/offline_data/physics_data/raw_transitions/MountainCar-v0/episodes/episode_0.npz,317,experiments/03_1_gpt35_history_n30_joint/results/records.jsonl,experiments/03_1_gpt35_history_n30_joint/results/runs/3.5__MountainCar-v0__next-state__H20/episode_000/predictions.jsonl,c4b08ce87133562f8e8acc33685bc19dcdd3437563c9848df7085c4c4d0ba18f,True,1543,156,1699,1.7453886250732467,1.7420382919954136,,,,False,not_applicable,,False,not_applicable,,False,not_applicable,"[0, 0]",True,,"[-0.7165, -0.0189]",True,,"[-0.0189, -0.0003]",True,,"[-0.6976080536842346, -0.01862270198762417]","[-0.7159841656684875, -0.018376104533672333]","[0, 1]","[-0.7159841656684875, -0.018376104533672333]","[-0.01837611198425293, 0.00024659745395183563]",,,,,,
0778a988760433eef3ba7cd06cbf238c9435cb5948e4e4ad51a573ed7711afb2,3.5__MountainCar-v0__next-state__H20,MountainCar-v0,next-state,20,17,36,data/llmx_data/offline_data/physics_data/raw_transitions/MountainCar-v0/episodes/episode_0.npz,318,experiments/03_1_gpt35_history_n30_joint/results/records.jsonl,experiments/03_1_gpt35_history_n30_joint/results/runs/3.5__MountainCar-v0__next-state__H20/episode_000/predictions.jsonl,1a217640440087becb94a15257a7b970efce76f6df838dab24a742d8ade66a3f,True,1540,167,1707,2.409860874991864,2.405764124938287,,,,False,not_applicable,,False,not_applicable,,False,not_applicable,"[0, 0]",True,,"[-0.7343, -0.0181]",True,,"[-0.0183, 0.0003]",True,,"[-0.7159841656684875, -0.018376104533672333]","[-0.7339961528778076, -0.018011996522545815]","[0, 1]","[-0.7339961528778076, -0.018011996522545815]","[-0.01801198720932007, 0.00036410801112651825]",,,,,,
fbb518cceb19698babe1cb53d65548cf7fa49b3d2550cef860061bedbf9f2624,3.5__MountainCar-v0__next-state__H20,MountainCar-v0,next-state,20,18,37,data/llmx_data/offline_data/physics_data/raw_transitions/MountainCar-v0/episodes/episode_0.npz,319,experiments/03_1_gpt35_history_n30_joint/results/records.jsonl,experiments/03_1_gpt35_history_n30_joint/results/runs/3.5__MountainCar-v0__next-state__H20/episode_000/predictions.jsonl,feabb0fe7f3cbf6679f9d4638b38823662a32b1ebac42a2ad17b89a720ef5e15,True,1536,170,1706,2.6866172089939937,2.6840489170281217,,,,False,not_applicable,,False,not_applicable,,False,not_applicable,"[0, 0]",True,,"[-0.752, -0.0173]",True,,"[-0.018, 0.0007]",True,,"[-0.7339961528778076, -0.018011996522545815]","[-0.7515329122543335, -0.017536727711558342]","[0, 1]","[-0.7515329122543335, -0.017536727711558342]","[-0.01753675937652588, 0.00047526881098747253]",,,,,,
23e8a1bd0c7428fae71f4ab92c48345a2975bbec63a5b06262f544e3baa8d87f,3.5__MountainCar-v0__next-state__H20,MountainCar-v0,next-state,20,19,38,data/llmx_data/offline_data/physics_data/raw_transitions/MountainCar-v0/episodes/episode_0.npz,320,experiments/03_1_gpt35_history_n30_joint/results/records.jsonl,experiments/03_1_gpt35_history_n30_joint/results/runs/3.5__MountainCar-v0__next-state__H20/episode_000/predictions.jsonl,b6f087c15ba03dcf100bc85c5fb023e5061b188da32c61754a96e10c502a9211,True,1540,287,1827,3.5325850000372157,3.528184207971208,,,,False,not_applicable,,False,not_applicable,,False,not_applicable,"[0, 0]",True,,"[-0.769, -0.0355]",True,,"[-0.0175, -0.018]",True,,"[-0.7515329122543335, -0.017536727711558342]","[-0.7684902548789978, -0.016957364976406097]","[0, 1]","[-0.7684902548789978, -0.016957364976406097]","[-0.016957342624664307, 0.0005793627351522446]",,,,,,
927c3e1ba6b3054efb7e118e44fd2285dcf7cc2dea0e896dc127d8bd2b7fef3d,3.5__MountainCar-v0__next-state__H20,MountainCar-v0,next-state,20,20,39,data/llmx_data/offline_data/physics_data/raw_transitions/MountainCar-v0/episodes/episode_0.npz,321,experiments/03_1_gpt35_history_n30_joint/results/records.jsonl,experiments/03_1_gpt35_history_n30_joint/results/runs/3.5__MountainCar-v0__next-state__H20/episode_000/predictions.jsonl,b188077faf3ba5252a5011edc75a38d5aaf876b429e6c2c9ce4fedd4b6c60366,True,1538,159,1697,2.36081366694998,2.356911667040549,,,,False,not_applicable,,False,not_applicable,,False,not_applicable,"[0, 0]",True,,"[-0.7865, -0.0163]",True,,"[-0.018, 0.0007]",True,,"[-0.7684902548789978, -0.016957364976406097]","[-0.784771740436554, -0.016281500458717346]","[0, 1]","[-0.784771740436554, -0.016281500458717346]","[-0.016281485557556152, 0.0006758645176887512]",,,,,,
5151f6feef4635524a983cc21fef478734f9b1e2ea1c52ea9f280af459e187c6,3.5__MountainCar-v0__next-state__H20,MountainCar-v0,next-state,20,21,40,data/llmx_data/offline_data/physics_data/raw_transitions/MountainCar-v0/episodes/episode_0.npz,322,experiments/03_1_gpt35_history_n30_joint/results/records.jsonl,experiments/03_1_gpt35_history_n30_joint/results/runs/3.5__MountainCar-v0__next-state__H20/episode_000/predictions.jsonl,07f99602660f86370e612d1cc29b84931e175741e4055723460d61d3d67cd1b9,True,1539,179,1718,2.0421553750056773,2.0381934579927474,,,,False,not_applicable,,False,not_applicable,,False,not_applicable,"[0, 1]",True,,"[-0.8021, -0.0156]",True,,"[-0.0173, 0.0007]",True,,"[-0.784771740436554, -0.016281500458717346]","[-0.8002887964248657, -0.015517058782279491]","[0, 1]","[-0.8002887964248657, -0.015517058782279491]","[-0.015517055988311768, 0.0007644416764378548]",,,,,,
5b2cc858be745486f9d855234103705d826d9b97d5ecc55b86cd93ce502cd409,3.5__MountainCar-v0__next-state__H20,MountainCar-v0,next-state,20,22,41,data/llmx_data/offline_data/physics_data/raw_transitions/MountainCar-v0/episodes/episode_0.npz,323,experiments/03_1_gpt35_history_n30_joint/results/records.jsonl,experiments/03_1_gpt35_history_n30_joint/results/runs/3.5__MountainCar-v0__next-state__H20/episode_000/predictions.jsonl,715c92133840191cbe6f28667e49bd28b7cd1c3e8d7d485daaac7a7ab665f942,True,1540,181,1721,1.6273380420170724,1.6239055830519646,,,,False,not_applicable,,False,not_applicable,,False,not_applicable,"[0, 0]",True,,"[-0.8161, -0.0151]",True,,"[-0.0158, 0.0004]",True,,"[-0.8002887964248657, -0.015517058782279491]","[-0.8149609565734863, -0.014672111719846725]","[0, 1]","[-0.8149609565734863, -0.014672111719846725]","[-0.014672160148620605, 0.000844947062432766]",,,,,,
9a6d9945f441d1f1fe50ed021d4393da268588c83d0811d6c97c04282c04377b,3.5__MountainCar-v0__next-state__H20,MountainCar-v0,next-state,20,23,42,data/llmx_data/offline_data/physics_data/raw_transitions/MountainCar-v0/episodes/episode_0.npz,324,experiments/03_1_gpt35_history_n30_joint/results/records.jsonl,experiments/03_1_gpt35_history_n30_joint/results/runs/3.5__MountainCar-v0__next-state__H20/episode_000/predictions.jsonl,698eb700a5c749bb4699070f90bccb2c6c1e6c9c87854a0ea2d45b67b8644b88,True,1537,187,1724,1.6499319589929655,1.646584750036709,,,,False,not_applicable,,False,not_applicable,,False,not_applicable,"[0, 0]",True,,"[-0.8315, -0.0161]",True,,"[-0.0165, -0.0014]",True,,"[-0.8149609565734863, -0.014672111719846725]","[-0.8287156820297241, -0.013754718005657196]","[0, 1]","[-0.8287156820297241, -0.013754718005657196]","[-0.013754725456237793, 0.0009173937141895294]",,,,,,
625afca9119baf74455edaf7bfa03590ce3f9681f13febf79fbf18d444d3d332,3.5__MountainCar-v0__next-state__H20,MountainCar-v0,next-state,20,24,43,data/llmx_data/offline_data/physics_data/raw_transitions/MountainCar-v0/episodes/episode_0.npz,325,experiments/03_1_gpt35_history_n30_joint/results/records.jsonl,experiments/03_1_gpt35_history_n30_joint/results/runs/3.5__MountainCar-v0__next-state__H20/episode_000/predictions.jsonl,c8b7bebef5dede33198dde4b2b660a6da01466edeb0a53d41027ec10fe0a0dad,True,1539,158,1697,2.1115288339788094,2.1079962080111727,,,,False,not_applicable,,False,not_applicable,,False,not_applicable,"[0, 0]",True,,"[-0.8425, -0.0121]",True,,"[-0.0138, 0.0017]",True,,"[-0.8287156820297241, -0.013754718005657196]","[-0.8414884209632874, -0.012772777117788792]","[0, 1]","[-0.8414884209632874, -0.012772777117788792]","[-0.012772738933563232, 0.0009819408878684044]",,,,,,
a38552bef034050ad8f9141bdc4aaa8378e8123630ec4278877c5297b3fb0080,3.5__MountainCar-v0__next-state__H20,MountainCar-v0,next-state,20,25,44,data/llmx_data/offline_data/physics_data/raw_transitions/MountainCar-v0/episodes/episode_0.npz,326,experiments/03_1_gpt35_history_n30_joint/results/records.jsonl,experiments/03_1_gpt35_history_n30_joint/results/runs/3.5__MountainCar-v0__next-state__H20/episode_000/predictions.jsonl,79f948db4296e9e1d0b9952cd97a573ea61d320c6a3101b33281692b703e9175,True,1539,189,1728,1.695487792021595,1.6913692919770256,,,,False,not_applicable,,False,not_applicable,,False,not_applicable,"[0, 0]",True,,"[-0.8592, -0.0147]",True,,"[-0.0177, -0.0019]",True,,"[-0.8414884209632874, -0.012772777117788792]","[-0.8532223701477051, -0.011733916588127613]","[0, 1]","[-0.8532223701477051, -0.011733916588127613]","[-0.011733949184417725, 0.0010388605296611786]",,,,,,
81e2310017bc26ced5e7753e69b25fd43177b758fc50edad6b43942549800915,3.5__MountainCar-v0__next-state__H20,MountainCar-v0,next-state,20,26,45,data/llmx_data/offline_data/physics_data/raw_transitions/MountainCar-v0/episodes/episode_0.npz,327,experiments/03_1_gpt35_history_n30_joint/results/records.jsonl,experiments/03_1_gpt35_history_n30_joint/results/runs/3.5__MountainCar-v0__next-state__H20/episode_000/predictions.jsonl,dfce08f4b3d9d9f0cae0f6cb1531fbc6763a8fcd5e0cc1fb0d36ab0124f7722e,False,1540,135,1675,1.384809665963985,1.3812488750554621,,,,False,not_applicable,,False,not_applicable,,False,not_applicable,"[1, 1]",True,,,False,non_literal_or_placeholder,,False,non_literal_or_placeholder,"[-0.8532223701477051, -0.011733916588127613]","[-0.8638677597045898, -0.010645401664078236]","[0, 1]","[-0.8638677597045898, -0.010645401664078236]","[-0.010645389556884766, 0.0010885149240493774]",,,,,,
2b54c49d9ae04ee509c067d062e737df61c87dc40783ce38e7bca9f5b63ad1c6,3.5__MountainCar-v0__next-state__H20,MountainCar-v0,next-state,20,27,46,data/llmx_data/offline_data/physics_data/raw_transitions/MountainCar-v0/episodes/episode_0.npz,328,experiments/03_1_gpt35_history_n30_joint/results/records.jsonl,experiments/03_1_gpt35_history_n30_joint/results/runs/3.5__MountainCar-v0__next-state__H20/episode_000/predictions.jsonl,89448a7e5d90c54cf87fb2cc9c9c2504b1c1778619ea17b4c0a45ba017ae0cab,True,1540,227,1767,2.547338334028609,2.5442837920272723,,,,False,not_applicable,,False,not_applicable,,False,not_applicable,"[0, 0]",True,,"[-0.8804, -0.0091]",True,,"[-0.0165, 0.0015]",True,,"[-0.8638677597045898, -0.010645401664078236]","[-0.8733818531036377, -0.009514076635241508]","[0, 1]","[-0.8733818531036377, -0.009514076635241508]","[-0.009514093399047852, 0.0011313250288367271]",,,,,,
499cc0bfd16ea09541fc60e39e99bc8bcde648f5e7f54932409f74b6c5773e55,3.5__MountainCar-v0__next-state__H20,MountainCar-v0,next-state,20,28,47,data/llmx_data/offline_data/physics_data/raw_transitions/MountainCar-v0/episodes/episode_0.npz,329,experiments/03_1_gpt35_history_n30_joint/results/records.jsonl,experiments/03_1_gpt35_history_n30_joint/results/runs/3.5__MountainCar-v0__next-state__H20/episode_000/predictions.jsonl,a83d5bc5eef79cde82ebdae4f614050000eb30723d987d28d8804159d4e405b4,True,1541,159,1700,2.115595209063031,2.111768834060058,,,,False,not_applicable,,False,not_applicable,,False,not_applicable,"[0, 0]",True,,"[-0.8833, -0.0084]",True,,"[-0.0099, 0.0011]",True,,"[-0.8733818531036377, -0.009514076635241508]","[-0.8817281723022461, -0.008346328511834145]","[0, 1]","[-0.8817281723022461, -0.008346328511834145]","[-0.008346319198608398, 0.001167748123407364]",,,,,,
1d596098d8b177680fbbdfca92a69c1fb32f871d077fad2185563e79ca0e24d6,3.5__MountainCar-v0__next-state__H20,MountainCar-v0,next-state,20,29,48,data/llmx_data/offline_data/physics_data/raw_transitions/MountainCar-v0/episodes/episode_0.npz,330,experiments/03_1_gpt35_history_n30_joint/results/records.jsonl,experiments/03_1_gpt35_history_n30_joint/results/runs/3.5__MountainCar-v0__next-state__H20/episode_000/predictions.jsonl,8b6fbebed7b2a20ba4cfb509704c3bebed60ed3eb86b489350caaf70d7cc6e2f,True,1541,220,1761,2.3237557499669492,2.3202079160837457,,,,False,not_applicable,,False,not_applicable,,False,not_applicable,"[0, 0]",True,,"[-0.8999, -0.0079]",True,,"[-0.0182, 0.0004]",True,,"[-0.8817281723022461, -0.008346328511834145]","[-0.8888762593269348, -0.007148081436753273]","[0, 1]","[-0.8888762593269348, -0.007148081436753273]","[-0.007148087024688721, 0.0011982470750808716]",,,,,,
0d6702776596dda415d10cb7f9d79d3a52d10e28727ddb69adc0b45536d64150,3.5__MountainCar-v0__next-state__H30,MountainCar-v0,next-state,30,0,29,data/llmx_data/offline_data/physics_data/raw_transitions/MountainCar-v0/episodes/episode_0.npz,331,experiments/03_1_gpt35_history_n30_joint/results/records.jsonl,experiments/03_1_gpt35_history_n30_joint/results/runs/3.5__MountainCar-v0__next-state__H30/episode_000/predictions.jsonl,073f9c71dc779970000b218372a57db59d015efb79b4d89f3a1d93fd95cd4374,True,1884,164,2048,1.6593797500245273,1.6567588330945,,,,False,not_applicable,,False,not_applicable,,False,not_applicable,"[0, 0]",True,,"[-0.5866, -0.0185]",True,,"[0.0, -0.0011]",True,,"[-0.586601972579956, -0.017413171008229256]","[-0.6045454144477844, -0.017943456768989563]","[0, 0]","[-0.6045454144477844, -0.017943456768989563]","[-0.01794344186782837, -0.0005302857607603073]",,,,,,
05a4b79f64e2e9a60cee568779018a7bd03a19deb889a984144eee2e2c17f92f,3.5__MountainCar-v0__next-state__H30,MountainCar-v0,next-state,30,1,30,data/llmx_data/offline_data/physics_data/raw_transitions/MountainCar-v0/episodes/episode_0.npz,332,experiments/03_1_gpt35_history_n30_joint/results/records.jsonl,experiments/03_1_gpt35_history_n30_joint/results/runs/3.5__MountainCar-v0__next-state__H30/episode_000/predictions.jsonl,c61c00c33f9a1d5cfdfe9df826cd11978c353a7c49bb5b49e68cd12067722065,False,1884,165,2049,2.7306756250327453,2.7264854579698294,,,,False,not_applicable,,False,not_applicable,,False,not_applicable,"[0, 1]",True,,"[-0.6104, -0.0169]",True,,,False,non_literal_or_placeholder,"[-0.6045454144477844, -0.017943456768989563]","[-0.6228877305984497, -0.018342304974794388]","[0, 0]","[-0.6228877305984497, -0.018342304974794388]","[-0.018342316150665283, -0.00039884820580482483]",,,,,,
b926a9c454569f4b0586d703c0b78a3d4db3a1ecbb763bd3e24ea21872e87878,3.5__MountainCar-v0__next-state__H30,MountainCar-v0,next-state,30,2,31,data/llmx_data/offline_data/physics_data/raw_transitions/MountainCar-v0/episodes/episode_0.npz,333,experiments/03_1_gpt35_history_n30_joint/results/records.jsonl,experiments/03_1_gpt35_history_n30_joint/results/runs/3.5__MountainCar-v0__next-state__H30/episode_000/predictions.jsonl,562224687c68e9de370928dcb8565f936ba3acb4312177434abfecdcc4871e61,False,1883,167,2050,1.399150500074029,1.3954163750167936,,,,False,not_applicable,,False,not_applicable,,False,not_applicable,"[0, 0]",True,,"[-0.6229, -0.0183]",True,,,False,non_literal_or_placeholder,"[-0.6228877305984497, -0.018342304974794388]","[-0.6414963006973267, -0.01860860176384449]","[0, 0]","[-0.6414963006973267, -0.01860860176384449]","[-0.018608570098876953, -0.00026629678905010223]",,,,,,
49dd51ade62ec9d2cdd8bc845fb857d6c15432187f452d8ab4e0c0c28dd9e8d5,3.5__MountainCar-v0__next-state__H30,MountainCar-v0,next-state,30,3,32,data/llmx_data/offline_data/physics_data/raw_transitions/MountainCar-v0/episodes/episode_0.npz,334,experiments/03_1_gpt35_history_n30_joint/results/records.jsonl,experiments/03_1_gpt35_history_n30_joint/results/runs/3.5__MountainCar-v0__next-state__H30/episode_000/predictions.jsonl,51297e3a9478cf709785eeae31e6ea7d0d4d6d8f6c99966d7c53d75f1f88bb0e,True,1882,150,2032,1.978990584029816,1.9754990419605747,,,,False,not_applicable,,False,not_applicable,,False,not_applicable,"[0, 0]",True,,"[-0.6554, -0.0201]",True,,"[-0.0139, -0.0015]",True,,"[-0.6414963006973267, -0.01860860176384449]","[-0.660239040851593, -0.018742691725492477]","[0, 0]","[-0.660239040851593, -0.018742691725492477]","[-0.018742740154266357, -0.00013408996164798737]",,,,,,
552d1d1a897593233be9d190cb0a1660882eb325705b93c006fd609c08a902bf,3.5__MountainCar-v0__next-state__H30,MountainCar-v0,next-state,30,4,33,data/llmx_data/offline_data/physics_data/raw_transitions/MountainCar-v0/episodes/episode_0.npz,335,experiments/03_1_gpt35_history_n30_joint/results/records.jsonl,experiments/03_1_gpt35_history_n30_joint/results/runs/3.5__MountainCar-v0__next-state__H30/episode_000/predictions.jsonl,d69a3b9f69d4b4d124af9de8325ae89cbe83002e5b152786d755a90449a44239,True,1881,140,2021,1.7589062919141725,1.755408874945715,,,,False,not_applicable,,False,not_applicable,,False,not_applicable,"[0, 2]",True,,"[-0.6762, -0.0187]",True,,"[-0.016, 0.0]",True,,"[-0.660239040851593, -0.018742691725492477]","[-0.6789853572845459, -0.018746349960565567]","[0, 2]","[-0.6789853572845459, -0.018746349960565567]","[-0.01874631643295288, -3.6582350730895996e-06]",,,,,,
18e50ef8701a290fbbc5bb136389447a17af367002bd32c59333c92fe9e2bd3f,3.5__MountainCar-v0__next-state__H30,MountainCar-v0,next-state,30,5,34,data/llmx_data/offline_data/physics_data/raw_transitions/MountainCar-v0/episodes/episode_0.npz,336,experiments/03_1_gpt35_history_n30_joint/results/records.jsonl,experiments/03_1_gpt35_history_n30_joint/results/runs/3.5__MountainCar-v0__next-state__H30/episode_000/predictions.jsonl,3206b201243c12893b7dad8c189200fa85a9ab14b3979b4ab9d0485ea40a023d,True,1877,157,2034,1.6489603340160102,1.645009082974866,,,,False,not_applicable,,False,not_applicable,,False,not_applicable,"[0, 0]",True,,"[-0.6957, -0.0201]",True,,"[-0.0167, -0.0014]",True,,"[-0.6789853572845459, -0.018746349960565567]","[-0.6976080536842346, -0.01862270198762417]","[0, 1]","[-0.6976080536842346, -0.01862270198762417]","[-0.01862269639968872, 0.00012364797294139862]",,,,,,
b0f90b17e5fbebec3a6cb1a5f641c3c006e9d9bf1954586c27507c03693a9281,3.5__MountainCar-v0__next-state__H30,MountainCar-v0,next-state,30,6,35,data/llmx_data/offline_data/physics_data/raw_transitions/MountainCar-v0/episodes/episode_0.npz,337,experiments/03_1_gpt35_history_n30_joint/results/records.jsonl,experiments/03_1_gpt35_history_n30_joint/results/runs/3.5__MountainCar-v0__next-state__H30/episode_000/predictions.jsonl,728d02c74ea72b4a2ab26724660fadcbee6cc0c1ca83598b68623eb34fb1146b,True,1878,131,2009,1.6238328750478104,1.6198577500181273,,,,False,not_applicable,,False,not_applicable,,False,not_applicable,"[0, 0]",True,,"[-0.7162, -0.0201]",True,,"[-0.0186, -0.0015]",True,,"[-0.6976080536842346, -0.01862270198762417]","[-0.7159841656684875, -0.018376104533672333]","[0, 1]","[-0.7159841656684875, -0.018376104533672333]","[-0.01837611198425293, 0.00024659745395183563]",,,,,,
2da3f5b41059d8e5a8078c63bdaf39088dda9ecea80a8265aceaf5b86e37d01e,3.5__MountainCar-v0__next-state__H30,MountainCar-v0,next-state,30,7,36,data/llmx_data/offline_data/physics_data/raw_transitions/MountainCar-v0/episodes/episode_0.npz,338,experiments/03_1_gpt35_history_n30_joint/results/records.jsonl,experiments/03_1_gpt35_history_n30_joint/results/runs/3.5__MountainCar-v0__next-state__H30/episode_000/predictions.jsonl,d960efda8751693be8a267d132e6acd5dc434fcc5165a1407f8958bd0a42cb63,True,1874,163,2037,1.8059270000085235,1.801903040963225,,,,False,not_applicable,,False,not_applicable,,False,not_applicable,"[0, 0]",True,,"[-0.7324, -0.0202]",True,,"[-0.0164, -0.0018]",True,,"[-0.7159841656684875, -0.018376104533672333]","[-0.7339961528778076, -0.018011996522545815]","[0, 1]","[-0.7339961528778076, -0.018011996522545815]","[-0.01801198720932007, 0.00036410801112651825]",,,,,,
76253e5d39f171c0447c1bbf736b1f2700390cbe7bd4fed7dfa406182222b2d8,3.5__MountainCar-v0__next-state__H30,MountainCar-v0,next-state,30,8,37,data/llmx_data/offline_data/physics_data/raw_transitions/MountainCar-v0/episodes/episode_0.npz,339,experiments/03_1_gpt35_history_n30_joint/results/records.jsonl,experiments/03_1_gpt35_history_n30_joint/results/runs/3.5__MountainCar-v0__next-state__H30/episode_000/predictions.jsonl,ead2374046853c16f02afb6ee0f82bbe3da995981a0472cded2d90e11583934f,True,1869,150,2019,1.3597704169806093,1.3558156250510365,,,,False,not_applicable,,False,not_applicable,,False,not_applicable,"[0, 0]",True,,"[-0.752, -0.036]",True,,"[-0.018, -0.018]",True,,"[-0.7339961528778076, -0.018011996522545815]","[-0.7515329122543335, -0.017536727711558342]","[0, 1]","[-0.7515329122543335, -0.017536727711558342]","[-0.01753675937652588, 0.00047526881098747253]",,,,,,
6c710e6c7d91e5a18bb19968940c7cbccf53cc2a9f4286b2f8b00324a72c4619,3.5__MountainCar-v0__next-state__H30,MountainCar-v0,next-state,30,9,38,data/llmx_data/offline_data/physics_data/raw_transitions/MountainCar-v0/episodes/episode_0.npz,340,experiments/03_1_gpt35_history_n30_joint/results/records.jsonl,experiments/03_1_gpt35_history_n30_joint/results/runs/3.5__MountainCar-v0__next-state__H30/episode_000/predictions.jsonl,175e810d706b12e77947d333bbc275065026cbc79fa1f6e3b6575266a2daf07c,True,1873,158,2031,2.064620833029039,2.061773500056006,,,,False,not_applicable,,False,not_applicable,,False,not_applicable,"[0, 0]",True,,"[-0.7515, -0.0195]",True,,"[-0.0001, -0.002]",True,,"[-0.7515329122543335, -0.017536727711558342]","[-0.7684902548789978, -0.016957364976406097]","[0, 1]","[-0.7684902548789978, -0.016957364976406097]","[-0.016957342624664307, 0.0005793627351522446]",,,,,,
96c1dced203ba1e908132fd9397a33d1de9aae5b54a12313f619fe350e2a1b3f,3.5__MountainCar-v0__next-state__H30,MountainCar-v0,next-state,30,10,39,data/llmx_data/offline_data/physics_data/raw_transitions/MountainCar-v0/episodes/episode_0.npz,341,experiments/03_1_gpt35_history_n30_joint/results/records.jsonl,experiments/03_1_gpt35_history_n30_joint/results/runs/3.5__MountainCar-v0__next-state__H30/episode_000/predictions.jsonl,97758194e46b2459006ece5cd08632462622877f6b174d159a8f647d2daff46c,True,1870,131,2001,2.29759458405897,2.294144041952677,,,,False,not_applicable,,False,not_applicable,,False,not_applicable,"[0, 0]",True,,"[-0.7855, -0.0185]",True,,"[-0.017, -0.0015]",True,,"[-0.7684902548789978, -0.016957364976406097]","[-0.784771740436554, -0.016281500458717346]","[0, 1]","[-0.784771740436554, -0.016281500458717346]","[-0.016281485557556152, 0.0006758645176887512]",,,,,,
9f00d3684d94a3a91ed42ed05ff281a2e588635711c0a2459fb81aa07822d586,3.5__MountainCar-v0__next-state__H30,MountainCar-v0,next-state,30,11,40,data/llmx_data/offline_data/physics_data/raw_transitions/MountainCar-v0/episodes/episode_0.npz,342,experiments/03_1_gpt35_history_n30_joint/results/records.jsonl,experiments/03_1_gpt35_history_n30_joint/results/runs/3.5__MountainCar-v0__next-state__H30/episode_000/predictions.jsonl,095dc33096466a31959291149934ca0b2c23fd1914be4c5bf8e6b553a6c7b557,True,1870,188,2058,1.6660291668958962,1.6619313339469954,,,,False,not_applicable,,False,not_applicable,,False,not_applicable,"[0, 0]",True,,"[-0.8029, -0.0146]",True,,"[-0.0181, 0.0017]",True,,"[-0.784771740436554, -0.016281500458717346]","[-0.8002887964248657, -0.015517058782279491]","[0, 1]","[-0.8002887964248657, -0.015517058782279491]","[-0.015517055988311768, 0.0007644416764378548]",,,,,,
c44e6cf2063750807968985fa11c129dcda6b7a82ae8a9fc1c334f0c32a0cacf,3.5__MountainCar-v0__next-state__H30,MountainCar-v0,next-state,30,12,41,data/llmx_data/offline_data/physics_data/raw_transitions/MountainCar-v0/episodes/episode_0.npz,343,experiments/03_1_gpt35_history_n30_joint/results/records.jsonl,experiments/03_1_gpt35_history_n30_joint/results/runs/3.5__MountainCar-v0__next-state__H30/episode_000/predictions.jsonl,33f11274a932337e0f77f06619e05a760da3ecc0fd10f5c37feb8487778b0ad5,True,1869,179,2048,3.286960416007787,3.2837840829743072,,,,False,not_applicable,,False,not_applicable,,False,not_applicable,"[0, 1]",True,,"[-0.8163, -0.0146]",True,,"[-0.016, 0.0009]",True,,"[-0.8002887964248657, -0.015517058782279491]","[-0.8149609565734863, -0.014672111719846725]","[0, 1]","[-0.8149609565734863, -0.014672111719846725]","[-0.014672160148620605, 0.000844947062432766]",,,,,,
82a9060a0c48de40089a95d5eea80aa4e363f62d2c394070e227fe592ccb62a6,3.5__MountainCar-v0__next-state__H30,MountainCar-v0,next-state,30,13,42,data/llmx_data/offline_data/physics_data/raw_transitions/MountainCar-v0/episodes/episode_0.npz,344,experiments/03_1_gpt35_history_n30_joint/results/records.jsonl,experiments/03_1_gpt35_history_n30_joint/results/runs/3.5__MountainCar-v0__next-state__H30/episode_000/predictions.jsonl,ef90d47dea24d829492de271a55321bbae2a58bd9bac18da8098cb6f2c60c857,True,1865,151,2016,1.631174625013955,1.627395249903202,,,,False,not_applicable,,False,not_applicable,,False,not_applicable,"[0, 0]",True,,"[-0.8317, -0.0139]",True,,"[-0.0167, 0.0008]",True,,"[-0.8149609565734863, -0.014672111719846725]","[-0.8287156820297241, -0.013754718005657196]","[0, 1]","[-0.8287156820297241, -0.013754718005657196]","[-0.013754725456237793, 0.0009173937141895294]",,,,,,
7f8b21bf78b2adf11c580e9cfe4b32611ae0d52a1ba5884ea455b1aa0ea4930c,3.5__MountainCar-v0__next-state__H30,MountainCar-v0,next-state,30,14,43,data/llmx_data/offline_data/physics_data/raw_transitions/MountainCar-v0/episodes/episode_0.npz,345,experiments/03_1_gpt35_history_n30_joint/results/records.jsonl,experiments/03_1_gpt35_history_n30_joint/results/runs/3.5__MountainCar-v0__next-state__H30/episode_000/predictions.jsonl,abc7eea1f4f0cd3477a1289bce7a5cc25642edd1bd894325a6b1ccb8d32f2125,True,1866,142,2008,1.3182800419162959,1.314074208959937,,,,False,not_applicable,,False,not_applicable,,False,not_applicable,"[0, 0]",True,,"[-0.8451, -0.0151]",True,,"[-0.0164, 0.001]",True,,"[-0.8287156820297241, -0.013754718005657196]","[-0.8414884209632874, -0.012772777117788792]","[0, 1]","[-0.8414884209632874, -0.012772777117788792]","[-0.012772738933563232, 0.0009819408878684044]",,,,,,
2764aa595f37e708047376cea5547cbc637663d875646e167c287ded6a2a424b,3.5__MountainCar-v0__next-state__H30,MountainCar-v0,next-state,30,15,44,data/llmx_data/offline_data/physics_data/raw_transitions/MountainCar-v0/episodes/episode_0.npz,346,experiments/03_1_gpt35_history_n30_joint/results/records.jsonl,experiments/03_1_gpt35_history_n30_joint/results/runs/3.5__MountainCar-v0__next-state__H30/episode_000/predictions.jsonl,6d281595b2bd14428d52f594b495cd890aa53663c509a803abfe3db1b1d0bafe,True,1865,155,2020,1.6144353749696165,1.6109785001026466,,,,False,not_applicable,,False,not_applicable,,False,not_applicable,"[0, 0]",True,,"[-0.8563, -0.0143]",True,,"[-0.0148, -0.0015]",True,,"[-0.8414884209632874, -0.012772777117788792]","[-0.8532223701477051, -0.011733916588127613]","[0, 1]","[-0.8532223701477051, -0.011733916588127613]","[-0.011733949184417725, 0.0010388605296611786]",,,,,,
8aa58b289e02e905436cd892b243a627c20c6512c47d75812743761085be8ffb,3.5__MountainCar-v0__next-state__H30,MountainCar-v0,next-state,30,16,45,data/llmx_data/offline_data/physics_data/raw_transitions/MountainCar-v0/episodes/episode_0.npz,347,experiments/03_1_gpt35_history_n30_joint/results/records.jsonl,experiments/03_1_gpt35_history_n30_joint/results/runs/3.5__MountainCar-v0__next-state__H30/episode_000/predictions.jsonl,353e22a68b767d05cbcf4be2566c6463198d4b60f710dc7128d144d43be2f64b,True,1858,167,2025,1.926198000088334,1.9237290000310168,,,,False,not_applicable,,False,not_applicable,,False,not_applicable,"[0, 0]",True,,"[-0.8671, -0.0134]",True,,"[-0.0139, -0.0017]",True,,"[-0.8532223701477051, -0.011733916588127613]","[-0.8638677597045898, -0.010645401664078236]","[0, 1]","[-0.8638677597045898, -0.010645401664078236]","[-0.010645389556884766, 0.0010885149240493774]",,,,,,
61303cd31f3e3998a96122abfbf51acd6c3d2ea504d8bd19cc7d24ccf996297c,3.5__MountainCar-v0__next-state__H30,MountainCar-v0,next-state,30,17,46,data/llmx_data/offline_data/physics_data/raw_transitions/MountainCar-v0/episodes/episode_0.npz,348,experiments/03_1_gpt35_history_n30_joint/results/records.jsonl,experiments/03_1_gpt35_history_n30_joint/results/runs/3.5__MountainCar-v0__next-state__H30/episode_000/predictions.jsonl,db2a32b075e772985f8ba107855549084e517d8a3ee2a1e6b8c3c3c1dd5d8f2c,True,1858,247,2105,3.1694872089428827,3.165441041928716,,,,False,not_applicable,,False,not_applicable,,False,not_applicable,"[1, 0]",True,,"[-0.8451, -0.0293]",True,,"[0.0188, -0.0187]",True,,"[-0.8638677597045898, -0.010645401664078236]","[-0.8733818531036377, -0.009514076635241508]","[0, 1]","[-0.8733818531036377, -0.009514076635241508]","[-0.009514093399047852, 0.0011313250288367271]",,,,,,
16b6f056aa6a8bd39f3aac380e7ac183f611a51f8c47ca9cdf786d63c66912fd,3.5__MountainCar-v0__next-state__H30,MountainCar-v0,next-state,30,18,47,data/llmx_data/offline_data/physics_data/raw_transitions/MountainCar-v0/episodes/episode_0.npz,349,experiments/03_1_gpt35_history_n30_joint/results/records.jsonl,experiments/03_1_gpt35_history_n30_joint/results/runs/3.5__MountainCar-v0__next-state__H30/episode_000/predictions.jsonl,80f2fc18b8b71bb9adf1302645182dc03e839c4d8acf18b5c530e72d98216bfa,True,1858,162,2020,2.419809459010139,2.415569374919869,,,,False,not_applicable,,False,not_applicable,,False,not_applicable,"[0, 0]",True,,"[-0.8913, -0.0084]",True,,"[-0.0179, 0.0011]",True,,"[-0.8733818531036377, -0.009514076635241508]","[-0.8817281723022461, -0.008346328511834145]","[0, 1]","[-0.8817281723022461, -0.008346328511834145]","[-0.008346319198608398, 0.001167748123407364]",,,,,,
da3a5b13972befa27e071065a33fed7a4571ab2f54bd2c7421a63ea5b8579d11,3.5__MountainCar-v0__next-state__H30,MountainCar-v0,next-state,30,19,48,data/llmx_data/offline_data/physics_data/raw_transitions/MountainCar-v0/episodes/episode_0.npz,350,experiments/03_1_gpt35_history_n30_joint/results/records.jsonl,experiments/03_1_gpt35_history_n30_joint/results/runs/3.5__MountainCar-v0__next-state__H30/episode_000/predictions.jsonl,7e5d963f92f967774917024a15053427cbcd5001f5ea5e4b6fd67b5bee1050b0,True,1858,158,2016,2.371073374990374,2.3688590000383556,,,,False,not_applicable,,False,not_applicable,,False,not_applicable,"[0, 0]",True,,"[-0.8984, -0.0066]",True,,"[-0.0167, 0.0017]",True,,"[-0.8817281723022461, -0.008346328511834145]","[-0.8888762593269348, -0.007148081436753273]","[0, 1]","[-0.8888762593269348, -0.007148081436753273]","[-0.007148087024688721, 0.0011982470750808716]",,,,,,
7045f7e611b96ba39a84e36af375f8dedfa0b263a4d23a2c41a1ea95356cf2e5,3.5__MountainCar-v0__next-state__H30,MountainCar-v0,next-state,30,20,49,data/llmx_data/offline_data/physics_data/raw_transitions/MountainCar-v0/episodes/episode_0.npz,351,experiments/03_1_gpt35_history_n30_joint/results/records.jsonl,experiments/03_1_gpt35_history_n30_joint/results/runs/3.5__MountainCar-v0__next-state__H30/episode_000/predictions.jsonl,eca92378b651e5de9254eac914de565aeb6f6214050a65013e69b801cd743399,True,1858,137,1995,1.7106234999373555,1.708375292015262,,,,False,not_applicable,,False,not_applicable,,False,not_applicable,"[0, 0]",True,,"[-0.9059, -0.0063]",True,,"[-0.017, 0.0008]",True,,"[-0.8888762593269348, -0.007148081436753273]","[-0.8948010206222534, -0.005924808792769909]","[0, 1]","[-0.8948010206222534, -0.005924808792769909]","[-0.0059247612953186035, 0.001223272643983364]",,,,,,
cfad180dfca81c9bc66248069bc999526a276d4b82f2984618f084a2d7c984df,3.5__MountainCar-v0__next-state__H30,MountainCar-v0,next-state,30,21,50,data/llmx_data/offline_data/physics_data/raw_transitions/MountainCar-v0/episodes/episode_0.npz,352,experiments/03_1_gpt35_history_n30_joint/results/records.jsonl,experiments/03_1_gpt35_history_n30_joint/results/runs/3.5__MountainCar-v0__next-state__H30/episode_000/predictions.jsonl,1705592e3bf60103f5ce62e83801fe628081f44eaf7b51a10b18f9ae0eb6d666,True,1858,177,2035,1.753921958967112,1.7505727079696953,,,,False,not_applicable,,False,not_applicable,,False,not_applicable,"[0, 2]",True,,"[-0.9047, -0.0069]",True,,"[-0.0099, -0.001]",True,,"[-0.8948010206222534, -0.005924808792769909]","[-0.898482620716095, -0.0036815667990595102]","[0, 1]","[-0.898482620716095, -0.0036815667990595102]","[-0.0036816000938415527, 0.0022432419937103987]",,,,,,
d780cada67b442fbc96d3448f5a45220fcfb6dc627421e40cf55091b7ee5fe71,3.5__MountainCar-v0__next-state__H30,MountainCar-v0,next-state,30,22,51,data/llmx_data/offline_data/physics_data/raw_transitions/MountainCar-v0/episodes/episode_0.npz,353,experiments/03_1_gpt35_history_n30_joint/results/records.jsonl,experiments/03_1_gpt35_history_n30_joint/results/runs/3.5__MountainCar-v0__next-state__H30/episode_000/predictions.jsonl,91a2eef88dbc87b0fdeac4cc59bbbd1c9862a6de0128919434e5ef8c94d00431,False,1859,189,2048,2.106979790958576,2.1038802079856396,,,,False,not_applicable,,False,not_applicable,,False,not_applicable,"[1, 1]",True,,,False,non_literal_or_placeholder,"[0.0037, 0.0025]",True,,"[-0.898482620716095, -0.0036815667990595102]","[-0.8989089131355286, -0.00042627370567061007]","[0, 1]","[-0.8989089131355286, -0.00042627370567061007]","[-0.00042629241943359375, 0.0032552930933889]",,,,,,
998f475ca36784ef0a3fadcfe1e8b6c035fdf1cbe4e4750941c172766ee4b359,3.5__MountainCar-v0__next-state__H30,MountainCar-v0,next-state,30,23,52,data/llmx_data/offline_data/physics_data/raw_transitions/MountainCar-v0/episodes/episode_0.npz,354,experiments/03_1_gpt35_history_n30_joint/results/records.jsonl,experiments/03_1_gpt35_history_n30_joint/results/runs/3.5__MountainCar-v0__next-state__H30/episode_000/predictions.jsonl,aae8a8ac0106fa2ed12cb7536161a87911db9f1ecfa37fb2af09f30ad24017b7,True,1877,197,2074,1.8649925419595093,1.8609630409628153,,,,False,not_applicable,,False,not_applicable,,False,not_applicable,"[1, 1]",True,,"[-0.8981, 0.0004]",True,,"[-0.0001, 0.0005]",True,,"[-0.8989089131355286, -0.00042627370567061007]","[-0.8960784673690796, 0.002830397104844451]","[1, 1]","[-0.8960784673690796, 0.002830397104844451]","[0.0028304457664489746, 0.003256670810515061]",,,,,,
fcc69734ed8763b6b278a05471689e31ffa10a2afba01a341a08c91645e5285a,3.5__MountainCar-v0__next-state__H30,MountainCar-v0,next-state,30,24,53,data/llmx_data/offline_data/physics_data/raw_transitions/MountainCar-v0/episodes/episode_0.npz,355,experiments/03_1_gpt35_history_n30_joint/results/records.jsonl,experiments/03_1_gpt35_history_n30_joint/results/runs/3.5__MountainCar-v0__next-state__H30/episode_000/predictions.jsonl,71022f7b7ce4c6d84ec5c8734f293dd8785c19729c80a6fc54a277eebcdb4e67,False,1868,167,2035,1.4998801660258323,1.4969000419368967,,,,False,not_applicable,,False,not_applicable,,False,not_applicable,"[1, 1]",True,,,False,non_literal_or_placeholder,,False,non_literal_or_placeholder,"[-0.8960784673690796, 0.002830397104844451]","[-0.8900006413459778, 0.0060778516344726086]","[1, 1]","[-0.8900006413459778, 0.0060778516344726086]","[0.006077826023101807, 0.0032474545296281576]",,,,,,
975fb278d7db8a498fc2149005768ec43e92d290675e0edcc06d26b70169c1ca,3.5__MountainCar-v0__next-state__H30,MountainCar-v0,next-state,30,25,54,data/llmx_data/offline_data/physics_data/raw_transitions/MountainCar-v0/episodes/episode_0.npz,356,experiments/03_1_gpt35_history_n30_joint/results/records.jsonl,experiments/03_1_gpt35_history_n30_joint/results/runs/3.5__MountainCar-v0__next-state__H30/episode_000/predictions.jsonl,5fb854308855bee68c419d0347e9c2f2ddbdc9eb37f0ad0429f23274d0625368,True,1869,160,2029,1.9539982080459595,1.9494502500165254,,,,False,not_applicable,,False,not_applicable,,False,not_applicable,"[1, 1]",True,,"[-0.885, 0.0083]",True,,"[0.005, 0.0022]",True,,"[-0.8900006413459778, 0.0060778516344726086]","[-0.880695641040802, 0.009304968640208244]","[1, 1]","[-0.880695641040802, 0.009304968640208244]","[0.009305000305175781, 0.0032271170057356358]",,,,,,
cd82315823dab9de81e21e25013e05d1b60026dc4fd591f7e10bfd4c9fcabffa,3.5__MountainCar-v0__next-state__H30,MountainCar-v0,next-state,30,26,55,data/llmx_data/offline_data/physics_data/raw_transitions/MountainCar-v0/episodes/episode_0.npz,357,experiments/03_1_gpt35_history_n30_joint/results/records.jsonl,experiments/03_1_gpt35_history_n30_joint/results/runs/3.5__MountainCar-v0__next-state__H30/episode_000/predictions.jsonl,333e8e07965911e7c04b9a13b431b514f2bcfd015c11f2f25fa8b2d4076e2454,True,1871,146,2017,1.3848637080518529,1.3797011250862852,,,,False,not_applicable,,False,not_applicable,,False,not_applicable,"[1, 1]",True,,"[-0.8726, 0.0126]",True,,"[0.0081, 0.0033]",True,,"[-0.880695641040802, 0.009304968640208244]","[-0.8681961297988892, 0.01249951682984829]","[1, 1]","[-0.8681961297988892, 0.01249951682984829]","[0.012499511241912842, 0.003194548189640045]",,,,,,
a09cbbe73f9a9dce4b58b99999f85d6901f053473b1c4642cfc785a74e4c8d86,3.5__MountainCar-v0__next-state__H30,MountainCar-v0,next-state,30,27,56,data/llmx_data/offline_data/physics_data/raw_transitions/MountainCar-v0/episodes/episode_0.npz,358,experiments/03_1_gpt35_history_n30_joint/results/records.jsonl,experiments/03_1_gpt35_history_n30_joint/results/runs/3.5__MountainCar-v0__next-state__H30/episode_000/predictions.jsonl,d8a926079310ed6c9aa93382e725eec04661034e1aca64cad656a8c8b6eae40b,False,1872,133,2005,1.4476899160072207,1.444273625034839,,,,False,not_applicable,,False,not_applicable,,False,not_applicable,"[1, 1]",True,,,False,non_literal_or_placeholder,,False,non_literal_or_placeholder,"[-0.8681961297988892, 0.01249951682984829]","[-0.8525485396385193, 0.015647629275918007]","[1, 1]","[-0.8525485396385193, 0.015647629275918007]","[0.015647590160369873, 0.0031481124460697174]",,,,,,
3c860d377db5a6c05a43d0c1c0e96b1d481907add236aff9ab36fa6188d2bd49,3.5__MountainCar-v0__next-state__H30,MountainCar-v0,next-state,30,28,57,data/llmx_data/offline_data/physics_data/raw_transitions/MountainCar-v0/episodes/episode_0.npz,359,experiments/03_1_gpt35_history_n30_joint/results/records.jsonl,experiments/03_1_gpt35_history_n30_joint/results/runs/3.5__MountainCar-v0__next-state__H30/episode_000/predictions.jsonl,a572318cf4ee9f9ce851fb865ae220c9f5b315330e75c03713971272f3b5ecd6,True,1874,163,2037,1.3406979170395061,1.3372804999817163,,,,False,not_applicable,,False,not_applicable,,False,not_applicable,"[1, 1]",True,,"[-0.8372, 0.0188]",True,,"[0.0153, 0.0032]",True,,"[-0.8525485396385193, 0.015647629275918007]","[-0.8338151574134827, 0.01873336173593998]","[1, 1]","[-0.8338151574134827, 0.01873336173593998]","[0.01873338222503662, 0.0030857324600219727]",,,,,,
96fa0e2c3babe257b42fcc1b8fd074ee36b312bb64a7c4bdd5efbbb20d664651,3.5__MountainCar-v0__next-state__H30,MountainCar-v0,next-state,30,29,58,data/llmx_data/offline_data/physics_data/raw_transitions/MountainCar-v0/episodes/episode_0.npz,360,experiments/03_1_gpt35_history_n30_joint/results/records.jsonl,experiments/03_1_gpt35_history_n30_joint/results/runs/3.5__MountainCar-v0__next-state__H30/episode_000/predictions.jsonl,45a5efe0d35947975344267b58e2fd5f94d4cbfd99c7b40df289c82b606e7596,True,1875,164,2039,1.6739174579270184,1.6712541660526767,,,,False,not_applicable,,False,not_applicable,,False,not_applicable,"[1, 1]",True,,"[-0.815, 0.0214]",True,,"[0.0188, 0.0027]",True,,"[-0.8338151574134827, 0.01873336173593998]","[-0.8120768070220947, 0.021738382056355476]","[1, 1]","[-0.8120768070220947, 0.021738382056355476]","[0.02173835039138794, 0.003005020320415497]",,,,,,
faba4190cb9304a35e205c3fc55fb39881fdac162df6511e21e0d1571aa6f6dc,3.5__MountainCar-v0__last-state__H5,MountainCar-v0,last-state,5,0,5,data/llmx_data/offline_data/physics_data/raw_transitions/MountainCar-v0/episodes/episode_0.npz,361,experiments/03_1_gpt35_history_n30_joint/results/records.jsonl,experiments/03_1_gpt35_history_n30_joint/results/runs/3.5__MountainCar-v0__last-state__H5/episode_000/predictions.jsonl,7a702ab0a93b7f6c9a6200bbc83ebbb2568224299de37bff42c42798a457ff8d,True,1081,140,1221,1.5317749589448795,1.528155916952528,,,,False,not_applicable,,False,not_applicable,,False,not_applicable,"[1, 1]",True,,"[-0.4811, 0.0046]",True,,"[0.0159, 0.0004]",True,,"[-0.48576298356056213, 0.0039079440757632256]","[-0.4811381995677948, 0.004624784924089909]","[1, 1]","[-0.48576298356056213, 0.0039079440757632256]","[0.004624783992767334, 0.000716840848326683]",,,,,,
b268a79c7eaa98554bf7b98c195356fba2452cbdd9ea928ef49553b3c8ec9ba3,3.5__MountainCar-v0__last-state__H5,MountainCar-v0,last-state,5,1,6,data/llmx_data/offline_data/physics_data/raw_transitions/MountainCar-v0/episodes/episode_0.npz,362,experiments/03_1_gpt35_history_n30_joint/results/records.jsonl,experiments/03_1_gpt35_history_n30_joint/results/runs/3.5__MountainCar-v0__last-state__H5/episode_000/predictions.jsonl,07fb8bb63304e1ec0cea9aa4706cc617a1cb63d2b53ca4730e8b03e972c2d5e0,False,1082,194,1276,2.1934090830618516,2.1892249170923606,,,,False,not_applicable,,False,not_applicable,,False,not_applicable,"[1, 1]",True,,"[-0.4758, 0.0053]",True,,,False,non_literal_or_placeholder,"[-0.4811381995677948, 0.004624784924089909]","[-0.475831001996994, 0.005307191051542759]","[1, 1]","[-0.4811381995677948, 0.004624784924089909]","[0.005307197570800781, 0.0006824061274528503]",,,,,,
ce9a91cbba42c3ec4c19919837924ed923c5f9bd69c93381d33b9eb64f735353,3.5__MountainCar-v0__last-state__H5,MountainCar-v0,last-state,5,2,7,data/llmx_data/offline_data/physics_data/raw_transitions/MountainCar-v0/episodes/episode_0.npz,363,experiments/03_1_gpt35_history_n30_joint/results/records.jsonl,experiments/03_1_gpt35_history_n30_joint/results/runs/3.5__MountainCar-v0__last-state__H5/episode_000/predictions.jsonl,ec38f4e83ee0f41ca3b1338511d36f55c9249d0bc9d413f3cf161e9b2bf3167e,True,1081,172,1253,1.8845084579661489,1.881502665928565,,,,False,not_applicable,,False,not_applicable,,False,not_applicable,"[0, 2]",True,,"[-0.4753, 0.006]",True,,"[0.0066, 0.0021]",True,,"[-0.475831001996994, 0.005307191051542759]","[-0.4698808491230011, 0.00595015799626708]","[1, 1]","[-0.475831001996994, 0.005307191051542759]","[0.00595015287399292, 0.0006429669447243214]",,,,,,
42680f65f98cf67d2f814131589bc1a2fbf48a1a9f7cb3d0779e3f740838effd,3.5__MountainCar-v0__last-state__H5,MountainCar-v0,last-state,5,3,8,data/llmx_data/offline_data/physics_data/raw_transitions/MountainCar-v0/episodes/episode_0.npz,364,experiments/03_1_gpt35_history_n30_joint/results/records.jsonl,experiments/03_1_gpt35_history_n30_joint/results/runs/3.5__MountainCar-v0__last-state__H5/episode_000/predictions.jsonl,40fa0455cd8b7cc47848cf84d8193f446cfecb14a8061383fa12c5ab402f4cdb,False,1082,191,1273,2.3547014580108225,2.3501154580153525,,,,False,not_applicable,,False,not_applicable,,False,not_applicable,,False,non_literal_or_placeholder,"[-0.4633, 0.0065]",True,,,False,non_literal_or_placeholder,"[-0.4698808491230011, 0.00595015799626708]","[-0.46333184838294983, 0.006549014709889889]","[1, 1]","[-0.4698808491230011, 0.00595015799626708]","[0.0065490007400512695, 0.0005988567136228085]",,,,,,
695f0e598869f1b7f057dd9eb46e053edb917245509c558b75845184520038a9,3.5__MountainCar-v0__last-state__H5,MountainCar-v0,last-state,5,4,9,data/llmx_data/offline_data/physics_data/raw_transitions/MountainCar-v0/episodes/episode_0.npz,365,experiments/03_1_gpt35_history_n30_joint/results/records.jsonl,experiments/03_1_gpt35_history_n30_joint/results/runs/3.5__MountainCar-v0__last-state__H5/episode_000/predictions.jsonl,5927330f23f89e7e8821d3c136fd4af820d0157e27f40f541140bea2eba8b092,False,1081,149,1230,2.4864306250819936,2.4830756249139085,,,,False,not_applicable,,False,not_applicable,,False,not_applicable,"[1, 1]",True,,"[-0.4572, 0.0061]",True,,,False,non_literal_or_placeholder,"[-0.46333184838294983, 0.006549014709889889]","[-0.45723235607147217, 0.006099471356719732]","[1, 0]","[-0.46333184838294983, 0.006549014709889889]","[0.006099492311477661, -0.0004495433531701565]",,,,,,
363aad26b4e63fb4c5cdc056e1a92054562ec8bd58b7e7e2fc9428107d0d1b76,3.5__MountainCar-v0__last-state__H5,MountainCar-v0,last-state,5,5,10,data/llmx_data/offline_data/physics_data/raw_transitions/MountainCar-v0/episodes/episode_0.npz,366,experiments/03_1_gpt35_history_n30_joint/results/records.jsonl,experiments/03_1_gpt35_history_n30_joint/results/runs/3.5__MountainCar-v0__last-state__H5/episode_000/predictions.jsonl,9ba10b494d3f445bcc632b1686b949aac0633709882e5e45fe1eb058f20b546d,True,1081,225,1306,3.2467248750617728,3.242709540994838,,,,False,not_applicable,,False,not_applicable,,False,not_applicable,"[0, 1]",True,,"[-0.4575, 0.0065]",True,,"[0.0061, -0.0011]",True,,"[-0.45723235607147217, 0.006099471356719732]","[-0.45162737369537354, 0.005605005193501711]","[1, 0]","[-0.45723235607147217, 0.006099471356719732]","[0.005604982376098633, -0.0004944661632180214]",,,,,,
ddab6b2e3ac202954a1b0bf8f4ab21f250ac031964590724a8b6a7e287cb8e54,3.5__MountainCar-v0__last-state__H5,MountainCar-v0,last-state,5,6,11,data/llmx_data/offline_data/physics_data/raw_transitions/MountainCar-v0/episodes/episode_0.npz,367,experiments/03_1_gpt35_history_n30_joint/results/records.jsonl,experiments/03_1_gpt35_history_n30_joint/results/runs/3.5__MountainCar-v0__last-state__H5/episode_000/predictions.jsonl,5884b45c2941d4b894d522de00341856952c482513cdbb08141a03ad011ed4ad,True,1081,244,1325,2.067699957988225,2.064210708020255,,,,False,not_applicable,,False,not_applicable,,False,not_applicable,"[0, 2]",True,,"[-0.4572, 0.0061]",True,,"[0.0106, -0.001]",True,,"[-0.45162737369537354, 0.005605005193501711]","[-0.4465579688549042, 0.005069403909146786]","[1, 0]","[-0.45162737369537354, 0.005605005193501711]","[0.00506940484046936, -0.0005356012843549252]",,,,,,
3314d032f40745d36b325489aa33cc3ee3c2bb9f4cca1cbc79038cb567bab2b2,3.5__MountainCar-v0__last-state__H5,MountainCar-v0,last-state,5,7,12,data/llmx_data/offline_data/physics_data/raw_transitions/MountainCar-v0/episodes/episode_0.npz,368,experiments/03_1_gpt35_history_n30_joint/results/records.jsonl,experiments/03_1_gpt35_history_n30_joint/results/runs/3.5__MountainCar-v0__last-state__H5/episode_000/predictions.jsonl,6cd1fb8ef92a537198dd4fdef28cf34f524c855398ab7d89bc3a5360dd76c8b4,False,1081,224,1305,2.438854292035103,2.4353837920352817,,,,False,not_applicable,,False,not_applicable,,False,not_applicable,"[1, 0]",True,,"[-0.4431, 0.0035]",True,,,False,non_literal_or_placeholder,"[-0.4465579688549042, 0.005069403909146786]","[-0.4430612325668335, 0.0034967283718287945]","[1, 0]","[-0.4465579688549042, 0.005069403909146786]","[0.0034967362880706787, -0.0015726755373179913]",,,,,,
be723fb25535c1c6c4dd69d73fbc53d2007aa96d30f0ed7ba027696ee502dbdd,3.5__MountainCar-v0__last-state__H5,MountainCar-v0,last-state,5,8,13,data/llmx_data/offline_data/physics_data/raw_transitions/MountainCar-v0/episodes/episode_0.npz,369,experiments/03_1_gpt35_history_n30_joint/results/records.jsonl,experiments/03_1_gpt35_history_n30_joint/results/runs/3.5__MountainCar-v0__last-state__H5/episode_000/predictions.jsonl,9fd8ed2229ffd9c62448faf5d7415d51534109bb1248303b00f8097c1e762aa9,True,1081,228,1309,2.756013709004037,2.7525984999956563,,,,False,not_applicable,,False,not_applicable,,False,not_applicable,"[0, 0]",True,,"[-0.4466, 0.0051]",True,,"[-0.0046, -0.0032]",True,,"[-0.4430612325668335, 0.0034967283718287945]","[-0.44116267561912537, 0.0018985565984621644]","[1, 0]","[-0.4430612325668335, 0.0034967283718287945]","[0.0018985569477081299, -0.00159817177336663]",,,,,,
1f9d6bd2994f1d0c47a1e8217229245ce4d0c2bf9bd0ccc1b760c307715b3ac9,3.5__MountainCar-v0__last-state__H5,MountainCar-v0,last-state,5,9,14,data/llmx_data/offline_data/physics_data/raw_transitions/MountainCar-v0/episodes/episode_0.npz,370,experiments/03_1_gpt35_history_n30_joint/results/records.jsonl,experiments/03_1_gpt35_history_n30_joint/results/runs/3.5__MountainCar-v0__last-state__H5/episode_000/predictions.jsonl,f18fa78f9a09db278c42c2fed483ef92bb2cfaec72d25b7d6150b732608db77f,False,1088,193,1281,1.4353879588888958,1.430915707955137,,,,False,not_applicable,,False,not_applicable,,False,not_applicable,"[0, 0]",True,,"[-0.44088, 0.00028657]",True,,,False,non_literal_or_placeholder,"[-0.44116267561912537, 0.0018985565984621644]","[-0.4408760964870453, 0.0002865689166355878]","[1, 0]","[-0.44116267561912537, 0.0018985565984621644]","[0.0002865791320800781, -0.0016119876818265766]",,,,,,
81ac05114a0082695dd142b289ed2e1be36c67bfd2bf32f7dad65d53d8773325,3.5__MountainCar-v0__last-state__H5,MountainCar-v0,last-state,5,10,15,data/llmx_data/offline_data/physics_data/raw_transitions/MountainCar-v0/episodes/episode_0.npz,371,experiments/03_1_gpt35_history_n30_joint/results/records.jsonl,experiments/03_1_gpt35_history_n30_joint/results/runs/3.5__MountainCar-v0__last-state__H5/episode_000/predictions.jsonl,d5bafcdd0a913e986b924fc55997d45c025da8dcf13cb6e63475a560e2fc9942,True,1081,236,1317,2.0311083750566468,2.027654041070491,,,,False,not_applicable,,False,not_applicable,,False,not_applicable,"[0, 1]",True,,"[-0.4432, 0.0026]",True,,"[0.001, -0.0039]",True,,"[-0.4408760964870453, 0.0002865689166355878]","[-0.4422036111354828, -0.0013275023084133863]","[0, 0]","[-0.4408760964870453, 0.0002865689166355878]","[-0.0013275146484375, -0.0016140712250489742]",,,,,,
75b7e0577c85deedb13284c26332647f3e7755e0d6a466084d7cab7307336421,3.5__MountainCar-v0__last-state__H5,MountainCar-v0,last-state,5,11,16,data/llmx_data/offline_data/physics_data/raw_transitions/MountainCar-v0/episodes/episode_0.npz,372,experiments/03_1_gpt35_history_n30_joint/results/records.jsonl,experiments/03_1_gpt35_history_n30_joint/results/runs/3.5__MountainCar-v0__last-state__H5/episode_000/predictions.jsonl,9d1be8a7b3afdf956db2cb0bf77b0bb7cb7f33da12fd3c2260ed04bb8c3e00aa,True,1087,191,1278,2.9385683750733733,2.9350834579672664,,,,False,not_applicable,,False,not_applicable,,False,not_applicable,"[1, 1]",True,,"[-0.4451, -0.0029]",True,,"[0.0063, -0.0085]",True,,"[-0.4422036111354828, -0.0013275023084133863]","[-0.44513553380966187, -0.0029319175519049168]","[0, 0]","[-0.4422036111354828, -0.0013275023084133863]","[-0.002931922674179077, -0.0016044152434915304]",,,,,,
fb238249a2fc0cc0d5748ddea8fd4db66757a8be179db461cb220936bb1e2b4a,3.5__MountainCar-v0__last-state__H5,MountainCar-v0,last-state,5,12,17,data/llmx_data/offline_data/physics_data/raw_transitions/MountainCar-v0/episodes/episode_0.npz,373,experiments/03_1_gpt35_history_n30_joint/results/records.jsonl,experiments/03_1_gpt35_history_n30_joint/results/runs/3.5__MountainCar-v0__last-state__H5/episode_000/predictions.jsonl,be595797c017a44ad829d90e082aaa3114820b80c13a3c543da9dbce0a970605,True,1086,214,1300,4.5792297079460695,4.575911583029665,,,,False,not_applicable,,False,not_applicable,,False,not_applicable,"[0, 0]",True,,"[-0.4422, -0.0013]",True,,"[0.0075, 0.0032]",True,,"[-0.44513553380966187, -0.0029319175519049168]","[-0.44965049624443054, -0.0045149726793169975]","[0, 0]","[-0.44513553380966187, -0.0029319175519049168]","[-0.004514962434768677, -0.0015830551274120808]",,,,,,
47d7a68b6ea2033f59cb6ded12d0d2f7ccf364a481bf539a515f45f42b730da0,3.5__MountainCar-v0__last-state__H5,MountainCar-v0,last-state,5,13,18,data/llmx_data/offline_data/physics_data/raw_transitions/MountainCar-v0/episodes/episode_0.npz,374,experiments/03_1_gpt35_history_n30_joint/results/records.jsonl,experiments/03_1_gpt35_history_n30_joint/results/runs/3.5__MountainCar-v0__last-state__H5/episode_000/predictions.jsonl,c4b9291a3aa22d1e1e6d873402758d2cf58a8335141dd1ba4b441f21e90414b9,True,1085,226,1311,2.0821774170035496,2.0781563749769703,,,,False,not_applicable,,False,not_applicable,,False,not_applicable,"[0, 0]",True,,"[-0.4422, -0.0013]",True,,"[-0.0135, -0.0048]",True,,"[-0.44965049624443054, -0.0045149726793169975]","[-0.455715537071228, -0.006065046414732933]","[0, 0]","[-0.44965049624443054, -0.0045149726793169975]","[-0.006065040826797485, -0.0015500737354159355]",,,,,,
807c5949fde96aba99695a9561cc7bf2b82a525e2aea853e1afdc950bc664e14,3.5__MountainCar-v0__last-state__H5,MountainCar-v0,last-state,5,14,19,data/llmx_data/offline_data/physics_data/raw_transitions/MountainCar-v0/episodes/episode_0.npz,375,experiments/03_1_gpt35_history_n30_joint/results/records.jsonl,experiments/03_1_gpt35_history_n30_joint/results/runs/3.5__MountainCar-v0__last-state__H5/episode_000/predictions.jsonl,b87fb44df16dfd4dab48b70c84f9a38018c257543fd52b16f1bf6a5697dde936,True,1084,124,1208,1.1994861250277609,1.1973168749827892,,,,False,not_applicable,,False,not_applicable,,False,not_applicable,"[1, 1]",True,,"[-0.4412, 0.0019]",True,,"[0.0221, 0.0095]",True,,"[-0.455715537071228, -0.006065046414732933]","[-0.4632861912250519, -0.007570658810436726]","[0, 0]","[-0.455715537071228, -0.006065046414732933]","[-0.0075706541538238525, -0.0015056123957037926]",,,,,,
e64cf8889722e4f40fbca59c3d52143b77f2d0a64adc1930e177e75110edc284,3.5__MountainCar-v0__last-state__H5,MountainCar-v0,last-state,5,15,20,data/llmx_data/offline_data/physics_data/raw_transitions/MountainCar-v0/episodes/episode_0.npz,376,experiments/03_1_gpt35_history_n30_joint/results/records.jsonl,experiments/03_1_gpt35_history_n30_joint/results/runs/3.5__MountainCar-v0__last-state__H5/episode_000/predictions.jsonl,5f7da7eb0cbce9fe2752e2e9ed131e685594f3b5367216d945eeca4515aa6344,True,1082,202,1284,2.95913741691038,2.956495000049472,,,,False,not_applicable,,False,not_applicable,,False,not_applicable,"[0, 0]",True,,"[-0.4557, -0.0061]",True,,"[-0.0166, -0.0031]",True,,"[-0.4632861912250519, -0.007570658810436726]","[-0.4723067283630371, -0.009020539000630379]","[0, 0]","[-0.4632861912250519, -0.007570658810436726]","[-0.00902053713798523, -0.001449880190193653]",,,,,,
e94ca254eaca788a9ae9bb49156997aa011c9db57e0654690c7b0d439191fa63,3.5__MountainCar-v0__last-state__H5,MountainCar-v0,last-state,5,16,21,data/llmx_data/offline_data/physics_data/raw_transitions/MountainCar-v0/episodes/episode_0.npz,377,experiments/03_1_gpt35_history_n30_joint/results/records.jsonl,experiments/03_1_gpt35_history_n30_joint/results/runs/3.5__MountainCar-v0__last-state__H5/episode_000/predictions.jsonl,7620e613916aaf00c31b186d46e4766c29ed570f7e6e6da93143bca61a43a905,True,1076,210,1286,2.0909601660678163,2.087933292030357,,,,False,not_applicable,,False,not_applicable,,False,not_applicable,"[0, 0]",True,,"[-0.4633, -0.0076]",True,,"[-0.0194, -0.0039]",True,,"[-0.4723067283630371, -0.009020539000630379]","[-0.48271045088768005, -0.010403713211417198]","[0, 0]","[-0.4723067283630371, -0.009020539000630379]","[-0.010403722524642944, -0.0013831742107868195]",,,,,,
852eeb2184989ca9b25d350a7d4e9af13532100d7aa811319f6a6326f18c1ca2,3.5__MountainCar-v0__last-state__H5,MountainCar-v0,last-state,5,17,22,data/llmx_data/offline_data/physics_data/raw_transitions/MountainCar-v0/episodes/episode_0.npz,378,experiments/03_1_gpt35_history_n30_joint/results/records.jsonl,experiments/03_1_gpt35_history_n30_joint/results/runs/3.5__MountainCar-v0__last-state__H5/episode_000/predictions.jsonl,2b73e8145307b34fdf31bfa49fcc031f3c80498f0fa22a641be4b98596274922,True,1075,189,1264,2.4128097500652075,2.41002395900432,,,,False,not_applicable,,False,not_applicable,,False,not_applicable,"[0, 0]",True,,"[-0.4723, -0.009]",True,,"[-0.0221, -0.0023]",True,,"[-0.48271045088768005, -0.010403713211417198]","[-0.49442005157470703, -0.011709607206285]","[0, 0]","[-0.48271045088768005, -0.010403713211417198]","[-0.011709600687026978, -0.0013058939948678017]",,,,,,
7572c0709ad882eadb0f5c64e350500d88897c3c4dd642f340517d9e61039303,3.5__MountainCar-v0__last-state__H5,MountainCar-v0,last-state,5,18,23,data/llmx_data/offline_data/physics_data/raw_transitions/MountainCar-v0/episodes/episode_0.npz,379,experiments/03_1_gpt35_history_n30_joint/results/records.jsonl,experiments/03_1_gpt35_history_n30_joint/results/runs/3.5__MountainCar-v0__last-state__H5/episode_000/predictions.jsonl,03fc3320b97081f88ebd2bc06e8b2db4f029fe93e12b96b958426d694afd0b0f,True,1075,197,1272,2.659798583947122,2.656455999938771,,,,False,not_applicable,,False,not_applicable,,False,not_applicable,"[0, 0]",True,,"[-0.4827, -0.0104]",True,,"[-0.0246, -0.0025]",True,,"[-0.49442005157470703, -0.011709607206285]","[-0.5073482394218445, -0.012928168289363384]","[0, 0]","[-0.49442005157470703, -0.011709607206285]","[-0.012928187847137451, -0.0012185610830783844]",,,,,,
c52438fd6792a41c14b6119d3529bf1e3b4af040a0b34a932ccb5d4f9ef5a2c6,3.5__MountainCar-v0__last-state__H5,MountainCar-v0,last-state,5,19,24,data/llmx_data/offline_data/physics_data/raw_transitions/MountainCar-v0/episodes/episode_0.npz,380,experiments/03_1_gpt35_history_n30_joint/results/records.jsonl,experiments/03_1_gpt35_history_n30_joint/results/runs/3.5__MountainCar-v0__last-state__H5/episode_000/predictions.jsonl,99bbd087078cd7cef0834b0272505973283f3d99bfa17af3b908b1651114c9af,True,1074,143,1217,1.460444041993469,1.4572410410037264,,,,False,not_applicable,,False,not_applicable,,False,not_applicable,"[1, 1]",True,,"[-0.5214, -0.014]",True,,"[0.0367, 0.0034]",True,,"[-0.5073482394218445, -0.012928168289363384]","[-0.5213982462882996, -0.014049998484551907]","[0, 0]","[-0.5073482394218445, -0.012928168289363384]","[-0.014050006866455078, -0.0011218301951885223]",,,,,,
e7a9e80c45abfcc2e96889210ced54a34213d90711940ecfb28d870d5f7bf477,3.5__MountainCar-v0__last-state__H5,MountainCar-v0,last-state,5,20,25,data/llmx_data/offline_data/physics_data/raw_transitions/MountainCar-v0/episodes/episode_0.npz,381,experiments/03_1_gpt35_history_n30_joint/results/records.jsonl,experiments/03_1_gpt35_history_n30_joint/results/runs/3.5__MountainCar-v0__last-state__H5/episode_000/predictions.jsonl,5ebf943fb0047edd0e77be306205a6f4ddd71840f3091e2696a7af9322781ef1,True,1075,198,1273,2.240533292060718,2.236812665942125,,,,False,not_applicable,,False,not_applicable,,False,not_applicable,"[0, 0]",True,,"[-0.5073, -0.0129]",True,,"[-0.0292, -0.0022]",True,,"[-0.5213982462882996, -0.014049998484551907]","[-0.5364647507667542, -0.01506650261580944]","[0, 0]","[-0.5213982462882996, -0.014049998484551907]","[-0.01506650447845459, -0.001016504131257534]",,,,,,
975ff8917781ac223fce2475d1606e5f21dba00f704b719b038a0b072ddca3f9,3.5__MountainCar-v0__last-state__H5,MountainCar-v0,last-state,5,21,26,data/llmx_data/offline_data/physics_data/raw_transitions/MountainCar-v0/episodes/episode_0.npz,382,experiments/03_1_gpt35_history_n30_joint/results/records.jsonl,experiments/03_1_gpt35_history_n30_joint/results/runs/3.5__MountainCar-v0__last-state__H5/episode_000/predictions.jsonl,a1164a0e5b4431e278898e2143de41ee8ac330523f164040b9803768fdc0c0ef,True,1073,213,1286,1.8518539170036092,1.8473004999104887,,,,False,not_applicable,,False,not_applicable,,False,not_applicable,"[0, 0]",True,,"[-0.5214, -0.014]",True,,"[-0.031, -0.002]",True,,"[-0.5364647507667542, -0.01506650261580944]","[-0.5524347424507141, -0.015970032662153244]","[0, 0]","[-0.5364647507667542, -0.01506650261580944]","[-0.01596999168395996, -0.0009035300463438034]",,,,,,
6c476c6ee2e318d18b9a9280adbbadf772798ec7f968daeca1aca1470edc5735,3.5__MountainCar-v0__last-state__H5,MountainCar-v0,last-state,5,22,27,data/llmx_data/offline_data/physics_data/raw_transitions/MountainCar-v0/episodes/episode_0.npz,383,experiments/03_1_gpt35_history_n30_joint/results/records.jsonl,experiments/03_1_gpt35_history_n30_joint/results/runs/3.5__MountainCar-v0__last-state__H5/episode_000/predictions.jsonl,2537c353e232e5eaced47ffa1be7f591c912be7415a8d73ebf2e183d750d9de5,False,1075,218,1293,2.505938792019151,2.5018875839887187,,,,False,not_applicable,,False,not_applicable,,False,not_applicable,"[0, 0]",True,,"[-0.5692, -0.0168]",True,,,False,non_literal_or_placeholder,"[-0.5524347424507141, -0.015970032662153244]","[-0.5691887736320496, -0.01675403118133545]","[0, 0]","[-0.5524347424507141, -0.015970032662153244]","[-0.01675403118133545, -0.0007839985191822052]",,,,,,
e480e3c34854afaec5a409afad92def2df8a815c1b79ffa122d9b347aa88a046,3.5__MountainCar-v0__last-state__H5,MountainCar-v0,last-state,5,23,28,data/llmx_data/offline_data/physics_data/raw_transitions/MountainCar-v0/episodes/episode_0.npz,384,experiments/03_1_gpt35_history_n30_joint/results/records.jsonl,experiments/03_1_gpt35_history_n30_joint/results/runs/3.5__MountainCar-v0__last-state__H5/episode_000/predictions.jsonl,811e413a88d31ebc4dc2839f65c63c0a729edfbad8ad576d7ef6d5c6c20fa2b0,True,1074,195,1269,2.423444624990225,2.4198015830479562,,,,False,not_applicable,,False,not_applicable,,False,not_applicable,"[0, 0]",True,,"[-0.5702, -0.0163]",True,,"[-0.0164, -0.0011]",True,,"[-0.5691887736320496, -0.01675403118133545]","[-0.586601972579956, -0.017413171008229256]","[0, 0]","[-0.5691887736320496, -0.01675403118133545]","[-0.017413198947906494, -0.0006591398268938065]",,,,,,
d8845614022a9e338fd0de503587fa2750aeb5ecbcbaed5c39099eef9abd92cd,3.5__MountainCar-v0__last-state__H5,MountainCar-v0,last-state,5,24,29,data/llmx_data/offline_data/physics_data/raw_transitions/MountainCar-v0/episodes/episode_0.npz,385,experiments/03_1_gpt35_history_n30_joint/results/records.jsonl,experiments/03_1_gpt35_history_n30_joint/results/runs/3.5__MountainCar-v0__last-state__H5/episode_000/predictions.jsonl,d35e29587cbc6f41dd880d906afd1f0447839ff1d78a2780d8ff49767f00cb70,True,1074,182,1256,1.78126900002826,1.7770638749934733,,,,False,not_applicable,,False,not_applicable,,False,not_applicable,"[1, 0]",True,,"[-0.5692, -0.0168]",True,,"[-0.0353, -0.0009]",True,,"[-0.586601972579956, -0.017413171008229256]","[-0.6045454144477844, -0.017943456768989563]","[0, 0]","[-0.586601972579956, -0.017413171008229256]","[-0.01794344186782837, -0.0005302857607603073]",,,,,,
20ff400748a8cf364a7e8d46b426f9ef112510db5a80a53fc30c261d7acecd80,3.5__MountainCar-v0__last-state__H5,MountainCar-v0,last-state,5,25,30,data/llmx_data/offline_data/physics_data/raw_transitions/MountainCar-v0/episodes/episode_0.npz,386,experiments/03_1_gpt35_history_n30_joint/results/records.jsonl,experiments/03_1_gpt35_history_n30_joint/results/runs/3.5__MountainCar-v0__last-state__H5/episode_000/predictions.jsonl,33fddd18558b96bc06d9dacf8e4a9589f1927f81eebed8680c5898288df3c435,True,1074,189,1263,3.16301429097075,3.159616166027263,,,,False,not_applicable,,False,not_applicable,,False,not_applicable,"[0, 2]",True,,"[-0.6035, -0.0183]",True,,"[0.0194, 0.0]",True,,"[-0.6045454144477844, -0.017943456768989563]","[-0.6228877305984497, -0.018342304974794388]","[0, 0]","[-0.6045454144477844, -0.017943456768989563]","[-0.018342316150665283, -0.00039884820580482483]",,,,,,
a2e3715528ad97a5ccc5dc04f58a509fbeccc6097a51ff680d88fad6c15220fd,3.5__MountainCar-v0__last-state__H5,MountainCar-v0,last-state,5,26,31,data/llmx_data/offline_data/physics_data/raw_transitions/MountainCar-v0/episodes/episode_0.npz,387,experiments/03_1_gpt35_history_n30_joint/results/records.jsonl,experiments/03_1_gpt35_history_n30_joint/results/runs/3.5__MountainCar-v0__last-state__H5/episode_000/predictions.jsonl,57d69bc986ccf261f6eb9e8de804d618f65aeea0a560b2181d449153aecf95e0,False,1075,118,1193,1.1796960840001702,1.1762250839965418,,,,False,not_applicable,,False,not_applicable,,False,not_applicable,"[1, 1]",True,,"[-0.6415, -0.0186]",True,,,False,non_literal_or_placeholder,"[-0.6228877305984497, -0.018342304974794388]","[-0.6414963006973267, -0.01860860176384449]","[0, 0]","[-0.6228877305984497, -0.018342304974794388]","[-0.018608570098876953, -0.00026629678905010223]",,,,,,
2f6cdde50335b72c81a1c444edf0425f12e5bdb65cd09455cc47a77e62d9a91c,3.5__MountainCar-v0__last-state__H5,MountainCar-v0,last-state,5,27,32,data/llmx_data/offline_data/physics_data/raw_transitions/MountainCar-v0/episodes/episode_0.npz,388,experiments/03_1_gpt35_history_n30_joint/results/records.jsonl,experiments/03_1_gpt35_history_n30_joint/results/runs/3.5__MountainCar-v0__last-state__H5/episode_000/predictions.jsonl,5351b45804c474c735277e980f2e82caceeaa5b6829c25fa9d0c91d381bb1a6d,True,1075,216,1291,2.007026292034425,2.0027770830783993,,,,False,not_applicable,,False,not_applicable,,False,not_applicable,"[0, 0]",True,,"[-0.6229, -0.0183]",True,,"[-0.0373, -0.0004]",True,,"[-0.6414963006973267, -0.01860860176384449]","[-0.660239040851593, -0.018742691725492477]","[0, 0]","[-0.6414963006973267, -0.01860860176384449]","[-0.018742740154266357, -0.00013408996164798737]",,,,,,
b8ed83449774c78b4e7902f6685effa652d780b7e0c9d33bbe42cb8eb4997e83,3.5__MountainCar-v0__last-state__H5,MountainCar-v0,last-state,5,28,33,data/llmx_data/offline_data/physics_data/raw_transitions/MountainCar-v0/episodes/episode_0.npz,389,experiments/03_1_gpt35_history_n30_joint/results/records.jsonl,experiments/03_1_gpt35_history_n30_joint/results/runs/3.5__MountainCar-v0__last-state__H5/episode_000/predictions.jsonl,645c6d165c95e7159cada109a1e954a4d3b42666b402c2beb809e128d0639e34,True,1075,200,1275,1.797455042018555,1.7932702909456566,,,,False,not_applicable,,False,not_applicable,,False,not_applicable,"[0, 0]",True,,"[-0.6565, -0.0187]",True,,"[-0.0225, -0.0001]",True,,"[-0.660239040851593, -0.018742691725492477]","[-0.6789853572845459, -0.018746349960565567]","[0, 2]","[-0.660239040851593, -0.018742691725492477]","[-0.01874631643295288, -3.6582350730895996e-06]",,,,,,
afaaec70e8f5b7d2501919921f40f5d43c2f2aab8650f85c1b36345a31c7ad60,3.5__MountainCar-v0__last-state__H5,MountainCar-v0,last-state,5,29,34,data/llmx_data/offline_data/physics_data/raw_transitions/MountainCar-v0/episodes/episode_0.npz,390,experiments/03_1_gpt35_history_n30_joint/results/records.jsonl,experiments/03_1_gpt35_history_n30_joint/results/runs/3.5__MountainCar-v0__last-state__H5/episode_000/predictions.jsonl,9b9b565cbdb0f7f86d6d14f443b8d04a362bfb1cbd3c63957a89070b5192c6d9,True,1076,221,1297,1.8258298329310492,1.8221190830226988,,,,False,not_applicable,,False,not_applicable,,False,not_applicable,"[0, 2]",True,,"[-0.6793, -0.0186]",True,,"[0.0183, 0.0]",True,,"[-0.6789853572845459, -0.018746349960565567]","[-0.6976080536842346, -0.01862270198762417]","[0, 1]","[-0.6789853572845459, -0.018746349960565567]","[-0.01862269639968872, 0.00012364797294139862]",,,,,,
e8fc3fcbc4d2cf492b15d2b6501f6805881addbaa24e5efdf7a9a586f43b84d8,3.5__MountainCar-v0__last-state__H10,MountainCar-v0,last-state,10,0,10,data/llmx_data/offline_data/physics_data/raw_transitions/MountainCar-v0/episodes/episode_0.npz,391,experiments/03_1_gpt35_history_n30_joint/results/records.jsonl,experiments/03_1_gpt35_history_n30_joint/results/runs/3.5__MountainCar-v0__last-state__H10/episode_000/predictions.jsonl,29fe71b1c89c5e736298c0e29d168390567e2678e9c2a41d2a633c0a6a12b9f2,False,1245,186,1431,2.3686560000060126,2.3650962919928133,,,,False,not_applicable,,False,not_applicable,,False,not_applicable,"[1, 1]",True,,"[-0.4516, 0.0056]",True,,,False,non_literal_or_placeholder,"[-0.45723235607147217, 0.006099471356719732]","[-0.45162737369537354, 0.005605005193501711]","[1, 0]","[-0.45723235607147217, 0.006099471356719732]","[0.005604982376098633, -0.0004944661632180214]",,,,,,
0b6800f19bacfb61a76a515ffd6737608e8d9a8b698899a6d564c926794fc062,3.5__MountainCar-v0__last-state__H10,MountainCar-v0,last-state,10,1,11,data/llmx_data/offline_data/physics_data/raw_transitions/MountainCar-v0/episodes/episode_0.npz,392,experiments/03_1_gpt35_history_n30_joint/results/records.jsonl,experiments/03_1_gpt35_history_n30_joint/results/runs/3.5__MountainCar-v0__last-state__H10/episode_000/predictions.jsonl,7583352130dac0bb4562fb496d30b142ccd8069135e72f165ac541eb8798d4ee,False,1246,157,1403,1.4151860000565648,1.4112844170304015,,,,False,not_applicable,,False,not_applicable,,False,not_applicable,"[1, 1]",True,,"[-0.4466, 0.0051]",True,,,False,non_literal_or_placeholder,"[-0.45162737369537354, 0.005605005193501711]","[-0.4465579688549042, 0.005069403909146786]","[1, 0]","[-0.45162737369537354, 0.005605005193501711]","[0.00506940484046936, -0.0005356012843549252]",,,,,,
0724dee57e19ccdc68bafb3389fd20a42b761ec6e509e7f02a376d33a3af1d5e,3.5__MountainCar-v0__last-state__H10,MountainCar-v0,last-state,10,2,12,data/llmx_data/offline_data/physics_data/raw_transitions/MountainCar-v0/episodes/episode_0.npz,393,experiments/03_1_gpt35_history_n30_joint/results/records.jsonl,experiments/03_1_gpt35_history_n30_joint/results/runs/3.5__MountainCar-v0__last-state__H10/episode_000/predictions.jsonl,4899b0b91507df1ed45bed6dae307ff4b9117c454ae2e79cd1ee95d1923453c5,False,1246,213,1459,1.5264054159633815,1.5220428749453276,,,,False,not_applicable,,False,not_applicable,,False,not_applicable,"[0, 1]",True,,"[-0.4431, 0.0035]",True,,,False,non_literal_or_placeholder,"[-0.4465579688549042, 0.005069403909146786]","[-0.4430612325668335, 0.0034967283718287945]","[1, 0]","[-0.4465579688549042, 0.005069403909146786]","[0.0034967362880706787, -0.0015726755373179913]",,,,,,
bf6f2723cfc070076fde4fe5ec1058e56c0a9d0baa5874de082794977cf768f4,3.5__MountainCar-v0__last-state__H10,MountainCar-v0,last-state,10,3,13,data/llmx_data/offline_data/physics_data/raw_transitions/MountainCar-v0/episodes/episode_0.npz,394,experiments/03_1_gpt35_history_n30_joint/results/records.jsonl,experiments/03_1_gpt35_history_n30_joint/results/runs/3.5__MountainCar-v0__last-state__H10/episode_000/predictions.jsonl,b9e1f420f6bb222d8012564b251abf21059371fb119b6c73bea7c3e1e82c00d8,True,1246,219,1465,2.7423336670035496,2.737571958103217,,,,False,not_applicable,,False,not_applicable,,False,not_applicable,"[0, 1]",True,,"[-0.4466, 0.0051]",True,,"[0.0054, -0.0032]",True,,"[-0.4430612325668335, 0.0034967283718287945]","[-0.44116267561912537, 0.0018985565984621644]","[1, 0]","[-0.4430612325668335, 0.0034967283718287945]","[0.0018985569477081299, -0.00159817177336663]",,,,,,
23be871780d571615d96554349338f799f559df51bb8f94d2629f799ce5df040,3.5__MountainCar-v0__last-state__H10,MountainCar-v0,last-state,10,4,14,data/llmx_data/offline_data/physics_data/raw_transitions/MountainCar-v0/episodes/episode_0.npz,395,experiments/03_1_gpt35_history_n30_joint/results/records.jsonl,experiments/03_1_gpt35_history_n30_joint/results/runs/3.5__MountainCar-v0__last-state__H10/episode_000/predictions.jsonl,839de974de5e1882a6e77ac9e0f090de3131fc23737f8d19dfbab53b96bef8af,True,1252,211,1463,2.43291962496005,2.4287811669055372,,,,False,not_applicable,,False,not_applicable,,False,not_applicable,"[0, 1]",True,,"[-0.4409, 0.0003]",True,,"[0.0042, -0.0022]",True,,"[-0.44116267561912537, 0.0018985565984621644]","[-0.4408760964870453, 0.0002865689166355878]","[1, 0]","[-0.44116267561912537, 0.0018985565984621644]","[0.0002865791320800781, -0.0016119876818265766]",,,,,,
591476bfd30366d18e3526a6607e52aa7ac9573c57a1c0590152e8007f55d518,3.5__MountainCar-v0__last-state__H10,MountainCar-v0,last-state,10,5,15,data/llmx_data/offline_data/physics_data/raw_transitions/MountainCar-v0/episodes/episode_0.npz,396,experiments/03_1_gpt35_history_n30_joint/results/records.jsonl,experiments/03_1_gpt35_history_n30_joint/results/runs/3.5__MountainCar-v0__last-state__H10/episode_000/predictions.jsonl,a2dc5f9e1ad876b861bc1753f5af3524d0fd2fdaf77d432d65e112f26e72b018,False,1245,174,1419,2.2503140419721603,2.2465536249801517,,,,False,not_applicable,,False,not_applicable,,False,not_applicable,"[0, 1]",True,,"[-0.4422, -0.0013]",True,,,False,non_literal_or_placeholder,"[-0.4408760964870453, 0.0002865689166355878]","[-0.4422036111354828, -0.0013275023084133863]","[0, 0]","[-0.4408760964870453, 0.0002865689166355878]","[-0.0013275146484375, -0.0016140712250489742]",,,,,,
e423a1b922ba30372d4993168733d66fb987cdacd94928381e4fa11ff1bf3477,3.5__MountainCar-v0__last-state__H10,MountainCar-v0,last-state,10,6,16,data/llmx_data/offline_data/physics_data/raw_transitions/MountainCar-v0/episodes/episode_0.npz,397,experiments/03_1_gpt35_history_n30_joint/results/records.jsonl,experiments/03_1_gpt35_history_n30_joint/results/runs/3.5__MountainCar-v0__last-state__H10/episode_000/predictions.jsonl,1f2ee74f3c90e6cc46d233a7310d8fd5a8204bf82a9969738a5da760bdc7e5ec,True,1251,233,1484,2.194973708014004,2.19003337493632,,,,False,not_applicable,,False,not_applicable,,False,not_applicable,"[0, 0]",True,,"[-0.4451, -0.0029]",True,,"[0.0003, -0.0058]",True,,"[-0.4422036111354828, -0.0013275023084133863]","[-0.44513553380966187, -0.0029319175519049168]","[0, 0]","[-0.4422036111354828, -0.0013275023084133863]","[-0.002931922674179077, -0.0016044152434915304]",,,,,,
fadef285b5ca6530ba7a51771a20de49ad43c6503e9776aa593fc317934823f3,3.5__MountainCar-v0__last-state__H10,MountainCar-v0,last-state,10,7,17,data/llmx_data/offline_data/physics_data/raw_transitions/MountainCar-v0/episodes/episode_0.npz,398,experiments/03_1_gpt35_history_n30_joint/results/records.jsonl,experiments/03_1_gpt35_history_n30_joint/results/runs/3.5__MountainCar-v0__last-state__H10/episode_000/predictions.jsonl,169745c336d73300dfcfb47396207b1c7e9322751f543ad7edc8188a95b771d1,True,1250,136,1386,1.574433125089854,1.5704429580364376,,,,False,not_applicable,,False,not_applicable,,False,not_applicable,"[0, 1]",True,,"[-0.4497, -0.0045]",True,,"[0.0045, -0.0089]",True,,"[-0.44513553380966187, -0.0029319175519049168]","[-0.44965049624443054, -0.0045149726793169975]","[0, 0]","[-0.44513553380966187, -0.0029319175519049168]","[-0.004514962434768677, -0.0015830551274120808]",,,,,,
d1437088788d392a3cc3048161fb902bb8642f3e129a22d0ea8259cbb2b1c76c,3.5__MountainCar-v0__last-state__H10,MountainCar-v0,last-state,10,8,18,data/llmx_data/offline_data/physics_data/raw_transitions/MountainCar-v0/episodes/episode_0.npz,399,experiments/03_1_gpt35_history_n30_joint/results/records.jsonl,experiments/03_1_gpt35_history_n30_joint/results/runs/3.5__MountainCar-v0__last-state__H10/episode_000/predictions.jsonl,296996d213642d581f8a7909d98f7b39d8b36830370f9adeb28395ec1db7aa28,False,1249,152,1401,1.7813795839902014,1.7772420410765335,,,,False,not_applicable,,False,not_applicable,,False,not_applicable,"[0, 0]",True,,"[-0.4557, -0.0061]",True,,,False,non_literal_or_placeholder,"[-0.44965049624443054, -0.0045149726793169975]","[-0.455715537071228, -0.006065046414732933]","[0, 0]","[-0.44965049624443054, -0.0045149726793169975]","[-0.006065040826797485, -0.0015500737354159355]",,,,,,
70a8f901651e8f46c02620f68a92bc408845e125d0b06da1547e0758d8ce1334,3.5__MountainCar-v0__last-state__H10,MountainCar-v0,last-state,10,9,19,data/llmx_data/offline_data/physics_data/raw_transitions/MountainCar-v0/episodes/episode_0.npz,400,experiments/03_1_gpt35_history_n30_joint/results/records.jsonl,experiments/03_1_gpt35_history_n30_joint/results/runs/3.5__MountainCar-v0__last-state__H10/episode_000/predictions.jsonl,69ae4efdd0076806a16fc083caf8884e1ceaf4cb9ceba54cb89d3c830c9bdf81,False,1249,157,1406,2.3726535830646753,2.3693429169943556,,,,False,not_applicable,,False,not_applicable,,False,not_applicable,"[0, 0]",True,,,False,missing_marker,,False,missing_marker,"[-0.455715537071228, -0.006065046414732933]","[-0.4632861912250519, -0.007570658810436726]","[0, 0]","[-0.455715537071228, -0.006065046414732933]","[-0.0075706541538238525, -0.0015056123957037926]",,,,,,
f47b452bbb04667b546e6f024342b7970d56a55b7855fe01d66e9d268ee2b6ea,3.5__MountainCar-v0__last-state__H10,MountainCar-v0,last-state,10,10,20,data/llmx_data/offline_data/physics_data/raw_transitions/MountainCar-v0/episodes/episode_0.npz,401,experiments/03_1_gpt35_history_n30_joint/results/records.jsonl,experiments/03_1_gpt35_history_n30_joint/results/runs/3.5__MountainCar-v0__last-state__H10/episode_000/predictions.jsonl,00cff2584f0fcc4690ec08ec5d0b3b8f5d1dcdb0ce1581286d8ff8d68c49380e,True,1247,129,1376,2.432065499946475,2.4279976249672472,,,,False,not_applicable,,False,not_applicable,,False,not_applicable,"[0, 0]",True,,"[-0.4572, 0.0061]",True,,"[-0.0151, -0.0151]",True,,"[-0.4632861912250519, -0.007570658810436726]","[-0.4723067283630371, -0.009020539000630379]","[0, 0]","[-0.4632861912250519, -0.007570658810436726]","[-0.00902053713798523, -0.001449880190193653]",,,,,,
8b94c5c00769ac9dfd569a7676a980bdcb947c3e0afb529915a9a9ebedb2cdff,3.5__MountainCar-v0__last-state__H10,MountainCar-v0,last-state,10,11,21,data/llmx_data/offline_data/physics_data/raw_transitions/MountainCar-v0/episodes/episode_0.npz,402,experiments/03_1_gpt35_history_n30_joint/results/records.jsonl,experiments/03_1_gpt35_history_n30_joint/results/runs/3.5__MountainCar-v0__last-state__H10/episode_000/predictions.jsonl,f8de75f71b617ba8d410bab33ed067191bbd27a727f13c54c063185a8a55d64c,True,1247,136,1383,1.839247583062388,1.8350213340017945,,,,False,not_applicable,,False,not_applicable,,False,not_applicable,"[0, 0]",True,,"[-0.4516, 0.0056]",True,,"[0.0311, -0.016]",True,,"[-0.4723067283630371, -0.009020539000630379]","[-0.48271045088768005, -0.010403713211417198]","[0, 0]","[-0.4723067283630371, -0.009020539000630379]","[-0.010403722524642944, -0.0013831742107868195]",,,,,,
c89039e0a3cacde00eadf9af9c29e043b6cbf9ff2dfcee11e6f02345fee1d4aa,3.5__MountainCar-v0__last-state__H10,MountainCar-v0,last-state,10,12,22,data/llmx_data/offline_data/physics_data/raw_transitions/MountainCar-v0/episodes/episode_0.npz,403,experiments/03_1_gpt35_history_n30_joint/results/records.jsonl,experiments/03_1_gpt35_history_n30_joint/results/runs/3.5__MountainCar-v0__last-state__H10/episode_000/predictions.jsonl,33af923a66808eed2822dbda286ce6abf072c14d10a67a74fce798718d2633bd,True,1245,217,1462,1.676002874970436,1.6725192499579862,,,,False,not_applicable,,False,not_applicable,,False,not_applicable,"[0, 2]",True,,"[-0.4479, -0.0117]",True,,"[-0.0463, 0.0]",True,,"[-0.48271045088768005, -0.010403713211417198]","[-0.49442005157470703, -0.011709607206285]","[0, 0]","[-0.48271045088768005, -0.010403713211417198]","[-0.011709600687026978, -0.0013058939948678017]",,,,,,
6edfe616c4b08b5a73b2ff6fcde890aca586f14f93b7d9acf77960b2f12b87dc,3.5__MountainCar-v0__last-state__H10,MountainCar-v0,last-state,10,13,23,data/llmx_data/offline_data/physics_data/raw_transitions/MountainCar-v0/episodes/episode_0.npz,404,experiments/03_1_gpt35_history_n30_joint/results/records.jsonl,experiments/03_1_gpt35_history_n30_joint/results/runs/3.5__MountainCar-v0__last-state__H10/episode_000/predictions.jsonl,fdd4123fc2ab5b244c2543f1f8a4963377e81a3652d60f4c5077b97f1d358dd4,False,1244,120,1364,1.1738839169265702,1.169867041055113,,,,False,not_applicable,,False,not_applicable,,False,not_applicable,"[1, 1]",True,,"[-0.5073, -0.0129]",True,,,False,non_literal_or_placeholder,"[-0.49442005157470703, -0.011709607206285]","[-0.5073482394218445, -0.012928168289363384]","[0, 0]","[-0.49442005157470703, -0.011709607206285]","[-0.012928187847137451, -0.0012185610830783844]",,,,,,
9e5d0e2041a5401f3a4ab719391784e364bfe9e1de09b5a39eef167d81f4e288,3.5__MountainCar-v0__last-state__H10,MountainCar-v0,last-state,10,14,24,data/llmx_data/offline_data/physics_data/raw_transitions/MountainCar-v0/episodes/episode_0.npz,405,experiments/03_1_gpt35_history_n30_joint/results/records.jsonl,experiments/03_1_gpt35_history_n30_joint/results/runs/3.5__MountainCar-v0__last-state__H10/episode_000/predictions.jsonl,3145eee7365fdb10ecb76580d6506dab3f3c5bd05553db6fecbc5fa7877082bc,False,1242,189,1431,1.9869384589837864,1.9833349999971688,,,,False,not_applicable,,False,not_applicable,,False,not_applicable,"[0, 2]",True,,"[-0.5214, -0.014]",True,,,False,non_literal_or_placeholder,"[-0.5073482394218445, -0.012928168289363384]","[-0.5213982462882996, -0.014049998484551907]","[0, 0]","[-0.5073482394218445, -0.012928168289363384]","[-0.014050006866455078, -0.0011218301951885223]",,,,,,
fdd85ebae9905121f566e8b234009081dc93d7fb47f808a48da1b46f5b6afa91,3.5__MountainCar-v0__last-state__H10,MountainCar-v0,last-state,10,15,25,data/llmx_data/offline_data/physics_data/raw_transitions/MountainCar-v0/episodes/episode_0.npz,406,experiments/03_1_gpt35_history_n30_joint/results/records.jsonl,experiments/03_1_gpt35_history_n30_joint/results/runs/3.5__MountainCar-v0__last-state__H10/episode_000/predictions.jsonl,7b5475bb625fa2ff8c79fe45699941e7a41121012fbae2bf315d966e281e2e3e,True,1242,208,1450,3.1729204580187798,3.1692473749862984,,,,False,not_applicable,,False,not_applicable,,False,not_applicable,"[0, 1]",True,,"[-0.5253, -0.0135]",True,,"[0.0112, 0.0016]",True,,"[-0.5213982462882996, -0.014049998484551907]","[-0.5364647507667542, -0.01506650261580944]","[0, 0]","[-0.5213982462882996, -0.014049998484551907]","[-0.01506650447845459, -0.001016504131257534]",,,,,,
3671e0a3df84a7ec4362c57466f1289eaf98505c798a4bc9628df71ca8a536e0,3.5__MountainCar-v0__last-state__H10,MountainCar-v0,last-state,10,16,26,data/llmx_data/offline_data/physics_data/raw_transitions/MountainCar-v0/episodes/episode_0.npz,407,experiments/03_1_gpt35_history_n30_joint/results/records.jsonl,experiments/03_1_gpt35_history_n30_joint/results/runs/3.5__MountainCar-v0__last-state__H10/episode_000/predictions.jsonl,1732b6b015f3ffdb63ba78d32849c72e291237cbaa88dcd11d926840f121d485,True,1233,168,1401,1.5330233330605552,1.529886957956478,,,,False,not_applicable,,False,not_applicable,,False,not_applicable,"[1, 1]",True,,"[-0.5524, -0.016]",True,,"[0.031, 0.002]",True,,"[-0.5364647507667542, -0.01506650261580944]","[-0.5524347424507141, -0.015970032662153244]","[0, 0]","[-0.5364647507667542, -0.01506650261580944]","[-0.01596999168395996, -0.0009035300463438034]",,,,,,
44d99df6bab5abdddbaa2ea824e6945d61bf3311b54eb5a130149e91245022cc,3.5__MountainCar-v0__last-state__H10,MountainCar-v0,last-state,10,17,27,data/llmx_data/offline_data/physics_data/raw_transitions/MountainCar-v0/episodes/episode_0.npz,408,experiments/03_1_gpt35_history_n30_joint/results/records.jsonl,experiments/03_1_gpt35_history_n30_joint/results/runs/3.5__MountainCar-v0__last-state__H10/episode_000/predictions.jsonl,1a72f9a43b6414efd821ec78d67d118b6d190c48beb4556e4f7d1b5c021e6ba0,True,1234,124,1358,1.6233515000203624,1.619555041892454,,,,False,not_applicable,,False,not_applicable,,False,not_applicable,"[1, 1]",True,,"[-0.5692, -0.0168]",True,,"[0.0857, 0.0017]",True,,"[-0.5524347424507141, -0.015970032662153244]","[-0.5691887736320496, -0.01675403118133545]","[0, 0]","[-0.5524347424507141, -0.015970032662153244]","[-0.01675403118133545, -0.0007839985191822052]",,,,,,
019c028e4e51d5afbadcef2c84be5ec62b765b6cebe75bf06fe8d5119bc375dc,3.5__MountainCar-v0__last-state__H10,MountainCar-v0,last-state,10,18,28,data/llmx_data/offline_data/physics_data/raw_transitions/MountainCar-v0/episodes/episode_0.npz,409,experiments/03_1_gpt35_history_n30_joint/results/records.jsonl,experiments/03_1_gpt35_history_n30_joint/results/runs/3.5__MountainCar-v0__last-state__H10/episode_000/predictions.jsonl,f63cb9ea2cddb10b701846dfa464f6a2cc87adcb474f7212eb22960f0b7cdc52,True,1233,141,1374,1.191857666010037,1.1883618340361863,,,,False,not_applicable,,False,not_applicable,,False,not_applicable,"[1, 1]",True,,"[-0.5524, -0.016]",True,,"[-0.0342, -0.0014]",True,,"[-0.5691887736320496, -0.01675403118133545]","[-0.586601972579956, -0.017413171008229256]","[0, 0]","[-0.5691887736320496, -0.01675403118133545]","[-0.017413198947906494, -0.0006591398268938065]",,,,,,
50ecba057f053cfa5e9de19124e973e380212df8b16f3b4d25dfd04f9ae494e7,3.5__MountainCar-v0__last-state__H10,MountainCar-v0,last-state,10,19,29,data/llmx_data/offline_data/physics_data/raw_transitions/MountainCar-v0/episodes/episode_0.npz,410,experiments/03_1_gpt35_history_n30_joint/results/records.jsonl,experiments/03_1_gpt35_history_n30_joint/results/runs/3.5__MountainCar-v0__last-state__H10/episode_000/predictions.jsonl,58c1b6b547e6488c3f01323127fe0538c9e287a63e27cdc1efe86fe028d9070c,False,1233,202,1435,2.169270832906477,2.165640625054948,,,,False,not_applicable,,False,not_applicable,,False,not_applicable,"[0, 0]",True,,"[-0.6045, -0.0179]",True,,,False,non_literal_or_placeholder,"[-0.586601972579956, -0.017413171008229256]","[-0.6045454144477844, -0.017943456768989563]","[0, 0]","[-0.586601972579956, -0.017413171008229256]","[-0.01794344186782837, -0.0005302857607603073]",,,,,,
7a279344ab594b19e810477ab3f2c52a8abc5d56a28cad189007d3376be7196a,3.5__MountainCar-v0__last-state__H10,MountainCar-v0,last-state,10,20,30,data/llmx_data/offline_data/physics_data/raw_transitions/MountainCar-v0/episodes/episode_0.npz,411,experiments/03_1_gpt35_history_n30_joint/results/records.jsonl,experiments/03_1_gpt35_history_n30_joint/results/runs/3.5__MountainCar-v0__last-state__H10/episode_000/predictions.jsonl,f394ff73c63b7b90aa76011f65645c128097486a48ea95892c0d8c111a487367,True,1233,142,1375,1.6021426670486107,1.59854970802553,,,,False,not_applicable,,False,not_applicable,,False,not_applicable,"[1, 1]",True,,"[-0.6229, -0.0183]",True,,"[0.0563, 0.0009]",True,,"[-0.6045454144477844, -0.017943456768989563]","[-0.6228877305984497, -0.018342304974794388]","[0, 0]","[-0.6045454144477844, -0.017943456768989563]","[-0.018342316150665283, -0.00039884820580482483]",,,,,,
91f62bac19a069a185b03d0a4fb4314d90575dc8587160f8a25d23a51d9590fa,3.5__MountainCar-v0__last-state__H10,MountainCar-v0,last-state,10,21,31,data/llmx_data/offline_data/physics_data/raw_transitions/MountainCar-v0/episodes/episode_0.npz,412,experiments/03_1_gpt35_history_n30_joint/results/records.jsonl,experiments/03_1_gpt35_history_n30_joint/results/runs/3.5__MountainCar-v0__last-state__H10/episode_000/predictions.jsonl,d0596684abb50a83f987dc3c22f136bb470ed18fa3b31b636e0f7a688cbfbca6,True,1233,130,1363,1.674697957932949,1.6707915419247001,,,,False,not_applicable,,False,not_applicable,,False,not_applicable,"[1, 1]",True,,"[-0.6415, -0.0186]",True,,"[0.037, 0.0007]",True,,"[-0.6228877305984497, -0.018342304974794388]","[-0.6414963006973267, -0.01860860176384449]","[0, 0]","[-0.6228877305984497, -0.018342304974794388]","[-0.018608570098876953, -0.00026629678905010223]",,,,,,
1df1142c7675042ec6933d22606530f802b0ca35a648b6c458f94528f6d94911,3.5__MountainCar-v0__last-state__H10,MountainCar-v0,last-state,10,22,32,data/llmx_data/offline_data/physics_data/raw_transitions/MountainCar-v0/episodes/episode_0.npz,413,experiments/03_1_gpt35_history_n30_joint/results/records.jsonl,experiments/03_1_gpt35_history_n30_joint/results/runs/3.5__MountainCar-v0__last-state__H10/episode_000/predictions.jsonl,873cc3eddce33926321fc4025b505f8975d479cfcad18f0862083c97dc322b52,False,1234,199,1433,2.1712008750764653,2.168913333909586,,,,False,not_applicable,,False,not_applicable,,False,not_applicable,"[1, 2]",True,,"[-0.6602, -0.0187]",True,,,False,non_literal_or_placeholder,"[-0.6414963006973267, -0.01860860176384449]","[-0.660239040851593, -0.018742691725492477]","[0, 0]","[-0.6414963006973267, -0.01860860176384449]","[-0.018742740154266357, -0.00013408996164798737]",,,,,,
ab769013014a73fe01855d326053c58b499b4e8b91d5af518e3527313562b48c,3.5__MountainCar-v0__last-state__H10,MountainCar-v0,last-state,10,23,33,data/llmx_data/offline_data/physics_data/raw_transitions/MountainCar-v0/episodes/episode_0.npz,414,experiments/03_1_gpt35_history_n30_joint/results/records.jsonl,experiments/03_1_gpt35_history_n30_joint/results/runs/3.5__MountainCar-v0__last-state__H10/episode_000/predictions.jsonl,7e967880eb92067b31d7d430d320819184169f0b54c3fba84a67aae3109ad19e,True,1233,129,1362,1.3845036670099944,1.381043417030014,,,,False,not_applicable,,False,not_applicable,,False,not_applicable,"[1, 1]",True,,"[-0.679, -0.0187]",True,,"[0.0545, 0.0008]",True,,"[-0.660239040851593, -0.018742691725492477]","[-0.6789853572845459, -0.018746349960565567]","[0, 2]","[-0.660239040851593, -0.018742691725492477]","[-0.01874631643295288, -3.6582350730895996e-06]",,,,,,
68b6300d1692a9793b4e1714f8318d19a55a69603b48e5ecaef6d59a5761b903,3.5__MountainCar-v0__last-state__H10,MountainCar-v0,last-state,10,24,34,data/llmx_data/offline_data/physics_data/raw_transitions/MountainCar-v0/episodes/episode_0.npz,415,experiments/03_1_gpt35_history_n30_joint/results/records.jsonl,experiments/03_1_gpt35_history_n30_joint/results/runs/3.5__MountainCar-v0__last-state__H10/episode_000/predictions.jsonl,db8c53d9d6aa9152a0176fe4349803a63be636ec01dd2e8e2a4d05337e7f2021,False,1234,132,1366,2.3775211670435965,2.3739780000178143,,,,False,not_applicable,,False,not_applicable,,False,not_applicable,"[1, 2]",True,,"[-0.6976, -0.0186]",True,,,False,non_literal_or_placeholder,"[-0.6789853572845459, -0.018746349960565567]","[-0.6976080536842346, -0.01862270198762417]","[0, 1]","[-0.6789853572845459, -0.018746349960565567]","[-0.01862269639968872, 0.00012364797294139862]",,,,,,
bf4ecea77b22de719181c17f1fda5026c4b183c9bee9c9c3a56cbebd63569b97,3.5__MountainCar-v0__last-state__H10,MountainCar-v0,last-state,10,25,35,data/llmx_data/offline_data/physics_data/raw_transitions/MountainCar-v0/episodes/episode_0.npz,416,experiments/03_1_gpt35_history_n30_joint/results/records.jsonl,experiments/03_1_gpt35_history_n30_joint/results/runs/3.5__MountainCar-v0__last-state__H10/episode_000/predictions.jsonl,bc2b1c134b082f2b3cb7d3f652f5135fb903fefe92fc0732616925846536574d,True,1232,221,1453,2.309320708969608,2.3053995000664145,,,,False,not_applicable,,False,not_applicable,,False,not_applicable,"[1, 0]",True,,"[-0.7, -0.0182]",True,,"[0.016, -0.0002]",True,,"[-0.6976080536842346, -0.01862270198762417]","[-0.7159841656684875, -0.018376104533672333]","[0, 1]","[-0.6976080536842346, -0.01862270198762417]","[-0.01837611198425293, 0.00024659745395183563]",,,,,,
7a40052fe3f62cb632e6f575925432a3dc1a3a6032d4187e8080e2857f23be19,3.5__MountainCar-v0__last-state__H10,MountainCar-v0,last-state,10,26,36,data/llmx_data/offline_data/physics_data/raw_transitions/MountainCar-v0/episodes/episode_0.npz,417,experiments/03_1_gpt35_history_n30_joint/results/records.jsonl,experiments/03_1_gpt35_history_n30_joint/results/runs/3.5__MountainCar-v0__last-state__H10/episode_000/predictions.jsonl,6ec00418511dbae3d12ba75905774f155cd5fbc5a306399c4e755d5ee3e6d347,True,1232,229,1461,2.6010827500140294,2.59745949995704,,,,False,not_applicable,,False,not_applicable,,False,not_applicable,"[1, 1]",True,,"[-0.734, -0.018]",True,,"[0.09, 0.0]",True,,"[-0.7159841656684875, -0.018376104533672333]","[-0.7339961528778076, -0.018011996522545815]","[0, 1]","[-0.7159841656684875, -0.018376104533672333]","[-0.01801198720932007, 0.00036410801112651825]",,,,,,
3ea2dba8bdda74e1d35cddd4166636ed3e4782e8857bfa24b82169c70e71f3cf,3.5__MountainCar-v0__last-state__H10,MountainCar-v0,last-state,10,27,37,data/llmx_data/offline_data/physics_data/raw_transitions/MountainCar-v0/episodes/episode_0.npz,418,experiments/03_1_gpt35_history_n30_joint/results/records.jsonl,experiments/03_1_gpt35_history_n30_joint/results/runs/3.5__MountainCar-v0__last-state__H10/episode_000/predictions.jsonl,91e92420c08bb06aebd4b9bac6d23f0ceb3d4e632b1b60a3632a522ea5a048fe,False,1233,121,1354,1.7365207920083776,1.7331388340098783,,,,False,not_applicable,,False,not_applicable,,False,not_applicable,"[1, 1]",True,,,False,missing_marker,,False,missing_marker,"[-0.7339961528778076, -0.018011996522545815]","[-0.7515329122543335, -0.017536727711558342]","[0, 1]","[-0.7339961528778076, -0.018011996522545815]","[-0.01753675937652588, 0.00047526881098747253]",,,,,,
02d033ac78f53a98814749fc3ee74a1b01dbf68c4ac937d97f96dbece1ce9117,3.5__MountainCar-v0__last-state__H10,MountainCar-v0,last-state,10,28,38,data/llmx_data/offline_data/physics_data/raw_transitions/MountainCar-v0/episodes/episode_0.npz,419,experiments/03_1_gpt35_history_n30_joint/results/records.jsonl,experiments/03_1_gpt35_history_n30_joint/results/runs/3.5__MountainCar-v0__last-state__H10/episode_000/predictions.jsonl,3f7115bd40a6a91fe441e3836c59f65d2bfca497bf833daba760abd8d3a72c30,False,1231,178,1409,1.4111910840729252,1.406658042105846,,,,False,not_applicable,,False,not_applicable,,False,not_applicable,"[0, 0]",True,,"[-0.7685, -0.017]",True,,,False,non_literal_or_placeholder,"[-0.7515329122543335, -0.017536727711558342]","[-0.7684902548789978, -0.016957364976406097]","[0, 1]","[-0.7515329122543335, -0.017536727711558342]","[-0.016957342624664307, 0.0005793627351522446]",,,,,,
b603b8e4bdc3ae0c850a7a0bf7b682365f58b7d926182360996567a7abd56b97,3.5__MountainCar-v0__last-state__H10,MountainCar-v0,last-state,10,29,39,data/llmx_data/offline_data/physics_data/raw_transitions/MountainCar-v0/episodes/episode_0.npz,420,experiments/03_1_gpt35_history_n30_joint/results/records.jsonl,experiments/03_1_gpt35_history_n30_joint/results/runs/3.5__MountainCar-v0__last-state__H10/episode_000/predictions.jsonl,90969a9d761cb09bb743b94a5e3f561954acf9c230ebc4a6c9815e2e27361014,False,1232,118,1350,1.9319453749340028,1.9284347910434008,,,,False,not_applicable,,False,not_applicable,,False,not_applicable,"[1, 1]",True,,"[-0.7848, -0.0163]",True,,,False,non_literal_or_placeholder,"[-0.7684902548789978, -0.016957364976406097]","[-0.784771740436554, -0.016281500458717346]","[0, 1]","[-0.7684902548789978, -0.016957364976406097]","[-0.016281485557556152, 0.0006758645176887512]",,,,,,
5ddf002b19babddd2d7c310a0e8995ad7094c36487c833c336f3fe80d08a32ab,3.5__MountainCar-v0__last-state__H20,MountainCar-v0,last-state,20,0,20,data/llmx_data/offline_data/physics_data/raw_transitions/MountainCar-v0/episodes/episode_0.npz,421,experiments/03_1_gpt35_history_n30_joint/results/records.jsonl,experiments/03_1_gpt35_history_n30_joint/results/runs/3.5__MountainCar-v0__last-state__H20/episode_000/predictions.jsonl,90367d0a8ebffce882314bd4f2d108901a2aaf9d1e00fa8e8af5a8adb1a10040,False,1575,153,1728,1.3992321249097586,1.3978549169842154,,,,False,not_applicable,,False,not_applicable,,False,not_applicable,"[0, 1]",True,,"[-0.4723, -0.009]",True,,,False,non_literal_or_placeholder,"[-0.4632861912250519, -0.007570658810436726]","[-0.4723067283630371, -0.009020539000630379]","[0, 0]","[-0.4632861912250519, -0.007570658810436726]","[-0.00902053713798523, -0.001449880190193653]",,,,,,
370d89a232fca86c9cc88ff463a35e9d7000c0769661a64dd2d441557814dda2,3.5__MountainCar-v0__last-state__H20,MountainCar-v0,last-state,20,1,21,data/llmx_data/offline_data/physics_data/raw_transitions/MountainCar-v0/episodes/episode_0.npz,422,experiments/03_1_gpt35_history_n30_joint/results/records.jsonl,experiments/03_1_gpt35_history_n30_joint/results/runs/3.5__MountainCar-v0__last-state__H20/episode_000/predictions.jsonl,eb54f52eeb8413497b743a4446a2ee57b175f2b1057fdbabb888c13c57dc4adf,False,1576,124,1700,1.3399771250551566,1.3380166660062969,,,,False,not_applicable,,False,not_applicable,,False,not_applicable,"[0, 0]",True,,"[-0.4827, -0.0104]",True,,,False,non_literal_or_placeholder,"[-0.4723067283630371, -0.009020539000630379]","[-0.48271045088768005, -0.010403713211417198]","[0, 0]","[-0.4723067283630371, -0.009020539000630379]","[-0.010403722524642944, -0.0013831742107868195]",,,,,,
b619ed6d1e76ffd5a68c617d8207698bdd1a14c5dcc5292cc35d1ddf4de33ba1,3.5__MountainCar-v0__last-state__H20,MountainCar-v0,last-state,20,2,22,data/llmx_data/offline_data/physics_data/raw_transitions/MountainCar-v0/episodes/episode_0.npz,423,experiments/03_1_gpt35_history_n30_joint/results/records.jsonl,experiments/03_1_gpt35_history_n30_joint/results/runs/3.5__MountainCar-v0__last-state__H20/episode_000/predictions.jsonl,761187108302326d2337d808f5d57553da9c93ecab8755cf045d8a7cd4b2d8b4,True,1574,194,1768,2.9516600840725005,2.9473642500815913,,,,False,not_applicable,,False,not_applicable,,False,not_applicable,"[0, 0]",True,,"[-0.4723, -0.009]",True,,"[0.0221, -0.0023]",True,,"[-0.48271045088768005, -0.010403713211417198]","[-0.49442005157470703, -0.011709607206285]","[0, 0]","[-0.48271045088768005, -0.010403713211417198]","[-0.011709600687026978, -0.0013058939948678017]",,,,,,
06e82b92ed292037ca687ee90aa6f147e0e92c9d81039f9ebfaafb907258ff1e,3.5__MountainCar-v0__last-state__H20,MountainCar-v0,last-state,20,3,23,data/llmx_data/offline_data/physics_data/raw_transitions/MountainCar-v0/episodes/episode_0.npz,424,experiments/03_1_gpt35_history_n30_joint/results/records.jsonl,experiments/03_1_gpt35_history_n30_joint/results/runs/3.5__MountainCar-v0__last-state__H20/episode_000/predictions.jsonl,b39107a73925657ca3661b2bed56a98437b14d4a311423dcef11ce7fe0f14cd9,True,1573,150,1723,1.5677012909436598,1.5641891660634428,,,,False,not_applicable,,False,not_applicable,,False,not_applicable,"[0, 0]",True,,"[-0.4827, -0.0104]",True,,"[-0.0246, -0.0025]",True,,"[-0.49442005157470703, -0.011709607206285]","[-0.5073482394218445, -0.012928168289363384]","[0, 0]","[-0.49442005157470703, -0.011709607206285]","[-0.012928187847137451, -0.0012185610830783844]",,,,,,
24e0f362ff5a1f8c539a0acdc38c4bdb5b3630f7b7f668bbad8f3d5724c69613,3.5__MountainCar-v0__last-state__H20,MountainCar-v0,last-state,20,4,24,data/llmx_data/offline_data/physics_data/raw_transitions/MountainCar-v0/episodes/episode_0.npz,425,experiments/03_1_gpt35_history_n30_joint/results/records.jsonl,experiments/03_1_gpt35_history_n30_joint/results/runs/3.5__MountainCar-v0__last-state__H20/episode_000/predictions.jsonl,26362815bfd99f2fe7dec00002314b495bfea3e88906dd9b2b9e096fcfb39580,False,1571,156,1727,1.4339863329660147,1.429385666968301,,,,False,not_applicable,,False,not_applicable,,False,not_applicable,"[0, 0]",True,,,False,missing_marker,,False,missing_marker,"[-0.5073482394218445, -0.012928168289363384]","[-0.5213982462882996, -0.014049998484551907]","[0, 0]","[-0.5073482394218445, -0.012928168289363384]","[-0.014050006866455078, -0.0011218301951885223]",,,,,,
752a73bbb22ead55ed231e1c474cab3ffee2368833c8c905206a0fa14a46d30a,3.5__MountainCar-v0__last-state__H20,MountainCar-v0,last-state,20,5,25,data/llmx_data/offline_data/physics_data/raw_transitions/MountainCar-v0/episodes/episode_0.npz,426,experiments/03_1_gpt35_history_n30_joint/results/records.jsonl,experiments/03_1_gpt35_history_n30_joint/results/runs/3.5__MountainCar-v0__last-state__H20/episode_000/predictions.jsonl,611da00f910ca3ce81486a34417c5a06dcc4c63e70e7aacf6d77a0f946ed076c,True,1571,263,1834,2.65107599995099,2.647038417053409,,,,False,not_applicable,,False,not_applicable,,False,not_applicable,"[0, 1]",True,,"[-0.5301, -0.0167]",True,,"[-0.0064, -0.0016]",True,,"[-0.5213982462882996, -0.014049998484551907]","[-0.5364647507667542, -0.01506650261580944]","[0, 0]","[-0.5213982462882996, -0.014049998484551907]","[-0.01506650447845459, -0.001016504131257534]",,,,,,
db4609be31e199f3af87871959e0e120b24cd00c26c2438eb53a0d68215d483b,3.5__MountainCar-v0__last-state__H20,MountainCar-v0,last-state,20,6,26,data/llmx_data/offline_data/physics_data/raw_transitions/MountainCar-v0/episodes/episode_0.npz,427,experiments/03_1_gpt35_history_n30_joint/results/records.jsonl,experiments/03_1_gpt35_history_n30_joint/results/runs/3.5__MountainCar-v0__last-state__H20/episode_000/predictions.jsonl,486bd781a627a4d0a22ada217c8cf62a53b14c331e9661063b8b24bd3a0ef7c2,False,1568,142,1710,1.6164509169757366,1.6132020000368357,,,,False,not_applicable,,False,not_applicable,,False,not_applicable,"[0, 0]",True,,"[-0.5524, -0.016]",True,,,False,non_literal_or_placeholder,"[-0.5364647507667542, -0.01506650261580944]","[-0.5524347424507141, -0.015970032662153244]","[0, 0]","[-0.5364647507667542, -0.01506650261580944]","[-0.01596999168395996, -0.0009035300463438034]",,,,,,
08ad377d0fc4d680a3525833dbf3f910c37ee5de2349ad1fbc8d0c2b4d6d7818,3.5__MountainCar-v0__last-state__H20,MountainCar-v0,last-state,20,7,27,data/llmx_data/offline_data/physics_data/raw_transitions/MountainCar-v0/episodes/episode_0.npz,428,experiments/03_1_gpt35_history_n30_joint/results/records.jsonl,experiments/03_1_gpt35_history_n30_joint/results/runs/3.5__MountainCar-v0__last-state__H20/episode_000/predictions.jsonl,f577595fc3b9245f8ae610f55a54ed518e1ec1fb0c4df8535580c7887cf3c5dd,True,1568,144,1712,2.1715215409640223,2.168482374981977,,,,False,not_applicable,,False,not_applicable,,False,not_applicable,"[1, 0]",True,,"[-0.5692, -0.0168]",True,,"[0.0005, -0.0003]",True,,"[-0.5524347424507141, -0.015970032662153244]","[-0.5691887736320496, -0.01675403118133545]","[0, 0]","[-0.5524347424507141, -0.015970032662153244]","[-0.01675403118133545, -0.0007839985191822052]",,,,,,
79d15a2c3fba5cd84c7e31afe14c8e44b3643a1339e0f11a0652543527bdc0a1,3.5__MountainCar-v0__last-state__H20,MountainCar-v0,last-state,20,8,28,data/llmx_data/offline_data/physics_data/raw_transitions/MountainCar-v0/episodes/episode_0.npz,429,experiments/03_1_gpt35_history_n30_joint/results/records.jsonl,experiments/03_1_gpt35_history_n30_joint/results/runs/3.5__MountainCar-v0__last-state__H20/episode_000/predictions.jsonl,b1ac552a850d324d511508eb6fe0136601e9ad9555a9a7428e384aa5f4d53282,False,1566,137,1703,2.022872416069731,2.0187478330917656,,,,False,not_applicable,,False,not_applicable,,False,not_applicable,"[0, 0]",True,,"[-0.5866, -0.0174]",True,,,False,non_literal_or_placeholder,"[-0.5691887736320496, -0.01675403118133545]","[-0.586601972579956, -0.017413171008229256]","[0, 0]","[-0.5691887736320496, -0.01675403118133545]","[-0.017413198947906494, -0.0006591398268938065]",,,,,,
26992d3cfe69887c4afbed2952f2b547d3bbd5ae18c51837e75a88846583c052,3.5__MountainCar-v0__last-state__H20,MountainCar-v0,last-state,20,9,29,data/llmx_data/offline_data/physics_data/raw_transitions/MountainCar-v0/episodes/episode_0.npz,430,experiments/03_1_gpt35_history_n30_joint/results/records.jsonl,experiments/03_1_gpt35_history_n30_joint/results/runs/3.5__MountainCar-v0__last-state__H20/episode_000/predictions.jsonl,0a18bb24b83237fedf28bb23b4747740c4e54f4948139214490fcc4b011ebd1f,False,1566,113,1679,1.520284374943003,1.5168126249918714,,,,False,not_applicable,,False,not_applicable,,False,not_applicable,"[1, 0]",True,,"[-0.6045, -0.0179]",True,,,False,non_literal_or_placeholder,"[-0.586601972579956, -0.017413171008229256]","[-0.6045454144477844, -0.017943456768989563]","[0, 0]","[-0.586601972579956, -0.017413171008229256]","[-0.01794344186782837, -0.0005302857607603073]",,,,,,
16de902dd8781bb92d467def398d43496e0ef4dfb5fd84c2f7a3d07c71dd0344,3.5__MountainCar-v0__last-state__H20,MountainCar-v0,last-state,20,10,30,data/llmx_data/offline_data/physics_data/raw_transitions/MountainCar-v0/episodes/episode_0.npz,431,experiments/03_1_gpt35_history_n30_joint/results/records.jsonl,experiments/03_1_gpt35_history_n30_joint/results/runs/3.5__MountainCar-v0__last-state__H20/episode_000/predictions.jsonl,abac2323119d936a94f70238dba8fe726b1f13b9e312c7c9618841721b11f39c,False,1565,122,1687,1.2875047500710934,1.283867041929625,,,,False,not_applicable,,False,not_applicable,,False,not_applicable,"[1, 0]",True,,"[-0.6229, -0.0183]",True,,,False,non_literal_or_placeholder,"[-0.6045454144477844, -0.017943456768989563]","[-0.6228877305984497, -0.018342304974794388]","[0, 0]","[-0.6045454144477844, -0.017943456768989563]","[-0.018342316150665283, -0.00039884820580482483]",,,,,,
6012ac06defa342887f76a01d9f8fdc531afad1fe45e247f3e45a64149e3f290,3.5__MountainCar-v0__last-state__H20,MountainCar-v0,last-state,20,11,31,data/llmx_data/offline_data/physics_data/raw_transitions/MountainCar-v0/episodes/episode_0.npz,432,experiments/03_1_gpt35_history_n30_joint/results/records.jsonl,experiments/03_1_gpt35_history_n30_joint/results/runs/3.5__MountainCar-v0__last-state__H20/episode_000/predictions.jsonl,acd86441fb967faa491786abadaf75e502d2e18d8d3ff7e506e42fc8ca4bd2ca,False,1564,121,1685,1.8096687500365078,1.8058702499838546,,,,False,not_applicable,,False,not_applicable,,False,not_applicable,"[0, 0]",True,,"[-0.6415, -0.0186]",True,,,False,non_literal_or_placeholder,"[-0.6228877305984497, -0.018342304974794388]","[-0.6414963006973267, -0.01860860176384449]","[0, 0]","[-0.6228877305984497, -0.018342304974794388]","[-0.018608570098876953, -0.00026629678905010223]",,,,,,
ef22bb8e8019284e088c6c9347f04cccc60a27fed4973cb4b55960938124c46f,3.5__MountainCar-v0__last-state__H20,MountainCar-v0,last-state,20,12,32,data/llmx_data/offline_data/physics_data/raw_transitions/MountainCar-v0/episodes/episode_0.npz,433,experiments/03_1_gpt35_history_n30_joint/results/records.jsonl,experiments/03_1_gpt35_history_n30_joint/results/runs/3.5__MountainCar-v0__last-state__H20/episode_000/predictions.jsonl,9069a28297e3a04a0b952865f4f5abceb527fbfdf3a36cb1c2082664a7942426,False,1563,195,1758,2.2300398339284584,2.226768625085242,,,,False,not_applicable,,False,not_applicable,,False,not_applicable,"[0, 1]",True,,"[-0.6602, -0.0187]",True,,,False,non_literal_or_placeholder,"[-0.6414963006973267, -0.01860860176384449]","[-0.660239040851593, -0.018742691725492477]","[0, 0]","[-0.6414963006973267, -0.01860860176384449]","[-0.018742740154266357, -0.00013408996164798737]",,,,,,
18a74d71b897399e4bf714f3c45e125b170c98927e9591899f560f78f28ea97f,3.5__MountainCar-v0__last-state__H20,MountainCar-v0,last-state,20,13,33,data/llmx_data/offline_data/physics_data/raw_transitions/MountainCar-v0/episodes/episode_0.npz,434,experiments/03_1_gpt35_history_n30_joint/results/records.jsonl,experiments/03_1_gpt35_history_n30_joint/results/runs/3.5__MountainCar-v0__last-state__H20/episode_000/predictions.jsonl,79386e9d790674a543c6e57a38024f2eca596bac70f5e50c970d8c8ef65d516a,False,1561,117,1678,1.488771333009936,1.484972166013904,,,,False,not_applicable,,False,not_applicable,,False,not_applicable,"[1, 2]",True,,"[-0.679, -0.0187]",True,,,False,non_literal_or_placeholder,"[-0.660239040851593, -0.018742691725492477]","[-0.6789853572845459, -0.018746349960565567]","[0, 2]","[-0.660239040851593, -0.018742691725492477]","[-0.01874631643295288, -3.6582350730895996e-06]",,,,,,
aa7add48599bff9175028a208025a8597750a39e2088ee37249566799feb2f8c,3.5__MountainCar-v0__last-state__H20,MountainCar-v0,last-state,20,14,34,data/llmx_data/offline_data/physics_data/raw_transitions/MountainCar-v0/episodes/episode_0.npz,435,experiments/03_1_gpt35_history_n30_joint/results/records.jsonl,experiments/03_1_gpt35_history_n30_joint/results/runs/3.5__MountainCar-v0__last-state__H20/episode_000/predictions.jsonl,cc054220ce3dcd7c1efbcb40e49bccc1eb7927394dc8fbe3130df0b7fa951019,False,1561,153,1714,1.8287341659888625,1.824614500044845,,,,False,not_applicable,,False,not_applicable,,False,not_applicable,"[0, 2]",True,,"[-0.6976, -0.0186]",True,,,False,non_literal_or_placeholder,"[-0.6789853572845459, -0.018746349960565567]","[-0.6976080536842346, -0.01862270198762417]","[0, 1]","[-0.6789853572845459, -0.018746349960565567]","[-0.01862269639968872, 0.00012364797294139862]",,,,,,
a91816b0d18c217a371b182812a9880d64da769f5bec904aec6b80ee5bc77df8,3.5__MountainCar-v0__last-state__H20,MountainCar-v0,last-state,20,15,35,data/llmx_data/offline_data/physics_data/raw_transitions/MountainCar-v0/episodes/episode_0.npz,436,experiments/03_1_gpt35_history_n30_joint/results/records.jsonl,experiments/03_1_gpt35_history_n30_joint/results/runs/3.5__MountainCar-v0__last-state__H20/episode_000/predictions.jsonl,97ddf63e25381363731aae1247fe99931aa82c87d133bcaa1e6625bda5299974,False,1558,224,1782,1.6631315000122413,1.660508833010681,,,,False,not_applicable,,False,not_applicable,,False,not_applicable,"[1, 2]",True,,"[-0.716, -0.0184]",True,,,False,non_literal_or_placeholder,"[-0.6976080536842346, -0.01862270198762417]","[-0.7159841656684875, -0.018376104533672333]","[0, 1]","[-0.6976080536842346, -0.01862270198762417]","[-0.01837611198425293, 0.00024659745395183563]",,,,,,
de7c9fa542a76c931101d3ffe78bc2d7f0c37b7e1b60364a911a0ff257429cc7,3.5__MountainCar-v0__last-state__H20,MountainCar-v0,last-state,20,16,36,data/llmx_data/offline_data/physics_data/raw_transitions/MountainCar-v0/episodes/episode_0.npz,437,experiments/03_1_gpt35_history_n30_joint/results/records.jsonl,experiments/03_1_gpt35_history_n30_joint/results/runs/3.5__MountainCar-v0__last-state__H20/episode_000/predictions.jsonl,2e0de6b910cd9ac37c23aa7bd21e073885ded0ac200fd7b41cd3fc5fe89944e6,False,1550,107,1657,1.153389708022587,1.1504651249852031,,,,False,not_applicable,,False,not_applicable,,False,not_applicable,"[1, 0]",True,,"[-0.734, -0.018]",True,,,False,non_literal_or_placeholder,"[-0.7159841656684875, -0.018376104533672333]","[-0.7339961528778076, -0.018011996522545815]","[0, 1]","[-0.7159841656684875, -0.018376104533672333]","[-0.01801198720932007, 0.00036410801112651825]",,,,,,
c729f585c2c9d3b2a90c7c8bd7710d68fe1b090dc52a5a08e2bec674f1184a4f,3.5__MountainCar-v0__last-state__H20,MountainCar-v0,last-state,20,17,37,data/llmx_data/offline_data/physics_data/raw_transitions/MountainCar-v0/episodes/episode_0.npz,438,experiments/03_1_gpt35_history_n30_joint/results/records.jsonl,experiments/03_1_gpt35_history_n30_joint/results/runs/3.5__MountainCar-v0__last-state__H20/episode_000/predictions.jsonl,2f5e85adb95773c3127cea1a524c06b1706f868617035eff50bc144e8040b686,False,1551,230,1781,3.36629241600167,3.3627420839620754,,,,False,not_applicable,,False,not_applicable,,False,not_applicable,"[1, 0]",True,,"[-0.7515, -0.0175]",True,,,False,non_literal_or_placeholder,"[-0.7339961528778076, -0.018011996522545815]","[-0.7515329122543335, -0.017536727711558342]","[0, 1]","[-0.7339961528778076, -0.018011996522545815]","[-0.01753675937652588, 0.00047526881098747253]",,,,,,
1877f93550905705a550e99f51c78737712e5c02548e0108ffcbe91d306d908d,3.5__MountainCar-v0__last-state__H20,MountainCar-v0,last-state,20,18,38,data/llmx_data/offline_data/physics_data/raw_transitions/MountainCar-v0/episodes/episode_0.npz,439,experiments/03_1_gpt35_history_n30_joint/results/records.jsonl,experiments/03_1_gpt35_history_n30_joint/results/runs/3.5__MountainCar-v0__last-state__H20/episode_000/predictions.jsonl,3f2da37e12e41920c1d975a8d8285aed86215ce7a11d18480d79cab467ab7f02,True,1548,174,1722,1.9916768750408664,1.989553999970667,,,,False,not_applicable,,False,not_applicable,,False,not_applicable,"[1, 1]",True,,"[-0.7685, -0.017]",True,,"[0.7685, 0.017]",True,,"[-0.7515329122543335, -0.017536727711558342]","[-0.7684902548789978, -0.016957364976406097]","[0, 1]","[-0.7515329122543335, -0.017536727711558342]","[-0.016957342624664307, 0.0005793627351522446]",,,,,,
72b5df30a8f22e90a422b696d0a185b732a88c7e1e9470a6cc23b4551e92b54b,3.5__MountainCar-v0__last-state__H20,MountainCar-v0,last-state,20,19,39,data/llmx_data/offline_data/physics_data/raw_transitions/MountainCar-v0/episodes/episode_0.npz,440,experiments/03_1_gpt35_history_n30_joint/results/records.jsonl,experiments/03_1_gpt35_history_n30_joint/results/runs/3.5__MountainCar-v0__last-state__H20/episode_000/predictions.jsonl,8e2dc8f2855625a53077c01ccbf3b325811431c134e9be6e20290c57faae8887,False,1549,119,1668,1.6475017920602113,1.6447342499159276,,,,False,not_applicable,,False,not_applicable,,False,not_applicable,"[1, 1]",True,,"[-0.7848, -0.0163]",True,,,False,non_literal_or_placeholder,"[-0.7684902548789978, -0.016957364976406097]","[-0.784771740436554, -0.016281500458717346]","[0, 1]","[-0.7684902548789978, -0.016957364976406097]","[-0.016281485557556152, 0.0006758645176887512]",,,,,,
cc8e21aa5f683ff0db5babba1242f64805ddf6a1b46c4372f21a15883b628970,3.5__MountainCar-v0__last-state__H20,MountainCar-v0,last-state,20,20,40,data/llmx_data/offline_data/physics_data/raw_transitions/MountainCar-v0/episodes/episode_0.npz,441,experiments/03_1_gpt35_history_n30_joint/results/records.jsonl,experiments/03_1_gpt35_history_n30_joint/results/runs/3.5__MountainCar-v0__last-state__H20/episode_000/predictions.jsonl,78363ebbc452c71a6a269c4ddd843fce955e6df6432d2f0b4c4d089b7433b486,False,1548,233,1781,3.431572917033918,3.4280159999616444,,,,False,not_applicable,,False,not_applicable,,False,not_applicable,"[0, 0]",True,,,False,missing_marker,,False,missing_marker,"[-0.784771740436554, -0.016281500458717346]","[-0.8002887964248657, -0.015517058782279491]","[0, 1]","[-0.784771740436554, -0.016281500458717346]","[-0.015517055988311768, 0.0007644416764378548]",,,,,,
d6facc13e1b94442461def3e930b89a86ad582dbbe186e654556eaaa6396b905,3.5__MountainCar-v0__last-state__H20,MountainCar-v0,last-state,20,21,41,data/llmx_data/offline_data/physics_data/raw_transitions/MountainCar-v0/episodes/episode_0.npz,442,experiments/03_1_gpt35_history_n30_joint/results/records.jsonl,experiments/03_1_gpt35_history_n30_joint/results/runs/3.5__MountainCar-v0__last-state__H20/episode_000/predictions.jsonl,1aaf223d1c3ae3cf5cedfe3e64b3fc1e89fdec03c274327ff5dab95fb3c3ec14,False,1547,115,1662,1.0663537080399692,1.0631205419776961,,,,False,not_applicable,,False,not_applicable,,False,not_applicable,"[1, 0]",True,,"[-0.815, -0.0147]",True,,,False,non_literal_or_placeholder,"[-0.8002887964248657, -0.015517058782279491]","[-0.8149609565734863, -0.014672111719846725]","[0, 1]","[-0.8002887964248657, -0.015517058782279491]","[-0.014672160148620605, 0.000844947062432766]",,,,,,
f48e2cad8ad708cc850736db16d3321a4f23cea30c39305c150dd202b10d5520,3.5__MountainCar-v0__last-state__H20,MountainCar-v0,last-state,20,22,42,data/llmx_data/offline_data/physics_data/raw_transitions/MountainCar-v0/episodes/episode_0.npz,443,experiments/03_1_gpt35_history_n30_joint/results/records.jsonl,experiments/03_1_gpt35_history_n30_joint/results/runs/3.5__MountainCar-v0__last-state__H20/episode_000/predictions.jsonl,af8eca3b306c347ab52ecc86923be48c56de461b2e4dcbf36ca7b3caf0f76ec8,False,1549,159,1708,2.4393217499600723,2.436654124991037,,,,False,not_applicable,,False,not_applicable,,False,not_applicable,"[1, 0]",True,,"[-0.8287, -0.0138]",True,,,False,non_literal_or_placeholder,"[-0.8149609565734863, -0.014672111719846725]","[-0.8287156820297241, -0.013754718005657196]","[0, 1]","[-0.8149609565734863, -0.014672111719846725]","[-0.013754725456237793, 0.0009173937141895294]",,,,,,
519d09f30b43e437c299cdfeeed306814fe61d29552ee9cb67e2f4c75dbf8a4d,3.5__MountainCar-v0__last-state__H20,MountainCar-v0,last-state,20,23,43,data/llmx_data/offline_data/physics_data/raw_transitions/MountainCar-v0/episodes/episode_0.npz,444,experiments/03_1_gpt35_history_n30_joint/results/records.jsonl,experiments/03_1_gpt35_history_n30_joint/results/runs/3.5__MountainCar-v0__last-state__H20/episode_000/predictions.jsonl,80ef9ea171bddfa3f538bebcd8c991eb16e2a3c6c1b67ead2b3f27df20ca882a,True,1548,124,1672,1.3938004999654368,1.3908221249002963,,,,False,not_applicable,,False,not_applicable,,False,not_applicable,"[1, 1]",True,,"[-0.8415, -0.0128]",True,,"[0.0265, 0.0143]",True,,"[-0.8287156820297241, -0.013754718005657196]","[-0.8414884209632874, -0.012772777117788792]","[0, 1]","[-0.8287156820297241, -0.013754718005657196]","[-0.012772738933563232, 0.0009819408878684044]",,,,,,
ea134cb0ce85203a52f8e125d8625cb943f41a4bc515eac0bf8e4857a9187cc6,3.5__MountainCar-v0__last-state__H20,MountainCar-v0,last-state,20,24,44,data/llmx_data/offline_data/physics_data/raw_transitions/MountainCar-v0/episodes/episode_0.npz,445,experiments/03_1_gpt35_history_n30_joint/results/records.jsonl,experiments/03_1_gpt35_history_n30_joint/results/runs/3.5__MountainCar-v0__last-state__H20/episode_000/predictions.jsonl,219dec87ae278126bdf9e44deba791655da0575051c92d5205393f4b4d1d081a,True,1548,134,1682,2.448079540976323,2.445031416020356,,,,False,not_applicable,,False,not_applicable,,False,not_applicable,"[1, 0]",True,,"[-0.8375, -0.0117]",True,,"[0.0157, -0.0]",True,,"[-0.8414884209632874, -0.012772777117788792]","[-0.8532223701477051, -0.011733916588127613]","[0, 1]","[-0.8414884209632874, -0.012772777117788792]","[-0.011733949184417725, 0.0010388605296611786]",,,,,,
135898524b3bfb9e6a39d064878f4b3db36f659af29f42f7c7a1f82d8ae2a43f,3.5__MountainCar-v0__last-state__H20,MountainCar-v0,last-state,20,25,45,data/llmx_data/offline_data/physics_data/raw_transitions/MountainCar-v0/episodes/episode_0.npz,446,experiments/03_1_gpt35_history_n30_joint/results/records.jsonl,experiments/03_1_gpt35_history_n30_joint/results/runs/3.5__MountainCar-v0__last-state__H20/episode_000/predictions.jsonl,5c55f4002bb395af3f722fc2bb98ad6fc297294441a1b5a9f6b2e4e35c5a503d,False,1548,132,1680,2.073251458001323,2.0705391670344397,,,,False,not_applicable,,False,not_applicable,,False,not_applicable,"[1, 2]",True,,"[-0.8639, -0.0106]",True,,,False,non_literal_or_placeholder,"[-0.8532223701477051, -0.011733916588127613]","[-0.8638677597045898, -0.010645401664078236]","[0, 1]","[-0.8532223701477051, -0.011733916588127613]","[-0.010645389556884766, 0.0010885149240493774]",,,,,,
2124c9b970a4da7e31501ee85a58098f04fa5d2abf43625e4535790f8e53906d,3.5__MountainCar-v0__last-state__H20,MountainCar-v0,last-state,20,26,46,data/llmx_data/offline_data/physics_data/raw_transitions/MountainCar-v0/episodes/episode_0.npz,447,experiments/03_1_gpt35_history_n30_joint/results/records.jsonl,experiments/03_1_gpt35_history_n30_joint/results/runs/3.5__MountainCar-v0__last-state__H20/episode_000/predictions.jsonl,f8c08f72cd32225b9217847683535e3522c2573e766f3c22b389085556db3ef2,False,1549,152,1701,1.3000814999686554,1.2966389999492094,,,,False,not_applicable,,False,not_applicable,,False,not_applicable,"[1, 0]",True,,"[-0.8532, -0.0117]",True,,,False,non_literal_or_placeholder,"[-0.8638677597045898, -0.010645401664078236]","[-0.8733818531036377, -0.009514076635241508]","[0, 1]","[-0.8638677597045898, -0.010645401664078236]","[-0.009514093399047852, 0.0011313250288367271]",,,,,,
e5a76b18acac6a7a94af4402ab95979e09b4379716665e17cc4cbbb5996b316d,3.5__MountainCar-v0__last-state__H20,MountainCar-v0,last-state,20,27,47,data/llmx_data/offline_data/physics_data/raw_transitions/MountainCar-v0/episodes/episode_0.npz,448,experiments/03_1_gpt35_history_n30_joint/results/records.jsonl,experiments/03_1_gpt35_history_n30_joint/results/runs/3.5__MountainCar-v0__last-state__H20/episode_000/predictions.jsonl,2e6c9d923b731dc097d7012da45890619fef6e27f82750451ab461aec485c784,True,1549,140,1689,1.2759573749499395,1.2735102090518922,,,,False,not_applicable,,False,not_applicable,,False,not_applicable,"[1, 1]",True,,"[-0.8817, -0.0083]",True,,"[0.0168, 0.0083]",True,,"[-0.8733818531036377, -0.009514076635241508]","[-0.8817281723022461, -0.008346328511834145]","[0, 1]","[-0.8733818531036377, -0.009514076635241508]","[-0.008346319198608398, 0.001167748123407364]",,,,,,
e3dbebef8f1fbcdca997b09dcddad31ae18f89a2227ad7efe529e3762a1259dd,3.5__MountainCar-v0__last-state__H20,MountainCar-v0,last-state,20,28,48,data/llmx_data/offline_data/physics_data/raw_transitions/MountainCar-v0/episodes/episode_0.npz,449,experiments/03_1_gpt35_history_n30_joint/results/records.jsonl,experiments/03_1_gpt35_history_n30_joint/results/runs/3.5__MountainCar-v0__last-state__H20/episode_000/predictions.jsonl,a41d9bc1020713ddacf0676822fe24c4e7258254aeed3fd0f785d73eea5f3dd4,True,1550,137,1687,1.3471830839989707,1.34428887499962,,,,False,not_applicable,,False,not_applicable,,False,not_applicable,"[1, 1]",True,,"[-0.8889, -0.0071]",True,,"[0.0155, 0.0117]",True,,"[-0.8817281723022461, -0.008346328511834145]","[-0.8888762593269348, -0.007148081436753273]","[0, 1]","[-0.8817281723022461, -0.008346328511834145]","[-0.007148087024688721, 0.0011982470750808716]",,,,,,
25320082cec6e3112c60527aa1454eae6771dfbc9d1ad60bba6a10fe9e2cba92,3.5__MountainCar-v0__last-state__H20,MountainCar-v0,last-state,20,29,49,data/llmx_data/offline_data/physics_data/raw_transitions/MountainCar-v0/episodes/episode_0.npz,450,experiments/03_1_gpt35_history_n30_joint/results/records.jsonl,experiments/03_1_gpt35_history_n30_joint/results/runs/3.5__MountainCar-v0__last-state__H20/episode_000/predictions.jsonl,18f7fea72d2e0c9aa782f0298ccdc29945e4489e413dfc15efe88da8575b4386,False,1550,155,1705,2.143561083008535,2.1399545000167564,,,,False,not_applicable,,False,not_applicable,,False,not_applicable,"[0, 0]",True,,"[-0.8948, -0.0059]",True,,,False,non_literal_or_placeholder,"[-0.8888762593269348, -0.007148081436753273]","[-0.8948010206222534, -0.005924808792769909]","[0, 1]","[-0.8888762593269348, -0.007148081436753273]","[-0.0059247612953186035, 0.001223272643983364]",,,,,,
99ca6e300a7ba7994d6ccc5bfc3534c8239a09c7bcf313451e5ef5f7332f3d93,3.5__MountainCar-v0__last-state__H30,MountainCar-v0,last-state,30,0,30,data/llmx_data/offline_data/physics_data/raw_transitions/MountainCar-v0/episodes/episode_0.npz,451,experiments/03_1_gpt35_history_n30_joint/results/records.jsonl,experiments/03_1_gpt35_history_n30_joint/results/runs/3.5__MountainCar-v0__last-state__H30/episode_000/predictions.jsonl,2503a35205e64d7890e6d6644da6cb50d92ad2c02f780498684ac403186d8586,False,1893,190,2083,1.5411545829847455,1.5377951669506729,,,,False,not_applicable,,False,not_applicable,,False,not_applicable,"[1, 0]",True,,"[-0.6229, -0.0183]",True,,,False,non_literal_or_placeholder,"[-0.6045454144477844, -0.017943456768989563]","[-0.6228877305984497, -0.018342304974794388]","[0, 0]","[-0.6045454144477844, -0.017943456768989563]","[-0.018342316150665283, -0.00039884820580482483]",,,,,,
43d23c0f3693d7e603320c11b40b69e9a10d53ede7e516d5889970fee0e2a4bc,3.5__MountainCar-v0__last-state__H30,MountainCar-v0,last-state,30,1,31,data/llmx_data/offline_data/physics_data/raw_transitions/MountainCar-v0/episodes/episode_0.npz,452,experiments/03_1_gpt35_history_n30_joint/results/records.jsonl,experiments/03_1_gpt35_history_n30_joint/results/runs/3.5__MountainCar-v0__last-state__H30/episode_000/predictions.jsonl,ab901ba2dc005b6a1205c3185c00be1148f641ec9da79d125a8cab78b82c5476,False,1893,120,2013,1.1489918750012293,1.1455987499793991,,,,False,not_applicable,,False,not_applicable,,False,not_applicable,"[1, 1]",True,,"[-0.6415, -0.0186]",True,,,False,non_literal_or_placeholder,"[-0.6228877305984497, -0.018342304974794388]","[-0.6414963006973267, -0.01860860176384449]","[0, 0]","[-0.6228877305984497, -0.018342304974794388]","[-0.018608570098876953, -0.00026629678905010223]",,,,,,
44c05adfec43b23180be7ed35b01f33b183dc2f6d034a367996f5b375de8dc64,3.5__MountainCar-v0__last-state__H30,MountainCar-v0,last-state,30,2,32,data/llmx_data/offline_data/physics_data/raw_transitions/MountainCar-v0/episodes/episode_0.npz,453,experiments/03_1_gpt35_history_n30_joint/results/records.jsonl,experiments/03_1_gpt35_history_n30_joint/results/runs/3.5__MountainCar-v0__last-state__H30/episode_000/predictions.jsonl,742467a02e89f4dbeaa85addce068650cb2b767d78cba552425fae19b1684583,False,1892,197,2089,2.0770721250446513,2.073414250044152,,,,False,not_applicable,,False,not_applicable,,False,not_applicable,"[0, 0]",True,,"[-0.6602, -0.0187]",True,,,False,non_literal_or_placeholder,"[-0.6414963006973267, -0.01860860176384449]","[-0.660239040851593, -0.018742691725492477]","[0, 0]","[-0.6414963006973267, -0.01860860176384449]","[-0.018742740154266357, -0.00013408996164798737]",,,,,,
2777ad539e1574aa2609f412b01ef4e2d48d909c73dd3b7dde3ea2bdff201993,3.5__MountainCar-v0__last-state__H30,MountainCar-v0,last-state,30,3,33,data/llmx_data/offline_data/physics_data/raw_transitions/MountainCar-v0/episodes/episode_0.npz,454,experiments/03_1_gpt35_history_n30_joint/results/records.jsonl,experiments/03_1_gpt35_history_n30_joint/results/runs/3.5__MountainCar-v0__last-state__H30/episode_000/predictions.jsonl,ca11514b2c6f4dc368ccc995a4ae139e1cb29fb13a94f959415286572b5c07de,False,1890,141,2031,1.2663942909566686,1.2633965000277385,,,,False,not_applicable,,False,not_applicable,,False,not_applicable,"[1, 0]",True,,"[-0.679, -0.0187]",True,,,False,non_literal_or_placeholder,"[-0.660239040851593, -0.018742691725492477]","[-0.6789853572845459, -0.018746349960565567]","[0, 2]","[-0.660239040851593, -0.018742691725492477]","[-0.01874631643295288, -3.6582350730895996e-06]",,,,,,
6cc9f801f529c4c38c00ea68c26d52ca3ce4aefeaae8caf1806f64238898f6ee,3.5__MountainCar-v0__last-state__H30,MountainCar-v0,last-state,30,4,34,data/llmx_data/offline_data/physics_data/raw_transitions/MountainCar-v0/episodes/episode_0.npz,455,experiments/03_1_gpt35_history_n30_joint/results/records.jsonl,experiments/03_1_gpt35_history_n30_joint/results/runs/3.5__MountainCar-v0__last-state__H30/episode_000/predictions.jsonl,c9457f77deaf4c3f744ddad4d071123029de8bf5a89d85dc43bdce4415e74dde,False,1890,186,2076,2.1653011249145493,2.162122125038877,,,,False,not_applicable,,False,not_applicable,,False,not_applicable,"[0, 0]",True,,"[-0.6976, -0.0186]",True,,,False,non_literal_or_placeholder,"[-0.6789853572845459, -0.018746349960565567]","[-0.6976080536842346, -0.01862270198762417]","[0, 1]","[-0.6789853572845459, -0.018746349960565567]","[-0.01862269639968872, 0.00012364797294139862]",,,,,,
e231a4986adde733fd0d0138565d99884f9e23fc4a953665ef3162b5e0548f5a,3.5__MountainCar-v0__last-state__H30,MountainCar-v0,last-state,30,5,35,data/llmx_data/offline_data/physics_data/raw_transitions/MountainCar-v0/episodes/episode_0.npz,456,experiments/03_1_gpt35_history_n30_joint/results/records.jsonl,experiments/03_1_gpt35_history_n30_joint/results/runs/3.5__MountainCar-v0__last-state__H30/episode_000/predictions.jsonl,42ec2303b73dc77a7edcfae6d60497fc64a010be4431d31879b7aeec7ec725a8,False,1887,196,2083,2.473353417008184,2.4708349159918725,,,,False,not_applicable,,False,not_applicable,,False,not_applicable,"[0, 0]",True,,,False,missing_marker,,False,missing_marker,"[-0.6976080536842346, -0.01862270198762417]","[-0.7159841656684875, -0.018376104533672333]","[0, 1]","[-0.6976080536842346, -0.01862270198762417]","[-0.01837611198425293, 0.00024659745395183563]",,,,,,
13c0c52afe42e9b87a73d1841f183dddf96eca91e426d372a85c2603dac22d94,3.5__MountainCar-v0__last-state__H30,MountainCar-v0,last-state,30,6,36,data/llmx_data/offline_data/physics_data/raw_transitions/MountainCar-v0/episodes/episode_0.npz,457,experiments/03_1_gpt35_history_n30_joint/results/records.jsonl,experiments/03_1_gpt35_history_n30_joint/results/runs/3.5__MountainCar-v0__last-state__H30/episode_000/predictions.jsonl,b98b56896317c3ee408afe5e4f1f4582703901e6341158b81e87931fd7b47742,False,1885,121,2006,1.77788241696544,1.7746713339583948,,,,False,not_applicable,,False,not_applicable,,False,not_applicable,"[0, 0]",True,,,False,missing_marker,,False,missing_marker,"[-0.7159841656684875, -0.018376104533672333]","[-0.7339961528778076, -0.018011996522545815]","[0, 1]","[-0.7159841656684875, -0.018376104533672333]","[-0.01801198720932007, 0.00036410801112651825]",,,,,,
f766c41cd89f659b032f2475dd859a90ef4cd8518d0a2946ecdb31c6607aeaf7,3.5__MountainCar-v0__last-state__H30,MountainCar-v0,last-state,30,7,37,data/llmx_data/offline_data/physics_data/raw_transitions/MountainCar-v0/episodes/episode_0.npz,458,experiments/03_1_gpt35_history_n30_joint/results/records.jsonl,experiments/03_1_gpt35_history_n30_joint/results/runs/3.5__MountainCar-v0__last-state__H30/episode_000/predictions.jsonl,6ab1a34a85991b02c68bce6e6214ab0245647988f231b3d3abe9ca4f9d66424c,False,1885,126,2011,1.977564875036478,1.973481583991088,,,,False,not_applicable,,False,not_applicable,,False,not_applicable,"[0, 1]",True,,"[-0.7515, -0.0175]",True,,,False,non_literal_or_placeholder,"[-0.7339961528778076, -0.018011996522545815]","[-0.7515329122543335, -0.017536727711558342]","[0, 1]","[-0.7339961528778076, -0.018011996522545815]","[-0.01753675937652588, 0.00047526881098747253]",,,,,,
289b0f5cdcf476cbf8c11d167928f25d840315d24afa2ae461176f0b5e49e807,3.5__MountainCar-v0__last-state__H30,MountainCar-v0,last-state,30,8,38,data/llmx_data/offline_data/physics_data/raw_transitions/MountainCar-v0/episodes/episode_0.npz,459,experiments/03_1_gpt35_history_n30_joint/results/records.jsonl,experiments/03_1_gpt35_history_n30_joint/results/runs/3.5__MountainCar-v0__last-state__H30/episode_000/predictions.jsonl,ebd02660ff73d4751273603ba05059e5932b4cd04043a169f33a7b47bb4d4c16,False,1881,143,2024,1.5063222500029951,1.5037401670124382,,,,False,not_applicable,,False,not_applicable,,False,not_applicable,"[1, 0]",True,,"[-0.7685, -0.017]",True,,,False,non_literal_or_placeholder,"[-0.7515329122543335, -0.017536727711558342]","[-0.7684902548789978, -0.016957364976406097]","[0, 1]","[-0.7515329122543335, -0.017536727711558342]","[-0.016957342624664307, 0.0005793627351522446]",,,,,,
d194da534d2322c6243ec515edfd2a295577d513cd03ff846f5181d83b270c7d,3.5__MountainCar-v0__last-state__H30,MountainCar-v0,last-state,30,9,39,data/llmx_data/offline_data/physics_data/raw_transitions/MountainCar-v0/episodes/episode_0.npz,460,experiments/03_1_gpt35_history_n30_joint/results/records.jsonl,experiments/03_1_gpt35_history_n30_joint/results/runs/3.5__MountainCar-v0__last-state__H30/episode_000/predictions.jsonl,62584620b2e4c9ee1ab0397fb8269f6591c2f628ce8cae0735280d0e75379375,False,1882,108,1990,2.0775160000193864,2.0742559590144083,,,,False,not_applicable,,False,not_applicable,,False,not_applicable,"[1, 1]",True,,"[-0.7848, -0.0163]",True,,,False,non_literal_or_placeholder,"[-0.7684902548789978, -0.016957364976406097]","[-0.784771740436554, -0.016281500458717346]","[0, 1]","[-0.7684902548789978, -0.016957364976406097]","[-0.016281485557556152, 0.0006758645176887512]",,,,,,
f7ce262e2b2a620099580f2da904bc50b549663786719cda83f6372db7c731c4,3.5__MountainCar-v0__last-state__H30,MountainCar-v0,last-state,30,10,40,data/llmx_data/offline_data/physics_data/raw_transitions/MountainCar-v0/episodes/episode_0.npz,461,experiments/03_1_gpt35_history_n30_joint/results/records.jsonl,experiments/03_1_gpt35_history_n30_joint/results/runs/3.5__MountainCar-v0__last-state__H30/episode_000/predictions.jsonl,ef04abe5ce65221bf78330d476ecb3031728074a44eb1e2cebf1f05f8508c069,False,1880,151,2031,1.893362124916166,1.8899666670477018,,,,False,not_applicable,,False,not_applicable,,False,not_applicable,"[0, 0]",True,,"[-0.8003, -0.0155]",True,,,False,non_literal_or_placeholder,"[-0.784771740436554, -0.016281500458717346]","[-0.8002887964248657, -0.015517058782279491]","[0, 1]","[-0.784771740436554, -0.016281500458717346]","[-0.015517055988311768, 0.0007644416764378548]",,,,,,
1bc973982dbca0c84ab109ddeacb39d64795683dc3f09c6d771ddc8c933f119a,3.5__MountainCar-v0__last-state__H30,MountainCar-v0,last-state,30,11,41,data/llmx_data/offline_data/physics_data/raw_transitions/MountainCar-v0/episodes/episode_0.npz,462,experiments/03_1_gpt35_history_n30_joint/results/records.jsonl,experiments/03_1_gpt35_history_n30_joint/results/runs/3.5__MountainCar-v0__last-state__H30/episode_000/predictions.jsonl,49c2768d7e42eaae67287e1143decadecb3d1e91ebcb6aeb18f1855b6a8d5345,True,1878,219,2097,2.58045241702348,2.57679012499284,,,,False,not_applicable,,False,not_applicable,,False,not_applicable,"[0, 1]",True,,"[-0.82, -0.015]",True,,"[-0.005, 0.0003]",True,,"[-0.8002887964248657, -0.015517058782279491]","[-0.8149609565734863, -0.014672111719846725]","[0, 1]","[-0.8002887964248657, -0.015517058782279491]","[-0.014672160148620605, 0.000844947062432766]",,,,,,
5aa85365af27636a03aa4a970efcec9b255971795ba40fe9a8e8229b6414efc8,3.5__MountainCar-v0__last-state__H30,MountainCar-v0,last-state,30,12,42,data/llmx_data/offline_data/physics_data/raw_transitions/MountainCar-v0/episodes/episode_0.npz,463,experiments/03_1_gpt35_history_n30_joint/results/records.jsonl,experiments/03_1_gpt35_history_n30_joint/results/runs/3.5__MountainCar-v0__last-state__H30/episode_000/predictions.jsonl,ff4622276c90e4c4b9905102fe3fe671be742dc92e61e8c5767941cb4ca7675b,False,1878,221,2099,1.8846937500638887,1.8806985840201378,,,,False,not_applicable,,False,not_applicable,,False,not_applicable,"[0, 0]",True,,"[-0.8287, -0.0138]",True,,,False,non_literal_or_placeholder,"[-0.8149609565734863, -0.014672111719846725]","[-0.8287156820297241, -0.013754718005657196]","[0, 1]","[-0.8149609565734863, -0.014672111719846725]","[-0.013754725456237793, 0.0009173937141895294]",,,,,,
ac4552a01ba50e09a16256da78d53c6de2deba5ea34085f5acb1255e73bdca19,3.5__MountainCar-v0__last-state__H30,MountainCar-v0,last-state,30,13,43,data/llmx_data/offline_data/physics_data/raw_transitions/MountainCar-v0/episodes/episode_0.npz,464,experiments/03_1_gpt35_history_n30_joint/results/records.jsonl,experiments/03_1_gpt35_history_n30_joint/results/runs/3.5__MountainCar-v0__last-state__H30/episode_000/predictions.jsonl,b45598c185dd14d91f96290d0df32f292ac97ee484afd2ab299b14e1ccee611d,False,1876,198,2074,1.6120316250016913,1.60820266592782,,,,False,not_applicable,,False,not_applicable,,False,not_applicable,"[0, 1]",True,,,False,missing_marker,,False,missing_marker,"[-0.8287156820297241, -0.013754718005657196]","[-0.8414884209632874, -0.012772777117788792]","[0, 1]","[-0.8287156820297241, -0.013754718005657196]","[-0.012772738933563232, 0.0009819408878684044]",,,,,,
2114f74997d809e1d07ace0c060eeb84106bb3cf8915c140704edec911edc25c,3.5__MountainCar-v0__last-state__H30,MountainCar-v0,last-state,30,14,44,data/llmx_data/offline_data/physics_data/raw_transitions/MountainCar-v0/episodes/episode_0.npz,465,experiments/03_1_gpt35_history_n30_joint/results/records.jsonl,experiments/03_1_gpt35_history_n30_joint/results/runs/3.5__MountainCar-v0__last-state__H30/episode_000/predictions.jsonl,81b94add199e188bb8b5a424d52a93d94d2c9375e60cfe9cc4c087f8b0368543,False,1875,203,2078,1.8303561669308692,1.8272422500886023,,,,False,not_applicable,,False,not_applicable,,False,not_applicable,"[0, 0]",True,,"[-0.8532, -0.0117]",True,,,False,non_literal_or_placeholder,"[-0.8414884209632874, -0.012772777117788792]","[-0.8532223701477051, -0.011733916588127613]","[0, 1]","[-0.8414884209632874, -0.012772777117788792]","[-0.011733949184417725, 0.0010388605296611786]",,,,,,
a61dda458a210f2a552ac9a25d6f465dd16e7cef196ac7a652da78073909c48e,3.5__MountainCar-v0__last-state__H30,MountainCar-v0,last-state,30,15,45,data/llmx_data/offline_data/physics_data/raw_transitions/MountainCar-v0/episodes/episode_0.npz,466,experiments/03_1_gpt35_history_n30_joint/results/records.jsonl,experiments/03_1_gpt35_history_n30_joint/results/runs/3.5__MountainCar-v0__last-state__H30/episode_000/predictions.jsonl,2fbbbf276c149ee767097bdcd33d2281889c3ac6ef5a8dbf300d8ee2949fa30a,False,1874,191,2065,1.9961067910771817,1.9932478750124574,,,,False,not_applicable,,False,not_applicable,,False,not_applicable,"[1, 1]",True,,"[-0.8639, -0.0106]",True,,,False,non_literal_or_placeholder,"[-0.8532223701477051, -0.011733916588127613]","[-0.8638677597045898, -0.010645401664078236]","[0, 1]","[-0.8532223701477051, -0.011733916588127613]","[-0.010645389556884766, 0.0010885149240493774]",,,,,,
4c7a9e457032dcd381202f82d5e0f8f08ff49b641204bfa8ccc1c9aa97d7a14d,3.5__MountainCar-v0__last-state__H30,MountainCar-v0,last-state,30,16,46,data/llmx_data/offline_data/physics_data/raw_transitions/MountainCar-v0/episodes/episode_0.npz,467,experiments/03_1_gpt35_history_n30_joint/results/records.jsonl,experiments/03_1_gpt35_history_n30_joint/results/runs/3.5__MountainCar-v0__last-state__H30/episode_000/predictions.jsonl,9b0ae8f8a558893c77a93c01fff02fd86f0eb9a54c9a08dcf3c3bcdf3b4b9b8e,False,1867,176,2043,1.380065834033303,1.377480374998413,,,,False,not_applicable,,False,not_applicable,,False,not_applicable,"[1, 0]",True,,"[-0.8734, -0.0095]",True,,,False,non_literal_or_placeholder,"[-0.8638677597045898, -0.010645401664078236]","[-0.8733818531036377, -0.009514076635241508]","[0, 1]","[-0.8638677597045898, -0.010645401664078236]","[-0.009514093399047852, 0.0011313250288367271]",,,,,,
f297a7a2e284074edceb37071dbf7a8f228169941e7d7a03fd62776e8fb356df,3.5__MountainCar-v0__last-state__H30,MountainCar-v0,last-state,30,17,47,data/llmx_data/offline_data/physics_data/raw_transitions/MountainCar-v0/episodes/episode_0.npz,468,experiments/03_1_gpt35_history_n30_joint/results/records.jsonl,experiments/03_1_gpt35_history_n30_joint/results/runs/3.5__MountainCar-v0__last-state__H30/episode_000/predictions.jsonl,404440d3266e9821a8a98fd206d9c49e9b08fbdbfcaf84ed856dd2cd2c274fe0,True,1867,186,2053,1.8230793749680743,1.8190572079038247,,,,False,not_applicable,,False,not_applicable,,False,not_applicable,"[1, 1]",True,,"[-0.8817, -0.0083]",True,,"[0.0178, 0.0083]",True,,"[-0.8733818531036377, -0.009514076635241508]","[-0.8817281723022461, -0.008346328511834145]","[0, 1]","[-0.8733818531036377, -0.009514076635241508]","[-0.008346319198608398, 0.001167748123407364]",,,,,,
005e159d3e6dc41f4d959a30c0f888c54f5ab760dfe4992bea685f6f360cb106,3.5__MountainCar-v0__last-state__H30,MountainCar-v0,last-state,30,18,48,data/llmx_data/offline_data/physics_data/raw_transitions/MountainCar-v0/episodes/episode_0.npz,469,experiments/03_1_gpt35_history_n30_joint/results/records.jsonl,experiments/03_1_gpt35_history_n30_joint/results/runs/3.5__MountainCar-v0__last-state__H30/episode_000/predictions.jsonl,71009ceac462bb003678c642d57ebfeba6341e1c79412410341a62d32422e4fe,True,1867,223,2090,1.9157046660548076,1.9117217080201954,,,,False,not_applicable,,False,not_applicable,,False,not_applicable,"[1, 1]",True,,"[-0.8889, -0.0071]",True,,"[0.015, 0.0078]",True,,"[-0.8817281723022461, -0.008346328511834145]","[-0.8888762593269348, -0.007148081436753273]","[0, 1]","[-0.8817281723022461, -0.008346328511834145]","[-0.007148087024688721, 0.0011982470750808716]",,,,,,
6a2314af89c129e22fa6eee4cd87d70d9430a7448da38b97d1201ccb42955b71,3.5__MountainCar-v0__last-state__H30,MountainCar-v0,last-state,30,19,49,data/llmx_data/offline_data/physics_data/raw_transitions/MountainCar-v0/episodes/episode_0.npz,470,experiments/03_1_gpt35_history_n30_joint/results/records.jsonl,experiments/03_1_gpt35_history_n30_joint/results/runs/3.5__MountainCar-v0__last-state__H30/episode_000/predictions.jsonl,3819299111d2fdfe243f4d0d251cf60f766e00b4f24a2f6ad2570ae9d4c1050e,True,1867,214,2081,1.647865082952194,1.6439132500672713,,,,False,not_applicable,,False,not_applicable,,False,not_applicable,"[1, 0]",True,,"[-0.8948, -0.0059]",True,,"[0.0111, -0.0004]",True,,"[-0.8888762593269348, -0.007148081436753273]","[-0.8948010206222534, -0.005924808792769909]","[0, 1]","[-0.8888762593269348, -0.007148081436753273]","[-0.0059247612953186035, 0.001223272643983364]",,,,,,
07f7ea5730566e221b02837e949b6d9bbbbb8447af073ff88efa02e407f6dab3,3.5__MountainCar-v0__last-state__H30,MountainCar-v0,last-state,30,20,50,data/llmx_data/offline_data/physics_data/raw_transitions/MountainCar-v0/episodes/episode_0.npz,471,experiments/03_1_gpt35_history_n30_joint/results/records.jsonl,experiments/03_1_gpt35_history_n30_joint/results/runs/3.5__MountainCar-v0__last-state__H30/episode_000/predictions.jsonl,b62b917a5b25d2a51d4ee49f0e226cab82a8f31d7f1133942fa20ba8c8fb6e1a,False,1867,124,1991,1.8113038330338895,1.807606334099546,,,,False,not_applicable,,False,not_applicable,,False,not_applicable,"[1, 0]",True,,"[-0.8985, -0.0037]",True,,,False,non_literal_or_placeholder,"[-0.8948010206222534, -0.005924808792769909]","[-0.898482620716095, -0.0036815667990595102]","[0, 1]","[-0.8948010206222534, -0.005924808792769909]","[-0.0036816000938415527, 0.0022432419937103987]",,,,,,
204d402094b72ae79d292dc071b981dcbac6ade07585b31f60c7766ac15e2bc8,3.5__MountainCar-v0__last-state__H30,MountainCar-v0,last-state,30,21,51,data/llmx_data/offline_data/physics_data/raw_transitions/MountainCar-v0/episodes/episode_0.npz,472,experiments/03_1_gpt35_history_n30_joint/results/records.jsonl,experiments/03_1_gpt35_history_n30_joint/results/runs/3.5__MountainCar-v0__last-state__H30/episode_000/predictions.jsonl,73d01d948d1ce9798b999815a791bbb2f0eacacc97372b25df23a0994b190f23,True,1873,224,2097,1.9572904999367893,1.953576457919553,,,,False,not_applicable,,False,not_applicable,,False,not_applicable,"[0, 2]",True,,"[-0.8991, -0.0004]",True,,"[0.0047, -0.0055]",True,,"[-0.898482620716095, -0.0036815667990595102]","[-0.8989089131355286, -0.00042627370567061007]","[0, 1]","[-0.898482620716095, -0.0036815667990595102]","[-0.00042629241943359375, 0.0032552930933889]",,,,,,
e8e74c67496930e98a99411e9a3c882dafed7164e86150dfefccb23cc895f03b,3.5__MountainCar-v0__last-state__H30,MountainCar-v0,last-state,30,22,52,data/llmx_data/offline_data/physics_data/raw_transitions/MountainCar-v0/episodes/episode_0.npz,473,experiments/03_1_gpt35_history_n30_joint/results/records.jsonl,experiments/03_1_gpt35_history_n30_joint/results/runs/3.5__MountainCar-v0__last-state__H30/episode_000/predictions.jsonl,0e3444b50c9fa6b7a0b8f4f464fc1fd7c723492ffc128905d63783338d5e2e9c,False,1869,220,2089,2.446084333001636,2.4438203340396285,,,,False,not_applicable,,False,not_applicable,,False,not_applicable,"[1, 1]",True,,"[-0.8961, 0.0028]",True,,,False,non_literal_or_placeholder,"[-0.8989089131355286, -0.00042627370567061007]","[-0.8960784673690796, 0.002830397104844451]","[1, 1]","[-0.8989089131355286, -0.00042627370567061007]","[0.0028304457664489746, 0.003256670810515061]",,,,,,
7d7d2b70a08bd2b8a0d552eef57ff84551db2841b6d5b069edd472f70484e50d,3.5__MountainCar-v0__last-state__H30,MountainCar-v0,last-state,30,23,53,data/llmx_data/offline_data/physics_data/raw_transitions/MountainCar-v0/episodes/episode_0.npz,474,experiments/03_1_gpt35_history_n30_joint/results/records.jsonl,experiments/03_1_gpt35_history_n30_joint/results/runs/3.5__MountainCar-v0__last-state__H30/episode_000/predictions.jsonl,9ef569c1d49e22ce896a9bd921b4a06fa483636792ab464d0e0d0cb619fb88fd,True,1875,177,2052,1.637866416014731,1.6336864170152694,,,,False,not_applicable,,False,not_applicable,,False,not_applicable,"[0, 0]",True,,"[-0.89891, -0.0043]",True,,"[9e-05, 0.0104]",True,,"[-0.8960784673690796, 0.002830397104844451]","[-0.8900006413459778, 0.0060778516344726086]","[1, 1]","[-0.8960784673690796, 0.002830397104844451]","[0.006077826023101807, 0.0032474545296281576]",,,,,,
8ce3ff93ef034b45b593cc25aca4097de0101b606de8574db603265f0a42455b,3.5__MountainCar-v0__last-state__H30,MountainCar-v0,last-state,30,24,54,data/llmx_data/offline_data/physics_data/raw_transitions/MountainCar-v0/episodes/episode_0.npz,475,experiments/03_1_gpt35_history_n30_joint/results/records.jsonl,experiments/03_1_gpt35_history_n30_joint/results/runs/3.5__MountainCar-v0__last-state__H30/episode_000/predictions.jsonl,e62fa07c4ab35c793159192d0b3702058ef16bf8a18148b6bd0226c837672e2a,False,1876,163,2039,1.9277989579131827,1.9246279579820111,,,,False,not_applicable,,False,not_applicable,,False,not_applicable,"[1, 1]",True,,"[-0.8807, 0.0093]",True,,,False,non_literal_or_placeholder,"[-0.8900006413459778, 0.0060778516344726086]","[-0.880695641040802, 0.009304968640208244]","[1, 1]","[-0.8900006413459778, 0.0060778516344726086]","[0.009305000305175781, 0.0032271170057356358]",,,,,,
1322dbb6046a99db8ee786c63a112e63314f3c152de6fd0d843de2359b3fb955,3.5__MountainCar-v0__last-state__H30,MountainCar-v0,last-state,30,25,55,data/llmx_data/offline_data/physics_data/raw_transitions/MountainCar-v0/episodes/episode_0.npz,476,experiments/03_1_gpt35_history_n30_joint/results/records.jsonl,experiments/03_1_gpt35_history_n30_joint/results/runs/3.5__MountainCar-v0__last-state__H30/episode_000/predictions.jsonl,6d02797d28b9065f9dda11edd55346c8a96f80985d43d2d922fa48f78a416d66,False,1877,173,2050,2.099634666927159,2.095724125043489,,,,False,not_applicable,,False,not_applicable,,False,not_applicable,"[1, 1]",True,,"[-0.8682, 0.0125]",True,,,False,non_literal_or_placeholder,"[-0.880695641040802, 0.009304968640208244]","[-0.8681961297988892, 0.01249951682984829]","[1, 1]","[-0.880695641040802, 0.009304968640208244]","[0.012499511241912842, 0.003194548189640045]",,,,,,
63e55a55fc112e8126c2825949794c2863c9d218272562f6ffa78f833a03fcd1,3.5__MountainCar-v0__last-state__H30,MountainCar-v0,last-state,30,26,56,data/llmx_data/offline_data/physics_data/raw_transitions/MountainCar-v0/episodes/episode_0.npz,477,experiments/03_1_gpt35_history_n30_joint/results/records.jsonl,experiments/03_1_gpt35_history_n30_joint/results/runs/3.5__MountainCar-v0__last-state__H30/episode_000/predictions.jsonl,429064ebbc055ac2d3e77082bfe18f3e5722ff9ecccf142586891d7ad0f0a482,False,1879,129,2008,1.4790863340022042,1.4757985830074176,,,,False,not_applicable,,False,not_applicable,,False,not_applicable,"[1, 1]",True,,"[-0.8525, 0.0156]",True,,,False,non_literal_or_placeholder,"[-0.8681961297988892, 0.01249951682984829]","[-0.8525485396385193, 0.015647629275918007]","[1, 1]","[-0.8681961297988892, 0.01249951682984829]","[0.015647590160369873, 0.0031481124460697174]",,,,,,
f911466c743749ea57b150337e3d55a2545069c5f9f282afa727cdc36d44e12f,3.5__MountainCar-v0__last-state__H30,MountainCar-v0,last-state,30,27,57,data/llmx_data/offline_data/physics_data/raw_transitions/MountainCar-v0/episodes/episode_0.npz,478,experiments/03_1_gpt35_history_n30_joint/results/records.jsonl,experiments/03_1_gpt35_history_n30_joint/results/runs/3.5__MountainCar-v0__last-state__H30/episode_000/predictions.jsonl,5b79da599654fcf83acc6f7253fdbcb0be74b0417e947135fd28dfb637caf6ca,False,1880,144,2024,2.105581249925308,2.1013599999714643,,,,False,not_applicable,,False,not_applicable,,False,not_applicable,"[1, 1]",True,,"[-0.8338, 0.0187]",True,,,False,non_literal_or_placeholder,"[-0.8525485396385193, 0.015647629275918007]","[-0.8338151574134827, 0.01873336173593998]","[1, 1]","[-0.8525485396385193, 0.015647629275918007]","[0.01873338222503662, 0.0030857324600219727]",,,,,,
ce8763225ad14dc64197b3aff0cb5bf8edebdd4e2f6f5fa56a34ed30c9506557,3.5__MountainCar-v0__last-state__H30,MountainCar-v0,last-state,30,28,58,data/llmx_data/offline_data/physics_data/raw_transitions/MountainCar-v0/episodes/episode_0.npz,479,experiments/03_1_gpt35_history_n30_joint/results/records.jsonl,experiments/03_1_gpt35_history_n30_joint/results/runs/3.5__MountainCar-v0__last-state__H30/episode_000/predictions.jsonl,3028a67d954c7d4a8b8aa2ea6aa6c5b7b4070d5332b5cfc21caeaaeba6cf6ea6,False,1882,187,2069,2.0436987079447135,2.0398423749720678,,,,False,not_applicable,,False,not_applicable,,False,not_applicable,"[0, 1]",True,,"[-0.8121, 0.0217]",True,,,False,non_literal_or_placeholder,"[-0.8338151574134827, 0.01873336173593998]","[-0.8120768070220947, 0.021738382056355476]","[1, 1]","[-0.8338151574134827, 0.01873336173593998]","[0.02173835039138794, 0.003005020320415497]",,,,,,
674d9e7d449aa7ac61b7f09ee414bccec7271f879c9a87a3e52bfa899433d7ea,3.5__MountainCar-v0__last-state__H30,MountainCar-v0,last-state,30,29,59,data/llmx_data/offline_data/physics_data/raw_transitions/MountainCar-v0/episodes/episode_0.npz,480,experiments/03_1_gpt35_history_n30_joint/results/records.jsonl,experiments/03_1_gpt35_history_n30_joint/results/runs/3.5__MountainCar-v0__last-state__H30/episode_000/predictions.jsonl,e36bff233ccf73ec9425f0646521396f0387892722ec40189e72ae4f733970ae,False,1883,182,2065,1.522139042033814,1.5188762920442969,,,,False,not_applicable,,False,not_applicable,,False,not_applicable,"[0, 0]",True,,,False,missing_marker,,False,missing_marker,"[-0.8120768070220947, 0.021738382056355476]","[-0.7874349355697632, 0.024641823023557663]","[1, 1]","[-0.8120768070220947, 0.021738382056355476]","[0.024641871452331543, 0.0029034409672021866]",,,,,,
139a1459481ef57ae7dc67859fc7cb6259cd928fa9c15b15b5e21eac4b4aa962,3.5__Pendulum-v1__next-action__H5,Pendulum-v1,next-action,5,0,5,data/llmx_data/offline_data/physics_data/raw_transitions/Pendulum-v1/episodes/episode_0.npz,481,experiments/03_1_gpt35_history_n30_joint/results/records.jsonl,experiments/03_1_gpt35_history_n30_joint/results/runs/3.5__Pendulum-v1__next-action__H5/episode_000/predictions.jsonl,41fa7d8de6785937934dcd1dcc27198163e4b0fb3fa039ce2028a2a08f3e01cf,True,1271,217,1488,2.279955375008285,2.275814332999289,[-1.7580721378326416],,,False,not_applicable,[0.6],True,,[6],True,,,False,not_applicable,,False,not_applicable,,False,not_applicable,,,,,,[0],,,,,
ae83a85ca8b2a3883c6cb641ce037d05a3f31f43171e29941885892a6a1a3352,3.5__Pendulum-v1__next-action__H5,Pendulum-v1,next-action,5,1,6,data/llmx_data/offline_data/physics_data/raw_transitions/Pendulum-v1/episodes/episode_0.npz,482,experiments/03_1_gpt35_history_n30_joint/results/records.jsonl,experiments/03_1_gpt35_history_n30_joint/results/runs/3.5__Pendulum-v1__next-action__H5/episode_000/predictions.jsonl,d49e3ea2d964dacc6e62d2c47e04069e90fea77b7924dc8570925fb562a76b44,True,1275,216,1491,1.6828482089331374,1.6784553750185296,[-1.347569465637207],,,False,not_applicable,[-2.0],True,,[0],True,,,False,not_applicable,,False,not_applicable,,False,not_applicable,,,,,,[1],,,,,
049f6679db9f9745896034f55ba125da9beb657b1c7e097f06908ed29384444c,3.5__Pendulum-v1__next-action__H5,Pendulum-v1,next-action,5,2,7,data/llmx_data/offline_data/physics_data/raw_transitions/Pendulum-v1/episodes/episode_0.npz,483,experiments/03_1_gpt35_history_n30_joint/results/records.jsonl,experiments/03_1_gpt35_history_n30_joint/results/runs/3.5__Pendulum-v1__next-action__H5/episode_000/predictions.jsonl,617e32dc043111bed2d74604421616d9ca86a3118ff73b57daa90e7a25886b60,True,1278,180,1458,1.7530276250327006,1.7488397500710562,[-1.195901870727539],,,False,not_applicable,[1.6],True,,[8],True,,,False,not_applicable,,False,not_applicable,,False,not_applicable,,,,,,[2],,,,,
e4f28e0c7972a571e491dd2813ec4aee4d0e678f2b49a2f200d9acc12a8c1230,3.5__Pendulum-v1__next-action__H5,Pendulum-v1,next-action,5,3,8,data/llmx_data/offline_data/physics_data/raw_transitions/Pendulum-v1/episodes/episode_0.npz,484,experiments/03_1_gpt35_history_n30_joint/results/records.jsonl,experiments/03_1_gpt35_history_n30_joint/results/runs/3.5__Pendulum-v1__next-action__H5/episode_000/predictions.jsonl,7156901b04bacfe1a9588df2916a0b7426189851441c9779f7ba51c245810821,True,1281,142,1423,1.4773331669857726,1.474161499994807,[-2.0],,,False,not_applicable,[0.0],True,,[4],True,,,False,not_applicable,,False,not_applicable,,False,not_applicable,,,,,,[0],,,,,
116ed643ab8db1feeceaa560b6eb156fe1b505e23bd5516ca8f3b1d3554dabc0,3.5__Pendulum-v1__next-action__H5,Pendulum-v1,next-action,5,4,9,data/llmx_data/offline_data/physics_data/raw_transitions/Pendulum-v1/episodes/episode_0.npz,485,experiments/03_1_gpt35_history_n30_joint/results/records.jsonl,experiments/03_1_gpt35_history_n30_joint/results/runs/3.5__Pendulum-v1__next-action__H5/episode_000/predictions.jsonl,469f1a7c609fafa5f415647b57ac40c0898801fdbacb0d27e6512a3fb82d5933,True,1281,150,1431,2.181104499963112,2.1781539579387754,[1.6174393892288208],,,False,not_applicable,[-1.0],True,,[4],True,,,False,not_applicable,,False,not_applicable,,False,not_applicable,,,,,,[9],,,,,
0db8a47c71ed4da38c335889a09a8127cd2ff89ae7fce626066fab4ced373344,3.5__Pendulum-v1__next-action__H5,Pendulum-v1,next-action,5,5,10,data/llmx_data/offline_data/physics_data/raw_transitions/Pendulum-v1/episodes/episode_0.npz,486,experiments/03_1_gpt35_history_n30_joint/results/records.jsonl,experiments/03_1_gpt35_history_n30_joint/results/runs/3.5__Pendulum-v1__next-action__H5/episode_000/predictions.jsonl,c9f4014976d074c7b631435834aaac40ef980b6a90d9dd32ca3226d3e0db2023,True,1285,189,1474,2.2603047089651227,2.2566545829176903,[1.809918761253357],,,False,not_applicable,[0.6],True,,[6],True,,,False,not_applicable,,False,not_applicable,,False,not_applicable,,,,,,[9],,,,,
a6a1922a8af57e1b24178a0576513d4bb0f0311790d2212bc187008d0de27752,3.5__Pendulum-v1__next-action__H5,Pendulum-v1,next-action,5,6,11,data/llmx_data/offline_data/physics_data/raw_transitions/Pendulum-v1/episodes/episode_0.npz,487,experiments/03_1_gpt35_history_n30_joint/results/records.jsonl,experiments/03_1_gpt35_history_n30_joint/results/runs/3.5__Pendulum-v1__next-action__H5/episode_000/predictions.jsonl,e3b0ba6ae64eacd4ae31b79bd6488e5680b51ecde228b7adff8818a66d9c7bb5,True,1283,203,1486,2.549173916922882,2.544568624929525,[-0.3191149830818176],,,False,not_applicable,[1.2],True,,[8],True,,,False,not_applicable,,False,not_applicable,,False,not_applicable,,,,,,[4],,,,,
8b6779c6d52ae3dde216ed36c2b055f696acdf7e16c92bc3c5c704218df4b73f,3.5__Pendulum-v1__next-action__H5,Pendulum-v1,next-action,5,7,12,data/llmx_data/offline_data/physics_data/raw_transitions/Pendulum-v1/episodes/episode_0.npz,488,experiments/03_1_gpt35_history_n30_joint/results/records.jsonl,experiments/03_1_gpt35_history_n30_joint/results/runs/3.5__Pendulum-v1__next-action__H5/episode_000/predictions.jsonl,fa1617b9eee0aceae6b1b7293ced8468eaa954da197545e6c971e147ebdc8d50,True,1281,245,1526,2.7110626659123227,2.7067274170694873,[1.4111299514770508],,,False,not_applicable,[-0.3],True,,[4],True,,,False,not_applicable,,False,not_applicable,,False,not_applicable,,,,,,[8],,,,,
72ab97380844371e32ce9dd63eaa242eeaca12c30f5606d6ac8ea90650e38f72,3.5__Pendulum-v1__next-action__H5,Pendulum-v1,next-action,5,8,13,data/llmx_data/offline_data/physics_data/raw_transitions/Pendulum-v1/episodes/episode_0.npz,489,experiments/03_1_gpt35_history_n30_joint/results/records.jsonl,experiments/03_1_gpt35_history_n30_joint/results/runs/3.5__Pendulum-v1__next-action__H5/episode_000/predictions.jsonl,46282fc07ab1b4b088fa96a1720c9c8e6a7c274a8fb03a59b7279313b9159b41,True,1278,227,1505,2.838047041906975,2.8339259169297293,[-1.4400720596313477],,,False,not_applicable,[0.4],True,,[5],True,,,False,not_applicable,,False,not_applicable,,False,not_applicable,,,,,,[1],,,,,
0dffd27ee8a8b5cf37f3b86f9437b06f8bfe9f65a2f35c481328f779f9cd2084,3.5__Pendulum-v1__next-action__H5,Pendulum-v1,next-action,5,9,14,data/llmx_data/offline_data/physics_data/raw_transitions/Pendulum-v1/episodes/episode_0.npz,490,experiments/03_1_gpt35_history_n30_joint/results/records.jsonl,experiments/03_1_gpt35_history_n30_joint/results/runs/3.5__Pendulum-v1__next-action__H5/episode_000/predictions.jsonl,c88e5343c02b3d699b53e7117fbccb77f9cf6a4c0860949886b09c86fa826b80,True,1280,234,1514,2.4324398749740794,2.4277912919642404,[1.7092909812927246],,,False,not_applicable,[-1.4],True,,[4],True,,,False,not_applicable,,False,not_applicable,,False,not_applicable,,,,,,[9],,,,,
e58b882940e3375815bd4a2569b29aacbcbdb303b001e62a990cb801d705ec86,3.5__Pendulum-v1__next-action__H5,Pendulum-v1,next-action,5,10,15,data/llmx_data/offline_data/physics_data/raw_transitions/Pendulum-v1/episodes/episode_0.npz,491,experiments/03_1_gpt35_history_n30_joint/results/records.jsonl,experiments/03_1_gpt35_history_n30_joint/results/runs/3.5__Pendulum-v1__next-action__H5/episode_000/predictions.jsonl,aa49981858a61a918043526f0b8703a217f2d8c83af995d615486e2fc69d2779,False,1280,186,1466,2.4143847910454497,2.4101147080073133,[-0.9497600793838501],,,False,not_applicable,,False,missing_marker,[6],True,,,False,not_applicable,,False,not_applicable,,False,not_applicable,,,,,,[2],,,,,
9cda6b6deac3bfcda91d5e7e5e847570f673345592d884287122945c29ec9c14,3.5__Pendulum-v1__next-action__H5,Pendulum-v1,next-action,5,11,16,data/llmx_data/offline_data/physics_data/raw_transitions/Pendulum-v1/episodes/episode_0.npz,492,experiments/03_1_gpt35_history_n30_joint/results/records.jsonl,experiments/03_1_gpt35_history_n30_joint/results/runs/3.5__Pendulum-v1__next-action__H5/episode_000/predictions.jsonl,f0e069145f5c4c5b1fdec6d77b85655b5a4986d3b2a645d93b67a495dd10f262,False,1279,249,1528,1.8454239170532674,1.8412942079594359,[0.5440352559089661],,,False,not_applicable,,False,missing_marker,[3],True,,,False,not_applicable,,False,not_applicable,,False,not_applicable,,,,,,[6],,,,,
f74fd94449aed6e39bb10248f52fc68f50cdfdc083585cc308e56ac5d29d7081,3.5__Pendulum-v1__next-action__H5,Pendulum-v1,next-action,5,12,17,data/llmx_data/offline_data/physics_data/raw_transitions/Pendulum-v1/episodes/episode_0.npz,493,experiments/03_1_gpt35_history_n30_joint/results/records.jsonl,experiments/03_1_gpt35_history_n30_joint/results/runs/3.5__Pendulum-v1__next-action__H5/episode_000/predictions.jsonl,4745386f66a4282679be9c9a0538454e9ede67cf1ba0cd5c8d461df91ba9a838,False,1277,183,1460,1.5336435829522088,1.5300822909921408,[0.02499106526374817],,,False,not_applicable,,False,missing_marker,[3],True,,,False,not_applicable,,False,not_applicable,,False,not_applicable,,,,,,[5],,,,,
9edcb0e4e82e78fec74038c2087524868862d2f66e6862bee6dd1e7787247eec,3.5__Pendulum-v1__next-action__H5,Pendulum-v1,next-action,5,13,18,data/llmx_data/offline_data/physics_data/raw_transitions/Pendulum-v1/episodes/episode_0.npz,494,experiments/03_1_gpt35_history_n30_joint/results/records.jsonl,experiments/03_1_gpt35_history_n30_joint/results/runs/3.5__Pendulum-v1__next-action__H5/episode_000/predictions.jsonl,8304ae448d99ec2e9cadf2265ac565f6ea612882a47ec07593d94ce873e3afaf,True,1278,253,1531,3.027603375026956,3.0235315000172704,[0.7087789177894592],,,False,not_applicable,[0.5],True,,[6],True,,,False,not_applicable,,False,not_applicable,,False,not_applicable,,,,,,[6],,,,,
bd427e8ebc34d78955ed3bc89826f74f3d4ae7eb4d3af044292a7a9684b57353,3.5__Pendulum-v1__next-action__H5,Pendulum-v1,next-action,5,14,19,data/llmx_data/offline_data/physics_data/raw_transitions/Pendulum-v1/episodes/episode_0.npz,495,experiments/03_1_gpt35_history_n30_joint/results/records.jsonl,experiments/03_1_gpt35_history_n30_joint/results/runs/3.5__Pendulum-v1__next-action__H5/episode_000/predictions.jsonl,a11911dfaf4b91221407099e32e49ee81f950aeab31c12fd2573dac0ddf595c6,True,1278,177,1455,1.5101872080704197,1.5066599999554455,[0.5939425230026245],,,False,not_applicable,[0.4],True,,[6],True,,,False,not_applicable,,False,not_applicable,,False,not_applicable,,,,,,[6],,,,,
33bdac9b21d8771669702ff48d2bc646f942fbf4360e618be5d4d4553002f48b,3.5__Pendulum-v1__next-action__H5,Pendulum-v1,next-action,5,15,20,data/llmx_data/offline_data/physics_data/raw_transitions/Pendulum-v1/episodes/episode_0.npz,496,experiments/03_1_gpt35_history_n30_joint/results/records.jsonl,experiments/03_1_gpt35_history_n30_joint/results/runs/3.5__Pendulum-v1__next-action__H5/episode_000/predictions.jsonl,9f6670e1dc7c0ccd7d0dab2a8bf9f6045de4480023c99c709a9a7b4751acf0dc,True,1279,218,1497,2.2284986251033843,2.2257256250595674,[0.08882922679185867],,,False,not_applicable,[0.0],True,,[5],True,,,False,not_applicable,,False,not_applicable,,False,not_applicable,,,,,,[5],,,,,
962f07b227fdf82a8b80c43550ccc66826e06ef35d4070302ba9856c993a28d0,3.5__Pendulum-v1__next-action__H5,Pendulum-v1,next-action,5,16,21,data/llmx_data/offline_data/physics_data/raw_transitions/Pendulum-v1/episodes/episode_0.npz,497,experiments/03_1_gpt35_history_n30_joint/results/records.jsonl,experiments/03_1_gpt35_history_n30_joint/results/runs/3.5__Pendulum-v1__next-action__H5/episode_000/predictions.jsonl,1d89451594e90cbdfc4b71368111863acfe123020da6a01fdc3bb71e3cc4e16b,True,1277,210,1487,2.0490156669402495,2.046274665975943,[0.6434862613677979],,,False,not_applicable,[-0.5],True,,[3],True,,,False,not_applicable,,False,not_applicable,,False,not_applicable,,,,,,[6],,,,,
ed6fe1194c5fbe9528d662821396b217ebae3e8cc27057e5dfe2f824a8a207dd,3.5__Pendulum-v1__next-action__H5,Pendulum-v1,next-action,5,17,22,data/llmx_data/offline_data/physics_data/raw_transitions/Pendulum-v1/episodes/episode_0.npz,498,experiments/03_1_gpt35_history_n30_joint/results/records.jsonl,experiments/03_1_gpt35_history_n30_joint/results/runs/3.5__Pendulum-v1__next-action__H5/episode_000/predictions.jsonl,1a31280adaf80dedc618f2cb8746906c118b311606013556d39e9a78bedc4bf1,True,1279,273,1552,2.649303040932864,2.6460482090478763,[-1.0871518850326538],,,False,not_applicable,[0.8],True,,[7],True,,,False,not_applicable,,False,not_applicable,,False,not_applicable,,,,,,[2],,,,,
63b729a9dedbd645da72cc1e239ae156f5e0d416bfd378aa83aca38984c4744b,3.5__Pendulum-v1__next-action__H5,Pendulum-v1,next-action,5,18,23,data/llmx_data/offline_data/physics_data/raw_transitions/Pendulum-v1/episodes/episode_0.npz,499,experiments/03_1_gpt35_history_n30_joint/results/records.jsonl,experiments/03_1_gpt35_history_n30_joint/results/runs/3.5__Pendulum-v1__next-action__H5/episode_000/predictions.jsonl,abcf00eb5eb0dc1a129aeea5b090e4bd90b90f89ab0cb4eb3b11cadcd8b82d9a,True,1281,217,1498,2.2258265001000836,2.2219602500554174,[1.421302080154419],,,False,not_applicable,[-1.2],True,,[2],True,,,False,not_applicable,,False,not_applicable,,False,not_applicable,,,,,,[8],,,,,
003118c61f689635d0ea1b09b4d46f702c4ddbc8e75564d9f78ebbe619c73e63,3.5__Pendulum-v1__next-action__H5,Pendulum-v1,next-action,5,19,24,data/llmx_data/offline_data/physics_data/raw_transitions/Pendulum-v1/episodes/episode_0.npz,500,experiments/03_1_gpt35_history_n30_joint/results/records.jsonl,experiments/03_1_gpt35_history_n30_joint/results/runs/3.5__Pendulum-v1__next-action__H5/episode_000/predictions.jsonl,6e2a51869579f7da77643783952114509a65c6ee4c229608d58f13bd6c93912d,True,1282,178,1460,2.7043486250331625,2.7005722080357373,[0.33447736501693726],,,False,not_applicable,[-0.2],True,,[4],True,,,False,not_applicable,,False,not_applicable,,False,not_applicable,,,,,,[5],,,,,
6c74eb1e7ecea10e54a78cb24b4ff053a08b91ad043e651c70b828b0c6381123,3.5__Pendulum-v1__next-action__H5,Pendulum-v1,next-action,5,20,25,data/llmx_data/offline_data/physics_data/raw_transitions/Pendulum-v1/episodes/episode_0.npz,501,experiments/03_1_gpt35_history_n30_joint/results/records.jsonl,experiments/03_1_gpt35_history_n30_joint/results/runs/3.5__Pendulum-v1__next-action__H5/episode_000/predictions.jsonl,9884d542810236afade9af52251266b2d042c971981a89f002b645063661c723,True,1282,261,1543,2.2475698329508305,2.2429199579637498,[-0.48779454827308655],,,False,not_applicable,[-0.5],True,,[3],True,,,False,not_applicable,,False,not_applicable,,False,not_applicable,,,,,,[3],,,,,
2d0b50c613c01cbc6ef0cf74758fd516357c82f13830d40805b684b8d949b9e0,3.5__Pendulum-v1__next-action__H5,Pendulum-v1,next-action,5,21,26,data/llmx_data/offline_data/physics_data/raw_transitions/Pendulum-v1/episodes/episode_0.npz,502,experiments/03_1_gpt35_history_n30_joint/results/records.jsonl,experiments/03_1_gpt35_history_n30_joint/results/runs/3.5__Pendulum-v1__next-action__H5/episode_000/predictions.jsonl,3d28cc07ba18bb95b79e56c6ab0e6c7fe82ef5ece552cc96c44df3c90533d951,True,1282,191,1473,2.535690875025466,2.5319538329495117,[0.6751355528831482],,,False,not_applicable,[-0.4],True,,[4],True,,,False,not_applicable,,False,not_applicable,,False,not_applicable,,,,,,[6],,,,,
0f1c9b16002dca5c3343d911dec9fab9b768b48885d677ce5b275b94debf5cae,3.5__Pendulum-v1__next-action__H5,Pendulum-v1,next-action,5,22,27,data/llmx_data/offline_data/physics_data/raw_transitions/Pendulum-v1/episodes/episode_0.npz,503,experiments/03_1_gpt35_history_n30_joint/results/records.jsonl,experiments/03_1_gpt35_history_n30_joint/results/runs/3.5__Pendulum-v1__next-action__H5/episode_000/predictions.jsonl,0f3ffdc73832abb29182c4213b4f0acf80f82ea07d693fe121251fa9d437da35,True,1293,253,1546,2.9095529170008376,2.9060696669621393,[0.7845479249954224],,,False,not_applicable,[0.0],True,,[4],True,,,False,not_applicable,,False,not_applicable,,False,not_applicable,,,,,,[6],,,,,
f52150800062558893f14cbe4585e62013e779b660be7471c70c914cfc28a5ca,3.5__Pendulum-v1__next-action__H5,Pendulum-v1,next-action,5,23,28,data/llmx_data/offline_data/physics_data/raw_transitions/Pendulum-v1/episodes/episode_0.npz,504,experiments/03_1_gpt35_history_n30_joint/results/records.jsonl,experiments/03_1_gpt35_history_n30_joint/results/runs/3.5__Pendulum-v1__next-action__H5/episode_000/predictions.jsonl,7fab26d010cc243e3e4e627fc93e643d9b4f9e5812e7ed6a5e532d23c6b25fa3,True,1290,201,1491,1.8737564160255715,1.8714241249253973,[-1.375152826309204],,,False,not_applicable,[1.0],True,,[8],True,,,False,not_applicable,,False,not_applicable,,False,not_applicable,,,,,,[1],,,,,
e6a87289247d3f15932cb6c39f650cdcd8c78480913c2b579f67902cced5db43,3.5__Pendulum-v1__next-action__H5,Pendulum-v1,next-action,5,24,29,data/llmx_data/offline_data/physics_data/raw_transitions/Pendulum-v1/episodes/episode_0.npz,505,experiments/03_1_gpt35_history_n30_joint/results/records.jsonl,experiments/03_1_gpt35_history_n30_joint/results/runs/3.5__Pendulum-v1__next-action__H5/episode_000/predictions.jsonl,cf4d7ffcd6533df1ac1515ced7ddf1717ef46224a20c4b255e1b9d32486d850b,True,1291,187,1478,1.5011585829779506,1.498030957998708,[1.9077938795089722],,,False,not_applicable,[-1.6],True,,[1],True,,,False,not_applicable,,False,not_applicable,,False,not_applicable,,,,,,[9],,,,,
01260ddb03165202a597ca4a3238130274a29c4f17b421bcd729c3dc6a0fe1c9,3.5__Pendulum-v1__next-action__H5,Pendulum-v1,next-action,5,25,30,data/llmx_data/offline_data/physics_data/raw_transitions/Pendulum-v1/episodes/episode_0.npz,506,experiments/03_1_gpt35_history_n30_joint/results/records.jsonl,experiments/03_1_gpt35_history_n30_joint/results/runs/3.5__Pendulum-v1__next-action__H5/episode_000/predictions.jsonl,b86bfcdf880842fe58bdbcf4d25f0ec998c2d2b82893d2ebdb19cbecae8363fd,True,1291,203,1494,2.0856856249738485,2.081903374986723,[-0.8885178565979004],,,False,not_applicable,[0.4],True,,[6],True,,,False,not_applicable,,False,not_applicable,,False,not_applicable,,,,,,[2],,,,,
e801b2f0b914780739a216030e66faeb33bcbad76e81c644b313b9c9ea043e46,3.5__Pendulum-v1__next-action__H5,Pendulum-v1,next-action,5,26,31,data/llmx_data/offline_data/physics_data/raw_transitions/Pendulum-v1/episodes/episode_0.npz,507,experiments/03_1_gpt35_history_n30_joint/results/records.jsonl,experiments/03_1_gpt35_history_n30_joint/results/runs/3.5__Pendulum-v1__next-action__H5/episode_000/predictions.jsonl,e7bae27e24694636271546ad10e17c75efa7117672a4c7f8b260e4c892f3bc39,True,1291,136,1427,2.0315251250285655,2.027214542031288,[1.4703737497329712],,,False,not_applicable,[0.4],True,,[6],True,,,False,not_applicable,,False,not_applicable,,False,not_applicable,,,,,,[8],,,,,
3d8ab448405f5fdc6afcf3e604ba12921fbf46bed118f19ea429c074545d0117,3.5__Pendulum-v1__next-action__H5,Pendulum-v1,next-action,5,27,32,data/llmx_data/offline_data/physics_data/raw_transitions/Pendulum-v1/episodes/episode_0.npz,508,experiments/03_1_gpt35_history_n30_joint/results/records.jsonl,experiments/03_1_gpt35_history_n30_joint/results/runs/3.5__Pendulum-v1__next-action__H5/episode_000/predictions.jsonl,1fc28c310a5bee741d10e365b2269380acc7c34fb94a243dd051cb47056d7333,True,1292,218,1510,2.0220635830191895,2.018041917006485,[-0.9442287683486938],,,False,not_applicable,[0.4],True,,[6],True,,,False,not_applicable,,False,not_applicable,,False,not_applicable,,,,,,[2],,,,,
cc6c88efafecd64c33baba69238dc84518e61537349f413d15121b4568deac54,3.5__Pendulum-v1__next-action__H5,Pendulum-v1,next-action,5,28,33,data/llmx_data/offline_data/physics_data/raw_transitions/Pendulum-v1/episodes/episode_0.npz,509,experiments/03_1_gpt35_history_n30_joint/results/records.jsonl,experiments/03_1_gpt35_history_n30_joint/results/runs/3.5__Pendulum-v1__next-action__H5/episode_000/predictions.jsonl,6aae45a399c87b4093bbe544374928068b5a8386cba51e42c9a09b5488d99025,True,1284,377,1661,2.4349081669934094,2.430927583016455,[1.5583062171936035],,,False,not_applicable,[1.5],True,,[8],True,,,False,not_applicable,,False,not_applicable,,False,not_applicable,,,,,,[8],,,,,
d263c45120ff87296abcb2870145af6da18521043851ab5764d6dca4bd7c7528,3.5__Pendulum-v1__next-action__H5,Pendulum-v1,next-action,5,29,34,data/llmx_data/offline_data/physics_data/raw_transitions/Pendulum-v1/episodes/episode_0.npz,510,experiments/03_1_gpt35_history_n30_joint/results/records.jsonl,experiments/03_1_gpt35_history_n30_joint/results/runs/3.5__Pendulum-v1__next-action__H5/episode_000/predictions.jsonl,befc8b696a74b5620f861bea3ba5db6cd4fbcec27ded3c11d4c87baf9daa1bcb,True,1283,169,1452,2.3148888329742476,2.310383458971046,[0.1804589033126831],,,False,not_applicable,[-0.5],True,,[3],True,,,False,not_applicable,,False,not_applicable,,False,not_applicable,,,,,,[5],,,,,
172fe44c078b07ce0de6ad956fe6e5a243a9f4752182bbc0ec2eeb695711fcf0,3.5__Pendulum-v1__next-action__H10,Pendulum-v1,next-action,10,0,10,data/llmx_data/offline_data/physics_data/raw_transitions/Pendulum-v1/episodes/episode_0.npz,511,experiments/03_1_gpt35_history_n30_joint/results/records.jsonl,experiments/03_1_gpt35_history_n30_joint/results/runs/3.5__Pendulum-v1__next-action__H10/episode_000/predictions.jsonl,68b86061da0d912aebb7fd2cddddaf321687cba72e1a1ea86b42e6d2b7324be2,True,1496,178,1674,2.7672936250455678,2.7644308749586344,[1.809918761253357],,,False,not_applicable,[-1.4],True,,[1],True,,,False,not_applicable,,False,not_applicable,,False,not_applicable,,,,,,[9],,,,,
081f06d6ca5eee771e7bd015a05ba2c7f9b10812c139ecff1e75b2e0e86d5bec,3.5__Pendulum-v1__next-action__H10,Pendulum-v1,next-action,10,1,11,data/llmx_data/offline_data/physics_data/raw_transitions/Pendulum-v1/episodes/episode_0.npz,512,experiments/03_1_gpt35_history_n30_joint/results/records.jsonl,experiments/03_1_gpt35_history_n30_joint/results/runs/3.5__Pendulum-v1__next-action__H10/episode_000/predictions.jsonl,39db25af2624b1e48be9f749013fdce736b240d393a1ef0ae7ffd0a4f9e27c9d,True,1498,246,1744,3.014445749926381,3.0113031670916826,[-0.3191149830818176],,,False,not_applicable,[-1.2],True,,[2],True,,,False,not_applicable,,False,not_applicable,,False,not_applicable,,,,,,[4],,,,,
bb720285d9b7c77e13946fbc56e396b14c0b2a04682a142df659783ac4930eb3,3.5__Pendulum-v1__next-action__H10,Pendulum-v1,next-action,10,2,12,data/llmx_data/offline_data/physics_data/raw_transitions/Pendulum-v1/episodes/episode_0.npz,513,experiments/03_1_gpt35_history_n30_joint/results/records.jsonl,experiments/03_1_gpt35_history_n30_joint/results/runs/3.5__Pendulum-v1__next-action__H10/episode_000/predictions.jsonl,9720c10c97c4d96f21fb08a2a9048d1198f4b382748ab70e5a74a6114b7ff833,True,1500,198,1698,1.693277791957371,1.6892965419683605,[1.4111299514770508],,,False,not_applicable,[1.5],True,,[9],True,,,False,not_applicable,,False,not_applicable,,False,not_applicable,,,,,,[8],,,,,
3194e4c4c41820dcb00ee0d7a503db4dc7bc1fe0b37ca7a2be5604c06a6a2b6f,3.5__Pendulum-v1__next-action__H10,Pendulum-v1,next-action,10,3,13,data/llmx_data/offline_data/physics_data/raw_transitions/Pendulum-v1/episodes/episode_0.npz,514,experiments/03_1_gpt35_history_n30_joint/results/records.jsonl,experiments/03_1_gpt35_history_n30_joint/results/runs/3.5__Pendulum-v1__next-action__H10/episode_000/predictions.jsonl,8f8b493d71d1ae626f27797e3744ee451aa651ca09153b1ade8ecc8f2aafb101,True,1500,208,1708,2.356081458972767,2.352513417019509,[-1.4400720596313477],,,False,not_applicable,[1.5],True,,[8],True,,,False,not_applicable,,False,not_applicable,,False,not_applicable,,,,,,[1],,,,,
58d585256ecf6a07862055473f646eaec99b4586ae87cd6abcc97e25b0d8c38b,3.5__Pendulum-v1__next-action__H10,Pendulum-v1,next-action,10,4,14,data/llmx_data/offline_data/physics_data/raw_transitions/Pendulum-v1/episodes/episode_0.npz,515,experiments/03_1_gpt35_history_n30_joint/results/records.jsonl,experiments/03_1_gpt35_history_n30_joint/results/runs/3.5__Pendulum-v1__next-action__H10/episode_000/predictions.jsonl,483f3a68116e91d936ae1f5e721969617f9fcf48d425db31d07c6c08caa7430e,True,1501,202,1703,2.1097733749775216,2.1057012499077246,[1.7092909812927246],,,False,not_applicable,[1.2],True,,[8],True,,,False,not_applicable,,False,not_applicable,,False,not_applicable,,,,,,[9],,,,,
ea349775b2714395c3c350d643a52e5c6216877f5f87573ba706d8be83d75712,3.5__Pendulum-v1__next-action__H10,Pendulum-v1,next-action,10,5,15,data/llmx_data/offline_data/physics_data/raw_transitions/Pendulum-v1/episodes/episode_0.npz,516,experiments/03_1_gpt35_history_n30_joint/results/records.jsonl,experiments/03_1_gpt35_history_n30_joint/results/runs/3.5__Pendulum-v1__next-action__H10/episode_000/predictions.jsonl,753b45e6aa0b845053ad45a34a354efbc17895485c746bafbb4f0b7f898cc9be,True,1505,210,1715,1.9056755839847028,1.9035040410235524,[-0.9497600793838501],,,False,not_applicable,[-1.0],True,,[2],True,,,False,not_applicable,,False,not_applicable,,False,not_applicable,,,,,,[2],,,,,
e11821277db9ffcb9ce35e22bd92bc7c7ac9273f5501d125c501cae86ced0a2a,3.5__Pendulum-v1__next-action__H10,Pendulum-v1,next-action,10,6,16,data/llmx_data/offline_data/physics_data/raw_transitions/Pendulum-v1/episodes/episode_0.npz,517,experiments/03_1_gpt35_history_n30_joint/results/records.jsonl,experiments/03_1_gpt35_history_n30_joint/results/runs/3.5__Pendulum-v1__next-action__H10/episode_000/predictions.jsonl,8e5aeede00d260eea2e98f125df74081156fb3186dcc609aef7746e3f5630c82,True,1503,258,1761,1.973038165946491,1.9688108749687672,[0.5440352559089661],,,False,not_applicable,[0.5],True,,[6],True,,,False,not_applicable,,False,not_applicable,,False,not_applicable,,,,,,[6],,,,,
8e804ad0605e0128caef129fa4d66b2f8be976b022c5bd8affa9e7a929620f29,3.5__Pendulum-v1__next-action__H10,Pendulum-v1,next-action,10,7,17,data/llmx_data/offline_data/physics_data/raw_transitions/Pendulum-v1/episodes/episode_0.npz,518,experiments/03_1_gpt35_history_n30_joint/results/records.jsonl,experiments/03_1_gpt35_history_n30_joint/results/runs/3.5__Pendulum-v1__next-action__H10/episode_000/predictions.jsonl,866d23aecbba05bfb535973ebeca92c6db7bd44eecb0d599df9baa70a950418d,True,1500,212,1712,1.7884492919547483,1.784829374984838,[0.02499106526374817],,,False,not_applicable,[-0.5],True,,[3],True,,,False,not_applicable,,False,not_applicable,,False,not_applicable,,,,,,[5],,,,,
f65941253da3cbe09c855e478d39db372dd409db5fc7f3d4c8b1210820726435,3.5__Pendulum-v1__next-action__H10,Pendulum-v1,next-action,10,8,18,data/llmx_data/offline_data/physics_data/raw_transitions/Pendulum-v1/episodes/episode_0.npz,519,experiments/03_1_gpt35_history_n30_joint/results/records.jsonl,experiments/03_1_gpt35_history_n30_joint/results/runs/3.5__Pendulum-v1__next-action__H10/episode_000/predictions.jsonl,2e1966284faae211aed91fdad3ad1fbba84b9b8c8f24272978db2870eab14ab6,True,1498,176,1674,1.822160750045441,1.817282166914083,[0.7087789177894592],,,False,not_applicable,[0.6],True,,[6],True,,,False,not_applicable,,False,not_applicable,,False,not_applicable,,,,,,[6],,,,,
774a4ee947123edef12f5fa428d37f496c811e32368b4601b0b8ffc00aabe6bd,3.5__Pendulum-v1__next-action__H10,Pendulum-v1,next-action,10,9,19,data/llmx_data/offline_data/physics_data/raw_transitions/Pendulum-v1/episodes/episode_0.npz,520,experiments/03_1_gpt35_history_n30_joint/results/records.jsonl,experiments/03_1_gpt35_history_n30_joint/results/runs/3.5__Pendulum-v1__next-action__H10/episode_000/predictions.jsonl,1bcc9026bdc7147a0d42a1fe1f3ad643634029f73605bb03aea9ac54eb09fda3,True,1499,319,1818,2.36663004104048,2.3631469160318375,[0.5939425230026245],,,False,not_applicable,[1.2],True,,[8],True,,,False,not_applicable,,False,not_applicable,,False,not_applicable,,,,,,[6],,,,,
6d80b578a454b7edc98e959c896213676179b445140569db5aa2e125cc08c5d4,3.5__Pendulum-v1__next-action__H10,Pendulum-v1,next-action,10,10,20,data/llmx_data/offline_data/physics_data/raw_transitions/Pendulum-v1/episodes/episode_0.npz,521,experiments/03_1_gpt35_history_n30_joint/results/records.jsonl,experiments/03_1_gpt35_history_n30_joint/results/runs/3.5__Pendulum-v1__next-action__H10/episode_000/predictions.jsonl,179c4b3c5ca81bb9e8ceb7b26f1df8a6ceeb0b524968e17c2df0937625832641,False,1499,222,1721,2.0517484169686213,2.0469081250485033,[0.08882922679185867],,,False,not_applicable,,False,non_literal_or_placeholder,,False,non_literal_or_placeholder,,False,not_applicable,,False,not_applicable,,False,not_applicable,,,,,,[5],,,,,
e66075888bedfc94bdf444dfe2cc45b09b2b98006e1327dba24679e1751bddee,3.5__Pendulum-v1__next-action__H10,Pendulum-v1,next-action,10,11,21,data/llmx_data/offline_data/physics_data/raw_transitions/Pendulum-v1/episodes/episode_0.npz,522,experiments/03_1_gpt35_history_n30_joint/results/records.jsonl,experiments/03_1_gpt35_history_n30_joint/results/runs/3.5__Pendulum-v1__next-action__H10/episode_000/predictions.jsonl,8c313f0994220181ca4cb5fec95b43da44dd8b6b3da0405f6348b90d98df5381,True,1497,232,1729,2.4985740409465507,2.494362666970119,[0.6434862613677979],,,False,not_applicable,[1.0],True,,[8],True,,,False,not_applicable,,False,not_applicable,,False,not_applicable,,,,,,[6],,,,,
20b7f984695250679a6bf1a079a0c962e9d287f6c594b57db4dd1bfae8532bcd,3.5__Pendulum-v1__next-action__H10,Pendulum-v1,next-action,10,12,22,data/llmx_data/offline_data/physics_data/raw_transitions/Pendulum-v1/episodes/episode_0.npz,523,experiments/03_1_gpt35_history_n30_joint/results/records.jsonl,experiments/03_1_gpt35_history_n30_joint/results/runs/3.5__Pendulum-v1__next-action__H10/episode_000/predictions.jsonl,93cdfdf9e549ddd5c54dc46335eac21b3cc66f5e2f00d9a3bf4acadc979f67a9,True,1497,277,1774,2.831156541942619,2.8274237499572337,[-1.0871518850326538],,,False,not_applicable,[0.4],True,,[6],True,,,False,not_applicable,,False,not_applicable,,False,not_applicable,,,,,,[2],,,,,
d24fb45e0d66958ccd088aedd77d984f1c872b653ec01e55996230a1fd3138b8,3.5__Pendulum-v1__next-action__H10,Pendulum-v1,next-action,10,13,23,data/llmx_data/offline_data/physics_data/raw_transitions/Pendulum-v1/episodes/episode_0.npz,524,experiments/03_1_gpt35_history_n30_joint/results/records.jsonl,experiments/03_1_gpt35_history_n30_joint/results/runs/3.5__Pendulum-v1__next-action__H10/episode_000/predictions.jsonl,f0e0739ebcd10344931501025e856b6d64650d412a9f3bfed07e6b13c6585e25,True,1500,162,1662,1.589880249928683,1.5867250829469413,[1.421302080154419],,,False,not_applicable,[0.4],True,,[6],True,,,False,not_applicable,,False,not_applicable,,False,not_applicable,,,,,,[8],,,,,
731bbb5551c3693f0de54081c9d83a218d8d83abd541b0d87102a06db51c3230,3.5__Pendulum-v1__next-action__H10,Pendulum-v1,next-action,10,14,24,data/llmx_data/offline_data/physics_data/raw_transitions/Pendulum-v1/episodes/episode_0.npz,525,experiments/03_1_gpt35_history_n30_joint/results/records.jsonl,experiments/03_1_gpt35_history_n30_joint/results/runs/3.5__Pendulum-v1__next-action__H10/episode_000/predictions.jsonl,38f90b72948762ae6c2550a69e753f81a84d39ffa01d15efb8795bd1a7d12ed4,True,1501,180,1681,2.4472413749899715,2.4433407089672983,[0.33447736501693726],,,False,not_applicable,[0.4],True,,[6],True,,,False,not_applicable,,False,not_applicable,,False,not_applicable,,,,,,[5],,,,,
41f75dbe740aae2a5c40317668a0310e9f2af1f2f26cb12fb5daeaf0b1e59e05,3.5__Pendulum-v1__next-action__H10,Pendulum-v1,next-action,10,15,25,data/llmx_data/offline_data/physics_data/raw_transitions/Pendulum-v1/episodes/episode_0.npz,526,experiments/03_1_gpt35_history_n30_joint/results/records.jsonl,experiments/03_1_gpt35_history_n30_joint/results/runs/3.5__Pendulum-v1__next-action__H10/episode_000/predictions.jsonl,a6e23df4bc2d0dde7100bed42dae5088e01a069806acb34bc19e7ab391666582,True,1501,222,1723,2.1346924169920385,2.1304552499204874,[-0.48779454827308655],,,False,not_applicable,[-1.2],True,,[2],True,,,False,not_applicable,,False,not_applicable,,False,not_applicable,,,,,,[3],,,,,
0cade46e2f1bfe6bd02192776844f7c87a0e055dace324d1b57c6f182f74ed62,3.5__Pendulum-v1__next-action__H10,Pendulum-v1,next-action,10,16,26,data/llmx_data/offline_data/physics_data/raw_transitions/Pendulum-v1/episodes/episode_0.npz,527,experiments/03_1_gpt35_history_n30_joint/results/records.jsonl,experiments/03_1_gpt35_history_n30_joint/results/runs/3.5__Pendulum-v1__next-action__H10/episode_000/predictions.jsonl,9d7841631992cab587ec65b7fb13a9c30e57ba4571b8814813b82e73f47d980c,True,1501,246,1747,2.0454724580049515,2.0409694580594078,[0.6751355528831482],,,False,not_applicable,[0.4],True,,[6],True,,,False,not_applicable,,False,not_applicable,,False,not_applicable,,,,,,[6],,,,,
abcf282a3675a9a817befc14634cf76bf420daea5b871204bb21afcedfeca5f9,3.5__Pendulum-v1__next-action__H10,Pendulum-v1,next-action,10,17,27,data/llmx_data/offline_data/physics_data/raw_transitions/Pendulum-v1/episodes/episode_0.npz,528,experiments/03_1_gpt35_history_n30_joint/results/records.jsonl,experiments/03_1_gpt35_history_n30_joint/results/runs/3.5__Pendulum-v1__next-action__H10/episode_000/predictions.jsonl,d55e41287ce026d251fa2258673713fb875fb792b8ba799d014df52244233dd9,True,1512,204,1716,1.974497125018388,1.970710749970749,[0.7845479249954224],,,False,not_applicable,[0.4],True,,[5],True,,,False,not_applicable,,False,not_applicable,,False,not_applicable,,,,,,[6],,,,,
44aecade14fa2dca846de86f0e63d3c9006d50e883a0ae80a41a6e3efdc8517e,3.5__Pendulum-v1__next-action__H10,Pendulum-v1,next-action,10,18,28,data/llmx_data/offline_data/physics_data/raw_transitions/Pendulum-v1/episodes/episode_0.npz,529,experiments/03_1_gpt35_history_n30_joint/results/records.jsonl,experiments/03_1_gpt35_history_n30_joint/results/runs/3.5__Pendulum-v1__next-action__H10/episode_000/predictions.jsonl,81790a8ed92b524200083e690c963f1931575bfda08f5b452bba399c8dbb2e33,True,1512,257,1769,2.424468791927211,2.4203364580171183,[-1.375152826309204],,,False,not_applicable,[1.2],True,,[8],True,,,False,not_applicable,,False,not_applicable,,False,not_applicable,,,,,,[1],,,,,
d1455ed74febe3bf2bb20715322d5288da781beeb59ee014f44acd75074fcdcc,3.5__Pendulum-v1__next-action__H10,Pendulum-v1,next-action,10,19,29,data/llmx_data/offline_data/physics_data/raw_transitions/Pendulum-v1/episodes/episode_0.npz,530,experiments/03_1_gpt35_history_n30_joint/results/records.jsonl,experiments/03_1_gpt35_history_n30_joint/results/runs/3.5__Pendulum-v1__next-action__H10/episode_000/predictions.jsonl,7fbfa3d1474a5cd0444a880a1d835404f539def6788a0aab92071ca8eb4b4050,True,1513,271,1784,2.685280125006102,2.681683167000301,[1.9077938795089722],,,False,not_applicable,[1.2],True,,[8],True,,,False,not_applicable,,False,not_applicable,,False,not_applicable,,,,,,[9],,,,,
28d3a85de7b9d0c3f39a2810b87be0b9d183ce30dba0192babb378a16bde882c,3.5__Pendulum-v1__next-action__H10,Pendulum-v1,next-action,10,20,30,data/llmx_data/offline_data/physics_data/raw_transitions/Pendulum-v1/episodes/episode_0.npz,531,experiments/03_1_gpt35_history_n30_joint/results/records.jsonl,experiments/03_1_gpt35_history_n30_joint/results/runs/3.5__Pendulum-v1__next-action__H10/episode_000/predictions.jsonl,45c724e2c2d98c74997aef147f19bab3e925feb8517e0c1ac20868bc5122b225,True,1514,217,1731,2.816850792034529,2.812778332969174,[-0.8885178565979004],,,False,not_applicable,[0.4],True,,[5],True,,,False,not_applicable,,False,not_applicable,,False,not_applicable,,,,,,[2],,,,,
5d192afc4fed7303bb180e2687f4d4a48cedbe8361985b391a6189888e489c4d,3.5__Pendulum-v1__next-action__H10,Pendulum-v1,next-action,10,21,31,data/llmx_data/offline_data/physics_data/raw_transitions/Pendulum-v1/episodes/episode_0.npz,532,experiments/03_1_gpt35_history_n30_joint/results/records.jsonl,experiments/03_1_gpt35_history_n30_joint/results/runs/3.5__Pendulum-v1__next-action__H10/episode_000/predictions.jsonl,f556fb1c4e6e1ebf3850c3c6d2cc7d5bf4a4868bfa5a125064c5cfc3b8ca42c2,False,1514,388,1902,2.5847531660692766,2.580524083925411,[1.4703737497329712],,,False,not_applicable,,False,missing_marker,[8],True,,,False,not_applicable,,False,not_applicable,,False,not_applicable,,,,,,[8],,,,,
e57ee84980592ef1d91789a1ef67db9111bf8be1e790f862cb7475e1307a422a,3.5__Pendulum-v1__next-action__H10,Pendulum-v1,next-action,10,22,32,data/llmx_data/offline_data/physics_data/raw_transitions/Pendulum-v1/episodes/episode_0.npz,533,experiments/03_1_gpt35_history_n30_joint/results/records.jsonl,experiments/03_1_gpt35_history_n30_joint/results/runs/3.5__Pendulum-v1__next-action__H10/episode_000/predictions.jsonl,0d86f14dd079598d64c6841c45fac7d9be2dbc454dbbb7cf4247e31108b6367c,False,1516,378,1894,3.8131850420031697,3.8079044580226764,[-0.9442287683486938],,,False,not_applicable,,False,missing_marker,[8],True,,,False,not_applicable,,False,not_applicable,,False,not_applicable,,,,,,[2],,,,,
d301cbfa456d43fe335490858a287a8879b794df48cfdfef31d663ce39b9d839,3.5__Pendulum-v1__next-action__H10,Pendulum-v1,next-action,10,23,33,data/llmx_data/offline_data/physics_data/raw_transitions/Pendulum-v1/episodes/episode_0.npz,534,experiments/03_1_gpt35_history_n30_joint/results/records.jsonl,experiments/03_1_gpt35_history_n30_joint/results/runs/3.5__Pendulum-v1__next-action__H10/episode_000/predictions.jsonl,9ef39d1dc9d32761565f1580be4e175d22cb4b396fc0268dfbe51c80bea45d89,True,1515,240,1755,1.6791882920078933,1.6754855830222368,[1.5583062171936035],,,False,not_applicable,[0.5],True,,[6],True,,,False,not_applicable,,False,not_applicable,,False,not_applicable,,,,,,[8],,,,,
8f018d499cdc81c0ed864491e4e3d2dd8bb8a10e98a8c2d0fda8b75cb80e3aed,3.5__Pendulum-v1__next-action__H10,Pendulum-v1,next-action,10,24,34,data/llmx_data/offline_data/physics_data/raw_transitions/Pendulum-v1/episodes/episode_0.npz,535,experiments/03_1_gpt35_history_n30_joint/results/records.jsonl,experiments/03_1_gpt35_history_n30_joint/results/runs/3.5__Pendulum-v1__next-action__H10/episode_000/predictions.jsonl,643161231f7362269675d4609ca46b4bf959ca72566f28d9edb7ffd60e76f153,True,1515,195,1710,1.9876685419585556,1.9833483329275623,[0.1804589033126831],,,False,not_applicable,[-1.8],True,,[1],True,,,False,not_applicable,,False,not_applicable,,False,not_applicable,,,,,,[5],,,,,
d3dcbe995f96028a40a357bc713d0c3f377d7d145421b6309a3d160bf52b6d89,3.5__Pendulum-v1__next-action__H10,Pendulum-v1,next-action,10,25,35,data/llmx_data/offline_data/physics_data/raw_transitions/Pendulum-v1/episodes/episode_0.npz,536,experiments/03_1_gpt35_history_n30_joint/results/records.jsonl,experiments/03_1_gpt35_history_n30_joint/results/runs/3.5__Pendulum-v1__next-action__H10/episode_000/predictions.jsonl,9da75bb1d323bb1d7677413e1b9aee4908600b2941972a8124a2ba42ec500558,True,1515,289,1804,2.5886431250255555,2.584805416991003,[-1.4897518157958984],,,False,not_applicable,[0.2],True,,[5],True,,,False,not_applicable,,False,not_applicable,,False,not_applicable,,,,,,[1],,,,,
88fd94e70e61deca5481a04dd318269462ab47d43c38f227082d0f4ab792a115,3.5__Pendulum-v1__next-action__H10,Pendulum-v1,next-action,10,26,36,data/llmx_data/offline_data/physics_data/raw_transitions/Pendulum-v1/episodes/episode_0.npz,537,experiments/03_1_gpt35_history_n30_joint/results/records.jsonl,experiments/03_1_gpt35_history_n30_joint/results/runs/3.5__Pendulum-v1__next-action__H10/episode_000/predictions.jsonl,3ced0db9c205755c2c8474f902490000a78d7cf22d72d42e1cc240a6ff53a333,True,1514,208,1722,1.8208710830658674,1.8173218748997897,[1.7350534200668335],,,False,not_applicable,[-0.6],True,,[2],True,,,False,not_applicable,,False,not_applicable,,False,not_applicable,,,,,,[9],,,,,
e53c45ae89bc3f2d207eb5eea98ce5aa25db173bcd8159a2ca8fffe7d6ac9b6d,3.5__Pendulum-v1__next-action__H10,Pendulum-v1,next-action,10,27,37,data/llmx_data/offline_data/physics_data/raw_transitions/Pendulum-v1/episodes/episode_0.npz,538,experiments/03_1_gpt35_history_n30_joint/results/records.jsonl,experiments/03_1_gpt35_history_n30_joint/results/runs/3.5__Pendulum-v1__next-action__H10/episode_000/predictions.jsonl,40048a07fb52a1e19cdaad97e1395b4ffc6e4cd8bee42c1bc9ffe16b2506150d,True,1515,226,1741,2.0930833750171587,2.089172458043322,[-1.974252700805664],,,False,not_applicable,[-1.2],True,,[2],True,,,False,not_applicable,,False,not_applicable,,False,not_applicable,,,,,,[0],,,,,
0c6a819966f7c08074b389b8952ce68c945f31a5dbf028610022ab3ac09b4022,3.5__Pendulum-v1__next-action__H10,Pendulum-v1,next-action,10,28,38,data/llmx_data/offline_data/physics_data/raw_transitions/Pendulum-v1/episodes/episode_0.npz,539,experiments/03_1_gpt35_history_n30_joint/results/records.jsonl,experiments/03_1_gpt35_history_n30_joint/results/runs/3.5__Pendulum-v1__next-action__H10/episode_000/predictions.jsonl,acdcaceeb8897e141b44ff496f1d3607827f60598364ccf27c2d2f1eba0606d2,True,1507,375,1882,3.4059518330032006,3.4033211250789464,[2.0],,,False,not_applicable,[1.5],True,,[8],True,,,False,not_applicable,,False,not_applicable,,False,not_applicable,,,,,,[9],,,,,
9d4ce9f806b9a020f220b1ba726eea25bcdd6d05043f4ce64ab81b9fbdc5af28,3.5__Pendulum-v1__next-action__H10,Pendulum-v1,next-action,10,29,39,data/llmx_data/offline_data/physics_data/raw_transitions/Pendulum-v1/episodes/episode_0.npz,540,experiments/03_1_gpt35_history_n30_joint/results/records.jsonl,experiments/03_1_gpt35_history_n30_joint/results/runs/3.5__Pendulum-v1__next-action__H10/episode_000/predictions.jsonl,51b79a4af4705721163aaf63119a282e2f2550a29b7110769e6e9e95d5944559,True,1505,273,1778,3.2485742080025375,3.2452348329825327,[1.0084922313690186],,,False,not_applicable,[0.6],True,,[6],True,,,False,not_applicable,,False,not_applicable,,False,not_applicable,,,,,,[7],,,,,
0e2929e552a8c430a3600f230ae3468afbb5ba5c92a42ad7cbcae6d8fa4bca4e,3.5__Pendulum-v1__next-action__H20,Pendulum-v1,next-action,20,0,20,data/llmx_data/offline_data/physics_data/raw_transitions/Pendulum-v1/episodes/episode_0.npz,541,experiments/03_1_gpt35_history_n30_joint/results/records.jsonl,experiments/03_1_gpt35_history_n30_joint/results/runs/3.5__Pendulum-v1__next-action__H20/episode_000/predictions.jsonl,7aeba9369570b8210a915652d72827b0a4a77cf77fd530ef487858de00df413b,True,1935,194,2129,2.9728930830024183,2.9693236249731854,[0.08882922679185867],,,False,not_applicable,[-1.0],True,,[1],True,,,False,not_applicable,,False,not_applicable,,False,not_applicable,,,,,,[5],,,,,
88c12360e8e8944f99b113e5900128029dd62d73eb48f1859f15a87e9842a7f4,3.5__Pendulum-v1__next-action__H20,Pendulum-v1,next-action,20,1,21,data/llmx_data/offline_data/physics_data/raw_transitions/Pendulum-v1/episodes/episode_0.npz,542,experiments/03_1_gpt35_history_n30_joint/results/records.jsonl,experiments/03_1_gpt35_history_n30_joint/results/runs/3.5__Pendulum-v1__next-action__H20/episode_000/predictions.jsonl,a15fdee6e70adf4215d8b857a258d6d67e1a306bf90d5fd61f13efda4caa5a0a,True,1936,218,2154,1.9542129590408877,1.9493242079624906,[0.6434862613677979],,,False,not_applicable,[0.0],True,,[4],True,,,False,not_applicable,,False,not_applicable,,False,not_applicable,,,,,,[6],,,,,
5f2f7e9d6fcccbb52ab5512925ca3a0a29eb2ac11333df8ac01f306dd916711b,3.5__Pendulum-v1__next-action__H20,Pendulum-v1,next-action,20,2,22,data/llmx_data/offline_data/physics_data/raw_transitions/Pendulum-v1/episodes/episode_0.npz,543,experiments/03_1_gpt35_history_n30_joint/results/records.jsonl,experiments/03_1_gpt35_history_n30_joint/results/runs/3.5__Pendulum-v1__next-action__H20/episode_000/predictions.jsonl,72047954ce4d3233f7de09d24ec8142182ce5f672bb4ed1c2ea0e00f3e8e6ee4,True,1939,177,2116,2.5442284590099007,2.540238415938802,[-1.0871518850326538],,,False,not_applicable,[0.0],True,,[5],True,,,False,not_applicable,,False,not_applicable,,False,not_applicable,,,,,,[2],,,,,
365aff119ac8b4453b3b72496b80578f255bb29f441cd27800cca1be7551a708,3.5__Pendulum-v1__next-action__H20,Pendulum-v1,next-action,20,3,23,data/llmx_data/offline_data/physics_data/raw_transitions/Pendulum-v1/episodes/episode_0.npz,544,experiments/03_1_gpt35_history_n30_joint/results/records.jsonl,experiments/03_1_gpt35_history_n30_joint/results/runs/3.5__Pendulum-v1__next-action__H20/episode_000/predictions.jsonl,bffcee9e0caddcf5837c0cea74f78f36b7abcb9cc14844f9a9caac6033d1f4af,True,1942,191,2133,2.012647166964598,2.007409999961965,[1.421302080154419],,,False,not_applicable,[-1.2],True,,[2],True,,,False,not_applicable,,False,not_applicable,,False,not_applicable,,,,,,[8],,,,,
82c5b30580390f62fbcd4597d2157463d81e95a8784592771850f880f4b6f738,3.5__Pendulum-v1__next-action__H20,Pendulum-v1,next-action,20,4,24,data/llmx_data/offline_data/physics_data/raw_transitions/Pendulum-v1/episodes/episode_0.npz,545,experiments/03_1_gpt35_history_n30_joint/results/records.jsonl,experiments/03_1_gpt35_history_n30_joint/results/runs/3.5__Pendulum-v1__next-action__H20/episode_000/predictions.jsonl,9e3579cab1ebbde0d5bf0cfcaeee474b9ecd205aae7157f0f5bc0c4f58bfde3f,True,1943,121,2064,1.4791302919620648,1.476169208995998,[0.33447736501693726],,,False,not_applicable,[0.4],True,,[6],True,,,False,not_applicable,,False,not_applicable,,False,not_applicable,,,,,,[5],,,,,
8c7f80bd2a1cc283944d53f933bf6dd758b76fc32aa3dc63513482e56bcca637,3.5__Pendulum-v1__next-action__H20,Pendulum-v1,next-action,20,5,25,data/llmx_data/offline_data/physics_data/raw_transitions/Pendulum-v1/episodes/episode_0.npz,546,experiments/03_1_gpt35_history_n30_joint/results/records.jsonl,experiments/03_1_gpt35_history_n30_joint/results/runs/3.5__Pendulum-v1__next-action__H20/episode_000/predictions.jsonl,0fb6f187e8e3ce6c5181760503c281e1cb397f1267a6b6fc058c3bd8f316b293,True,1946,169,2115,1.4967286669416353,1.4934444579994306,[-0.48779454827308655],,,False,not_applicable,[0.4],True,,[6],True,,,False,not_applicable,,False,not_applicable,,False,not_applicable,,,,,,[3],,,,,
765dab97e50b05eb608cbf7d1025541cc9c38092c6782604466a9a052fb61482,3.5__Pendulum-v1__next-action__H20,Pendulum-v1,next-action,20,6,26,data/llmx_data/offline_data/physics_data/raw_transitions/Pendulum-v1/episodes/episode_0.npz,547,experiments/03_1_gpt35_history_n30_joint/results/records.jsonl,experiments/03_1_gpt35_history_n30_joint/results/runs/3.5__Pendulum-v1__next-action__H20/episode_000/predictions.jsonl,2aadcb81697148ebfebda6a1d77d6a9548e4d2635b0eff37e0438cce3fc5b0f4,True,1945,223,2168,2.6464791669277474,2.642801667097956,[0.6751355528831482],,,False,not_applicable,[-1.0],True,,[2],True,,,False,not_applicable,,False,not_applicable,,False,not_applicable,,,,,,[6],,,,,
a44e17784ea82f5b61517c894b001115c688bda9b3d2ff9e7bfd05c7b0942023,3.5__Pendulum-v1__next-action__H20,Pendulum-v1,next-action,20,7,27,data/llmx_data/offline_data/physics_data/raw_transitions/Pendulum-v1/episodes/episode_0.npz,548,experiments/03_1_gpt35_history_n30_joint/results/records.jsonl,experiments/03_1_gpt35_history_n30_joint/results/runs/3.5__Pendulum-v1__next-action__H20/episode_000/predictions.jsonl,56bd49cee5050944b44dc87cc8081c548103446593d860200acc19aae6868f27,True,1953,155,2108,2.706505083013326,2.7033402499509975,[0.7845479249954224],,,False,not_applicable,[0.4],True,,[6],True,,,False,not_applicable,,False,not_applicable,,False,not_applicable,,,,,,[6],,,,,
af519ecb0321985daa6cb5fbbc5da96c31fa11128f473ec721bb903fa2d29062,3.5__Pendulum-v1__next-action__H20,Pendulum-v1,next-action,20,8,28,data/llmx_data/offline_data/physics_data/raw_transitions/Pendulum-v1/episodes/episode_0.npz,549,experiments/03_1_gpt35_history_n30_joint/results/records.jsonl,experiments/03_1_gpt35_history_n30_joint/results/runs/3.5__Pendulum-v1__next-action__H20/episode_000/predictions.jsonl,1e031cfd10657d9a36c98741ba47c32f83ef01307a4b1620fdc39a4377e330fe,True,1951,170,2121,2.073133417055942,2.068595999968238,[-1.375152826309204],,,False,not_applicable,[0.4],True,,[6],True,,,False,not_applicable,,False,not_applicable,,False,not_applicable,,,,,,[1],,,,,
18465e81018f8dc3d928f536ed3e661941800cdca0797027544bfa8db284bfff,3.5__Pendulum-v1__next-action__H20,Pendulum-v1,next-action,20,9,29,data/llmx_data/offline_data/physics_data/raw_transitions/Pendulum-v1/episodes/episode_0.npz,550,experiments/03_1_gpt35_history_n30_joint/results/records.jsonl,experiments/03_1_gpt35_history_n30_joint/results/runs/3.5__Pendulum-v1__next-action__H20/episode_000/predictions.jsonl,3bf26dd0fb3fd620ba0f6597319908740cee8594c7329dd1062b92d5176557b9,True,1953,249,2202,1.8510374169563875,1.8470629999646917,[1.9077938795089722],,,False,not_applicable,[1.2],True,,[8],True,,,False,not_applicable,,False,not_applicable,,False,not_applicable,,,,,,[9],,,,,
ad333ad541bd509c93b9516a7d20d9d6216fa2ca90bd297b2f80dcdb58cf993f,3.5__Pendulum-v1__next-action__H20,Pendulum-v1,next-action,20,10,30,data/llmx_data/offline_data/physics_data/raw_transitions/Pendulum-v1/episodes/episode_0.npz,551,experiments/03_1_gpt35_history_n30_joint/results/records.jsonl,experiments/03_1_gpt35_history_n30_joint/results/runs/3.5__Pendulum-v1__next-action__H20/episode_000/predictions.jsonl,d2fd1f5cf098a2788f0c04d36ed041e020086d85e8a0dae14023b1e38cf2076d,True,1953,200,2153,2.1471796669065952,2.1434579170309007,[-0.8885178565979004],,,False,not_applicable,[0.4],True,,[5],True,,,False,not_applicable,,False,not_applicable,,False,not_applicable,,,,,,[2],,,,,
5e053d6e3c44a71c6ff4e2397d2266b8d428ae305028bf16fa543bdc27b02ba8,3.5__Pendulum-v1__next-action__H20,Pendulum-v1,next-action,20,11,31,data/llmx_data/offline_data/physics_data/raw_transitions/Pendulum-v1/episodes/episode_0.npz,552,experiments/03_1_gpt35_history_n30_joint/results/records.jsonl,experiments/03_1_gpt35_history_n30_joint/results/runs/3.5__Pendulum-v1__next-action__H20/episode_000/predictions.jsonl,41ee71fd4ec7a3dec48c92bcd4b5f1586114f97abf935e8827b9e65b29971fa5,True,1953,189,2142,2.5173722920008004,2.5128600420430303,[1.4703737497329712],,,False,not_applicable,[-0.4],True,,[3],True,,,False,not_applicable,,False,not_applicable,,False,not_applicable,,,,,,[8],,,,,
decbb575c964ece298f0d02f8c12bd1ef79f09ab7e624722ac844d3f38e04cd1,3.5__Pendulum-v1__next-action__H20,Pendulum-v1,next-action,20,12,32,data/llmx_data/offline_data/physics_data/raw_transitions/Pendulum-v1/episodes/episode_0.npz,553,experiments/03_1_gpt35_history_n30_joint/results/records.jsonl,experiments/03_1_gpt35_history_n30_joint/results/runs/3.5__Pendulum-v1__next-action__H20/episode_000/predictions.jsonl,c8f8c743620a2c32784e94f77b8ff7f56b62abf51b67c5a49651b7cf64b24d3d,True,1953,169,2122,1.5522667500190437,1.548392083030194,[-0.9442287683486938],,,False,not_applicable,[1.2],True,,[8],True,,,False,not_applicable,,False,not_applicable,,False,not_applicable,,,,,,[2],,,,,
2c9d0dd54eecd6612d7675dd274ab335f6e962a4e57406584aa7c848140ae2f9,3.5__Pendulum-v1__next-action__H20,Pendulum-v1,next-action,20,13,33,data/llmx_data/offline_data/physics_data/raw_transitions/Pendulum-v1/episodes/episode_0.npz,554,experiments/03_1_gpt35_history_n30_joint/results/records.jsonl,experiments/03_1_gpt35_history_n30_joint/results/runs/3.5__Pendulum-v1__next-action__H20/episode_000/predictions.jsonl,8e2e4edb807fc375ff65322f38850e0ca8acdde2e34ba066413d0205715f5117,True,1956,230,2186,1.7825831250520423,1.779106167028658,[1.5583062171936035],,,False,not_applicable,[-1.2],True,,[3],True,,,False,not_applicable,,False,not_applicable,,False,not_applicable,,,,,,[8],,,,,
a61900bbf3556ae1e372dde7314da1139db98e9dcc1cf471f0c2d9ba19594e5d,3.5__Pendulum-v1__next-action__H20,Pendulum-v1,next-action,20,14,34,data/llmx_data/offline_data/physics_data/raw_transitions/Pendulum-v1/episodes/episode_0.npz,555,experiments/03_1_gpt35_history_n30_joint/results/records.jsonl,experiments/03_1_gpt35_history_n30_joint/results/runs/3.5__Pendulum-v1__next-action__H20/episode_000/predictions.jsonl,b10b0302257338aa285da4106223e3d361737f085a4f203c780aef77113b9b9e,True,1956,197,2153,2.049574250006117,2.0470166249433532,[0.1804589033126831],,,False,not_applicable,[0.2],True,,[5],True,,,False,not_applicable,,False,not_applicable,,False,not_applicable,,,,,,[5],,,,,
a97d0ddec1c6e88ea0d110388ab9e638e7b3b0165b440d58218eb453745e7963,3.5__Pendulum-v1__next-action__H20,Pendulum-v1,next-action,20,15,35,data/llmx_data/offline_data/physics_data/raw_transitions/Pendulum-v1/episodes/episode_0.npz,556,experiments/03_1_gpt35_history_n30_joint/results/records.jsonl,experiments/03_1_gpt35_history_n30_joint/results/runs/3.5__Pendulum-v1__next-action__H20/episode_000/predictions.jsonl,7d27dcc85f560e9db697b24339a61087abdff86a3ab4f5e753672c13e9f95ed7,True,1957,192,2149,1.9336010830011219,1.930129082989879,[-1.4897518157958984],,,False,not_applicable,[0.4],True,,[5],True,,,False,not_applicable,,False,not_applicable,,False,not_applicable,,,,,,[1],,,,,
042922477b684d02967477c1dcf1dc36236ba9e51ca32fb863db5efbc0179815,3.5__Pendulum-v1__next-action__H20,Pendulum-v1,next-action,20,16,36,data/llmx_data/offline_data/physics_data/raw_transitions/Pendulum-v1/episodes/episode_0.npz,557,experiments/03_1_gpt35_history_n30_joint/results/records.jsonl,experiments/03_1_gpt35_history_n30_joint/results/runs/3.5__Pendulum-v1__next-action__H20/episode_000/predictions.jsonl,6a7d4aeba88be90e3b41e5f39f06d3939fb2a293c985086b3903c2facd6049ec,True,1956,161,2117,2.2466004169546068,2.242544624954462,[1.7350534200668335],,,False,not_applicable,[-0.4],True,,[4],True,,,False,not_applicable,,False,not_applicable,,False,not_applicable,,,,,,[9],,,,,
a1dc5ed155329ecdd549017a459535d1a798f694f05ee577cc90e1dd9f5653f7,3.5__Pendulum-v1__next-action__H20,Pendulum-v1,next-action,20,17,37,data/llmx_data/offline_data/physics_data/raw_transitions/Pendulum-v1/episodes/episode_0.npz,558,experiments/03_1_gpt35_history_n30_joint/results/records.jsonl,experiments/03_1_gpt35_history_n30_joint/results/runs/3.5__Pendulum-v1__next-action__H20/episode_000/predictions.jsonl,b128d85450f666a4649dbdc6868d3969df870edcbff1226c551a8d81e42f7981,True,1958,166,2124,1.8686005839845166,1.8645897079259157,[-1.974252700805664],,,False,not_applicable,[0.45],True,,[6],True,,,False,not_applicable,,False,not_applicable,,False,not_applicable,,,,,,[0],,,,,
50b5f035cd82459ea455db3cab4a157e363cf7870a86503147d1a2d966b20de8,3.5__Pendulum-v1__next-action__H20,Pendulum-v1,next-action,20,18,38,data/llmx_data/offline_data/physics_data/raw_transitions/Pendulum-v1/episodes/episode_0.npz,559,experiments/03_1_gpt35_history_n30_joint/results/records.jsonl,experiments/03_1_gpt35_history_n30_joint/results/runs/3.5__Pendulum-v1__next-action__H20/episode_000/predictions.jsonl,851aafcef469e2e367d335f0c5d7fb1b92b01f74946c295e0b3587ef3f29ff5c,True,1960,304,2264,2.4545612090732902,2.4503080419963226,[2.0],,,False,not_applicable,[-1.5],True,,[0],True,,,False,not_applicable,,False,not_applicable,,False,not_applicable,,,,,,[9],,,,,
2b22d7693861b8524302defeb72acd30cc502e728046f0a9ce246903161cf776,3.5__Pendulum-v1__next-action__H20,Pendulum-v1,next-action,20,19,39,data/llmx_data/offline_data/physics_data/raw_transitions/Pendulum-v1/episodes/episode_0.npz,560,experiments/03_1_gpt35_history_n30_joint/results/records.jsonl,experiments/03_1_gpt35_history_n30_joint/results/runs/3.5__Pendulum-v1__next-action__H20/episode_000/predictions.jsonl,5c00dbbb5a322783b677ecf5b946ef18453f0447af02f93e9c3609aaac8a96cc,True,1959,217,2176,2.141158999991603,2.1370193749899045,[1.0084922313690186],,,False,not_applicable,[0.2],True,,[5],True,,,False,not_applicable,,False,not_applicable,,False,not_applicable,,,,,,[7],,,,,
74b71e9bdfa3a95ea4ee0d5a7243669c957d533f026d182424b33fc78790096b,3.5__Pendulum-v1__next-action__H20,Pendulum-v1,next-action,20,20,40,data/llmx_data/offline_data/physics_data/raw_transitions/Pendulum-v1/episodes/episode_0.npz,561,experiments/03_1_gpt35_history_n30_joint/results/records.jsonl,experiments/03_1_gpt35_history_n30_joint/results/runs/3.5__Pendulum-v1__next-action__H20/episode_000/predictions.jsonl,de66e07a36ce61a3b7d1a4f158e0fb9863d9d47c1dcf61b5b754e4a65eca129a,True,1959,210,2169,2.498735334025696,2.494194500031881,[0.3147212266921997],,,False,not_applicable,[-0.2],True,,[4],True,,,False,not_applicable,,False,not_applicable,,False,not_applicable,,,,,,[5],,,,,
6a16adffe6e027cff5ad3e66544139e1d2808350c58b2d869ab8bc65745673bc,3.5__Pendulum-v1__next-action__H20,Pendulum-v1,next-action,20,21,41,data/llmx_data/offline_data/physics_data/raw_transitions/Pendulum-v1/episodes/episode_0.npz,562,experiments/03_1_gpt35_history_n30_joint/results/records.jsonl,experiments/03_1_gpt35_history_n30_joint/results/runs/3.5__Pendulum-v1__next-action__H20/episode_000/predictions.jsonl,b0bd4288d4f7f44b4c47f776dda409adc19330dc946854f62f697b4c0d8fa3ac,True,1958,161,2119,1.8959662080742419,1.8920601250138134,[0.46364936232566833],,,False,not_applicable,[0.4],True,,[5],True,,,False,not_applicable,,False,not_applicable,,False,not_applicable,,,,,,[6],,,,,
aa48b26c9e41b0ea7068566fb7b7e812ab62be1103d0aa4d7ad167616f587d7e,3.5__Pendulum-v1__next-action__H20,Pendulum-v1,next-action,20,22,42,data/llmx_data/offline_data/physics_data/raw_transitions/Pendulum-v1/episodes/episode_0.npz,563,experiments/03_1_gpt35_history_n30_joint/results/records.jsonl,experiments/03_1_gpt35_history_n30_joint/results/runs/3.5__Pendulum-v1__next-action__H20/episode_000/predictions.jsonl,61e93e87e0b6c456986adc9ef834546468732eaff5caa7856babf95b8b6cb3b7,True,1960,182,2142,2.212890458991751,2.2091413750313222,[-0.14764782786369324],,,False,not_applicable,[0.4],True,,[6],True,,,False,not_applicable,,False,not_applicable,,False,not_applicable,,,,,,[4],,,,,
71a99aa48946ba48100373ab5d837ba4b7e8a82a34e4067dc6f5ec4255b00934,3.5__Pendulum-v1__next-action__H20,Pendulum-v1,next-action,20,23,43,data/llmx_data/offline_data/physics_data/raw_transitions/Pendulum-v1/episodes/episode_0.npz,564,experiments/03_1_gpt35_history_n30_joint/results/records.jsonl,experiments/03_1_gpt35_history_n30_joint/results/runs/3.5__Pendulum-v1__next-action__H20/episode_000/predictions.jsonl,4fbeb17115e1a48c9c184f0841383cca9aedd421e234bbeb54d84a49b5738c28,True,1960,176,2136,1.8158932089572772,1.8117712499806657,[-1.4927301406860352],,,False,not_applicable,[0.4],True,,[6],True,,,False,not_applicable,,False,not_applicable,,False,not_applicable,,,,,,[1],,,,,
66f7dedb3795aeb4724dea7c4ea69a2f84701fb7f0a35e4204ac23c7b50d6df9,3.5__Pendulum-v1__next-action__H20,Pendulum-v1,next-action,20,24,44,data/llmx_data/offline_data/physics_data/raw_transitions/Pendulum-v1/episodes/episode_0.npz,565,experiments/03_1_gpt35_history_n30_joint/results/records.jsonl,experiments/03_1_gpt35_history_n30_joint/results/runs/3.5__Pendulum-v1__next-action__H20/episode_000/predictions.jsonl,5c95d067e1f3d2feede857b696cec4433ebcc4d8e2a6ce408c071a9bcde061ac,True,1961,292,2253,2.1017143750796095,2.098069000057876,[0.4636839032173157],,,False,not_applicable,[0.4],True,,[6],True,,,False,not_applicable,,False,not_applicable,,False,not_applicable,,,,,,[6],,,,,
317869d19357a2d726c803dcb27166a3b09a159e070dd9ec9654f271b2731906,3.5__Pendulum-v1__next-action__H20,Pendulum-v1,next-action,20,25,45,data/llmx_data/offline_data/physics_data/raw_transitions/Pendulum-v1/episodes/episode_0.npz,566,experiments/03_1_gpt35_history_n30_joint/results/records.jsonl,experiments/03_1_gpt35_history_n30_joint/results/runs/3.5__Pendulum-v1__next-action__H20/episode_000/predictions.jsonl,3604e0604fd8b7c7de64d8bd94ce389b206691045c04d578c1f4d565ed82ca52,True,1960,246,2206,3.2648632919881493,3.260133625008166,[0.13869135081768036],,,False,not_applicable,[1.2],True,,[8],True,,,False,not_applicable,,False,not_applicable,,False,not_applicable,,,,,,[5],,,,,
2b80a1c41c69c66e7f3e6179c954179d4a1ab41b1bfb72d789d8d41ce24d5070,3.5__Pendulum-v1__next-action__H20,Pendulum-v1,next-action,20,26,46,data/llmx_data/offline_data/physics_data/raw_transitions/Pendulum-v1/episodes/episode_0.npz,567,experiments/03_1_gpt35_history_n30_joint/results/records.jsonl,experiments/03_1_gpt35_history_n30_joint/results/runs/3.5__Pendulum-v1__next-action__H20/episode_000/predictions.jsonl,903d1b6eea87c6e34e5b33753126a4e12f40d0b7ed47138d9c574f7384a84da4,True,1958,221,2179,3.5927979999687523,3.5888673750450835,[0.38437893986701965],,,False,not_applicable,[-0.6],True,,[3],True,,,False,not_applicable,,False,not_applicable,,False,not_applicable,,,,,,[5],,,,,
97c20f044e604b4efd2ef13d39ef91d50b6923bb6e18d467c61f7a438e8fa253,3.5__Pendulum-v1__next-action__H20,Pendulum-v1,next-action,20,27,47,data/llmx_data/offline_data/physics_data/raw_transitions/Pendulum-v1/episodes/episode_0.npz,568,experiments/03_1_gpt35_history_n30_joint/results/records.jsonl,experiments/03_1_gpt35_history_n30_joint/results/runs/3.5__Pendulum-v1__next-action__H20/episode_000/predictions.jsonl,2a3abf5780d508386f6cec3a69af6ace8d28d5851d649ae29ced528790b2502f,True,1957,186,2143,2.2813894590362906,2.2785711250035092,[0.7350708246231079],,,False,not_applicable,[0.0],True,,[4],True,,,False,not_applicable,,False,not_applicable,,False,not_applicable,,,,,,[6],,,,,
51b199e46329914ce01cba58c0edae3ea6a2fdcb484fc253aa7b5a6fc05ad068,3.5__Pendulum-v1__next-action__H20,Pendulum-v1,next-action,20,28,48,data/llmx_data/offline_data/physics_data/raw_transitions/Pendulum-v1/episodes/episode_0.npz,569,experiments/03_1_gpt35_history_n30_joint/results/records.jsonl,experiments/03_1_gpt35_history_n30_joint/results/runs/3.5__Pendulum-v1__next-action__H20/episode_000/predictions.jsonl,81ba29f043725acd722798c44d017c0b5dfdcadba8d139d90de8f96ff858a835,True,1948,276,2224,3.0011307500535622,2.997314666979946,[-0.28224530816078186],,,False,not_applicable,[1.6],True,,[8],True,,,False,not_applicable,,False,not_applicable,,False,not_applicable,,,,,,[4],,,,,
ec08b4fca0b8c77506eca1218085e30f4a22931bcee51d5abda69fdfdced4dd6,3.5__Pendulum-v1__next-action__H20,Pendulum-v1,next-action,20,29,49,data/llmx_data/offline_data/physics_data/raw_transitions/Pendulum-v1/episodes/episode_0.npz,570,experiments/03_1_gpt35_history_n30_joint/results/records.jsonl,experiments/03_1_gpt35_history_n30_joint/results/runs/3.5__Pendulum-v1__next-action__H20/episode_000/predictions.jsonl,61f76f99681a8ffd7c07f7424875b5f44f4fc39b5b2443c18643745972b786bf,True,1947,191,2138,2.3650317910360172,2.361966541968286,[0.690740704536438],,,False,not_applicable,[-0.4],True,,[4],True,,,False,not_applicable,,False,not_applicable,,False,not_applicable,,,,,,[6],,,,,
92fe62781be30d5ade0ccdcec624772b154f01c1a59c5c163f3aba75ded0f430,3.5__Pendulum-v1__next-action__H30,Pendulum-v1,next-action,30,0,30,data/llmx_data/offline_data/physics_data/raw_transitions/Pendulum-v1/episodes/episode_0.npz,571,experiments/03_1_gpt35_history_n30_joint/results/records.jsonl,experiments/03_1_gpt35_history_n30_joint/results/runs/3.5__Pendulum-v1__next-action__H30/episode_000/predictions.jsonl,5ee0879df9b4afe19536ccb4adf5bee180b548ffb428fd5aceff9ef3a9a3812d,True,2389,166,2555,1.5995192499831319,1.596133082988672,[-0.8885178565979004],,,False,not_applicable,[-1.2],True,,[2],True,,,False,not_applicable,,False,not_applicable,,False,not_applicable,,,,,,[2],,,,,
01d99b90addb17a32e48070794778d8d359cca77b2b92a04c0873a3518e3fec4,3.5__Pendulum-v1__next-action__H30,Pendulum-v1,next-action,30,1,31,data/llmx_data/offline_data/physics_data/raw_transitions/Pendulum-v1/episodes/episode_0.npz,572,experiments/03_1_gpt35_history_n30_joint/results/records.jsonl,experiments/03_1_gpt35_history_n30_joint/results/runs/3.5__Pendulum-v1__next-action__H30/episode_000/predictions.jsonl,cef72e347dcadff655fbdc403be91c62b453708bc90b022e51f24f2220baf55c,True,2392,131,2523,2.1075226669199765,2.103776125004515,[1.4703737497329712],,,False,not_applicable,[1.2],True,,[8],True,,,False,not_applicable,,False,not_applicable,,False,not_applicable,,,,,,[8],,,,,
63ba8179ac0d014e4ef3cebe12be599cd74fcc2d54ac2d71d4f8b3b33cad59db,3.5__Pendulum-v1__next-action__H30,Pendulum-v1,next-action,30,2,32,data/llmx_data/offline_data/physics_data/raw_transitions/Pendulum-v1/episodes/episode_0.npz,573,experiments/03_1_gpt35_history_n30_joint/results/records.jsonl,experiments/03_1_gpt35_history_n30_joint/results/runs/3.5__Pendulum-v1__next-action__H30/episode_000/predictions.jsonl,92be944f742c89ed6d092d8adcda237b38d26c67a9b03427accf2edbc6e404ac,True,2395,214,2609,1.650956999976188,1.6482385419076309,[-0.9442287683486938],,,False,not_applicable,[1.2],True,,[8],True,,,False,not_applicable,,False,not_applicable,,False,not_applicable,,,,,,[2],,,,,
40ed6a421a13e3293b946a3090711e2d59f8e40553d7aed38d19525c386983aa,3.5__Pendulum-v1__next-action__H30,Pendulum-v1,next-action,30,3,33,data/llmx_data/offline_data/physics_data/raw_transitions/Pendulum-v1/episodes/episode_0.npz,574,experiments/03_1_gpt35_history_n30_joint/results/records.jsonl,experiments/03_1_gpt35_history_n30_joint/results/runs/3.5__Pendulum-v1__next-action__H30/episode_000/predictions.jsonl,56aefebccf1f176e61b0ef8f0bce4c8d9ff5ebdb406bbb01995ea944e844486d,True,2398,157,2555,2.210820582928136,2.2081853749696165,[1.5583062171936035],,,False,not_applicable,[1.2],True,,[8],True,,,False,not_applicable,,False,not_applicable,,False,not_applicable,,,,,,[8],,,,,
cd48b2ac31e7596ee658be55fda7d8381295d40c4094c3651b05e5bb7e9ff7b5,3.5__Pendulum-v1__next-action__H30,Pendulum-v1,next-action,30,4,34,data/llmx_data/offline_data/physics_data/raw_transitions/Pendulum-v1/episodes/episode_0.npz,575,experiments/03_1_gpt35_history_n30_joint/results/records.jsonl,experiments/03_1_gpt35_history_n30_joint/results/runs/3.5__Pendulum-v1__next-action__H30/episode_000/predictions.jsonl,8e55057b603056f00c120acfb707b51e6d60da43117a23dc6699bbf9e4c95474,True,2398,183,2581,1.9646100000245497,1.960566540947184,[0.1804589033126831],,,False,not_applicable,[1.2],True,,[8],True,,,False,not_applicable,,False,not_applicable,,False,not_applicable,,,,,,[5],,,,,
e1a4b16115475b58de308755fc1142f6b6647f7ef18b27f3c6c7a68fdabe5ad0,3.5__Pendulum-v1__next-action__H30,Pendulum-v1,next-action,30,5,35,data/llmx_data/offline_data/physics_data/raw_transitions/Pendulum-v1/episodes/episode_0.npz,576,experiments/03_1_gpt35_history_n30_joint/results/records.jsonl,experiments/03_1_gpt35_history_n30_joint/results/runs/3.5__Pendulum-v1__next-action__H30/episode_000/predictions.jsonl,6c29a3a78ffad71212d3ba8aa37ff83a152d7205174c42f5b5579cb8736c9c5f,True,2402,151,2553,1.7451027499046177,1.7407313330331817,[-1.4897518157958984],,,False,not_applicable,[0.2],True,,[5],True,,,False,not_applicable,,False,not_applicable,,False,not_applicable,,,,,,[1],,,,,
d29c12ff203e0074c003b37b5f04bb4a277b126ce3c45454a922200f685bd9c0,3.5__Pendulum-v1__next-action__H30,Pendulum-v1,next-action,30,6,36,data/llmx_data/offline_data/physics_data/raw_transitions/Pendulum-v1/episodes/episode_0.npz,577,experiments/03_1_gpt35_history_n30_joint/results/records.jsonl,experiments/03_1_gpt35_history_n30_joint/results/runs/3.5__Pendulum-v1__next-action__H30/episode_000/predictions.jsonl,aaec3e936c8f29784a01ffde36d9dda8274eaeef96d67435cfe3102a44a03953,True,2400,172,2572,2.094278624979779,2.090521208010614,[1.7350534200668335],,,False,not_applicable,[-1.2],True,,[2],True,,,False,not_applicable,,False,not_applicable,,False,not_applicable,,,,,,[9],,,,,
e8fbe823a5d1a83e9c65cb8af63d6f98f67e9024c95308bf30392030c4f80b61,3.5__Pendulum-v1__next-action__H30,Pendulum-v1,next-action,30,7,37,data/llmx_data/offline_data/physics_data/raw_transitions/Pendulum-v1/episodes/episode_0.npz,578,experiments/03_1_gpt35_history_n30_joint/results/records.jsonl,experiments/03_1_gpt35_history_n30_joint/results/runs/3.5__Pendulum-v1__next-action__H30/episode_000/predictions.jsonl,5e9889f37df090e819255c034422c2d43c9160295928b20193bc9df3801abcdf,True,2399,207,2606,2.6683366250945255,2.664841499994509,[-1.974252700805664],,,False,not_applicable,[0.0],True,,[4],True,,,False,not_applicable,,False,not_applicable,,False,not_applicable,,,,,,[0],,,,,
80960f52eb8aa05701373eabb74773b4da96c0a9b057f8b2121eb770de65a1d7,3.5__Pendulum-v1__next-action__H30,Pendulum-v1,next-action,30,8,38,data/llmx_data/offline_data/physics_data/raw_transitions/Pendulum-v1/episodes/episode_0.npz,579,experiments/03_1_gpt35_history_n30_joint/results/records.jsonl,experiments/03_1_gpt35_history_n30_joint/results/runs/3.5__Pendulum-v1__next-action__H30/episode_000/predictions.jsonl,ec197e78014bc197ff5c2272277e1089c84bd7343c21bbc9d0eb0ec27e3e5e25,True,2399,178,2577,2.450823458028026,2.4462419169722125,[2.0],,,False,not_applicable,[1.0],True,,[8],True,,,False,not_applicable,,False,not_applicable,,False,not_applicable,,,,,,[9],,,,,
825f9f8046d2263e3d1d5353756094df6a37a11bfc342cc74773d4313ff0736d,3.5__Pendulum-v1__next-action__H30,Pendulum-v1,next-action,30,9,39,data/llmx_data/offline_data/physics_data/raw_transitions/Pendulum-v1/episodes/episode_0.npz,580,experiments/03_1_gpt35_history_n30_joint/results/records.jsonl,experiments/03_1_gpt35_history_n30_joint/results/runs/3.5__Pendulum-v1__next-action__H30/episode_000/predictions.jsonl,fcc0bce634e7b56d7733f5c2a6e5cbf00f2a2c939f9475e0602e7a6a9d7b43f4,True,2399,157,2556,1.9127177080372348,1.909486792050302,[1.0084922313690186],,,False,not_applicable,[0.4],True,,[5],True,,,False,not_applicable,,False,not_applicable,,False,not_applicable,,,,,,[7],,,,,
29d2c8682d4723a0d87220ebf314372c5df09579d30075e02261456d3d33b4ee,3.5__Pendulum-v1__next-action__H30,Pendulum-v1,next-action,30,10,40,data/llmx_data/offline_data/physics_data/raw_transitions/Pendulum-v1/episodes/episode_0.npz,581,experiments/03_1_gpt35_history_n30_joint/results/records.jsonl,experiments/03_1_gpt35_history_n30_joint/results/runs/3.5__Pendulum-v1__next-action__H30/episode_000/predictions.jsonl,a7eb428bde05b1b05147882b5b98193f1eb3461e8777e56a3fa8801391dc0645,True,2398,162,2560,1.6507189169060439,1.6464134579291567,[0.3147212266921997],,,False,not_applicable,[0.75],True,,[7],True,,,False,not_applicable,,False,not_applicable,,False,not_applicable,,,,,,[5],,,,,
1a51458b26b4affce84f5a1cbc24ddb374c892e77bf3c7e4099f9f687fccd0de,3.5__Pendulum-v1__next-action__H30,Pendulum-v1,next-action,30,11,41,data/llmx_data/offline_data/physics_data/raw_transitions/Pendulum-v1/episodes/episode_0.npz,582,experiments/03_1_gpt35_history_n30_joint/results/records.jsonl,experiments/03_1_gpt35_history_n30_joint/results/runs/3.5__Pendulum-v1__next-action__H30/episode_000/predictions.jsonl,cf740c2c9c281a15bebb32dd4297715bd05e35f9e7ce3e9636a9687a1df97366,True,2397,260,2657,1.9521911250194535,1.949437583098188,[0.46364936232566833],,,False,not_applicable,[0.6],True,,[6],True,,,False,not_applicable,,False,not_applicable,,False,not_applicable,,,,,,[6],,,,,
2c927ae738a72f2db4c534f9a6d331092b9e4954096ad4c1b355bb35e8a0ac13,3.5__Pendulum-v1__next-action__H30,Pendulum-v1,next-action,30,12,42,data/llmx_data/offline_data/physics_data/raw_transitions/Pendulum-v1/episodes/episode_0.npz,583,experiments/03_1_gpt35_history_n30_joint/results/records.jsonl,experiments/03_1_gpt35_history_n30_joint/results/runs/3.5__Pendulum-v1__next-action__H30/episode_000/predictions.jsonl,d7a8502f30911bb76d9cc7285e0657a175bd0fd15348b9e0f74d95e17186c73e,True,2397,258,2655,1.8968089590780437,1.8932527089491487,[-0.14764782786369324],,,False,not_applicable,[0.4],True,,[5],True,,,False,not_applicable,,False,not_applicable,,False,not_applicable,,,,,,[4],,,,,
77a5143cb6874c6d700ec745f94b11e790e7893bcef44308130f514b7c291c84,3.5__Pendulum-v1__next-action__H30,Pendulum-v1,next-action,30,13,43,data/llmx_data/offline_data/physics_data/raw_transitions/Pendulum-v1/episodes/episode_0.npz,584,experiments/03_1_gpt35_history_n30_joint/results/records.jsonl,experiments/03_1_gpt35_history_n30_joint/results/runs/3.5__Pendulum-v1__next-action__H30/episode_000/predictions.jsonl,0c8c07e371e472514dedb0ed4ff26aacd3834cc2303ffff893005d0e6261e5d5,True,2401,172,2573,2.1330630839802325,2.1291205410379916,[-1.4927301406860352],,,False,not_applicable,[0.4],True,,[6],True,,,False,not_applicable,,False,not_applicable,,False,not_applicable,,,,,,[1],,,,,
382e408516a0c4e4633e1706234fb0156e447162e843528e310e29ae82caf87f,3.5__Pendulum-v1__next-action__H30,Pendulum-v1,next-action,30,14,44,data/llmx_data/offline_data/physics_data/raw_transitions/Pendulum-v1/episodes/episode_0.npz,585,experiments/03_1_gpt35_history_n30_joint/results/records.jsonl,experiments/03_1_gpt35_history_n30_joint/results/runs/3.5__Pendulum-v1__next-action__H30/episode_000/predictions.jsonl,9dced8bf9dc88feabd1592948e4e3a644a07023c1b2a8dd87dad8aa962cc860e,True,2402,204,2606,2.547229624935426,2.544384584063664,[0.4636839032173157],,,False,not_applicable,[-1.2],True,,[2],True,,,False,not_applicable,,False,not_applicable,,False,not_applicable,,,,,,[6],,,,,
e7a4d3a3663b9fa5753cd5840e2d6c21f69bd7cb793b492ea35f90558ef37a13,3.5__Pendulum-v1__next-action__H30,Pendulum-v1,next-action,30,15,45,data/llmx_data/offline_data/physics_data/raw_transitions/Pendulum-v1/episodes/episode_0.npz,586,experiments/03_1_gpt35_history_n30_joint/results/records.jsonl,experiments/03_1_gpt35_history_n30_joint/results/runs/3.5__Pendulum-v1__next-action__H30/episode_000/predictions.jsonl,e277bea92afea95d92a04db328b3ab3c835aca3dbc6f6002ce06d61c19e75c45,True,2402,238,2640,2.3815991659648716,2.3779856249457225,[0.13869135081768036],,,False,not_applicable,[0.2],True,,[5],True,,,False,not_applicable,,False,not_applicable,,False,not_applicable,,,,,,[5],,,,,
17374de956148d9d670908d1017d3f0c9f66681e6ed9ce9a5c0f91d209873381,3.5__Pendulum-v1__next-action__H30,Pendulum-v1,next-action,30,16,46,data/llmx_data/offline_data/physics_data/raw_transitions/Pendulum-v1/episodes/episode_0.npz,587,experiments/03_1_gpt35_history_n30_joint/results/records.jsonl,experiments/03_1_gpt35_history_n30_joint/results/runs/3.5__Pendulum-v1__next-action__H30/episode_000/predictions.jsonl,abf16853c03643a0bfee6d0e5ea7ae54a914cc67b435ba58f6ed96abf506fd45,True,2400,148,2548,1.914352957974188,1.9103724589804187,[0.38437893986701965],,,False,not_applicable,[-0.4],True,,[3],True,,,False,not_applicable,,False,not_applicable,,False,not_applicable,,,,,,[5],,,,,
07729821e70628b7af106a8c98ad1489c66b3a17dc76a47cadac14708c5a6028,3.5__Pendulum-v1__next-action__H30,Pendulum-v1,next-action,30,17,47,data/llmx_data/offline_data/physics_data/raw_transitions/Pendulum-v1/episodes/episode_0.npz,588,experiments/03_1_gpt35_history_n30_joint/results/records.jsonl,experiments/03_1_gpt35_history_n30_joint/results/runs/3.5__Pendulum-v1__next-action__H30/episode_000/predictions.jsonl,ba9124ff25b22d0d75204b5c869360d109c917e7e3bf0fd178554015ac936732,True,2400,156,2556,2.1677345839561895,2.163341416977346,[0.7350708246231079],,,False,not_applicable,[1.2],True,,[8],True,,,False,not_applicable,,False,not_applicable,,False,not_applicable,,,,,,[6],,,,,
406c238ddca6b68ed0a0db8ec8e2de8213182836df3b7dde57adbf66750f1e0b,3.5__Pendulum-v1__next-action__H30,Pendulum-v1,next-action,30,18,48,data/llmx_data/offline_data/physics_data/raw_transitions/Pendulum-v1/episodes/episode_0.npz,589,experiments/03_1_gpt35_history_n30_joint/results/records.jsonl,experiments/03_1_gpt35_history_n30_joint/results/runs/3.5__Pendulum-v1__next-action__H30/episode_000/predictions.jsonl,7ffdb1b0649f441cb1c1e3f59fdedf475371c2d836804d1d81db3fc90d82acaa,True,2401,230,2631,2.073476415942423,2.069942499976605,[-0.28224530816078186],,,False,not_applicable,[0.2],True,,[5],True,,,False,not_applicable,,False,not_applicable,,False,not_applicable,,,,,,[4],,,,,
d0959529661edf868e1d6a1ee5c8fa1c745935ddbd1e3ebfab6a811078049c4a,3.5__Pendulum-v1__next-action__H30,Pendulum-v1,next-action,30,19,49,data/llmx_data/offline_data/physics_data/raw_transitions/Pendulum-v1/episodes/episode_0.npz,590,experiments/03_1_gpt35_history_n30_joint/results/records.jsonl,experiments/03_1_gpt35_history_n30_joint/results/runs/3.5__Pendulum-v1__next-action__H30/episode_000/predictions.jsonl,ea5216ee38db728be5fab8ded73aaee5d962d9a414ea622df7e8b268639e834a,True,2401,198,2599,1.963834666996263,1.9600175000960007,[0.690740704536438],,,False,not_applicable,[0.4],True,,[5],True,,,False,not_applicable,,False,not_applicable,,False,not_applicable,,,,,,[6],,,,,
c4707ba1f912e498ef511941992fd1e2ef2e91bd56c04f1146b9c9999f86b41d,3.5__Pendulum-v1__next-action__H30,Pendulum-v1,next-action,30,20,50,data/llmx_data/offline_data/physics_data/raw_transitions/Pendulum-v1/episodes/episode_0.npz,591,experiments/03_1_gpt35_history_n30_joint/results/records.jsonl,experiments/03_1_gpt35_history_n30_joint/results/runs/3.5__Pendulum-v1__next-action__H30/episode_000/predictions.jsonl,2bf1bd5a53d8636a911a096090b538553bea61f033f51724cb1c01dab33d825f,True,2401,138,2539,1.67314837500453,1.6693327919347212,[0.2219473123550415],,,False,not_applicable,[0.4],True,,[6],True,,,False,not_applicable,,False,not_applicable,,False,not_applicable,,,,,,[5],,,,,
e45b81130c62ce1709344f381c989b3419cd7a41d7c85f7f8738eac29e09faa4,3.5__Pendulum-v1__next-action__H30,Pendulum-v1,next-action,30,21,51,data/llmx_data/offline_data/physics_data/raw_transitions/Pendulum-v1/episodes/episode_0.npz,592,experiments/03_1_gpt35_history_n30_joint/results/records.jsonl,experiments/03_1_gpt35_history_n30_joint/results/runs/3.5__Pendulum-v1__next-action__H30/episode_000/predictions.jsonl,9e1675ff3217041a348c6560acce8bae65aa99e2343ad6262a83a4b8eb759e19,True,2400,150,2550,1.6511073750443757,1.6466866669943556,[0.033985599875450134],,,False,not_applicable,[0.1],True,,[4],True,,,False,not_applicable,,False,not_applicable,,False,not_applicable,,,,,,[5],,,,,
5d11d2d58167486ceab7ea6113afa52635ef448ae3528636386aaeaea5f11aa9,3.5__Pendulum-v1__next-action__H30,Pendulum-v1,next-action,30,22,52,data/llmx_data/offline_data/physics_data/raw_transitions/Pendulum-v1/episodes/episode_0.npz,593,experiments/03_1_gpt35_history_n30_joint/results/records.jsonl,experiments/03_1_gpt35_history_n30_joint/results/runs/3.5__Pendulum-v1__next-action__H30/episode_000/predictions.jsonl,c4a7864e0b0d606c6f55c156c20dc39d4d774962ffef0f7cc02c1d3017a2be04,True,2400,208,2608,2.227072999929078,2.223323249956593,[0.6907880306243896],,,False,not_applicable,[0.1],True,,[5],True,,,False,not_applicable,,False,not_applicable,,False,not_applicable,,,,,,[6],,,,,
4ec20cb21a690cb095b171dbae6902959b36064810fff4dcf9813240f4e37c65,3.5__Pendulum-v1__next-action__H30,Pendulum-v1,next-action,30,23,53,data/llmx_data/offline_data/physics_data/raw_transitions/Pendulum-v1/episodes/episode_0.npz,594,experiments/03_1_gpt35_history_n30_joint/results/records.jsonl,experiments/03_1_gpt35_history_n30_joint/results/runs/3.5__Pendulum-v1__next-action__H30/episode_000/predictions.jsonl,079d7bc0d22fa9351e88d4f5f113f2a3c4e18c3fa09c0f6da6ce0f7ffc08c35a,True,2399,150,2549,1.542006167001091,1.5391288750106469,[-1.3656891584396362],,,False,not_applicable,[0.4],True,,[6],True,,,False,not_applicable,,False,not_applicable,,False,not_applicable,,,,,,[1],,,,,
dbadad6c7cc23262ae44fd1b6ac33ec863a6b47e30f5b81d0490b9b888c122c6,3.5__Pendulum-v1__next-action__H30,Pendulum-v1,next-action,30,24,54,data/llmx_data/offline_data/physics_data/raw_transitions/Pendulum-v1/episodes/episode_0.npz,595,experiments/03_1_gpt35_history_n30_joint/results/records.jsonl,experiments/03_1_gpt35_history_n30_joint/results/runs/3.5__Pendulum-v1__next-action__H30/episode_000/predictions.jsonl,092683efb2c1a08f489a6b58e2ca8cbf5dff5c8377988f13f4e22994aa86aabf,True,2399,212,2611,2.3320018749218434,2.3283531250199303,[2.0],,,False,not_applicable,[0.4],True,,[6],True,,,False,not_applicable,,False,not_applicable,,False,not_applicable,,,,,,[9],,,,,
25b1f2cc5785bf063ff342cd77e30247caf357d0b182325fcec1e1c60040dd13,3.5__Pendulum-v1__next-action__H30,Pendulum-v1,next-action,30,25,55,data/llmx_data/offline_data/physics_data/raw_transitions/Pendulum-v1/episodes/episode_0.npz,596,experiments/03_1_gpt35_history_n30_joint/results/records.jsonl,experiments/03_1_gpt35_history_n30_joint/results/runs/3.5__Pendulum-v1__next-action__H30/episode_000/predictions.jsonl,c3d59f4ae056980c1d20760170712efe58a715241cabdf73d4ea6eec8e77d18f,True,2396,183,2579,2.584844874916598,2.5808419580571353,[-1.0703959465026855],,,False,not_applicable,[0.0],True,,[4],True,,,False,not_applicable,,False,not_applicable,,False,not_applicable,,,,,,[2],,,,,
25784a78bb85f98f8a51e1a030ab8e07cc1b8a999887b47a40af3ed2d8551dd6,3.5__Pendulum-v1__next-action__H30,Pendulum-v1,next-action,30,26,56,data/llmx_data/offline_data/physics_data/raw_transitions/Pendulum-v1/episodes/episode_0.npz,597,experiments/03_1_gpt35_history_n30_joint/results/records.jsonl,experiments/03_1_gpt35_history_n30_joint/results/runs/3.5__Pendulum-v1__next-action__H30/episode_000/predictions.jsonl,8e7277cd6f926522d535349fcedc3693d0c10aa600b3b30404ac522529fcc92d,True,2396,170,2566,1.5354547500610352,1.5321840000106022,[1.6907861232757568],,,False,not_applicable,[-1.2],True,,[2],True,,,False,not_applicable,,False,not_applicable,,False,not_applicable,,,,,,[9],,,,,
95339a30fc2ba766b40deca7009747f26929db6f34b0c3935093ea9b0be0ac49,3.5__Pendulum-v1__next-action__H30,Pendulum-v1,next-action,30,27,57,data/llmx_data/offline_data/physics_data/raw_transitions/Pendulum-v1/episodes/episode_0.npz,598,experiments/03_1_gpt35_history_n30_joint/results/records.jsonl,experiments/03_1_gpt35_history_n30_joint/results/runs/3.5__Pendulum-v1__next-action__H30/episode_000/predictions.jsonl,aa10eb284f5d894f8eb6e568742a4e1944fcce5dfa9a946789c0502b76a71bec,True,2396,173,2569,2.7804671250050887,2.776211457909085,[-0.09246313571929932],,,False,not_applicable,[0.4],True,,[6],True,,,False,not_applicable,,False,not_applicable,,False,not_applicable,,,,,,[4],,,,,
4a60c56fdaaf6f029f659373ba85ea8152fd9afde893cc4ab00200f014c56cc2,3.5__Pendulum-v1__next-action__H30,Pendulum-v1,next-action,30,28,58,data/llmx_data/offline_data/physics_data/raw_transitions/Pendulum-v1/episodes/episode_0.npz,599,experiments/03_1_gpt35_history_n30_joint/results/records.jsonl,experiments/03_1_gpt35_history_n30_joint/results/runs/3.5__Pendulum-v1__next-action__H30/episode_000/predictions.jsonl,6088b69ece9ea9d8b7ba4f5a4b2c9939cf5b225a76fff6995aec58b23594da32,True,2388,156,2544,1.7929487079381943,1.7890682080760598,[0.16217319667339325],,,False,not_applicable,[0.0],True,,[5],True,,,False,not_applicable,,False,not_applicable,,False,not_applicable,,,,,,[5],,,,,
770e0f4abad732bb123202ddd2bc5075b04ac729ee32876f27279a9cfd696680,3.5__Pendulum-v1__next-action__H30,Pendulum-v1,next-action,30,29,59,data/llmx_data/offline_data/physics_data/raw_transitions/Pendulum-v1/episodes/episode_0.npz,600,experiments/03_1_gpt35_history_n30_joint/results/records.jsonl,experiments/03_1_gpt35_history_n30_joint/results/runs/3.5__Pendulum-v1__next-action__H30/episode_000/predictions.jsonl,2d8cc1cd4c8ba5a5af9472046db3bfd9688161c35850debf053a9e127daa0324,True,2388,173,2561,1.4874638749752194,1.4832459170138463,[0.14507156610488892],,,False,not_applicable,[0.2],True,,[5],True,,,False,not_applicable,,False,not_applicable,,False,not_applicable,,,,,,[5],,,,,
a2eff36122bedfc8c1e03f69bba157535f0b3b6b0406aeae402b2d921cc507e9,3.5__Pendulum-v1__last-action__H5,Pendulum-v1,last-action,5,0,5,data/llmx_data/offline_data/physics_data/raw_transitions/Pendulum-v1/episodes/episode_0.npz,601,experiments/03_1_gpt35_history_n30_joint/results/records.jsonl,experiments/03_1_gpt35_history_n30_joint/results/runs/3.5__Pendulum-v1__last-action__H5/episode_000/predictions.jsonl,b7bba03e5a334b43a0b9d25bb2f659459925e76fb97108d3cce4e44f5f124604,True,1299,184,1483,2.0527597500476986,2.049061332945712,[-1.7580721378326416],,,False,not_applicable,[-2.0],True,,[0],True,,,False,not_applicable,,False,not_applicable,,False,not_applicable,,,,,,[0],,,,,
2164d448800960897a0a119a4c396643ade73dd9724934053e108244d03be6e4,3.5__Pendulum-v1__last-action__H5,Pendulum-v1,last-action,5,1,6,data/llmx_data/offline_data/physics_data/raw_transitions/Pendulum-v1/episodes/episode_0.npz,602,experiments/03_1_gpt35_history_n30_joint/results/records.jsonl,experiments/03_1_gpt35_history_n30_joint/results/runs/3.5__Pendulum-v1__last-action__H5/episode_000/predictions.jsonl,4fe837e5e6193999e20eea683760c2b795a43d586f42fcde24375747a353224a,True,1302,125,1427,1.953065500012599,1.949204958975315,[-1.347569465637207],,,False,not_applicable,[-1.4],True,,[2],True,,,False,not_applicable,,False,not_applicable,,False,not_applicable,,,,,,[1],,,,,
abc69138950345a1370cb7af96afc371410467e3c1a3e314b5d4d290999d2877,3.5__Pendulum-v1__last-action__H5,Pendulum-v1,last-action,5,2,7,data/llmx_data/offline_data/physics_data/raw_transitions/Pendulum-v1/episodes/episode_0.npz,603,experiments/03_1_gpt35_history_n30_joint/results/records.jsonl,experiments/03_1_gpt35_history_n30_joint/results/runs/3.5__Pendulum-v1__last-action__H5/episode_000/predictions.jsonl,97f47a6a18b525f3318f5f26e4b80db2cf9810d856d350f137265bd6630eb585,False,1305,189,1494,1.4743215409107506,1.4708353329915553,[-1.195901870727539],,,False,not_applicable,,False,missing_marker,[4],True,,,False,not_applicable,,False,not_applicable,,False,not_applicable,,,,,,[2],,,,,
d4a16284a472d379420a99e6a2c2457a25dd5b2fd32e5ebf8d1706bdf3515f18,3.5__Pendulum-v1__last-action__H5,Pendulum-v1,last-action,5,3,8,data/llmx_data/offline_data/physics_data/raw_transitions/Pendulum-v1/episodes/episode_0.npz,604,experiments/03_1_gpt35_history_n30_joint/results/records.jsonl,experiments/03_1_gpt35_history_n30_joint/results/runs/3.5__Pendulum-v1__last-action__H5/episode_000/predictions.jsonl,bb103301e34ab3bcac2fa2220e0882627a03303cf93d0edc4d7ab40009f3570e,True,1309,178,1487,2.292881750036031,2.289324708050117,[-2.0],,,False,not_applicable,[-0.5],True,,[3],True,,,False,not_applicable,,False,not_applicable,,False,not_applicable,,,,,,[0],,,,,
1bba9e072b3de479cb7db697aa15bdf9a624a9601e2be0fc68c99a61272c6974,3.5__Pendulum-v1__last-action__H5,Pendulum-v1,last-action,5,4,9,data/llmx_data/offline_data/physics_data/raw_transitions/Pendulum-v1/episodes/episode_0.npz,605,experiments/03_1_gpt35_history_n30_joint/results/records.jsonl,experiments/03_1_gpt35_history_n30_joint/results/runs/3.5__Pendulum-v1__last-action__H5/episode_000/predictions.jsonl,77cd7f467a990beaebc91ef4d9940b5631a9144ce0dedcd97b76af82ddd1ed8a,True,1309,192,1501,2.0568728329380974,2.0534150840248913,[1.6174393892288208],,,False,not_applicable,[-0.2],True,,[4],True,,,False,not_applicable,,False,not_applicable,,False,not_applicable,,,,,,[9],,,,,
035b3e97163a32bd7f9b596e5c3b6b2fc9f9634636724879dd07ae0acc456eab,3.5__Pendulum-v1__last-action__H5,Pendulum-v1,last-action,5,5,10,data/llmx_data/offline_data/physics_data/raw_transitions/Pendulum-v1/episodes/episode_0.npz,606,experiments/03_1_gpt35_history_n30_joint/results/records.jsonl,experiments/03_1_gpt35_history_n30_joint/results/runs/3.5__Pendulum-v1__last-action__H5/episode_000/predictions.jsonl,213b423777421302b7ace3ec860fd64dbb9456c9f75b4a60fda9229951a29315,True,1312,161,1473,2.251001666067168,2.2465685420902446,[1.809918761253357],,,False,not_applicable,[-0.5],True,,[3],True,,,False,not_applicable,,False,not_applicable,,False,not_applicable,,,,,,[9],,,,,
7cfcba2cab7c837760323b6a74d33bae5d23fc63a54937fe9f7925b3d316ea07,3.5__Pendulum-v1__last-action__H5,Pendulum-v1,last-action,5,6,11,data/llmx_data/offline_data/physics_data/raw_transitions/Pendulum-v1/episodes/episode_0.npz,607,experiments/03_1_gpt35_history_n30_joint/results/records.jsonl,experiments/03_1_gpt35_history_n30_joint/results/runs/3.5__Pendulum-v1__last-action__H5/episode_000/predictions.jsonl,6840223a4877843b44137c9a125f8dc9f62e9cd5082b10219ea2287b35e2e11b,True,1309,205,1514,2.2394007919356227,2.2354622500715777,[-0.3191149830818176],,,False,not_applicable,[-1.5],True,,[1],True,,,False,not_applicable,,False,not_applicable,,False,not_applicable,,,,,,[4],,,,,
140538a7b29a06a51c0673c959227778f79cda15d438c0f79fd57184c9ae35bd,3.5__Pendulum-v1__last-action__H5,Pendulum-v1,last-action,5,7,12,data/llmx_data/offline_data/physics_data/raw_transitions/Pendulum-v1/episodes/episode_0.npz,608,experiments/03_1_gpt35_history_n30_joint/results/records.jsonl,experiments/03_1_gpt35_history_n30_joint/results/runs/3.5__Pendulum-v1__last-action__H5/episode_000/predictions.jsonl,22ef2b74a01d13f130f95dc7f9e65720ed3d03e29d6647c1674308f8ec9212d7,True,1307,324,1631,2.571699708001688,2.5677123341010883,[1.4111299514770508],,,False,not_applicable,[0.2],True,,[5],True,,,False,not_applicable,,False,not_applicable,,False,not_applicable,,,,,,[8],,,,,
ad4f7fdae76b09c2f50e934a639a22a8f05d0b13d14a732197bd94580ee69c96,3.5__Pendulum-v1__last-action__H5,Pendulum-v1,last-action,5,8,13,data/llmx_data/offline_data/physics_data/raw_transitions/Pendulum-v1/episodes/episode_0.npz,609,experiments/03_1_gpt35_history_n30_joint/results/records.jsonl,experiments/03_1_gpt35_history_n30_joint/results/runs/3.5__Pendulum-v1__last-action__H5/episode_000/predictions.jsonl,325149feb278d3f7fcc231f438af24ce95ca7e9ac2e02bf16cd8e8fc97531868,True,1305,223,1528,2.7839131660293788,2.779657750041224,[-1.4400720596313477],,,False,not_applicable,[1.0],True,,[8],True,,,False,not_applicable,,False,not_applicable,,False,not_applicable,,,,,,[1],,,,,
e57a33f00612a74805e33ee778b8df44aeac7976fc159a9f3ca3c63e61037e59,3.5__Pendulum-v1__last-action__H5,Pendulum-v1,last-action,5,9,14,data/llmx_data/offline_data/physics_data/raw_transitions/Pendulum-v1/episodes/episode_0.npz,610,experiments/03_1_gpt35_history_n30_joint/results/records.jsonl,experiments/03_1_gpt35_history_n30_joint/results/runs/3.5__Pendulum-v1__last-action__H5/episode_000/predictions.jsonl,4c9cb5a568ec724f63b8ba1b4feabffc57361444fb11153869e3a37ce0f2396e,True,1308,192,1500,1.9590327499900013,1.9543285830877721,[1.7092909812927246],,,False,not_applicable,[-0.3],True,,[3],True,,,False,not_applicable,,False,not_applicable,,False,not_applicable,,,,,,[9],,,,,
6529e9ca6b92d84b4d6929e64bad58da77fede7356df022f5d1c6ff0c61a3a04,3.5__Pendulum-v1__last-action__H5,Pendulum-v1,last-action,5,10,15,data/llmx_data/offline_data/physics_data/raw_transitions/Pendulum-v1/episodes/episode_0.npz,611,experiments/03_1_gpt35_history_n30_joint/results/records.jsonl,experiments/03_1_gpt35_history_n30_joint/results/runs/3.5__Pendulum-v1__last-action__H5/episode_000/predictions.jsonl,95e073df0a0ef54eb6c211052aac08a1cba214907491db9f6d26deac60885c01,True,1307,174,1481,1.6167542919283733,1.6126601250143722,[-0.9497600793838501],,,False,not_applicable,[-0.2],True,,[4],True,,,False,not_applicable,,False,not_applicable,,False,not_applicable,,,,,,[2],,,,,
cf93ce83bb543318d4d262cb173f9242f94852fff8b3f3d282adc79f621a99ba,3.5__Pendulum-v1__last-action__H5,Pendulum-v1,last-action,5,11,16,data/llmx_data/offline_data/physics_data/raw_transitions/Pendulum-v1/episodes/episode_0.npz,612,experiments/03_1_gpt35_history_n30_joint/results/records.jsonl,experiments/03_1_gpt35_history_n30_joint/results/runs/3.5__Pendulum-v1__last-action__H5/episode_000/predictions.jsonl,632d6acc33b01e92ecee3bfa36eca6382ec0b6b3a558e894530027ab9adf4ca4,True,1306,233,1539,2.352051791967824,2.3481682089623064,[0.5440352559089661],,,False,not_applicable,[-1.2],True,,[3],True,,,False,not_applicable,,False,not_applicable,,False,not_applicable,,,,,,[6],,,,,
2c14d38941dcf7664c5f73ea3aea42eab5312c6d7c58601e5ae59cce1b90c60d,3.5__Pendulum-v1__last-action__H5,Pendulum-v1,last-action,5,12,17,data/llmx_data/offline_data/physics_data/raw_transitions/Pendulum-v1/episodes/episode_0.npz,613,experiments/03_1_gpt35_history_n30_joint/results/records.jsonl,experiments/03_1_gpt35_history_n30_joint/results/runs/3.5__Pendulum-v1__last-action__H5/episode_000/predictions.jsonl,9d62d3e3cebf64a8cd84b99fea7fb879568665b759178aa9e025e6b35d0ee27d,True,1304,321,1625,2.250313999946229,2.246601291000843,[0.02499106526374817],,,False,not_applicable,[1.25],True,,[6],True,,,False,not_applicable,,False,not_applicable,,False,not_applicable,,,,,,[5],,,,,
3f8c069d1f77539dac174bbd327e828225aa09266de800f53d6fb6064b39d7c0,3.5__Pendulum-v1__last-action__H5,Pendulum-v1,last-action,5,13,18,data/llmx_data/offline_data/physics_data/raw_transitions/Pendulum-v1/episodes/episode_0.npz,614,experiments/03_1_gpt35_history_n30_joint/results/records.jsonl,experiments/03_1_gpt35_history_n30_joint/results/runs/3.5__Pendulum-v1__last-action__H5/episode_000/predictions.jsonl,0fc14f8f1bbd5fe21da9dd06c9cc3d85d9e9f7a8bb37dcfcda7f046fbef71d2b,True,1305,228,1533,2.2253947909921408,2.221013124915771,[0.7087789177894592],,,False,not_applicable,[-0.4],True,,[4],True,,,False,not_applicable,,False,not_applicable,,False,not_applicable,,,,,,[6],,,,,
0affb3d530967fcd374aa3ac86ba2aa8c4373862b6aeb205d4f6b11927629309,3.5__Pendulum-v1__last-action__H5,Pendulum-v1,last-action,5,14,19,data/llmx_data/offline_data/physics_data/raw_transitions/Pendulum-v1/episodes/episode_0.npz,615,experiments/03_1_gpt35_history_n30_joint/results/records.jsonl,experiments/03_1_gpt35_history_n30_joint/results/runs/3.5__Pendulum-v1__last-action__H5/episode_000/predictions.jsonl,8a879e96b0162a29c03c13a1f35dc24e425c30b4fdd3adaf4d948ade4dadeae0,True,1306,209,1515,1.890456415945664,1.8863695000763983,[0.5939425230026245],,,False,not_applicable,[0.2],True,,[5],True,,,False,not_applicable,,False,not_applicable,,False,not_applicable,,,,,,[6],,,,,
19e56c728df78b06521a5a9a210e615177ea590a0657094cf035a79f1f6b46a8,3.5__Pendulum-v1__last-action__H5,Pendulum-v1,last-action,5,15,20,data/llmx_data/offline_data/physics_data/raw_transitions/Pendulum-v1/episodes/episode_0.npz,616,experiments/03_1_gpt35_history_n30_joint/results/records.jsonl,experiments/03_1_gpt35_history_n30_joint/results/runs/3.5__Pendulum-v1__last-action__H5/episode_000/predictions.jsonl,843f272edf9837c1795228a2277214ad41fc11693a3a1aed852d88efea8f54dc,True,1305,200,1505,2.1470589579548687,2.1429895830806345,[0.08882922679185867],,,False,not_applicable,[0.0],True,,[4],True,,,False,not_applicable,,False,not_applicable,,False,not_applicable,,,,,,[5],,,,,
d404be5d35254ce8c421d5ec4486ccbc53a5b7a71374aa7d6d35c456d923132f,3.5__Pendulum-v1__last-action__H5,Pendulum-v1,last-action,5,16,21,data/llmx_data/offline_data/physics_data/raw_transitions/Pendulum-v1/episodes/episode_0.npz,617,experiments/03_1_gpt35_history_n30_joint/results/records.jsonl,experiments/03_1_gpt35_history_n30_joint/results/runs/3.5__Pendulum-v1__last-action__H5/episode_000/predictions.jsonl,ee242d46ee00a49c8c5b7accae5b9e6ab9325a2646beda98b43b16dc1bf08b23,True,1305,235,1540,2.7648584579583257,2.761067249928601,[0.6434862613677979],,,False,not_applicable,[0.2],True,,[6],True,,,False,not_applicable,,False,not_applicable,,False,not_applicable,,,,,,[6],,,,,
0c5c4439f1cdcfb66babb56a556e12af58b2eddf1fb6bb2ada5c8a70891b56ad,3.5__Pendulum-v1__last-action__H5,Pendulum-v1,last-action,5,17,22,data/llmx_data/offline_data/physics_data/raw_transitions/Pendulum-v1/episodes/episode_0.npz,618,experiments/03_1_gpt35_history_n30_joint/results/records.jsonl,experiments/03_1_gpt35_history_n30_joint/results/runs/3.5__Pendulum-v1__last-action__H5/episode_000/predictions.jsonl,487e5c16b1f64fe7a7ce5cf267bee1f68e5f9e5403a83d5362e67b952a005161,True,1306,236,1542,3.1829947090009227,3.1792717919452116,[-1.0871518850326538],,,False,not_applicable,[0.4],True,,[6],True,,,False,not_applicable,,False,not_applicable,,False,not_applicable,,,,,,[2],,,,,
fcef2f914053eeccc96ceeb4d90def62de700eb5e5a2a402cda981803a14ecda,3.5__Pendulum-v1__last-action__H5,Pendulum-v1,last-action,5,18,23,data/llmx_data/offline_data/physics_data/raw_transitions/Pendulum-v1/episodes/episode_0.npz,619,experiments/03_1_gpt35_history_n30_joint/results/records.jsonl,experiments/03_1_gpt35_history_n30_joint/results/runs/3.5__Pendulum-v1__last-action__H5/episode_000/predictions.jsonl,598069accbfd5f24ed4ce8c62bcd1a52b528bf90db1501fe6a789b042f6c8973,True,1309,231,1540,2.515419750008732,2.511376791051589,[1.421302080154419],,,False,not_applicable,[0.2],True,,[5],True,,,False,not_applicable,,False,not_applicable,,False,not_applicable,,,,,,[8],,,,,
a29eca29725079c4bd83cccce0d409433f744bac9bbe2bb555f9543c1551e42c,3.5__Pendulum-v1__last-action__H5,Pendulum-v1,last-action,5,19,24,data/llmx_data/offline_data/physics_data/raw_transitions/Pendulum-v1/episodes/episode_0.npz,620,experiments/03_1_gpt35_history_n30_joint/results/records.jsonl,experiments/03_1_gpt35_history_n30_joint/results/runs/3.5__Pendulum-v1__last-action__H5/episode_000/predictions.jsonl,834ebdfb89d7db0f06bbe5213a33fd7e18179c93bca4bdef98de22582057dd2f,True,1309,274,1583,3.7152541250688955,3.7114686249988154,[0.33447736501693726],,,False,not_applicable,[0.5],True,,[6],True,,,False,not_applicable,,False,not_applicable,,False,not_applicable,,,,,,[5],,,,,
92e8f82c4325bc5c2abca9376d8665502cc45db277d4968b68fe3b481a9646af,3.5__Pendulum-v1__last-action__H5,Pendulum-v1,last-action,5,20,25,data/llmx_data/offline_data/physics_data/raw_transitions/Pendulum-v1/episodes/episode_0.npz,621,experiments/03_1_gpt35_history_n30_joint/results/records.jsonl,experiments/03_1_gpt35_history_n30_joint/results/runs/3.5__Pendulum-v1__last-action__H5/episode_000/predictions.jsonl,3e2cb3dda3b48a31e730d8f3df30160dfb75083568b56f864c4d348b15e4d0a5,True,1309,297,1606,3.240798042039387,3.236124125076458,[-0.48779454827308655],,,False,not_applicable,[-1.2],True,,[2],True,,,False,not_applicable,,False,not_applicable,,False,not_applicable,,,,,,[3],,,,,
952c6faba5fd0fec24ea85383c0e04c23f18f779b8b75f74af1e7cfbd4df3eef,3.5__Pendulum-v1__last-action__H5,Pendulum-v1,last-action,5,21,26,data/llmx_data/offline_data/physics_data/raw_transitions/Pendulum-v1/episodes/episode_0.npz,622,experiments/03_1_gpt35_history_n30_joint/results/records.jsonl,experiments/03_1_gpt35_history_n30_joint/results/runs/3.5__Pendulum-v1__last-action__H5/episode_000/predictions.jsonl,ea36c62f79366d4221332ab87f89ff48a1432234129bfbf0c4dc04432d5de309,True,1319,181,1500,1.694434457924217,1.6908567090285942,[0.6751355528831482],,,False,not_applicable,[0.0],True,,[4],True,,,False,not_applicable,,False,not_applicable,,False,not_applicable,,,,,,[6],,,,,
228bf0938ec1e5be6bfb19f73b0c36d22f2dfa42346ab3469727031b65d0d895,3.5__Pendulum-v1__last-action__H5,Pendulum-v1,last-action,5,22,27,data/llmx_data/offline_data/physics_data/raw_transitions/Pendulum-v1/episodes/episode_0.npz,623,experiments/03_1_gpt35_history_n30_joint/results/records.jsonl,experiments/03_1_gpt35_history_n30_joint/results/runs/3.5__Pendulum-v1__last-action__H5/episode_000/predictions.jsonl,b55bf096e0db08774c1a87fd1f7e7f1090419fce4e8d67a3cce8fecf64396256,True,1320,283,1603,2.1049890409922227,2.1009322920581326,[0.7845479249954224],,,False,not_applicable,[0.4],True,,[5],True,,,False,not_applicable,,False,not_applicable,,False,not_applicable,,,,,,[6],,,,,
ce2471d7f4964cad3492cb99eee0638cba0b5de0c73fc81feb7396bb63adeddd,3.5__Pendulum-v1__last-action__H5,Pendulum-v1,last-action,5,23,28,data/llmx_data/offline_data/physics_data/raw_transitions/Pendulum-v1/episodes/episode_0.npz,624,experiments/03_1_gpt35_history_n30_joint/results/records.jsonl,experiments/03_1_gpt35_history_n30_joint/results/runs/3.5__Pendulum-v1__last-action__H5/episode_000/predictions.jsonl,41b7e1d2b3a69719a0fcfa7dba49406c9f34f3e75c5a3fb107b75f87c48ba314,True,1317,306,1623,3.504476875066757,3.4998457500478253,[-1.375152826309204],,,False,not_applicable,[1.0],True,,[8],True,,,False,not_applicable,,False,not_applicable,,False,not_applicable,,,,,,[1],,,,,
431097c40095770f3770dba2bee6ae0ff999fd45f73d520354f0272d899562d8,3.5__Pendulum-v1__last-action__H5,Pendulum-v1,last-action,5,24,29,data/llmx_data/offline_data/physics_data/raw_transitions/Pendulum-v1/episodes/episode_0.npz,625,experiments/03_1_gpt35_history_n30_joint/results/records.jsonl,experiments/03_1_gpt35_history_n30_joint/results/runs/3.5__Pendulum-v1__last-action__H5/episode_000/predictions.jsonl,f299147f69d8a1067cfe7a8d6e7e18ff3b96fe3839cfd99c99933a6967871bb0,True,1319,213,1532,2.1075878330739215,2.1033695420483127,[1.9077938795089722],,,False,not_applicable,[0.6],True,,[7],True,,,False,not_applicable,,False,not_applicable,,False,not_applicable,,,,,,[9],,,,,
51e6373dc04afa79a21337fa21d8c00b79cebd7a70f3e59035fbd0fc7faab4f0,3.5__Pendulum-v1__last-action__H5,Pendulum-v1,last-action,5,25,30,data/llmx_data/offline_data/physics_data/raw_transitions/Pendulum-v1/episodes/episode_0.npz,626,experiments/03_1_gpt35_history_n30_joint/results/records.jsonl,experiments/03_1_gpt35_history_n30_joint/results/runs/3.5__Pendulum-v1__last-action__H5/episode_000/predictions.jsonl,54d18ebf849088057ba6f23d8eb2bd03437b61b42dce6afc6cb702be17bd2f06,True,1318,208,1526,1.9808476250618696,1.976655708043836,[-0.8885178565979004],,,False,not_applicable,[1.2],True,,[8],True,,,False,not_applicable,,False,not_applicable,,False,not_applicable,,,,,,[2],,,,,
0db72dddbb5088537386ec1a200f1a04737a5b6ba267f27b062de8c41b46411f,3.5__Pendulum-v1__last-action__H5,Pendulum-v1,last-action,5,26,31,data/llmx_data/offline_data/physics_data/raw_transitions/Pendulum-v1/episodes/episode_0.npz,627,experiments/03_1_gpt35_history_n30_joint/results/records.jsonl,experiments/03_1_gpt35_history_n30_joint/results/runs/3.5__Pendulum-v1__last-action__H5/episode_000/predictions.jsonl,6764c7e62b291d76cb11e51c024892dded162ddc7007b076ee38c49812c3035c,True,1319,192,1511,1.8091114170383662,1.8042377498932183,[1.4703737497329712],,,False,not_applicable,[0.5],True,,[6],True,,,False,not_applicable,,False,not_applicable,,False,not_applicable,,,,,,[8],,,,,
f0713642eb0694004942d8937b58c6011fb4b712098d3d195eb64063c8b96f31,3.5__Pendulum-v1__last-action__H5,Pendulum-v1,last-action,5,27,32,data/llmx_data/offline_data/physics_data/raw_transitions/Pendulum-v1/episodes/episode_0.npz,628,experiments/03_1_gpt35_history_n30_joint/results/records.jsonl,experiments/03_1_gpt35_history_n30_joint/results/runs/3.5__Pendulum-v1__last-action__H5/episode_000/predictions.jsonl,d22b3280857c15b2cb8409e624d6998cc7a0b69e666e3d14811a7990aa5c903c,True,1319,175,1494,2.1518769590184093,2.14747691701632,[-0.9442287683486938],,,False,not_applicable,[-0.4],True,,[4],True,,,False,not_applicable,,False,not_applicable,,False,not_applicable,,,,,,[2],,,,,
18b2b5a84a62cf8969a84212680724998b05b436b8c72713305e707d729b6c2d,3.5__Pendulum-v1__last-action__H5,Pendulum-v1,last-action,5,28,33,data/llmx_data/offline_data/physics_data/raw_transitions/Pendulum-v1/episodes/episode_0.npz,629,experiments/03_1_gpt35_history_n30_joint/results/records.jsonl,experiments/03_1_gpt35_history_n30_joint/results/runs/3.5__Pendulum-v1__last-action__H5/episode_000/predictions.jsonl,44b4f9de8409227450f068e4d90b2ec586ad86129257d3dc0b3eb6b13fa2ce78,True,1311,225,1536,2.3843914580065757,2.3794668751070276,[1.5583062171936035],,,False,not_applicable,[-1.2],True,,[2],True,,,False,not_applicable,,False,not_applicable,,False,not_applicable,,,,,,[8],,,,,
20d0ca52d8e8b14ba12102c026be45aca98ad183e615a8dbaafc6192d2d65b9e,3.5__Pendulum-v1__last-action__H5,Pendulum-v1,last-action,5,29,34,data/llmx_data/offline_data/physics_data/raw_transitions/Pendulum-v1/episodes/episode_0.npz,630,experiments/03_1_gpt35_history_n30_joint/results/records.jsonl,experiments/03_1_gpt35_history_n30_joint/results/runs/3.5__Pendulum-v1__last-action__H5/episode_000/predictions.jsonl,309c2f8f75f3a9577941f16fce11c33713a7b18acb1a2aaf923c1113fa0888ca,True,1311,204,1515,2.658485208055936,2.6541901250602677,[0.1804589033126831],,,False,not_applicable,[-0.5],True,,[3],True,,,False,not_applicable,,False,not_applicable,,False,not_applicable,,,,,,[5],,,,,
c57096be5080327c96ff05a5156cefaec5100b8bcb0278afb30a3b35f1461007,3.5__Pendulum-v1__last-action__H10,Pendulum-v1,last-action,10,0,10,data/llmx_data/offline_data/physics_data/raw_transitions/Pendulum-v1/episodes/episode_0.npz,631,experiments/03_1_gpt35_history_n30_joint/results/records.jsonl,experiments/03_1_gpt35_history_n30_joint/results/runs/3.5__Pendulum-v1__last-action__H10/episode_000/predictions.jsonl,a2be53207f4314ba73ab7625c30cfd209a358c7d1b06768ee5287d409b4626f6,True,1523,172,1695,2.8476067499723285,2.8440159999299794,[1.809918761253357],,,False,not_applicable,[-1.0],True,,[4],True,,,False,not_applicable,,False,not_applicable,,False,not_applicable,,,,,,[9],,,,,
3189628de68bef606c03664f484d513fd968f4b67a5ee22ba24233b1a5665f81,3.5__Pendulum-v1__last-action__H10,Pendulum-v1,last-action,10,1,11,data/llmx_data/offline_data/physics_data/raw_transitions/Pendulum-v1/episodes/episode_0.npz,632,experiments/03_1_gpt35_history_n30_joint/results/records.jsonl,experiments/03_1_gpt35_history_n30_joint/results/runs/3.5__Pendulum-v1__last-action__H10/episode_000/predictions.jsonl,41dd0de12e4795559c44ad69d0ddf63b23f2dbf1a4d16f18be536111aa5b349e,True,1524,174,1698,2.5450498749269173,2.5410707499831915,[-0.3191149830818176],,,False,not_applicable,[1.2],True,,[8],True,,,False,not_applicable,,False,not_applicable,,False,not_applicable,,,,,,[4],,,,,
550a4c9e04fc3d1139a41d8e138041aae2ba62c29b32d1dcb83f0df4d5323b7f,3.5__Pendulum-v1__last-action__H10,Pendulum-v1,last-action,10,2,12,data/llmx_data/offline_data/physics_data/raw_transitions/Pendulum-v1/episodes/episode_0.npz,633,experiments/03_1_gpt35_history_n30_joint/results/records.jsonl,experiments/03_1_gpt35_history_n30_joint/results/runs/3.5__Pendulum-v1__last-action__H10/episode_000/predictions.jsonl,efaa750d4c5c72dff7ae1654c67e460b34a0b0097fd99b1c60b0a6c253421fcb,True,1526,185,1711,3.331567749963142,3.3278809998882934,[1.4111299514770508],,,False,not_applicable,[0.05],True,,[4],True,,,False,not_applicable,,False,not_applicable,,False,not_applicable,,,,,,[8],,,,,
f5d56fd2ca4a7db52c0498d9cd41845048d3f1a635bc107f1d206d078b57c3b7,3.5__Pendulum-v1__last-action__H10,Pendulum-v1,last-action,10,3,13,data/llmx_data/offline_data/physics_data/raw_transitions/Pendulum-v1/episodes/episode_0.npz,634,experiments/03_1_gpt35_history_n30_joint/results/records.jsonl,experiments/03_1_gpt35_history_n30_joint/results/runs/3.5__Pendulum-v1__last-action__H10/episode_000/predictions.jsonl,5b119b712b27797dc523768d7d4b1f86971244fa87e622f3966cf70a850d9a2a,True,1527,201,1728,3.170040666940622,3.1662902910029516,[-1.4400720596313477],,,False,not_applicable,[-0.2],True,,[3],True,,,False,not_applicable,,False,not_applicable,,False,not_applicable,,,,,,[1],,,,,
aa54c53e7dc0af2c5bb9a1bbdb3c0f18118586a675007d46982da4572e9ff9e0,3.5__Pendulum-v1__last-action__H10,Pendulum-v1,last-action,10,4,14,data/llmx_data/offline_data/physics_data/raw_transitions/Pendulum-v1/episodes/episode_0.npz,635,experiments/03_1_gpt35_history_n30_joint/results/records.jsonl,experiments/03_1_gpt35_history_n30_joint/results/runs/3.5__Pendulum-v1__last-action__H10/episode_000/predictions.jsonl,bc81bdff6a603a421f91682b2f17321aefc1796f8acfc0e4436eb46b9af445b4,True,1529,210,1739,2.0472176669863984,2.0434495420195162,[1.7092909812927246],,,False,not_applicable,[-0.2],True,,[4],True,,,False,not_applicable,,False,not_applicable,,False,not_applicable,,,,,,[9],,,,,
bf489d9c1e730f760c4469ef7ae411c73c9b0a86a1d8971a12a50b32eb8e5f73,3.5__Pendulum-v1__last-action__H10,Pendulum-v1,last-action,10,5,15,data/llmx_data/offline_data/physics_data/raw_transitions/Pendulum-v1/episodes/episode_0.npz,636,experiments/03_1_gpt35_history_n30_joint/results/records.jsonl,experiments/03_1_gpt35_history_n30_joint/results/runs/3.5__Pendulum-v1__last-action__H10/episode_000/predictions.jsonl,03f46e95d67629d57047116b226903d90c1290736e5f3dc1dfdcc94a1c03da46,False,1532,310,1842,3.226800541044213,3.22257012501359,[-0.9497600793838501],,,False,not_applicable,,False,wrong_dimension,,False,wrong_dimension,,False,not_applicable,,False,not_applicable,,False,not_applicable,,,,,,[2],,,,,
9d034a72a58a41d83a896e39287a0be06ee59d4db3f1189d9b726941f8a166de,3.5__Pendulum-v1__last-action__H10,Pendulum-v1,last-action,10,6,16,data/llmx_data/offline_data/physics_data/raw_transitions/Pendulum-v1/episodes/episode_0.npz,637,experiments/03_1_gpt35_history_n30_joint/results/records.jsonl,experiments/03_1_gpt35_history_n30_joint/results/runs/3.5__Pendulum-v1__last-action__H10/episode_000/predictions.jsonl,110f52ced4797533fbe35ad14a2c6fa32327d3f0acd85781c68d3832dc52ac4c,True,1530,278,1808,3.147930666920729,3.1439745420357212,[0.5440352559089661],,,False,not_applicable,[1.85],True,,[9],True,,,False,not_applicable,,False,not_applicable,,False,not_applicable,,,,,,[6],,,,,
201f6c9df893e5dc3b9b394944abfae324366ad06c4d7551d0e4e8222dacdaca,3.5__Pendulum-v1__last-action__H10,Pendulum-v1,last-action,10,7,17,data/llmx_data/offline_data/physics_data/raw_transitions/Pendulum-v1/episodes/episode_0.npz,638,experiments/03_1_gpt35_history_n30_joint/results/records.jsonl,experiments/03_1_gpt35_history_n30_joint/results/runs/3.5__Pendulum-v1__last-action__H10/episode_000/predictions.jsonl,c6d69143165e3bb68d851952adbffcf141cd958ca24eb849b429b5b71ebbaafb,True,1527,394,1921,4.743809334002435,4.739551083068363,[0.02499106526374817],,,False,not_applicable,[-1.5],True,,[0],True,,,False,not_applicable,,False,not_applicable,,False,not_applicable,,,,,,[5],,,,,
b355121555e803250e4e43499d2e7a0617868619fb88b8236fa7e5061fa6cdb9,3.5__Pendulum-v1__last-action__H10,Pendulum-v1,last-action,10,8,18,data/llmx_data/offline_data/physics_data/raw_transitions/Pendulum-v1/episodes/episode_0.npz,639,experiments/03_1_gpt35_history_n30_joint/results/records.jsonl,experiments/03_1_gpt35_history_n30_joint/results/runs/3.5__Pendulum-v1__last-action__H10/episode_000/predictions.jsonl,053abfdd43b2abce51b43eb92af7cf92a2aff8cdb8e51463cc4a17f62923d7cc,True,1525,317,1842,4.084378291969188,4.080780083895661,[0.7087789177894592],,,False,not_applicable,[1.5],True,,[8],True,,,False,not_applicable,,False,not_applicable,,False,not_applicable,,,,,,[6],,,,,
6cc70a1728fdd6661c266231b8e65fed2481518e7f441b434eafa64b5f72f4d7,3.5__Pendulum-v1__last-action__H10,Pendulum-v1,last-action,10,9,19,data/llmx_data/offline_data/physics_data/raw_transitions/Pendulum-v1/episodes/episode_0.npz,640,experiments/03_1_gpt35_history_n30_joint/results/records.jsonl,experiments/03_1_gpt35_history_n30_joint/results/runs/3.5__Pendulum-v1__last-action__H10/episode_000/predictions.jsonl,df322bb160c479af3dca49d1ad893719d38fd1d037a91ff26412c612c5d072e2,True,1527,216,1743,2.6166427499847487,2.6132350839907303,[0.5939425230026245],,,False,not_applicable,[0.6],True,,[6],True,,,False,not_applicable,,False,not_applicable,,False,not_applicable,,,,,,[6],,,,,
9ea903297f4533ba38713cd7b2b7c5f0ccf0a7d53547af82353237ac227f6b06,3.5__Pendulum-v1__last-action__H10,Pendulum-v1,last-action,10,10,20,data/llmx_data/offline_data/physics_data/raw_transitions/Pendulum-v1/episodes/episode_0.npz,641,experiments/03_1_gpt35_history_n30_joint/results/records.jsonl,experiments/03_1_gpt35_history_n30_joint/results/runs/3.5__Pendulum-v1__last-action__H10/episode_000/predictions.jsonl,ddf4bbeb8de30219d6b68b02220495694270b5786719f75812cd52fc55641fb6,True,1525,130,1655,1.7333181659923866,1.7289276659721509,[0.08882922679185867],,,False,not_applicable,[0.4],True,,[6],True,,,False,not_applicable,,False,not_applicable,,False,not_applicable,,,,,,[5],,,,,
496539ee58d9f105840ffa8c899e02ab63baa49ba57078bf2cfee6fb0c789447,3.5__Pendulum-v1__last-action__H10,Pendulum-v1,last-action,10,11,21,data/llmx_data/offline_data/physics_data/raw_transitions/Pendulum-v1/episodes/episode_0.npz,642,experiments/03_1_gpt35_history_n30_joint/results/records.jsonl,experiments/03_1_gpt35_history_n30_joint/results/runs/3.5__Pendulum-v1__last-action__H10/episode_000/predictions.jsonl,af29435530692d8408c83a39527594239e7ed521871f364c4325390c4cc15e09,True,1525,299,1824,3.746779042063281,3.7423910829238594,[0.6434862613677979],,,False,not_applicable,[-1.8],True,,[1],True,,,False,not_applicable,,False,not_applicable,,False,not_applicable,,,,,,[6],,,,,
110cf781aa26653a58b5c89a6a6fde89cc4095d0cf44ddcef396d8a3a50bc15b,3.5__Pendulum-v1__last-action__H10,Pendulum-v1,last-action,10,12,22,data/llmx_data/offline_data/physics_data/raw_transitions/Pendulum-v1/episodes/episode_0.npz,643,experiments/03_1_gpt35_history_n30_joint/results/records.jsonl,experiments/03_1_gpt35_history_n30_joint/results/runs/3.5__Pendulum-v1__last-action__H10/episode_000/predictions.jsonl,7904252e5f78e74918fd7798ed416e5b8750338288297ffb7d3b6bc4fcbb6642,True,1524,144,1668,2.4069802910089493,2.4030639169504866,[-1.0871518850326538],,,False,not_applicable,[1.2],True,,[8],True,,,False,not_applicable,,False,not_applicable,,False,not_applicable,,,,,,[2],,,,,
768f41ea46f78304cf2d99fd3eb616fc89c55e096f18f1c289b5ab35b2ae47f9,3.5__Pendulum-v1__last-action__H10,Pendulum-v1,last-action,10,13,23,data/llmx_data/offline_data/physics_data/raw_transitions/Pendulum-v1/episodes/episode_0.npz,644,experiments/03_1_gpt35_history_n30_joint/results/records.jsonl,experiments/03_1_gpt35_history_n30_joint/results/runs/3.5__Pendulum-v1__last-action__H10/episode_000/predictions.jsonl,4d50c82515eb9e8c76e881443b5d04aa8fec7719f7ca45ec2b120c1df4a3af40,True,1528,325,1853,3.1049741660244763,3.1012707920745015,[1.421302080154419],,,False,not_applicable,[1.2],True,,[8],True,,,False,not_applicable,,False,not_applicable,,False,not_applicable,,,,,,[8],,,,,
a252ab3ae05f34a45b43f2f087e4d6156bd5c8a8ab0d075371cadd91c448808a,3.5__Pendulum-v1__last-action__H10,Pendulum-v1,last-action,10,14,24,data/llmx_data/offline_data/physics_data/raw_transitions/Pendulum-v1/episodes/episode_0.npz,645,experiments/03_1_gpt35_history_n30_joint/results/records.jsonl,experiments/03_1_gpt35_history_n30_joint/results/runs/3.5__Pendulum-v1__last-action__H10/episode_000/predictions.jsonl,36e9db47025244d8ca028477b9a7371ca837acb72673d6896d7944d3a30845e6,True,1528,263,1791,3.1176952499663457,3.113632458029315,[0.33447736501693726],,,False,not_applicable,[-0.1],True,,[4],True,,,False,not_applicable,,False,not_applicable,,False,not_applicable,,,,,,[5],,,,,
07019d6ff396c7d130fad3e62f9f791e45a8d0a5d6dee2b8432756c85c591875,3.5__Pendulum-v1__last-action__H10,Pendulum-v1,last-action,10,15,25,data/llmx_data/offline_data/physics_data/raw_transitions/Pendulum-v1/episodes/episode_0.npz,646,experiments/03_1_gpt35_history_n30_joint/results/records.jsonl,experiments/03_1_gpt35_history_n30_joint/results/runs/3.5__Pendulum-v1__last-action__H10/episode_000/predictions.jsonl,991ac6ef2ab74c9ae04f427fb611ba4b7118e6d572c18940709cb8eaec2a52b0,True,1528,214,1742,2.7598500000312924,2.7567663750378415,[-0.48779454827308655],,,False,not_applicable,[-0.5],True,,[2],True,,,False,not_applicable,,False,not_applicable,,False,not_applicable,,,,,,[3],,,,,
1b09ea738e8f3c9a4ce185cf191952b0f517feab91fc0ad356b27bebcc4cce02,3.5__Pendulum-v1__last-action__H10,Pendulum-v1,last-action,10,16,26,data/llmx_data/offline_data/physics_data/raw_transitions/Pendulum-v1/episodes/episode_0.npz,647,experiments/03_1_gpt35_history_n30_joint/results/records.jsonl,experiments/03_1_gpt35_history_n30_joint/results/runs/3.5__Pendulum-v1__last-action__H10/episode_000/predictions.jsonl,a6c3527f5843a92cda1c1e9424d9a99dc39434897ddd06b6c2666d2fc33e2d60,True,1538,264,1802,2.2653348749736324,2.262747332919389,[0.6751355528831482],,,False,not_applicable,[0.0],True,,[4],True,,,False,not_applicable,,False,not_applicable,,False,not_applicable,,,,,,[6],,,,,
cdd4c67b6cc2332219b422068fd2370b3ade9be3bd06f5c9b9927b0f2c651821,3.5__Pendulum-v1__last-action__H10,Pendulum-v1,last-action,10,17,27,data/llmx_data/offline_data/physics_data/raw_transitions/Pendulum-v1/episodes/episode_0.npz,648,experiments/03_1_gpt35_history_n30_joint/results/records.jsonl,experiments/03_1_gpt35_history_n30_joint/results/runs/3.5__Pendulum-v1__last-action__H10/episode_000/predictions.jsonl,4e4c3322adcac9652f4fa7f04d6fdf637c77e6e814eba0cbf6ab346423956e12,True,1539,125,1664,1.711391624994576,1.7081710420316085,[0.7845479249954224],,,False,not_applicable,[0.4],True,,[6],True,,,False,not_applicable,,False,not_applicable,,False,not_applicable,,,,,,[6],,,,,
67f9670c5c51c0736d1d390d5a862ffce2449ea52f482c82d4460e66623b4f69,3.5__Pendulum-v1__last-action__H10,Pendulum-v1,last-action,10,18,28,data/llmx_data/offline_data/physics_data/raw_transitions/Pendulum-v1/episodes/episode_0.npz,649,experiments/03_1_gpt35_history_n30_joint/results/records.jsonl,experiments/03_1_gpt35_history_n30_joint/results/runs/3.5__Pendulum-v1__last-action__H10/episode_000/predictions.jsonl,0c7bf19f34d1681d219b350dbc59afd30fc26dc362d75646bd62a92864f5746c,True,1539,224,1763,2.376024790923111,2.371313125011511,[-1.375152826309204],,,False,not_applicable,[0.6],True,,[7],True,,,False,not_applicable,,False,not_applicable,,False,not_applicable,,,,,,[1],,,,,
4533be8d9b44c151d557597c09ed27f29bfd93becd0ccfedccecb92cd676fe84,3.5__Pendulum-v1__last-action__H10,Pendulum-v1,last-action,10,19,29,data/llmx_data/offline_data/physics_data/raw_transitions/Pendulum-v1/episodes/episode_0.npz,650,experiments/03_1_gpt35_history_n30_joint/results/records.jsonl,experiments/03_1_gpt35_history_n30_joint/results/runs/3.5__Pendulum-v1__last-action__H10/episode_000/predictions.jsonl,320815f6f226ea3e02c508288228a560f526b4647ab5e522e8244ad14aea249e,True,1541,294,1835,2.297511584009044,2.2935890409862623,[1.9077938795089722],,,False,not_applicable,[-0.6],True,,[3],True,,,False,not_applicable,,False,not_applicable,,False,not_applicable,,,,,,[9],,,,,
4469b3f326430f44604d28f52a26c79b4bff127c6a573b99249c1d1e26a2d68a,3.5__Pendulum-v1__last-action__H10,Pendulum-v1,last-action,10,20,30,data/llmx_data/offline_data/physics_data/raw_transitions/Pendulum-v1/episodes/episode_0.npz,651,experiments/03_1_gpt35_history_n30_joint/results/records.jsonl,experiments/03_1_gpt35_history_n30_joint/results/runs/3.5__Pendulum-v1__last-action__H10/episode_000/predictions.jsonl,1b03a92de5446f5ad137e0435f453688880a5143ec5a350b7dafa0316018f7db,True,1541,240,1781,2.3285722919972613,2.32552450010553,[-0.8885178565979004],,,False,not_applicable,[1.2],True,,[8],True,,,False,not_applicable,,False,not_applicable,,False,not_applicable,,,,,,[2],,,,,
2a6469e1012c284e0c019c2d18926480644f2a53e0b29b2268763915450c7503,3.5__Pendulum-v1__last-action__H10,Pendulum-v1,last-action,10,21,31,data/llmx_data/offline_data/physics_data/raw_transitions/Pendulum-v1/episodes/episode_0.npz,652,experiments/03_1_gpt35_history_n30_joint/results/records.jsonl,experiments/03_1_gpt35_history_n30_joint/results/runs/3.5__Pendulum-v1__last-action__H10/episode_000/predictions.jsonl,a6702a57c61626496ef6aa02e3bd547aa6c0aef56b94c2346279206ff4e7afef,True,1542,233,1775,2.543691667029634,2.539530707988888,[1.4703737497329712],,,False,not_applicable,[0.8],True,,[8],True,,,False,not_applicable,,False,not_applicable,,False,not_applicable,,,,,,[8],,,,,
dece232eda94425cc53ceea02c37d82a5a18d2b81477a731604ca920717f1e05,3.5__Pendulum-v1__last-action__H10,Pendulum-v1,last-action,10,22,32,data/llmx_data/offline_data/physics_data/raw_transitions/Pendulum-v1/episodes/episode_0.npz,653,experiments/03_1_gpt35_history_n30_joint/results/records.jsonl,experiments/03_1_gpt35_history_n30_joint/results/runs/3.5__Pendulum-v1__last-action__H10/episode_000/predictions.jsonl,a4cfa9c1d46729a3c969fd5df8fe41f423f6e317047150a6462446327c12707e,True,1543,129,1672,2.564563540974632,2.560446709045209,[-0.9442287683486938],,,False,not_applicable,[0.8],True,,[7],True,,,False,not_applicable,,False,not_applicable,,False,not_applicable,,,,,,[2],,,,,
c70874f3bbd47c4eaef4aab41f71c961b46ebc4c1761c0cb6a0f36ebc9fc844f,3.5__Pendulum-v1__last-action__H10,Pendulum-v1,last-action,10,23,33,data/llmx_data/offline_data/physics_data/raw_transitions/Pendulum-v1/episodes/episode_0.npz,654,experiments/03_1_gpt35_history_n30_joint/results/records.jsonl,experiments/03_1_gpt35_history_n30_joint/results/runs/3.5__Pendulum-v1__last-action__H10/episode_000/predictions.jsonl,3882d513da6dade0e82dee404fe35106342cd5346ac5c2df95aab3d7deead562,True,1542,306,1848,3.761673583998345,3.7514980420237407,[1.5583062171936035],,,False,not_applicable,[1.2],True,,[8],True,,,False,not_applicable,,False,not_applicable,,False,not_applicable,,,,,,[8],,,,,
ddd7bdbb48a01e65e8b4ef02183d4f6d5a605b6ba15e19b21c7d4824ec42b6b8,3.5__Pendulum-v1__last-action__H10,Pendulum-v1,last-action,10,24,34,data/llmx_data/offline_data/physics_data/raw_transitions/Pendulum-v1/episodes/episode_0.npz,655,experiments/03_1_gpt35_history_n30_joint/results/records.jsonl,experiments/03_1_gpt35_history_n30_joint/results/runs/3.5__Pendulum-v1__last-action__H10/episode_000/predictions.jsonl,8e1daffe4bcb57f394de75f0c7edff066dcc943c6c62bc46702b52390c628e81,True,1543,215,1758,2.5611290419474244,2.556210833019577,[0.1804589033126831],,,False,not_applicable,[-0.5],True,,[3],True,,,False,not_applicable,,False,not_applicable,,False,not_applicable,,,,,,[5],,,,,
4256cb69418e3e060baaaed0f59900d5c2fb46d2d5e83912ea476b42416faf98,3.5__Pendulum-v1__last-action__H10,Pendulum-v1,last-action,10,25,35,data/llmx_data/offline_data/physics_data/raw_transitions/Pendulum-v1/episodes/episode_0.npz,656,experiments/03_1_gpt35_history_n30_joint/results/records.jsonl,experiments/03_1_gpt35_history_n30_joint/results/runs/3.5__Pendulum-v1__last-action__H10/episode_000/predictions.jsonl,c01bdca25693e4d5ac10f3aa4d9c1d338a5024bddee8d1288146391d4af6d7c1,True,1542,249,1791,2.98029212502297,2.9763597500277683,[-1.4897518157958984],,,False,not_applicable,[-1.2],True,,[3],True,,,False,not_applicable,,False,not_applicable,,False,not_applicable,,,,,,[1],,,,,
9e24d23ef72a5e8ad21d0b2006eb3a788c26643f6ed74d1c8ec49ec0ec061d13,3.5__Pendulum-v1__last-action__H10,Pendulum-v1,last-action,10,26,36,data/llmx_data/offline_data/physics_data/raw_transitions/Pendulum-v1/episodes/episode_0.npz,657,experiments/03_1_gpt35_history_n30_joint/results/records.jsonl,experiments/03_1_gpt35_history_n30_joint/results/runs/3.5__Pendulum-v1__last-action__H10/episode_000/predictions.jsonl,f965595e4115dd7b0ccdb70cecc81fe4e05923cbfae78416ab8df667f879619c,True,1542,260,1802,2.5784748749574646,2.573522165999748,[1.7350534200668335],,,False,not_applicable,[0.6],True,,[6],True,,,False,not_applicable,,False,not_applicable,,False,not_applicable,,,,,,[9],,,,,
80e35e813f62e145d97c2d7eaacdf47dfb722198a97a2a9c78e2aae5df0c8c63,3.5__Pendulum-v1__last-action__H10,Pendulum-v1,last-action,10,27,37,data/llmx_data/offline_data/physics_data/raw_transitions/Pendulum-v1/episodes/episode_0.npz,658,experiments/03_1_gpt35_history_n30_joint/results/records.jsonl,experiments/03_1_gpt35_history_n30_joint/results/runs/3.5__Pendulum-v1__last-action__H10/episode_000/predictions.jsonl,68b755e32f5f95a3505ea496d8c92de6e0db2bb2d92c1eba42624a797cf17273,True,1542,347,1889,3.4647908749757335,3.4611312920460477,[-1.974252700805664],,,False,not_applicable,[1.8],True,,[8],True,,,False,not_applicable,,False,not_applicable,,False,not_applicable,,,,,,[0],,,,,
0dd272bffddca5aa23165e6469e9d70f64982df30ef0796df64631f07e3233fe,3.5__Pendulum-v1__last-action__H10,Pendulum-v1,last-action,10,28,38,data/llmx_data/offline_data/physics_data/raw_transitions/Pendulum-v1/episodes/episode_0.npz,659,experiments/03_1_gpt35_history_n30_joint/results/records.jsonl,experiments/03_1_gpt35_history_n30_joint/results/runs/3.5__Pendulum-v1__last-action__H10/episode_000/predictions.jsonl,eeb0fb2365ee895c4c699dac532eb0d456a773b9d0ac538fd8cfe5959ac13530,False,1535,279,1814,2.3292988339671865,2.325113292085007,[2.0],,,False,not_applicable,,False,non_literal_or_placeholder,[4],True,,,False,not_applicable,,False,not_applicable,,False,not_applicable,,,,,,[9],,,,,
ab02cdc82503b12c725b139878c17da4bb47e94b4359163f1343722099a43b45,3.5__Pendulum-v1__last-action__H10,Pendulum-v1,last-action,10,29,39,data/llmx_data/offline_data/physics_data/raw_transitions/Pendulum-v1/episodes/episode_0.npz,660,experiments/03_1_gpt35_history_n30_joint/results/records.jsonl,experiments/03_1_gpt35_history_n30_joint/results/runs/3.5__Pendulum-v1__last-action__H10/episode_000/predictions.jsonl,c5ac11651883fb2661845ef98f86066168c9ccb466eb0ccec977081b41c13870,True,1533,214,1747,2.074869707925245,2.070322416955605,[1.0084922313690186],,,False,not_applicable,[0.4],True,,[6],True,,,False,not_applicable,,False,not_applicable,,False,not_applicable,,,,,,[7],,,,,
8323d753dd88b3f4d9a8a0faf8614645bfac6723107ddb00f0be0cab6c9c9783,3.5__Pendulum-v1__last-action__H20,Pendulum-v1,last-action,20,0,20,data/llmx_data/offline_data/physics_data/raw_transitions/Pendulum-v1/episodes/episode_0.npz,661,experiments/03_1_gpt35_history_n30_joint/results/records.jsonl,experiments/03_1_gpt35_history_n30_joint/results/runs/3.5__Pendulum-v1__last-action__H20/episode_000/predictions.jsonl,365d99ea11c5687639491187e8486e8621057d1a19981b10945f29f1a9245881,True,1961,166,2127,2.244035374955274,2.2402255829656497,[0.08882922679185867],,,False,not_applicable,[0.4],True,,[5],True,,,False,not_applicable,,False,not_applicable,,False,not_applicable,,,,,,[5],,,,,
736c82c003fda1c1ce0d4222c89de1e650fa4558285b53f4a40ea9b9cf6056ed,3.5__Pendulum-v1__last-action__H20,Pendulum-v1,last-action,20,1,21,data/llmx_data/offline_data/physics_data/raw_transitions/Pendulum-v1/episodes/episode_0.npz,662,experiments/03_1_gpt35_history_n30_joint/results/records.jsonl,experiments/03_1_gpt35_history_n30_joint/results/runs/3.5__Pendulum-v1__last-action__H20/episode_000/predictions.jsonl,e24501ce07ef6cd12666a43f520169f927b421ab7afe1b4fe75f3db0553f8780,True,1964,146,2110,1.7056325830053538,1.701488957973197,[0.6434862613677979],,,False,not_applicable,[0.4],True,,[6],True,,,False,not_applicable,,False,not_applicable,,False,not_applicable,,,,,,[6],,,,,
a2d1f512f729a4de2dde1bd06c689ecf216b59a531e2682e93e7413eb50cdc6c,3.5__Pendulum-v1__last-action__H20,Pendulum-v1,last-action,20,2,22,data/llmx_data/offline_data/physics_data/raw_transitions/Pendulum-v1/episodes/episode_0.npz,663,experiments/03_1_gpt35_history_n30_joint/results/records.jsonl,experiments/03_1_gpt35_history_n30_joint/results/runs/3.5__Pendulum-v1__last-action__H20/episode_000/predictions.jsonl,e16d9c67602d15007cec811322bc412c6ad1e6c0fd536f0ddf1e13ad7151da5c,True,1966,247,2213,2.9668755419552326,2.963150208001025,[-1.0871518850326538],,,False,not_applicable,[-1.5],True,,[4],True,,,False,not_applicable,,False,not_applicable,,False,not_applicable,,,,,,[2],,,,,
844edcdb4a5f547efc9b4f6330fe2c13baf1146a15067414a78977bee23bbe99,3.5__Pendulum-v1__last-action__H20,Pendulum-v1,last-action,20,3,23,data/llmx_data/offline_data/physics_data/raw_transitions/Pendulum-v1/episodes/episode_0.npz,664,experiments/03_1_gpt35_history_n30_joint/results/records.jsonl,experiments/03_1_gpt35_history_n30_joint/results/runs/3.5__Pendulum-v1__last-action__H20/episode_000/predictions.jsonl,57845bc12605569e7ca23e031ecf8e530c587423291b7288e7c87025b384e74c,True,1970,211,2181,2.4287935830652714,2.4248357919277623,[1.421302080154419],,,False,not_applicable,[0.4],True,,[6],True,,,False,not_applicable,,False,not_applicable,,False,not_applicable,,,,,,[8],,,,,
c101adfa4fbdea494d4fb2fff3389b72d9432b58f02b5325191fb854ab671d20,3.5__Pendulum-v1__last-action__H20,Pendulum-v1,last-action,20,4,24,data/llmx_data/offline_data/physics_data/raw_transitions/Pendulum-v1/episodes/episode_0.npz,665,experiments/03_1_gpt35_history_n30_joint/results/records.jsonl,experiments/03_1_gpt35_history_n30_joint/results/runs/3.5__Pendulum-v1__last-action__H20/episode_000/predictions.jsonl,70778c45f0d5f5abf244946921b85fc46c15ec927c70f20bd0d680fff23117d5,True,1970,219,2189,2.3963371670106426,2.391853709006682,[0.33447736501693726],,,False,not_applicable,[0.0],True,,[5],True,,,False,not_applicable,,False,not_applicable,,False,not_applicable,,,,,,[5],,,,,
bef0ecd29bdfcc493ad9382d1a5a9af9d78b5264c88404154517041d03ddd1cf,3.5__Pendulum-v1__last-action__H20,Pendulum-v1,last-action,20,5,25,data/llmx_data/offline_data/physics_data/raw_transitions/Pendulum-v1/episodes/episode_0.npz,666,experiments/03_1_gpt35_history_n30_joint/results/records.jsonl,experiments/03_1_gpt35_history_n30_joint/results/runs/3.5__Pendulum-v1__last-action__H20/episode_000/predictions.jsonl,62093565f79df1737c1b7add777196d2ac869e53f088d608aaf223b5e4452dab,True,1973,244,2217,1.9435678330482915,1.939623499987647,[-0.48779454827308655],,,False,not_applicable,[-0.2],True,,[3],True,,,False,not_applicable,,False,not_applicable,,False,not_applicable,,,,,,[3],,,,,
4c8a222cd8f368719bd5e06a3fec1e8e4d1348c2ed9594f0d0f7ea236df784b3,3.5__Pendulum-v1__last-action__H20,Pendulum-v1,last-action,20,6,26,data/llmx_data/offline_data/physics_data/raw_transitions/Pendulum-v1/episodes/episode_0.npz,667,experiments/03_1_gpt35_history_n30_joint/results/records.jsonl,experiments/03_1_gpt35_history_n30_joint/results/runs/3.5__Pendulum-v1__last-action__H20/episode_000/predictions.jsonl,3693f2347754716e14ac443b329203fa31c7e2ade10149d2b004dfdfa947fde0,True,1982,138,2120,1.7018430000171065,1.6978830000152811,[0.6751355528831482],,,False,not_applicable,[0.0],True,,[4],True,,,False,not_applicable,,False,not_applicable,,False,not_applicable,,,,,,[6],,,,,
0a66b546b105d8c5cb3c392527e996b08b67da775389a251893d81f81e8b13d4,3.5__Pendulum-v1__last-action__H20,Pendulum-v1,last-action,20,7,27,data/llmx_data/offline_data/physics_data/raw_transitions/Pendulum-v1/episodes/episode_0.npz,668,experiments/03_1_gpt35_history_n30_joint/results/records.jsonl,experiments/03_1_gpt35_history_n30_joint/results/runs/3.5__Pendulum-v1__last-action__H20/episode_000/predictions.jsonl,5b39f890f0818e6c89e7d17f5597e71743b72e057514b760b5015d5ad5ea5e7e,True,1980,149,2129,2.4883679589256644,2.485022500040941,[0.7845479249954224],,,False,not_applicable,[0.4],True,,[6],True,,,False,not_applicable,,False,not_applicable,,False,not_applicable,,,,,,[6],,,,,
2fff1aba7b5df781b2922d03777b2c9ff7970af523ba981c8ec2eba5f60e70a1,3.5__Pendulum-v1__last-action__H20,Pendulum-v1,last-action,20,8,28,data/llmx_data/offline_data/physics_data/raw_transitions/Pendulum-v1/episodes/episode_0.npz,669,experiments/03_1_gpt35_history_n30_joint/results/records.jsonl,experiments/03_1_gpt35_history_n30_joint/results/runs/3.5__Pendulum-v1__last-action__H20/episode_000/predictions.jsonl,7f29c4223c34d3d943415c78403e48186792d80aae232e376446190d28b6be9e,True,1978,243,2221,2.148170999949798,2.1442493330687284,[-1.375152826309204],,,False,not_applicable,[-1.5],True,,[0],True,,,False,not_applicable,,False,not_applicable,,False,not_applicable,,,,,,[1],,,,,
fffd27abd1d886427be5a931ef73db7781bf6198e09ee658f908a73d5dd327ab,3.5__Pendulum-v1__last-action__H20,Pendulum-v1,last-action,20,9,29,data/llmx_data/offline_data/physics_data/raw_transitions/Pendulum-v1/episodes/episode_0.npz,670,experiments/03_1_gpt35_history_n30_joint/results/records.jsonl,experiments/03_1_gpt35_history_n30_joint/results/runs/3.5__Pendulum-v1__last-action__H20/episode_000/predictions.jsonl,9a1c109d80e6d363fb394a001942729acb0e7c37e83ebc0581f882110efdc24d,True,1981,178,2159,1.9570397920906544,1.9521288749529049,[1.9077938795089722],,,False,not_applicable,[0.8],True,,[7],True,,,False,not_applicable,,False,not_applicable,,False,not_applicable,,,,,,[9],,,,,
c125e64e28ca1de801a3960a0cb13ccb8218daf2a5836f182285d63d3e86e089,3.5__Pendulum-v1__last-action__H20,Pendulum-v1,last-action,20,10,30,data/llmx_data/offline_data/physics_data/raw_transitions/Pendulum-v1/episodes/episode_0.npz,671,experiments/03_1_gpt35_history_n30_joint/results/records.jsonl,experiments/03_1_gpt35_history_n30_joint/results/runs/3.5__Pendulum-v1__last-action__H20/episode_000/predictions.jsonl,c8e41a2108778741048b323a0d6df957470e36ea764cc6303c33167635e3c244,True,1980,247,2227,2.7260182079626247,2.722795541980304,[-0.8885178565979004],,,False,not_applicable,[-0.5],True,,[3],True,,,False,not_applicable,,False,not_applicable,,False,not_applicable,,,,,,[2],,,,,
3d73ec3ee0410d05f34f077bfafaa8e7e141ff6e4ae3ba9eec18df83a7f34d2f,3.5__Pendulum-v1__last-action__H20,Pendulum-v1,last-action,20,11,31,data/llmx_data/offline_data/physics_data/raw_transitions/Pendulum-v1/episodes/episode_0.npz,672,experiments/03_1_gpt35_history_n30_joint/results/records.jsonl,experiments/03_1_gpt35_history_n30_joint/results/runs/3.5__Pendulum-v1__last-action__H20/episode_000/predictions.jsonl,c2ed54f3afd7b8276f153bc9c333fd296558fb7ab706ff1ab16d0ee5bce9e739,True,1981,210,2191,3.006176207913086,3.002117082942277,[1.4703737497329712],,,False,not_applicable,[0.5],True,,[6],True,,,False,not_applicable,,False,not_applicable,,False,not_applicable,,,,,,[8],,,,,
8555e4ef00eda35a67726d668bbc514e5299d6a1a3866b4a916ab6c2b24d3e52,3.5__Pendulum-v1__last-action__H20,Pendulum-v1,last-action,20,12,32,data/llmx_data/offline_data/physics_data/raw_transitions/Pendulum-v1/episodes/episode_0.npz,673,experiments/03_1_gpt35_history_n30_joint/results/records.jsonl,experiments/03_1_gpt35_history_n30_joint/results/runs/3.5__Pendulum-v1__last-action__H20/episode_000/predictions.jsonl,1ce6108510606e215be7802b0814e1869ea3343a149adad1c12f486c2642a279,True,1980,219,2199,2.458738666959107,2.454453625017777,[-0.9442287683486938],,,False,not_applicable,[-1.0],True,,[4],True,,,False,not_applicable,,False,not_applicable,,False,not_applicable,,,,,,[2],,,,,
4a292896f908f9362bef4b81e25d000f95cdce38f87408326ea7a94cc3ab0d84,3.5__Pendulum-v1__last-action__H20,Pendulum-v1,last-action,20,13,33,data/llmx_data/offline_data/physics_data/raw_transitions/Pendulum-v1/episodes/episode_0.npz,674,experiments/03_1_gpt35_history_n30_joint/results/records.jsonl,experiments/03_1_gpt35_history_n30_joint/results/runs/3.5__Pendulum-v1__last-action__H20/episode_000/predictions.jsonl,79ec1760a5417a1b1470d7e7ea8069b40eff635fb323fd4fdd4464136c65e92a,True,1983,236,2219,3.2163229170255363,3.2120813339715824,[1.5583062171936035],,,False,not_applicable,[-0.2],True,,[4],True,,,False,not_applicable,,False,not_applicable,,False,not_applicable,,,,,,[8],,,,,
ad50afe67250a9d7ae480e16071eaade784a1ac7468b4ffb96e249bfb24e47f0,3.5__Pendulum-v1__last-action__H20,Pendulum-v1,last-action,20,14,34,data/llmx_data/offline_data/physics_data/raw_transitions/Pendulum-v1/episodes/episode_0.npz,675,experiments/03_1_gpt35_history_n30_joint/results/records.jsonl,experiments/03_1_gpt35_history_n30_joint/results/runs/3.5__Pendulum-v1__last-action__H20/episode_000/predictions.jsonl,a70ae99a4d3d9d8d420c5c818db4ac2520ef73b5eec81c62aa472fedd6e51946,True,1984,199,2183,2.2491660420782864,2.2448754999786615,[0.1804589033126831],,,False,not_applicable,[0.3],True,,[6],True,,,False,not_applicable,,False,not_applicable,,False,not_applicable,,,,,,[5],,,,,
5f90f156457d9b52de01f79305448a089ab70c67d09200be80cdcb2f4fc48850,3.5__Pendulum-v1__last-action__H20,Pendulum-v1,last-action,20,15,35,data/llmx_data/offline_data/physics_data/raw_transitions/Pendulum-v1/episodes/episode_0.npz,676,experiments/03_1_gpt35_history_n30_joint/results/records.jsonl,experiments/03_1_gpt35_history_n30_joint/results/runs/3.5__Pendulum-v1__last-action__H20/episode_000/predictions.jsonl,837f086730e6bab1d61cc776ee50ac066bc04c62e30f3708e2c5ccf53de31460,True,1984,186,2170,2.998307125060819,2.993754416005686,[-1.4897518157958984],,,False,not_applicable,[-0.8],True,,[3],True,,,False,not_applicable,,False,not_applicable,,False,not_applicable,,,,,,[1],,,,,
6ac9ff81f4959014431579d1f8ea2167600950edb4a0c69453158f71144b19e0,3.5__Pendulum-v1__last-action__H20,Pendulum-v1,last-action,20,16,36,data/llmx_data/offline_data/physics_data/raw_transitions/Pendulum-v1/episodes/episode_0.npz,677,experiments/03_1_gpt35_history_n30_joint/results/records.jsonl,experiments/03_1_gpt35_history_n30_joint/results/runs/3.5__Pendulum-v1__last-action__H20/episode_000/predictions.jsonl,8460371d0b707269fef5975e95068e921c44ca28821a77134c56fc0aedc6f72b,False,1984,403,2387,2.83854687504936,2.834463084000163,[1.7350534200668335],,,False,not_applicable,,False,non_literal_or_placeholder,,False,wrong_dimension,,False,not_applicable,,False,not_applicable,,False,not_applicable,,,,,,[9],,,,,
d23a6cd26dbcdb427addecadd7df154eb4ff87f3d9bddd444015edf0e33b584e,3.5__Pendulum-v1__last-action__H20,Pendulum-v1,last-action,20,17,37,data/llmx_data/offline_data/physics_data/raw_transitions/Pendulum-v1/episodes/episode_0.npz,678,experiments/03_1_gpt35_history_n30_joint/results/records.jsonl,experiments/03_1_gpt35_history_n30_joint/results/runs/3.5__Pendulum-v1__last-action__H20/episode_000/predictions.jsonl,0835277224a5ea886792c05cb3470e3b66012334bdd996fa64b5c7477857e048,True,1985,149,2134,2.2107731249416247,2.2075227089226246,[-1.974252700805664],,,False,not_applicable,[-1.6],True,,[1],True,,,False,not_applicable,,False,not_applicable,,False,not_applicable,,,,,,[0],,,,,
2c2412faa67a49e0c1b904d4f8644c20b7975655eef3a1c6b0cd1d5b0211b43f,3.5__Pendulum-v1__last-action__H20,Pendulum-v1,last-action,20,18,38,data/llmx_data/offline_data/physics_data/raw_transitions/Pendulum-v1/episodes/episode_0.npz,679,experiments/03_1_gpt35_history_n30_joint/results/records.jsonl,experiments/03_1_gpt35_history_n30_joint/results/runs/3.5__Pendulum-v1__last-action__H20/episode_000/predictions.jsonl,b587a01ed90bffbbc5de3c12c36c52c05207e3b713593778afee960f85ea4fca,True,1988,284,2272,2.3888808749616146,2.386047958978452,[2.0],,,False,not_applicable,[-0.5],True,,[3],True,,,False,not_applicable,,False,not_applicable,,False,not_applicable,,,,,,[9],,,,,
c9ffea0d42b4e7baade82beecd46f85afc57028c1b38143ed2db99eb8ab62c78,3.5__Pendulum-v1__last-action__H20,Pendulum-v1,last-action,20,19,39,data/llmx_data/offline_data/physics_data/raw_transitions/Pendulum-v1/episodes/episode_0.npz,680,experiments/03_1_gpt35_history_n30_joint/results/records.jsonl,experiments/03_1_gpt35_history_n30_joint/results/runs/3.5__Pendulum-v1__last-action__H20/episode_000/predictions.jsonl,97a03466652dff57725b9c6ead8b1aab24374d623700dce2fb39b7acb274e473,True,1987,209,2196,2.1220361249288544,2.118907166994177,[1.0084922313690186],,,False,not_applicable,[0.6],True,,[6],True,,,False,not_applicable,,False,not_applicable,,False,not_applicable,,,,,,[7],,,,,
2527fb892d30dec69f6ec3d9bd64dc94d713b7799389c28a91373b23cefbe1b0,3.5__Pendulum-v1__last-action__H20,Pendulum-v1,last-action,20,20,40,data/llmx_data/offline_data/physics_data/raw_transitions/Pendulum-v1/episodes/episode_0.npz,681,experiments/03_1_gpt35_history_n30_joint/results/records.jsonl,experiments/03_1_gpt35_history_n30_joint/results/runs/3.5__Pendulum-v1__last-action__H20/episode_000/predictions.jsonl,aeab2025af0b7ec1d7e8240c024e3e5be024e95537f4969cbe1015f52c563643,True,1987,254,2241,2.7190680420026183,2.7146648339694366,[0.3147212266921997],,,False,not_applicable,[1.2],True,,[8],True,,,False,not_applicable,,False,not_applicable,,False,not_applicable,,,,,,[5],,,,,
defab87d29ef5136d00accf8424a04d04a4a43027e5d33e10f3668bfa70bc6d6,3.5__Pendulum-v1__last-action__H20,Pendulum-v1,last-action,20,21,41,data/llmx_data/offline_data/physics_data/raw_transitions/Pendulum-v1/episodes/episode_0.npz,682,experiments/03_1_gpt35_history_n30_joint/results/records.jsonl,experiments/03_1_gpt35_history_n30_joint/results/runs/3.5__Pendulum-v1__last-action__H20/episode_000/predictions.jsonl,46dbef9e1607196e0b9a68afb71d60a0d260f0ea0a37d81d9753fe1cced250db,True,1986,367,2353,3.5675444580847397,3.563953166943975,[0.46364936232566833],,,False,not_applicable,[-0.6],True,,[3],True,,,False,not_applicable,,False,not_applicable,,False,not_applicable,,,,,,[6],,,,,
62d867b387d03f12ac0d8360a9c3e5a62022dce4cc8f12e0a879078e1b2ed62e,3.5__Pendulum-v1__last-action__H20,Pendulum-v1,last-action,20,22,42,data/llmx_data/offline_data/physics_data/raw_transitions/Pendulum-v1/episodes/episode_0.npz,683,experiments/03_1_gpt35_history_n30_joint/results/records.jsonl,experiments/03_1_gpt35_history_n30_joint/results/runs/3.5__Pendulum-v1__last-action__H20/episode_000/predictions.jsonl,a42af8359242ac9b6469ef4f3bdd271d4fec90f0d1052981dc0bae8fe4bf8f26,True,1988,214,2202,2.0742381250020117,2.0695382920093834,[-0.14764782786369324],,,False,not_applicable,[-0.2],True,,[4],True,,,False,not_applicable,,False,not_applicable,,False,not_applicable,,,,,,[4],,,,,
a2f9efbd78fd233a0c667ffa81f9596ebb049f737c7dd5964b1b7ee3135e6187,3.5__Pendulum-v1__last-action__H20,Pendulum-v1,last-action,20,23,43,data/llmx_data/offline_data/physics_data/raw_transitions/Pendulum-v1/episodes/episode_0.npz,684,experiments/03_1_gpt35_history_n30_joint/results/records.jsonl,experiments/03_1_gpt35_history_n30_joint/results/runs/3.5__Pendulum-v1__last-action__H20/episode_000/predictions.jsonl,697ed9a437023a32a35fe50e64a98034b770c0aa6033f9ca94bb6fdb030c4b12,True,1987,235,2222,2.835332499933429,2.831698208930902,[-1.4927301406860352],,,False,not_applicable,[0.6],True,,[7],True,,,False,not_applicable,,False,not_applicable,,False,not_applicable,,,,,,[1],,,,,
6f6b7a2b5d0588047dbb1fb05a8c12329ee13893d5ea7e813ebd0415a147db4f,3.5__Pendulum-v1__last-action__H20,Pendulum-v1,last-action,20,24,44,data/llmx_data/offline_data/physics_data/raw_transitions/Pendulum-v1/episodes/episode_0.npz,685,experiments/03_1_gpt35_history_n30_joint/results/records.jsonl,experiments/03_1_gpt35_history_n30_joint/results/runs/3.5__Pendulum-v1__last-action__H20/episode_000/predictions.jsonl,84cfb944c4ee6d9edb89e15c6e63e38134365a077a3c77f591967b4b32170828,True,1988,157,2145,1.758965541026555,1.755059125018306,[0.4636839032173157],,,False,not_applicable,[0.6],True,,[7],True,,,False,not_applicable,,False,not_applicable,,False,not_applicable,,,,,,[6],,,,,
f99500819fc1a109d0af03b55061125c3131700871514ffd13cc878fda1d5427,3.5__Pendulum-v1__last-action__H20,Pendulum-v1,last-action,20,25,45,data/llmx_data/offline_data/physics_data/raw_transitions/Pendulum-v1/episodes/episode_0.npz,686,experiments/03_1_gpt35_history_n30_joint/results/records.jsonl,experiments/03_1_gpt35_history_n30_joint/results/runs/3.5__Pendulum-v1__last-action__H20/episode_000/predictions.jsonl,454976cfc60a38401bf0ec80028abe90974c5c4c24041e8948ecfe49f33b06fc,True,1987,209,2196,2.1008211249718443,2.0971045420737937,[0.13869135081768036],,,False,not_applicable,[0.2],True,,[5],True,,,False,not_applicable,,False,not_applicable,,False,not_applicable,,,,,,[5],,,,,
ae111cbce2fc0c1b765d15cf2e35ced4f2567d851c85c1f9991e4b9d3effe7af,3.5__Pendulum-v1__last-action__H20,Pendulum-v1,last-action,20,26,46,data/llmx_data/offline_data/physics_data/raw_transitions/Pendulum-v1/episodes/episode_0.npz,687,experiments/03_1_gpt35_history_n30_joint/results/records.jsonl,experiments/03_1_gpt35_history_n30_joint/results/runs/3.5__Pendulum-v1__last-action__H20/episode_000/predictions.jsonl,6db9b0c39b92c3a7d8a15e3c4bd24dcc6dec4a002f5462a16edb2e7200e17768,True,1984,139,2123,1.3496320419944823,1.3458272500429302,[0.38437893986701965],,,False,not_applicable,[0.1],True,,[5],True,,,False,not_applicable,,False,not_applicable,,False,not_applicable,,,,,,[5],,,,,
55ac96fe78e148cb0eb390eb13a53d7fbca5d7adbdcdc62645906c25aebe84b7,3.5__Pendulum-v1__last-action__H20,Pendulum-v1,last-action,20,27,47,data/llmx_data/offline_data/physics_data/raw_transitions/Pendulum-v1/episodes/episode_0.npz,688,experiments/03_1_gpt35_history_n30_joint/results/records.jsonl,experiments/03_1_gpt35_history_n30_joint/results/runs/3.5__Pendulum-v1__last-action__H20/episode_000/predictions.jsonl,651850710f69da8652b0ae72cc3a2140f27f38027cbe5814b13e81b112dcfb3d,True,1984,217,2201,2.8243824579985812,2.820740499999374,[0.7350708246231079],,,False,not_applicable,[-0.5],True,,[3],True,,,False,not_applicable,,False,not_applicable,,False,not_applicable,,,,,,[6],,,,,
cb2e93a92c841e2cd9f67230f6b4de1eb546afb9587d4eb5ab72f3a5b904a2c7,3.5__Pendulum-v1__last-action__H20,Pendulum-v1,last-action,20,28,48,data/llmx_data/offline_data/physics_data/raw_transitions/Pendulum-v1/episodes/episode_0.npz,689,experiments/03_1_gpt35_history_n30_joint/results/records.jsonl,experiments/03_1_gpt35_history_n30_joint/results/runs/3.5__Pendulum-v1__last-action__H20/episode_000/predictions.jsonl,dedca6e12f4eabe9c54bd0b8d676a1474a5a6137b5b86f73b921e4014c9d4d18,True,1975,194,2169,1.8540965840220451,1.8499697078950703,[-0.28224530816078186],,,False,not_applicable,[0.4],True,,[6],True,,,False,not_applicable,,False,not_applicable,,False,not_applicable,,,,,,[4],,,,,
84023ae1e81d7f9fa1398f8ac9a80adbb626debce61c5ab2fa6ba579d223fd18,3.5__Pendulum-v1__last-action__H20,Pendulum-v1,last-action,20,29,49,data/llmx_data/offline_data/physics_data/raw_transitions/Pendulum-v1/episodes/episode_0.npz,690,experiments/03_1_gpt35_history_n30_joint/results/records.jsonl,experiments/03_1_gpt35_history_n30_joint/results/runs/3.5__Pendulum-v1__last-action__H20/episode_000/predictions.jsonl,cc495f07dddafbd2777c45f117c5cb24ea0fd751abf8bffd7644fff05fe8cb70,True,1975,186,2161,2.4383328330004588,2.4345393339172006,[0.690740704536438],,,False,not_applicable,[0.2],True,,[5],True,,,False,not_applicable,,False,not_applicable,,False,not_applicable,,,,,,[6],,,,,
f30a4fd91e8478caf39aa2b97817073bcfd48371f217f084ec6e84d5b3a19fdc,3.5__Pendulum-v1__last-action__H30,Pendulum-v1,last-action,30,0,30,data/llmx_data/offline_data/physics_data/raw_transitions/Pendulum-v1/episodes/episode_0.npz,691,experiments/03_1_gpt35_history_n30_joint/results/records.jsonl,experiments/03_1_gpt35_history_n30_joint/results/runs/3.5__Pendulum-v1__last-action__H30/episode_000/predictions.jsonl,62b114a78d2d495d6c3ca11d037c87b2940b3f5a39cfdceeabdbbf9661ab9f43,True,2416,114,2530,1.608316708006896,1.605300790979527,[-0.8885178565979004],,,False,not_applicable,[-0.8],True,,[3],True,,,False,not_applicable,,False,not_applicable,,False,not_applicable,,,,,,[2],,,,,
a0a9eaeb65a4c12ef34ccc568463d2f9ad6ef558c1d6d5460b9a3f3e8928e3f0,3.5__Pendulum-v1__last-action__H30,Pendulum-v1,last-action,30,1,31,data/llmx_data/offline_data/physics_data/raw_transitions/Pendulum-v1/episodes/episode_0.npz,692,experiments/03_1_gpt35_history_n30_joint/results/records.jsonl,experiments/03_1_gpt35_history_n30_joint/results/runs/3.5__Pendulum-v1__last-action__H30/episode_000/predictions.jsonl,46a8f456cf2f2592f8f52063577561e1af1d8d69c30e15c675c56596030f7321,True,2420,121,2541,1.6163630000082776,1.611716583953239,[1.4703737497329712],,,False,not_applicable,[0.8],True,,[7],True,,,False,not_applicable,,False,not_applicable,,False,not_applicable,,,,,,[8],,,,,
9320e3e8151c2087c6649b6f097597a1437807ae17ed7ca5724b2bca4d684f1a,3.5__Pendulum-v1__last-action__H30,Pendulum-v1,last-action,30,2,32,data/llmx_data/offline_data/physics_data/raw_transitions/Pendulum-v1/episodes/episode_0.npz,693,experiments/03_1_gpt35_history_n30_joint/results/records.jsonl,experiments/03_1_gpt35_history_n30_joint/results/runs/3.5__Pendulum-v1__last-action__H30/episode_000/predictions.jsonl,5a2dd985dcf26b161e71f970e8061280af99d4520c30bad7fb92aee1208c58a9,True,2422,194,2616,2.1671862080693245,2.163293166900985,[-0.9442287683486938],,,False,not_applicable,[-1.0],True,,[4],True,,,False,not_applicable,,False,not_applicable,,False,not_applicable,,,,,,[2],,,,,
0d776b8bda380e34cf1bb76580f94fbd6d063508172f4a9c688e2cc8964dfe63,3.5__Pendulum-v1__last-action__H30,Pendulum-v1,last-action,30,3,33,data/llmx_data/offline_data/physics_data/raw_transitions/Pendulum-v1/episodes/episode_0.npz,694,experiments/03_1_gpt35_history_n30_joint/results/records.jsonl,experiments/03_1_gpt35_history_n30_joint/results/runs/3.5__Pendulum-v1__last-action__H30/episode_000/predictions.jsonl,4b278fa954741829f023230426c068682ebc8bd2ab8bb0f5b81e46103f428558,True,2425,186,2611,2.583339208038524,2.5808180411113426,[1.5583062171936035],,,False,not_applicable,[-1.2],True,,[3],True,,,False,not_applicable,,False,not_applicable,,False,not_applicable,,,,,,[8],,,,,
06acf3df6d5a3e9bb0641698d376f74cac1d32716b0f7297edeaf98fb62c888f,3.5__Pendulum-v1__last-action__H30,Pendulum-v1,last-action,30,4,34,data/llmx_data/offline_data/physics_data/raw_transitions/Pendulum-v1/episodes/episode_0.npz,695,experiments/03_1_gpt35_history_n30_joint/results/records.jsonl,experiments/03_1_gpt35_history_n30_joint/results/runs/3.5__Pendulum-v1__last-action__H30/episode_000/predictions.jsonl,e627d97beb7be80d190d3aa077b370cce208942a3c5fba2be282c65c117bbe3d,True,2426,239,2665,2.5052601249190047,2.5023633749224246,[0.1804589033126831],,,False,not_applicable,[0.2],True,,[5],True,,,False,not_applicable,,False,not_applicable,,False,not_applicable,,,,,,[5],,,,,
950235f8e28370b4f091d0adcc7d35a079e06db169f80ae51db7142171f564d1,3.5__Pendulum-v1__last-action__H30,Pendulum-v1,last-action,30,5,35,data/llmx_data/offline_data/physics_data/raw_transitions/Pendulum-v1/episodes/episode_0.npz,696,experiments/03_1_gpt35_history_n30_joint/results/records.jsonl,experiments/03_1_gpt35_history_n30_joint/results/runs/3.5__Pendulum-v1__last-action__H30/episode_000/predictions.jsonl,305fbd12d0a13dd47857bbe71ecd167a77918a89ad8bc0f96810f1d9d0326b56,True,2429,237,2666,3.1707996249897406,3.167732000001706,[-1.4897518157958984],,,False,not_applicable,[-0.5],True,,[3],True,,,False,not_applicable,,False,not_applicable,,False,not_applicable,,,,,,[1],,,,,
b0b012b68eec3c98075899393b04b9b10524c8b54733ee9a6fde2e33fbaf7ce3,3.5__Pendulum-v1__last-action__H30,Pendulum-v1,last-action,30,6,36,data/llmx_data/offline_data/physics_data/raw_transitions/Pendulum-v1/episodes/episode_0.npz,697,experiments/03_1_gpt35_history_n30_joint/results/records.jsonl,experiments/03_1_gpt35_history_n30_joint/results/runs/3.5__Pendulum-v1__last-action__H30/episode_000/predictions.jsonl,592c7ff572fc8b3ffacbd9dee888695787792000b6a2da866aaa42332723c22a,True,2428,188,2616,1.8935414579464123,1.887862249976024,[1.7350534200668335],,,False,not_applicable,[0.2],True,,[5],True,,,False,not_applicable,,False,not_applicable,,False,not_applicable,,,,,,[9],,,,,
2f0f7474a6e134ba321a213cee88e2bd7fa2d10accb8a934131d41582132888b,3.5__Pendulum-v1__last-action__H30,Pendulum-v1,last-action,30,7,37,data/llmx_data/offline_data/physics_data/raw_transitions/Pendulum-v1/episodes/episode_0.npz,698,experiments/03_1_gpt35_history_n30_joint/results/records.jsonl,experiments/03_1_gpt35_history_n30_joint/results/runs/3.5__Pendulum-v1__last-action__H30/episode_000/predictions.jsonl,d2d64ba5b08edd7a57e2469b8278ca28803241f260b44feaf9303dc923622467,True,2426,165,2591,2.1110136249335483,2.1064345410559326,[-1.974252700805664],,,False,not_applicable,[-1.6],True,,[1],True,,,False,not_applicable,,False,not_applicable,,False,not_applicable,,,,,,[0],,,,,
c89bd2a6609de04ed1ad822d8e2b6470bcc4f9d7472d7229dd2e87d47c87aee6,3.5__Pendulum-v1__last-action__H30,Pendulum-v1,last-action,30,8,38,data/llmx_data/offline_data/physics_data/raw_transitions/Pendulum-v1/episodes/episode_0.npz,699,experiments/03_1_gpt35_history_n30_joint/results/records.jsonl,experiments/03_1_gpt35_history_n30_joint/results/runs/3.5__Pendulum-v1__last-action__H30/episode_000/predictions.jsonl,13b47c3a08cd6041874d0a571673455ba2e3254decea0c02a73a76863512ad4a,True,2427,146,2573,2.3260601670481265,2.3223397090332583,[2.0],,,False,not_applicable,[0.2],True,,[5],True,,,False,not_applicable,,False,not_applicable,,False,not_applicable,,,,,,[9],,,,,
81208e20b23af49401d980c3e22282a3bb9397c8e04c8e343c3af872c64cf0d0,3.5__Pendulum-v1__last-action__H30,Pendulum-v1,last-action,30,9,39,data/llmx_data/offline_data/physics_data/raw_transitions/Pendulum-v1/episodes/episode_0.npz,700,experiments/03_1_gpt35_history_n30_joint/results/records.jsonl,experiments/03_1_gpt35_history_n30_joint/results/runs/3.5__Pendulum-v1__last-action__H30/episode_000/predictions.jsonl,2584e681bba0a707bc87e5711d05599b5aedc7662e526ce5892bbeeb00147ac8,True,2427,320,2747,3.090185625012964,3.086794750066474,[1.0084922313690186],,,False,not_applicable,[1.8],True,,[8],True,,,False,not_applicable,,False,not_applicable,,False,not_applicable,,,,,,[7],,,,,
35911d0ca18c76585c9c639277978f8573842f4ece4d9079d98420eb06d12fa7,3.5__Pendulum-v1__last-action__H30,Pendulum-v1,last-action,30,10,40,data/llmx_data/offline_data/physics_data/raw_transitions/Pendulum-v1/episodes/episode_0.npz,701,experiments/03_1_gpt35_history_n30_joint/results/records.jsonl,experiments/03_1_gpt35_history_n30_joint/results/runs/3.5__Pendulum-v1__last-action__H30/episode_000/predictions.jsonl,9d0df07a91a33798f4937625457fd20de75ee632ff5520350d174219cd16e901,True,2426,121,2547,2.327303334022872,2.324486665893346,[0.3147212266921997],,,False,not_applicable,[0.8],True,,[7],True,,,False,not_applicable,,False,not_applicable,,False,not_applicable,,,,,,[5],,,,,
467f2fec28054234ba46171e1c0cf3a48ae171a4c13630855af308e06fb36b37,3.5__Pendulum-v1__last-action__H30,Pendulum-v1,last-action,30,11,41,data/llmx_data/offline_data/physics_data/raw_transitions/Pendulum-v1/episodes/episode_0.npz,702,experiments/03_1_gpt35_history_n30_joint/results/records.jsonl,experiments/03_1_gpt35_history_n30_joint/results/runs/3.5__Pendulum-v1__last-action__H30/episode_000/predictions.jsonl,f362846105458a4fd71278ac3423afabd04b7671d40e579b9915ae65343a4fcf,True,2425,146,2571,1.8431747920112684,1.8388282499508932,[0.46364936232566833],,,False,not_applicable,[0.6],True,,[7],True,,,False,not_applicable,,False,not_applicable,,False,not_applicable,,,,,,[6],,,,,
2d4ed4238f1c0a591aeadf2682b20989e8727efa28604b4994338223ea305d12,3.5__Pendulum-v1__last-action__H30,Pendulum-v1,last-action,30,12,42,data/llmx_data/offline_data/physics_data/raw_transitions/Pendulum-v1/episodes/episode_0.npz,703,experiments/03_1_gpt35_history_n30_joint/results/records.jsonl,experiments/03_1_gpt35_history_n30_joint/results/runs/3.5__Pendulum-v1__last-action__H30/episode_000/predictions.jsonl,cd3c60d7486671be22a3e114328f6fd47c6a7a2ee5b7df43851170f6ab99d338,True,2425,205,2630,1.8381216659909114,1.8337065000087023,[-0.14764782786369324],,,False,not_applicable,[-1.2],True,,[2],True,,,False,not_applicable,,False,not_applicable,,False,not_applicable,,,,,,[4],,,,,
aea4521aaa8d92563e666676adc930985b8e21c231014418725c599dd9e51e1b,3.5__Pendulum-v1__last-action__H30,Pendulum-v1,last-action,30,13,43,data/llmx_data/offline_data/physics_data/raw_transitions/Pendulum-v1/episodes/episode_0.npz,704,experiments/03_1_gpt35_history_n30_joint/results/records.jsonl,experiments/03_1_gpt35_history_n30_joint/results/runs/3.5__Pendulum-v1__last-action__H30/episode_000/predictions.jsonl,8f04e5c3f54274be599ff005fcc3549da8afdb91018c0a297a39c34274ebb5d9,True,2428,194,2622,1.667241416987963,1.6633852920494974,[-1.4927301406860352],,,False,not_applicable,[-0.4],True,,[4],True,,,False,not_applicable,,False,not_applicable,,False,not_applicable,,,,,,[1],,,,,
f42388b981ff390ececab45e4277e72fc0815bc8d43a20823708892d4d54a52b,3.5__Pendulum-v1__last-action__H30,Pendulum-v1,last-action,30,14,44,data/llmx_data/offline_data/physics_data/raw_transitions/Pendulum-v1/episodes/episode_0.npz,705,experiments/03_1_gpt35_history_n30_joint/results/records.jsonl,experiments/03_1_gpt35_history_n30_joint/results/runs/3.5__Pendulum-v1__last-action__H30/episode_000/predictions.jsonl,f312973925ad378b43521bcf0d88798d5097ba4e53bdc20c45cb5d543c3c7e94,True,2429,174,2603,1.7238240839214996,1.7194164589745924,[0.4636839032173157],,,False,not_applicable,[1.2],True,,[8],True,,,False,not_applicable,,False,not_applicable,,False,not_applicable,,,,,,[6],,,,,
2334529e0cb76dd29193eab275381d57c8a17e93877c26f5f0e89294b34696b3,3.5__Pendulum-v1__last-action__H30,Pendulum-v1,last-action,30,15,45,data/llmx_data/offline_data/physics_data/raw_transitions/Pendulum-v1/episodes/episode_0.npz,706,experiments/03_1_gpt35_history_n30_joint/results/records.jsonl,experiments/03_1_gpt35_history_n30_joint/results/runs/3.5__Pendulum-v1__last-action__H30/episode_000/predictions.jsonl,98b7bb6529dee06ca1edf894add722618b697f854a4801eb700c7e9930fa1219,True,2429,118,2547,1.5083504170179367,1.504091375041753,[0.13869135081768036],,,False,not_applicable,[0.1],True,,[5],True,,,False,not_applicable,,False,not_applicable,,False,not_applicable,,,,,,[5],,,,,
335bc83ce10d56dae4cfd2697207581d164a445ac41e5e1b82da38b6b93422cf,3.5__Pendulum-v1__last-action__H30,Pendulum-v1,last-action,30,16,46,data/llmx_data/offline_data/physics_data/raw_transitions/Pendulum-v1/episodes/episode_0.npz,707,experiments/03_1_gpt35_history_n30_joint/results/records.jsonl,experiments/03_1_gpt35_history_n30_joint/results/runs/3.5__Pendulum-v1__last-action__H30/episode_000/predictions.jsonl,c4a071f64402de310962235ba9279145e5290e4c1d024b3a53d69ea972e381d5,True,2426,242,2668,2.158082874957472,2.154211915913038,[0.38437893986701965],,,False,not_applicable,[0.6],True,,[6],True,,,False,not_applicable,,False,not_applicable,,False,not_applicable,,,,,,[5],,,,,
575d57782f1b7d10264df96bcdfc405b523db22625a89f878bc9db45a1ab06e3,3.5__Pendulum-v1__last-action__H30,Pendulum-v1,last-action,30,17,47,data/llmx_data/offline_data/physics_data/raw_transitions/Pendulum-v1/episodes/episode_0.npz,708,experiments/03_1_gpt35_history_n30_joint/results/records.jsonl,experiments/03_1_gpt35_history_n30_joint/results/runs/3.5__Pendulum-v1__last-action__H30/episode_000/predictions.jsonl,c8d44aad45f8302cbeb48729a93607f17ec100b82aa8c12977d8c184a8ea6b9b,True,2427,228,2655,1.9831345420097932,1.9792154160095379,[0.7350708246231079],,,False,not_applicable,[-0.3],True,,[4],True,,,False,not_applicable,,False,not_applicable,,False,not_applicable,,,,,,[6],,,,,
e7ae1acb3646f6a797217010143cc5ea2fbbb75d37004edd21dbe207fbf6b740,3.5__Pendulum-v1__last-action__H30,Pendulum-v1,last-action,30,18,48,data/llmx_data/offline_data/physics_data/raw_transitions/Pendulum-v1/episodes/episode_0.npz,709,experiments/03_1_gpt35_history_n30_joint/results/records.jsonl,experiments/03_1_gpt35_history_n30_joint/results/runs/3.5__Pendulum-v1__last-action__H30/episode_000/predictions.jsonl,4511f2506aad434387237365f7c3ae8ca554fabb95f963446872ae36fbd5bdb3,True,2428,137,2565,1.477401375072077,1.4731187910074368,[-0.28224530816078186],,,False,not_applicable,[0.2],True,,[5],True,,,False,not_applicable,,False,not_applicable,,False,not_applicable,,,,,,[4],,,,,
adcc72b1cfd4241550281c3388b9db273c0b43d92903ab91936939d659ccb5ed,3.5__Pendulum-v1__last-action__H30,Pendulum-v1,last-action,30,19,49,data/llmx_data/offline_data/physics_data/raw_transitions/Pendulum-v1/episodes/episode_0.npz,710,experiments/03_1_gpt35_history_n30_joint/results/records.jsonl,experiments/03_1_gpt35_history_n30_joint/results/runs/3.5__Pendulum-v1__last-action__H30/episode_000/predictions.jsonl,b9997f04ebb1128b7a341f58daec6e561b68d27e81b24551ed92ad0bdacf64b0,True,2429,150,2579,1.9387612919090316,1.9341526669450104,[0.690740704536438],,,False,not_applicable,[0.2],True,,[5],True,,,False,not_applicable,,False,not_applicable,,False,not_applicable,,,,,,[6],,,,,
95092b04c87319b63d32d805a40bac527a1df336737b4d56b1831e8383326e03,3.5__Pendulum-v1__last-action__H30,Pendulum-v1,last-action,30,20,50,data/llmx_data/offline_data/physics_data/raw_transitions/Pendulum-v1/episodes/episode_0.npz,711,experiments/03_1_gpt35_history_n30_joint/results/records.jsonl,experiments/03_1_gpt35_history_n30_joint/results/runs/3.5__Pendulum-v1__last-action__H30/episode_000/predictions.jsonl,08a01d7aae79615c6c5d087add9fc07cefa5c2ef13ef54eb7a2c496c03a08375,True,2428,210,2638,2.516183958039619,2.513495916966349,[0.2219473123550415],,,False,not_applicable,[0.4],True,,[6],True,,,False,not_applicable,,False,not_applicable,,False,not_applicable,,,,,,[5],,,,,
f5c43d0662aa57b558e2e8798acb3df5a44edde77ddfafb054c03ce1b23f80d2,3.5__Pendulum-v1__last-action__H30,Pendulum-v1,last-action,30,21,51,data/llmx_data/offline_data/physics_data/raw_transitions/Pendulum-v1/episodes/episode_0.npz,712,experiments/03_1_gpt35_history_n30_joint/results/records.jsonl,experiments/03_1_gpt35_history_n30_joint/results/runs/3.5__Pendulum-v1__last-action__H30/episode_000/predictions.jsonl,c9a0c332239712ebfcf4a3765632bce4c2e38802f2fabbc8c05c4de46830671d,True,2427,211,2638,1.8247150829993188,1.8214320830302313,[0.033985599875450134],,,False,not_applicable,[0.2],True,,[5],True,,,False,not_applicable,,False,not_applicable,,False,not_applicable,,,,,,[5],,,,,
5149b5a7d1227b6a63ae7f5eb203cb7201b84f54a773ef11786f42ed4df7faec,3.5__Pendulum-v1__last-action__H30,Pendulum-v1,last-action,30,22,52,data/llmx_data/offline_data/physics_data/raw_transitions/Pendulum-v1/episodes/episode_0.npz,713,experiments/03_1_gpt35_history_n30_joint/results/records.jsonl,experiments/03_1_gpt35_history_n30_joint/results/runs/3.5__Pendulum-v1__last-action__H30/episode_000/predictions.jsonl,0788495263c0c291b91149543380fa701bc71619ef472a76b8837d0d70fde85f,True,2428,133,2561,1.6916192920180038,1.686957208905369,[0.6907880306243896],,,False,not_applicable,[0.4],True,,[6],True,,,False,not_applicable,,False,not_applicable,,False,not_applicable,,,,,,[6],,,,,
51a295da6cbc30f84c3f7a1a4584f049b1a91418d116779147c9ec7a9ec7dfd9,3.5__Pendulum-v1__last-action__H30,Pendulum-v1,last-action,30,23,53,data/llmx_data/offline_data/physics_data/raw_transitions/Pendulum-v1/episodes/episode_0.npz,714,experiments/03_1_gpt35_history_n30_joint/results/records.jsonl,experiments/03_1_gpt35_history_n30_joint/results/runs/3.5__Pendulum-v1__last-action__H30/episode_000/predictions.jsonl,9ed7e53e2e86f9aa8617a4fb147fc1fd5ec3f38cfe347e3b21ddf09ef953cd74,True,2426,247,2673,3.3983201670926064,3.39473720791284,[-1.3656891584396362],,,False,not_applicable,[-0.5],True,,[3],True,,,False,not_applicable,,False,not_applicable,,False,not_applicable,,,,,,[1],,,,,
95a25c0fa9cf1c72d086240c1d890e81b58b0e9727953c4c4475116389fe3032,3.5__Pendulum-v1__last-action__H30,Pendulum-v1,last-action,30,24,54,data/llmx_data/offline_data/physics_data/raw_transitions/Pendulum-v1/episodes/episode_0.npz,715,experiments/03_1_gpt35_history_n30_joint/results/records.jsonl,experiments/03_1_gpt35_history_n30_joint/results/runs/3.5__Pendulum-v1__last-action__H30/episode_000/predictions.jsonl,b2310ddba2e9c24bf07e907838db09ea1ea9b0d1b734a00a0c427e31714f199e,True,2427,146,2573,1.9107916669454426,1.9069968749536201,[2.0],,,False,not_applicable,[0.2],True,,[5],True,,,False,not_applicable,,False,not_applicable,,False,not_applicable,,,,,,[9],,,,,
1c7598e881ae129aec345d18443d5929792d716d961bea097bcfb9735cec3474,3.5__Pendulum-v1__last-action__H30,Pendulum-v1,last-action,30,25,55,data/llmx_data/offline_data/physics_data/raw_transitions/Pendulum-v1/episodes/episode_0.npz,716,experiments/03_1_gpt35_history_n30_joint/results/records.jsonl,experiments/03_1_gpt35_history_n30_joint/results/runs/3.5__Pendulum-v1__last-action__H30/episode_000/predictions.jsonl,5fa9366df7bef7f374d4df4d96cf2d4482c3f67fe34b0d2a73227179a35efa47,True,2423,156,2579,2.025959666003473,2.02188329200726,[-1.0703959465026855],,,False,not_applicable,[-0.4],True,,[4],True,,,False,not_applicable,,False,not_applicable,,False,not_applicable,,,,,,[2],,,,,
d9ce4be6fb5db6da309c52664ce31b3f28ed8ac901db3472bbe05c6d6aac5ed6,3.5__Pendulum-v1__last-action__H30,Pendulum-v1,last-action,30,26,56,data/llmx_data/offline_data/physics_data/raw_transitions/Pendulum-v1/episodes/episode_0.npz,717,experiments/03_1_gpt35_history_n30_joint/results/records.jsonl,experiments/03_1_gpt35_history_n30_joint/results/runs/3.5__Pendulum-v1__last-action__H30/episode_000/predictions.jsonl,2fb7eb0c48a8bc4b19728a28a14d32b36f75fd1315de42e64e8d552d2a11e1eb,True,2424,267,2691,2.6609919590409845,2.658273042063229,[1.6907861232757568],,,False,not_applicable,[-0.5],True,,[3],True,,,False,not_applicable,,False,not_applicable,,False,not_applicable,,,,,,[9],,,,,
0007dd44598aad31cb5f56b22a30e8a3e23045ee3d74ff927309c7c3ab5cb957,3.5__Pendulum-v1__last-action__H30,Pendulum-v1,last-action,30,27,57,data/llmx_data/offline_data/physics_data/raw_transitions/Pendulum-v1/episodes/episode_0.npz,718,experiments/03_1_gpt35_history_n30_joint/results/records.jsonl,experiments/03_1_gpt35_history_n30_joint/results/runs/3.5__Pendulum-v1__last-action__H30/episode_000/predictions.jsonl,0fc20450506f3861742acd4f9d8ada64af3300e2db3d10e7409e1d5959d17bbd,True,2423,161,2584,2.502497583045624,2.4989610000047833,[-0.09246313571929932],,,False,not_applicable,[0.2],True,,[5],True,,,False,not_applicable,,False,not_applicable,,False,not_applicable,,,,,,[4],,,,,
d6aafa72c4cb9c1cae589b62fcf1a0471bcb8e94db071519518ae910d788da91,3.5__Pendulum-v1__last-action__H30,Pendulum-v1,last-action,30,28,58,data/llmx_data/offline_data/physics_data/raw_transitions/Pendulum-v1/episodes/episode_0.npz,719,experiments/03_1_gpt35_history_n30_joint/results/records.jsonl,experiments/03_1_gpt35_history_n30_joint/results/runs/3.5__Pendulum-v1__last-action__H30/episode_000/predictions.jsonl,fd151a5286a1777c7290bd30bf709cebee85f93a2a4efb7d13868efa95c63aae,True,2416,224,2640,1.9347529170336202,1.929753333912231,[0.16217319667339325],,,False,not_applicable,[-0.1],True,,[4],True,,,False,not_applicable,,False,not_applicable,,False,not_applicable,,,,,,[5],,,,,
420c983da279ad37d1a87c7dcc3391350bab1185a8c5ddeaf8e90748ac9c2a36,3.5__Pendulum-v1__last-action__H30,Pendulum-v1,last-action,30,29,59,data/llmx_data/offline_data/physics_data/raw_transitions/Pendulum-v1/episodes/episode_0.npz,720,experiments/03_1_gpt35_history_n30_joint/results/records.jsonl,experiments/03_1_gpt35_history_n30_joint/results/runs/3.5__Pendulum-v1__last-action__H30/episode_000/predictions.jsonl,b375eb8801d4bbd0eea9713d56163e4417624dc8d149837f78e74e0ec45f4bd4,True,2416,157,2573,2.2639774590497836,2.2607821250567213,[0.14507156610488892],,,False,not_applicable,[0.1],True,,[5],True,,,False,not_applicable,,False,not_applicable,,False,not_applicable,,,,,,[5],,,,,
d419dc6869c92b85973e555c501bd3119ca18d4befd9b525680c9f267a88075c,3.5__Pendulum-v1__next-state__H5,Pendulum-v1,next-state,5,0,4,data/llmx_data/offline_data/physics_data/raw_transitions/Pendulum-v1/episodes/episode_0.npz,721,experiments/03_1_gpt35_history_n30_joint/results/records.jsonl,experiments/03_1_gpt35_history_n30_joint/results/runs/3.5__Pendulum-v1__next-state__H5/episode_000/predictions.jsonl,2a5e5fdfc551d9fb22de7cff026c1651a9cc61d6f376d52c3ca1071748a3118f,False,1270,238,1508,2.8080682499567047,2.8041498749516904,,,,False,not_applicable,,False,not_applicable,,False,not_applicable,"[0, 1, 0]",True,,,False,non_literal_or_placeholder,,False,non_literal_or_placeholder,"[0.9897010922431946, 0.1431494504213333, 0.06076253950595856]","[0.9906234741210938, 0.13662053644657135, -0.13187536597251892]","[1, 0, 0]","[0.9906234741210938, 0.13662053644657135, -0.13187536597251892]","[0.0009223818778991699, -0.006528913974761963, -0.19263790547847748]",,,-0.006593759347675032,component_parse_failure,,component_parse_failure
144cfe35600f208bdb8a3af769a36509877009c648ac5e18cdda48f279a52961,3.5__Pendulum-v1__next-state__H5,Pendulum-v1,next-state,5,1,5,data/llmx_data/offline_data/physics_data/raw_transitions/Pendulum-v1/episodes/episode_0.npz,722,experiments/03_1_gpt35_history_n30_joint/results/records.jsonl,experiments/03_1_gpt35_history_n30_joint/results/runs/3.5__Pendulum-v1__next-state__H5/episode_000/predictions.jsonl,846c9425bd822a84184ec97737ea1550256bea63c6e9f8d53d99aec71ecf8ae6,True,1280,219,1499,1.6996604999294505,1.6941116250818595,,,,False,not_applicable,,False,not_applicable,,False,not_applicable,"[0, 2, 0]",True,,"[0.9895, 0.1366, -0.2555]",True,,"[-0.0011, 0.0, -0.1236]",True,,"[0.9906234741210938, 0.13662053644657135, -0.13187536597251892]","[0.9925193190574646, 0.122087761759758, -0.293120801448822]","[1, 0, 0]","[0.9925193190574646, 0.122087761759758, -0.293120801448822]","[0.0018958449363708496, -0.014532774686813354, -0.1612454354763031]",,0.00013329446785181887,-0.014656043350475212,,0.00015044652261408942,
6684732f3bc3d1fd58b77755c25b921a2373a96bca8151180d2c4c17f2145f5f,3.5__Pendulum-v1__next-state__H5,Pendulum-v1,next-state,5,2,6,data/llmx_data/offline_data/physics_data/raw_transitions/Pendulum-v1/episodes/episode_0.npz,723,experiments/03_1_gpt35_history_n30_joint/results/records.jsonl,experiments/03_1_gpt35_history_n30_joint/results/runs/3.5__Pendulum-v1__next-state__H5/episode_000/predictions.jsonl,7b20cf25ab4230879bd6ce1c503175acd272468673ff9776af6bde82d588fc23,True,1284,261,1545,1.8507928750477731,1.8452908750623465,,,,False,not_applicable,,False,not_applicable,,False,not_applicable,"[2, 2, 2]",True,,"[0.9925, 0.1221, -0.2931]",True,,"[0.0, 0.0, 0.0]",True,,"[0.9925193190574646, 0.122087761759758, -0.293120801448822]","[0.9947812557220459, 0.10203072428703308, -0.4036903977394104]","[1, 0, 0]","[0.9947812557220459, 0.10203072428703308, -0.4036903977394104]","[0.002261936664581299, -0.020057037472724915, -0.11056959629058838]",,1.450556652571322e-05,-0.020184522150382467,,0.0,
199cdbdb14cacc920d5cb771da5deecd62deba26d8374b21776218d6e2e923e0,3.5__Pendulum-v1__next-state__H5,Pendulum-v1,next-state,5,3,7,data/llmx_data/offline_data/physics_data/raw_transitions/Pendulum-v1/episodes/episode_0.npz,724,experiments/03_1_gpt35_history_n30_joint/results/records.jsonl,experiments/03_1_gpt35_history_n30_joint/results/runs/3.5__Pendulum-v1__next-state__H5/episode_000/predictions.jsonl,08e53db6b23cf5e0ad0d335160562bcaa9628df5bf2c7bb4e4dccd17a82b9a82,True,1285,228,1513,1.6930305839050561,1.688917083083652,,,,False,not_applicable,,False,not_applicable,,False,not_applicable,"[2, 2, 0]",True,,"[0.9948, 0.102, -0.4319]",True,,"[0.0, 0.0, -0.0282]",True,,"[0.9947812557220459, 0.10203072428703308, -0.4036903977394104]","[0.9970461130142212, 0.0768052414059639, -0.5065526366233826]","[1, 0, 0]","[0.9970461130142212, 0.0768052414059639, -0.5065526366233826]","[0.002264857292175293, -0.025225482881069183, -0.10286223888397217]",,-3.247593282429406e-05,-0.025327630226256836,,0.0,
77920d8d48721acca876123454d142dc771d6c31ce7bc2932518c22c354eb586,3.5__Pendulum-v1__next-state__H5,Pendulum-v1,next-state,5,4,8,data/llmx_data/offline_data/physics_data/raw_transitions/Pendulum-v1/episodes/episode_0.npz,725,experiments/03_1_gpt35_history_n30_joint/results/records.jsonl,experiments/03_1_gpt35_history_n30_joint/results/runs/3.5__Pendulum-v1__next-state__H5/episode_000/predictions.jsonl,98e9020a8f3d8ae5e5002f5890f8d49b9a380305a7717e1c4216535329ff0a3e,True,1282,256,1538,2.6156531249871477,2.612251374986954,,,,False,not_applicable,,False,not_applicable,,False,not_applicable,"[2, 0, 0]",True,,"[0.997, 0.0768, -0.5066]",True,,"[0.0, -0.0008, -0.002]",True,,"[0.9970461130142212, 0.0768052414059639, -0.5065526366233826]","[0.9992225766181946, 0.03942330181598663, -0.7489486932754517]","[1, 0, 0]","[0.9992225766181946, 0.03942330181598663, -0.7489486932754517]","[0.0021764636039733887, -0.037381939589977264, -0.2423960566520691]",,-1.6842803756134117e-06,-0.037447433836181876,,-0.0007976857371132517,
85ddec3363f47efba9e7cfcd59307f5fa6a5516bc2a4b02041a32b3fb033be92,3.5__Pendulum-v1__next-state__H5,Pendulum-v1,next-state,5,5,9,data/llmx_data/offline_data/physics_data/raw_transitions/Pendulum-v1/episodes/episode_0.npz,726,experiments/03_1_gpt35_history_n30_joint/results/records.jsonl,experiments/03_1_gpt35_history_n30_joint/results/runs/3.5__Pendulum-v1__next-state__H5/episode_000/predictions.jsonl,bc2ffb3b9af61d848484fe3959e8f83e509ed9eaf2a47e15cc227d4d68b57b38,True,1289,404,1693,2.884810874937102,2.880114500061609,,,,False,not_applicable,,False,not_applicable,,False,not_applicable,"[2, 1, 0]",True,,"[0.9992, 0.0903, -0.7489]",True,,"[0.0, 0.0509, 0.0]",True,,"[0.9992225766181946, 0.03942330181598663, -0.7489486932754517]","[0.9998784065246582, 0.015594623051583767, -0.47676530480384827]","[1, 0, 1]","[0.9998784065246582, 0.015594623051583767, -0.47676530480384827]","[0.000655829906463623, -0.023828678764402866, 0.2721833884716034]",,0.05069394656167425,-0.023838266747059134,,0.0507150522052644,
47416a304a3e7cdc4a476af756291575c42eb6723ab65ad8a8e207dfd8eb3f1f,3.5__Pendulum-v1__next-state__H5,Pendulum-v1,next-state,5,6,10,data/llmx_data/offline_data/physics_data/raw_transitions/Pendulum-v1/episodes/episode_0.npz,727,experiments/03_1_gpt35_history_n30_joint/results/records.jsonl,experiments/03_1_gpt35_history_n30_joint/results/runs/3.5__Pendulum-v1__next-state__H5/episode_000/predictions.jsonl,a568de7fc7bd6c881e26b741b66ef594f324ab458dee5b1b10d7e7047888dc42,False,1288,239,1527,2.7481167500372976,2.744044875027612,,,,False,not_applicable,,False,not_applicable,,False,not_applicable,"[2, 2, 0]",True,,,False,non_literal_or_placeholder,,False,non_literal_or_placeholder,"[0.9998784065246582, 0.015594623051583767, -0.47676530480384827]","[0.999982476234436, 0.005916144233196974, -0.19358153641223907]","[2, 0, 1]","[0.999982476234436, 0.005916144233196974, -0.19358153641223907]","[0.00010406970977783203, -0.009678478818386793, 0.2831837683916092]",,,-0.009679076163188416,component_parse_failure,,component_parse_failure
93630188376d250fc02e2d4944c74a08846769f7b9180026aa1811ad76b28464,3.5__Pendulum-v1__next-state__H5,Pendulum-v1,next-state,5,7,11,data/llmx_data/offline_data/physics_data/raw_transitions/Pendulum-v1/episodes/episode_0.npz,728,experiments/03_1_gpt35_history_n30_joint/results/records.jsonl,experiments/03_1_gpt35_history_n30_joint/results/runs/3.5__Pendulum-v1__next-state__H5/episode_000/predictions.jsonl,828fc18974c8a954ecd1ecfb529e3cc074eb12824760fd0f559d954104a12618,False,1286,287,1573,2.941599917015992,2.9380803339881822,,,,False,not_applicable,,False,not_applicable,,False,not_applicable,,False,missing_marker,"[1.0, 0.0059, -0.1936]",True,,"[0.0, -0.0001, -0.0001]",True,,"[0.999982476234436, 0.005916144233196974, -0.19358153641223907]","[0.9999824166297913, -0.005934370215982199, -0.23701167106628418]","[2, 0, 0]","[0.9999824166297913, -0.005934370215982199, -0.23701167106628418]","[-5.960464477539063e-08, -0.011850514449179173, -0.043430134654045105]",,-1.6247341009467675e-05,-0.011850583781538138,,-9.999831109652746e-05,
fdc4c5c99b0e0b7af200d94cb0f6a2d8f2f7736ae242ac8fc6917bc5c4aa1bbd,3.5__Pendulum-v1__next-state__H5,Pendulum-v1,next-state,5,8,12,data/llmx_data/offline_data/physics_data/raw_transitions/Pendulum-v1/episodes/episode_0.npz,729,experiments/03_1_gpt35_history_n30_joint/results/records.jsonl,experiments/03_1_gpt35_history_n30_joint/results/runs/3.5__Pendulum-v1__next-state__H5/episode_000/predictions.jsonl,b4cf6a1e74141179089ee9e7d46fcd0132843270c66910744a86c8e2ef83c6b7,False,1279,353,1632,2.674989291932434,2.6707852500258014,,,,False,not_applicable,,False,not_applicable,,False,not_applicable,"[2, 0, 1]",True,,,False,non_literal_or_placeholder,,False,non_literal_or_placeholder,"[0.9999824166297913, -0.005934370215982199, -0.23701167106628418]","[0.9999724626541138, -0.007423984818160534, -0.02979295700788498]","[2, 0, 1]","[0.9999724626541138, -0.007423984818160534, -0.02979295700788498]","[-9.953975677490234e-06, -0.0014896146021783352, 0.2072187140583992]",,,-0.0014896479627681813,component_parse_failure,,component_parse_failure
904b61468d21935484a918ead6b24369f50dd835d1487da9c7242a98f0cfe96e,3.5__Pendulum-v1__next-state__H5,Pendulum-v1,next-state,5,9,13,data/llmx_data/offline_data/physics_data/raw_transitions/Pendulum-v1/episodes/episode_0.npz,730,experiments/03_1_gpt35_history_n30_joint/results/records.jsonl,experiments/03_1_gpt35_history_n30_joint/results/runs/3.5__Pendulum-v1__next-state__H5/episode_000/predictions.jsonl,c5df25af920225bdc2b8ae8f646a840150db83e4c1e99ca02e6d04ab95da931b,False,1283,318,1601,3.139436792000197,3.1363097080029547,,,,False,not_applicable,,False,not_applicable,,False,not_applicable,"[2, 0, 0]",True,,,False,non_literal_or_placeholder,,False,non_literal_or_placeholder,"[0.9999724626541138, -0.007423984818160534, -0.02979295700788498]","[0.9998001456260681, -0.019991308450698853, -0.25137174129486084]","[0, 0, 0]","[0.9998001456260681, -0.019991308450698853, -0.25137174129486084]","[-0.0001723170280456543, -0.012567323632538319, -0.22157878428697586]",,,-0.01256858758836632,component_parse_failure,,component_parse_failure
ffee8ab8f52d2ed131c2dea787d0b433cf33b01b32c8d6aac69200dfa515a2c1,3.5__Pendulum-v1__next-state__H5,Pendulum-v1,next-state,5,10,14,data/llmx_data/offline_data/physics_data/raw_transitions/Pendulum-v1/episodes/episode_0.npz,731,experiments/03_1_gpt35_history_n30_joint/results/records.jsonl,experiments/03_1_gpt35_history_n30_joint/results/runs/3.5__Pendulum-v1__next-state__H5/episode_000/predictions.jsonl,3e33010407d95187dae3967a0a98bb73a97629a42a3579bcbaecf7e64cf48ae3,True,1282,255,1537,2.3973122920142487,2.3929429999552667,,,,False,not_applicable,,False,not_applicable,,False,not_applicable,"[2, 2, 1]",True,,"[1.0, -0.02, 0.0]",True,,"[0.0, 0.0, 0.2514]",True,,"[0.9998001456260681, -0.019991308450698853, -0.25137174129486084]","[0.9997900724411011, -0.020489785820245743, -0.009971588850021362]","[2, 0, 1]","[0.9997900724411011, -0.020489785820245743, -0.009971588850021362]","[-1.0073184967041016e-05, -0.0004984773695468903, 0.24140015244483948]",,-4.693523250054454e-06,-0.0004985791425005104,,0.0,
39f56d668ad321fd13de00ec2f959230c46085a5eb1782076cb476606ece4f68,3.5__Pendulum-v1__next-state__H5,Pendulum-v1,next-state,5,11,15,data/llmx_data/offline_data/physics_data/raw_transitions/Pendulum-v1/episodes/episode_0.npz,732,experiments/03_1_gpt35_history_n30_joint/results/records.jsonl,experiments/03_1_gpt35_history_n30_joint/results/runs/3.5__Pendulum-v1__next-state__H5/episode_000/predictions.jsonl,1df5a18cd4f58ba29d97e3ae7d3fea0e56c50f3c58c951094bff88c67fd5c966,False,1285,209,1494,1.7765764159848914,1.7729242920177057,,,,False,not_applicable,,False,not_applicable,,False,not_applicable,"[2, 0, 0]",True,,,False,missing_marker,,False,missing_marker,"[0.9997900724411011, -0.020489785820245743, -0.009971588850021362]","[0.9995829463005066, -0.02887735143303871, -0.16780294477939606]","[0, 0, 0]","[0.9995829463005066, -0.02887735143303871, -0.16780294477939606]","[-0.00020712614059448242, -0.008387565612792969, -0.1578313559293747]",,,-0.008390147287687721,component_parse_failure,,component_parse_failure
11e227a19d0167f6bb5275dbe702bf00671cd6ae2ef77ce69d91114e5fe32d90,3.5__Pendulum-v1__next-state__H5,Pendulum-v1,next-state,5,12,16,data/llmx_data/offline_data/physics_data/raw_transitions/Pendulum-v1/episodes/episode_0.npz,733,experiments/03_1_gpt35_history_n30_joint/results/records.jsonl,experiments/03_1_gpt35_history_n30_joint/results/runs/3.5__Pendulum-v1__next-state__H5/episode_000/predictions.jsonl,899a5f158fc688ca01bd90b8926302985354ec198f75ac5f35352bafb0c410e2,True,1279,231,1510,2.170199416927062,2.1659001670777798,,,,False,not_applicable,,False,not_applicable,,False,not_applicable,"[0, 0, 1]",True,,"[0.9994, -0.0323, -0.2142]",True,,"[-0.0002, -0.0034, 0.0464]",True,,"[0.9995829463005066, -0.02887735143303871, -0.16780294477939606]","[0.9994127154350281, -0.03426744043827057, -0.1078556627035141]","[0, 0, 1]","[0.9994127154350281, -0.03426744043827057, -0.1078556627035141]","[-0.00017023086547851562, -0.005390089005231857, 0.05994728207588196]",,-0.0034267788032660285,-0.005392783000820245,,-0.0034046908138707366,
c08e7fd39f2474210afaaadc8f2e336c407f6f590b1f73c2941f1e6e15561230,3.5__Pendulum-v1__next-state__H5,Pendulum-v1,next-state,5,13,17,data/llmx_data/offline_data/physics_data/raw_transitions/Pendulum-v1/episodes/episode_0.npz,734,experiments/03_1_gpt35_history_n30_joint/results/records.jsonl,experiments/03_1_gpt35_history_n30_joint/results/runs/3.5__Pendulum-v1__next-state__H5/episode_000/predictions.jsonl,fae5e446ce41b4bf6d7f9b2e3ffd1f77af3fdeb22d7d6f906fcef2f52b3f74ce,False,1280,337,1617,2.70865991699975,2.7038873749552295,,,,False,not_applicable,,False,not_applicable,,False,not_applicable,"[2, 2, 1]",True,,"[0.9994, -0.0343, -0.1078]",True,,,False,non_literal_or_placeholder,"[0.9994127154350281, -0.03426744043827057, -0.1078556627035141]","[0.9991692304611206, -0.04075324162840843, -0.12980759143829346]","[0, 0, 0]","[0.9991692304611206, -0.04075324162840843, -0.12980759143829346]","[-0.0002434849739074707, -0.006485801190137863, -0.021951928734779358]",,-3.2976546577412336e-05,-0.006490381318029481,,,component_parse_failure
04fc5193ff16eb83209d2773c14d229bf272209a1ac0122000140062feb98a26,3.5__Pendulum-v1__next-state__H5,Pendulum-v1,next-state,5,14,18,data/llmx_data/offline_data/physics_data/raw_transitions/Pendulum-v1/episodes/episode_0.npz,735,experiments/03_1_gpt35_history_n30_joint/results/records.jsonl,experiments/03_1_gpt35_history_n30_joint/results/runs/3.5__Pendulum-v1__next-state__H5/episode_000/predictions.jsonl,8568bd3fc9a1f431ea78b139c9cb55208cfa9cbf11080cadbbb8e65a6936887c,True,1281,241,1522,2.0867276660865173,2.0820847919676453,,,,False,not_applicable,,False,not_applicable,,False,not_applicable,"[2, 0, 2]",True,,"[0.9992, -0.0413, -0.1298]",True,,"[0.0, -0.0005, 0.0]",True,,"[0.9991692304611206, -0.04075324162840843, -0.12980759143829346]","[0.9990554451942444, -0.043453626334667206, -0.054055679589509964]","[0, 0, 1]","[0.9990554451942444, -0.043453626334667206, -0.054055679589509964]","[-0.0001137852668762207, -0.002700384706258774, 0.07575191184878349]",,-0.000545021240688115,-0.002702781747732086,,-0.0004995744051199402,
259b7bbe4dbac4ca25a616e46c5c3649e610a5685b8c36c25d56d5daf24c889a,3.5__Pendulum-v1__next-state__H5,Pendulum-v1,next-state,5,15,19,data/llmx_data/offline_data/physics_data/raw_transitions/Pendulum-v1/episodes/episode_0.npz,736,experiments/03_1_gpt35_history_n30_joint/results/records.jsonl,experiments/03_1_gpt35_history_n30_joint/results/runs/3.5__Pendulum-v1__next-state__H5/episode_000/predictions.jsonl,df6511acc2e77b778eacbe09102e0fa7bffb36e0191d4036047079f04109ea23,False,1281,322,1603,2.777564167045057,2.7727798339910805,,,,False,not_applicable,,False,not_applicable,,False,not_applicable,"[0, 0, 0]",True,,,False,missing_marker,,False,missing_marker,"[0.9990554451942444, -0.043453626334667206, -0.054055679589509964]","[0.9990607500076294, -0.04333146661520004, 0.002445479156449437]","[2, 1, 1]","[0.9990607500076294, -0.04333146661520004, 0.002445479156449437]","[5.304813385009766e-06, 0.00012215971946716309, 0.0565011587459594]",,,0.00012227484669713462,component_parse_failure,,component_parse_failure
188260a70aa698a65dd498f73c43a5c984d630862e1a507285e0c0cc47d51197,3.5__Pendulum-v1__next-state__H5,Pendulum-v1,next-state,5,16,20,data/llmx_data/offline_data/physics_data/raw_transitions/Pendulum-v1/episodes/episode_0.npz,737,experiments/03_1_gpt35_history_n30_joint/results/records.jsonl,experiments/03_1_gpt35_history_n30_joint/results/runs/3.5__Pendulum-v1__next-state__H5/episode_000/predictions.jsonl,0a6eb6b5ae7c8a133df95427628a9b5d6479a0986fc8ccf4c870171194ed8d8c,True,1283,199,1482,1.8761449169833213,1.8716425000457093,,,,False,not_applicable,,False,not_applicable,,False,not_applicable,"[2, 2, 2]",True,,"[0.9991, -0.0433, 0.0024]",True,,"[0.0, 0.0, 0.0]",True,,"[0.9990607500076294, -0.04333146661520004, 0.002445479156449437]","[0.9990241527557373, -0.04416710510849953, -0.016728738322854042]","[2, 0, 0]","[0.9990241527557373, -0.04416710510849953, -0.016728738322854042]","[-3.6597251892089844e-05, -0.0008356384932994843, -0.01917421747930348]",,3.3136565756652914e-05,-0.000836439534512845,,0.0,
06a36bbc5d025da5d99530fab637c775308ff1334747eb0247aeb467fcc9344f,3.5__Pendulum-v1__next-state__H5,Pendulum-v1,next-state,5,17,21,data/llmx_data/offline_data/physics_data/raw_transitions/Pendulum-v1/episodes/episode_0.npz,738,experiments/03_1_gpt35_history_n30_joint/results/records.jsonl,experiments/03_1_gpt35_history_n30_joint/results/runs/3.5__Pendulum-v1__next-state__H5/episode_000/predictions.jsonl,276ced829de4c42d08671e8d1e6d1ec110ad7ae07e4e5c9cd0a7024296621501,True,1279,390,1669,3.8401464159833267,3.8350145840086043,,,,False,not_applicable,,False,not_applicable,,False,not_applicable,"[2, 0, 0]",True,,"[0.999, -0.0452, -0.0191]",True,,"[0.0, -0.0005, -0.0024]",True,,"[0.9990241527557373, -0.04416710510849953, -0.016728738322854042]","[0.9991245269775391, -0.04183581843972206, 0.046668872237205505]","[2, 1, 1]","[0.9991245269775391, -0.04183581843972206, 0.046668872237205505]","[0.00010037422180175781, 0.002331286668777466, 0.06339761056005955]",,-0.0010329311446266587,0.0023334469905793576,,-0.0004995010085919738,
5f4624fa3384b921eabbefbd6a96ec68475f2912045905f4c6016007dde9620f,3.5__Pendulum-v1__next-state__H5,Pendulum-v1,next-state,5,18,22,data/llmx_data/offline_data/physics_data/raw_transitions/Pendulum-v1/episodes/episode_0.npz,739,experiments/03_1_gpt35_history_n30_joint/results/records.jsonl,experiments/03_1_gpt35_history_n30_joint/results/runs/3.5__Pendulum-v1__next-state__H5/episode_000/predictions.jsonl,117489d2f259f0491ce1c16e64b57e7b0e31a0c7939b9786a6f0c7a2e8459b12,False,1288,271,1559,2.6559934159740806,2.6522948750061914,,,,False,not_applicable,,False,not_applicable,,False,not_applicable,,False,non_literal_or_placeholder,,False,non_literal_or_placeholder,,False,non_literal_or_placeholder,"[0.9991245269775391, -0.04183581843972206, 0.046668872237205505]","[0.9987881183624268, -0.04921717941761017, -0.14778077602386475]","[0, 0, 0]","[0.9987881183624268, -0.04921717941761017, -0.14778077602386475]","[-0.0003364086151123047, -0.007381360977888107, -0.19444964826107025]",,,-0.007389039621929605,component_parse_failure,,component_parse_failure
45532a66d42ad428ede5e9563936451b3644b6f4cf9b6f7a9325a148b1b13745,3.5__Pendulum-v1__next-state__H5,Pendulum-v1,next-state,5,19,23,data/llmx_data/offline_data/physics_data/raw_transitions/Pendulum-v1/episodes/episode_0.npz,740,experiments/03_1_gpt35_history_n30_joint/results/records.jsonl,experiments/03_1_gpt35_history_n30_joint/results/runs/3.5__Pendulum-v1__next-state__H5/episode_000/predictions.jsonl,df06070c2c3bb644d3eb60f1980aca5b1b448f6a508c13eabf8b6c49baf9ed47,True,1284,243,1527,2.1721223330823705,2.1677776250289753,,,,False,not_applicable,,False,not_applicable,,False,not_applicable,"[2, 2, 0]",True,,"[0.9988, -0.0492, -0.1544]",True,,"[0.0, 0.0, -0.0066]",True,,"[0.9987881183624268, -0.04921717941761017, -0.14778077602386475]","[0.9988572001457214, -0.04779377579689026, 0.02850165218114853]","[2, 1, 1]","[0.9988572001457214, -0.04779377579689026, 0.02850165218114853]","[6.908178329467773e-05, 0.0014234036207199097, 0.17628242820501328]",,1.774318267422359e-05,0.0014250791258496598,,0.0,
7ddebcbd0d0fdb8fc316f9c5654b3885b2e5cd6a7b902b460e68c03b538dc602,3.5__Pendulum-v1__next-state__H5,Pendulum-v1,next-state,5,20,24,data/llmx_data/offline_data/physics_data/raw_transitions/Pendulum-v1/episodes/episode_0.npz,741,experiments/03_1_gpt35_history_n30_joint/results/records.jsonl,experiments/03_1_gpt35_history_n30_joint/results/runs/3.5__Pendulum-v1__next-state__H5/episode_000/predictions.jsonl,e68b77a69af61d48204322c77a0ad29b2f48a685227aeb5642df390953e46e19,False,1287,304,1591,2.169357707956806,2.1651151669211686,,,,False,not_applicable,,False,not_applicable,,False,not_applicable,,False,non_literal_or_placeholder,"[0.9989, -0.0479, 0.031]",True,,"[0.0, -0.0001, 0.0025]",True,,"[0.9988572001457214, -0.04779377579689026, 0.02850165218114853]","[0.9989572763442993, -0.045654717832803726, 0.04282792657613754]","[2, 1, 1]","[0.9989572763442993, -0.045654717832803726, 0.04282792657613754]","[0.00010007619857788086, 0.0021390579640865326, 0.014326274394989014]",,-0.000104052271568289,0.002141398164361874,,-9.988524715875968e-05,
958cc53b2658214b946708bc584fdc627925fc42a75be174ff17b04a6510055e,3.5__Pendulum-v1__next-state__H5,Pendulum-v1,next-state,5,21,25,data/llmx_data/offline_data/physics_data/raw_transitions/Pendulum-v1/episodes/episode_0.npz,742,experiments/03_1_gpt35_history_n30_joint/results/records.jsonl,experiments/03_1_gpt35_history_n30_joint/results/runs/3.5__Pendulum-v1__next-state__H5/episode_000/predictions.jsonl,24eff3a256d4038c289803e925f0d1ebfaba6a9c4827913f098832b9a4b8218d,True,1287,217,1504,2.756035166908987,2.7521473340457305,,,,False,not_applicable,,False,not_applicable,,False,not_applicable,"[2, 2, 1]",True,,"[0.999, -0.0457, 0.0443]",True,,"[0.0, 0.0, 0.0015]",True,,"[0.9989572763442993, -0.045654717832803726, 0.04282792657613754]","[0.9988046288490295, -0.04888022318482399, -0.06458229571580887]","[0, 0, 0]","[0.9988046288490295, -0.04888022318482399, -0.06458229571580887]","[-0.0001526474952697754, -0.0032255053520202637, -0.10741022229194641]",,-4.3282477492745386e-05,-0.0032291168023403927,,0.0,
7ec2d6bf28cd83d1cc43a582d4e4d047dce52612ae71e7b17b38bd20ab6e39b2,3.5__Pendulum-v1__next-state__H5,Pendulum-v1,next-state,5,22,26,data/llmx_data/offline_data/physics_data/raw_transitions/Pendulum-v1/episodes/episode_0.npz,743,experiments/03_1_gpt35_history_n30_joint/results/records.jsonl,experiments/03_1_gpt35_history_n30_joint/results/runs/3.5__Pendulum-v1__next-state__H5/episode_000/predictions.jsonl,3291df66a648d8569ebd3daebac9824e366ac7d46edc18f03612afd0ccabb8f8,True,1287,353,1640,3.2933223749278113,3.2897916660876945,,,,False,not_applicable,,False,not_applicable,,False,not_applicable,"[2, 0, 0]",True,,"[0.9988, -0.0496, -0.0671]",True,,"[0.0, -0.0007, -0.0025]",True,,"[0.9988046288490295, -0.04888022318482399, -0.06458229571580887]","[0.9988046884536743, -0.048878829926252365, 2.7872676582774147e-05]","[2, 2, 1]","[0.9988046884536743, -0.048878829926252365, 2.7872676582774147e-05]","[5.960464477539063e-08, 1.3932585716247559e-06, 0.06461016839239164]",,-0.0007191206006842421,1.3945066625886682e-06,,-0.000699139230408985,
e7facb8848475a06cc3eda770dcbb301e5b74169f30d3589ff00253ecdfb7754,3.5__Pendulum-v1__next-state__H5,Pendulum-v1,next-state,5,23,27,data/llmx_data/offline_data/physics_data/raw_transitions/Pendulum-v1/episodes/episode_0.npz,744,experiments/03_1_gpt35_history_n30_joint/results/records.jsonl,experiments/03_1_gpt35_history_n30_joint/results/runs/3.5__Pendulum-v1__next-state__H5/episode_000/predictions.jsonl,1c459b1adeda7ec0922688603be00543d73d1386f594bb18a8511fb5ddefc928,True,1313,212,1525,2.115272124996409,2.1112367910100147,,,,False,not_applicable,,False,not_applicable,,False,not_applicable,"[2, 1, 2]",True,,"[0.9988, -0.0489, 0.0]",True,,"[0.0, 0.001, 0.0]",True,,"[0.9988046884536743, -0.048878829926252365, 2.7872676582774147e-05]","[0.9989945888519287, -0.04483073577284813, 0.08105093985795975]","[1, 1, 1]","[0.9989945888519287, -0.04483073577284813, 0.08105093985795975]","[0.00018990039825439453, 0.004048094153404236, 0.08102306718137697]",,-2.1374014175457035e-05,0.004052548765212993,,0.0009988532333049527,
ef4a68262ea65e2fe2ed65d91a010b7de0fdc7d3be95e8c47f9adeee174d978a,3.5__Pendulum-v1__next-state__H5,Pendulum-v1,next-state,5,24,28,data/llmx_data/offline_data/physics_data/raw_transitions/Pendulum-v1/episodes/episode_0.npz,745,experiments/03_1_gpt35_history_n30_joint/results/records.jsonl,experiments/03_1_gpt35_history_n30_joint/results/runs/3.5__Pendulum-v1__next-state__H5/episode_000/predictions.jsonl,0a92b0ee5df6110105b8038fecd1b8af81ed505bbf33c91e26158e1d7b221e84,True,1295,239,1534,1.8650756670394912,1.8615382499992847,,,,False,not_applicable,,False,not_applicable,,False,not_applicable,"[2, 0, 1]",True,,"[0.999, -0.0448, 0.0811]",True,,"[-0.0001, -0.0005, 0.0021]",True,,"[0.9989945888519287, -0.04483073577284813, 0.08105093985795975]","[0.9986070394515991, -0.05276350677013397, -0.15884503722190857]","[0, 0, 0]","[0.9986070394515991, -0.05276350677013397, -0.15884503722190857]","[-0.00038754940032958984, -0.007932770997285843, -0.23989597707986832]",,3.094733236208569e-05,-0.007942252962589436,,-0.0005040193871650445,
0323a708a8dc3b3d1d6f8519e70c69c386ffb39f009a7954718fc76e168baae6,3.5__Pendulum-v1__next-state__H5,Pendulum-v1,next-state,5,25,29,data/llmx_data/offline_data/physics_data/raw_transitions/Pendulum-v1/episodes/episode_0.npz,746,experiments/03_1_gpt35_history_n30_joint/results/records.jsonl,experiments/03_1_gpt35_history_n30_joint/results/runs/3.5__Pendulum-v1__next-state__H5/episode_000/predictions.jsonl,f6540b5b99b95fc7aee7216d39213a17e4d710f6e18d705b4fe8afa68cc3e6a1,True,1293,220,1513,1.7454824999440461,1.7420560419559479,,,,False,not_applicable,,False,not_applicable,,False,not_applicable,"[2, 0, 1]",True,,"[0.9986, -0.0528, -0.1509]",True,,"[0, -0.0009, 0.0079]",True,,"[0.9986070394515991, -0.05276350677013397, -0.15884503722190857]","[0.9988289475440979, -0.04838155210018158, 0.08775141835212708]","[1, 1, 1]","[0.9988289475440979, -0.04838155210018158, 0.08775141835212708]","[0.0002219080924987793, 0.004381954669952393, 0.24659645557403564]",,-3.6814010022201415e-05,0.004387573401346767,,-0.0008987034104834812,
23177ecfdb97628aa83a95cb1daf8835c8348850d36997f9549b36f89141cf70,3.5__Pendulum-v1__next-state__H5,Pendulum-v1,next-state,5,26,30,data/llmx_data/offline_data/physics_data/raw_transitions/Pendulum-v1/episodes/episode_0.npz,747,experiments/03_1_gpt35_history_n30_joint/results/records.jsonl,experiments/03_1_gpt35_history_n30_joint/results/runs/3.5__Pendulum-v1__next-state__H5/episode_000/predictions.jsonl,f1ca58c863b03980f32a852c1e1307c9ff138f823ed3233f69d95ae02455c65f,True,1297,339,1636,2.426674583926797,2.4226894580060616,,,,False,not_applicable,,False,not_applicable,,False,not_applicable,"[2, 1, 1]",True,,"[0.9988, -0.0483, 0.0879]",True,,"[0.0, 0.0001, 0.0001]",True,,"[0.9988289475440979, -0.04838155210018158, 0.08775141835212708]","[0.9986226558685303, -0.05246696621179581, -0.08181242644786835]","[0, 0, 0]","[0.9986226558685303, -0.05246696621179581, -0.08181242644786835]","[-0.00020629167556762695, -0.004085414111614227, -0.16956384479999542]",,8.005869849503355e-05,-0.0040906219307621505,,9.988337357480503e-05,
77cb073f2827f2b10dafff004c1073b4fb3012a2966a4fe42f44d3d8c2d18c1f,3.5__Pendulum-v1__next-state__H5,Pendulum-v1,next-state,5,27,31,data/llmx_data/offline_data/physics_data/raw_transitions/Pendulum-v1/episodes/episode_0.npz,748,experiments/03_1_gpt35_history_n30_joint/results/records.jsonl,experiments/03_1_gpt35_history_n30_joint/results/runs/3.5__Pendulum-v1__next-state__H5/episode_000/predictions.jsonl,bd249c19c0f31bf1806945e7608adb33c3782ea1351f2dc9a9f6fac68da73dd5,True,1295,277,1572,2.4752607920672745,2.4717311250278726,,,,False,not_applicable,,False,not_applicable,,False,not_applicable,"[2, 0, 0]",True,,"[0.9986, -0.0528, -0.0819]",True,,"[0.0, -0.0003, -0.0001]",True,,"[0.9986226558685303, -0.05246696621179581, -0.08181242644786835]","[0.9988710880279541, -0.0475035160779953, 0.09939341247081757]","[1, 1, 1]","[0.9988710880279541, -0.0475035160779953, 0.09939341247081757]","[0.0002484321594238281, 0.004963450133800507, 0.1812058389186859]",,-0.0003337654806063739,0.004969668628717283,,-0.0002995820749385203,
f7dbc185eb500e0fc1630c77e6c0739fd83e30ad1d344f66984e89abd4fb54d3,3.5__Pendulum-v1__next-state__H5,Pendulum-v1,next-state,5,28,32,data/llmx_data/offline_data/physics_data/raw_transitions/Pendulum-v1/episodes/episode_0.npz,749,experiments/03_1_gpt35_history_n30_joint/results/records.jsonl,experiments/03_1_gpt35_history_n30_joint/results/runs/3.5__Pendulum-v1__next-state__H5/episode_000/predictions.jsonl,53c567b4c82ac36672c26d15767176bb8dca44d5a22a32209b725e8ef913cee3,False,1290,351,1641,3.475971541949548,3.473325749975629,,,,False,not_applicable,,False,not_applicable,,False,not_applicable,,False,missing_marker,"[0.999, -0.0475, 0.0994]",True,,"[0.0001, -0.0001, -0.0001]",True,,"[0.9988710880279541, -0.0475035160779953, 0.09939341247081757]","[0.9986785650253296, -0.05139217525720596, -0.07786854356527328]","[0, 0, 0]","[0.9986785650253296, -0.05139217525720596, -0.07786854356527328]","[-0.00019252300262451172, -0.003888659179210663, -0.17726195603609085]",,9.634641247036058e-06,-0.0038934244520567596,,-9.512679979595262e-05,
31a8543eea7a58526b574827b7e643b2426bba5d6d3c9418184b85b14397d056,3.5__Pendulum-v1__next-state__H5,Pendulum-v1,next-state,5,29,33,data/llmx_data/offline_data/physics_data/raw_transitions/Pendulum-v1/episodes/episode_0.npz,750,experiments/03_1_gpt35_history_n30_joint/results/records.jsonl,experiments/03_1_gpt35_history_n30_joint/results/runs/3.5__Pendulum-v1__next-state__H5/episode_000/predictions.jsonl,7ed19ca6aa080fd57e6403ee1417d01f01decb2313c9f5caa67f84dbe0da8732,True,1286,230,1516,2.951626042020507,2.9477052909787744,,,,False,not_applicable,,False,not_applicable,,False,not_applicable,"[2, 0, 0]",True,,"[0.9987, -0.0516, -0.0809]",True,,"[0.0, -0.0002, -0.003]",True,,"[0.9986785650253296, -0.05139217525720596, -0.07786854356527328]","[0.9989628791809082, -0.04553241655230522, 0.11733325570821762]","[1, 1, 1]","[0.9989628791809082, -0.04553241655230522, 0.11733325570821762]","[0.0002843141555786133, 0.005859758704900742, 0.1952017992734909]",,-0.0002064418922675948,0.005866660394375778,,-0.00019973365102421425,
3d9b90fdfd94a9bc516bba100b282b1ffa5743cc7106f2678f8dfe894088c0b4,3.5__Pendulum-v1__next-state__H10,Pendulum-v1,next-state,10,0,9,data/llmx_data/offline_data/physics_data/raw_transitions/Pendulum-v1/episodes/episode_0.npz,751,experiments/03_1_gpt35_history_n30_joint/results/records.jsonl,experiments/03_1_gpt35_history_n30_joint/results/runs/3.5__Pendulum-v1__next-state__H10/episode_000/predictions.jsonl,d82bca62e014f41f2b75abab5c163bd4094e27648d73befb34a0dfa7eff3c4c8,False,1500,205,1705,2.878319540992379,2.8750337089877576,,,,False,not_applicable,,False,not_applicable,,False,not_applicable,"[0, 0, 1]",True,,"[0.9992, 0.0394, -0.7489]",True,,,False,non_literal_or_placeholder,"[0.9992225766181946, 0.03942330181598663, -0.7489486932754517]","[0.9998784065246582, 0.015594623051583767, -0.47676530480384827]","[1, 0, 1]","[0.9998784065246582, 0.015594623051583767, -0.47676530480384827]","[0.000655829906463623, -0.023828678764402866, 0.2721833884716034]",,-2.2394182559448694e-05,-0.023838266747059134,,,component_parse_failure
1021e52e4004f1ceeadd08d142e1f3b5495f08c26a2598b7d5ceb8fa4b9f860e,3.5__Pendulum-v1__next-state__H10,Pendulum-v1,next-state,10,1,10,data/llmx_data/offline_data/physics_data/raw_transitions/Pendulum-v1/episodes/episode_0.npz,752,experiments/03_1_gpt35_history_n30_joint/results/records.jsonl,experiments/03_1_gpt35_history_n30_joint/results/runs/3.5__Pendulum-v1__next-state__H10/episode_000/predictions.jsonl,0bc81806493a097b752bac0c1e925920d43d90a8c9f5f3d93520969269f3d07e,True,1503,217,1720,2.5806208750000224,2.5771566670155153,,,,False,not_applicable,,False,not_applicable,,False,not_applicable,"[2, 0, 2]",True,,"[0.9999, 0.0151, -0.4768]",True,,"[0.0, -0.0005, 0.0]",True,,"[0.9998784065246582, 0.015594623051583767, -0.47676530480384827]","[0.999982476234436, 0.005916144233196974, -0.19358153641223907]","[2, 0, 1]","[0.999982476234436, 0.005916144233196974, -0.19358153641223907]","[0.00010406970977783203, -0.009678478818386793, 0.2831837683916092]",,-0.0004948927325849617,-0.009679076163188416,,-0.000499943049772078,
c8f30ad758a85a4034d47cc9dd8aa1933f496b076f7159e114f5bbc138263c1d,3.5__Pendulum-v1__next-state__H10,Pendulum-v1,next-state,10,2,11,data/llmx_data/offline_data/physics_data/raw_transitions/Pendulum-v1/episodes/episode_0.npz,753,experiments/03_1_gpt35_history_n30_joint/results/records.jsonl,experiments/03_1_gpt35_history_n30_joint/results/runs/3.5__Pendulum-v1__next-state__H10/episode_000/predictions.jsonl,7d0d5051da09946c0ee9db885b64d7a7cbd54d31a54a219526c0f84a5d12610f,True,1505,332,1837,2.4994228329742327,2.4952236659592018,,,,False,not_applicable,,False,not_applicable,,False,not_applicable,"[1, 2, 0]",True,,"[1.0003, 0.0061, -0.1941]",True,,"[0.0003, 0.0002, -0.0005]",True,,"[0.999982476234436, 0.005916144233196974, -0.19358153641223907]","[0.9999824166297913, -0.005934370215982199, -0.23701167106628418]","[2, 0, 0]","[0.9999824166297913, -0.005934370215982199, -0.23701167106628418]","[-5.960464477539063e-08, -0.011850514449179173, -0.043430134654045105]",,0.00018191607546969024,-0.011850583781538138,,0.00019816197656696843,
28de1c505524107166c52be05e281d54f76a140e9d04e72acac286be1674ea32,3.5__Pendulum-v1__next-state__H10,Pendulum-v1,next-state,10,3,12,data/llmx_data/offline_data/physics_data/raw_transitions/Pendulum-v1/episodes/episode_0.npz,754,experiments/03_1_gpt35_history_n30_joint/results/records.jsonl,experiments/03_1_gpt35_history_n30_joint/results/runs/3.5__Pendulum-v1__next-state__H10/episode_000/predictions.jsonl,0ba9a66c9708a74062bf269efc400bba9b765489b53b87688d73603e4080f0c0,True,1501,237,1738,2.514745582942851,2.5102916249306872,,,,False,not_applicable,,False,not_applicable,,False,not_applicable,"[2, 1, 0]",True,,"[1.0007, -0.0075, -0.2736]",True,,"[0.0007, -0.0016, -0.0366]",True,,"[0.9999824166297913, -0.005934370215982199, -0.23701167106628418]","[0.9999724626541138, -0.007423984818160534, -0.02979295700788498]","[2, 0, 1]","[0.9999724626541138, -0.007423984818160534, -0.02979295700788498]","[-9.953975677490234e-06, -0.0014896146021783352, 0.2072187140583992]",,-0.0015602084482928547,-0.0014896479627681813,,-0.0015946849731069968,
6069ae1000132953e38c606cb5c01189f6a761154fbe8f0403c487706ccd403d,3.5__Pendulum-v1__next-state__H10,Pendulum-v1,next-state,10,4,13,data/llmx_data/offline_data/physics_data/raw_transitions/Pendulum-v1/episodes/episode_0.npz,755,experiments/03_1_gpt35_history_n30_joint/results/records.jsonl,experiments/03_1_gpt35_history_n30_joint/results/runs/3.5__Pendulum-v1__next-state__H10/episode_000/predictions.jsonl,29be6c1bce47699c19f0fa853f0cb07009fe363513d7c08e38dd822436d32660,False,1504,259,1763,2.4983671250520274,2.493643791996874,,,,False,not_applicable,,False,not_applicable,,False,not_applicable,"[2, 2, 1]",True,,"[1.0, -0.0074, -0.0298]",True,,,False,non_literal_or_placeholder,"[0.9999724626541138, -0.007423984818160534, -0.02979295700788498]","[0.9998001456260681, -0.019991308450698853, -0.25137174129486084]","[0, 0, 0]","[0.9998001456260681, -0.019991308450698853, -0.25137174129486084]","[-0.0001723170280456543, -0.012567323632538319, -0.22157878428697586]",,2.4187931762398307e-05,-0.01256858758836632,,,component_parse_failure
4375fc560bdad05c80d1551b1bdb10ef800b53bfde0f4ce77c0edd9e42bf2e76,3.5__Pendulum-v1__next-state__H10,Pendulum-v1,next-state,10,5,14,data/llmx_data/offline_data/physics_data/raw_transitions/Pendulum-v1/episodes/episode_0.npz,756,experiments/03_1_gpt35_history_n30_joint/results/records.jsonl,experiments/03_1_gpt35_history_n30_joint/results/runs/3.5__Pendulum-v1__next-state__H10/episode_000/predictions.jsonl,d33c27d3fab3a1c150327f9efb1026d27928a78d1d843ba0d83d8c0e952019aa,True,1507,264,1771,2.0549018329475075,2.0516987500013784,,,,False,not_applicable,,False,not_applicable,,False,not_applicable,"[2, 0, 0]",True,,"[0.9998, -0.02, -0.2514]",True,,"[0.0, -0.0002, -0.002]",True,,"[0.9998001456260681, -0.019991308450698853, -0.25137174129486084]","[0.9997900724411011, -0.020489785820245743, -0.009971588850021362]","[2, 0, 1]","[0.9997900724411011, -0.020489785820245743, -0.009971588850021362]","[-1.0073184967041016e-05, -0.0004984773695468903, 0.24140015244483948]",,-8.6927234099754e-06,-0.0004985791425005104,,-0.00019995923024884732,
122908d0a28a136099c81c7812050907aee9b653d5b90d0c222dcbefadf248d0,3.5__Pendulum-v1__next-state__H10,Pendulum-v1,next-state,10,6,15,data/llmx_data/offline_data/physics_data/raw_transitions/Pendulum-v1/episodes/episode_0.npz,757,experiments/03_1_gpt35_history_n30_joint/results/records.jsonl,experiments/03_1_gpt35_history_n30_joint/results/runs/3.5__Pendulum-v1__next-state__H10/episode_000/predictions.jsonl,fcb69a3cad83350ff40bc9d7840b0f985530e09b45c9aed793f8c02f40a94038,True,1509,209,1718,2.125309249968268,2.1212385420221835,,,,False,not_applicable,,False,not_applicable,,False,not_applicable,"[2, 2, 0]",True,,"[0.9998, -0.0205, -0.0113]",True,,"[0.0, 0.0, -0.0013]",True,,"[0.9997900724411011, -0.020489785820245743, -0.009971588850021362]","[0.9995829463005066, -0.02887735143303871, -0.16780294477939606]","[0, 0, 0]","[0.9995829463005066, -0.02887735143303871, -0.16780294477939606]","[-0.00020712614059448242, -0.008387565612792969, -0.1578313559293747]",,-1.0008520323623316e-05,-0.008390147287687721,,0.0,
1f5d7aa22f9999e5463e852b8384b26e5b57a57dbd6cd035d9dc235a292a61ff,3.5__Pendulum-v1__next-state__H10,Pendulum-v1,next-state,10,7,16,data/llmx_data/offline_data/physics_data/raw_transitions/Pendulum-v1/episodes/episode_0.npz,758,experiments/03_1_gpt35_history_n30_joint/results/records.jsonl,experiments/03_1_gpt35_history_n30_joint/results/runs/3.5__Pendulum-v1__next-state__H10/episode_000/predictions.jsonl,a1604ae741d0ec8ef4cd490c31ebce7cbf46082a331f899bf97da19a61b8c5da,True,1502,304,1806,2.186165874940343,2.181305459002033,,,,False,not_applicable,,False,not_applicable,,False,not_applicable,"[2, 0, 0]",True,,"[0.9996, -0.0294, -0.1683]",True,,"[0.0, -0.0005, -0.0005]",True,,"[0.9995829463005066, -0.02887735143303871, -0.16780294477939606]","[0.9994127154350281, -0.03426744043827057, -0.1078556627035141]","[0, 0, 1]","[0.9994127154350281, -0.03426744043827057, -0.1078556627035141]","[-0.00017023086547851562, -0.005390089005231857, 0.05994728207588196]",,-0.0005219213239167075,-0.005392783000820245,,-0.0004997842313274603,
b0e935c56053bbe4c020df1e59803705ab424a3bd488a14f2aac993662d2fbed,3.5__Pendulum-v1__next-state__H10,Pendulum-v1,next-state,10,8,17,data/llmx_data/offline_data/physics_data/raw_transitions/Pendulum-v1/episodes/episode_0.npz,759,experiments/03_1_gpt35_history_n30_joint/results/records.jsonl,experiments/03_1_gpt35_history_n30_joint/results/runs/3.5__Pendulum-v1__next-state__H10/episode_000/predictions.jsonl,d5636d70e7aea78a754eeb3bbc31128f8444a2346fd489d4f485f1eff162840a,False,1500,344,1844,3.0238635410787538,3.019670790992677,,,,False,not_applicable,,False,not_applicable,,False,not_applicable,"[1, 0, 2]",True,,"[1.0, -0.0349, -0.1079]",True,,,False,non_literal_or_placeholder,"[0.9994127154350281, -0.03426744043827057, -0.1078556627035141]","[0.9991692304611206, -0.04075324162840843, -0.12980759143829346]","[0, 0, 0]","[0.9991692304611206, -0.04075324162840843, -0.12980759143829346]","[-0.0002434849739074707, -0.006485801190137863, -0.021951928734779358]",,-0.0006116909489248812,-0.006490381318029481,,,component_parse_failure
3fcbcb412c0617dc3f76c988ae0656bf6848b225b4dc68cf763c2eafd1453781,3.5__Pendulum-v1__next-state__H10,Pendulum-v1,next-state,10,9,18,data/llmx_data/offline_data/physics_data/raw_transitions/Pendulum-v1/episodes/episode_0.npz,760,experiments/03_1_gpt35_history_n30_joint/results/records.jsonl,experiments/03_1_gpt35_history_n30_joint/results/runs/3.5__Pendulum-v1__next-state__H10/episode_000/predictions.jsonl,00c3016de2e4f3aefe6f7b0171978bb2ac29cdc64d4d906989fb1ca822ca93e7,True,1502,255,1757,3.2301361670251936,3.2268827500520274,,,,False,not_applicable,,False,not_applicable,,False,not_applicable,"[2, 0, 2]",True,,"[0.9992, -0.0413, -0.1298]",True,,"[0.0, -0.0005, 0.0]",True,,"[0.9991692304611206, -0.04075324162840843, -0.12980759143829346]","[0.9990554451942444, -0.043453626334667206, -0.054055679589509964]","[0, 0, 1]","[0.9990554451942444, -0.043453626334667206, -0.054055679589509964]","[-0.0001137852668762207, -0.002700384706258774, 0.07575191184878349]",,-0.000545021240688115,-0.002702781747732086,,-0.0004995744051199402,
c67aa77557c0d92b4468151dad81e69b343bb24f9030c1892c54c7f8b5739711,3.5__Pendulum-v1__next-state__H10,Pendulum-v1,next-state,10,10,19,data/llmx_data/offline_data/physics_data/raw_transitions/Pendulum-v1/episodes/episode_0.npz,761,experiments/03_1_gpt35_history_n30_joint/results/records.jsonl,experiments/03_1_gpt35_history_n30_joint/results/runs/3.5__Pendulum-v1__next-state__H10/episode_000/predictions.jsonl,592755265879fc0c360feba4dff117a36dc375652733a6500cf777ed27cdb4b7,True,1501,233,1734,1.8666657079011202,1.8622968749841675,,,,False,not_applicable,,False,not_applicable,,False,not_applicable,"[2, 0, 1]",True,,"[0.9991, -0.0441, -0.0515]",True,,"[0.0, -0.0006, 0.0026]",True,,"[0.9990554451942444, -0.043453626334667206, -0.054055679589509964]","[0.9990607500076294, -0.04333146661520004, 0.002445479156449437]","[2, 1, 1]","[0.9990607500076294, -0.04333146661520004, 0.002445479156449437]","[5.304813385009766e-06, 0.00012215971946716309, 0.0565011587459594]",,-0.000643780234571345,0.00012227484669713462,,-0.0005994175670758217,
c3bc6bfd1a8b92216ab8eda662b3105f5142374b0a6f6cc446728d691797d42e,3.5__Pendulum-v1__next-state__H10,Pendulum-v1,next-state,10,11,20,data/llmx_data/offline_data/physics_data/raw_transitions/Pendulum-v1/episodes/episode_0.npz,762,experiments/03_1_gpt35_history_n30_joint/results/records.jsonl,experiments/03_1_gpt35_history_n30_joint/results/runs/3.5__Pendulum-v1__next-state__H10/episode_000/predictions.jsonl,230da740ace91ef3de470d748471bf3fa48894bad543fff86d902c2e8a403d30,True,1503,232,1735,3.019349332898855,3.0154588751029223,,,,False,not_applicable,,False,not_applicable,,False,not_applicable,"[0, 0, 2]",True,,"[0.999, -0.0444, 0.0023]",True,,"[-0.0001, -0.0011, 0.0001]",True,,"[0.9990607500076294, -0.04333146661520004, 0.002445479156449437]","[0.9990241527557373, -0.04416710510849953, -0.016728738322854042]","[2, 0, 0]","[0.9990241527557373, -0.04416710510849953, -0.016728738322854042]","[-3.6597251892089844e-05, -0.0008356384932994843, -0.01917421747930348]",,-0.0010701771469374677,-0.000836439534512845,,-0.0011033571669236686,
76ab5a29fe4297bfad81a3c88a577a96791b99063d238c282d2b02508fd33d7e,3.5__Pendulum-v1__next-state__H10,Pendulum-v1,next-state,10,12,21,data/llmx_data/offline_data/physics_data/raw_transitions/Pendulum-v1/episodes/episode_0.npz,763,experiments/03_1_gpt35_history_n30_joint/results/records.jsonl,experiments/03_1_gpt35_history_n30_joint/results/runs/3.5__Pendulum-v1__next-state__H10/episode_000/predictions.jsonl,08a62f27dcdfb4cfffefa200bb2e4bf746600d7beb0cee7fe9412e787bae93d0,True,1497,333,1830,3.886449125013314,3.8834000829374418,,,,False,not_applicable,,False,not_applicable,,False,not_applicable,"[2, 1, 0]",True,,"[0.999, -0.0431, -0.0191]",True,,"[0.0, 0.0011, -0.0024]",True,,"[0.9990241527557373, -0.04416710510849953, -0.016728738322854042]","[0.9991245269775391, -0.04183581843972206, 0.046668872237205505]","[2, 1, 1]","[0.9991245269775391, -0.04183581843972206, 0.046668872237205505]","[0.00010037422180175781, 0.002331286668777466, 0.06339761056005955]",,0.0010650725237466574,0.0023334469905793576,,0.0010989795281699521,
5dbbb3a121efa0d7f80e006cc289d44950ebba563ca87b9b9110902bb8df90fd,3.5__Pendulum-v1__next-state__H10,Pendulum-v1,next-state,10,13,22,data/llmx_data/offline_data/physics_data/raw_transitions/Pendulum-v1/episodes/episode_0.npz,764,experiments/03_1_gpt35_history_n30_joint/results/records.jsonl,experiments/03_1_gpt35_history_n30_joint/results/runs/3.5__Pendulum-v1__next-state__H10/episode_000/predictions.jsonl,211a7cd3c10e32a70b6443a785ab9cf9d29b2935efef61702f5e25a4f653d637,True,1507,247,1754,2.720374958938919,2.716044000000693,,,,False,not_applicable,,False,not_applicable,,False,not_applicable,"[0, 0, 2]",True,,"[0.999, -0.0459, 0.0435]",True,,"[0.0009, -0.0041, -0.0032]",True,,"[0.9991245269775391, -0.04183581843972206, 0.046668872237205505]","[0.9987881183624268, -0.04921717941761017, -0.14778077602386475]","[0, 0, 0]","[0.9987881183624268, -0.04921717941761017, -0.14778077602386475]","[-0.0003364086151123047, -0.007381360977888107, -0.19444964826107025]",,-0.004065625102222192,-0.007389039621929605,,-0.004054394658839833,
3654f06396062a3def06e40b43298e50d6ecfd41761d730afdfde7cc09797dd4,3.5__Pendulum-v1__next-state__H10,Pendulum-v1,next-state,10,14,23,data/llmx_data/offline_data/physics_data/raw_transitions/Pendulum-v1/episodes/episode_0.npz,765,experiments/03_1_gpt35_history_n30_joint/results/records.jsonl,experiments/03_1_gpt35_history_n30_joint/results/runs/3.5__Pendulum-v1__next-state__H10/episode_000/predictions.jsonl,33f9a41d666996102807071d43ae5db3f8c4e19f06c4841704a379c3a6a68d86,True,1503,226,1729,1.9590390000957996,1.9552516670664772,,,,False,not_applicable,,False,not_applicable,,False,not_applicable,"[0, 0, 1]",True,,"[0.9987, -0.0495, -0.1412]",True,,"[-0.0001, -0.0003, 0.0066]",True,,"[0.9987881183624268, -0.04921717941761017, -0.14778077602386475]","[0.9988572001457214, -0.04779377579689026, 0.02850165218114853]","[2, 1, 1]","[0.9988572001457214, -0.04779377579689026, 0.02850165218114853]","[6.908178329467773e-05, 0.0014234036207199097, 0.17628242820501328]",,-0.0002868360085801491,0.0014250791258496598,,-0.0003045840572903913,
ed840687ea29182684cc945cde8062a886ebe06b7ebf8b0cd2887fa8ec130284,3.5__Pendulum-v1__next-state__H10,Pendulum-v1,next-state,10,15,24,data/llmx_data/offline_data/physics_data/raw_transitions/Pendulum-v1/episodes/episode_0.npz,766,experiments/03_1_gpt35_history_n30_joint/results/records.jsonl,experiments/03_1_gpt35_history_n30_joint/results/runs/3.5__Pendulum-v1__next-state__H10/episode_000/predictions.jsonl,edb3e6ca6d2942ac84c0375aca2e63aa64e0a9c68ca2dd1cb915adf7310b2eaa,True,1506,281,1787,2.6488736659521237,2.644905791967176,,,,False,not_applicable,,False,not_applicable,,False,not_applicable,"[2, 1, 0]",True,,"[0.9989, -0.0476, 0.026]",True,,"[0.0, 0.0002, -0.0025]",True,,"[0.9988572001457214, -0.04779377579689026, 0.02850165218114853]","[0.9989572763442993, -0.045654717832803726, 0.04282792657613754]","[2, 1, 1]","[0.9989572763442993, -0.045654717832803726, 0.04282792657613754]","[0.00010007619857788086, 0.0021390579640865326, 0.014326274394989014]",,0.00019559337325425474,0.002141398164361874,,0.00019977335668741603,
94f9f78c63e84e7073f0a9a2bf5c45b608f5be7111bf9268c8eb8f3546b539c8,3.5__Pendulum-v1__next-state__H10,Pendulum-v1,next-state,10,16,25,data/llmx_data/offline_data/physics_data/raw_transitions/Pendulum-v1/episodes/episode_0.npz,767,experiments/03_1_gpt35_history_n30_joint/results/records.jsonl,experiments/03_1_gpt35_history_n30_joint/results/runs/3.5__Pendulum-v1__next-state__H10/episode_000/predictions.jsonl,30a873ffa7f939633dddfd67973dd64b51c203f46951017c04e6eae414a41bdc,True,1506,227,1733,2.699673834023997,2.695403791964054,,,,False,not_applicable,,False,not_applicable,,False,not_applicable,"[2, 0, 2]",True,,"[0.999, -0.0462, 0.0403]",True,,"[0.0, -0.0005, -0.0025]",True,,"[0.9989572763442993, -0.045654717832803726, 0.04282792657613754]","[0.9988046288490295, -0.04888022318482399, -0.06458229571580887]","[0, 0, 0]","[0.9988046288490295, -0.04888022318482399, -0.06458229571580887]","[-0.0001526474952697754, -0.0032255053520202637, -0.10741022229194641]",,-0.0005427263284381034,-0.0032291168023403927,,-0.0004994671985061316,
9bb7251f9486c18edbf9efc3c0a413b1004181f85127c15277264f77402e0eb1,3.5__Pendulum-v1__next-state__H10,Pendulum-v1,next-state,10,17,26,data/llmx_data/offline_data/physics_data/raw_transitions/Pendulum-v1/episodes/episode_0.npz,768,experiments/03_1_gpt35_history_n30_joint/results/records.jsonl,experiments/03_1_gpt35_history_n30_joint/results/runs/3.5__Pendulum-v1__next-state__H10/episode_000/predictions.jsonl,0afbba9daf54dec84ba8fa6531480c81213381c019686e239b7fd1083eccb657,True,1506,204,1710,3.194157624966465,3.1896823750576004,,,,False,not_applicable,,False,not_applicable,,False,not_applicable,"[2, 0, 0]",True,,"[0.9988, -0.0489, -0.0676]",True,,"[0.0, -0.0003, -0.003]",True,,"[0.9988046288490295, -0.04888022318482399, -0.06458229571580887]","[0.9988046884536743, -0.048878829926252365, 2.7872676582774147e-05]","[2, 2, 1]","[0.9988046884536743, -0.048878829926252365, 2.7872676582774147e-05]","[5.960464477539063e-08, 1.3932585716247559e-06, 0.06461016839239164]",,-1.9979507512868366e-05,1.3945066625886682e-06,,-0.00029963699692814316,
1229897d1cee11bc293674547eea16760fe5abd04cd4ba7179a5f4a6d3a87ab3,3.5__Pendulum-v1__next-state__H10,Pendulum-v1,next-state,10,18,27,data/llmx_data/offline_data/physics_data/raw_transitions/Pendulum-v1/episodes/episode_0.npz,769,experiments/03_1_gpt35_history_n30_joint/results/records.jsonl,experiments/03_1_gpt35_history_n30_joint/results/runs/3.5__Pendulum-v1__next-state__H10/episode_000/predictions.jsonl,1bb30e4b58f02a2461cde25ea1ba73c3fb67d0de62edbbf10d659dfd223496c5,True,1535,230,1765,1.7621579580008984,1.7585655408911407,,,,False,not_applicable,,False,not_applicable,,False,not_applicable,"[0, 0, 2]",True,,"[0.9987, -0.0557, 0.0001]",True,,"[-0.0003, -0.0069, 0.0001]",True,,"[0.9988046884536743, -0.048878829926252365, 2.7872676582774147e-05]","[0.9989945888519287, -0.04483073577284813, 0.08105093985795975]","[1, 1, 1]","[0.9989945888519287, -0.04483073577284813, 0.08105093985795975]","[0.00018990039825439453, 0.004048094153404236, 0.08102306718137697]",,-0.006816468537835352,0.004052548765212993,,-0.006906046754122208,
e134474cb07f15a8bbe4ea5ef48b0168275364e5a3134163bdb3a0f72dd14b19,3.5__Pendulum-v1__next-state__H10,Pendulum-v1,next-state,10,19,28,data/llmx_data/offline_data/physics_data/raw_transitions/Pendulum-v1/episodes/episode_0.npz,770,experiments/03_1_gpt35_history_n30_joint/results/records.jsonl,experiments/03_1_gpt35_history_n30_joint/results/runs/3.5__Pendulum-v1__next-state__H10/episode_000/predictions.jsonl,66aec846e6cbd94ba43dd95d8fb86802dce12db7f84f42b25ac44e0c367f9291,False,1517,254,1771,2.2759774170117453,2.272190250107087,,,,False,not_applicable,,False,not_applicable,,False,not_applicable,,False,missing_marker,"[0.999, -0.0443, 0.0766]",True,,"[0.0, 0.0005, -0.0045]",True,,"[0.9989945888519287, -0.04483073577284813, 0.08105093985795975]","[0.9986070394515991, -0.05276350677013397, -0.15884503722190857]","[0, 0, 0]","[0.9986070394515991, -0.05276350677013397, -0.15884503722190857]","[-0.00038754940032958984, -0.007932770997285843, -0.23989597707986832]",,0.0005304544637416697,-0.007942252962589436,,0.0004995084578278686,
309ada30fa882980029d6f96655be21f0f1edd904daf13c41d8c9c026e233d18,3.5__Pendulum-v1__next-state__H10,Pendulum-v1,next-state,10,20,29,data/llmx_data/offline_data/physics_data/raw_transitions/Pendulum-v1/episodes/episode_0.npz,771,experiments/03_1_gpt35_history_n30_joint/results/records.jsonl,experiments/03_1_gpt35_history_n30_joint/results/runs/3.5__Pendulum-v1__next-state__H10/episode_000/predictions.jsonl,e4c5f0374eda7b9ad0e331861cf0bf2a3db0ed0b8ee83ead0fb158435195a0fa,True,1516,363,1879,2.546713042072952,2.5443160419818014,,,,False,not_applicable,,False,not_applicable,,False,not_applicable,"[2, 1, 1]",True,,"[0.9986, -0.0528, -0.1588]",True,,"[0, 0, 0]",True,,"[0.9986070394515991, -0.05276350677013397, -0.15884503722190857]","[0.9988289475440979, -0.04838155210018158, 0.08775141835212708]","[1, 1, 1]","[0.9988289475440979, -0.04838155210018158, 0.08775141835212708]","[0.0002219080924987793, 0.004381954669952393, 0.24659645557403564]",,-3.6814010022201415e-05,0.004387573401346767,,0.0,
962caf60cc93ffa398ffe3c10e7687d4258e699f236952a2446b3fb61f0025ca,3.5__Pendulum-v1__next-state__H10,Pendulum-v1,next-state,10,21,30,data/llmx_data/offline_data/physics_data/raw_transitions/Pendulum-v1/episodes/episode_0.npz,772,experiments/03_1_gpt35_history_n30_joint/results/records.jsonl,experiments/03_1_gpt35_history_n30_joint/results/runs/3.5__Pendulum-v1__next-state__H10/episode_000/predictions.jsonl,c2df30bcc9ada225ef259655e4d37960f78795346c31403b596409b5e747afa2,True,1520,209,1729,2.011397209018469,2.0073798339581117,,,,False,not_applicable,,False,not_applicable,,False,not_applicable,"[2, 2, 1]",True,,"[0.9988, -0.0484, 0.0879]",True,,"[0.0, 0.0, 0.0001]",True,,"[0.9988289475440979, -0.04838155210018158, 0.08775141835212708]","[0.9986226558685303, -0.05246696621179581, -0.08181242644786835]","[0, 0, 0]","[0.9986226558685303, -0.05246696621179581, -0.08181242644786835]","[-0.00020629167556762695, -0.004085414111614227, -0.16956384479999542]",,-1.9827378241910054e-05,-0.0040906219307621505,,0.0,
f6048f391e7fc76208fcd8da9a080313ebab62a359635d5741bd7d176e3e4798,3.5__Pendulum-v1__next-state__H10,Pendulum-v1,next-state,10,22,31,data/llmx_data/offline_data/physics_data/raw_transitions/Pendulum-v1/episodes/episode_0.npz,773,experiments/03_1_gpt35_history_n30_joint/results/records.jsonl,experiments/03_1_gpt35_history_n30_joint/results/runs/3.5__Pendulum-v1__next-state__H10/episode_000/predictions.jsonl,56aff37f1aef140e47ca3ce87b00dca67bfbe327e6278853d737dc5857fa29e0,True,1519,196,1715,2.0735811670310795,2.0693189169978723,,,,False,not_applicable,,False,not_applicable,,False,not_applicable,"[2, 0, 1]",True,,"[0.9986, -0.0525, -0.0818]",True,,"[0.0, -0.0003, 0.0001]",True,,"[0.9986226558685303, -0.05246696621179581, -0.08181242644786835]","[0.9988710880279541, -0.0475035160779953, 0.09939341247081757]","[1, 1, 1]","[0.9988710880279541, -0.0475035160779953, 0.09939341247081757]","[0.0002484321594238281, 0.004963450133800507, 0.1812058389186859]",,-3.417768830304979e-05,0.004969668628717283,,-0.0002995820749385203,
aefe0f17bff667664fdb04960de4a4f9a58ba78a7de3b89807cbbbe10c532db4,3.5__Pendulum-v1__next-state__H10,Pendulum-v1,next-state,10,23,32,data/llmx_data/offline_data/physics_data/raw_transitions/Pendulum-v1/episodes/episode_0.npz,774,experiments/03_1_gpt35_history_n30_joint/results/records.jsonl,experiments/03_1_gpt35_history_n30_joint/results/runs/3.5__Pendulum-v1__next-state__H10/episode_000/predictions.jsonl,c297632cbe6a88b237286d6cb874d4fc20729f560d076733f3787886bb0e7a0b,True,1521,212,1733,1.9837554590776563,1.979446499957703,,,,False,not_applicable,,False,not_applicable,,False,not_applicable,"[2, 1, 2]",True,,"[0.9989, -0.0475, 0.0994]",True,,"[0.0, 0.0, -0.0001]",True,,"[0.9988710880279541, -0.0475035160779953, 0.09939341247081757]","[0.9986785650253296, -0.05139217525720596, -0.07786854356527328]","[0, 0, 0]","[0.9986785650253296, -0.05139217525720596, -0.07786854356527328]","[-0.00019252300262451172, -0.003888659179210663, -0.17726195603609085]",,4.885388542152924e-06,-0.0038934244520567596,,0.0,
6a44dc699d18b60e6f93a04754b3b56a2e72164c7a372e24180bf0a8c1770662,3.5__Pendulum-v1__next-state__H10,Pendulum-v1,next-state,10,24,33,data/llmx_data/offline_data/physics_data/raw_transitions/Pendulum-v1/episodes/episode_0.npz,775,experiments/03_1_gpt35_history_n30_joint/results/records.jsonl,experiments/03_1_gpt35_history_n30_joint/results/runs/3.5__Pendulum-v1__next-state__H10/episode_000/predictions.jsonl,65aec77fcb7484afaa5524574b11d069f8a0589a6ea6a319d6be054eb05fed5b,False,1518,318,1836,3.7893516670446843,3.7852784580318257,,,,False,not_applicable,,False,not_applicable,,False,not_applicable,"[0, 1, 1]",True,,,False,non_literal_or_placeholder,,False,non_literal_or_placeholder,"[0.9986785650253296, -0.05139217525720596, -0.07786854356527328]","[0.9989628791809082, -0.04553241655230522, 0.11733325570821762]","[1, 1, 1]","[0.9989628791809082, -0.04553241655230522, 0.11733325570821762]","[0.0002843141555786133, 0.005859758704900742, 0.1952017992734909]",,,0.005866660394375778,component_parse_failure,,component_parse_failure
61abd52394ce21a5e21c94dca7c77e9bd3590298112e11ba389b103152561069,3.5__Pendulum-v1__next-state__H10,Pendulum-v1,next-state,10,25,34,data/llmx_data/offline_data/physics_data/raw_transitions/Pendulum-v1/episodes/episode_0.npz,776,experiments/03_1_gpt35_history_n30_joint/results/records.jsonl,experiments/03_1_gpt35_history_n30_joint/results/runs/3.5__Pendulum-v1__next-state__H10/episode_000/predictions.jsonl,06d9512080d5d61d55902da124a69fbf7d8c40e08c65cac3c5703b4bb64e04fe,False,1518,277,1795,2.976357250008732,2.9739017080282792,,,,False,not_applicable,,False,not_applicable,,False,not_applicable,"[0, 0, 2]",True,,,False,missing_marker,,False,missing_marker,"[0.9989628791809082, -0.04553241655230522, 0.11733325570821762]","[0.9991986751556396, -0.04002482816576958, 0.11025278270244598]","[1, 1, 0]","[0.9991986751556396, -0.04002482816576958, 0.11025278270244598]","[0.0002357959747314453, 0.0055075883865356445, -0.007080473005771637]",,,0.005512640594000473,component_parse_failure,,component_parse_failure
c4b05a42b1af2065bf42820c011550ac6198157da072de9399fbfcace2285a9d,3.5__Pendulum-v1__next-state__H10,Pendulum-v1,next-state,10,26,35,data/llmx_data/offline_data/physics_data/raw_transitions/Pendulum-v1/episodes/episode_0.npz,777,experiments/03_1_gpt35_history_n30_joint/results/records.jsonl,experiments/03_1_gpt35_history_n30_joint/results/runs/3.5__Pendulum-v1__next-state__H10/episode_000/predictions.jsonl,ab8d9a9b2cb81ed1be1c6b50a98ff745a1506cb855f280ee7f4feb2f427930e8,True,1521,299,1820,3.094613082939759,3.0906763329403475,,,,False,not_applicable,,False,not_applicable,,False,not_applicable,"[0, 1, 0]",True,,"[0.9991, -0.0395, 0.1053]",True,,"[-0.0001, 0.0005, -0.005]",True,,"[0.9991986751556396, -0.04002482816576958, 0.11025278270244598]","[0.9988864064216614, -0.047179434448480606, -0.14322860538959503]","[0, 0, 0]","[0.9988864064216614, -0.047179434448480606, -0.14322860538959503]","[-0.0003122687339782715, -0.007154606282711029, -0.253481388092041]",,0.0005205203709448547,-0.0071614330809932625,,0.0004956562696221134,
2177caa259eb516735afada38e523fd903201164f528f38d4e480c87d0118b8e,3.5__Pendulum-v1__next-state__H10,Pendulum-v1,next-state,10,27,36,data/llmx_data/offline_data/physics_data/raw_transitions/Pendulum-v1/episodes/episode_0.npz,778,experiments/03_1_gpt35_history_n30_joint/results/records.jsonl,experiments/03_1_gpt35_history_n30_joint/results/runs/3.5__Pendulum-v1__next-state__H10/episode_000/predictions.jsonl,d56baf40967dd470ebca542b2c0c9cccab8567eb7e94ab141eef31784848ef59,True,1517,317,1834,2.7846780420513824,2.780161749920808,,,,False,not_applicable,,False,not_applicable,,False,not_applicable,"[0, 1, 0]",True,,"[0.9987, -0.0465, -0.1506]",True,,"[-0.0002, 0.0007, -0.0074]",True,,"[0.9988864064216614, -0.047179434448480606, -0.14322860538959503]","[0.9990707039833069, -0.04310135543346405, 0.08164482563734055]","[1, 1, 1]","[0.9990707039833069, -0.04310135543346405, 0.08164482563734055]","[0.0001842975616455078, 0.004078079015016556, 0.22487343102693558]",,0.0006700294537518303,0.004082244186681017,,0.0006899451425126379,
a6cb7795881718864daa4793bb4ceac19b0e99dcf245658323e824a71e34ef3a,3.5__Pendulum-v1__next-state__H10,Pendulum-v1,next-state,10,28,37,data/llmx_data/offline_data/physics_data/raw_transitions/Pendulum-v1/episodes/episode_0.npz,779,experiments/03_1_gpt35_history_n30_joint/results/records.jsonl,experiments/03_1_gpt35_history_n30_joint/results/runs/3.5__Pendulum-v1__next-state__H10/episode_000/predictions.jsonl,01da55136a381acdc757777b38cebb6bc7e2b9e6ca090aa86fe2d0988aff8030,True,1513,306,1819,2.145805791951716,2.1428628750145435,,,,False,not_applicable,,False,not_applicable,,False,not_applicable,"[0, 0, 2]",True,,"[0.9989, -0.0465, 0.0816]",True,,"[-0.0002, -0.0034, 0.0]",True,,"[0.9990707039833069, -0.04310135543346405, 0.08164482563734055]","[0.9984627366065979, -0.055427249521017075, -0.24681909382343292]","[0, 0, 0]","[0.9984627366065979, -0.055427249521017075, -0.24681909382343292]","[-0.0006079673767089844, -0.012325894087553024, -0.32846391946077347]",,-0.003402912534633984,-0.012340957060716917,,-0.0034056289204746903,
d70535bdad883ef40677a9e63f95e12c6fb0ff27a513ee7f3fe4c5eb58b4af1c,3.5__Pendulum-v1__next-state__H10,Pendulum-v1,next-state,10,29,38,data/llmx_data/offline_data/physics_data/raw_transitions/Pendulum-v1/episodes/episode_0.npz,780,experiments/03_1_gpt35_history_n30_joint/results/records.jsonl,experiments/03_1_gpt35_history_n30_joint/results/runs/3.5__Pendulum-v1__next-state__H10/episode_000/predictions.jsonl,9280111a8cf5a6eb9898d41c84bf0cf7a840c2402ae1e99721bfa5201ec7d72c,True,1505,231,1736,2.7310685829725116,2.727643624995835,,,,False,not_applicable,,False,not_applicable,,False,not_applicable,"[2, 2, 2]",True,,"[0.9985, -0.0554, -0.2468]",True,,"[0.0, 0.0, 0.0]",True,,"[0.9984627366065979, -0.055427249521017075, -0.24681909382343292]","[0.9984947443008423, -0.054847609251737595, 0.011610466055572033]","[2, 1, 1]","[0.9984947443008423, -0.054847609251737595, 0.011610466055572033]","[3.2007694244384766e-05, 0.00057964026927948, 0.25842955987900496]",,2.92719933567831e-05,0.0005805233315707703,,0.0,
b849f3d535ac1972f74f395eef11d4682836664f61a3cedbb459ae79160c1d3c,3.5__Pendulum-v1__next-state__H20,Pendulum-v1,next-state,20,0,19,data/llmx_data/offline_data/physics_data/raw_transitions/Pendulum-v1/episodes/episode_0.npz,781,experiments/03_1_gpt35_history_n30_joint/results/records.jsonl,experiments/03_1_gpt35_history_n30_joint/results/runs/3.5__Pendulum-v1__next-state__H20/episode_000/predictions.jsonl,9d9f818699f22ed7c3277e24ee2be78e3f084220d03417f09cfce4672bbbf20f,False,1937,222,2159,2.0274299170123413,2.0244799579959363,,,,False,not_applicable,,False,not_applicable,,False,not_applicable,"[0, 1, 0]",True,,"[0.9991, -0.0435, -0.0541]",True,,,False,non_literal_or_placeholder,"[0.9990554451942444, -0.043453626334667206, -0.054055679589509964]","[0.9990607500076294, -0.04333146661520004, 0.002445479156449437]","[2, 1, 1]","[0.9990607500076294, -0.04333146661520004, 0.002445479156449437]","[5.304813385009766e-06, 0.00012215971946716309, 0.0565011587459594]",,-4.4391729494108745e-05,0.00012227484669713462,,,component_parse_failure
ee93f7ef7b84439776a28e26cacfe31772d240d52b8858275208b58480f79465,3.5__Pendulum-v1__next-state__H20,Pendulum-v1,next-state,20,1,20,data/llmx_data/offline_data/physics_data/raw_transitions/Pendulum-v1/episodes/episode_0.npz,782,experiments/03_1_gpt35_history_n30_joint/results/records.jsonl,experiments/03_1_gpt35_history_n30_joint/results/runs/3.5__Pendulum-v1__next-state__H20/episode_000/predictions.jsonl,ec463340530c19c36b6f4329ce7575e21b344711a36277330110eecfa459f062,True,1942,190,2132,2.4154957499122247,2.412225165986456,,,,False,not_applicable,,False,not_applicable,,False,not_applicable,"[2, 0, 0]",True,,"[0.9991, -0.0433, 0.0024]",True,,"[0.0, -0.0002, -0.0024]",True,,"[0.9990607500076294, -0.04333146661520004, 0.002445479156449437]","[0.9990241527557373, -0.04416710510849953, -0.016728738322854042]","[2, 0, 0]","[0.9990241527557373, -0.04416710510849953, -0.016728738322854042]","[-3.6597251892089844e-05, -0.0008356384932994843, -0.01917421747930348]",,3.3136565756652914e-05,-0.000836439534512845,,-0.00019981041608563288,
e56d92f0b882d93e38d03053e6bf243b139b9087ad473be0483cf6cc1809c982,3.5__Pendulum-v1__next-state__H20,Pendulum-v1,next-state,20,2,21,data/llmx_data/offline_data/physics_data/raw_transitions/Pendulum-v1/episodes/episode_0.npz,783,experiments/03_1_gpt35_history_n30_joint/results/records.jsonl,experiments/03_1_gpt35_history_n30_joint/results/runs/3.5__Pendulum-v1__next-state__H20/episode_000/predictions.jsonl,ce28526f703f64c59a6e93d6876347ae0740a4ba1a46939f36acaa3ff5358b1e,True,1939,252,2191,2.0805265409871936,2.0756699159974232,,,,False,not_applicable,,False,not_applicable,,False,not_applicable,"[0, 0, 0]",True,,"[0.9989, -0.045, -0.0191]",True,,"[-0.0001, -0.0008, -0.0024]",True,,"[0.9990241527557373, -0.04416710510849953, -0.016728738322854042]","[0.9991245269775391, -0.04183581843972206, 0.046668872237205505]","[2, 1, 1]","[0.9991245269775391, -0.04183581843972206, 0.046668872237205505]","[0.00010037422180175781, 0.002331286668777466, 0.06339761056005955]",,-0.0008376384726149766,0.0023334469905793576,,-0.0008036877600505754,
dadb1f30812026a61191b27fafc8153d5314b86860e5ae709e8172613f65d718,3.5__Pendulum-v1__next-state__H20,Pendulum-v1,next-state,20,3,22,data/llmx_data/offline_data/physics_data/raw_transitions/Pendulum-v1/episodes/episode_0.npz,784,experiments/03_1_gpt35_history_n30_joint/results/records.jsonl,experiments/03_1_gpt35_history_n30_joint/results/runs/3.5__Pendulum-v1__next-state__H20/episode_000/predictions.jsonl,f18762d88c98008e663809c883b1b5f82ad6f4ab3497bcbf7ec67c833d3ba9c6,True,1949,197,2146,2.274832791998051,2.2713297919835895,,,,False,not_applicable,,False,not_applicable,,False,not_applicable,"[2, 0, 0]",True,,"[0.9991, -0.0418, 0.0467]",True,,"[0.0, -0.0017, -0.0467]",True,,"[0.9991245269775391, -0.04183581843972206, 0.046668872237205505]","[0.9987881183624268, -0.04921717941761017, -0.14778077602386475]","[0, 0, 0]","[0.9987881183624268, -0.04921717941761017, -0.14778077602386475]","[-0.0003364086151123047, -0.007381360977888107, -0.19444964826107025]",,3.4761877448552525e-05,-0.007389039621929605,,-0.0016983891764748016,
54417f69ad559761013850cdeb0f4a04ce3cba1ccacf49dcd3c5fafe53affb35,3.5__Pendulum-v1__next-state__H20,Pendulum-v1,next-state,20,4,23,data/llmx_data/offline_data/physics_data/raw_transitions/Pendulum-v1/episodes/episode_0.npz,785,experiments/03_1_gpt35_history_n30_joint/results/records.jsonl,experiments/03_1_gpt35_history_n30_joint/results/runs/3.5__Pendulum-v1__next-state__H20/episode_000/predictions.jsonl,dfc5f3d7cc3e152cc95fd00666de2f6c54e08c63f0c73a611259118cce7b7184,True,1945,298,2243,2.1978043749695644,2.1941944579593837,,,,False,not_applicable,,False,not_applicable,,False,not_applicable,"[0, 1, 1]",True,,"[0.9986, -0.0447, -0.1548]",True,,"[-0.0002, 0.0045, -0.007]",True,,"[0.9987881183624268, -0.04921717941761017, -0.14778077602386475]","[0.9988572001457214, -0.04779377579689026, 0.02850165218114853]","[2, 1, 1]","[0.9988572001457214, -0.04779377579689026, 0.02850165218114853]","[6.908178329467773e-05, 0.0014234036207199097, 0.17628242820501328]",,0.0045042635721479485,0.0014250791258496598,,0.0044865627403165576,
79b9c4705e31f96e0c875639928b7472fcc4a6be83036a1120275ca49fde37ed,3.5__Pendulum-v1__next-state__H20,Pendulum-v1,next-state,20,5,24,data/llmx_data/offline_data/physics_data/raw_transitions/Pendulum-v1/episodes/episode_0.npz,786,experiments/03_1_gpt35_history_n30_joint/results/records.jsonl,experiments/03_1_gpt35_history_n30_joint/results/runs/3.5__Pendulum-v1__next-state__H20/episode_000/predictions.jsonl,a68035802d56a7d44ba639c106b395235b336a85dc71dff76cc24861478f1725,True,1951,244,2195,1.7492721669841558,1.7452150840545073,,,,False,not_applicable,,False,not_applicable,,False,not_applicable,"[2, 0, 1]",True,,"[0.9989, -0.0478, 0.0319]",True,,"[0.0, -0.002, 0.0034]",True,,"[0.9988572001457214, -0.04779377579689026, 0.02850165218114853]","[0.9989572763442993, -0.045654717832803726, 0.04282792657613754]","[2, 1, 1]","[0.9989572763442993, -0.045654717832803726, 0.04282792657613754]","[0.00010007619857788086, 0.0021390579640865326, 0.014326274394989014]",,-4.1713440852575445e-06,0.002141398164361874,,-0.001997520902441874,
576cdd8f1bf986efe9e103e22bab5ee7a7b2fcc27d92bef0f64232ee1e27e364,3.5__Pendulum-v1__next-state__H20,Pendulum-v1,next-state,20,6,25,data/llmx_data/offline_data/physics_data/raw_transitions/Pendulum-v1/episodes/episode_0.npz,787,experiments/03_1_gpt35_history_n30_joint/results/records.jsonl,experiments/03_1_gpt35_history_n30_joint/results/runs/3.5__Pendulum-v1__next-state__H20/episode_000/predictions.jsonl,e92e6b4a215a2f7ed645ce2688e73f9ce29c68102e7da17d38ff33cd0dcaabd7,True,1950,179,2129,1.8372675830032676,1.8324698749929667,,,,False,not_applicable,,False,not_applicable,,False,not_applicable,"[2, 0, 1]",True,,"[0.999, -0.0462, 0.0453]",True,,"[0.0, -0.0005, 0.0025]",True,,"[0.9989572763442993, -0.045654717832803726, 0.04282792657613754]","[0.9988046288490295, -0.04888022318482399, -0.06458229571580887]","[0, 0, 0]","[0.9988046288490295, -0.04888022318482399, -0.06458229571580887]","[-0.0001526474952697754, -0.0032255053520202637, -0.10741022229194641]",,-0.0005427263284381034,-0.0032291168023403927,,-0.0004994671985061316,
0712ca3566cb636a42cd7bd3486a7e4f6a1c74a7f5cd7b91954a88ad69667ee0,3.5__Pendulum-v1__next-state__H20,Pendulum-v1,next-state,20,7,26,data/llmx_data/offline_data/physics_data/raw_transitions/Pendulum-v1/episodes/episode_0.npz,788,experiments/03_1_gpt35_history_n30_joint/results/records.jsonl,experiments/03_1_gpt35_history_n30_joint/results/runs/3.5__Pendulum-v1__next-state__H20/episode_000/predictions.jsonl,6ead369ec35abfceb75b60fecf1ae3f863692d892d28c190cc686ff1fbc5fc26,True,1947,213,2160,1.9414524589665234,1.9390543750487268,,,,False,not_applicable,,False,not_applicable,,False,not_applicable,"[2, 1, 0]",True,,"[0.9988, -0.0489, -0.0671]",True,,"[0.0, 0.0, -0.0025]",True,,"[0.9988046288490295, -0.04888022318482399, -0.06458229571580887]","[0.9988046884536743, -0.048878829926252365, 2.7872676582774147e-05]","[2, 2, 1]","[0.9988046884536743, -0.048878829926252365, 2.7872676582774147e-05]","[5.960464477539063e-08, 1.3932585716247559e-06, 0.06461016839239164]",,-1.9979507512868366e-05,1.3945066625886682e-06,,0.0,
5f97fa4c58813db8e628884b51e2909b7d008fcb3c3d92487dd93c5273e7b9c5,3.5__Pendulum-v1__next-state__H20,Pendulum-v1,next-state,20,8,27,data/llmx_data/offline_data/physics_data/raw_transitions/Pendulum-v1/episodes/episode_0.npz,789,experiments/03_1_gpt35_history_n30_joint/results/records.jsonl,experiments/03_1_gpt35_history_n30_joint/results/runs/3.5__Pendulum-v1__next-state__H20/episode_000/predictions.jsonl,31fedcdc8f9d17a49cff22efd4283e0a886814d02db9049cd090339bce72ad59,True,1974,215,2189,2.631992958020419,2.628209749935195,,,,False,not_applicable,,False,not_applicable,,False,not_applicable,"[0, 0, 2]",True,,"[0.9987, -0.0497, 3.1873e-05]",True,,"[-0.00013, -8e-05, 4.545e-06]",True,,"[0.9988046884536743, -0.048878829926252365, 2.7872676582774147e-05]","[0.9989945888519287, -0.04483073577284813, 0.08105093985795975]","[1, 1, 1]","[0.9989945888519287, -0.04483073577284813, 0.08105093985795975]","[0.00018990039825439453, 0.004048094153404236, 0.08102306718137697]",,-0.0008253586003479363,0.004052548765212993,,-8.62694917262985e-05,
7b3ef50fe36e1294ecae2b9086a961a9eee1c5fc74111488ab6d53e7052fa9b1,3.5__Pendulum-v1__next-state__H20,Pendulum-v1,next-state,20,9,28,data/llmx_data/offline_data/physics_data/raw_transitions/Pendulum-v1/episodes/episode_0.npz,790,experiments/03_1_gpt35_history_n30_joint/results/records.jsonl,experiments/03_1_gpt35_history_n30_joint/results/runs/3.5__Pendulum-v1__next-state__H20/episode_000/predictions.jsonl,9bd40f877e29513c38e49c4e89a6216aa4f4a9ddd507167912476b29aa36096a,True,1957,212,2169,2.796815250068903,2.793228958034888,,,,False,not_applicable,,False,not_applicable,,False,not_applicable,"[2, 2, 2]",True,,"[0.999, -0.0448, 0.0811]",True,,"[0.0, 0.0, 0.0]",True,,"[0.9989945888519287, -0.04483073577284813, 0.08105093985795975]","[0.9986070394515991, -0.05276350677013397, -0.15884503722190857]","[0, 0, 0]","[0.9986070394515991, -0.05276350677013397, -0.15884503722190857]","[-0.00038754940032958984, -0.007932770997285843, -0.23989597707986832]",,3.094733236208569e-05,-0.007942252962589436,,0.0,
6ae2e8d1a21b275a1b0f182337eb9737a9dd5e9d4026860591146e9c769ce90e,3.5__Pendulum-v1__next-state__H20,Pendulum-v1,next-state,20,10,29,data/llmx_data/offline_data/physics_data/raw_transitions/Pendulum-v1/episodes/episode_0.npz,791,experiments/03_1_gpt35_history_n30_joint/results/records.jsonl,experiments/03_1_gpt35_history_n30_joint/results/runs/3.5__Pendulum-v1__next-state__H20/episode_000/predictions.jsonl,1c09604aa4b7f9ca0485be972b490ae44424836734d627797047a401dc477a73,False,1955,230,2185,2.5284128329949453,2.5244664169149473,,,,False,not_applicable,,False,not_applicable,,False,not_applicable,"[2, 0, 0]",True,,,False,missing_marker,,False,missing_marker,"[0.9986070394515991, -0.05276350677013397, -0.15884503722190857]","[0.9988289475440979, -0.04838155210018158, 0.08775141835212708]","[1, 1, 1]","[0.9988289475440979, -0.04838155210018158, 0.08775141835212708]","[0.0002219080924987793, 0.004381954669952393, 0.24659645557403564]",,,0.004387573401346767,component_parse_failure,,component_parse_failure
010f59087dccc6dbb3f82754db1e2012aff78089b09e7afb0f504afd4381d7a5,3.5__Pendulum-v1__next-state__H20,Pendulum-v1,next-state,20,11,30,data/llmx_data/offline_data/physics_data/raw_transitions/Pendulum-v1/episodes/episode_0.npz,792,experiments/03_1_gpt35_history_n30_joint/results/records.jsonl,experiments/03_1_gpt35_history_n30_joint/results/runs/3.5__Pendulum-v1__next-state__H20/episode_000/predictions.jsonl,1c9003e64dd2094f4df752a0ebea1b9dbda6324ee09f36b60ccb2872d54080b3,False,1959,255,2214,2.0201010829769075,2.0166870000539348,,,,False,not_applicable,,False,not_applicable,,False,not_applicable,"[2, 0, 1]",True,,,False,missing_marker,,False,missing_marker,"[0.9988289475440979, -0.04838155210018158, 0.08775141835212708]","[0.9986226558685303, -0.05246696621179581, -0.08181242644786835]","[0, 0, 0]","[0.9986226558685303, -0.05246696621179581, -0.08181242644786835]","[-0.00020629167556762695, -0.004085414111614227, -0.16956384479999542]",,,-0.0040906219307621505,component_parse_failure,,component_parse_failure
e699e34124ae232306eebc1dd5e09f09fe02218e3e0d61b2390654a089a9af5c,3.5__Pendulum-v1__next-state__H20,Pendulum-v1,next-state,20,12,31,data/llmx_data/offline_data/physics_data/raw_transitions/Pendulum-v1/episodes/episode_0.npz,793,experiments/03_1_gpt35_history_n30_joint/results/records.jsonl,experiments/03_1_gpt35_history_n30_joint/results/runs/3.5__Pendulum-v1__next-state__H20/episode_000/predictions.jsonl,cefc0935adc259e56d638c3bf75596a22890157b8ecf0c776323ae64a994b6be,True,1956,299,2255,2.3071042909286916,2.303330958005972,,,,False,not_applicable,,False,not_applicable,,False,not_applicable,"[0, 1, 0]",True,,"[0.9986, -0.0523, -0.0843]",True,,"[-0.0, 0.0002, -0.0025]",True,,"[0.9986226558685303, -0.05246696621179581, -0.08181242644786835]","[0.9988710880279541, -0.0475035160779953, 0.09939341247081757]","[1, 1, 1]","[0.9988710880279541, -0.0475035160779953, 0.09939341247081757]","[0.0002484321594238281, 0.004963450133800507, 0.1812058389186859]",,0.0001655527529460521,0.004969668628717283,,0.00019972662605427516,
f4edf546c2757949555ebdf4fb3ef4f19b7f0cd438c769da76cbe90d7d4ad312,3.5__Pendulum-v1__next-state__H20,Pendulum-v1,next-state,20,13,32,data/llmx_data/offline_data/physics_data/raw_transitions/Pendulum-v1/episodes/episode_0.npz,794,experiments/03_1_gpt35_history_n30_joint/results/records.jsonl,experiments/03_1_gpt35_history_n30_joint/results/runs/3.5__Pendulum-v1__next-state__H20/episode_000/predictions.jsonl,1d88d204ff1bace4e2ae4f2a7bc6eb9e888e0ea68d46b26b34e67ff5f8e2a017,False,1962,326,2288,3.0178865420166403,3.0142507910495624,,,,False,not_applicable,,False,not_applicable,,False,not_applicable,,False,missing_marker,"[0.9989, -0.0476, 0.0953]",True,,"[0.0, -0.0001, -0.0041]",True,,"[0.9988710880279541, -0.0475035160779953, 0.09939341247081757]","[0.9986785650253296, -0.05139217525720596, -0.07786854356527328]","[0, 0, 0]","[0.9986785650253296, -0.05139217525720596, -0.07786854356527328]","[-0.00019252300262451172, -0.003888659179210663, -0.17726195603609085]",,-9.49983973552726e-05,-0.0038934244520567596,,-9.98866305241819e-05,
1707c2d0470e84af91017a08fea414a0d26f4273459f505e6f3b225803bce27f,3.5__Pendulum-v1__next-state__H20,Pendulum-v1,next-state,20,14,33,data/llmx_data/offline_data/physics_data/raw_transitions/Pendulum-v1/episodes/episode_0.npz,795,experiments/03_1_gpt35_history_n30_joint/results/records.jsonl,experiments/03_1_gpt35_history_n30_joint/results/runs/3.5__Pendulum-v1__next-state__H20/episode_000/predictions.jsonl,f689e371468f6034f6df72cbf989600ab7ce67f185b5b69455fdd6871757af53,True,1959,235,2194,2.7987531250109896,2.794890541001223,,,,False,not_applicable,,False,not_applicable,,False,not_applicable,"[2, 2, 0]",True,,"[0.9987, -0.0514, -0.0829]",True,,"[0.0, 0.0, -0.005]",True,,"[0.9986785650253296, -0.05139217525720596, -0.07786854356527328]","[0.9989628791809082, -0.04553241655230522, 0.11733325570821762]","[1, 1, 1]","[0.9989628791809082, -0.04553241655230522, 0.11733325570821762]","[0.0002843141555786133, 0.005859758704900742, 0.1952017992734909]",,-6.71266632101819e-06,0.005866660394375778,,0.0,
838fa8daa35bde52d47a09b51d9f051e89ebd8d3c2c4a3d29560d7dbf4a365ce,3.5__Pendulum-v1__next-state__H20,Pendulum-v1,next-state,20,15,34,data/llmx_data/offline_data/physics_data/raw_transitions/Pendulum-v1/episodes/episode_0.npz,796,experiments/03_1_gpt35_history_n30_joint/results/records.jsonl,experiments/03_1_gpt35_history_n30_joint/results/runs/3.5__Pendulum-v1__next-state__H20/episode_000/predictions.jsonl,234eddaab29881f7574c6bf6de7ad1df3d56efa394bb9bc694b620b57bf4a714,True,1960,234,2194,2.4750614159274846,2.4719557920470834,,,,False,not_applicable,,False,not_applicable,,False,not_applicable,"[2, 0, 2]",True,,"[0.999, -0.0455, 0.1173]",True,,"[0.0, -0.0001, 0.0]",True,,"[0.9989628791809082, -0.04553241655230522, 0.11733325570821762]","[0.9991986751556396, -0.04002482816576958, 0.11025278270244598]","[1, 1, 0]","[0.9991986751556396, -0.04002482816576958, 0.11025278270244598]","[0.0002357959747314453, 0.0055075883865356445, -0.007080473005771637]",,3.407191864246428e-05,0.005512640594000473,,-9.98958292455221e-05,
dc723b01d69507099c3396f990eb867739211c6ccb39e0e891ca8e1518405600,3.5__Pendulum-v1__next-state__H20,Pendulum-v1,next-state,20,16,35,data/llmx_data/offline_data/physics_data/raw_transitions/Pendulum-v1/episodes/episode_0.npz,797,experiments/03_1_gpt35_history_n30_joint/results/records.jsonl,experiments/03_1_gpt35_history_n30_joint/results/runs/3.5__Pendulum-v1__next-state__H20/episode_000/predictions.jsonl,1fa09f85ae800ff166e27f87d57181a2f796a7cbca9eb16f4efbb2ab17c9ff11,True,1963,224,2187,2.746024333056994,2.743066875031218,,,,False,not_applicable,,False,not_applicable,,False,not_applicable,"[2, 2, 1]",True,,"[0.9992, -0.04, 0.1103]",True,,"[0.0, 0.0, 0.0]",True,,"[0.9991986751556396, -0.04002482816576958, 0.11025278270244598]","[0.9988864064216614, -0.047179434448480606, -0.14322860538959503]","[0, 0, 0]","[0.9988864064216614, -0.047179434448480606, -0.14322860538959503]","[-0.0003122687339782715, -0.007154606282711029, -0.253481388092041]",,2.4861289315669666e-05,-0.0071614330809932625,,0.0,
dd350e8610b5d3fa12a4be832f32cdc69fce9280e0bcd23f35ede7a53b905952,3.5__Pendulum-v1__next-state__H20,Pendulum-v1,next-state,20,17,36,data/llmx_data/offline_data/physics_data/raw_transitions/Pendulum-v1/episodes/episode_0.npz,798,experiments/03_1_gpt35_history_n30_joint/results/records.jsonl,experiments/03_1_gpt35_history_n30_joint/results/runs/3.5__Pendulum-v1__next-state__H20/episode_000/predictions.jsonl,9eb997a23de79493b84a0a8f08a60298cd6a1158e325cc222c782d5862c8ec9b,True,1960,292,2252,2.918388416059315,2.9151054159738123,,,,False,not_applicable,,False,not_applicable,,False,not_applicable,"[2, 0, 0]",True,,"[0.9989, -0.0473, -0.1501]",True,,"[0.0, -0.0001, -0.0069]",True,,"[0.9988864064216614, -0.047179434448480606, -0.14322860538959503]","[0.9990707039833069, -0.04310135543346405, 0.08164482563734055]","[1, 1, 1]","[0.9990707039833069, -0.04310135543346405, 0.08164482563734055]","[0.0001842975616455078, 0.004078079015016556, 0.22487343102693558]",,-0.00011978765043041406,0.004082244186681017,,-9.988817384076754e-05,
cf2268ab686674ce7a14c58fcc8a13b72b0ec7a93fe82427994c6a89079b66c8,3.5__Pendulum-v1__next-state__H20,Pendulum-v1,next-state,20,18,37,data/llmx_data/offline_data/physics_data/raw_transitions/Pendulum-v1/episodes/episode_0.npz,799,experiments/03_1_gpt35_history_n30_joint/results/records.jsonl,experiments/03_1_gpt35_history_n30_joint/results/runs/3.5__Pendulum-v1__next-state__H20/episode_000/predictions.jsonl,54fd233a6cecef54f2d6de25259b2527c59aa311b9e49b8ab512d2cc713e2a3e,True,1966,190,2156,1.8770665830234066,1.8739912909222767,,,,False,not_applicable,,False,not_applicable,,False,not_applicable,"[2, 1, 1]",True,,"[0.9991, -0.0411, 0.0816]",True,,"[0.0, 0.002, 0.0]",True,,"[0.9990707039833069, -0.04310135543346405, 0.08164482563734055]","[0.9984627366065979, -0.055427249521017075, -0.24681909382343292]","[0, 0, 0]","[0.9984627366065979, -0.055427249521017075, -0.24681909382343292]","[-0.0006079673767089844, -0.012325894087553024, -0.32846391946077347]",,0.0020008696473095,-0.012340957060716917,,0.001998311011302878,
9f07b5fb70d3f7520521aaa8363fed0806f92dbe48c8f2503debe63ae249cfae,3.5__Pendulum-v1__next-state__H20,Pendulum-v1,next-state,20,19,38,data/llmx_data/offline_data/physics_data/raw_transitions/Pendulum-v1/episodes/episode_0.npz,800,experiments/03_1_gpt35_history_n30_joint/results/records.jsonl,experiments/03_1_gpt35_history_n30_joint/results/runs/3.5__Pendulum-v1__next-state__H20/episode_000/predictions.jsonl,fd0fd7477cf3954de464409d48208500589aa2b081f5991bf809c2186ccfa9e9,False,1959,258,2217,1.870305374963209,1.8666930840117857,,,,False,not_applicable,,False,not_applicable,,False,not_applicable,"[2, 0, 2]",True,,,False,missing_marker,,False,missing_marker,"[0.9984627366065979, -0.055427249521017075, -0.24681909382343292]","[0.9984947443008423, -0.054847609251737595, 0.011610466055572033]","[2, 1, 1]","[0.9984947443008423, -0.054847609251737595, 0.011610466055572033]","[3.2007694244384766e-05, 0.00057964026927948, 0.25842955987900496]",,,0.0005805233315707703,component_parse_failure,,component_parse_failure
8ba9cae9de6a626cf62048165332d46ee6cb2c2ab15810dc2f304e474536d85b,3.5__Pendulum-v1__next-state__H20,Pendulum-v1,next-state,20,20,39,data/llmx_data/offline_data/physics_data/raw_transitions/Pendulum-v1/episodes/episode_0.npz,801,experiments/03_1_gpt35_history_n30_joint/results/records.jsonl,experiments/03_1_gpt35_history_n30_joint/results/runs/3.5__Pendulum-v1__next-state__H20/episode_000/predictions.jsonl,1a2216e8633db1bf521a4c314e08bbdcb4557efb8b7f59617fc0f294b89276dd,True,1964,223,2187,1.669946042005904,1.6663933339295909,,,,False,not_applicable,,False,not_applicable,,False,not_applicable,"[2, 2, 2]",True,,"[0.9985, -0.0548, 0.0116]",True,,"[0.0, 0.0, 0.0]",True,,"[0.9984947443008423, -0.054847609251737595, 0.011610466055572033]","[0.9988101124763489, -0.048768363893032074, 0.12174859642982483]","[1, 1, 1]","[0.9988101124763489, -0.048768363893032074, 0.12174859642982483]","[0.0003153681755065918, 0.006079245358705521, 0.1101381303742528]",,4.782572334338653e-05,0.0060874293005457325,,0.0,
b21419ebe0b97ca1092cd57e266eb10f4895bc1ffac68bf7863c6a36314cdb2d,3.5__Pendulum-v1__next-state__H20,Pendulum-v1,next-state,20,21,40,data/llmx_data/offline_data/physics_data/raw_transitions/Pendulum-v1/episodes/episode_0.npz,802,experiments/03_1_gpt35_history_n30_joint/results/records.jsonl,experiments/03_1_gpt35_history_n30_joint/results/runs/3.5__Pendulum-v1__next-state__H20/episode_000/predictions.jsonl,d91fde2db8fab2ba272c3ebae6be3365c5d7713cff0935ccde579a48b5b4bbe4,True,1962,230,2192,2.196133083081804,2.1929936669766903,,,,False,not_applicable,,False,not_applicable,,False,not_applicable,"[2, 1, 2]",True,,"[0.9988, -0.0485, 0.1217]",True,,"[0.0, 0.0003, 0.0]",True,,"[0.9988101124763489, -0.048768363893032074, 0.12174859642982483]","[0.9991110563278198, -0.042156193405389786, 0.13238050043582916]","[1, 1, 1]","[0.9991110563278198, -0.042156193405389786, 0.13238050043582916]","[0.00030094385147094727, 0.006612170487642288, 0.010631904006004333]",,0.00026755760060659384,0.006619027481499895,,0.00029964741053634114,
0782bdaf89f78f5b6c16563e4ec4dd25bf3fcbebdaa22f45f6016cf8022be068,3.5__Pendulum-v1__next-state__H20,Pendulum-v1,next-state,20,22,41,data/llmx_data/offline_data/physics_data/raw_transitions/Pendulum-v1/episodes/episode_0.npz,803,experiments/03_1_gpt35_history_n30_joint/results/records.jsonl,experiments/03_1_gpt35_history_n30_joint/results/runs/3.5__Pendulum-v1__next-state__H20/episode_000/predictions.jsonl,a3d938fecb7d03182470fde25fbf2df554a3424bb4aec74a7fdcc1f0207c2b02,True,1965,184,2149,2.364987540990114,2.3613314159447327,,,,False,not_applicable,,False,not_applicable,,False,not_applicable,"[2, 0, 1]",True,,"[0.9991, -0.0422, 0.1324]",True,,"[0.0, -0.0001, 0.0001]",True,,"[0.9991110563278198, -0.042156193405389786, 0.13238050043582916]","[0.9994338154792786, -0.03364679962396622, 0.17031076550483704]","[1, 1, 1]","[0.9994338154792786, -0.03364679962396622, 0.17031076550483704]","[0.00032275915145874023, 0.008509393781423569, 0.037930265069007874]",,-4.4234150522903803e-05,0.008515538170986048,,-9.991067936709896e-05,
1deca774c618a6dbb4543eda87ed77f8f151abcfab4f443cc40ca815d764666f,3.5__Pendulum-v1__next-state__H20,Pendulum-v1,next-state,20,23,42,data/llmx_data/offline_data/physics_data/raw_transitions/Pendulum-v1/episodes/episode_0.npz,804,experiments/03_1_gpt35_history_n30_joint/results/records.jsonl,experiments/03_1_gpt35_history_n30_joint/results/runs/3.5__Pendulum-v1__next-state__H20/episode_000/predictions.jsonl,1624c1ea83660331e744a81ed5e93d5f0c57705807697ba64fdb08f9489b19c4,True,1966,226,2192,2.280162209062837,2.275726958992891,,,,False,not_applicable,,False,not_applicable,,False,not_applicable,"[0, 1, 1]",True,,"[0.9993, -0.0335, 0.1744]",True,,"[-0.0001, 0.0001, 0.0041]",True,,"[0.9994338154792786, -0.03364679962396622, 0.17031076550483704]","[0.9996216893196106, -0.027503257617354393, 0.12292849272489548]","[1, 1, 0]","[0.9996216893196106, -0.027503257617354393, 0.12292849272489548]","[0.00018787384033203125, 0.006143542006611824, -0.04738227277994156]",,0.00014223376121602627,0.006146423652620747,,9.658867400919036e-05,
0e22953e665abc5ded26f4b1c83ef6219475f2fe7b81ae8135ed98312fb5c157,3.5__Pendulum-v1__next-state__H20,Pendulum-v1,next-state,20,24,43,data/llmx_data/offline_data/physics_data/raw_transitions/Pendulum-v1/episodes/episode_0.npz,805,experiments/03_1_gpt35_history_n30_joint/results/records.jsonl,experiments/03_1_gpt35_history_n30_joint/results/runs/3.5__Pendulum-v1__next-state__H20/episode_000/predictions.jsonl,3c5ecc9ec70d76d8827e5181002d71a6ea101778ff8cb5dac4e3e6af45f3da1b,True,1967,329,2296,4.662490624934435,4.6593022079905495,,,,False,not_applicable,,False,not_applicable,,False,not_applicable,"[2, 2, 1]",True,,"[0.9996, -0.0275, 0.1274]",True,,"[0.0, 0.0, 0.0045]",True,,"[0.9996216893196106, -0.027503257617354393, 0.12292849272489548]","[0.9994360208511353, -0.03358083590865135, -0.12160847336053848]","[0, 0, 0]","[0.9994360208511353, -0.03358083590865135, -0.12160847336053848]","[-0.0001856684684753418, -0.006077578291296959, -0.24453696608543396]",,2.6599160567464253e-06,-0.006080423084189324,,0.0,
cb00e4da97cf4215296a07bd6c93719de82b827f89d5b3cad33638eee8396f0d,3.5__Pendulum-v1__next-state__H20,Pendulum-v1,next-state,20,25,44,data/llmx_data/offline_data/physics_data/raw_transitions/Pendulum-v1/episodes/episode_0.npz,806,experiments/03_1_gpt35_history_n30_joint/results/records.jsonl,experiments/03_1_gpt35_history_n30_joint/results/runs/3.5__Pendulum-v1__next-state__H20/episode_000/predictions.jsonl,a96b7c4d2a633153c70eee123de3ec31dd18b87b6d68a1b825152b8069d16feb,True,1964,217,2181,2.6555502499686554,2.6527654170058668,,,,False,not_applicable,,False,not_applicable,,False,not_applicable,"[2, 2, 2]",True,,"[0.9994, -0.0336, -0.1216]",True,,"[0.0, 0.0, 0.0]",True,,"[0.9994360208511353, -0.03358083590865135, -0.12160847336053848]","[0.9992988705635071, -0.037440475076436996, -0.07724151760339737]","[0, 0, 1]","[0.9992988705635071, -0.037440475076436996, -0.07724151760339737]","[-0.00013715028762817383, -0.0038596391677856445, 0.04436695575714111]",,-2.0363612827090094e-05,-0.003862077529305008,,0.0,
bac7065c63e9ee82b7480ede6ed0c61d01fafc333d5330ba2278a51692b9c145,3.5__Pendulum-v1__next-state__H20,Pendulum-v1,next-state,20,26,45,data/llmx_data/offline_data/physics_data/raw_transitions/Pendulum-v1/episodes/episode_0.npz,807,experiments/03_1_gpt35_history_n30_joint/results/records.jsonl,experiments/03_1_gpt35_history_n30_joint/results/runs/3.5__Pendulum-v1__next-state__H20/episode_000/predictions.jsonl,216df3bc10592ff7e135160d60c9cffbc30fa956797afba0d81c02ecd7f0bb16,True,1962,243,2205,2.347737916978076,2.3438693749485537,,,,False,not_applicable,,False,not_applicable,,False,not_applicable,"[2, 0, 0]",True,,"[0.9993, -0.0375, -0.0773]",True,,"[0.0, -0.0001, -0.0001]",True,,"[0.9992988705635071, -0.037440475076436996, -0.07724151760339737]","[0.9991317391395569, -0.041663073003292084, -0.08451816439628601]","[0, 0, 0]","[0.9991317391395569, -0.041663073003292084, -0.08451816439628601]","[-0.0001671314239501953, -0.004222597926855087, -0.007276646792888641]",,-5.9440701317914346e-05,-0.004225907258163186,,-9.99295103962794e-05,
8ec6451ac3d3e618b5f94a65302ea79460f771a26977dd54909a7d2cba102b6d,3.5__Pendulum-v1__next-state__H20,Pendulum-v1,next-state,20,27,46,data/llmx_data/offline_data/physics_data/raw_transitions/Pendulum-v1/episodes/episode_0.npz,808,experiments/03_1_gpt35_history_n30_joint/results/records.jsonl,experiments/03_1_gpt35_history_n30_joint/results/runs/3.5__Pendulum-v1__next-state__H20/episode_000/predictions.jsonl,4d7739ad022bc4fa7cf7492f2b1a6f4f3353aba69ce099a083591ea117b19458,False,1962,366,2328,2.449534249957651,2.4468398329336196,,,,False,not_applicable,,False,not_applicable,,False,not_applicable,,False,missing_marker,"[0.999, -0.0417, -0.0845]",True,,,False,non_literal_or_placeholder,"[0.9991317391395569, -0.041663073003292084, -0.08451816439628601]","[0.999006450176239, -0.044565800577402115, -0.058108627796173096]","[0, 0, 1]","[0.999006450176239, -0.044565800577402115, -0.058108627796173096]","[-0.0001252889633178711, -0.002902727574110031, 0.026409536600112915]",,-4.238910418852271e-05,-0.00290543119946296,,,component_parse_failure
660730b94b4a945b389237f69d89125e1c036a5fb24ddc98aacf94075937f8a2,3.5__Pendulum-v1__next-state__H20,Pendulum-v1,next-state,20,28,47,data/llmx_data/offline_data/physics_data/raw_transitions/Pendulum-v1/episodes/episode_0.npz,809,experiments/03_1_gpt35_history_n30_joint/results/records.jsonl,experiments/03_1_gpt35_history_n30_joint/results/runs/3.5__Pendulum-v1__next-state__H20/episode_000/predictions.jsonl,d26c02fd7ee6349e8935c5b5bfb6845de0a0a1af389b97ca650d7882ea0e6efe,False,1950,268,2218,1.9309393749572337,1.9273426251020283,,,,False,not_applicable,,False,not_applicable,,False,not_applicable,"[0, 1, 1]",True,,"[0.999, -0.0446, -0.0581]",True,,,False,non_literal_or_placeholder,"[0.999006450176239, -0.044565800577402115, -0.058108627796173096]","[0.9990477561950684, -0.04363032802939415, 0.01872764341533184]","[2, 1, 1]","[0.9990477561950684, -0.04363032802939415, 0.01872764341533184]","[4.13060188293457e-05, 0.0009354725480079651, 0.07683627121150494]",,-3.4453070584916645e-05,0.0009363840714051719,,,component_parse_failure
55376f014edccb363e3ca5df6bfbbec33fbc0486c33fb734d281d125f40ecbc8,3.5__Pendulum-v1__next-state__H20,Pendulum-v1,next-state,20,29,48,data/llmx_data/offline_data/physics_data/raw_transitions/Pendulum-v1/episodes/episode_0.npz,810,experiments/03_1_gpt35_history_n30_joint/results/records.jsonl,experiments/03_1_gpt35_history_n30_joint/results/runs/3.5__Pendulum-v1__next-state__H20/episode_000/predictions.jsonl,7668b3e1a37a34852bf7656759913154e2e3c7534172c5ddae429d3643aaae00,True,1952,293,2245,2.4660951250698417,2.4623396249953657,,,,False,not_applicable,,False,not_applicable,,False,not_applicable,"[2, 0, 1]",True,,"[0.999, -0.0437, 0.0207]",True,,"[0.0, -0.0001, 0.002]",True,,"[0.9990477561950684, -0.04363032802939415, 0.01872764341533184]","[0.9989209175109863, -0.04644406586885452, -0.056331899017095566]","[0, 0, 0]","[0.9989209175109863, -0.04644406586885452, -0.056331899017095566]","[-0.00012683868408203125, -0.002813737839460373, -0.0750595424324274]",,-7.16924450339107e-05,-0.002816596106381297,,-9.990433693518597e-05,
73019615f8db2e312d88bbb135b8b3b4df2d73391e915644ee38de6fec715d0c,3.5__Pendulum-v1__next-state__H30,Pendulum-v1,next-state,30,0,29,data/llmx_data/offline_data/physics_data/raw_transitions/Pendulum-v1/episodes/episode_0.npz,811,experiments/03_1_gpt35_history_n30_joint/results/records.jsonl,experiments/03_1_gpt35_history_n30_joint/results/runs/3.5__Pendulum-v1__next-state__H30/episode_000/predictions.jsonl,7f3bedb054fc957e4ebd93e5a493a77bd985b946644c0ffc45a7c8c561758209,True,2391,200,2591,2.5760022909380496,2.5726093749981374,,,,False,not_applicable,,False,not_applicable,,False,not_applicable,"[0, 0, 0]",True,,"[0.9983, -0.0547, -0.1777]",True,,"[-0.0003, -0.002, -0.0189]",True,,"[0.9986070394515991, -0.05276350677013397, -0.15884503722190857]","[0.9988289475440979, -0.04838155210018158, 0.08775141835212708]","[1, 1, 1]","[0.9988289475440979, -0.04838155210018158, 0.08775141835212708]","[0.0002219080924987793, 0.004381954669952393, 0.24659645557403564]",,-0.001950392492954034,0.004387573401346767,,-0.002013431113407016,
1c1145f42c46a56dcae236ba880f8f0e48c8943ee1a423f03a641b66d149aac7,3.5__Pendulum-v1__next-state__H30,Pendulum-v1,next-state,30,1,30,data/llmx_data/offline_data/physics_data/raw_transitions/Pendulum-v1/episodes/episode_0.npz,812,experiments/03_1_gpt35_history_n30_joint/results/records.jsonl,experiments/03_1_gpt35_history_n30_joint/results/runs/3.5__Pendulum-v1__next-state__H30/episode_000/predictions.jsonl,6b9f30ebcabd4c332d0fd420f0cbb48ba1dc8846969629e7f1024f0df1e567e9,True,2398,238,2636,2.0309880409622565,2.026604583952576,,,,False,not_applicable,,False,not_applicable,,False,not_applicable,"[2, 2, 0]",True,,"[0.9988, -0.0484, 0.0839]",True,,"[0.0, 0.0, -0.0039]",True,,"[0.9988289475440979, -0.04838155210018158, 0.08775141835212708]","[0.9986226558685303, -0.05246696621179581, -0.08181242644786835]","[0, 0, 0]","[0.9986226558685303, -0.05246696621179581, -0.08181242644786835]","[-0.00020629167556762695, -0.004085414111614227, -0.16956384479999542]",,-1.9827378241910054e-05,-0.0040906219307621505,,0.0,
34ff3d476239e7d1e82ecdf3c15a4f3ea98ef20b63509d5ae983c1d1223008f4,3.5__Pendulum-v1__next-state__H30,Pendulum-v1,next-state,30,2,31,data/llmx_data/offline_data/physics_data/raw_transitions/Pendulum-v1/episodes/episode_0.npz,813,experiments/03_1_gpt35_history_n30_joint/results/records.jsonl,experiments/03_1_gpt35_history_n30_joint/results/runs/3.5__Pendulum-v1__next-state__H30/episode_000/predictions.jsonl,8da37eb9c382904ca9a98161ca406a91b408a4ca5b159d8a46194d7c2087a957,True,2398,231,2629,2.2078392080729827,2.2040398749522865,,,,False,not_applicable,,False,not_applicable,,False,not_applicable,"[2, 2, 0]",True,,"[0.9986, -0.0525, -0.0863]",True,,"[0.0, 0.0, -0.0045]",True,,"[0.9986226558685303, -0.05246696621179581, -0.08181242644786835]","[0.9988710880279541, -0.0475035160779953, 0.09939341247081757]","[1, 1, 1]","[0.9988710880279541, -0.0475035160779953, 0.09939341247081757]","[0.0002484321594238281, 0.004963450133800507, 0.1812058389186859]",,-3.417768830304979e-05,0.004969668628717283,,0.0,
6c4bd5f6b2b619a12d70c62859234ca29e31a6ae5266af6d7f5aa766c17dab58,3.5__Pendulum-v1__next-state__H30,Pendulum-v1,next-state,30,3,32,data/llmx_data/offline_data/physics_data/raw_transitions/Pendulum-v1/episodes/episode_0.npz,814,experiments/03_1_gpt35_history_n30_joint/results/records.jsonl,experiments/03_1_gpt35_history_n30_joint/results/runs/3.5__Pendulum-v1__next-state__H30/episode_000/predictions.jsonl,fb29f9b599465f00644b9fb8cd05dcee1a6e2fa73a7a335abd07b1d0fbc9bef6,False,2404,206,2610,1.960253124940209,1.9562449160730466,,,,False,not_applicable,,False,not_applicable,,False,not_applicable,"[2, 2, 0]",True,,,False,missing_marker,,False,missing_marker,"[0.9988710880279541, -0.0475035160779953, 0.09939341247081757]","[0.9986785650253296, -0.05139217525720596, -0.07786854356527328]","[0, 0, 0]","[0.9986785650253296, -0.05139217525720596, -0.07786854356527328]","[-0.00019252300262451172, -0.003888659179210663, -0.17726195603609085]",,,-0.0038934244520567596,component_parse_failure,,component_parse_failure
41fc3d9007535b315c1b1211c1800345b7626fdce85f341f7584c09661f439a5,3.5__Pendulum-v1__next-state__H30,Pendulum-v1,next-state,30,4,33,data/llmx_data/offline_data/physics_data/raw_transitions/Pendulum-v1/episodes/episode_0.npz,815,experiments/03_1_gpt35_history_n30_joint/results/records.jsonl,experiments/03_1_gpt35_history_n30_joint/results/runs/3.5__Pendulum-v1__next-state__H30/episode_000/predictions.jsonl,f130c2adcd148acf37956ec811a097bd610e17434614234e2b6ebe44db80332e,True,2401,308,2709,2.489885165938176,2.4856017919955775,,,,False,not_applicable,,False,not_applicable,,False,not_applicable,"[2, 0, 0]",True,,"[0.9985, -0.056, -0.0839]",True,,"[-0.0002, -0.0046, -0.006]",True,,"[0.9986785650253296, -0.05139217525720596, -0.07786854356527328]","[0.9989628791809082, -0.04553241655230522, 0.11733325570821762]","[1, 1, 1]","[0.9989628791809082, -0.04553241655230522, 0.11733325570821762]","[0.0002843141555786133, 0.005859758704900742, 0.1952017992734909]",,-0.004610610212388178,0.005866660394375778,,-0.004603998334971937,
f923a2a3aed2bfd86a330eb8b678602194d4447af4ad8d2a536e8b49547ac01d,3.5__Pendulum-v1__next-state__H30,Pendulum-v1,next-state,30,5,34,data/llmx_data/offline_data/physics_data/raw_transitions/Pendulum-v1/episodes/episode_0.npz,816,experiments/03_1_gpt35_history_n30_joint/results/records.jsonl,experiments/03_1_gpt35_history_n30_joint/results/runs/3.5__Pendulum-v1__next-state__H30/episode_000/predictions.jsonl,c8ae6dcc9ce29616cb550d3e26b02444d5e29f331f49a7427f52007d7afe0a78,True,2405,197,2602,2.057106207939796,2.0521428749198094,,,,False,not_applicable,,False,not_applicable,,False,not_applicable,"[2, 0, 1]",True,,"[0.999, -0.0455, 0.1173]",True,,"[0.0, -0.0, 0.0]",True,,"[0.9989628791809082, -0.04553241655230522, 0.11733325570821762]","[0.9991986751556396, -0.04002482816576958, 0.11025278270244598]","[1, 1, 0]","[0.9991986751556396, -0.04002482816576958, 0.11025278270244598]","[0.0002357959747314453, 0.0055075883865356445, -0.007080473005771637]",,3.407191864246428e-05,0.005512640594000473,,0.0,
a589b39b6b714cb77bbfab296e221b47fd0d568ac782858c184307f34b44f072,3.5__Pendulum-v1__next-state__H30,Pendulum-v1,next-state,30,6,35,data/llmx_data/offline_data/physics_data/raw_transitions/Pendulum-v1/episodes/episode_0.npz,817,experiments/03_1_gpt35_history_n30_joint/results/records.jsonl,experiments/03_1_gpt35_history_n30_joint/results/runs/3.5__Pendulum-v1__next-state__H30/episode_000/predictions.jsonl,3499a0748813e767ae882f0eafda840b042cca1312580a8f3611a984da4ff69a,True,2407,222,2629,2.876233374932781,2.8716101669706404,,,,False,not_applicable,,False,not_applicable,,False,not_applicable,"[0, 1, 0]",True,,"[0.9991, -0.0395, 0.1053]",True,,"[-0.0001, 0.0005, -0.005]",True,,"[0.9991986751556396, -0.04002482816576958, 0.11025278270244598]","[0.9988864064216614, -0.047179434448480606, -0.14322860538959503]","[0, 0, 0]","[0.9988864064216614, -0.047179434448480606, -0.14322860538959503]","[-0.0003122687339782715, -0.007154606282711029, -0.253481388092041]",,0.0005205203709448547,-0.0071614330809932625,,0.0004956562696221134,
6bb233a16fc2b2daf8aebf749df77338fb3a7bd75ce6a7d50bf5ae97db16b235,3.5__Pendulum-v1__next-state__H30,Pendulum-v1,next-state,30,7,36,data/llmx_data/offline_data/physics_data/raw_transitions/Pendulum-v1/episodes/episode_0.npz,818,experiments/03_1_gpt35_history_n30_joint/results/records.jsonl,experiments/03_1_gpt35_history_n30_joint/results/runs/3.5__Pendulum-v1__next-state__H30/episode_000/predictions.jsonl,1443c2afdf1cf25224532a00bd572a80c3738882df56f15f73903f1d1c844e3b,True,2401,225,2626,2.5276327079627663,2.5237739169970155,,,,False,not_applicable,,False,not_applicable,,False,not_applicable,"[2, 1, 1]",True,,"[0.9989, -0.0472, -0.1432]",True,,"[0.0001, 0.0003, 0.0002]",True,,"[0.9988864064216614, -0.047179434448480606, -0.14322860538959503]","[0.9990707039833069, -0.04310135543346405, 0.08164482563734055]","[1, 1, 1]","[0.9990707039833069, -0.04310135543346405, 0.08164482563734055]","[0.0001842975616455078, 0.004078079015016556, 0.22487343102693558]",,-1.9901023934121298e-05,0.004082244186681017,,0.0003043577765349248,
ac2c96c7e274cab5b23fda15a9742d706e23dc36206cc8ca366e9bc26b603f4a,3.5__Pendulum-v1__next-state__H30,Pendulum-v1,next-state,30,8,37,data/llmx_data/offline_data/physics_data/raw_transitions/Pendulum-v1/episodes/episode_0.npz,819,experiments/03_1_gpt35_history_n30_joint/results/records.jsonl,experiments/03_1_gpt35_history_n30_joint/results/runs/3.5__Pendulum-v1__next-state__H30/episode_000/predictions.jsonl,bc9bb7bba2fadf35f46442ae5e78f026f9cb3efeb7d916fb3f9f58fb76ffea06,True,2405,196,2601,3.0500475000590086,3.0462326670531183,,,,False,not_applicable,,False,not_applicable,,False,not_applicable,"[2, 1, 0]",True,,"[0.9991, -0.0431, 0.0816]",True,,"[0.0, 0.0001, -0.0002]",True,,"[0.9990707039833069, -0.04310135543346405, 0.08164482563734055]","[0.9984627366065979, -0.055427249521017075, -0.24681909382343292]","[0, 0, 0]","[0.9984627366065979, -0.055427249521017075, -0.24681909382343292]","[-0.0006079673767089844, -0.012325894087553024, -0.32846391946077347]",,2.616795459875476e-06,-0.012340957060716917,,9.990750084076794e-05,
4a55be20a2a9c796eaff3f877680f8669ae2316456195bd66251da7b6fe7a0a4,3.5__Pendulum-v1__next-state__H30,Pendulum-v1,next-state,30,9,38,data/llmx_data/offline_data/physics_data/raw_transitions/Pendulum-v1/episodes/episode_0.npz,820,experiments/03_1_gpt35_history_n30_joint/results/records.jsonl,experiments/03_1_gpt35_history_n30_joint/results/runs/3.5__Pendulum-v1__next-state__H30/episode_000/predictions.jsonl,a406b7542b8c1ecc383d90b6407d550347dd96a74b4a6b308cfda7424d5fc498,False,2399,239,2638,2.795036416966468,2.7921614579390734,,,,False,not_applicable,,False,not_applicable,,False,not_applicable,"[2, 2, 0]",True,,,False,missing_marker,,False,missing_marker,"[0.9984627366065979, -0.055427249521017075, -0.24681909382343292]","[0.9984947443008423, -0.054847609251737595, 0.011610466055572033]","[2, 1, 1]","[0.9984947443008423, -0.054847609251737595, 0.011610466055572033]","[3.2007694244384766e-05, 0.00057964026927948, 0.25842955987900496]",,,0.0005805233315707703,component_parse_failure,,component_parse_failure
4c2afd29f66192c506f36bfa58429727e0a276764e67e053dca41f34029e6aed,3.5__Pendulum-v1__next-state__H30,Pendulum-v1,next-state,30,10,39,data/llmx_data/offline_data/physics_data/raw_transitions/Pendulum-v1/episodes/episode_0.npz,821,experiments/03_1_gpt35_history_n30_joint/results/records.jsonl,experiments/03_1_gpt35_history_n30_joint/results/runs/3.5__Pendulum-v1__next-state__H30/episode_000/predictions.jsonl,b6a2802f3dcb42181af78f810aaea2e95b31c3e3892191fd70fddee5d0f8d75f,True,2403,210,2613,2.625478541944176,2.621334041003138,,,,False,not_applicable,,False,not_applicable,,False,not_applicable,"[0, 0, 2]",True,,"[0.9985, -0.0548, 0.0116]",True,,"[-0.0005, -0.0007, 0.0]",True,,"[0.9984947443008423, -0.054847609251737595, 0.011610466055572033]","[0.9988101124763489, -0.048768363893032074, 0.12174859642982483]","[1, 1, 1]","[0.9988101124763489, -0.048768363893032074, 0.12174859642982483]","[0.0003153681755065918, 0.006079245358705521, 0.1101381303742528]",,4.782572334338653e-05,0.0060874293005457325,,-0.0007267048920236441,
f90558927d1283b38c65e9e5207e865ab10b7eb98cabb6c8a7cdb00b12a76d2a,3.5__Pendulum-v1__next-state__H30,Pendulum-v1,next-state,30,11,40,data/llmx_data/offline_data/physics_data/raw_transitions/Pendulum-v1/episodes/episode_0.npz,822,experiments/03_1_gpt35_history_n30_joint/results/records.jsonl,experiments/03_1_gpt35_history_n30_joint/results/runs/3.5__Pendulum-v1__next-state__H30/episode_000/predictions.jsonl,18f7732ff5037fdeaea8adb1d9c6222bc0bf6156c82f9b880b93d3e7168d0ce0,False,2401,228,2629,2.5078464159741998,2.50453216698952,,,,False,not_applicable,,False,not_applicable,,False,not_applicable,"[2, 0, 1]",True,,,False,missing_marker,,False,missing_marker,"[0.9988101124763489, -0.048768363893032074, 0.12174859642982483]","[0.9991110563278198, -0.042156193405389786, 0.13238050043582916]","[1, 1, 1]","[0.9991110563278198, -0.042156193405389786, 0.13238050043582916]","[0.00030094385147094727, 0.006612170487642288, 0.010631904006004333]",,,0.006619027481499895,component_parse_failure,,component_parse_failure
6cba739de399ab3be9e09b6112788c45b1adf098d02ed39be643a26baac278ad,3.5__Pendulum-v1__next-state__H30,Pendulum-v1,next-state,30,12,41,data/llmx_data/offline_data/physics_data/raw_transitions/Pendulum-v1/episodes/episode_0.npz,823,experiments/03_1_gpt35_history_n30_joint/results/records.jsonl,experiments/03_1_gpt35_history_n30_joint/results/runs/3.5__Pendulum-v1__next-state__H30/episode_000/predictions.jsonl,ff0d6095672e0a7c7b84586a4ef2252408ecd892a3f472901aacdea5afe1a3d7,True,2402,234,2636,4.032862500054762,4.029103458975442,,,,False,not_applicable,,False,not_applicable,,False,not_applicable,"[2, 0, 0]",True,,"[0.9991, -0.0422, 0.1324]",True,,"[0.0, -0.0006, -0.0004]",True,,"[0.9991110563278198, -0.042156193405389786, 0.13238050043582916]","[0.9994338154792786, -0.03364679962396622, 0.17031076550483704]","[1, 1, 1]","[0.9994338154792786, -0.03364679962396622, 0.17031076550483704]","[0.00032275915145874023, 0.008509393781423569, 0.037930265069007874]",,-4.4234150522903803e-05,0.008515538170986048,,-0.000599451371154025,
8e7f06389fe126ee8609ff1cf0e82179a5dd90f744a3fb068098ea115ccfe98b,3.5__Pendulum-v1__next-state__H30,Pendulum-v1,next-state,30,13,42,data/llmx_data/offline_data/physics_data/raw_transitions/Pendulum-v1/episodes/episode_0.npz,824,experiments/03_1_gpt35_history_n30_joint/results/records.jsonl,experiments/03_1_gpt35_history_n30_joint/results/runs/3.5__Pendulum-v1__next-state__H30/episode_000/predictions.jsonl,4cf30c3d972915bc38a576c30b8213285a99da943e4cc139bd3c8298d19459e8,True,2407,197,2604,2.8702799160964787,2.8662015000591055,,,,False,not_applicable,,False,not_applicable,,False,not_applicable,"[2, 0, 2]",True,,"[0.9994, -0.0336, 0.1703]",True,,"[0.0, -0.0001, 0.0]",True,,"[0.9994338154792786, -0.03364679962396622, 0.17031076550483704]","[0.9996216893196106, -0.027503257617354393, 0.12292849272489548]","[1, 1, 0]","[0.9996216893196106, -0.027503257617354393, 0.12292849272489548]","[0.00018787384033203125, 0.006143542006611824, -0.04738227277994156]",,4.563695560433345e-05,0.006146423652620747,,-9.994303907712165e-05,
cc255785d4a61bb319cf787bb881a9bab38c6a066e66d996bedf82027cc580b3,3.5__Pendulum-v1__next-state__H30,Pendulum-v1,next-state,30,14,43,data/llmx_data/offline_data/physics_data/raw_transitions/Pendulum-v1/episodes/episode_0.npz,825,experiments/03_1_gpt35_history_n30_joint/results/records.jsonl,experiments/03_1_gpt35_history_n30_joint/results/runs/3.5__Pendulum-v1__next-state__H30/episode_000/predictions.jsonl,c714832311209b34bc26d691335edda073ad9459aea05c4f6b49d51be0f0bf99,True,2408,231,2639,3.0613210420124233,3.057673666975461,,,,False,not_applicable,,False,not_applicable,,False,not_applicable,"[1, 0, 1]",True,,"[0.9995, -0.032, 0.1229]",True,,"[-0.0001, -0.0045, 0.0]",True,,"[0.9996216893196106, -0.027503257617354393, 0.12292849272489548]","[0.9994360208511353, -0.03358083590865135, -0.12160847336053848]","[0, 0, 0]","[0.9994360208511353, -0.03358083590865135, -0.12160847336053848]","[-0.0001856684684753418, -0.006077578291296959, -0.24453696608543396]",,-0.004498348808839925,-0.006080423084189324,,-0.004500910621231036,
9adc387ecb7849dc3069ef7aded6191ccaff5b602a918ff1ba9fe01fc04e94bc,3.5__Pendulum-v1__next-state__H30,Pendulum-v1,next-state,30,15,44,data/llmx_data/offline_data/physics_data/raw_transitions/Pendulum-v1/episodes/episode_0.npz,826,experiments/03_1_gpt35_history_n30_joint/results/records.jsonl,experiments/03_1_gpt35_history_n30_joint/results/runs/3.5__Pendulum-v1__next-state__H30/episode_000/predictions.jsonl,8a9b8028613857c03f8866520a7782bf55b2a2e5b3fca5e29e5aba916e267266,True,2406,215,2621,3.0722229999955744,3.068293874966912,,,,False,not_applicable,,False,not_applicable,,False,not_applicable,"[2, 2, 1]",True,,"[0.9994, -0.0336, -0.1216]",True,,"[0.0, 0.0, 0.0]",True,,"[0.9994360208511353, -0.03358083590865135, -0.12160847336053848]","[0.9992988705635071, -0.037440475076436996, -0.07724151760339737]","[0, 0, 1]","[0.9992988705635071, -0.037440475076436996, -0.07724151760339737]","[-0.00013715028762817383, -0.0038596391677856445, 0.04436695575714111]",,-2.0363612827090094e-05,-0.003862077529305008,,0.0,
932ce2992c3ffe6427c7aa3b710589a0a48257800bd152ba6813edd2e2ed6ec8,3.5__Pendulum-v1__next-state__H30,Pendulum-v1,next-state,30,16,45,data/llmx_data/offline_data/physics_data/raw_transitions/Pendulum-v1/episodes/episode_0.npz,827,experiments/03_1_gpt35_history_n30_joint/results/records.jsonl,experiments/03_1_gpt35_history_n30_joint/results/runs/3.5__Pendulum-v1__next-state__H30/episode_000/predictions.jsonl,fb0084e92b6987a2259b9a86633e8a3a77546852a9fa9ae78b7342273ec04a13,True,2404,336,2740,3.50266312493477,3.4983776250155643,,,,False,not_applicable,,False,not_applicable,,False,not_applicable,"[2, 0, 1]",True,,"[0.9993, -0.0374, -0.0772]",True,,"[0, 0, 0]",True,,"[0.9992988705635071, -0.037440475076436996, -0.07724151760339737]","[0.9991317391395569, -0.041663073003292084, -0.08451816439628601]","[0, 0, 0]","[0.9991317391395569, -0.041663073003292084, -0.08451816439628601]","[-0.0001671314239501953, -0.004222597926855087, -0.007276646792888641]",,4.0488999559773475e-05,-0.004225907258163186,,0.0,
14a05abaa872646b9f4057bbe4da104e1d28fc872e4645a6935c284803f2c9ae,3.5__Pendulum-v1__next-state__H30,Pendulum-v1,next-state,30,17,46,data/llmx_data/offline_data/physics_data/raw_transitions/Pendulum-v1/episodes/episode_0.npz,828,experiments/03_1_gpt35_history_n30_joint/results/records.jsonl,experiments/03_1_gpt35_history_n30_joint/results/runs/3.5__Pendulum-v1__next-state__H30/episode_000/predictions.jsonl,8f4687d297c02952950e27852f71ba647856660b97c8fd3c184a8ca32489a2e4,False,2405,216,2621,1.84721483301837,1.8438843749463558,,,,False,not_applicable,,False,not_applicable,,False,not_applicable,"[2, 2, 2]",True,,,False,missing_marker,,False,missing_marker,"[0.9991317391395569, -0.041663073003292084, -0.08451816439628601]","[0.999006450176239, -0.044565800577402115, -0.058108627796173096]","[0, 0, 1]","[0.999006450176239, -0.044565800577402115, -0.058108627796173096]","[-0.0001252889633178711, -0.002902727574110031, 0.026409536600112915]",,,-0.00290543119946296,component_parse_failure,,component_parse_failure
5e5bdb81dac63dd94332b4cd2ae42db09764bc9f2d35f455ca583986278ff6be,3.5__Pendulum-v1__next-state__H30,Pendulum-v1,next-state,30,18,47,data/llmx_data/offline_data/physics_data/raw_transitions/Pendulum-v1/episodes/episode_0.npz,829,experiments/03_1_gpt35_history_n30_joint/results/records.jsonl,experiments/03_1_gpt35_history_n30_joint/results/runs/3.5__Pendulum-v1__next-state__H30/episode_000/predictions.jsonl,8fc726e140861eca868544fe4848866b2b15f7c114269e9d319e8cd15a972e8e,True,2403,215,2618,2.432692916947417,2.4290732910158113,,,,False,not_applicable,,False,not_applicable,,False,not_applicable,"[0, 1, 0]",True,,"[0.9989, -0.0439, -0.0609]",True,,"[-0.0001, 0.0007, -0.0028]",True,,"[0.999006450176239, -0.044565800577402115, -0.058108627796173096]","[0.9990477561950684, -0.04363032802939415, 0.01872764341533184]","[2, 1, 1]","[0.9990477561950684, -0.04363032802939415, 0.01872764341533184]","[4.13060188293457e-05, 0.0009354725480079651, 0.07683627121150494]",,0.000660484775998782,0.0009363840714051719,,0.0006949389287509433,
cd5510200599d127153560fb5881c2e98237ee940f3097dd72d8f11a089bf7d2,3.5__Pendulum-v1__next-state__H30,Pendulum-v1,next-state,30,19,48,data/llmx_data/offline_data/physics_data/raw_transitions/Pendulum-v1/episodes/episode_0.npz,830,experiments/03_1_gpt35_history_n30_joint/results/records.jsonl,experiments/03_1_gpt35_history_n30_joint/results/runs/3.5__Pendulum-v1__next-state__H30/episode_000/predictions.jsonl,e89ea7558af5198cdf1dc28eff25f77c388fd55694f43e4252d89f0a17d9e3bb,True,2406,288,2694,2.7455575419589877,2.7409271670039743,,,,False,not_applicable,,False,not_applicable,,False,not_applicable,"[0, 1, 0]",True,,"[0.999, -0.0439, 0.0167]",True,,"[0.0, -0.0003, -0.002]",True,,"[0.9990477561950684, -0.04363032802939415, 0.01872764341533184]","[0.9989209175109863, -0.04644406586885452, -0.056331899017095566]","[0, 0, 0]","[0.9989209175109863, -0.04644406586885452, -0.056331899017095566]","[-0.00012683868408203125, -0.002813737839460373, -0.0750595424324274]",,-0.0002715085415578855,-0.002816596106381297,,-0.00029971038754794677,
c15050f2e96189ae99e0a405181396e6f4208beed5621cbfdf7a26c407f63657,3.5__Pendulum-v1__next-state__H30,Pendulum-v1,next-state,30,20,49,data/llmx_data/offline_data/physics_data/raw_transitions/Pendulum-v1/episodes/episode_0.npz,831,experiments/03_1_gpt35_history_n30_joint/results/records.jsonl,experiments/03_1_gpt35_history_n30_joint/results/runs/3.5__Pendulum-v1__next-state__H30/episode_000/predictions.jsonl,56e5e46b4cd7df6b06dfa408342c33dde00720b23b8381c6fb8b78c3462cdda6,True,2404,308,2712,2.511631125002168,2.5075277909636497,,,,False,not_applicable,,False,not_applicable,,False,not_applicable,"[2, 2, 1]",True,,"[0.9989, -0.0464, -0.0534]",True,,"[0.0, 0.0, 0.0029]",True,,"[0.9989209175109863, -0.04644406586885452, -0.056331899017095566]","[0.9989495873451233, -0.045822419226169586, 0.01244615763425827]","[2, 1, 1]","[0.9989495873451233, -0.045822419226169586, 0.01244615763425827]","[2.866983413696289e-05, 0.0006216466426849365, 0.06877805665135384]",,4.304780926300822e-05,0.0006223074113984595,,0.0,
8605e78d4141def8f30cf42a9e494aef507063b44a21cf583419ada2e42c5550,3.5__Pendulum-v1__next-state__H30,Pendulum-v1,next-state,30,21,50,data/llmx_data/offline_data/physics_data/raw_transitions/Pendulum-v1/episodes/episode_0.npz,832,experiments/03_1_gpt35_history_n30_joint/results/records.jsonl,experiments/03_1_gpt35_history_n30_joint/results/runs/3.5__Pendulum-v1__next-state__H30/episode_000/predictions.jsonl,453edcba9fabed7bae337650bc66ad61a6f0d0c78642e4aa4fe7f6233c13e8cf,True,2406,202,2608,2.1944714169949293,2.1908507919870317,,,,False,not_applicable,,False,not_applicable,,False,not_applicable,"[0, 1, 0]",True,,"[0.9987, -0.0455, 0.0104]",True,,"[-0.0002, 0.0003, -0.002]",True,,"[0.9989495873451233, -0.045822419226169586, 0.01244615763425827]","[0.9989755153656006, -0.04525443911552429, 0.011371439322829247]","[2, 1, 0]","[0.9989755153656006, -0.04525443911552429, 0.011371439322829247]","[2.5928020477294922e-05, 0.0005679801106452942, -0.0010747183114290237]",,0.0003107259180930022,0.0005685716076540004,,0.0002905824422700931,
1ffc464325b57609811e25bf1343654dfb394e92b372f818d23c48036b365011,3.5__Pendulum-v1__next-state__H30,Pendulum-v1,next-state,30,22,51,data/llmx_data/offline_data/physics_data/raw_transitions/Pendulum-v1/episodes/episode_0.npz,833,experiments/03_1_gpt35_history_n30_joint/results/records.jsonl,experiments/03_1_gpt35_history_n30_joint/results/runs/3.5__Pendulum-v1__next-state__H30/episode_000/predictions.jsonl,31cf68b66d897ac0b81691f56b0a0fc70e29b19128ad228942429dcdfb7c3b93,True,2403,198,2601,1.7315438330406323,1.728499707998708,,,,False,not_applicable,,False,not_applicable,,False,not_applicable,"[2, 2, 0]",True,,"[0.999, -0.0453, 0.0094]",True,,"[0.0, 0.0, -0.002]",True,,"[0.9989755153656006, -0.04525443911552429, 0.011371439322829247]","[0.9989355802536011, -0.04612710326910019, -0.017471550032496452]","[2, 0, 0]","[0.9989355802536011, -0.04612710326910019, -0.017471550032496452]","[-3.993511199951172e-05, -0.0008726641535758972, -0.0288429893553257]",,-4.440498996327591e-05,-0.0008735774539241348,,0.0,
ba55bde7cc1f3ea832f8bc72544939d084ed4785bd3cc2ddf5ad3cd16d005dc4,3.5__Pendulum-v1__next-state__H30,Pendulum-v1,next-state,30,23,52,data/llmx_data/offline_data/physics_data/raw_transitions/Pendulum-v1/episodes/episode_0.npz,834,experiments/03_1_gpt35_history_n30_joint/results/records.jsonl,experiments/03_1_gpt35_history_n30_joint/results/runs/3.5__Pendulum-v1__next-state__H30/episode_000/predictions.jsonl,c6c2e99a06017d43d1505a5d32e0e767cbf7d849638a699b2195eed6c7721059,True,2402,203,2605,1.9793561670230702,1.9763193749822676,,,,False,not_applicable,,False,not_applicable,,False,not_applicable,"[2, 0, 0]",True,,"[0.9989, -0.0461, -0.0175]",True,,"[0.0, -0.0007, -0.0001]",True,,"[0.9989355802536011, -0.04612710326910019, -0.017471550032496452]","[0.9990511536598206, -0.043552130460739136, 0.05155132710933685]","[1, 1, 1]","[0.9990511536598206, -0.043552130460739136, 0.05155132710933685]","[0.00011557340621948242, 0.0025749728083610535, 0.0690228771418333]",,2.5434141515123798e-05,0.0025775658785418543,,-0.0006992322125225492,
7271bd86f4fa4ed4b0ad3e941081dba7c6f851f0d6fd8df3b8a677eaac8bc890,3.5__Pendulum-v1__next-state__H30,Pendulum-v1,next-state,30,24,53,data/llmx_data/offline_data/physics_data/raw_transitions/Pendulum-v1/episodes/episode_0.npz,835,experiments/03_1_gpt35_history_n30_joint/results/records.jsonl,experiments/03_1_gpt35_history_n30_joint/results/runs/3.5__Pendulum-v1__next-state__H30/episode_000/predictions.jsonl,a6990fa9c1817a9fb82f8b2f1fa08143bb0e009e0d639e1ef44adcff4c69996f,True,2405,214,2619,2.1108209579251707,2.1060093339765444,,,,False,not_applicable,,False,not_applicable,,False,not_applicable,"[2, 0, 1]",True,,"[0.9991, -0.0436, 0.0516]",True,,"[0.0, -0.0005, 0.0]",True,,"[0.9990511536598206, -0.043552130460739136, 0.05155132710933685]","[0.9986029863357544, -0.052839599549770355, -0.1859661489725113]","[0, 0, 0]","[0.9986029863357544, -0.052839599549770355, -0.1859661489725113]","[-0.0004481673240661621, -0.00928746908903122, -0.23751747608184814]",,-4.569443125612693e-05,-0.009298309599197196,,-0.0004995146599693356,
84f340c074ad60842e63c7f99f36bf98b45ef315866014ccf13e6c2a1b720642,3.5__Pendulum-v1__next-state__H30,Pendulum-v1,next-state,30,25,54,data/llmx_data/offline_data/physics_data/raw_transitions/Pendulum-v1/episodes/episode_0.npz,836,experiments/03_1_gpt35_history_n30_joint/results/records.jsonl,experiments/03_1_gpt35_history_n30_joint/results/runs/3.5__Pendulum-v1__next-state__H30/episode_000/predictions.jsonl,1757b9e8f3f147fc821d57a16fad3abc03a46c67bae3b9cf15f236dc13cfa2dd,True,2395,241,2636,2.9314268329180777,2.9282757500186563,,,,False,not_applicable,,False,not_applicable,,False,not_applicable,"[0, 0, 1]",True,,"[0.9984, -0.0558, -0.136]",True,,"[-0.0002, -0.003, 0.05]",True,,"[0.9986029863357544, -0.052839599549770355, -0.1859661489725113]","[0.9987926483154297, -0.049124229699373245, 0.07440415769815445]","[1, 1, 1]","[0.9987926483154297, -0.049124229699373245, 0.07440415769815445]","[0.00018966197967529297, 0.00371536985039711, 0.26037030667066574]",,-0.002967119203147739,0.0037202098733879474,,-0.0030064918511190086,
367dd943b962ccfc2c55d6757db75f58eff1e7da30594de8583276f19dd39df6,3.5__Pendulum-v1__next-state__H30,Pendulum-v1,next-state,30,26,55,data/llmx_data/offline_data/physics_data/raw_transitions/Pendulum-v1/episodes/episode_0.npz,837,experiments/03_1_gpt35_history_n30_joint/results/records.jsonl,experiments/03_1_gpt35_history_n30_joint/results/runs/3.5__Pendulum-v1__next-state__H30/episode_000/predictions.jsonl,553785d995a39b89bc77e16574a1a4a7911a15a64453f0b680978dbbc1700b45,True,2402,355,2757,4.44112908304669,4.43753341701813,,,,False,not_applicable,,False,not_applicable,,False,not_applicable,"[2, 1, 0]",True,,"[0.9988, 0.0253, 0.070285521]",True,,"[0.0, 0.0744, -0.004114478998029511]",True,,"[0.9987926483154297, -0.049124229699373245, 0.07440415769815445]","[0.9984716773033142, -0.05526575818657875, -0.12299840897321701]","[0, 0, 0]","[0.9984716773033142, -0.05526575818657875, -0.12299840897321701]","[-0.0003209710121154785, -0.006141528487205505, -0.19740256667137146]",,0.07446899122736061,-0.0061499199112047265,,0.07444493410612951,
b08799db0a6a19664f87e1009242d4f879652e3429de69455f4b8247fa19d6d8,3.5__Pendulum-v1__next-state__H30,Pendulum-v1,next-state,30,27,56,data/llmx_data/offline_data/physics_data/raw_transitions/Pendulum-v1/episodes/episode_0.npz,838,experiments/03_1_gpt35_history_n30_joint/results/records.jsonl,experiments/03_1_gpt35_history_n30_joint/results/runs/3.5__Pendulum-v1__next-state__H30/episode_000/predictions.jsonl,091a68a1ac3eb332196f32d10909879d6da70e34736f5d1e5b33ec4bcd30aeb1,True,2398,218,2616,3.009274624986574,3.0062342500314116,,,,False,not_applicable,,False,not_applicable,,False,not_applicable,"[2, 2, 1]",True,,"[0.9985, -0.0553, -0.115]",True,,"[0.0, 0.0, 0.008]",True,,"[0.9984716773033142, -0.05526575818657875, -0.12299840897321701]","[0.9987081289291382, -0.050813525915145874, 0.0891701951622963]","[1, 1, 1]","[0.9987081289291382, -0.050813525915145874, 0.0891701951622963]","[0.0002364516258239746, 0.004452232271432877, 0.2121686041355133]",,-3.262322144381713e-05,0.004458510416982975,,0.0,
a82cce215cf5f57f1cbb7059d5239c380259c88965867f2fbec7f65deb075774,3.5__Pendulum-v1__next-state__H30,Pendulum-v1,next-state,30,28,57,data/llmx_data/offline_data/physics_data/raw_transitions/Pendulum-v1/episodes/episode_0.npz,839,experiments/03_1_gpt35_history_n30_joint/results/records.jsonl,experiments/03_1_gpt35_history_n30_joint/results/runs/3.5__Pendulum-v1__next-state__H30/episode_000/predictions.jsonl,66935038997f21c88da1d9f66466be31fa82a4dfed2eac546d9107856a1926fa,True,2395,190,2585,3.1439069169573486,3.1384076250251383,,,,False,not_applicable,,False,not_applicable,,False,not_applicable,"[2, 2, 0]",True,,"[0.9986, -0.0508, 0.0852]",True,,"[-0.0001, 0.0, -0.004]",True,,"[0.9987081289291382, -0.050813525915145874, 0.0891701951622963]","[0.9988009333610535, -0.048956312239170074, 0.03719057887792587]","[2, 1, 0]","[0.9988009333610535, -0.048956312239170074, 0.03719057887792587]","[9.28044319152832e-05, 0.0018572136759757996, -0.05197961628437042]",,8.014900767072675e-06,0.0018595312188565138,,-5.081860419586803e-06,
051f95f5e7636460cb104882cdf801af675a3f52fcbc391f16b02817115920ad,3.5__Pendulum-v1__next-state__H30,Pendulum-v1,next-state,30,29,58,data/llmx_data/offline_data/physics_data/raw_transitions/Pendulum-v1/episodes/episode_0.npz,840,experiments/03_1_gpt35_history_n30_joint/results/records.jsonl,experiments/03_1_gpt35_history_n30_joint/results/runs/3.5__Pendulum-v1__next-state__H30/episode_000/predictions.jsonl,778ad9d22354c5f629813fc7e9eeb80834a26b56b376453bd974808c916e99f7,True,2390,238,2628,2.3929210000205785,2.383651291951537,,,,False,not_applicable,,False,not_applicable,,False,not_applicable,"[2, 2, 1]",True,,"[0.9988, -0.049, 0.0372]",True,,"[0.0, -0.0, 0.0]",True,,"[0.9988009333610535, -0.048956312239170074, 0.03719057887792587]","[0.9988608360290527, -0.04771779850125313, 0.024799320846796036]","[2, 1, 0]","[0.9988608360290527, -0.04771779850125313, 0.024799320846796036]","[5.990266799926758e-05, 0.0012385137379169464, -0.012391258031129837]",,-4.368101638574373e-05,0.001239961619388108,,0.0,
bd33f4fa666170c09d222255b86303bd26214a9d1edcec8c6ec44fe18e1e141b,3.5__Pendulum-v1__last-state__H5,Pendulum-v1,last-state,5,0,5,data/llmx_data/offline_data/physics_data/raw_transitions/Pendulum-v1/episodes/episode_0.npz,841,experiments/03_1_gpt35_history_n30_joint/results/records.jsonl,experiments/03_1_gpt35_history_n30_joint/results/runs/3.5__Pendulum-v1__last-state__H5/episode_000/predictions.jsonl,a0fddba3c2695a3ee348b5bf03df5876c82975ccc84954b887030f5bee0ac3ca,False,1273,462,1735,6.915045624948107,6.911487292032689,,,,False,not_applicable,,False,not_applicable,,False,not_applicable,,False,non_literal_or_placeholder,"[0.9897, 0.1431, 0.0608]",True,,"[0.0028, -0.021, -0.3539]",True,,"[0.9906234741210938, 0.13662053644657135, -0.13187536597251892]","[0.9925193190574646, 0.122087761759758, -0.293120801448822]","[1, 0, 0]","[0.9906234741210938, 0.13662053644657135, -0.13187536597251892]","[0.0018958449363708496, -0.014532774686813354, -0.1612454354763031]",,-0.021201017518955645,-0.014656043350475212,,-0.02118614079136627,
82d69a46874f3abca77af59b7c0bc74efb5381fcdd6d9f28459f236ee60c267c,3.5__Pendulum-v1__last-state__H5,Pendulum-v1,last-state,5,1,6,data/llmx_data/offline_data/physics_data/raw_transitions/Pendulum-v1/episodes/episode_0.npz,842,experiments/03_1_gpt35_history_n30_joint/results/records.jsonl,experiments/03_1_gpt35_history_n30_joint/results/runs/3.5__Pendulum-v1__last-state__H5/episode_000/predictions.jsonl,d84f8bfe7538fd269e816d8b8e337651429208a271b74bf0990ac2bbad67323d,False,1276,237,1513,1.8668968749698251,1.8633222080534324,,,,False,not_applicable,,False,not_applicable,,False,not_applicable,,False,missing_marker,"[0.9948, 0.102, -0.4037]",True,,"[0.0042, -0.034, -0.3346]",True,,"[0.9925193190574646, 0.122087761759758, -0.293120801448822]","[0.9947812557220459, 0.10203072428703308, -0.4036903977394104]","[1, 0, 0]","[0.9925193190574646, 0.122087761759758, -0.293120801448822]","[0.002261936664581299, -0.020057037472724915, -0.11056959629058838]",,3.247593282429406e-05,-0.020184522150382467,,-0.0342619808969431,
7d29a6ee9e89ccd00f1ca801eb86a6e56d3738cbeb761509498fd56cdd3172e1,3.5__Pendulum-v1__last-state__H5,Pendulum-v1,last-state,5,2,7,data/llmx_data/offline_data/physics_data/raw_transitions/Pendulum-v1/episodes/episode_0.npz,843,experiments/03_1_gpt35_history_n30_joint/results/records.jsonl,experiments/03_1_gpt35_history_n30_joint/results/runs/3.5__Pendulum-v1__last-state__H5/episode_000/predictions.jsonl,0c872d2f632af4de91f2e9b62506db8e7a731780d82d9a775cc921d03542a58b,True,1280,187,1467,2.4256516250316054,2.421992624993436,,,,False,not_applicable,,False,not_applicable,,False,not_applicable,"[2, 0, 0]",True,,"[0.9917, 0.1286, 0.4368]",True,,"[0.0053, -0.0482, -0.9434]",True,,"[0.9947812557220459, 0.10203072428703308, -0.4036903977394104]","[0.9970461130142212, 0.0768052414059639, -0.5065526366233826]","[1, 0, 0]","[0.9947812557220459, 0.10203072428703308, -0.4036903977394104]","[0.002264857292175293, -0.025225482881069183, -0.10286223888397217]",,-0.052075728050643644,-0.025327630226256836,,-0.04850342741707525,
470ae9fc38f1e01498d8cb1f880c51e341960e7c4b84ab6ec91c2ff003a3b99f,3.5__Pendulum-v1__last-state__H5,Pendulum-v1,last-state,5,3,8,data/llmx_data/offline_data/physics_data/raw_transitions/Pendulum-v1/episodes/episode_0.npz,844,experiments/03_1_gpt35_history_n30_joint/results/records.jsonl,experiments/03_1_gpt35_history_n30_joint/results/runs/3.5__Pendulum-v1__last-state__H5/episode_000/predictions.jsonl,b95896a6097b6fa15bdbf9c01221b26d51a69e681321d248514610ac6679b794,True,1282,380,1662,3.114232041989453,3.1094067910453305,,,,False,not_applicable,,False,not_applicable,,False,not_applicable,"[2, 2, 0]",True,,"[0.9992, 0.0394, -0.7489]",True,,"[0.0086, -0.0972, -0.617]",True,,"[0.9970461130142212, 0.0768052414059639, -0.5065526366233826]","[0.9992225766181946, 0.03942330181598663, -0.7489486932754517]","[1, 0, 0]","[0.9970461130142212, 0.0768052414059639, -0.5065526366233826]","[0.0021764636039733887, -0.037381939589977264, -0.2423960566520691]",,2.2394182559448694e-05,-0.037447433836181876,,-0.09761849162183456,
260aab04b326285b050fa3dac10abaa38a63956f53832ac3a102ef4aa84a65df,3.5__Pendulum-v1__last-state__H5,Pendulum-v1,last-state,5,4,9,data/llmx_data/offline_data/physics_data/raw_transitions/Pendulum-v1/episodes/episode_0.npz,845,experiments/03_1_gpt35_history_n30_joint/results/records.jsonl,experiments/03_1_gpt35_history_n30_joint/results/runs/3.5__Pendulum-v1__last-state__H5/episode_000/predictions.jsonl,ec61246a121f5ee1d6d02e7c2efe6bf1a565164316234a1dd6969c1d88941a91,True,1282,191,1473,2.2057354589924216,2.2027628750074655,,,,False,not_applicable,,False,not_applicable,,False,not_applicable,"[1, 0, 0]",True,,"[0.9998, 0.0155, -0.4768]",True,,"[0.0001, 0.0001, 0.0]",True,,"[0.9992225766181946, 0.03942330181598663, -0.7489486932754517]","[0.9998784065246582, 0.015594623051583767, -0.47676530480384827]","[1, 0, 1]","[0.9992225766181946, 0.03942330181598663, -0.7489486932754517]","[0.000655829906463623, -0.023828678764402866, 0.2721833884716034]",,9.339628349636087e-05,-0.023838266747059134,,9.843837220158136e-05,
9f7d8301d480fef59f653e6dcf1ee92193acc3de989789b11c674c2603a18a26,3.5__Pendulum-v1__last-state__H5,Pendulum-v1,last-state,5,5,10,data/llmx_data/offline_data/physics_data/raw_transitions/Pendulum-v1/episodes/episode_0.npz,846,experiments/03_1_gpt35_history_n30_joint/results/records.jsonl,experiments/03_1_gpt35_history_n30_joint/results/runs/3.5__Pendulum-v1__last-state__H5/episode_000/predictions.jsonl,fcfb9a1ac310195a82e9c7c81c013060639ea2be888faa6bd26363d640a9ed21,True,1285,239,1524,2.0033694580197334,2.0002814999315888,,,,False,not_applicable,,False,not_applicable,,False,not_applicable,"[1, 0, 1]",True,,"[0.9992, 0.0394, -0.7489]",True,,"[0.0008, -0.0345, 0.5547]",True,,"[0.9998784065246582, 0.015594623051583767, -0.47676530480384827]","[0.999982476234436, 0.005916144233196974, -0.19358153641223907]","[2, 0, 1]","[0.9998784065246582, 0.015594623051583767, -0.47676530480384827]","[0.00010406970977783203, -0.009678478818386793, 0.2831837683916092]",,-0.0334949487276881,-0.009679076163188416,,-0.03451099499860666,
40c01ab764fe271e35fc7d664972f95184d8cb3c501514e3b85054caaa074de7,3.5__Pendulum-v1__last-state__H5,Pendulum-v1,last-state,5,6,11,data/llmx_data/offline_data/physics_data/raw_transitions/Pendulum-v1/episodes/episode_0.npz,847,experiments/03_1_gpt35_history_n30_joint/results/records.jsonl,experiments/03_1_gpt35_history_n30_joint/results/runs/3.5__Pendulum-v1__last-state__H5/episode_000/predictions.jsonl,bc9d5335e52019aa3a9547ee9b85810ca5f4628d2beb036448c74917d59e52a9,True,1283,207,1490,2.115856333053671,2.1113991249585524,,,,False,not_applicable,,False,not_applicable,,False,not_applicable,"[1, 0, 2]",True,,"[0.9992, 0.0394, -0.7489]",True,,"[0.0008, -0.0453, 0.5101]",True,,"[0.999982476234436, 0.005916144233196974, -0.19358153641223907]","[0.9999824166297913, -0.005934370215982199, -0.23701167106628418]","[2, 0, 0]","[0.999982476234436, 0.005916144233196974, -0.19358153641223907]","[-5.960464477539063e-08, -0.011850514449179173, -0.043430134654045105]",,-0.04534553250922624,-0.011850583781538138,,-0.04531188035574818,
b1b6a5743cd69048cd14e147550a98461d4f010cddc59dc8ca514d77bb93d5ff,3.5__Pendulum-v1__last-state__H5,Pendulum-v1,last-state,5,7,12,data/llmx_data/offline_data/physics_data/raw_transitions/Pendulum-v1/episodes/episode_0.npz,848,experiments/03_1_gpt35_history_n30_joint/results/records.jsonl,experiments/03_1_gpt35_history_n30_joint/results/runs/3.5__Pendulum-v1__last-state__H5/episode_000/predictions.jsonl,073fa00c8e0849463d98bfd9d6c7e7202b4a3dd52a5f6153c5b35b03929dd8c8,False,1282,219,1501,2.636545667075552,2.63275099999737,,,,False,not_applicable,,False,not_applicable,,False,not_applicable,"[0, 1, 0]",True,,,False,non_literal_or_placeholder,,False,non_literal_or_placeholder,"[0.9999824166297913, -0.005934370215982199, -0.23701167106628418]","[0.9999724626541138, -0.007423984818160534, -0.02979295700788498]","[2, 0, 1]","[0.9999824166297913, -0.005934370215982199, -0.23701167106628418]","[-9.953975677490234e-06, -0.0014896146021783352, 0.2072187140583992]",,,-0.0014896479627681813,component_parse_failure,,component_parse_failure
469f7927a4d2edb77a36ca6672d6b836aff866703994892197ca27b436620b03,3.5__Pendulum-v1__last-state__H5,Pendulum-v1,last-state,5,8,13,data/llmx_data/offline_data/physics_data/raw_transitions/Pendulum-v1/episodes/episode_0.npz,849,experiments/03_1_gpt35_history_n30_joint/results/records.jsonl,experiments/03_1_gpt35_history_n30_joint/results/runs/3.5__Pendulum-v1__last-state__H5/episode_000/predictions.jsonl,f192079c93ba9b1da495e43d5913d156b6352dbb5de384e0f873e8b6ddfad8aa,False,1281,261,1542,2.041292665991932,2.0382112079532817,,,,False,not_applicable,,False,not_applicable,,False,not_applicable,,False,missing_marker,,False,non_literal_or_placeholder,,False,non_literal_or_placeholder,"[0.9999724626541138, -0.007423984818160534, -0.02979295700788498]","[0.9998001456260681, -0.019991308450698853, -0.25137174129486084]","[0, 0, 0]","[0.9999724626541138, -0.007423984818160534, -0.02979295700788498]","[-0.0001723170280456543, -0.012567323632538319, -0.22157878428697586]",,,-0.01256858758836632,component_parse_failure,,component_parse_failure
78a469c35619cf7b57d479e2435a14f8c5541594ae0febb01dbad5ab44f62a8e,3.5__Pendulum-v1__last-state__H5,Pendulum-v1,last-state,5,9,14,data/llmx_data/offline_data/physics_data/raw_transitions/Pendulum-v1/episodes/episode_0.npz,850,experiments/03_1_gpt35_history_n30_joint/results/records.jsonl,experiments/03_1_gpt35_history_n30_joint/results/runs/3.5__Pendulum-v1__last-state__H5/episode_000/predictions.jsonl,e3c04fc5da6555e1ff1099d7cf11b7b82b48dff59f3eb5c35fcca40bd33e3d1b,True,1281,191,1472,1.8417073340388015,1.839285625028424,,,,False,not_applicable,,False,not_applicable,,False,not_applicable,"[2, 0, 0]",True,,"[1.0, -0.0205, -0.01]",True,,"[0.0, -0.0254, -0.0186]",True,,"[0.9998001456260681, -0.019991308450698853, -0.25137174129486084]","[0.9997900724411011, -0.020489785820245743, -0.009971588850021362]","[2, 0, 1]","[0.9998001456260681, -0.019991308450698853, -0.25137174129486084]","[-1.0073184967041016e-05, -0.0004984773695468903, 0.24140015244483948]",,5.909423149930149e-06,-0.0004985791425005104,,-0.025402425291489283,
d56b053857b45973c5da7422382cd3c5e75aa8998d685a05df5d0d43826f31b5,3.5__Pendulum-v1__last-state__H5,Pendulum-v1,last-state,5,10,15,data/llmx_data/offline_data/physics_data/raw_transitions/Pendulum-v1/episodes/episode_0.npz,851,experiments/03_1_gpt35_history_n30_joint/results/records.jsonl,experiments/03_1_gpt35_history_n30_joint/results/runs/3.5__Pendulum-v1__last-state__H5/episode_000/predictions.jsonl,f51a435c79c42e6a05dbcee4d5d58a0c760248453fdcccd4cd637b2b8336c64e,True,1281,227,1508,2.1820400409633294,2.17827887495514,,,,False,not_applicable,,False,not_applicable,,False,not_applicable,"[0, 0, 1]",True,,"[0.9996, -0.0289, -0.1678]",True,,"[-0.0004, -0.021, 0.0592]",True,,"[0.9997900724411011, -0.020489785820245743, -0.009971588850021362]","[0.9995829463005066, -0.02887735143303871, -0.16780294477939606]","[0, 0, 0]","[0.9997900724411011, -0.020489785820245743, -0.009971588850021362]","[-0.00020712614059448242, -0.008387565612792969, -0.1578313559293747]",,2.2146264322397968e-05,-0.008390147287687721,,-0.02100404404592915,
e3fe10f08abf2a3277b4595b86a30bb5811092a670f64354853aae02bc95ba26,3.5__Pendulum-v1__last-state__H5,Pendulum-v1,last-state,5,11,16,data/llmx_data/offline_data/physics_data/raw_transitions/Pendulum-v1/episodes/episode_0.npz,852,experiments/03_1_gpt35_history_n30_joint/results/records.jsonl,experiments/03_1_gpt35_history_n30_joint/results/runs/3.5__Pendulum-v1__last-state__H5/episode_000/predictions.jsonl,bf325b9e77cd5528ffecb01816849e969388f8429b8ae288e0233ca50a46f4dc,True,1279,397,1676,2.4710389169631526,2.4669688750291243,,,,False,not_applicable,,False,not_applicable,,False,not_applicable,"[2, 0, 0]",True,,"[0.9994, -0.0343, -0.1079]",True,,"[-0.0006, -0.0138, -0.0979]",True,,"[0.9995829463005066, -0.02887735143303871, -0.16780294477939606]","[0.9994127154350281, -0.03426744043827057, -0.1078556627035141]","[0, 0, 1]","[0.9995829463005066, -0.02887735143303871, -0.16780294477939606]","[-0.00017023086547851562, -0.005390089005231857, 0.05994728207588196]",,3.2976546577412336e-05,-0.005392783000820245,,-0.013809826911507006,
063aff3596cb3d050cc0dbba87639e14efc4b9f5e5965d7c0d22e63d0725acca,3.5__Pendulum-v1__last-state__H5,Pendulum-v1,last-state,5,12,17,data/llmx_data/offline_data/physics_data/raw_transitions/Pendulum-v1/episodes/episode_0.npz,853,experiments/03_1_gpt35_history_n30_joint/results/records.jsonl,experiments/03_1_gpt35_history_n30_joint/results/runs/3.5__Pendulum-v1__last-state__H5/episode_000/predictions.jsonl,67cb86215419cf58dcb18c3beb2c915bac8d0b42c73c761d5c40c1c17f3a3fdb,True,1277,190,1467,2.175830458989367,2.172588999965228,,,,False,not_applicable,,False,not_applicable,,False,not_applicable,"[1, 0, 0]",True,,"[0.9992, -0.0408, -0.1298]",True,,"[-0.0004, -0.02, -0.11]",True,,"[0.9994127154350281, -0.03426744043827057, -0.1078556627035141]","[0.9991692304611206, -0.04075324162840843, -0.12980759143829346]","[0, 0, 0]","[0.9994127154350281, -0.03426744043827057, -0.1078556627035141]","[-0.0002434849739074707, -0.006485801190137863, -0.021951928734779358]",,4.546408430483595e-05,-0.006490381318029481,,-0.020005328389080645,
7c05cdfc02c29615c8acba74e02893407ea17833c4afce92a4f228ac1856f836,3.5__Pendulum-v1__last-state__H5,Pendulum-v1,last-state,5,13,18,data/llmx_data/offline_data/physics_data/raw_transitions/Pendulum-v1/episodes/episode_0.npz,854,experiments/03_1_gpt35_history_n30_joint/results/records.jsonl,experiments/03_1_gpt35_history_n30_joint/results/runs/3.5__Pendulum-v1__last-state__H5/episode_000/predictions.jsonl,51932a40eae1120466efe7bf02d28f5796391b5a8eceb2556ec638cda0e15393,True,1279,305,1584,3.0281892919447273,3.0243123340187594,,,,False,not_applicable,,False,not_applicable,,False,not_applicable,"[2, 0, 0]",True,,"[0.9991, -0.0435, -0.0541]",True,,"[-0.0003, -0.013, -0.0063]",True,,"[0.9991692304611206, -0.04075324162840843, -0.12980759143829346]","[0.9990554451942444, -0.043453626334667206, -0.054055679589509964]","[0, 0, 1]","[0.9991692304611206, -0.04075324162840843, -0.12980759143829346]","[-0.0001137852668762207, -0.002700384706258774, 0.07575191184878349]",,4.4391729494108745e-05,-0.002702781747732086,,-0.013003472364535806,
5ade9b0639b823e9bdd3093f5bede42b63155f1f2b12309e00f4cf3ce8e52179,3.5__Pendulum-v1__last-state__H5,Pendulum-v1,last-state,5,14,19,data/llmx_data/offline_data/physics_data/raw_transitions/Pendulum-v1/episodes/episode_0.npz,855,experiments/03_1_gpt35_history_n30_joint/results/records.jsonl,experiments/03_1_gpt35_history_n30_joint/results/runs/3.5__Pendulum-v1__last-state__H5/episode_000/predictions.jsonl,086e88e53e1c6c8d12821c9c3ff17ea56f8aef8b5b1140c2b846d1dc7f80b2d2,True,1280,247,1527,2.1573244580067694,2.1538875830592588,,,,False,not_applicable,,False,not_applicable,,False,not_applicable,"[1, 0, 2]",True,,"[0.9991, -0.0433, 0.0024]",True,,"[-0.0001, -0.003, 0.0024]",True,,"[0.9990554451942444, -0.043453626334667206, -0.054055679589509964]","[0.9990607500076294, -0.04333146661520004, 0.002445479156449437]","[2, 1, 1]","[0.9990554451942444, -0.043453626334667206, -0.054055679589509964]","[5.304813385009766e-06, 0.00012215971946716309, 0.0565011587459594]",,-3.3136565756652914e-05,0.00012227484669713462,,-0.0030015967009502376,
d026f7333ea3a36cf321bad96e0258aaa0e2a74302b0d18450566551e8028022,3.5__Pendulum-v1__last-state__H5,Pendulum-v1,last-state,5,15,20,data/llmx_data/offline_data/physics_data/raw_transitions/Pendulum-v1/episodes/episode_0.npz,856,experiments/03_1_gpt35_history_n30_joint/results/records.jsonl,experiments/03_1_gpt35_history_n30_joint/results/runs/3.5__Pendulum-v1__last-state__H5/episode_000/predictions.jsonl,1aa66dab91835f807fd7e4a7f960058e4fc764fd6dfad11c9041e6d646a5f390,True,1278,188,1466,2.899166041985154,2.8880157499806955,,,,False,not_applicable,,False,not_applicable,,False,not_applicable,"[0, 0, 1]",True,,"[0.999, -0.0442, -0.0167]",True,,"[-0.0002, -0.0007, 0.0275]",True,,"[0.9990607500076294, -0.04333146661520004, 0.002445479156449437]","[0.9990241527557373, -0.04416710510849953, -0.016728738322854042]","[2, 0, 0]","[0.9990607500076294, -0.04333146661520004, 0.002445479156449437]","[-3.6597251892089844e-05, -0.0008356384932994843, -0.01917421747930348]",,3.393031812093383e-05,-0.000836439534512845,,-0.0007080306382385437,
26a269c3b8eadc8f5516022f243bbba433b60485c95a1c1af70f79701b9197d6,3.5__Pendulum-v1__last-state__H5,Pendulum-v1,last-state,5,16,21,data/llmx_data/offline_data/physics_data/raw_transitions/Pendulum-v1/episodes/episode_0.npz,857,experiments/03_1_gpt35_history_n30_joint/results/records.jsonl,experiments/03_1_gpt35_history_n30_joint/results/runs/3.5__Pendulum-v1__last-state__H5/episode_000/predictions.jsonl,e5c74239d8dd6f13bdb704e1d476278f0f3890d7ba362d4cfaf8121ac8186487,True,1280,250,1530,2.111081750015728,2.1078660000348464,,,,False,not_applicable,,False,not_applicable,,False,not_applicable,"[2, 0, 1]",True,,"[0.9991, -0.0433, 0.0024]",True,,"[0.0, 0.0025, 0.0443]",True,,"[0.9990241527557373, -0.04416710510849953, -0.016728738322854042]","[0.9991245269775391, -0.04183581843972206, 0.046668872237205505]","[2, 1, 1]","[0.9990241527557373, -0.04416710510849953, -0.016728738322854042]","[0.00010037422180175781, 0.002331286668777466, 0.06339761056005955]",,0.0014638708903098596,0.0023334469905793576,,0.0024975447666668593,
8941228fa34a6c64da800dfae6d5fedc6fca7c8b7d6081b27c25194f76b2c01b,3.5__Pendulum-v1__last-state__H5,Pendulum-v1,last-state,5,17,22,data/llmx_data/offline_data/physics_data/raw_transitions/Pendulum-v1/episodes/episode_0.npz,858,experiments/03_1_gpt35_history_n30_joint/results/records.jsonl,experiments/03_1_gpt35_history_n30_joint/results/runs/3.5__Pendulum-v1__last-state__H5/episode_000/predictions.jsonl,e1e9926492344bdd3a95c913a3183f141b89b89e1925926f383a041ad63c4169,True,1280,198,1478,2.263391291955486,2.259883166057989,,,,False,not_applicable,,False,not_applicable,,False,not_applicable,"[2, 0, 2]",True,,"[0.999, -0.0442, -0.0167]",True,,"[-0.0002, -0.005, 0.1311]",True,,"[0.9991245269775391, -0.04183581843972206, 0.046668872237205505]","[0.9987881183624268, -0.04921717941761017, -0.14778077602386475]","[0, 0, 0]","[0.9991245269775391, -0.04183581843972206, 0.046668872237205505]","[-0.0003364086151123047, -0.007381360977888107, -0.19444964826107025]",,-0.005021662313229758,-0.007389039621929605,,-0.0050039739077862855,
b0cd62e99d85cb16833359f19f696833bfbbde9eaad642a2a8c1fa29e8936fb8,3.5__Pendulum-v1__last-state__H5,Pendulum-v1,last-state,5,18,23,data/llmx_data/offline_data/physics_data/raw_transitions/Pendulum-v1/episodes/episode_0.npz,859,experiments/03_1_gpt35_history_n30_joint/results/records.jsonl,experiments/03_1_gpt35_history_n30_joint/results/runs/3.5__Pendulum-v1__last-state__H5/episode_000/predictions.jsonl,73f0224daafaf1f0027d590cd4dca3ff03c76a9fccf431bc3d3f18c6f89e84ab,True,1283,215,1498,2.6391511250985786,2.6364334169775248,,,,False,not_applicable,,False,not_applicable,,False,not_applicable,"[0, 1, 2]",True,,"[0.9991, -0.0438, -0.0285]",True,,"[-0.0002, 0.0039, 0.0285]",True,,"[0.9987881183624268, -0.04921717941761017, -0.14778077602386475]","[0.9988572001457214, -0.04779377579689026, 0.02850165218114853]","[2, 1, 1]","[0.9987881183624268, -0.04921717941761017, -0.14778077602386475]","[6.908178329467773e-05, 0.0014234036207199097, 0.17628242820501328]",,-0.004000588273771033,0.0014250791258496598,,0.0038844649165095113,
5a923fcfee37d30e02804f1aa33a60b7d883d2f1e8d38462e6ca72a9df7d8fda,3.5__Pendulum-v1__last-state__H5,Pendulum-v1,last-state,5,19,24,data/llmx_data/offline_data/physics_data/raw_transitions/Pendulum-v1/episodes/episode_0.npz,860,experiments/03_1_gpt35_history_n30_joint/results/records.jsonl,experiments/03_1_gpt35_history_n30_joint/results/runs/3.5__Pendulum-v1__last-state__H5/episode_000/predictions.jsonl,a8ccdfcd5ddc3977988fc2bfcc8c64af9c69999c29a9b78f8f7dc8cbce3dfce1,True,1282,185,1467,1.4946263750316575,1.491329542011954,,,,False,not_applicable,,False,not_applicable,,False,not_applicable,"[0, 1, 1]",True,,"[0.999, -0.0457, 0.0428]",True,,"[-0.0001, 0.0009, 0.0001]",True,,"[0.9988572001457214, -0.04779377579689026, 0.02850165218114853]","[0.9989572763442993, -0.045654717832803726, 0.04282792657613754]","[2, 1, 1]","[0.9988572001457214, -0.04779377579689026, 0.02850165218114853]","[0.00010007619857788086, 0.0021390579640865326, 0.014326274394989014]",,4.3282477492745386e-05,0.002141398164361874,,0.0008943697517915794,
272d02361d6a6c18298387c4f085f136b162f21732812139eaba3e071f48eb70,3.5__Pendulum-v1__last-state__H5,Pendulum-v1,last-state,5,20,25,data/llmx_data/offline_data/physics_data/raw_transitions/Pendulum-v1/episodes/episode_0.npz,861,experiments/03_1_gpt35_history_n30_joint/results/records.jsonl,experiments/03_1_gpt35_history_n30_joint/results/runs/3.5__Pendulum-v1__last-state__H5/episode_000/predictions.jsonl,fb622b0be27c4fa614ea701f257f20b2d1f50f45806f788cc8e1ed05328d18c8,True,1284,244,1528,2.5524000000441447,2.54951370798517,,,,False,not_applicable,,False,not_applicable,,False,not_applicable,"[2, 1, 0]",True,,"[0.9988, -0.0489, -0.0646]",True,,"[-0.0003, -0.0001, -0.1139]",True,,"[0.9989572763442993, -0.045654717832803726, 0.04282792657613754]","[0.9988046288490295, -0.04888022318482399, -0.06458229571580887]","[0, 0, 0]","[0.9989572763442993, -0.045654717832803726, 0.04282792657613754]","[-0.0001526474952697754, -0.0032255053520202637, -0.10741022229194641]",,1.9979507512868366e-05,-0.0032291168023403927,,-0.0001145107811577617,
964447dfd82d967a483207259e4e15eee26932a9b61903de694f58a08b7dec94,3.5__Pendulum-v1__last-state__H5,Pendulum-v1,last-state,5,21,26,data/llmx_data/offline_data/physics_data/raw_transitions/Pendulum-v1/episodes/episode_0.npz,862,experiments/03_1_gpt35_history_n30_joint/results/records.jsonl,experiments/03_1_gpt35_history_n30_joint/results/runs/3.5__Pendulum-v1__last-state__H5/episode_000/predictions.jsonl,27e2ad92fb2378be139d7ef876ea4230b329da1b2d1e49d05513de321c4ef1fd,True,1293,273,1566,2.587045166059397,2.583351291017607,,,,False,not_applicable,,False,not_applicable,,False,not_applicable,"[2, 0, 2]",True,,"[0.999, -0.0489, 0.0]",True,,"[-0.0001, 0.0, 0.0]",True,,"[0.9988046288490295, -0.04888022318482399, -0.06458229571580887]","[0.9988046884536743, -0.048878829926252365, 2.7872676582774147e-05]","[2, 2, 1]","[0.9988046288490295, -0.04888022318482399, -0.06458229571580887]","[5.960464477539063e-08, 1.3932585716247559e-06, 0.06461016839239164]",,1.1595895583749183e-05,1.3945066625886682e-06,,-4.887395102848302e-06,
5acc3664abb6cd0eb25fbe1c02865f88dfdfa95e3f59bb8fa5526a195383745f,3.5__Pendulum-v1__last-state__H5,Pendulum-v1,last-state,5,22,27,data/llmx_data/offline_data/physics_data/raw_transitions/Pendulum-v1/episodes/episode_0.npz,863,experiments/03_1_gpt35_history_n30_joint/results/records.jsonl,experiments/03_1_gpt35_history_n30_joint/results/runs/3.5__Pendulum-v1__last-state__H5/episode_000/predictions.jsonl,e50a37f1d29c485aef9547dfa818e657f94b531c5ac11b34d4e161bbebc9470d,True,1284,259,1543,2.3061300000408664,2.302165624918416,,,,False,not_applicable,,False,not_applicable,,False,not_applicable,"[0, 1, 1]",True,,"[0.9991, -0.0438, 0.0467]",True,,"[0.0009, 0.001, 0.0344]",True,,"[0.9988046884536743, -0.048878829926252365, 2.7872676582774147e-05]","[0.9989945888519287, -0.04483073577284813, 0.08105093985795975]","[1, 1, 1]","[0.9988046884536743, -0.048878829926252365, 2.7872676582774147e-05]","[0.00018990039825439453, 0.004048094153404236, 0.08102306718137697]",,-0.0010343636398739697,0.004052548765212993,,0.001040230525304775,
29aac71f20ca29098befd6b394dd6abcb13ab814a6c95c76b6ff93efc20ffa63,3.5__Pendulum-v1__last-state__H5,Pendulum-v1,last-state,5,23,28,data/llmx_data/offline_data/physics_data/raw_transitions/Pendulum-v1/episodes/episode_0.npz,864,experiments/03_1_gpt35_history_n30_joint/results/records.jsonl,experiments/03_1_gpt35_history_n30_joint/results/runs/3.5__Pendulum-v1__last-state__H5/episode_000/predictions.jsonl,a2f0378a1cc75f1ee48ddca04003f16a3720aa6669f6f336353a917fa27e3963,True,1292,212,1504,1.6427566249622032,1.639195041032508,,,,False,not_applicable,,False,not_applicable,,False,not_applicable,"[0, 1, 0]",True,,"[0.9986, -0.0528, -0.1588]",True,,"[-0.0002, 0.0, -0.0001]",True,,"[0.9989945888519287, -0.04483073577284813, 0.08105093985795975]","[0.9986070394515991, -0.05276350677013397, -0.15884503722190857]","[0, 0, 0]","[0.9989945888519287, -0.04483073577284813, 0.08105093985795975]","[-0.00038754940032958984, -0.007932770997285843, -0.23989597707986832]",,3.6814010022201415e-05,-0.007942252962589436,,-1.0550594101488286e-05,
e28130daf7010d9955d2278685d0a23bcf32b70ab79b71987eaf304eedf66610,3.5__Pendulum-v1__last-state__H5,Pendulum-v1,last-state,5,24,29,data/llmx_data/offline_data/physics_data/raw_transitions/Pendulum-v1/episodes/episode_0.npz,865,experiments/03_1_gpt35_history_n30_joint/results/records.jsonl,experiments/03_1_gpt35_history_n30_joint/results/runs/3.5__Pendulum-v1__last-state__H5/episode_000/predictions.jsonl,73deb9001e3feaf3c96c8cf5719001c041acfcecb54003ed975701ea74a81b37,True,1293,262,1555,2.8052038750611246,2.8010642499430105,,,,False,not_applicable,,False,not_applicable,,False,not_applicable,"[2, 1, 1]",True,,"[0.9988, -0.0484, 0.0878]",True,,"[-0.0002, 0.0004, 0.0067]",True,,"[0.9986070394515991, -0.05276350677013397, -0.15884503722190857]","[0.9988289475440979, -0.04838155210018158, 0.08775141835212708]","[1, 1, 1]","[0.9986070394515991, -0.05276350677013397, -0.15884503722190857]","[0.0002219080924987793, 0.004381954669952393, 0.24659645557403564]",,1.9827378241910054e-05,0.004387573401346767,,0.0003897698271160266,
9ffb630b101dd10c78ac0ec486adc528c11449eafb8cf26e9158edd33af03390,3.5__Pendulum-v1__last-state__H5,Pendulum-v1,last-state,5,25,30,data/llmx_data/offline_data/physics_data/raw_transitions/Pendulum-v1/episodes/episode_0.npz,866,experiments/03_1_gpt35_history_n30_joint/results/records.jsonl,experiments/03_1_gpt35_history_n30_joint/results/runs/3.5__Pendulum-v1__last-state__H5/episode_000/predictions.jsonl,0ee171a6f8565f0529543c66d8def6a0c213bef678b57fa0931256be89293ffa,False,1292,387,1679,4.163118041935377,4.1591083749663085,,,,False,not_applicable,,False,not_applicable,,False,not_applicable,,False,non_literal_or_placeholder,"[0.9986, -0.0525, -0.0818]",True,,"[0, 0.0003, 0.077]",True,,"[0.9988289475440979, -0.04838155210018158, 0.08775141835212708]","[0.9986226558685303, -0.05246696621179581, -0.08181242644786835]","[0, 0, 0]","[0.9988289475440979, -0.04838155210018158, 0.08775141835212708]","[-0.00020629167556762695, -0.004085414111614227, -0.16956384479999542]",,3.417768830304979e-05,-0.0040906219307621505,,0.0002995820749385203,
2e7fffa298b4b909762fc7a23716a0f11fd80cc6aef707659b40b4205597cf67,3.5__Pendulum-v1__last-state__H5,Pendulum-v1,last-state,5,26,31,data/llmx_data/offline_data/physics_data/raw_transitions/Pendulum-v1/episodes/episode_0.npz,867,experiments/03_1_gpt35_history_n30_joint/results/records.jsonl,experiments/03_1_gpt35_history_n30_joint/results/runs/3.5__Pendulum-v1__last-state__H5/episode_000/predictions.jsonl,51e15944169cb7798956d63aa22e5094e6b09a97d768c3cdc9afa1f99af4018d,True,1293,266,1559,2.3662776249693707,2.3625497500179335,,,,False,not_applicable,,False,not_applicable,,False,not_applicable,"[2, 0, 1]",True,,"[0.9989, -0.0475, 0.0994]",True,,"[0.0001, -0.0009, 0.0006]",True,,"[0.9986226558685303, -0.05246696621179581, -0.08181242644786835]","[0.9988710880279541, -0.0475035160779953, 0.09939341247081757]","[1, 1, 1]","[0.9986226558685303, -0.05246696621179581, -0.08181242644786835]","[0.0002484321594238281, 0.004963450133800507, 0.1812058389186859]",,-4.885388542152924e-06,0.004969668628717283,,-0.0008943609301885758,
c8abe0c529e8d5c89846873609e324eb68af0d4f00dae89b8f95fda25d53a4da,3.5__Pendulum-v1__last-state__H5,Pendulum-v1,last-state,5,27,32,data/llmx_data/offline_data/physics_data/raw_transitions/Pendulum-v1/episodes/episode_0.npz,868,experiments/03_1_gpt35_history_n30_joint/results/records.jsonl,experiments/03_1_gpt35_history_n30_joint/results/runs/3.5__Pendulum-v1__last-state__H5/episode_000/predictions.jsonl,cc1e6c28ae96c6d4cbb33509d2b84b738fc9924b780056959423daa3558748b1,False,1293,261,1554,2.2928374169860035,2.289160041953437,,,,False,not_applicable,,False,not_applicable,,False,not_applicable,"[0, 1, 2]",True,,,False,missing_marker,,False,missing_marker,"[0.9988710880279541, -0.0475035160779953, 0.09939341247081757]","[0.9986785650253296, -0.05139217525720596, -0.07786854356527328]","[0, 0, 0]","[0.9988710880279541, -0.0475035160779953, 0.09939341247081757]","[-0.00019252300262451172, -0.003888659179210663, -0.17726195603609085]",,,-0.0038934244520567596,component_parse_failure,,component_parse_failure
44e673a81b9071272335dcadf03de9ea94fc351830d17b4570f02fc6a71da173,3.5__Pendulum-v1__last-state__H5,Pendulum-v1,last-state,5,28,33,data/llmx_data/offline_data/physics_data/raw_transitions/Pendulum-v1/episodes/episode_0.npz,869,experiments/03_1_gpt35_history_n30_joint/results/records.jsonl,experiments/03_1_gpt35_history_n30_joint/results/runs/3.5__Pendulum-v1__last-state__H5/episode_000/predictions.jsonl,5a48facbd81e5546472cde3d7570715f2773159452aae68570f80a0fbfa30d07,True,1285,330,1615,3.3562530840281397,3.3521660839905962,,,,False,not_applicable,,False,not_applicable,,False,not_applicable,"[2, 0, 1]",True,,"[0.999, -0.0455, 0.1173]",True,,"[0.0, -0.0903, 0.0285]",True,,"[0.9986785650253296, -0.05139217525720596, -0.07786854356527328]","[0.9989628791809082, -0.04553241655230522, 0.11733325570821762]","[1, 1, 1]","[0.9986785650253296, -0.05139217525720596, -0.07786854356527328]","[0.0002843141555786133, 0.005859758704900742, 0.1952017992734909]",,-3.407191864246428e-05,0.005866660394375778,,-0.09033226054083965,
2c558f29602b8f15ba1112196efab34d16c25258102cd5db280df99206a32b16,3.5__Pendulum-v1__last-state__H5,Pendulum-v1,last-state,5,29,34,data/llmx_data/offline_data/physics_data/raw_transitions/Pendulum-v1/episodes/episode_0.npz,870,experiments/03_1_gpt35_history_n30_joint/results/records.jsonl,experiments/03_1_gpt35_history_n30_joint/results/runs/3.5__Pendulum-v1__last-state__H5/episode_000/predictions.jsonl,6cd48cead2635247913e7543e600fe10467fd124a1196bcadcc48c4751077dca,True,1285,240,1525,2.1456790409283713,2.142517292057164,,,,False,not_applicable,,False,not_applicable,,False,not_applicable,"[2, 0, 1]",True,,"[0.9986, -0.0525, -0.0818]",True,,"[0.0006, 0.0075, 0.1921]",True,,"[0.9989628791809082, -0.04553241655230522, 0.11733325570821762]","[0.9991986751556396, -0.04002482816576958, 0.11025278270244598]","[1, 1, 0]","[0.9989628791809082, -0.04553241655230522, 0.11733325570821762]","[0.0002357959747314453, 0.0055075883865356445, -0.007080473005771637]",,0.012489722853339824,0.005512640594000473,,0.007520114414333534,
2263a6b2537dc891bb2729d8f3dee733d86f8fcab0d108e635bc038a630f3267,3.5__Pendulum-v1__last-state__H10,Pendulum-v1,last-state,10,0,10,data/llmx_data/offline_data/physics_data/raw_transitions/Pendulum-v1/episodes/episode_0.npz,871,experiments/03_1_gpt35_history_n30_joint/results/records.jsonl,experiments/03_1_gpt35_history_n30_joint/results/runs/3.5__Pendulum-v1__last-state__H10/episode_000/predictions.jsonl,6170b848e5273b7d0ff45edeb139f5f778ddc6705095cc8568200d4f1baffbb4,True,1496,396,1892,5.153345625032671,5.149889625026844,,,,False,not_applicable,,False,not_applicable,,False,not_applicable,"[0, 1, 0]",True,,"[0.9992, 0.0394, -0.7489]",True,,"[0.0008, -0.0335, 0.5553]",True,,"[0.9998784065246582, 0.015594623051583767, -0.47676530480384827]","[0.999982476234436, 0.005916144233196974, -0.19358153641223907]","[2, 0, 1]","[0.9998784065246582, 0.015594623051583767, -0.47676530480384827]","[0.00010406970977783203, -0.009678478818386793, 0.2831837683916092]",,-0.0334949487276881,-0.009679076163188416,,-0.03351177155639595,
780035829f2eadd122b473b2ccd91543621803ba96cfd188629f686493cb8271,3.5__Pendulum-v1__last-state__H10,Pendulum-v1,last-state,10,1,11,data/llmx_data/offline_data/physics_data/raw_transitions/Pendulum-v1/episodes/episode_0.npz,872,experiments/03_1_gpt35_history_n30_joint/results/records.jsonl,experiments/03_1_gpt35_history_n30_joint/results/runs/3.5__Pendulum-v1__last-state__H10/episode_000/predictions.jsonl,f0608cb266043d51024ba638841b2d6cb03cbdebcf93fed60dded182bd437043,True,1498,192,1690,2.061366958077997,2.056470207986422,,,,False,not_applicable,,False,not_applicable,,False,not_applicable,"[1, 0, 0]",True,,"[0.9991, 0.0201, -0.4763]",True,,"[0.0009, -0.026, 0.2387]",True,,"[0.999982476234436, 0.005916144233196974, -0.19358153641223907]","[0.9999824166297913, -0.005934370215982199, -0.23701167106628418]","[2, 0, 0]","[0.999982476234436, 0.005916144233196974, -0.19358153641223907]","[-5.960464477539063e-08, -0.011850514449179173, -0.043430134654045105]",,-0.026049797664646768,-0.011850583781538138,,-0.026015763702704753,
49428ecc98072d303e654844ecc536d296dd4bdc45dfb5a4c6a4348a51d17d36,3.5__Pendulum-v1__last-state__H10,Pendulum-v1,last-state,10,2,12,data/llmx_data/offline_data/physics_data/raw_transitions/Pendulum-v1/episodes/episode_0.npz,873,experiments/03_1_gpt35_history_n30_joint/results/records.jsonl,experiments/03_1_gpt35_history_n30_joint/results/runs/3.5__Pendulum-v1__last-state__H10/episode_000/predictions.jsonl,79f66b56e3ce349fbf9ef725fa98e07ef8a93ae991c7f415da470882489dbd7e,False,1501,187,1688,2.4268208330031484,2.423147499910556,,,,False,not_applicable,,False,not_applicable,,False,not_applicable,"[2, 0, 1]",True,,"[1.0, -0.0074, -0.0298]",True,,,False,non_literal_or_placeholder,"[0.9999824166297913, -0.005934370215982199, -0.23701167106628418]","[0.9999724626541138, -0.007423984818160534, -0.02979295700788498]","[2, 0, 1]","[0.9999824166297913, -0.005934370215982199, -0.23701167106628418]","[-9.953975677490234e-06, -0.0014896146021783352, 0.2072187140583992]",,-2.4187931762398307e-05,-0.0014896479627681813,,,component_parse_failure
e62da08142dd7717bc1d67ff39fc43566c751bec5a2a535bb9f5775187ee39ea,3.5__Pendulum-v1__last-state__H10,Pendulum-v1,last-state,10,3,13,data/llmx_data/offline_data/physics_data/raw_transitions/Pendulum-v1/episodes/episode_0.npz,874,experiments/03_1_gpt35_history_n30_joint/results/records.jsonl,experiments/03_1_gpt35_history_n30_joint/results/runs/3.5__Pendulum-v1__last-state__H10/episode_000/predictions.jsonl,469b3ae7c4e496ae76e98d3cd0dd9612192bf126c83f20cea19cbc8da780d99c,True,1503,267,1770,3.254542333073914,3.251217750017531,,,,False,not_applicable,,False,not_applicable,,False,not_applicable,"[2, 0, 2]",True,,"[0.9998, -0.02, -0.2514]",True,,"[0.0001, -0.002, -0.0014]",True,,"[0.9999724626541138, -0.007423984818160534, -0.02979295700788498]","[0.9998001456260681, -0.019991308450698853, -0.25137174129486084]","[0, 0, 0]","[0.9999724626541138, -0.007423984818160534, -0.02979295700788498]","[-0.0001723170280456543, -0.012567323632538319, -0.22157878428697586]",,8.6927234099754e-06,-0.01256858758836632,,-0.001997878163622069,
6c6195b5b5361f67e9592ba94620220c1690d18b80e7ec5e4781212bc864cffe,3.5__Pendulum-v1__last-state__H10,Pendulum-v1,last-state,10,4,14,data/llmx_data/offline_data/physics_data/raw_transitions/Pendulum-v1/episodes/episode_0.npz,875,experiments/03_1_gpt35_history_n30_joint/results/records.jsonl,experiments/03_1_gpt35_history_n30_joint/results/runs/3.5__Pendulum-v1__last-state__H10/episode_000/predictions.jsonl,596221c7155c4531560d2677d04ef8e105a260a03e3c4566f56b6b802d43aed2,True,1502,181,1683,1.789037249982357,1.7859732910292223,,,,False,not_applicable,,False,not_applicable,,False,not_applicable,"[1, 0, 0]",True,,"[0.9997, -0.0205, -0.01]",True,,"[-0.0001, -0.0004, 0.0]",True,,"[0.9998001456260681, -0.019991308450698853, -0.25137174129486084]","[0.9997900724411011, -0.020489785820245743, -0.009971588850021362]","[2, 0, 1]","[0.9998001456260681, -0.019991308450698853, -0.25137174129486084]","[-1.0073184967041016e-05, -0.0004984773695468903, 0.24140015244483948]",,1.2058683701354767e-05,-0.0004985791425005104,,-0.00040192808756112086,
883c1211b57bcd92d6a6425264feb06919e996c4399f2539589e0c1cce639e00,3.5__Pendulum-v1__last-state__H10,Pendulum-v1,last-state,10,5,15,data/llmx_data/offline_data/physics_data/raw_transitions/Pendulum-v1/episodes/episode_0.npz,876,experiments/03_1_gpt35_history_n30_joint/results/records.jsonl,experiments/03_1_gpt35_history_n30_joint/results/runs/3.5__Pendulum-v1__last-state__H10/episode_000/predictions.jsonl,19cc70a5eabe1cee0c49f3620883eea2ea1db26df19b5e3e92203ccd98988f4c,True,1506,203,1709,1.9116104169515893,1.9080552089726552,,,,False,not_applicable,,False,not_applicable,,False,not_applicable,"[2, 0, 1]",True,,"[0.9996, -0.0289, -0.1678]",True,,"[0.0, -0.013, 0.0208]",True,,"[0.9997900724411011, -0.020489785820245743, -0.009971588850021362]","[0.9995829463005066, -0.02887735143303871, -0.16780294477939606]","[0, 0, 0]","[0.9997900724411011, -0.020489785820245743, -0.009971588850021362]","[-0.00020712614059448242, -0.008387565612792969, -0.1578313559293747]",,2.2146264322397968e-05,-0.008390147287687721,,-0.012998726619981582,
4859490cded08c3662604c2ebe658af676aa18a53ee63f574c46a17b708a3074,3.5__Pendulum-v1__last-state__H10,Pendulum-v1,last-state,10,6,16,data/llmx_data/offline_data/physics_data/raw_transitions/Pendulum-v1/episodes/episode_0.npz,877,experiments/03_1_gpt35_history_n30_joint/results/records.jsonl,experiments/03_1_gpt35_history_n30_joint/results/runs/3.5__Pendulum-v1__last-state__H10/episode_000/predictions.jsonl,7e0cebee85a42e8e581b659f3f40c2e5a33342405d281cdc3618584600404073,True,1503,234,1737,1.8418144580209628,1.8384817920159549,,,,False,not_applicable,,False,not_applicable,,False,not_applicable,"[0, 0, 2]",True,,"[0.9994, -0.0343, -0.1079]",True,,"[0.0, -0.0002, 0.0]",True,,"[0.9995829463005066, -0.02887735143303871, -0.16780294477939606]","[0.9994127154350281, -0.03426744043827057, -0.1078556627035141]","[0, 0, 1]","[0.9995829463005066, -0.02887735143303871, -0.16780294477939606]","[-0.00017023086547851562, -0.005390089005231857, 0.05994728207588196]",,3.2976546577412336e-05,-0.005392783000820245,,-0.00019988390368119724,
4e20d10b447dc1dbd71dd73d04ce875b053fc7e322d07f114715e66fcb8c7aa7,3.5__Pendulum-v1__last-state__H10,Pendulum-v1,last-state,10,7,17,data/llmx_data/offline_data/physics_data/raw_transitions/Pendulum-v1/episodes/episode_0.npz,878,experiments/03_1_gpt35_history_n30_joint/results/records.jsonl,experiments/03_1_gpt35_history_n30_joint/results/runs/3.5__Pendulum-v1__last-state__H10/episode_000/predictions.jsonl,4e50689a07665f4815ca67efef5e1bfd899cd12387014a9afa77f5d4d32dadb0,True,1500,310,1810,3.0691579580307007,3.066188917029649,,,,False,not_applicable,,False,not_applicable,,False,not_applicable,"[2, 0, 0]",True,,"[0.9998, -0.0205, -0.01]",True,,"[-0.0006, -0.0203, -0.1198]",True,,"[0.9994127154350281, -0.03426744043827057, -0.1078556627035141]","[0.9991692304611206, -0.04075324162840843, -0.12980759143829346]","[0, 0, 0]","[0.9994127154350281, -0.03426744043827057, -0.1078556627035141]","[-0.0002434849739074707, -0.006485801190137863, -0.021951928734779358]",,-0.020263303086214268,-0.006490381318029481,,-0.020309421857778176,
b9374e96567b25a52a4c4d792be238d0743ad1ee486a5b2136b5b9418bdff503,3.5__Pendulum-v1__last-state__H10,Pendulum-v1,last-state,10,8,18,data/llmx_data/offline_data/physics_data/raw_transitions/Pendulum-v1/episodes/episode_0.npz,879,experiments/03_1_gpt35_history_n30_joint/results/records.jsonl,experiments/03_1_gpt35_history_n30_joint/results/runs/3.5__Pendulum-v1__last-state__H10/episode_000/predictions.jsonl,56ac9cd703cd3cf881928e88c08f05a2cfa3782d904c8d879cca4ed841b06d92,False,1499,188,1687,3.2785445420304313,3.27480720798485,,,,False,not_applicable,,False,not_applicable,,False,not_applicable,"[1, 0, 2]",True,,"[0.9991, -0.0435, -0.0541]",True,,,False,non_literal_or_placeholder,"[0.9991692304611206, -0.04075324162840843, -0.12980759143829346]","[0.9990554451942444, -0.043453626334667206, -0.054055679589509964]","[0, 0, 1]","[0.9991692304611206, -0.04075324162840843, -0.12980759143829346]","[-0.0001137852668762207, -0.002700384706258774, 0.07575191184878349]",,4.4391729494108745e-05,-0.002702781747732086,,,component_parse_failure
0284b5f0658b6c6301c129bdf49059703310d0309afba4fc15d186cc91427969,3.5__Pendulum-v1__last-state__H10,Pendulum-v1,last-state,10,9,19,data/llmx_data/offline_data/physics_data/raw_transitions/Pendulum-v1/episodes/episode_0.npz,880,experiments/03_1_gpt35_history_n30_joint/results/records.jsonl,experiments/03_1_gpt35_history_n30_joint/results/runs/3.5__Pendulum-v1__last-state__H10/episode_000/predictions.jsonl,43e026a59778e6db5a3c981ccb29ef9c18decf6e8f4b2148818cd9657fb9ad2b,True,1501,218,1719,3.682182874996215,3.678164332988672,,,,False,not_applicable,,False,not_applicable,,False,not_applicable,"[0, 0, 1]",True,,"[0.9991, -0.0433, 0.0024]",True,,"[-0.0001, -0.003, 0.0024]",True,,"[0.9990554451942444, -0.043453626334667206, -0.054055679589509964]","[0.9990607500076294, -0.04333146661520004, 0.002445479156449437]","[2, 1, 1]","[0.9990554451942444, -0.043453626334667206, -0.054055679589509964]","[5.304813385009766e-06, 0.00012215971946716309, 0.0565011587459594]",,-3.3136565756652914e-05,0.00012227484669713462,,-0.0030015967009502376,
91ecaebcf2dd833c88c8e2504a6864371773b776c6f669a54f743074819e55b5,3.5__Pendulum-v1__last-state__H10,Pendulum-v1,last-state,10,10,20,data/llmx_data/offline_data/physics_data/raw_transitions/Pendulum-v1/episodes/episode_0.npz,881,experiments/03_1_gpt35_history_n30_joint/results/records.jsonl,experiments/03_1_gpt35_history_n30_joint/results/runs/3.5__Pendulum-v1__last-state__H10/episode_000/predictions.jsonl,04194ee5719a7a50b1e089e9d96ff6e6b2f4151ef83b82410a303167317df1e4,True,1498,370,1868,2.7433442500187084,2.738761250046082,,,,False,not_applicable,,False,not_applicable,,False,not_applicable,"[2, 0, 0]",True,,"[0.999, -0.0442, -0.0167]",True,,"[0, -0.0007, 0.0374]",True,,"[0.9990607500076294, -0.04333146661520004, 0.002445479156449437]","[0.9990241527557373, -0.04416710510849953, -0.016728738322854042]","[2, 0, 0]","[0.9990607500076294, -0.04333146661520004, 0.002445479156449437]","[-3.6597251892089844e-05, -0.0008356384932994843, -0.01917421747930348]",,3.393031812093383e-05,-0.000836439534512845,,-0.0006993384206706033,
432104f56612846c28525d2cc94566a2640a8b660adb6026eb44908124ee7fc2,3.5__Pendulum-v1__last-state__H10,Pendulum-v1,last-state,10,11,21,data/llmx_data/offline_data/physics_data/raw_transitions/Pendulum-v1/episodes/episode_0.npz,882,experiments/03_1_gpt35_history_n30_joint/results/records.jsonl,experiments/03_1_gpt35_history_n30_joint/results/runs/3.5__Pendulum-v1__last-state__H10/episode_000/predictions.jsonl,5ca170729751e46bea68de0986b0a2c24f7feef560d48ef8f67c86d1caad2878,True,1500,193,1693,2.098308291984722,2.093815000029281,,,,False,not_applicable,,False,not_applicable,,False,not_applicable,"[2, 0, 1]",True,,"[0.9991, -0.0418, 0.0467]",True,,"[0.0, -0.0027, 0.0443]",True,,"[0.9990241527557373, -0.04416710510849953, -0.016728738322854042]","[0.9991245269775391, -0.04183581843972206, 0.046668872237205505]","[2, 1, 1]","[0.9990241527557373, -0.04416710510849953, -0.016728738322854042]","[0.00010037422180175781, 0.002331286668777466, 0.06339761056005955]",,-3.4761877448552525e-05,0.0023334469905793576,,-0.0026979342759978486,
68d85cab86e2cf51ea3327fd2bc5f35ab48ad741dd45b9c4fed025b90cddefed,3.5__Pendulum-v1__last-state__H10,Pendulum-v1,last-state,10,12,22,data/llmx_data/offline_data/physics_data/raw_transitions/Pendulum-v1/episodes/episode_0.npz,883,experiments/03_1_gpt35_history_n30_joint/results/records.jsonl,experiments/03_1_gpt35_history_n30_joint/results/runs/3.5__Pendulum-v1__last-state__H10/episode_000/predictions.jsonl,b3402359120546b6c80c0f0fd8dc1e6acd94186da21283a05ab246d5df037088,True,1498,197,1695,2.9433840409619734,2.938819583039731,,,,False,not_applicable,,False,not_applicable,,False,not_applicable,"[0, 1, 0]",True,,"[0.9988, -0.0492, -0.1478]",True,,"[-0.0002, -0.0057, -0.0046]",True,,"[0.9991245269775391, -0.04183581843972206, 0.046668872237205505]","[0.9987881183624268, -0.04921717941761017, -0.14778077602386475]","[0, 0, 0]","[0.9991245269775391, -0.04183581843972206, 0.046668872237205505]","[-0.0003364086151123047, -0.007381360977888107, -0.19444964826107025]",,-1.774318267422359e-05,-0.007389039621929605,,-0.0057033343863257535,
dc7759f1ec4fbc522dac55a7d08d39100972dfa7c5883ff4471de6a685f7b7bf,3.5__Pendulum-v1__last-state__H10,Pendulum-v1,last-state,10,13,23,data/llmx_data/offline_data/physics_data/raw_transitions/Pendulum-v1/episodes/episode_0.npz,884,experiments/03_1_gpt35_history_n30_joint/results/records.jsonl,experiments/03_1_gpt35_history_n30_joint/results/runs/3.5__Pendulum-v1__last-state__H10/episode_000/predictions.jsonl,62d32979957a7655118226c47b391d30e0bff842db4b20b1f4fc000f2b3510e7,True,1502,185,1687,2.3397497918922454,2.3362125830026343,,,,False,not_applicable,,False,not_applicable,,False,not_applicable,"[0, 0, 2]",True,,"[0.9991, -0.0435, -0.0541]",True,,"[0.0012, -0.0043, 0.0826]",True,,"[0.9987881183624268, -0.04921717941761017, -0.14778077602386475]","[0.9988572001457214, -0.04779377579689026, 0.02850165218114853]","[2, 1, 1]","[0.9987881183624268, -0.04921717941761017, -0.14778077602386475]","[6.908178329467773e-05, 0.0014234036207199097, 0.17628242820501328]",,-0.004300286463822189,0.0014250791258496598,,-0.004243666908068988,
1c67f7dd05870e64e75d8113bfd4a0259d62961033a335884c6573c3e8221d0e,3.5__Pendulum-v1__last-state__H10,Pendulum-v1,last-state,10,14,24,data/llmx_data/offline_data/physics_data/raw_transitions/Pendulum-v1/episodes/episode_0.npz,885,experiments/03_1_gpt35_history_n30_joint/results/records.jsonl,experiments/03_1_gpt35_history_n30_joint/results/runs/3.5__Pendulum-v1__last-state__H10/episode_000/predictions.jsonl,ad4c526a2b450f9f6a64cb2d0fd70f90b66827dfd80e33d81283765fee02757f,True,1501,189,1690,2.369898834032938,2.3663873750483617,,,,False,not_applicable,,False,not_applicable,,False,not_applicable,"[2, 0, 2]",True,,"[0.999, -0.0457, 0.0428]",True,,"[0.0, -0.0005, 0.0]",True,,"[0.9988572001457214, -0.04779377579689026, 0.02850165218114853]","[0.9989572763442993, -0.045654717832803726, 0.04282792657613754]","[2, 1, 1]","[0.9988572001457214, -0.04779377579689026, 0.02850165218114853]","[0.00010007619857788086, 0.0021390579640865326, 0.014326274394989014]",,4.3282477492745386e-05,0.002141398164361874,,-0.0004994900020571791,
9ff3eac3a6461251e8abb8e15ee6cc08ccb50f0360d8f1fefb43c8b99178b681,3.5__Pendulum-v1__last-state__H10,Pendulum-v1,last-state,10,15,25,data/llmx_data/offline_data/physics_data/raw_transitions/Pendulum-v1/episodes/episode_0.npz,886,experiments/03_1_gpt35_history_n30_joint/results/records.jsonl,experiments/03_1_gpt35_history_n30_joint/results/runs/3.5__Pendulum-v1__last-state__H10/episode_000/predictions.jsonl,9d8d70675818e47a3b7f6578067f898380fd4ba6fd2eede6cf5ae0cd397083e4,True,1503,235,1738,1.9865862079896033,1.9839218750130385,,,,False,not_applicable,,False,not_applicable,,False,not_applicable,"[2, 0, 2]",True,,"[0.999, -0.0489, -0.0646]",True,,"[0, -0.0009, -0.0137]",True,,"[0.9989572763442993, -0.045654717832803726, 0.04282792657613754]","[0.9988046288490295, -0.04888022318482399, -0.06458229571580887]","[0, 0, 0]","[0.9989572763442993, -0.045654717832803726, 0.04282792657613754]","[-0.0001526474952697754, -0.0032255053520202637, -0.10741022229194641]",,1.0201388921160515e-05,-0.0032291168023403927,,-0.0008989635046119382,
867df2da7eaf4ae4fe3e5e1c9af05b1b6c40994f9ef12be1a3a8bdb698fd1546,3.5__Pendulum-v1__last-state__H10,Pendulum-v1,last-state,10,16,26,data/llmx_data/offline_data/physics_data/raw_transitions/Pendulum-v1/episodes/episode_0.npz,887,experiments/03_1_gpt35_history_n30_joint/results/records.jsonl,experiments/03_1_gpt35_history_n30_joint/results/runs/3.5__Pendulum-v1__last-state__H10/episode_000/predictions.jsonl,a9a053cd20615826fd5f22d155262bd49a549a21008ad41d548ff1e4ccc4a6de,True,1512,235,1747,1.745298207970336,1.7406189589528367,,,,False,not_applicable,,False,not_applicable,,False,not_applicable,"[0, 0, 2]",True,,"[0.9983, -0.0497, 0.0001]",True,,"[0.0995, -0.0009, 0.0001]",True,,"[0.9988046288490295, -0.04888022318482399, -0.06458229571580887]","[0.9988046884536743, -0.048878829926252365, 2.7872676582774147e-05]","[2, 2, 1]","[0.9988046288490295, -0.04888022318482399, -0.06458229571580887]","[5.960464477539063e-08, 1.3932585716247559e-06, 0.06461016839239164]",,0.0008452490965602522,1.3945066625886682e-06,,0.0044021810956951235,
e54efa984df0ac6194d4b198fa06ec6fa2d306e0b01e202eb74dc81518a5242b,3.5__Pendulum-v1__last-state__H10,Pendulum-v1,last-state,10,17,27,data/llmx_data/offline_data/physics_data/raw_transitions/Pendulum-v1/episodes/episode_0.npz,888,experiments/03_1_gpt35_history_n30_joint/results/records.jsonl,experiments/03_1_gpt35_history_n30_joint/results/runs/3.5__Pendulum-v1__last-state__H10/episode_000/predictions.jsonl,94f67b079389f8c6cba53b276e828ec0dac98af031b759fc3acaa678fd95c8f0,True,1503,199,1702,2.2354670419590548,2.231831333017908,,,,False,not_applicable,,False,not_applicable,,False,not_applicable,"[2, 2, 1]",True,,"[0.999, -0.0448, 0.0811]",True,,"[0, -0.0003, 0.0363]",True,,"[0.9988046884536743, -0.048878829926252365, 2.7872676582774147e-05]","[0.9989945888519287, -0.04483073577284813, 0.08105093985795975]","[1, 1, 1]","[0.9988046884536743, -0.048878829926252365, 2.7872676582774147e-05]","[0.00018990039825439453, 0.004048094153404236, 0.08102306718137697]",,-3.094733236208569e-05,0.004052548765212993,,-0.00029970240341370413,
f46bfb468f89e1a6a62650862102015f045dfb8cf7084e3b687937787032c2cc,3.5__Pendulum-v1__last-state__H10,Pendulum-v1,last-state,10,18,28,data/llmx_data/offline_data/physics_data/raw_transitions/Pendulum-v1/episodes/episode_0.npz,889,experiments/03_1_gpt35_history_n30_joint/results/records.jsonl,experiments/03_1_gpt35_history_n30_joint/results/runs/3.5__Pendulum-v1__last-state__H10/episode_000/predictions.jsonl,2b2d4c1f465ad08e2854bfaea7335c172a87234c3037c6372253420c7a380f8d,True,1514,275,1789,3.1352212500059977,3.1304298330796883,,,,False,not_applicable,,False,not_applicable,,False,not_applicable,"[2, 1, 0]",True,,"[0.9986, -0.0528, -0.1588]",True,,"[-0.0002, -0.0004, -0.0001]",True,,"[0.9989945888519287, -0.04483073577284813, 0.08105093985795975]","[0.9986070394515991, -0.05276350677013397, -0.15884503722190857]","[0, 0, 0]","[0.9989945888519287, -0.04483073577284813, 0.08105093985795975]","[-0.00038754940032958984, -0.007932770997285843, -0.23989597707986832]",,3.6814010022201415e-05,-0.007942252962589436,,-0.0004099222726674512,
a69cb68d52c4e024a566e12ed3e5d82683a34744b90c3ab38c02018aa0694b72,3.5__Pendulum-v1__last-state__H10,Pendulum-v1,last-state,10,19,29,data/llmx_data/offline_data/physics_data/raw_transitions/Pendulum-v1/episodes/episode_0.npz,890,experiments/03_1_gpt35_history_n30_joint/results/records.jsonl,experiments/03_1_gpt35_history_n30_joint/results/runs/3.5__Pendulum-v1__last-state__H10/episode_000/predictions.jsonl,ec9963706f53979069cd0f2f11b72b8e544091197c05dd0dd9734018ede64d88,False,1515,275,1790,3.7213332910323516,3.718466249993071,,,,False,not_applicable,,False,not_applicable,,False,not_applicable,"[2, 0, 1]",True,,,False,missing_marker,,False,missing_marker,"[0.9986070394515991, -0.05276350677013397, -0.15884503722190857]","[0.9988289475440979, -0.04838155210018158, 0.08775141835212708]","[1, 1, 1]","[0.9986070394515991, -0.05276350677013397, -0.15884503722190857]","[0.0002219080924987793, 0.004381954669952393, 0.24659645557403564]",,,0.004387573401346767,component_parse_failure,,component_parse_failure
16044bf7f6d461806abe0202a1353f6a2d4cf45ec51ebeabfbbc0132ff92c7ad,3.5__Pendulum-v1__last-state__H10,Pendulum-v1,last-state,10,20,30,data/llmx_data/offline_data/physics_data/raw_transitions/Pendulum-v1/episodes/episode_0.npz,891,experiments/03_1_gpt35_history_n30_joint/results/records.jsonl,experiments/03_1_gpt35_history_n30_joint/results/runs/3.5__Pendulum-v1__last-state__H10/episode_000/predictions.jsonl,d370b807e03d70d095d01744848c93d3f24b63a3f02464027b52db83f5854963,True,1515,257,1772,2.793235667049885,2.7884469169657677,,,,False,not_applicable,,False,not_applicable,,False,not_applicable,"[2, 0, 2]",True,,"[0.999, -0.0525, -0.0818]",True,,"[0, -0.0003, 0.0007]",True,,"[0.9988289475440979, -0.04838155210018158, 0.08775141835212708]","[0.9986226558685303, -0.05246696621179581, -0.08181242644786835]","[0, 0, 0]","[0.9988289475440979, -0.04838155210018158, 0.08775141835212708]","[-0.00020629167556762695, -0.004085414111614227, -0.16956384479999542]",,1.3185196270804056e-05,-0.0040906219307621505,,-0.00029959150598379836,
1224a82dc3d9d0c937e9d9beb5aedcfe6652c28623a51fa5e54de2504ade50a3,3.5__Pendulum-v1__last-state__H10,Pendulum-v1,last-state,10,21,31,data/llmx_data/offline_data/physics_data/raw_transitions/Pendulum-v1/episodes/episode_0.npz,892,experiments/03_1_gpt35_history_n30_joint/results/records.jsonl,experiments/03_1_gpt35_history_n30_joint/results/runs/3.5__Pendulum-v1__last-state__H10/episode_000/predictions.jsonl,b65ed570d5583fb5cde3124537f38486d2d9b42c54b6351c908e9cf808453704,False,1516,244,1760,2.7657847920199856,2.7625112080713734,,,,False,not_applicable,,False,not_applicable,,False,not_applicable,,False,missing_marker,"[0.999, -0.048, 0]",True,,"[0, -0.0005, 0]",True,,"[0.9986226558685303, -0.05246696621179581, -0.08181242644786835]","[0.9988710880279541, -0.0475035160779953, 0.09939341247081757]","[1, 1, 1]","[0.9986226558685303, -0.05246696621179581, -0.08181242644786835]","[0.0002484321594238281, 0.004963450133800507, 0.1812058389186859]",,0.0004897249971760331,0.004969668628717283,,-0.0004994473479889017,
c923dbcda59f8bbeb083fa6f3b9b36088e999897085902f34b42e6003e4cc341,3.5__Pendulum-v1__last-state__H10,Pendulum-v1,last-state,10,22,32,data/llmx_data/offline_data/physics_data/raw_transitions/Pendulum-v1/episodes/episode_0.npz,893,experiments/03_1_gpt35_history_n30_joint/results/records.jsonl,experiments/03_1_gpt35_history_n30_joint/results/runs/3.5__Pendulum-v1__last-state__H10/episode_000/predictions.jsonl,a50790505fabf43594568ab25ae4dc0482e004ea1775989d1ae43a7d283cbc4a,True,1517,197,1714,2.1222418330144137,2.11915941699408,,,,False,not_applicable,,False,not_applicable,,False,not_applicable,"[2, 1, 0]",True,,"[0.999, -0.0514, -0.0779]",True,,"[0.0003, -0.0001, -0.0779]",True,,"[0.9988710880279541, -0.0475035160779953, 0.09939341247081757]","[0.9986785650253296, -0.05139217525720596, -0.07786854356527328]","[0, 0, 0]","[0.9988710880279541, -0.0475035160779953, 0.09939341247081757]","[-0.00019252300262451172, -0.003888659179210663, -0.17726195603609085]",,-8.702042424868495e-06,-0.0038934244520567596,,-8.447594446270301e-05,
ac91fb61532e281ac060eeaa1650284cb99c07b6e5560b2644c9df29d62c718e,3.5__Pendulum-v1__last-state__H10,Pendulum-v1,last-state,10,23,33,data/llmx_data/offline_data/physics_data/raw_transitions/Pendulum-v1/episodes/episode_0.npz,894,experiments/03_1_gpt35_history_n30_joint/results/records.jsonl,experiments/03_1_gpt35_history_n30_joint/results/runs/3.5__Pendulum-v1__last-state__H10/episode_000/predictions.jsonl,cc68f8935f486d8c0df5356bb6e6c1ce23bb074dfd47c759d8fb1c0fb44eb7fc,True,1516,236,1752,2.9402455830713734,2.9367324579507113,,,,False,not_applicable,,False,not_applicable,,False,not_applicable,"[0, 0, 2]",True,,"[0.999, -0.0455, 0.1173]",True,,"[0.0003, 0.0, 0.0]",True,,"[0.9986785650253296, -0.05139217525720596, -0.07786854356527328]","[0.9989628791809082, -0.04553241655230522, 0.11733325570821762]","[1, 1, 1]","[0.9986785650253296, -0.05139217525720596, -0.07786854356527328]","[0.0002843141555786133, 0.005859758704900742, 0.1952017992734909]",,-3.407191864246428e-05,0.005866660394375778,,1.3663819382170317e-05,
1d686702ec3f36885e2f3229ed967971abfb89a7dae54fd83e8f4cde9060cc56,3.5__Pendulum-v1__last-state__H10,Pendulum-v1,last-state,10,24,34,data/llmx_data/offline_data/physics_data/raw_transitions/Pendulum-v1/episodes/episode_0.npz,895,experiments/03_1_gpt35_history_n30_joint/results/records.jsonl,experiments/03_1_gpt35_history_n30_joint/results/runs/3.5__Pendulum-v1__last-state__H10/episode_000/predictions.jsonl,671ca4c59f6ea147e90bdfb99dc2ddc8a8278e3365f49ce9a3be05f1e3de8e06,True,1517,258,1775,4.3737783749820665,4.370704875094816,,,,False,not_applicable,,False,not_applicable,,False,not_applicable,"[2, 2, 2]",True,,"[0.999, -0.04, 0.1103]",True,,"[0.0002, -0.0006, 0.0203]",True,,"[0.9989628791809082, -0.04553241655230522, 0.11733325570821762]","[0.9991986751556396, -0.04002482816576958, 0.11025278270244598]","[1, 1, 0]","[0.9989628791809082, -0.04553241655230522, 0.11733325570821762]","[0.0002357959747314453, 0.0055075883865356445, -0.007080473005771637]",,-1.6859695398441232e-05,0.005512640594000473,,-0.0005916466255242447,
49ce1fce635aa0d4716cf71140da61463619683d87d58e594c01e923dde43ad0,3.5__Pendulum-v1__last-state__H10,Pendulum-v1,last-state,10,25,35,data/llmx_data/offline_data/physics_data/raw_transitions/Pendulum-v1/episodes/episode_0.npz,896,experiments/03_1_gpt35_history_n30_joint/results/records.jsonl,experiments/03_1_gpt35_history_n30_joint/results/runs/3.5__Pendulum-v1__last-state__H10/episode_000/predictions.jsonl,0818d32ea5b7517f2c58e5865b1556e40ee05a55914f7b02316cd0ec2047e5fe,True,1516,312,1828,3.510171666974202,3.507069249986671,,,,False,not_applicable,,False,not_applicable,,False,not_applicable,"[0, 1, 0]",True,,"[0.9989, -0.0472, -0.1432]",True,,"[-0.0001, 0.0003, 0.0]",True,,"[0.9991986751556396, -0.04002482816576958, 0.11025278270244598]","[0.9988864064216614, -0.047179434448480606, -0.14322860538959503]","[0, 0, 0]","[0.9991986751556396, -0.04002482816576958, 0.11025278270244598]","[-0.0003122687339782715, -0.007154606282711029, -0.253481388092041]",,1.9901023934121298e-05,-0.0071614330809932625,,0.000294914351334441,
0d09483802e9f4bc8898ecea11ea6aedf4553e1c555b5679c6778030960c85ba,3.5__Pendulum-v1__last-state__H10,Pendulum-v1,last-state,10,26,36,data/llmx_data/offline_data/physics_data/raw_transitions/Pendulum-v1/episodes/episode_0.npz,897,experiments/03_1_gpt35_history_n30_joint/results/records.jsonl,experiments/03_1_gpt35_history_n30_joint/results/runs/3.5__Pendulum-v1__last-state__H10/episode_000/predictions.jsonl,35f79b0fa10b036e3fb8e64530db0d58a3349e75bc6c4da42eefac3db77bb118,True,1516,195,1711,2.3183819169644266,2.31506370799616,,,,False,not_applicable,,False,not_applicable,,False,not_applicable,"[2, 0, 2]",True,,"[0.9991, -0.0431, 0.0816]",True,,"[0.0001, -0.0013, 0.0003]",True,,"[0.9988864064216614, -0.047179434448480606, -0.14322860538959503]","[0.9990707039833069, -0.04310135543346405, 0.08164482563734055]","[1, 1, 1]","[0.9988864064216614, -0.047179434448480606, -0.14322860538959503]","[0.0001842975616455078, 0.004078079015016556, 0.22487343102693558]",,-2.616795459875476e-06,0.004082244186681017,,-0.0012946829497848533,
b762ff95c58d3030984028ac662f1e39e67692f5131dfa13a40f43d2bf01b791,3.5__Pendulum-v1__last-state__H10,Pendulum-v1,last-state,10,27,37,data/llmx_data/offline_data/physics_data/raw_transitions/Pendulum-v1/episodes/episode_0.npz,898,experiments/03_1_gpt35_history_n30_joint/results/records.jsonl,experiments/03_1_gpt35_history_n30_joint/results/runs/3.5__Pendulum-v1__last-state__H10/episode_000/predictions.jsonl,74215d281c74c40a699a222e6496f516d9d8096db4d3d101e1145dd539e9dd63,True,1516,190,1706,1.6977809589589015,1.6939499580767006,,,,False,not_applicable,,False,not_applicable,,False,not_applicable,"[0, 1, 2]",True,,"[0.9985, -0.0554, -0.2468]",True,,"[-0.0004, -0.0006, -0.2468]",True,,"[0.9990707039833069, -0.04310135543346405, 0.08164482563734055]","[0.9984627366065979, -0.055427249521017075, -0.24681909382343292]","[0, 0, 0]","[0.9990707039833069, -0.04310135543346405, 0.08164482563734055]","[-0.0006079673767089844, -0.012325894087553024, -0.32846391946077347]",,-2.92719933567831e-05,-0.012340957060716917,,-0.000621021078066164,
e0705a6b563f0a4e676b5d4bf2f63ab5fb61d97965ae7556c9f43522280a1526,3.5__Pendulum-v1__last-state__H10,Pendulum-v1,last-state,10,28,38,data/llmx_data/offline_data/physics_data/raw_transitions/Pendulum-v1/episodes/episode_0.npz,899,experiments/03_1_gpt35_history_n30_joint/results/records.jsonl,experiments/03_1_gpt35_history_n30_joint/results/runs/3.5__Pendulum-v1__last-state__H10/episode_000/predictions.jsonl,c80f8cfe4e79cdfe49335b40e04b6ea09b0890ef367f95755ebf43aefade9af4,False,1507,210,1717,3.52131325006485,3.517066166969016,,,,False,not_applicable,,False,not_applicable,,False,not_applicable,"[2, 0, 2]",True,,"[0.9985, -0.0548, 0.0116]",True,,,False,non_literal_or_placeholder,"[0.9984627366065979, -0.055427249521017075, -0.24681909382343292]","[0.9984947443008423, -0.054847609251737595, 0.011610466055572033]","[2, 1, 1]","[0.9984627366065979, -0.055427249521017075, -0.24681909382343292]","[3.2007694244384766e-05, 0.00057964026927948, 0.25842955987900496]",,-4.782572334338653e-05,0.0005805233315707703,,,component_parse_failure
3327045050779fb03e7c6ffa3731cbeee0cb58d5c91226f8aeb3d7bffdede3a8,3.5__Pendulum-v1__last-state__H10,Pendulum-v1,last-state,10,29,39,data/llmx_data/offline_data/physics_data/raw_transitions/Pendulum-v1/episodes/episode_0.npz,900,experiments/03_1_gpt35_history_n30_joint/results/records.jsonl,experiments/03_1_gpt35_history_n30_joint/results/runs/3.5__Pendulum-v1__last-state__H10/episode_000/predictions.jsonl,8424d0b8ec3181edfaf0b8c18b6553dffe714973ef0f627b1756dde04be78b6f,True,1506,206,1712,1.7373479580273852,1.7333207500632852,,,,False,not_applicable,,False,not_applicable,,False,not_applicable,"[2, 0, 1]",True,,"[0.9988, -0.0488, 0.1217]",True,,"[0.0003, -0.0004, 0.0006]",True,,"[0.9984947443008423, -0.054847609251737595, 0.011610466055572033]","[0.9988101124763489, -0.048768363893032074, 0.12174859642982483]","[1, 1, 1]","[0.9984947443008423, -0.054847609251737595, 0.011610466055572033]","[0.0003153681755065918, 0.006079245358705521, 0.1101381303742528]",,3.209190729336342e-05,0.0060874293005457325,,-0.00038501639720411873,
845e6facc180c6889579eb6fda25ddeb205fee46624dc28272156e729dd22330,3.5__Pendulum-v1__last-state__H20,Pendulum-v1,last-state,20,0,20,data/llmx_data/offline_data/physics_data/raw_transitions/Pendulum-v1/episodes/episode_0.npz,901,experiments/03_1_gpt35_history_n30_joint/results/records.jsonl,experiments/03_1_gpt35_history_n30_joint/results/runs/3.5__Pendulum-v1__last-state__H20/episode_000/predictions.jsonl,fde4b850156b2847dc28dd6fedad0218935385a47e7ceb61603f64ec01f7a610,True,1934,321,2255,3.4810044589685276,3.4760772499721497,,,,False,not_applicable,,False,not_applicable,,False,not_applicable,"[2, 0, 0]",True,,"[0.999, -0.0442, -0.0167]",True,,"[0.0, -0.0007, 0.0374]",True,,"[0.9990607500076294, -0.04333146661520004, 0.002445479156449437]","[0.9990241527557373, -0.04416710510849953, -0.016728738322854042]","[2, 0, 0]","[0.9990607500076294, -0.04333146661520004, 0.002445479156449437]","[-3.6597251892089844e-05, -0.0008356384932994843, -0.01917421747930348]",,3.393031812093383e-05,-0.000836439534512845,,-0.0006993384206706033,
c79aa8fa4c4d2d1b640157fb5797becf7d46912cab8fc3bcce3bea0dee318d5e,3.5__Pendulum-v1__last-state__H20,Pendulum-v1,last-state,20,1,21,data/llmx_data/offline_data/physics_data/raw_transitions/Pendulum-v1/episodes/episode_0.npz,902,experiments/03_1_gpt35_history_n30_joint/results/records.jsonl,experiments/03_1_gpt35_history_n30_joint/results/runs/3.5__Pendulum-v1__last-state__H20/episode_000/predictions.jsonl,f309cd97a700f2e1d2c306d8c9185faf9e56f934c24bb440dbb8beca23dee44b,False,1939,204,2143,3.417751708999276,3.414920666953549,,,,False,not_applicable,,False,not_applicable,,False,not_applicable,"[2, 0, 2]",True,,,False,missing_marker,,False,missing_marker,"[0.9990241527557373, -0.04416710510849953, -0.016728738322854042]","[0.9991245269775391, -0.04183581843972206, 0.046668872237205505]","[2, 1, 1]","[0.9990241527557373, -0.04416710510849953, -0.016728738322854042]","[0.00010037422180175781, 0.002331286668777466, 0.06339761056005955]",,,0.0023334469905793576,component_parse_failure,,component_parse_failure
60afaf4bd05246db98351d4b9c54c20a29e68336951609adeafa61753f6c7cd9,3.5__Pendulum-v1__last-state__H20,Pendulum-v1,last-state,20,2,22,data/llmx_data/offline_data/physics_data/raw_transitions/Pendulum-v1/episodes/episode_0.npz,903,experiments/03_1_gpt35_history_n30_joint/results/records.jsonl,experiments/03_1_gpt35_history_n30_joint/results/runs/3.5__Pendulum-v1__last-state__H20/episode_000/predictions.jsonl,d4801ceb01f3964c64b2ede998e2a1a11b3c09e9b6a9b94ed71fb7ce2027d057,True,1940,303,2243,2.8434514579130337,2.8406074580270797,,,,False,not_applicable,,False,not_applicable,,False,not_applicable,"[0, 0, 0]",True,,"[0.9991, -0.0435, -0.0541]",True,,"[-0.0003, -0.0057, 0.1063]",True,,"[0.9991245269775391, -0.04183581843972206, 0.046668872237205505]","[0.9987881183624268, -0.04921717941761017, -0.14778077602386475]","[0, 0, 0]","[0.9991245269775391, -0.04183581843972206, 0.046668872237205505]","[-0.0003364086151123047, -0.007381360977888107, -0.19444964826107025]",,-0.005725365589671849,-0.007389039621929605,,-0.005707686230887354,
6a1bb8e6bccfb8c874c0662b8f597ec52e43116a85bc3f901ea10068e2d16b34,3.5__Pendulum-v1__last-state__H20,Pendulum-v1,last-state,20,3,23,data/llmx_data/offline_data/physics_data/raw_transitions/Pendulum-v1/episodes/episode_0.npz,904,experiments/03_1_gpt35_history_n30_joint/results/records.jsonl,experiments/03_1_gpt35_history_n30_joint/results/runs/3.5__Pendulum-v1__last-state__H20/episode_000/predictions.jsonl,eb7d46ac95f948c47f8f857a9d029b6cd42477fcdc2e77c041e404fc790aea71,True,1944,200,2144,2.3412288749823347,2.3385310829617083,,,,False,not_applicable,,False,not_applicable,,False,not_applicable,"[0, 0, 2]",True,,"[0.9989, -0.0478, 0.0285]",True,,"[-0.0001, -0.0005, 0.0261]",True,,"[0.9987881183624268, -0.04921717941761017, -0.14778077602386475]","[0.9988572001457214, -0.04779377579689026, 0.02850165218114853]","[2, 1, 1]","[0.9987881183624268, -0.04921717941761017, -0.14778077602386475]","[6.908178329467773e-05, 0.0014234036207199097, 0.17628242820501328]",,4.1713440852575445e-06,0.0014250791258496598,,-0.000504169648227748,
b8146d8fb4355083577766d07af7f1edb608c98bf13056d3044d87c999869d54,3.5__Pendulum-v1__last-state__H20,Pendulum-v1,last-state,20,4,24,data/llmx_data/offline_data/physics_data/raw_transitions/Pendulum-v1/episodes/episode_0.npz,905,experiments/03_1_gpt35_history_n30_joint/results/records.jsonl,experiments/03_1_gpt35_history_n30_joint/results/runs/3.5__Pendulum-v1__last-state__H20/episode_000/predictions.jsonl,3e9b4aedbb9463e1e06cc421ca89ff756efc3b6dfee65b5c7c517d72f1f83151,True,1943,191,2134,2.9946245420724154,2.990308583015576,,,,False,not_applicable,,False,not_applicable,,False,not_applicable,"[2, 0, 2]",True,,"[0.999, -0.0457, 0.0428]",True,,"[0.0, -0.0005, 0.0004]",True,,"[0.9988572001457214, -0.04779377579689026, 0.02850165218114853]","[0.9989572763442993, -0.045654717832803726, 0.04282792657613754]","[2, 1, 1]","[0.9988572001457214, -0.04779377579689026, 0.02850165218114853]","[0.00010007619857788086, 0.0021390579640865326, 0.014326274394989014]",,4.3282477492745386e-05,0.002141398164361874,,-0.0004994900020571791,
87456d50bb5a3fb907aa2e5320273470a62112bed553436594c0d4df9c8f05c9,3.5__Pendulum-v1__last-state__H20,Pendulum-v1,last-state,20,5,25,data/llmx_data/offline_data/physics_data/raw_transitions/Pendulum-v1/episodes/episode_0.npz,906,experiments/03_1_gpt35_history_n30_joint/results/records.jsonl,experiments/03_1_gpt35_history_n30_joint/results/runs/3.5__Pendulum-v1__last-state__H20/episode_000/predictions.jsonl,ee9c8c6dc3ca41f4d1c791c5f902036246e0136e8a10dc0ff19b471917808d18,True,1948,343,2291,3.0425751250004396,3.0378915420733392,,,,False,not_applicable,,False,not_applicable,,False,not_applicable,"[2, 0, 2]",True,,"[0.9988, -0.0489, -0.0646]",True,,"[-0.0003, -0.0054, -0.0105]",True,,"[0.9989572763442993, -0.045654717832803726, 0.04282792657613754]","[0.9988046288490295, -0.04888022318482399, -0.06458229571580887]","[0, 0, 0]","[0.9989572763442993, -0.045654717832803726, 0.04282792657613754]","[-0.0001526474952697754, -0.0032255053520202637, -0.10741022229194641]",,1.9979507512868366e-05,-0.0032291168023403927,,-0.0054079635403097015,
e9225df025546cfbde9b375d8ad3c6b47034d95988852afb054c51069e844b43,3.5__Pendulum-v1__last-state__H20,Pendulum-v1,last-state,20,6,26,data/llmx_data/offline_data/physics_data/raw_transitions/Pendulum-v1/episodes/episode_0.npz,907,experiments/03_1_gpt35_history_n30_joint/results/records.jsonl,experiments/03_1_gpt35_history_n30_joint/results/runs/3.5__Pendulum-v1__last-state__H20/episode_000/predictions.jsonl,b908a556eaef90ea539c9feb6d1ff630240a2741d00cfc5aad9234ccb603c649,True,1956,289,2245,3.246109166997485,3.2422897500218824,,,,False,not_applicable,,False,not_applicable,,False,not_applicable,"[0, 0, 2]",True,,"[0.9987, -0.0496, -0.0001]",True,,"[0.0993, 0.0008, 0.0001]",True,,"[0.9988046288490295, -0.04888022318482399, -0.06458229571580887]","[0.9988046884536743, -0.048878829926252365, 2.7872676582774147e-05]","[2, 2, 1]","[0.9988046288490295, -0.04888022318482399, -0.06458229571580887]","[5.960464477539063e-08, 1.3932585716247559e-06, 0.06461016839239164]",,0.0007254752972229994,1.3945066625886682e-06,,0.006274728078182523,
b2b044e4b542277806c7510c7f6d7f58af1d0979a7ee780a85d25152a3e57dd8,3.5__Pendulum-v1__last-state__H20,Pendulum-v1,last-state,20,7,27,data/llmx_data/offline_data/physics_data/raw_transitions/Pendulum-v1/episodes/episode_0.npz,908,experiments/03_1_gpt35_history_n30_joint/results/records.jsonl,experiments/03_1_gpt35_history_n30_joint/results/runs/3.5__Pendulum-v1__last-state__H20/episode_000/predictions.jsonl,5a72cb57aa2d42a926dace759d640c760c5aec831ad37b9dacee423fcbcec0e5,True,1944,195,2139,1.976179915945977,1.9722188339801505,,,,False,not_applicable,,False,not_applicable,,False,not_applicable,"[2, 2, 2]",True,,"[0.999, -0.0448, 0.0811]",True,,"[0.0, 0.0, 0.0]",True,,"[0.9988046884536743, -0.048878829926252365, 2.7872676582774147e-05]","[0.9989945888519287, -0.04483073577284813, 0.08105093985795975]","[1, 1, 1]","[0.9988046884536743, -0.048878829926252365, 2.7872676582774147e-05]","[0.00018990039825439453, 0.004048094153404236, 0.08102306718137697]",,-3.094733236208569e-05,0.004052548765212993,,0.0,
8b309c619a4eeb35ace3313d09517c0d6e47c86af5593983e07f5513eff69de0,3.5__Pendulum-v1__last-state__H20,Pendulum-v1,last-state,20,8,28,data/llmx_data/offline_data/physics_data/raw_transitions/Pendulum-v1/episodes/episode_0.npz,909,experiments/03_1_gpt35_history_n30_joint/results/records.jsonl,experiments/03_1_gpt35_history_n30_joint/results/runs/3.5__Pendulum-v1__last-state__H20/episode_000/predictions.jsonl,f4d83e84cca93d567f7a1945ec0d8c87c90476949093953126cb79133629507a,True,1953,309,2262,3.1396896250080317,3.1365111250197515,,,,False,not_applicable,,False,not_applicable,,False,not_applicable,"[0, 0, 0]",True,,"[0.9987, -0.0518, -0.1584]",True,,"[-0.0001, -0.001, 0.0004]",True,,"[0.9989945888519287, -0.04483073577284813, 0.08105093985795975]","[0.9986070394515991, -0.05276350677013397, -0.15884503722190857]","[0, 0, 0]","[0.9989945888519287, -0.04483073577284813, 0.08105093985795975]","[-0.00038754940032958984, -0.007932770997285843, -0.23989597707986832]",,-0.000967028651134072,-0.007942252962589436,,-0.001003835768162098,
c82d4a2ec31f5f819088662c9d46f10bef16c13d8e382151c57445193591a11d,3.5__Pendulum-v1__last-state__H20,Pendulum-v1,last-state,20,9,29,data/llmx_data/offline_data/physics_data/raw_transitions/Pendulum-v1/episodes/episode_0.npz,910,experiments/03_1_gpt35_history_n30_joint/results/records.jsonl,experiments/03_1_gpt35_history_n30_joint/results/runs/3.5__Pendulum-v1__last-state__H20/episode_000/predictions.jsonl,e6195fd66b9e4beb631beacbba95559b974cbe3f96a15f750f7cd0ff48f2e890,True,1955,299,2254,2.892558583058417,2.888696208014153,,,,False,not_applicable,,False,not_applicable,,False,not_applicable,"[2, 0, 2]",True,,"[0.9988, -0.0484, 0.0878]",True,,"[-0.0002, -0.0005, 0.0878]",True,,"[0.9986070394515991, -0.05276350677013397, -0.15884503722190857]","[0.9988289475440979, -0.04838155210018158, 0.08775141835212708]","[1, 1, 1]","[0.9986070394515991, -0.05276350677013397, -0.15884503722190857]","[0.0002219080924987793, 0.004381954669952393, 0.24659645557403564]",,1.9827378241910054e-05,0.004387573401346767,,-0.0005090013514204017,
73ee15c338355a432993f2eab9ed6ddfa802d5b9a2f4787510acc04413dc257e,3.5__Pendulum-v1__last-state__H20,Pendulum-v1,last-state,20,10,30,data/llmx_data/offline_data/physics_data/raw_transitions/Pendulum-v1/episodes/episode_0.npz,911,experiments/03_1_gpt35_history_n30_joint/results/records.jsonl,experiments/03_1_gpt35_history_n30_joint/results/runs/3.5__Pendulum-v1__last-state__H20/episode_000/predictions.jsonl,9a35069dafb67cc542b7f7ddbe3b14c0300ce605aa54ab833b63e68c73f9ee42,True,1954,262,2216,2.963957584113814,2.959869374986738,,,,False,not_applicable,,False,not_applicable,,False,not_applicable,"[2, 2, 0]",True,,"[0.9986, -0.0525, -0.0818]",True,,"[0.0, 0.0003, -0.0067]",True,,"[0.9988289475440979, -0.04838155210018158, 0.08775141835212708]","[0.9986226558685303, -0.05246696621179581, -0.08181242644786835]","[0, 0, 0]","[0.9988289475440979, -0.04838155210018158, 0.08775141835212708]","[-0.00020629167556762695, -0.004085414111614227, -0.16956384479999542]",,3.417768830304979e-05,-0.0040906219307621505,,0.0002995820749385203,
d519ebcabcf3c305a6a5909ade6f6130d051ab21c0217ae6fce6e68148f0f3bc,3.5__Pendulum-v1__last-state__H20,Pendulum-v1,last-state,20,11,31,data/llmx_data/offline_data/physics_data/raw_transitions/Pendulum-v1/episodes/episode_0.npz,912,experiments/03_1_gpt35_history_n30_joint/results/records.jsonl,experiments/03_1_gpt35_history_n30_joint/results/runs/3.5__Pendulum-v1__last-state__H20/episode_000/predictions.jsonl,397de88e7716387ba1d3d4429aa4bc5e63f3b70f47d02344d16a0d061707b225,True,1955,220,2175,2.7714625829830766,2.7681978329783306,,,,False,not_applicable,,False,not_applicable,,False,not_applicable,"[2, 0, 2]",True,,"[0.9989, -0.0475, 0.0994]",True,,"[0.0001, 0.0003, 0.0103]",True,,"[0.9986226558685303, -0.05246696621179581, -0.08181242644786835]","[0.9988710880279541, -0.0475035160779953, 0.09939341247081757]","[1, 1, 1]","[0.9986226558685303, -0.05246696621179581, -0.08181242644786835]","[0.0002484321594238281, 0.004963450133800507, 0.1812058389186859]",,-4.885388542152924e-06,0.004969668628717283,,0.00030443772894273025,
85b4cd22ddaec40ff1aef4eeba182fe7c4fa6882b0643875274ef96d41f41870,3.5__Pendulum-v1__last-state__H20,Pendulum-v1,last-state,20,12,32,data/llmx_data/offline_data/physics_data/raw_transitions/Pendulum-v1/episodes/episode_0.npz,913,experiments/03_1_gpt35_history_n30_joint/results/records.jsonl,experiments/03_1_gpt35_history_n30_joint/results/runs/3.5__Pendulum-v1__last-state__H20/episode_000/predictions.jsonl,619fda9e9a13c12338ba8620765de6c84b1c41854785ce009014abe9a514ecaa,True,1954,196,2150,2.1570371669949964,2.152738417033106,,,,False,not_applicable,,False,not_applicable,,False,not_applicable,"[2, 1, 2]",True,,"[0.9987, -0.0514, -0.0779]",True,,"[-0.0003, 0.0001, 0.0005]",True,,"[0.9988710880279541, -0.0475035160779953, 0.09939341247081757]","[0.9986785650253296, -0.05139217525720596, -0.07786854356527328]","[0, 0, 0]","[0.9988710880279541, -0.0475035160779953, 0.09939341247081757]","[-0.00019252300262451172, -0.003888659179210663, -0.17726195603609085]",,6.71266632101819e-06,-0.0038934244520567596,,8.442447328071978e-05,
9a6e2582b7dc3d49cecf451293282a2a04458b909fdce9d85bc4f35089c5131e,3.5__Pendulum-v1__last-state__H20,Pendulum-v1,last-state,20,13,33,data/llmx_data/offline_data/physics_data/raw_transitions/Pendulum-v1/episodes/episode_0.npz,914,experiments/03_1_gpt35_history_n30_joint/results/records.jsonl,experiments/03_1_gpt35_history_n30_joint/results/runs/3.5__Pendulum-v1__last-state__H20/episode_000/predictions.jsonl,22a49e10538c3d497d87d413cdc5ecc2ca49f17aedf5bac5bdf5442852c13afd,False,1957,319,2276,3.480106291011907,3.47579570801463,,,,False,not_applicable,,False,not_applicable,,False,not_applicable,"[2, 0, 2]",True,,"[0.999, -0.0455, 0.1173]",True,,,False,non_literal_or_placeholder,"[0.9986785650253296, -0.05139217525720596, -0.07786854356527328]","[0.9989628791809082, -0.04553241655230522, 0.11733325570821762]","[1, 1, 1]","[0.9986785650253296, -0.05139217525720596, -0.07786854356527328]","[0.0002843141555786133, 0.005859758704900742, 0.1952017992734909]",,-3.407191864246428e-05,0.005866660394375778,,,component_parse_failure
eee990914a21c3972a40170321fd6c34fc5a6e4545f5d433db04ef259d20d28b,3.5__Pendulum-v1__last-state__H20,Pendulum-v1,last-state,20,14,34,data/llmx_data/offline_data/physics_data/raw_transitions/Pendulum-v1/episodes/episode_0.npz,915,experiments/03_1_gpt35_history_n30_joint/results/records.jsonl,experiments/03_1_gpt35_history_n30_joint/results/runs/3.5__Pendulum-v1__last-state__H20/episode_000/predictions.jsonl,60880819307db98372ea3985e8d905305159057a74baa0fca1bce956665ab304,True,1958,249,2207,2.3544114580145106,2.350962416967377,,,,False,not_applicable,,False,not_applicable,,False,not_applicable,"[0, 0, 1]",True,,"[0.9991, -0.0415, 0.1103]",True,,"[0.0001, 0.0015, 0.0]",True,,"[0.9989628791809082, -0.04553241655230522, 0.11733325570821762]","[0.9991986751556396, -0.04002482816576958, 0.11025278270244598]","[1, 1, 0]","[0.9989628791809082, -0.04553241655230522, 0.11733325570821762]","[0.0002357959747314453, 0.0055075883865356445, -0.007080473005771637]",,0.001477996611543464,0.005512640594000473,,0.001502859333229356,
cfa3baf3f550c8d0ebf5030625478bb69f718cefc12ef067ab78d3455b0a1b99,3.5__Pendulum-v1__last-state__H20,Pendulum-v1,last-state,20,15,35,data/llmx_data/offline_data/physics_data/raw_transitions/Pendulum-v1/episodes/episode_0.npz,916,experiments/03_1_gpt35_history_n30_joint/results/records.jsonl,experiments/03_1_gpt35_history_n30_joint/results/runs/3.5__Pendulum-v1__last-state__H20/episode_000/predictions.jsonl,627df413f3533075e0b77fd817b2ce47c895f7a0eaac304aec026ae902a7a8d5,False,1958,171,2129,1.7767875409917906,1.773711666930467,,,,False,not_applicable,,False,not_applicable,,False,not_applicable,"[0, 0, 0]",True,,"[0.9989, -0.0472, -0.1432]",True,,,False,non_literal_or_placeholder,"[0.9991986751556396, -0.04002482816576958, 0.11025278270244598]","[0.9988864064216614, -0.047179434448480606, -0.14322860538959503]","[0, 0, 0]","[0.9991986751556396, -0.04002482816576958, 0.11025278270244598]","[-0.0003122687339782715, -0.007154606282711029, -0.253481388092041]",,1.9901023934121298e-05,-0.0071614330809932625,,,component_parse_failure
af243f35cc9c383f25ec1decfe111cb9cbbb7c238bfe5024114ebe4de566e38e,3.5__Pendulum-v1__last-state__H20,Pendulum-v1,last-state,20,16,36,data/llmx_data/offline_data/physics_data/raw_transitions/Pendulum-v1/episodes/episode_0.npz,917,experiments/03_1_gpt35_history_n30_joint/results/records.jsonl,experiments/03_1_gpt35_history_n30_joint/results/runs/3.5__Pendulum-v1__last-state__H20/episode_000/predictions.jsonl,42b755f3a97dc736c72672a19105fa89b40a479809a5c2878a3ba5a2acbbe4d4,True,1958,197,2155,1.7763068749336526,1.772487375070341,,,,False,not_applicable,,False,not_applicable,,False,not_applicable,"[2, 0, 1]",True,,"[0.9991, -0.0431, 0.0816]",True,,"[0.0, -0.0003, 0.0005]",True,,"[0.9988864064216614, -0.047179434448480606, -0.14322860538959503]","[0.9990707039833069, -0.04310135543346405, 0.08164482563734055]","[1, 1, 1]","[0.9988864064216614, -0.047179434448480606, -0.14322860538959503]","[0.0001842975616455078, 0.004078079015016556, 0.22487343102693558]",,-2.616795459875476e-06,0.004082244186681017,,-0.0002997250782672545,
af6fcf33fbdf79b99594052b3704335bf895f6f05a1b0deb0dcd3548d9903b14,3.5__Pendulum-v1__last-state__H20,Pendulum-v1,last-state,20,17,37,data/llmx_data/offline_data/physics_data/raw_transitions/Pendulum-v1/episodes/episode_0.npz,918,experiments/03_1_gpt35_history_n30_joint/results/records.jsonl,experiments/03_1_gpt35_history_n30_joint/results/runs/3.5__Pendulum-v1__last-state__H20/episode_000/predictions.jsonl,14ac3c4ddf86c8f5032e84379a495dca421232940553390623bf6ff72375e0ea,True,1959,336,2295,4.085944166989066,4.082437542034313,,,,False,not_applicable,,False,not_applicable,,False,not_applicable,"[2, 0, 2]",True,,"[0.9985, -0.0554, -0.2468]",True,,"[-0.0005, -0.0002, -0.1036]",True,,"[0.9990707039833069, -0.04310135543346405, 0.08164482563734055]","[0.9984627366065979, -0.055427249521017075, -0.24681909382343292]","[0, 0, 0]","[0.9990707039833069, -0.04310135543346405, 0.08164482563734055]","[-0.0006079673767089844, -0.012325894087553024, -0.32846391946077347]",,-2.92719933567831e-05,-0.012340957060716917,,-0.00022729521121256369,
f197968ad5a4229e13b5150289c854d130afb49c980acab58db8755ebf09c430,3.5__Pendulum-v1__last-state__H20,Pendulum-v1,last-state,20,18,38,data/llmx_data/offline_data/physics_data/raw_transitions/Pendulum-v1/episodes/episode_0.npz,919,experiments/03_1_gpt35_history_n30_joint/results/records.jsonl,experiments/03_1_gpt35_history_n30_joint/results/runs/3.5__Pendulum-v1__last-state__H20/episode_000/predictions.jsonl,31904f223419b5b3e09314fbe142164e0ff2cfb5342c203a525d55ece0a9e775,False,1960,190,2150,2.0442887080134824,2.0411442909389734,,,,False,not_applicable,,False,not_applicable,,False,not_applicable,"[2, 0, 2]",True,,"[0.9985, -0.0548, 0.0116]",True,,,False,non_literal_or_placeholder,"[0.9984627366065979, -0.055427249521017075, -0.24681909382343292]","[0.9984947443008423, -0.054847609251737595, 0.011610466055572033]","[2, 1, 1]","[0.9984627366065979, -0.055427249521017075, -0.24681909382343292]","[3.2007694244384766e-05, 0.00057964026927948, 0.25842955987900496]",,-4.782572334338653e-05,0.0005805233315707703,,,component_parse_failure
b7fd63be0a0ce4a33ca15c5c5cf844bc57cadd4b6e56a45db4fab4c8e60955d5,3.5__Pendulum-v1__last-state__H20,Pendulum-v1,last-state,20,19,39,data/llmx_data/offline_data/physics_data/raw_transitions/Pendulum-v1/episodes/episode_0.npz,920,experiments/03_1_gpt35_history_n30_joint/results/records.jsonl,experiments/03_1_gpt35_history_n30_joint/results/runs/3.5__Pendulum-v1__last-state__H20/episode_000/predictions.jsonl,9c07fa6e45eca5e79ee55d388d3d7a60c8c96b7dfc65bd90ad3747a8f1f81cbc,True,1960,247,2207,2.0050484579987824,2.0016843340126798,,,,False,not_applicable,,False,not_applicable,,False,not_applicable,"[2, 1, 1]",True,,"[0.9988, -0.0488, 0.1217]",True,,"[0.0, 0.0, 0.0]",True,,"[0.9984947443008423, -0.054847609251737595, 0.011610466055572033]","[0.9988101124763489, -0.048768363893032074, 0.12174859642982483]","[1, 1, 1]","[0.9984947443008423, -0.054847609251737595, 0.011610466055572033]","[0.0003153681755065918, 0.006079245358705521, 0.1101381303742528]",,3.209190729336342e-05,0.0060874293005457325,,0.0,
64a0a4a8ee78800ddbb1fe285152f344aa2c7c2a0f968206920402cdbc17168b,3.5__Pendulum-v1__last-state__H20,Pendulum-v1,last-state,20,20,40,data/llmx_data/offline_data/physics_data/raw_transitions/Pendulum-v1/episodes/episode_0.npz,921,experiments/03_1_gpt35_history_n30_joint/results/records.jsonl,experiments/03_1_gpt35_history_n30_joint/results/runs/3.5__Pendulum-v1__last-state__H20/episode_000/predictions.jsonl,c9d8c47ce09e81b601b3e575676dc16a612a0c29bc4be9bebf2f51b08c52c13a,True,1960,299,2259,2.2913219580659643,2.2877754169749096,,,,False,not_applicable,,False,not_applicable,,False,not_applicable,"[2, 0, 2]",True,,"[0.999, -0.043, 0.1]",True,,"[0, -0.0012, 0.0324]",True,,"[0.9988101124763489, -0.048768363893032074, 0.12174859642982483]","[0.9991110563278198, -0.042156193405389786, 0.13238050043582916]","[1, 1, 1]","[0.9988101124763489, -0.048768363893032074, 0.12174859642982483]","[0.00030094385147094727, 0.006612170487642288, 0.010631904006004333]",,0.0008478018790500919,0.006619027481499895,,-0.0011989932900871025,
ac913aa6a00466f40215118f13d5dae150c56501bab0f929dfc225fda41b50eb,3.5__Pendulum-v1__last-state__H20,Pendulum-v1,last-state,20,21,41,data/llmx_data/offline_data/physics_data/raw_transitions/Pendulum-v1/episodes/episode_0.npz,922,experiments/03_1_gpt35_history_n30_joint/results/records.jsonl,experiments/03_1_gpt35_history_n30_joint/results/runs/3.5__Pendulum-v1__last-state__H20/episode_000/predictions.jsonl,6592fb82228ac2e719af8ffd3b756fec3d33344a25caa9166c2ed0a7df07eb9f,True,1959,199,2158,1.8133795410394669,1.8107385410694405,,,,False,not_applicable,,False,not_applicable,,False,not_applicable,"[2, 0, 1]",True,,"[0.999, -0.0442, -0.0167]",True,,"[0.0004, 0.0116, 0.187]",True,,"[0.9991110563278198, -0.042156193405389786, 0.13238050043582916]","[0.9994338154792786, -0.03364679962396622, 0.17031076550483704]","[1, 1, 1]","[0.9991110563278198, -0.042156193405389786, 0.13238050043582916]","[0.00032275915145874023, 0.008509393781423569, 0.037930265069007874]",,0.010562257449121759,0.008515538170986048,,0.011606479025464633,
fbebf1aee5a7fba9390240c96ca36572a79ae9da7b842c51a4c8f1b7224cb898,3.5__Pendulum-v1__last-state__H20,Pendulum-v1,last-state,20,22,42,data/llmx_data/offline_data/physics_data/raw_transitions/Pendulum-v1/episodes/episode_0.npz,923,experiments/03_1_gpt35_history_n30_joint/results/records.jsonl,experiments/03_1_gpt35_history_n30_joint/results/runs/3.5__Pendulum-v1__last-state__H20/episode_000/predictions.jsonl,b46afc9721e43be164e365731957606506c079c9c8df8ff0d3817f3e0e09075e,False,1962,228,2190,2.142808916978538,2.1387782079400495,,,,False,not_applicable,,False,not_applicable,,False,not_applicable,"[2, 0, 1]",True,,,False,missing_marker,,False,missing_marker,"[0.9994338154792786, -0.03364679962396622, 0.17031076550483704]","[0.9996216893196106, -0.027503257617354393, 0.12292849272489548]","[1, 1, 0]","[0.9994338154792786, -0.03364679962396622, 0.17031076550483704]","[0.00018787384033203125, 0.006143542006611824, -0.04738227277994156]",,,0.006146423652620747,component_parse_failure,,component_parse_failure
873ece222427598a19316ff08bda1f65349a69b548594fcae84211245e2204ad,3.5__Pendulum-v1__last-state__H20,Pendulum-v1,last-state,20,23,43,data/llmx_data/offline_data/physics_data/raw_transitions/Pendulum-v1/episodes/episode_0.npz,924,experiments/03_1_gpt35_history_n30_joint/results/records.jsonl,experiments/03_1_gpt35_history_n30_joint/results/runs/3.5__Pendulum-v1__last-state__H20/episode_000/predictions.jsonl,cbb72c66bd604a7587e15531715c66dda0ac8c37ed5f6c7dc8c8cad53a5a68b3,False,1961,229,2190,2.8547300830250606,2.8521278749685735,,,,False,not_applicable,,False,not_applicable,,False,not_applicable,"[0, 2, 0]",True,,,False,missing_marker,,False,missing_marker,"[0.9996216893196106, -0.027503257617354393, 0.12292849272489548]","[0.9994360208511353, -0.03358083590865135, -0.12160847336053848]","[0, 0, 0]","[0.9996216893196106, -0.027503257617354393, 0.12292849272489548]","[-0.0001856684684753418, -0.006077578291296959, -0.24453696608543396]",,,-0.006080423084189324,component_parse_failure,,component_parse_failure
70c9b8da061635ac4bdc6b462182ba2ec4fe348eb0ff0276a72cd50f1f4ab0cd,3.5__Pendulum-v1__last-state__H20,Pendulum-v1,last-state,20,24,44,data/llmx_data/offline_data/physics_data/raw_transitions/Pendulum-v1/episodes/episode_0.npz,925,experiments/03_1_gpt35_history_n30_joint/results/records.jsonl,experiments/03_1_gpt35_history_n30_joint/results/runs/3.5__Pendulum-v1__last-state__H20/episode_000/predictions.jsonl,90705d264b4de64ebc033c625435fb9cca07115d9f8c719402a01428666eae06,False,1962,247,2209,3.1509034170303494,3.148465291946195,,,,False,not_applicable,,False,not_applicable,,False,not_applicable,,False,non_literal_or_placeholder,"[0.999, -0.0374, -0.0772]",True,,,False,non_literal_or_placeholder,"[0.9994360208511353, -0.03358083590865135, -0.12160847336053848]","[0.9992988705635071, -0.037440475076436996, -0.07724151760339737]","[0, 0, 1]","[0.9994360208511353, -0.03358083590865135, -0.12160847336053848]","[-0.00013715028762817383, -0.0038596391677856445, 0.04436695575714111]",,-2.9265626487529062e-05,-0.003862077529305008,,,component_parse_failure
6549b308a2b49805dc3a14c6e87f97494c576f0a6244dbe8b373347b7e42e45f,3.5__Pendulum-v1__last-state__H20,Pendulum-v1,last-state,20,25,45,data/llmx_data/offline_data/physics_data/raw_transitions/Pendulum-v1/episodes/episode_0.npz,926,experiments/03_1_gpt35_history_n30_joint/results/records.jsonl,experiments/03_1_gpt35_history_n30_joint/results/runs/3.5__Pendulum-v1__last-state__H20/episode_000/predictions.jsonl,a7afc6c2dc59a3dec596d243f7e15509b4c18b91f3d8d090a2819fd54096c03a,True,1961,274,2235,2.631892958073877,2.628403375041671,,,,False,not_applicable,,False,not_applicable,,False,not_applicable,"[2, 0, 2]",True,,"[0.999, -0.0417, -0.0845]",True,,"[-0.0003, -0.0003, 0.0]",True,,"[0.9992988705635071, -0.037440475076436996, -0.07724151760339737]","[0.9991317391395569, -0.041663073003292084, -0.08451816439628601]","[0, 0, 0]","[0.9992988705635071, -0.037440475076436996, -0.07724151760339737]","[-0.0001671314239501953, -0.004222597926855087, -0.007276646792888641]",,4.238910418852271e-05,-0.004225907258163186,,-0.0003121487580304283,
8134fa42e1dfe9b874d3519772480e19c094b34efc2bf32e9121c3ff0b02e714,3.5__Pendulum-v1__last-state__H20,Pendulum-v1,last-state,20,26,46,data/llmx_data/offline_data/physics_data/raw_transitions/Pendulum-v1/episodes/episode_0.npz,927,experiments/03_1_gpt35_history_n30_joint/results/records.jsonl,experiments/03_1_gpt35_history_n30_joint/results/runs/3.5__Pendulum-v1__last-state__H20/episode_000/predictions.jsonl,52faa1448e030eb59f0e75bc3b819a72cb6065d128de80c15f828c876e187e36,True,1958,232,2190,2.24987812503241,2.2467001249315217,,,,False,not_applicable,,False,not_applicable,,False,not_applicable,"[2, 0, 2]",True,,"[0.999, -0.0446, -0.0581]",True,,"[0, -0.0004, 0.0003]",True,,"[0.9991317391395569, -0.041663073003292084, -0.08451816439628601]","[0.999006450176239, -0.044565800577402115, -0.058108627796173096]","[0, 0, 1]","[0.9991317391395569, -0.041663073003292084, -0.08451816439628601]","[-0.0001252889633178711, -0.002902727574110031, 0.026409536600112915]",,3.4453070584916645e-05,-0.00290543119946296,,-0.00039960968313934586,
186b12fdf3d9f435617068887ae29974da084b685a2f43d6f1e3c0fba3361af3,3.5__Pendulum-v1__last-state__H20,Pendulum-v1,last-state,20,27,47,data/llmx_data/offline_data/physics_data/raw_transitions/Pendulum-v1/episodes/episode_0.npz,928,experiments/03_1_gpt35_history_n30_joint/results/records.jsonl,experiments/03_1_gpt35_history_n30_joint/results/runs/3.5__Pendulum-v1__last-state__H20/episode_000/predictions.jsonl,d1dd9be9b3512bdf8b097741a92674c04d1bedf7c255a89d525bf0ddbc66a648,False,1959,322,2281,3.084427166962996,3.0808573339600116,,,,False,not_applicable,,False,not_applicable,,False,not_applicable,,False,non_literal_or_placeholder,"[0.999, -0.0436, 0.0187]",True,,,False,non_literal_or_placeholder,"[0.999006450176239, -0.044565800577402115, -0.058108627796173096]","[0.9990477561950684, -0.04363032802939415, 0.01872764341533184]","[2, 1, 1]","[0.999006450176239, -0.044565800577402115, -0.058108627796173096]","[4.13060188293457e-05, 0.0009354725480079651, 0.07683627121150494]",,-2.8216914142120686e-05,0.0009363840714051719,,,component_parse_failure
d6901e8d95115a443407567cad2eff75b62f1e6943dd2dcdf079e473e42025fe,3.5__Pendulum-v1__last-state__H20,Pendulum-v1,last-state,20,28,48,data/llmx_data/offline_data/physics_data/raw_transitions/Pendulum-v1/episodes/episode_0.npz,929,experiments/03_1_gpt35_history_n30_joint/results/records.jsonl,experiments/03_1_gpt35_history_n30_joint/results/runs/3.5__Pendulum-v1__last-state__H20/episode_000/predictions.jsonl,1aec0ff13c25c4923207c33ac361626d81bed997487c3715a791b172386e1411,True,1950,324,2274,2.8661727090366185,2.8633938749553636,,,,False,not_applicable,,False,not_applicable,,False,not_applicable,"[2, 0, 2]",True,,"[0.9989, -0.0464, -0.0563]",True,,"[0, 0.0099, 0]",True,,"[0.9990477561950684, -0.04363032802939415, 0.01872764341533184]","[0.9989209175109863, -0.04644406586885452, -0.056331899017095566]","[0, 0, 0]","[0.9990477561950684, -0.04363032802939415, 0.01872764341533184]","[-0.00012683868408203125, -0.002813737839460373, -0.0750595424324274]",,-4.304780926300822e-05,-0.002816596106381297,,0.00988444967742419,
ccbbd37b395996a9ca5da49d44fed8ee9311c5ffa7abf83df57fa12d66be756f,3.5__Pendulum-v1__last-state__H20,Pendulum-v1,last-state,20,29,49,data/llmx_data/offline_data/physics_data/raw_transitions/Pendulum-v1/episodes/episode_0.npz,930,experiments/03_1_gpt35_history_n30_joint/results/records.jsonl,experiments/03_1_gpt35_history_n30_joint/results/runs/3.5__Pendulum-v1__last-state__H20/episode_000/predictions.jsonl,14a0fe1270da33b5fa4ee162f372b0b7322f6c0647f6e27c0bc21692108e2a6b,True,1949,205,2154,1.7908547499682754,1.7871373749803752,,,,False,not_applicable,,False,not_applicable,,False,not_applicable,"[2, 0, 2]",True,,"[0.999, -0.0458, 0.0124]",True,,"[0, -0.0001, 0]",True,,"[0.9989209175109863, -0.04644406586885452, -0.056331899017095566]","[0.9989495873451233, -0.045822419226169586, 0.01244615763425827]","[2, 1, 1]","[0.9989209175109863, -0.04644406586885452, -0.056331899017095566]","[2.866983413696289e-05, 0.0006216466426849365, 0.06877805665135384]",,-2.4704488487792275e-05,0.0006223074113984595,,-9.989541892840847e-05,
de7379554eebdfaf44bb07c7f280aa98546dcc80d2ee9e050fa3fb2b1b813cd3,3.5__Pendulum-v1__last-state__H30,Pendulum-v1,last-state,30,0,30,data/llmx_data/offline_data/physics_data/raw_transitions/Pendulum-v1/episodes/episode_0.npz,931,experiments/03_1_gpt35_history_n30_joint/results/records.jsonl,experiments/03_1_gpt35_history_n30_joint/results/runs/3.5__Pendulum-v1__last-state__H30/episode_000/predictions.jsonl,afbaa6e605afff0afdfae3218e2157a0e47db71411a6af69f87a2a2f4bb2bf9a,True,2390,178,2568,2.8907758749555796,2.88702512497548,,,,False,not_applicable,,False,not_applicable,,False,not_applicable,"[0, 0, 2]",True,,"[0.9986, -0.0525, -0.0818]",True,,"[-0.0004, -0.0003, 0.0001]",True,,"[0.9988289475440979, -0.04838155210018158, 0.08775141835212708]","[0.9986226558685303, -0.05246696621179581, -0.08181242644786835]","[0, 0, 0]","[0.9988289475440979, -0.04838155210018158, 0.08775141835212708]","[-0.00020629167556762695, -0.004085414111614227, -0.16956384479999542]",,3.417768830304979e-05,-0.0040906219307621505,,-0.00032045061526542185,
8e7498f078bc617b28c2d16c15e2e911fbfd612544483fde268d0e06a506f884,3.5__Pendulum-v1__last-state__H30,Pendulum-v1,last-state,30,1,31,data/llmx_data/offline_data/physics_data/raw_transitions/Pendulum-v1/episodes/episode_0.npz,932,experiments/03_1_gpt35_history_n30_joint/results/records.jsonl,experiments/03_1_gpt35_history_n30_joint/results/runs/3.5__Pendulum-v1__last-state__H30/episode_000/predictions.jsonl,8c0162196760d6b2e4bef2a1c0fa34ea4e576d84e2d113d412efa8dff5a2fdb2,True,2394,270,2664,2.8119189590215683,2.807744708028622,,,,False,not_applicable,,False,not_applicable,,False,not_applicable,"[1, 0, 0]",True,,"[0.9989, -0.0475, 0.0994]",True,,"[0.0001, 0.0003, 0.0103]",True,,"[0.9986226558685303, -0.05246696621179581, -0.08181242644786835]","[0.9988710880279541, -0.0475035160779953, 0.09939341247081757]","[1, 1, 1]","[0.9986226558685303, -0.05246696621179581, -0.08181242644786835]","[0.0002484321594238281, 0.004963450133800507, 0.1812058389186859]",,-4.885388542152924e-06,0.004969668628717283,,0.00030443772894273025,
625cee614670499a8af293892e9fa981039fc2ea64dad500fdc4f87981c66cfe,3.5__Pendulum-v1__last-state__H30,Pendulum-v1,last-state,30,2,32,data/llmx_data/offline_data/physics_data/raw_transitions/Pendulum-v1/episodes/episode_0.npz,933,experiments/03_1_gpt35_history_n30_joint/results/records.jsonl,experiments/03_1_gpt35_history_n30_joint/results/runs/3.5__Pendulum-v1__last-state__H30/episode_000/predictions.jsonl,c86570f6e4b0dba4cb5009017dd97da9459ee226d9f95f97a42541af72a1c9f8,True,2396,208,2604,2.3401398749556392,2.3361612090375274,,,,False,not_applicable,,False,not_applicable,,False,not_applicable,"[2, 0, 2]",True,,"[0.9987, -0.0514, -0.0779]",True,,"[0.0001, -0.0001, 0.0005]",True,,"[0.9988710880279541, -0.0475035160779953, 0.09939341247081757]","[0.9986785650253296, -0.05139217525720596, -0.07786854356527328]","[0, 0, 0]","[0.9988710880279541, -0.0475035160779953, 0.09939341247081757]","[-0.00019252300262451172, -0.003888659179210663, -0.17726195603609085]",,6.71266632101819e-06,-0.0038934244520567596,,-9.473858389075218e-05,
f83396a78e1dca334d2240799a30da2a80d7aa265b173dfae78defb962a5daf6,3.5__Pendulum-v1__last-state__H30,Pendulum-v1,last-state,30,3,33,data/llmx_data/offline_data/physics_data/raw_transitions/Pendulum-v1/episodes/episode_0.npz,934,experiments/03_1_gpt35_history_n30_joint/results/records.jsonl,experiments/03_1_gpt35_history_n30_joint/results/runs/3.5__Pendulum-v1__last-state__H30/episode_000/predictions.jsonl,d7e13300371dce4669f90bf8ba16944d48a101366c09c4c62c11059116a92984,True,2399,333,2732,3.557862750021741,3.554607040947303,,,,False,not_applicable,,False,not_applicable,,False,not_applicable,"[2, 0, 2]",True,,"[0.999, -0.0455, 0.1173]",True,,"[0.0, 0.0002, 0.0179]",True,,"[0.9986785650253296, -0.05139217525720596, -0.07786854356527328]","[0.9989628791809082, -0.04553241655230522, 0.11733325570821762]","[1, 1, 1]","[0.9986785650253296, -0.05139217525720596, -0.07786854356527328]","[0.0002843141555786133, 0.005859758704900742, 0.1952017992734909]",,-3.407191864246428e-05,0.005866660394375778,,0.00019979074680653852,
f8353f1d8fccf0ab878475a8da198b4a0633a994986e2ca7aac073059086d53d,3.5__Pendulum-v1__last-state__H30,Pendulum-v1,last-state,30,4,34,data/llmx_data/offline_data/physics_data/raw_transitions/Pendulum-v1/episodes/episode_0.npz,935,experiments/03_1_gpt35_history_n30_joint/results/records.jsonl,experiments/03_1_gpt35_history_n30_joint/results/runs/3.5__Pendulum-v1__last-state__H30/episode_000/predictions.jsonl,99cadc87b49abf3d5fcbe93253436d71db58b4831ddfce4370d285660fa7e784,True,2400,224,2624,2.1403877089032903,2.1376515419688076,,,,False,not_applicable,,False,not_applicable,,False,not_applicable,"[2, 0, 2]",True,,"[0.9992, -0.04, 0.1103]",True,,"[0.0002, -0.0004, 0.0005]",True,,"[0.9989628791809082, -0.04553241655230522, 0.11733325570821762]","[0.9991986751556396, -0.04002482816576958, 0.11025278270244598]","[1, 1, 0]","[0.9989628791809082, -0.04553241655230522, 0.11733325570821762]","[0.0002357959747314453, 0.0055075883865356445, -0.007080473005771637]",,-2.4861289315669666e-05,0.005512640594000473,,-0.000391759053560925,
312ee829d5046a645e20c252123508ad1f44b99d41e922581e3bca76627673b0,3.5__Pendulum-v1__last-state__H30,Pendulum-v1,last-state,30,5,35,data/llmx_data/offline_data/physics_data/raw_transitions/Pendulum-v1/episodes/episode_0.npz,936,experiments/03_1_gpt35_history_n30_joint/results/records.jsonl,experiments/03_1_gpt35_history_n30_joint/results/runs/3.5__Pendulum-v1__last-state__H30/episode_000/predictions.jsonl,407fabeee6f4349367a5a33cb444dd756f944d68ff626f4b63d5b0905dbc66aa,True,2403,173,2576,1.8204033749643713,1.8179284579819068,,,,False,not_applicable,,False,not_applicable,,False,not_applicable,"[0, 0, 1]",True,,"[0.9989, -0.0472, -0.1432]",True,,"[-0.0001, 0.0003, 0.0001]",True,,"[0.9991986751556396, -0.04002482816576958, 0.11025278270244598]","[0.9988864064216614, -0.047179434448480606, -0.14322860538959503]","[0, 0, 0]","[0.9991986751556396, -0.04002482816576958, 0.11025278270244598]","[-0.0003122687339782715, -0.007154606282711029, -0.253481388092041]",,1.9901023934121298e-05,-0.0071614330809932625,,0.000294914351334441,
8ee7a71d84d93da5255bf0a2d22c4ac83082bb394e0eddae14ded36ae56d68dd,3.5__Pendulum-v1__last-state__H30,Pendulum-v1,last-state,30,6,36,data/llmx_data/offline_data/physics_data/raw_transitions/Pendulum-v1/episodes/episode_0.npz,937,experiments/03_1_gpt35_history_n30_joint/results/records.jsonl,experiments/03_1_gpt35_history_n30_joint/results/runs/3.5__Pendulum-v1__last-state__H30/episode_000/predictions.jsonl,c2fe5010f785b0f348978104497007c440f87bbb8dd2693b292c2275a745365b,True,2402,212,2614,2.136108666076325,2.1320614999858662,,,,False,not_applicable,,False,not_applicable,,False,not_applicable,"[0, 1, 2]",True,,"[0.9991, -0.0431, 0.0816]",True,,"[-0.0001, 0.0004, -0.0001]",True,,"[0.9988864064216614, -0.047179434448480606, -0.14322860538959503]","[0.9990707039833069, -0.04310135543346405, 0.08164482563734055]","[1, 1, 1]","[0.9988864064216614, -0.047179434448480606, -0.14322860538959503]","[0.0001842975616455078, 0.004078079015016556, 0.22487343102693558]",,-2.616795459875476e-06,0.004082244186681017,,0.000395271820945009,
802f40069cfc5cb550e1a60d15bf4a5e897067860e5f86444666b23e3edc6a81,3.5__Pendulum-v1__last-state__H30,Pendulum-v1,last-state,30,7,37,data/llmx_data/offline_data/physics_data/raw_transitions/Pendulum-v1/episodes/episode_0.npz,938,experiments/03_1_gpt35_history_n30_joint/results/records.jsonl,experiments/03_1_gpt35_history_n30_joint/results/runs/3.5__Pendulum-v1__last-state__H30/episode_000/predictions.jsonl,af5ece401830e6212c917e171acc110ed80cfccfd6ca36b9f9ea64baeb8d2f08,False,2400,281,2681,2.5838165830355138,2.580063415924087,,,,False,not_applicable,,False,not_applicable,,False,not_applicable,"[2, 0, 2]",True,,,False,missing_marker,,False,missing_marker,"[0.9990707039833069, -0.04310135543346405, 0.08164482563734055]","[0.9984627366065979, -0.055427249521017075, -0.24681909382343292]","[0, 0, 0]","[0.9990707039833069, -0.04310135543346405, 0.08164482563734055]","[-0.0006079673767089844, -0.012325894087553024, -0.32846391946077347]",,,-0.012340957060716917,component_parse_failure,,component_parse_failure
9efda355d53c6408d7d762ea0be403b794afefd5c97b4a21c50adb8d4350bae7,3.5__Pendulum-v1__last-state__H30,Pendulum-v1,last-state,30,8,38,data/llmx_data/offline_data/physics_data/raw_transitions/Pendulum-v1/episodes/episode_0.npz,939,experiments/03_1_gpt35_history_n30_joint/results/records.jsonl,experiments/03_1_gpt35_history_n30_joint/results/runs/3.5__Pendulum-v1__last-state__H30/episode_000/predictions.jsonl,a164abb4db9587892a46197a0e74a0c8ec19f3d64859577d27ebe8ba51f6010b,True,2399,222,2621,2.293084750068374,2.289546375046484,,,,False,not_applicable,,False,not_applicable,,False,not_applicable,"[2, 0, 2]",True,,"[0.999, -0.0548, 0.0116]",True,,"[0.0005, -0.0093, -0.0116]",True,,"[0.9984627366065979, -0.055427249521017075, -0.24681909382343292]","[0.9984947443008423, -0.054847609251737595, 0.011610466055572033]","[2, 1, 1]","[0.9984627366065979, -0.055427249521017075, -0.24681909382343292]","[3.2007694244384766e-05, 0.00057964026927948, 0.25842955987900496]",,-7.521190591175397e-05,0.0005805233315707703,,-0.009267666243102823,
cd9598269fd00596288816a74242d5aa6b674093eb92290b3e22fb67ee6bd274,3.5__Pendulum-v1__last-state__H30,Pendulum-v1,last-state,30,9,39,data/llmx_data/offline_data/physics_data/raw_transitions/Pendulum-v1/episodes/episode_0.npz,940,experiments/03_1_gpt35_history_n30_joint/results/records.jsonl,experiments/03_1_gpt35_history_n30_joint/results/runs/3.5__Pendulum-v1__last-state__H30/episode_000/predictions.jsonl,576e0bfacb502e980e7d6b8afa3bfe42eddc783f592529c03ea4b6325ae4c4b3,True,2400,236,2636,2.2462041249964386,2.2405710419407114,,,,False,not_applicable,,False,not_applicable,,False,not_applicable,"[2, 0, 2]",True,,"[0.999, -0.0488, 0.1217]",True,,"[-0.0002, -0.0001, 0.0044]",True,,"[0.9984947443008423, -0.054847609251737595, 0.011610466055572033]","[0.9988101124763489, -0.048768363893032074, 0.12174859642982483]","[1, 1, 1]","[0.9984947443008423, -0.054847609251737595, 0.011610466055572033]","[0.0003153681755065918, 0.006079245358705521, 0.1101381303742528]",,2.2333689534637102e-05,0.0060874293005457325,,-0.00010961332222114706,
8aa67bb8ee90bdda3774e002ad550b1e8ccb418d89b8c73f84879a4985f4a85c,3.5__Pendulum-v1__last-state__H30,Pendulum-v1,last-state,30,10,40,data/llmx_data/offline_data/physics_data/raw_transitions/Pendulum-v1/episodes/episode_0.npz,941,experiments/03_1_gpt35_history_n30_joint/results/records.jsonl,experiments/03_1_gpt35_history_n30_joint/results/runs/3.5__Pendulum-v1__last-state__H30/episode_000/predictions.jsonl,152fc71a07ec6f6522af47a241b1f114775256ea0d40d2ddaf67f259b4433227,True,2399,215,2614,2.06727508304175,2.0621948749758303,,,,False,not_applicable,,False,not_applicable,,False,not_applicable,"[2, 0, 1]",True,,"[0.9991, -0.0422, 0.1324]",True,,"[0.0001, -0.0007, 0.0001]",True,,"[0.9988101124763489, -0.048768363893032074, 0.12174859642982483]","[0.9991110563278198, -0.042156193405389786, 0.13238050043582916]","[1, 1, 1]","[0.9988101124763489, -0.048768363893032074, 0.12174859642982483]","[0.00030094385147094727, 0.006612170487642288, 0.010631904006004333]",,4.4234150522903803e-05,0.006619027481499895,,-0.0006952519548577563,
86b81c7a60e9d3868fa6ecee9b8acb961c425a003f1209799cfa5c3e9fcc23b3,3.5__Pendulum-v1__last-state__H30,Pendulum-v1,last-state,30,11,41,data/llmx_data/offline_data/physics_data/raw_transitions/Pendulum-v1/episodes/episode_0.npz,942,experiments/03_1_gpt35_history_n30_joint/results/records.jsonl,experiments/03_1_gpt35_history_n30_joint/results/runs/3.5__Pendulum-v1__last-state__H30/episode_000/predictions.jsonl,0a758354101a3b21cd33600ac8bc5c083672afefbd8067f78ba090f428aae54e,True,2398,219,2617,2.295766875031404,2.2910888749174774,,,,False,not_applicable,,False,not_applicable,,False,not_applicable,"[2, 0, 1]",True,,"[0.9994, -0.0336, 0.1703]",True,,"[0.0004, -0.0002, 0.0005]",True,,"[0.9991110563278198, -0.042156193405389786, 0.13238050043582916]","[0.9994338154792786, -0.03364679962396622, 0.17031076550483704]","[1, 1, 1]","[0.9991110563278198, -0.042156193405389786, 0.13238050043582916]","[0.00032275915145874023, 0.008509393781423569, 0.037930265069007874]",,-4.563695560433345e-05,0.008515538170986048,,-0.00018650384449747648,
e55fbdea200a1d7f53844c776a5799ca656e3d4cd323766a7f43b10a6c1752dd,3.5__Pendulum-v1__last-state__H30,Pendulum-v1,last-state,30,12,42,data/llmx_data/offline_data/physics_data/raw_transitions/Pendulum-v1/episodes/episode_0.npz,943,experiments/03_1_gpt35_history_n30_joint/results/records.jsonl,experiments/03_1_gpt35_history_n30_joint/results/runs/3.5__Pendulum-v1__last-state__H30/episode_000/predictions.jsonl,4e2ca60ff3c55540c275a9eb0e623c27185ddb0d389af97bcc697c8cc5d4752a,True,2399,387,2786,3.69932387501467,3.6947066669818014,,,,False,not_applicable,,False,not_applicable,,False,not_applicable,"[2, 0, 1]",True,,"[0.9996, -0.0275, 0.1229]",True,,"[0.0, -0.007, 0.1329]",True,,"[0.9994338154792786, -0.03364679962396622, 0.17031076550483704]","[0.9996216893196106, -0.027503257617354393, 0.12292849272489548]","[1, 1, 0]","[0.9994338154792786, -0.03364679962396622, 0.17031076550483704]","[0.00018787384033203125, 0.006143542006611824, -0.04738227277994156]",,-2.6599160567464253e-06,0.006146423652620747,,-0.006998585311605243,
bd6a151d076a485e59170b61a89e910e3e3a8a3d0e25da62263f89cb9307e244,3.5__Pendulum-v1__last-state__H30,Pendulum-v1,last-state,30,13,43,data/llmx_data/offline_data/physics_data/raw_transitions/Pendulum-v1/episodes/episode_0.npz,944,experiments/03_1_gpt35_history_n30_joint/results/records.jsonl,experiments/03_1_gpt35_history_n30_joint/results/runs/3.5__Pendulum-v1__last-state__H30/episode_000/predictions.jsonl,3ce3bbeeecb478eb2af5df8971f5140939ad62e5302f2599291e883e2d4c3658,True,2402,245,2647,2.4763124579330906,2.472485333913937,,,,False,not_applicable,,False,not_applicable,,False,not_applicable,"[2, 2, 0]",True,,"[0.9994, -0.0336, -0.1703]",True,,"[0, 0, 0.0487]",True,,"[0.9996216893196106, -0.027503257617354393, 0.12292849272489548]","[0.9994360208511353, -0.03358083590865135, -0.12160847336053848]","[0, 0, 0]","[0.9996216893196106, -0.027503257617354393, 0.12292849272489548]","[-0.0001856684684753418, -0.006077578291296959, -0.24453696608543396]",,2.0363612827090094e-05,-0.006080423084189324,,0.0,
fb9f0566c2382571234a351f1b9a96dc27412e23aa6989e4fcb678c20e4d99fa,3.5__Pendulum-v1__last-state__H30,Pendulum-v1,last-state,30,14,44,data/llmx_data/offline_data/physics_data/raw_transitions/Pendulum-v1/episodes/episode_0.npz,945,experiments/03_1_gpt35_history_n30_joint/results/records.jsonl,experiments/03_1_gpt35_history_n30_joint/results/runs/3.5__Pendulum-v1__last-state__H30/episode_000/predictions.jsonl,9b3ca7f05be6cecd9aef849d6092de670af3aa7e43ba581ad27b9e5acd96febd,True,2403,321,2724,4.1541011249646544,4.1508551250444725,,,,False,not_applicable,,False,not_applicable,,False,not_applicable,"[2, 0, 2]",True,,"[0.9993, -0.0374, -0.0772]",True,,"[0, -0.0099, -0.2001]",True,,"[0.9994360208511353, -0.03358083590865135, -0.12160847336053848]","[0.9992988705635071, -0.037440475076436996, -0.07724151760339737]","[0, 0, 1]","[0.9994360208511353, -0.03358083590865135, -0.12160847336053848]","[-0.00013715028762817383, -0.0038596391677856445, 0.04436695575714111]",,-4.0488999559773475e-05,-0.003862077529305008,,-0.009896403836442413,
36135118abc8307127a0e1d3c1f9126666dd4a8baa291b3d6aef66cdb055705b,3.5__Pendulum-v1__last-state__H30,Pendulum-v1,last-state,30,15,45,data/llmx_data/offline_data/physics_data/raw_transitions/Pendulum-v1/episodes/episode_0.npz,946,experiments/03_1_gpt35_history_n30_joint/results/records.jsonl,experiments/03_1_gpt35_history_n30_joint/results/runs/3.5__Pendulum-v1__last-state__H30/episode_000/predictions.jsonl,859686422e1eb532af5d82ada3c4b294f7a5383a1881a18d6a2136751ff18e1e,True,2403,191,2594,1.866455707931891,1.862495500012301,,,,False,not_applicable,,False,not_applicable,,False,not_applicable,"[2, 0, 2]",True,,"[0.999, -0.0417, -0.0845]",True,,"[0.0, -0.0001, 0.0]",True,,"[0.9992988705635071, -0.037440475076436996, -0.07724151760339737]","[0.9991317391395569, -0.041663073003292084, -0.08451816439628601]","[0, 0, 0]","[0.9992988705635071, -0.037440475076436996, -0.07724151760339737]","[-0.0001671314239501953, -0.004222597926855087, -0.007276646792888641]",,4.238910418852271e-05,-0.004225907258163186,,-9.99135854753419e-05,
595b336cdefd1d37f361eedc6498e798d9edf2278da73987d93dc2ddcafef0b2,3.5__Pendulum-v1__last-state__H30,Pendulum-v1,last-state,30,16,46,data/llmx_data/offline_data/physics_data/raw_transitions/Pendulum-v1/episodes/episode_0.npz,947,experiments/03_1_gpt35_history_n30_joint/results/records.jsonl,experiments/03_1_gpt35_history_n30_joint/results/runs/3.5__Pendulum-v1__last-state__H30/episode_000/predictions.jsonl,ddfe2aa61509eb78a33f0889d14d9a9d666b5d312148f35c1c7a882fdee1934f,True,2400,242,2642,2.1338404580019414,2.13060674990993,,,,False,not_applicable,,False,not_applicable,,False,not_applicable,"[2, 1, 0]",True,,"[0.999, -0.0446, -0.0581]",True,,"[0, 0.0004, -0.0135]",True,,"[0.9991317391395569, -0.041663073003292084, -0.08451816439628601]","[0.999006450176239, -0.044565800577402115, -0.058108627796173096]","[0, 0, 1]","[0.9991317391395569, -0.041663073003292084, -0.08451816439628601]","[-0.0001252889633178711, -0.002902727574110031, 0.026409536600112915]",,3.4453070584916645e-05,-0.00290543119946296,,0.0003995954362543408,
547ef7886a93e4100f8623703929cfa0086229b74e00384a2cf54bf34388d7d6,3.5__Pendulum-v1__last-state__H30,Pendulum-v1,last-state,30,17,47,data/llmx_data/offline_data/physics_data/raw_transitions/Pendulum-v1/episodes/episode_0.npz,948,experiments/03_1_gpt35_history_n30_joint/results/records.jsonl,experiments/03_1_gpt35_history_n30_joint/results/runs/3.5__Pendulum-v1__last-state__H30/episode_000/predictions.jsonl,a49468f9254b9da05c1a87f12b1f49422499613cb76242a9a331081e843e0681,True,2402,187,2589,1.8683002080069855,1.8656483329832554,,,,False,not_applicable,,False,not_applicable,,False,not_applicable,"[1, 0, 2]",True,,"[0.999, -0.0436, 0.0187]",True,,"[0.0, -0.0004, 0.0]",True,,"[0.999006450176239, -0.044565800577402115, -0.058108627796173096]","[0.9990477561950684, -0.04363032802939415, 0.01872764341533184]","[2, 1, 1]","[0.999006450176239, -0.044565800577402115, -0.058108627796173096]","[4.13060188293457e-05, 0.0009354725480079651, 0.07683627121150494]",,-2.8216914142120686e-05,0.0009363840714051719,,-0.000399626045667123,
f2217c05c24b9ae76ed8eaaabe748e4eec3ee7c50df07f98ea3e1357f8c9ff6e,3.5__Pendulum-v1__last-state__H30,Pendulum-v1,last-state,30,18,48,data/llmx_data/offline_data/physics_data/raw_transitions/Pendulum-v1/episodes/episode_0.npz,949,experiments/03_1_gpt35_history_n30_joint/results/records.jsonl,experiments/03_1_gpt35_history_n30_joint/results/runs/3.5__Pendulum-v1__last-state__H30/episode_000/predictions.jsonl,5926e164b426aa0f6a44476a4e5875e25c1c4b2316a1200701313b74b7c9afd6,True,2403,201,2604,1.97843154205475,1.975592334056273,,,,False,not_applicable,,False,not_applicable,,False,not_applicable,"[2, 2, 2]",True,,"[0.9989, -0.0464, -0.0563]",True,,"[0.0, 0.0, 0.0]",True,,"[0.9990477561950684, -0.04363032802939415, 0.01872764341533184]","[0.9989209175109863, -0.04644406586885452, -0.056331899017095566]","[0, 0, 0]","[0.9990477561950684, -0.04363032802939415, 0.01872764341533184]","[-0.00012683868408203125, -0.002813737839460373, -0.0750595424324274]",,-4.304780926300822e-05,-0.002816596106381297,,0.0,
e325261cfb98e8755a22aa6a998d7dd0bcafb83e5ec732b0e108430858d318ca,3.5__Pendulum-v1__last-state__H30,Pendulum-v1,last-state,30,19,49,data/llmx_data/offline_data/physics_data/raw_transitions/Pendulum-v1/episodes/episode_0.npz,950,experiments/03_1_gpt35_history_n30_joint/results/records.jsonl,experiments/03_1_gpt35_history_n30_joint/results/runs/3.5__Pendulum-v1__last-state__H30/episode_000/predictions.jsonl,630b094c30ecec508af0a5eb9fa3addaa29df62e5fe6a8341b9285ba1d008bdf,True,2403,296,2699,4.694908000063151,4.690615291940048,,,,False,not_applicable,,False,not_applicable,,False,not_applicable,"[2, 0, 2]",True,,"[0.9989, -0.0458, 0.0124]",True,,"[-0.0003, -0.0002, 0.0]",True,,"[0.9989209175109863, -0.04644406586885452, -0.056331899017095566]","[0.9989495873451233, -0.045822419226169586, 0.01244615763425827]","[2, 1, 1]","[0.9989209175109863, -0.04644406586885452, -0.056331899017095566]","[2.866983413696289e-05, 0.0006216466426849365, 0.06877805665135384]",,-2.012448271715428e-05,0.0006223074113984595,,-0.0002134746272037802,
ec2ed2c21196423f30f6dbc7e0b36ee5cb6521dbe363b5ccb06948ae4daba335,3.5__Pendulum-v1__last-state__H30,Pendulum-v1,last-state,30,20,50,data/llmx_data/offline_data/physics_data/raw_transitions/Pendulum-v1/episodes/episode_0.npz,951,experiments/03_1_gpt35_history_n30_joint/results/records.jsonl,experiments/03_1_gpt35_history_n30_joint/results/runs/3.5__Pendulum-v1__last-state__H30/episode_000/predictions.jsonl,3bba749d8d59a89b376ee27852d9a8bcc225a4b18fc8b47c7b313f1a6380a212,True,2401,250,2651,3.0945389999542385,3.089890459086746,,,,False,not_applicable,,False,not_applicable,,False,not_applicable,"[2, 0, 1]",True,,"[0.999, -0.0453, 0.0114]",True,,"[0, -0.0003, 0.0114]",True,,"[0.9989495873451233, -0.045822419226169586, 0.01244615763425827]","[0.9989755153656006, -0.04525443911552429, 0.011371439322829247]","[2, 1, 0]","[0.9989495873451233, -0.045822419226169586, 0.01244615763425827]","[2.5928020477294922e-05, 0.0005679801106452942, -0.0010747183114290237]",,4.440498996327591e-05,0.0005685716076540004,,-0.0002996967010644447,
8e7c8db5aaa5be9955dad0dbc380df5b3e4b45df9ecbaf9e3f75aebc9c2209b6,3.5__Pendulum-v1__last-state__H30,Pendulum-v1,last-state,30,21,51,data/llmx_data/offline_data/physics_data/raw_transitions/Pendulum-v1/episodes/episode_0.npz,952,experiments/03_1_gpt35_history_n30_joint/results/records.jsonl,experiments/03_1_gpt35_history_n30_joint/results/runs/3.5__Pendulum-v1__last-state__H30/episode_000/predictions.jsonl,3ba4b8c67799cd9c7da85e0dc8230d053fe78957dcf7eb862d923976f2cdaf8d,True,2400,185,2585,1.969672332983464,1.9657115420559421,,,,False,not_applicable,,False,not_applicable,,False,not_applicable,"[2, 0, 2]",True,,"[0.999, -0.0461, -0.0175]",True,,"[0.0, -0.0003, -0.0349]",True,,"[0.9989755153656006, -0.04525443911552429, 0.011371439322829247]","[0.9989355802536011, -0.04612710326910019, -0.017471550032496452]","[2, 0, 0]","[0.9989755153656006, -0.04525443911552429, 0.011371439322829247]","[-3.993511199951172e-05, -0.0008726641535758972, -0.0288429893553257]",,-3.0044020228991997e-05,-0.0008735774539241348,,-0.00029968481123754387,
d1274a19551ecb036d6f2097b00cec73246ca075ef255ecea57b0658181b6fcb,3.5__Pendulum-v1__last-state__H30,Pendulum-v1,last-state,30,22,52,data/llmx_data/offline_data/physics_data/raw_transitions/Pendulum-v1/episodes/episode_0.npz,953,experiments/03_1_gpt35_history_n30_joint/results/records.jsonl,experiments/03_1_gpt35_history_n30_joint/results/runs/3.5__Pendulum-v1__last-state__H30/episode_000/predictions.jsonl,9f1e87941d0511589108cf7b85cf2c56ebf82e05a1ac7ed76bdf266ef6479257,True,2402,351,2753,4.001283833058551,3.9977261669700965,,,,False,not_applicable,,False,not_applicable,,False,not_applicable,"[1, 0, 2]",True,,"[0.9991, -0.0436, 0.0516]",True,,"[0, 0, 0]",True,,"[0.9989355802536011, -0.04612710326910019, -0.017471550032496452]","[0.9990511536598206, -0.043552130460739136, 0.05155132710933685]","[1, 1, 1]","[0.9989355802536011, -0.04612710326910019, -0.017471550032496452]","[0.00011557340621948242, 0.0025749728083610535, 0.0690228771418333]",,4.569443125612693e-05,0.0025775658785418543,,0.0,
f64b74d0e050450cf91e926fed814337cfbec078db76e1aa46e7e9c733a888b0,3.5__Pendulum-v1__last-state__H30,Pendulum-v1,last-state,30,23,53,data/llmx_data/offline_data/physics_data/raw_transitions/Pendulum-v1/episodes/episode_0.npz,954,experiments/03_1_gpt35_history_n30_joint/results/records.jsonl,experiments/03_1_gpt35_history_n30_joint/results/runs/3.5__Pendulum-v1__last-state__H30/episode_000/predictions.jsonl,183a5a686415c9c39270f6d320a89206571f84a0c85b9494f5cb1cd50cda2a15,True,2399,237,2636,3.101956708007492,3.099609375,,,,False,not_applicable,,False,not_applicable,,False,not_applicable,"[1, 1, 0]",True,,"[0.9987, -0.0528, -0.186]",True,,"[-0.0001, 0.0, 0.0002]",True,,"[0.9990511536598206, -0.043552130460739136, 0.05155132710933685]","[0.9986029863357544, -0.052839599549770355, -0.1859661489725113]","[0, 0, 0]","[0.9990511536598206, -0.043552130460739136, 0.05155132710933685]","[-0.0004481673240661621, -0.00928746908903122, -0.23751747608184814]",,-4.466616042497762e-05,-0.009298309599197196,,-5.283432626512763e-06,
754034622aac575762894abf8320eedf94710d21ae1b281211d38d427c0237bd,3.5__Pendulum-v1__last-state__H30,Pendulum-v1,last-state,30,24,54,data/llmx_data/offline_data/physics_data/raw_transitions/Pendulum-v1/episodes/episode_0.npz,955,experiments/03_1_gpt35_history_n30_joint/results/records.jsonl,experiments/03_1_gpt35_history_n30_joint/results/runs/3.5__Pendulum-v1__last-state__H30/episode_000/predictions.jsonl,71912a978f9a0eddaed09a2ee7a06e2af4f1ecf480f14464b8b4bf0a14676687,True,2399,343,2742,2.4568359579425305,2.454195332946256,,,,False,not_applicable,,False,not_applicable,,False,not_applicable,"[2, 0, 1]",True,,"[0.9988, -0.0491, 0.0744]",True,,"[0, -0.0003, 0.0004]",True,,"[0.9986029863357544, -0.052839599549770355, -0.1859661489725113]","[0.9987926483154297, -0.049124229699373245, 0.07440415769815445]","[1, 1, 1]","[0.9986029863357544, -0.052839599549770355, -0.1859661489725113]","[0.00018966197967529297, 0.00371536985039711, 0.26037030667066574]",,-2.456144169471486e-05,0.0037202098733879474,,-0.0002996422181333891,
bac6c18da2053a711819150a0ae489ad762bf4af4d00466095627f654f68da48,3.5__Pendulum-v1__last-state__H30,Pendulum-v1,last-state,30,25,55,data/llmx_data/offline_data/physics_data/raw_transitions/Pendulum-v1/episodes/episode_0.npz,956,experiments/03_1_gpt35_history_n30_joint/results/records.jsonl,experiments/03_1_gpt35_history_n30_joint/results/runs/3.5__Pendulum-v1__last-state__H30/episode_000/predictions.jsonl,1b0ea84a613f23c9620d52b6184790d61dcbd12cdc43dd4ac5379706e621a206,True,2396,215,2611,2.3284859999548644,2.324845750001259,,,,False,not_applicable,,False,not_applicable,,False,not_applicable,"[0, 0, 2]",True,,"[0.9985, -0.0553, -0.123]",True,,"[-0.0004, -0.0001, 0.0009]",True,,"[0.9987926483154297, -0.049124229699373245, 0.07440415769815445]","[0.9984716773033142, -0.05526575818657875, -0.12299840897321701]","[0, 0, 0]","[0.9987926483154297, -0.049124229699373245, 0.07440415769815445]","[-0.0003209710121154785, -0.006141528487205505, -0.19740256667137146]",,3.262322144381713e-05,-0.0061499199112047265,,-0.00012190545714396706,
81e04571a7505fc91034722c1bad111ec11ed5b47243beda5d46613899163572,3.5__Pendulum-v1__last-state__H30,Pendulum-v1,last-state,30,26,56,data/llmx_data/offline_data/physics_data/raw_transitions/Pendulum-v1/episodes/episode_0.npz,957,experiments/03_1_gpt35_history_n30_joint/results/records.jsonl,experiments/03_1_gpt35_history_n30_joint/results/runs/3.5__Pendulum-v1__last-state__H30/episode_000/predictions.jsonl,9ef356a8e89193e6f6cf963bf60ce5da15a704f3c1be3bdc26aa4b7f7d0690b9,True,2398,263,2661,2.9474457079777494,2.9435091669438407,,,,False,not_applicable,,False,not_applicable,,False,not_applicable,"[0, 1, 1]",True,,"[0.9988, -0.0508, 0.0892]",True,,"[0, 0.0, 0.0004]",True,,"[0.9984716773033142, -0.05526575818657875, -0.12299840897321701]","[0.9987081289291382, -0.050813525915145874, 0.0891701951622963]","[1, 1, 1]","[0.9984716773033142, -0.05526575818657875, -0.12299840897321701]","[0.0002364516258239746, 0.004452232271432877, 0.2121686041355133]",,-1.8175080398918908e-05,0.004458510416982975,,0.0,
eabf8895133ed7413cdaee516566294d026849cfe5fab72b2ba44701487180a3,3.5__Pendulum-v1__last-state__H30,Pendulum-v1,last-state,30,27,57,data/llmx_data/offline_data/physics_data/raw_transitions/Pendulum-v1/episodes/episode_0.npz,958,experiments/03_1_gpt35_history_n30_joint/results/records.jsonl,experiments/03_1_gpt35_history_n30_joint/results/runs/3.5__Pendulum-v1__last-state__H30/episode_000/predictions.jsonl,7cc2678eb92f7ce40cb5666a27fbe2c97eff98d279644fa5f3c1a9a74ec42fc5,False,2397,194,2591,2.036844874965027,2.0333857079967856,,,,False,not_applicable,,False,not_applicable,,False,not_applicable,"[2, 2, 1]",True,,,False,non_literal_or_placeholder,,False,non_literal_or_placeholder,"[0.9987081289291382, -0.050813525915145874, 0.0891701951622963]","[0.9988009333610535, -0.048956312239170074, 0.03719057887792587]","[2, 1, 0]","[0.9987081289291382, -0.050813525915145874, 0.0891701951622963]","[9.28044319152832e-05, 0.0018572136759757996, -0.05197961628437042]",,,0.0018595312188565138,component_parse_failure,,component_parse_failure
e7cf82b2a41edf1a1016aba5d5bf66336c35812eadea393b64aeb00c4ed42f98,3.5__Pendulum-v1__last-state__H30,Pendulum-v1,last-state,30,28,58,data/llmx_data/offline_data/physics_data/raw_transitions/Pendulum-v1/episodes/episode_0.npz,959,experiments/03_1_gpt35_history_n30_joint/results/records.jsonl,experiments/03_1_gpt35_history_n30_joint/results/runs/3.5__Pendulum-v1__last-state__H30/episode_000/predictions.jsonl,5eb51a80c8e43763fdceb4046ee0c509296b747ec6bd8caf3e619ba02586655f,False,2390,289,2679,3.241240583010949,3.2370698750019073,,,,False,not_applicable,,False,not_applicable,,False,not_applicable,"[2, 0, 2]",True,,"[0.999, -0.0477, 0.0248]",True,,,False,non_literal_or_placeholder,"[0.9988009333610535, -0.048956312239170074, 0.03719057887792587]","[0.9988608360290527, -0.04771779850125313, 0.024799320846796036]","[2, 1, 0]","[0.9988009333610535, -0.048956312239170074, 0.03719057887792587]","[5.990266799926758e-05, 0.0012385137379169464, -0.012391258031129837]",,-2.4415452041015584e-05,0.001239961619388108,,,component_parse_failure
32cf2ffd39b84fa7457878071ae50bf6026d89e7653c5ff99e7f6caf26db735b,3.5__Pendulum-v1__last-state__H30,Pendulum-v1,last-state,30,29,59,data/llmx_data/offline_data/physics_data/raw_transitions/Pendulum-v1/episodes/episode_0.npz,960,experiments/03_1_gpt35_history_n30_joint/results/records.jsonl,experiments/03_1_gpt35_history_n30_joint/results/runs/3.5__Pendulum-v1__last-state__H30/episode_000/predictions.jsonl,a055c51fb4b2af7607b23c8792c61642edb6353d5afb5153f0b05c8354cb628e,True,2389,202,2591,2.175210249959491,2.1722064160276204,,,,False,not_applicable,,False,not_applicable,,False,not_applicable,"[1, 0, 2]",True,,"[0.9989, -0.0472, 0.0108]",True,,"[0.0, -0.0004, 0.0]",True,,"[0.9988608360290527, -0.04771779850125313, 0.024799320846796036]","[0.9988864064216614, -0.04717981815338135, 0.010771708562970161]","[2, 1, 0]","[0.9988608360290527, -0.04771779850125313, 0.024799320846796036]","[2.5570392608642578e-05, 0.0005379803478717804, -0.014027612283825874]",,1.951774631336889e-05,0.0005385877034052022,,-0.00039956208653713077,
