task,metric,H,condition_id,subset_n,selected_n,component,dimension,valid_n,parse_success_rate,metric_name,value,std,na_reason,bootstrap_repetitions,bootstrap_seed,normalization_width,bootstrap_mean,std_kind
MountainCar-v0,last-state,10,3.5__MountainCar-v0__last-state__H10,10,10,state_value,position,9,90.0,nrmse,0.0075455237597470024,0.0009291497030979467,,1000,9692605439688434403,1.7999999999999998,0.007455036285046591,paired_bootstrap_ddof1
MountainCar-v0,last-state,10,3.5__MountainCar-v0__last-state__H10,10,10,state_value,position,9,90.0,pearson,0.9988097851616594,,,1000,9692605439688434403,1.7999999999999998,,
MountainCar-v0,last-state,10,3.5__MountainCar-v0__last-state__H10,10,10,state_value,position,9,90.0,cosine,0.9999282946604602,,,1000,9692605439688434403,1.7999999999999998,,
MountainCar-v0,last-state,10,3.5__MountainCar-v0__last-state__H10,10,10,state_value,velocity,9,90.0,nrmse,0.033306508488732005,0.01664032856703614,,1000,9692605439688434403,0.14,0.028630074567936554,paired_bootstrap_ddof1
MountainCar-v0,last-state,10,3.5__MountainCar-v0__last-state__H10,10,10,state_value,velocity,9,90.0,pearson,0.8867025322609285,,,1000,9692605439688434403,0.14,,
MountainCar-v0,last-state,10,3.5__MountainCar-v0__last-state__H10,10,10,state_value,velocity,9,90.0,cosine,0.9406391211077566,,,1000,9692605439688434403,0.14,,
MountainCar-v0,last-state,10,3.5__MountainCar-v0__last-state__H10,10,10,state_delta,position,4,40.0,nrmse,0.035038637567190334,0.011421198902764771,,1000,12824939119464185757,1.7999999999999998,0.03299060910855908,paired_bootstrap_ddof1
MountainCar-v0,last-state,10,3.5__MountainCar-v0__last-state__H10,10,10,state_delta,position,4,40.0,pearson,-0.7143792930451676,,,1000,12824939119464185757,1.7999999999999998,,
MountainCar-v0,last-state,10,3.5__MountainCar-v0__last-state__H10,10,10,state_delta,position,4,40.0,cosine,-0.8393449641656651,,,1000,12824939119464185757,1.7999999999999998,,
MountainCar-v0,last-state,10,3.5__MountainCar-v0__last-state__H10,10,10,state_delta,velocity,4,40.0,nrmse,0.04996270799252699,0.023889625172071296,,1000,12824939119464185757,0.14,0.04423734277875855,paired_bootstrap_ddof1
MountainCar-v0,last-state,10,3.5__MountainCar-v0__last-state__H10,10,10,state_delta,velocity,4,40.0,pearson,0.6224186899353238,,,1000,12824939119464185757,0.14,,
MountainCar-v0,last-state,10,3.5__MountainCar-v0__last-state__H10,10,10,state_delta,velocity,4,40.0,cosine,0.7191138416081192,,,1000,12824939119464185757,0.14,,
MountainCar-v0,last-state,10,3.5__MountainCar-v0__last-state__H10,20,20,state_value,position,19,95.0,nrmse,0.008496690124340714,0.0011194423785257585,,1000,14653412153526300448,1.7999999999999998,0.008482254100416316,paired_bootstrap_ddof1
MountainCar-v0,last-state,10,3.5__MountainCar-v0__last-state__H10,20,20,state_value,position,19,95.0,pearson,0.9928080892333793,,,1000,14653412153526300448,1.7999999999999998,,
MountainCar-v0,last-state,10,3.5__MountainCar-v0__last-state__H10,20,20,state_value,position,19,95.0,cosine,0.9997271150639492,,,1000,14653412153526300448,1.7999999999999998,,
MountainCar-v0,last-state,10,3.5__MountainCar-v0__last-state__H10,20,20,state_value,velocity,19,95.0,nrmse,0.02344445141147819,0.01102636261910861,,1000,14653412153526300448,0.14,0.020888809919532902,paired_bootstrap_ddof1
MountainCar-v0,last-state,10,3.5__MountainCar-v0__last-state__H10,20,20,state_value,velocity,19,95.0,pearson,0.9186845492093916,,,1000,14653412153526300448,0.14,,
MountainCar-v0,last-state,10,3.5__MountainCar-v0__last-state__H10,20,20,state_value,velocity,19,95.0,cosine,0.973147017778356,,,1000,14653412153526300448,0.14,,
MountainCar-v0,last-state,10,3.5__MountainCar-v0__last-state__H10,20,20,state_delta,position,12,60.0,nrmse,0.026383735247972984,0.005484756545408962,,1000,16415692050314806052,1.7999999999999998,0.026021105806889513,paired_bootstrap_ddof1
MountainCar-v0,last-state,10,3.5__MountainCar-v0__last-state__H10,20,20,state_delta,position,12,60.0,pearson,-0.3630449106338595,,,1000,16415692050314806052,1.7999999999999998,,
MountainCar-v0,last-state,10,3.5__MountainCar-v0__last-state__H10,20,20,state_delta,position,12,60.0,cosine,-0.48375788027897976,,,1000,16415692050314806052,1.7999999999999998,,
MountainCar-v0,last-state,10,3.5__MountainCar-v0__last-state__H10,20,20,state_delta,velocity,12,60.0,nrmse,0.03147951087609761,0.012517164212065555,,1000,16415692050314806052,0.14,0.029011290750624565,paired_bootstrap_ddof1
MountainCar-v0,last-state,10,3.5__MountainCar-v0__last-state__H10,20,20,state_delta,velocity,12,60.0,pearson,0.48775805188511967,,,1000,16415692050314806052,0.14,,
MountainCar-v0,last-state,10,3.5__MountainCar-v0__last-state__H10,20,20,state_delta,velocity,12,60.0,cosine,0.5465397988477175,,,1000,16415692050314806052,0.14,,
MountainCar-v0,last-state,10,3.5__MountainCar-v0__last-state__H10,30,30,state_value,position,28,93.33333333333333,nrmse,0.008104170944640323,0.0008571780454915971,,1000,2724244056471715524,1.7999999999999998,0.008044244200080593,paired_bootstrap_ddof1
MountainCar-v0,last-state,10,3.5__MountainCar-v0__last-state__H10,30,30,state_value,position,28,93.33333333333333,pearson,0.9949784470617801,,,1000,2724244056471715524,1.7999999999999998,,
MountainCar-v0,last-state,10,3.5__MountainCar-v0__last-state__H10,30,30,state_value,position,28,93.33333333333333,cosine,0.9997388254116807,,,1000,2724244056471715524,1.7999999999999998,,
MountainCar-v0,last-state,10,3.5__MountainCar-v0__last-state__H10,30,30,state_value,velocity,28,93.33333333333333,nrmse,0.02788988188010512,0.009843924341724656,,1000,2724244056471715524,0.14,0.026198803892999258,paired_bootstrap_ddof1
MountainCar-v0,last-state,10,3.5__MountainCar-v0__last-state__H10,30,30,state_value,velocity,28,93.33333333333333,pearson,0.911466011846061,,,1000,2724244056471715524,0.14,,
MountainCar-v0,last-state,10,3.5__MountainCar-v0__last-state__H10,30,30,state_value,velocity,28,93.33333333333333,cosine,0.9569119142085554,,,1000,2724244056471715524,0.14,,
MountainCar-v0,last-state,10,3.5__MountainCar-v0__last-state__H10,30,30,state_delta,position,16,53.333333333333336,nrmse,0.029009881758132846,0.004964678311350925,,1000,16565866555844225272,1.7999999999999998,0.02860449296316076,paired_bootstrap_ddof1
MountainCar-v0,last-state,10,3.5__MountainCar-v0__last-state__H10,30,30,state_delta,position,16,53.333333333333336,pearson,-0.43606890522996367,,,1000,16565866555844225272,1.7999999999999998,,
MountainCar-v0,last-state,10,3.5__MountainCar-v0__last-state__H10,30,30,state_delta,position,16,53.333333333333336,cosine,-0.612737892724798,,,1000,16565866555844225272,1.7999999999999998,,
MountainCar-v0,last-state,10,3.5__MountainCar-v0__last-state__H10,30,30,state_delta,velocity,16,53.333333333333336,nrmse,0.039982828012241955,0.010935248259759705,,1000,16565866555844225272,0.14,0.038189096610642494,paired_bootstrap_ddof1
MountainCar-v0,last-state,10,3.5__MountainCar-v0__last-state__H10,30,30,state_delta,velocity,16,53.333333333333336,pearson,0.5430195385631182,,,1000,16565866555844225272,0.14,,
MountainCar-v0,last-state,10,3.5__MountainCar-v0__last-state__H10,30,30,state_delta,velocity,16,53.333333333333336,cosine,0.6525066262102565,,,1000,16565866555844225272,0.14,,
MountainCar-v0,last-state,20,3.5__MountainCar-v0__last-state__H20,10,10,state_value,position,9,90.0,nrmse,0.008148148298841005,0.0007374043824525336,,1000,3216265938412380705,1.7999999999999998,0.008117521115890538,paired_bootstrap_ddof1
MountainCar-v0,last-state,20,3.5__MountainCar-v0__last-state__H20,10,10,state_value,position,9,90.0,pearson,0.9981966323364717,,,1000,3216265938412380705,1.7999999999999998,,
MountainCar-v0,last-state,20,3.5__MountainCar-v0__last-state__H20,10,10,state_value,position,9,90.0,cosine,0.999923615289094,,,1000,3216265938412380705,1.7999999999999998,,
MountainCar-v0,last-state,20,3.5__MountainCar-v0__last-state__H20,10,10,state_value,velocity,9,90.0,nrmse,0.006735842079430936,0.0009742379775058783,,1000,3216265938412380705,0.14,0.006648366135971309,paired_bootstrap_ddof1
MountainCar-v0,last-state,20,3.5__MountainCar-v0__last-state__H20,10,10,state_value,velocity,9,90.0,pearson,0.9782233577533824,,,1000,3216265938412380705,0.14,,
MountainCar-v0,last-state,20,3.5__MountainCar-v0__last-state__H20,10,10,state_value,velocity,9,90.0,cosine,0.99809552667574,,,1000,3216265938412380705,0.14,,
MountainCar-v0,last-state,20,3.5__MountainCar-v0__last-state__H20,10,10,state_delta,position,3,30.0,nrmse,0.009869876838554706,0.001439650122556325,,1000,14544703832924622550,1.7999999999999998,0.00969186202632739,paired_bootstrap_ddof1
MountainCar-v0,last-state,20,3.5__MountainCar-v0__last-state__H20,10,10,state_delta,position,3,30.0,pearson,0.47601290413743036,,,1000,14544703832924622550,1.7999999999999998,,
MountainCar-v0,last-state,20,3.5__MountainCar-v0__last-state__H20,10,10,state_delta,position,3,30.0,cosine,0.3061482015864605,,,1000,14544703832924622550,1.7999999999999998,,
MountainCar-v0,last-state,20,3.5__MountainCar-v0__last-state__H20,10,10,state_delta,velocity,3,30.0,nrmse,0.04367535512832565,0.02187254833561502,,1000,14544703832924622550,0.14,0.036687618524713146,paired_bootstrap_ddof1
MountainCar-v0,last-state,20,3.5__MountainCar-v0__last-state__H20,10,10,state_delta,velocity,3,30.0,pearson,0.9996866723358871,,,1000,14544703832924622550,0.14,,
MountainCar-v0,last-state,20,3.5__MountainCar-v0__last-state__H20,10,10,state_delta,velocity,3,30.0,cosine,0.7688487282951768,,,1000,14544703832924622550,0.14,,
MountainCar-v0,last-state,20,3.5__MountainCar-v0__last-state__H20,20,20,state_value,position,18,90.0,nrmse,0.008269482651392823,0.0004766262680558634,,1000,11900057479576776501,1.7999999999999998,0.00825247425898577,paired_bootstrap_ddof1
MountainCar-v0,last-state,20,3.5__MountainCar-v0__last-state__H20,20,20,state_value,position,18,90.0,pearson,0.9971506647061629,,,1000,11900057479576776501,1.7999999999999998,,
MountainCar-v0,last-state,20,3.5__MountainCar-v0__last-state__H20,20,20,state_value,position,18,90.0,cosine,0.9998839570309209,,,1000,11900057479576776501,1.7999999999999998,,
MountainCar-v0,last-state,20,3.5__MountainCar-v0__last-state__H20,20,20,state_value,velocity,18,90.0,nrmse,0.007613998580315795,0.0012043206151387193,,1000,11900057479576776501,0.14,0.00753390846107203,paired_bootstrap_ddof1
MountainCar-v0,last-state,20,3.5__MountainCar-v0__last-state__H20,20,20,state_value,velocity,18,90.0,pearson,0.9611178307507032,,,1000,11900057479576776501,0.14,,
MountainCar-v0,last-state,20,3.5__MountainCar-v0__last-state__H20,20,20,state_value,velocity,18,90.0,cosine,0.9975415931919479,,,1000,11900057479576776501,0.14,,
MountainCar-v0,last-state,20,3.5__MountainCar-v0__last-state__H20,20,20,state_delta,position,5,25.0,nrmse,0.01156053854983336,0.0023700405977475523,,1000,12184551391861905751,1.7999999999999998,0.011233540028232803,paired_bootstrap_ddof1
MountainCar-v0,last-state,20,3.5__MountainCar-v0__last-state__H20,20,20,state_delta,position,5,25.0,pearson,0.46762212046384827,,,1000,12184551391861905751,1.7999999999999998,,
MountainCar-v0,last-state,20,3.5__MountainCar-v0__last-state__H20,20,20,state_delta,position,5,25.0,cosine,0.03350994404656952,,,1000,12184551391861905751,1.7999999999999998,,
MountainCar-v0,last-state,20,3.5__MountainCar-v0__last-state__H20,20,20,state_delta,velocity,5,25.0,nrmse,0.03403057882688515,0.017335448408951452,,1000,12184551391861905751,0.14,0.029613337566855587,paired_bootstrap_ddof1
MountainCar-v0,last-state,20,3.5__MountainCar-v0__last-state__H20,20,20,state_delta,velocity,5,25.0,pearson,0.9976302720221268,,,1000,12184551391861905751,0.14,,
MountainCar-v0,last-state,20,3.5__MountainCar-v0__last-state__H20,20,20,state_delta,velocity,5,25.0,cosine,0.7123352995739203,,,1000,12184551391861905751,0.14,,
MountainCar-v0,last-state,20,3.5__MountainCar-v0__last-state__H20,30,30,state_value,position,28,93.33333333333333,nrmse,0.008058977655626982,0.00040571159186710134,,1000,10965387572897915284,1.7999999999999998,0.008047117096626711,paired_bootstrap_ddof1
MountainCar-v0,last-state,20,3.5__MountainCar-v0__last-state__H20,30,30,state_value,position,28,93.33333333333333,pearson,0.997783896236253,,,1000,10965387572897915284,1.7999999999999998,,
MountainCar-v0,last-state,20,3.5__MountainCar-v0__last-state__H20,30,30,state_value,position,28,93.33333333333333,cosine,0.9999093010880387,,,1000,10965387572897915284,1.7999999999999998,,
MountainCar-v0,last-state,20,3.5__MountainCar-v0__last-state__H20,30,30,state_value,velocity,28,93.33333333333333,nrmse,0.007236686112147655,0.0008600569040752795,,1000,10965387572897915284,0.14,0.007162682932080783,paired_bootstrap_ddof1
MountainCar-v0,last-state,20,3.5__MountainCar-v0__last-state__H20,30,30,state_value,velocity,28,93.33333333333333,pearson,0.9689957400009243,,,1000,10965387572897915284,0.14,,
MountainCar-v0,last-state,20,3.5__MountainCar-v0__last-state__H20,30,30,state_value,velocity,28,93.33333333333333,cosine,0.9976920694881554,,,1000,10965387572897915284,0.14,,
MountainCar-v0,last-state,20,3.5__MountainCar-v0__last-state__H20,30,30,state_delta,position,9,30.0,nrmse,0.14605413737797485,0.08384321864345592,,1000,4536387447395827408,1.7999999999999998,0.11891594395106736,paired_bootstrap_ddof1
MountainCar-v0,last-state,20,3.5__MountainCar-v0__last-state__H20,30,30,state_delta,position,9,30.0,pearson,-0.45634787048729497,,,1000,4536387447395827408,1.7999999999999998,,
MountainCar-v0,last-state,20,3.5__MountainCar-v0__last-state__H20,30,30,state_delta,position,9,30.0,cosine,-0.4546890436682532,,,1000,4536387447395827408,1.7999999999999998,,
MountainCar-v0,last-state,20,3.5__MountainCar-v0__last-state__H20,30,30,state_delta,velocity,9,30.0,nrmse,0.058923070626754594,0.014525998361567021,,1000,4536387447395827408,0.14,0.05698846982618217,paired_bootstrap_ddof1
MountainCar-v0,last-state,20,3.5__MountainCar-v0__last-state__H20,30,30,state_delta,velocity,9,30.0,pearson,0.7468944269144445,,,1000,4536387447395827408,0.14,,
MountainCar-v0,last-state,20,3.5__MountainCar-v0__last-state__H20,30,30,state_delta,velocity,9,30.0,cosine,0.6566852390817355,,,1000,4536387447395827408,0.14,,
MountainCar-v0,last-state,30,3.5__MountainCar-v0__last-state__H30,10,10,state_value,position,9,90.0,nrmse,0.008587699934735448,0.0008090338030108912,,1000,14701103912440640660,1.7999999999999998,0.008550007352382179,paired_bootstrap_ddof1
MountainCar-v0,last-state,30,3.5__MountainCar-v0__last-state__H30,10,10,state_value,position,9,90.0,pearson,0.9905026045638732,,,1000,14701103912440640660,1.7999999999999998,,
MountainCar-v0,last-state,30,3.5__MountainCar-v0__last-state__H30,10,10,state_value,position,9,90.0,cosine,0.9998282311323018,,,1000,14701103912440640660,1.7999999999999998,,
MountainCar-v0,last-state,30,3.5__MountainCar-v0__last-state__H30,10,10,state_value,velocity,9,90.0,nrmse,0.013666753712854904,0.002857668858619285,,1000,14701103912440640660,0.14,0.013352160218133567,paired_bootstrap_ddof1
MountainCar-v0,last-state,30,3.5__MountainCar-v0__last-state__H30,10,10,state_value,velocity,9,90.0,pearson,0.9996691790750348,,,1000,14701103912440640660,0.14,,
MountainCar-v0,last-state,30,3.5__MountainCar-v0__last-state__H30,10,10,state_value,velocity,9,90.0,cosine,0.9926724344635187,,,1000,14701103912440640660,0.14,,
MountainCar-v0,last-state,30,3.5__MountainCar-v0__last-state__H30,10,10,state_delta,position,1,10.0,nrmse,0.012304492791493735,3.991860424190952e-17,,1000,5952640778476893797,1.7999999999999998,0.012304492791493695,paired_bootstrap_ddof1
MountainCar-v0,last-state,30,3.5__MountainCar-v0__last-state__H30,10,10,state_delta,position,1,10.0,pearson,,,fewer_than_two_pairs,1000,5952640778476893797,1.7999999999999998,,
MountainCar-v0,last-state,30,3.5__MountainCar-v0__last-state__H30,10,10,state_delta,position,1,10.0,cosine,-1.0,,,1000,5952640778476893797,1.7999999999999998,,
MountainCar-v0,last-state,30,3.5__MountainCar-v0__last-state__H30,10,10,state_delta,velocity,1,10.0,nrmse,0.04715537803513663,4.720808849477995e-16,,1000,5952640778476893797,0.14,0.047155378035136156,paired_bootstrap_ddof1
MountainCar-v0,last-state,30,3.5__MountainCar-v0__last-state__H30,10,10,state_delta,velocity,1,10.0,pearson,,,fewer_than_two_pairs,1000,5952640778476893797,0.14,,
MountainCar-v0,last-state,30,3.5__MountainCar-v0__last-state__H30,10,10,state_delta,velocity,1,10.0,cosine,1.0,,,1000,5952640778476893797,0.14,,
MountainCar-v0,last-state,30,3.5__MountainCar-v0__last-state__H30,20,20,state_value,position,16,80.0,nrmse,0.008074155100423999,0.0006384141115289616,,1000,7667669541130436232,1.7999999999999998,0.008039376061662759,paired_bootstrap_ddof1
MountainCar-v0,last-state,30,3.5__MountainCar-v0__last-state__H30,20,20,state_value,position,16,80.0,pearson,0.9947726229455687,,,1000,7667669541130436232,1.7999999999999998,,
MountainCar-v0,last-state,30,3.5__MountainCar-v0__last-state__H30,20,20,state_value,position,16,80.0,cosine,0.9998704346227467,,,1000,7667669541130436232,1.7999999999999998,,
MountainCar-v0,last-state,30,3.5__MountainCar-v0__last-state__H30,20,20,state_value,velocity,16,80.0,nrmse,0.012768216702681913,0.002135867493365564,,1000,7667669541130436232,0.14,0.012586530977865528,paired_bootstrap_ddof1
MountainCar-v0,last-state,30,3.5__MountainCar-v0__last-state__H30,20,20,state_value,velocity,16,80.0,pearson,0.9991952905337209,,,1000,7667669541130436232,0.14,,
MountainCar-v0,last-state,30,3.5__MountainCar-v0__last-state__H30,20,20,state_value,velocity,16,80.0,cosine,0.9923957841563594,,,1000,7667669541130436232,0.14,,
MountainCar-v0,last-state,30,3.5__MountainCar-v0__last-state__H30,20,20,state_delta,position,1,5.0,nrmse,0.012304492791493735,3.991860424190952e-17,,1000,533290705315029737,1.7999999999999998,0.012304492791493695,paired_bootstrap_ddof1
MountainCar-v0,last-state,30,3.5__MountainCar-v0__last-state__H30,20,20,state_delta,position,1,5.0,pearson,,,fewer_than_two_pairs,1000,533290705315029737,1.7999999999999998,,
MountainCar-v0,last-state,30,3.5__MountainCar-v0__last-state__H30,20,20,state_delta,position,1,5.0,cosine,-1.0,,,1000,533290705315029737,1.7999999999999998,,
MountainCar-v0,last-state,30,3.5__MountainCar-v0__last-state__H30,20,20,state_delta,velocity,1,5.0,nrmse,0.04715537803513663,4.720808849477995e-16,,1000,533290705315029737,0.14,0.047155378035136156,paired_bootstrap_ddof1
MountainCar-v0,last-state,30,3.5__MountainCar-v0__last-state__H30,20,20,state_delta,velocity,1,5.0,pearson,,,fewer_than_two_pairs,1000,533290705315029737,0.14,,
MountainCar-v0,last-state,30,3.5__MountainCar-v0__last-state__H30,20,20,state_delta,velocity,1,5.0,cosine,1.0,,,1000,533290705315029737,0.14,,
MountainCar-v0,last-state,30,3.5__MountainCar-v0__last-state__H30,30,30,state_value,position,26,86.66666666666667,nrmse,0.007894500214180053,0.0005415636714822603,,1000,8415287564921327586,1.7999999999999998,0.007872737530626017,paired_bootstrap_ddof1
MountainCar-v0,last-state,30,3.5__MountainCar-v0__last-state__H30,30,30,state_value,position,26,86.66666666666667,pearson,0.9935405556794198,,,1000,8415287564921327586,1.7999999999999998,,
MountainCar-v0,last-state,30,3.5__MountainCar-v0__last-state__H30,30,30,state_value,position,26,86.66666666666667,cosine,0.9998732034755564,,,1000,8415287564921327586,1.7999999999999998,,
MountainCar-v0,last-state,30,3.5__MountainCar-v0__last-state__H30,30,30,state_value,velocity,26,86.66666666666667,nrmse,0.016364600673461852,0.0030377219278898814,,1000,8415287564921327586,0.14,0.01610723905556306,paired_bootstrap_ddof1
MountainCar-v0,last-state,30,3.5__MountainCar-v0__last-state__H30,30,30,state_value,velocity,26,86.66666666666667,pearson,0.9883963944463497,,,1000,8415287564921327586,0.14,,
MountainCar-v0,last-state,30,3.5__MountainCar-v0__last-state__H30,30,30,state_value,velocity,26,86.66666666666667,cosine,0.9864937011420896,,,1000,8415287564921327586,0.14,,
MountainCar-v0,last-state,30,3.5__MountainCar-v0__last-state__H30,30,30,state_delta,position,6,20.0,nrmse,0.009127846757151059,0.001759554787294653,,1000,17644391898532795834,1.7999999999999998,0.009013488521473201,paired_bootstrap_ddof1
MountainCar-v0,last-state,30,3.5__MountainCar-v0__last-state__H30,30,30,state_delta,position,6,20.0,pearson,-0.08852062319196846,,,1000,17644391898532795834,1.7999999999999998,,
MountainCar-v0,last-state,30,3.5__MountainCar-v0__last-state__H30,30,30,state_delta,position,6,20.0,cosine,-0.4629941300580763,,,1000,17644391898532795834,1.7999999999999998,,
MountainCar-v0,last-state,30,3.5__MountainCar-v0__last-state__H30,30,30,state_delta,velocity,6,20.0,nrmse,0.04376014981849015,0.00676943070925953,,1000,17644391898532795834,0.14,0.043403962310932895,paired_bootstrap_ddof1
MountainCar-v0,last-state,30,3.5__MountainCar-v0__last-state__H30,30,30,state_delta,velocity,6,20.0,pearson,-0.0982199026187682,,,1000,17644391898532795834,0.14,,
MountainCar-v0,last-state,30,3.5__MountainCar-v0__last-state__H30,30,30,state_delta,velocity,6,20.0,cosine,0.41384780676031235,,,1000,17644391898532795834,0.14,,
MountainCar-v0,last-state,5,3.5__MountainCar-v0__last-state__H5,10,10,state_value,position,10,100.0,nrmse,0.005283567242148691,0.0009218499645728839,,1000,1087837969477256981,1.7999999999999998,0.00521220975459065,paired_bootstrap_ddof1
MountainCar-v0,last-state,5,3.5__MountainCar-v0__last-state__H5,10,10,state_value,position,10,100.0,pearson,0.9930503291773053,,,1000,1087837969477256981,1.7999999999999998,,
MountainCar-v0,last-state,5,3.5__MountainCar-v0__last-state__H5,10,10,state_value,position,10,100.0,cosine,0.9998389400416858,,,1000,1087837969477256981,1.7999999999999998,,
MountainCar-v0,last-state,5,3.5__MountainCar-v0__last-state__H5,10,10,state_value,velocity,10,100.0,nrmse,0.008882378309355557,0.0013448469484453746,,1000,1087837969477256981,0.14,0.008754597736864482,paired_bootstrap_ddof1
MountainCar-v0,last-state,5,3.5__MountainCar-v0__last-state__H5,10,10,state_value,velocity,10,100.0,pearson,0.9958724859721336,,,1000,1087837969477256981,0.14,,
MountainCar-v0,last-state,5,3.5__MountainCar-v0__last-state__H5,10,10,state_value,velocity,10,100.0,cosine,0.995030750201053,,,1000,1087837969477256981,0.14,,
MountainCar-v0,last-state,5,3.5__MountainCar-v0__last-state__H5,10,10,state_delta,position,9,90.0,nrmse,0.012276038738753995,0.003700806035654494,,1000,17432218578065647177,1.7999999999999998,0.011773106757274204,paired_bootstrap_ddof1
MountainCar-v0,last-state,5,3.5__MountainCar-v0__last-state__H5,10,10,state_delta,position,9,90.0,pearson,0.11525253657894967,,,1000,17432218578065647177,1.7999999999999998,,
MountainCar-v0,last-state,5,3.5__MountainCar-v0__last-state__H5,10,10,state_delta,position,9,90.0,cosine,0.2116995872961011,,,1000,17432218578065647177,1.7999999999999998,,
MountainCar-v0,last-state,5,3.5__MountainCar-v0__last-state__H5,10,10,state_delta,velocity,9,90.0,nrmse,0.014315728743995759,0.0035791895253187173,,1000,17432218578065647177,0.14,0.013830257478187048,paired_bootstrap_ddof1
MountainCar-v0,last-state,5,3.5__MountainCar-v0__last-state__H5,10,10,state_delta,velocity,9,90.0,pearson,0.6467253960909328,,,1000,17432218578065647177,0.14,,
MountainCar-v0,last-state,5,3.5__MountainCar-v0__last-state__H5,10,10,state_delta,velocity,9,90.0,cosine,0.7014479827857063,,,1000,17432218578065647177,0.14,,
MountainCar-v0,last-state,5,3.5__MountainCar-v0__last-state__H5,20,20,state_value,position,20,100.0,nrmse,0.005487029759183739,0.0007368353803090706,,1000,7701071433202629696,1.7999999999999998,0.005419504544304189,paired_bootstrap_ddof1
MountainCar-v0,last-state,5,3.5__MountainCar-v0__last-state__H5,20,20,state_value,position,20,100.0,pearson,0.9925459292289348,,,1000,7701071433202629696,1.7999999999999998,,
MountainCar-v0,last-state,5,3.5__MountainCar-v0__last-state__H5,20,20,state_value,position,20,100.0,cosine,0.9998472475849005,,,1000,7701071433202629696,1.7999999999999998,,
MountainCar-v0,last-state,5,3.5__MountainCar-v0__last-state__H5,20,20,state_value,velocity,20,100.0,nrmse,0.008362451450387089,0.000892006268820009,,1000,7701071433202629696,0.14,0.008279062234619794,paired_bootstrap_ddof1
MountainCar-v0,last-state,5,3.5__MountainCar-v0__last-state__H5,20,20,state_value,velocity,20,100.0,pearson,0.9928489679548825,,,1000,7701071433202629696,0.14,,
MountainCar-v0,last-state,5,3.5__MountainCar-v0__last-state__H5,20,20,state_value,velocity,20,100.0,cosine,0.9957529141778142,,,1000,7701071433202629696,0.14,,
MountainCar-v0,last-state,5,3.5__MountainCar-v0__last-state__H5,20,20,state_delta,position,17,85.0,nrmse,0.01129667364555918,0.0022917874847126042,,1000,11726850253534240489,1.7999999999999998,0.010993093304999335,paired_bootstrap_ddof1
MountainCar-v0,last-state,5,3.5__MountainCar-v0__last-state__H5,20,20,state_delta,position,17,85.0,pearson,0.3079689088610918,,,1000,11726850253534240489,1.7999999999999998,,
MountainCar-v0,last-state,5,3.5__MountainCar-v0__last-state__H5,20,20,state_delta,position,17,85.0,cosine,0.46828453516081353,,,1000,11726850253534240489,1.7999999999999998,,
MountainCar-v0,last-state,5,3.5__MountainCar-v0__last-state__H5,20,20,state_delta,velocity,17,85.0,nrmse,0.01811407303843101,0.004263061378777092,,1000,11726850253534240489,0.14,0.017577293098290543,paired_bootstrap_ddof1
MountainCar-v0,last-state,5,3.5__MountainCar-v0__last-state__H5,20,20,state_delta,velocity,17,85.0,pearson,0.4785811727991702,,,1000,11726850253534240489,0.14,,
MountainCar-v0,last-state,5,3.5__MountainCar-v0__last-state__H5,20,20,state_delta,velocity,17,85.0,cosine,0.597660852783964,,,1000,11726850253534240489,0.14,,
MountainCar-v0,last-state,5,3.5__MountainCar-v0__last-state__H5,30,30,state_value,position,30,100.0,nrmse,0.005343775322910005,0.0006193714141829311,,1000,5881572952270190952,1.7999999999999998,0.005310339068669216,paired_bootstrap_ddof1
MountainCar-v0,last-state,5,3.5__MountainCar-v0__last-state__H5,30,30,state_value,position,30,100.0,pearson,0.9920409121974902,,,1000,5881572952270190952,1.7999999999999998,,
MountainCar-v0,last-state,5,3.5__MountainCar-v0__last-state__H5,30,30,state_value,position,30,100.0,cosine,0.9998408108082708,,,1000,5881572952270190952,1.7999999999999998,,
MountainCar-v0,last-state,5,3.5__MountainCar-v0__last-state__H5,30,30,state_value,velocity,30,100.0,nrmse,0.013507373089824883,0.004023680423803622,,1000,5881572952270190952,0.14,0.012871036273964487,paired_bootstrap_ddof1
MountainCar-v0,last-state,5,3.5__MountainCar-v0__last-state__H5,30,30,state_value,velocity,30,100.0,pearson,0.9832931643372733,,,1000,5881572952270190952,0.14,,
MountainCar-v0,last-state,5,3.5__MountainCar-v0__last-state__H5,30,30,state_value,velocity,30,100.0,cosine,0.9859622383548842,,,1000,5881572952270190952,0.14,,
MountainCar-v0,last-state,5,3.5__MountainCar-v0__last-state__H5,30,30,state_delta,position,23,76.66666666666667,nrmse,0.010492148421886758,0.0018716802997071162,,1000,13202865521018935001,1.7999999999999998,0.010275988177660015,paired_bootstrap_ddof1
MountainCar-v0,last-state,5,3.5__MountainCar-v0__last-state__H5,30,30,state_delta,position,23,76.66666666666667,pearson,0.4163145160561891,,,1000,13202865521018935001,1.7999999999999998,,
MountainCar-v0,last-state,5,3.5__MountainCar-v0__last-state__H5,30,30,state_delta,position,23,76.66666666666667,cosine,0.46265237751282895,,,1000,13202865521018935001,1.7999999999999998,,
MountainCar-v0,last-state,5,3.5__MountainCar-v0__last-state__H5,30,30,state_delta,velocity,23,76.66666666666667,nrmse,0.023456435446630553,0.005779930322469157,,1000,13202865521018935001,0.14,0.022760319560109793,paired_bootstrap_ddof1
MountainCar-v0,last-state,5,3.5__MountainCar-v0__last-state__H5,30,30,state_delta,velocity,23,76.66666666666667,pearson,0.26286930141342346,,,1000,13202865521018935001,0.14,,
MountainCar-v0,last-state,5,3.5__MountainCar-v0__last-state__H5,30,30,state_delta,velocity,23,76.66666666666667,cosine,0.3737854519257531,,,1000,13202865521018935001,0.14,,
MountainCar-v0,next-state,10,3.5__MountainCar-v0__next-state__H10,10,10,state_value,position,10,100.0,nrmse,0.0015348515312670937,0.0003691097031907528,,1000,3328210859292983188,1.7999999999999998,0.0015011528287845201,paired_bootstrap_ddof1
MountainCar-v0,next-state,10,3.5__MountainCar-v0__next-state__H10,10,10,state_value,position,10,100.0,pearson,0.9996752050620232,,,1000,3328210859292983188,1.7999999999999998,,
MountainCar-v0,next-state,10,3.5__MountainCar-v0__next-state__H10,10,10,state_value,position,10,100.0,cosine,0.9999888985755211,,,1000,3328210859292983188,1.7999999999999998,,
MountainCar-v0,next-state,10,3.5__MountainCar-v0__next-state__H10,10,10,state_value,velocity,10,100.0,nrmse,0.004258279712576304,0.0013611163091277537,,1000,3328210859292983188,0.14,0.004073451347442948,paired_bootstrap_ddof1
MountainCar-v0,next-state,10,3.5__MountainCar-v0__next-state__H10,10,10,state_value,velocity,10,100.0,pearson,0.998034504380157,,,1000,3328210859292983188,0.14,,
MountainCar-v0,next-state,10,3.5__MountainCar-v0__next-state__H10,10,10,state_value,velocity,10,100.0,cosine,0.9992313547338835,,,1000,3328210859292983188,0.14,,
MountainCar-v0,next-state,10,3.5__MountainCar-v0__next-state__H10,10,10,state_delta,position,10,100.0,nrmse,0.0012350391683951416,0.0003497782922323764,,1000,8860933397558429396,1.7999999999999998,0.0011798726106706265,paired_bootstrap_ddof1
MountainCar-v0,next-state,10,3.5__MountainCar-v0__next-state__H10,10,10,state_delta,position,10,100.0,pearson,0.9707717770123458,,,1000,8860933397558429396,1.7999999999999998,,
MountainCar-v0,next-state,10,3.5__MountainCar-v0__next-state__H10,10,10,state_delta,position,10,100.0,cosine,0.9886691502009621,,,1000,8860933397558429396,1.7999999999999998,,
MountainCar-v0,next-state,10,3.5__MountainCar-v0__next-state__H10,10,10,state_delta,velocity,10,100.0,nrmse,0.006880252658102947,0.0021831171896566554,,1000,8860933397558429396,0.14,0.006376963897123759,paired_bootstrap_ddof1
MountainCar-v0,next-state,10,3.5__MountainCar-v0__next-state__H10,10,10,state_delta,velocity,10,100.0,pearson,0.502664554326324,,,1000,8860933397558429396,0.14,,
MountainCar-v0,next-state,10,3.5__MountainCar-v0__next-state__H10,10,10,state_delta,velocity,10,100.0,cosine,0.6339918540690486,,,1000,8860933397558429396,0.14,,
MountainCar-v0,next-state,10,3.5__MountainCar-v0__next-state__H10,20,20,state_value,position,18,90.0,nrmse,0.0013674157075551756,0.0002692007662506318,,1000,15175942658780939788,1.7999999999999998,0.0013332763748300494,paired_bootstrap_ddof1
MountainCar-v0,next-state,10,3.5__MountainCar-v0__next-state__H10,20,20,state_value,position,18,90.0,pearson,0.9997353992783674,,,1000,15175942658780939788,1.7999999999999998,,
MountainCar-v0,next-state,10,3.5__MountainCar-v0__next-state__H10,20,20,state_value,position,18,90.0,cosine,0.9999923057755605,,,1000,15175942658780939788,1.7999999999999998,,
MountainCar-v0,next-state,10,3.5__MountainCar-v0__next-state__H10,20,20,state_value,velocity,18,90.0,nrmse,0.049801720423462065,0.02967250795610639,,1000,15175942658780939788,0.14,0.0396981755843566,paired_bootstrap_ddof1
MountainCar-v0,next-state,10,3.5__MountainCar-v0__next-state__H10,20,20,state_value,velocity,18,90.0,pearson,0.6922119378258168,,,1000,15175942658780939788,0.14,,
MountainCar-v0,next-state,10,3.5__MountainCar-v0__next-state__H10,20,20,state_value,velocity,18,90.0,cosine,0.8972781627791523,,,1000,15175942658780939788,0.14,,
MountainCar-v0,next-state,10,3.5__MountainCar-v0__next-state__H10,20,20,state_delta,position,18,90.0,nrmse,0.0011865259226548788,0.0002460544920388385,,1000,6914541027421731057,1.7999999999999998,0.0011759599973037306,paired_bootstrap_ddof1
MountainCar-v0,next-state,10,3.5__MountainCar-v0__next-state__H10,20,20,state_delta,position,18,90.0,pearson,0.9652936525782051,,,1000,6914541027421731057,1.7999999999999998,,
MountainCar-v0,next-state,10,3.5__MountainCar-v0__next-state__H10,20,20,state_delta,position,18,90.0,cosine,0.9918174165885493,,,1000,6914541027421731057,1.7999999999999998,,
MountainCar-v0,next-state,10,3.5__MountainCar-v0__next-state__H10,20,20,state_delta,velocity,18,90.0,nrmse,0.05001990950858717,0.027853808674364038,,1000,6914541027421731057,0.14,0.04217065070637039,paired_bootstrap_ddof1
MountainCar-v0,next-state,10,3.5__MountainCar-v0__next-state__H10,20,20,state_delta,velocity,18,90.0,pearson,-0.02285111925083095,,,1000,6914541027421731057,0.14,,
MountainCar-v0,next-state,10,3.5__MountainCar-v0__next-state__H10,20,20,state_delta,velocity,18,90.0,cosine,-0.1133418854159453,,,1000,6914541027421731057,0.14,,
MountainCar-v0,next-state,10,3.5__MountainCar-v0__next-state__H10,30,30,state_value,position,27,90.0,nrmse,0.0017890310029712777,0.00027888894181550534,,1000,14880192493368624350,1.7999999999999998,0.0017659172406041526,paired_bootstrap_ddof1
MountainCar-v0,next-state,10,3.5__MountainCar-v0__next-state__H10,30,30,state_value,position,27,90.0,pearson,0.9995818085652476,,,1000,14880192493368624350,1.7999999999999998,,
MountainCar-v0,next-state,10,3.5__MountainCar-v0__next-state__H10,30,30,state_value,position,27,90.0,cosine,0.9999846705944203,,,1000,14880192493368624350,1.7999999999999998,,
MountainCar-v0,next-state,10,3.5__MountainCar-v0__next-state__H10,30,30,state_value,velocity,27,90.0,nrmse,0.04112879773827759,0.02264629490140269,,1000,14880192493368624350,0.14,0.03378253590387982,paired_bootstrap_ddof1
MountainCar-v0,next-state,10,3.5__MountainCar-v0__next-state__H10,30,30,state_value,velocity,27,90.0,pearson,0.8060818313397461,,,1000,14880192493368624350,0.14,,
MountainCar-v0,next-state,10,3.5__MountainCar-v0__next-state__H10,30,30,state_value,velocity,27,90.0,cosine,0.9134696515597609,,,1000,14880192493368624350,0.14,,
MountainCar-v0,next-state,10,3.5__MountainCar-v0__next-state__H10,30,30,state_delta,position,27,90.0,nrmse,0.0014448553009067959,0.00021246391725514437,,1000,3114746751092888782,1.7999999999999998,0.0014211180072921702,paired_bootstrap_ddof1
MountainCar-v0,next-state,10,3.5__MountainCar-v0__next-state__H10,30,30,state_delta,position,27,90.0,pearson,0.9622352463650102,,,1000,3114746751092888782,1.7999999999999998,,
MountainCar-v0,next-state,10,3.5__MountainCar-v0__next-state__H10,30,30,state_delta,position,27,90.0,cosine,0.9832873085262527,,,1000,3114746751092888782,1.7999999999999998,,
MountainCar-v0,next-state,10,3.5__MountainCar-v0__next-state__H10,30,30,state_delta,velocity,27,90.0,nrmse,0.0413116892426493,0.021946730262629947,,1000,3114746751092888782,0.14,0.032711058793818366,paired_bootstrap_ddof1
MountainCar-v0,next-state,10,3.5__MountainCar-v0__next-state__H10,30,30,state_delta,velocity,27,90.0,pearson,0.06756772528912168,,,1000,3114746751092888782,0.14,,
MountainCar-v0,next-state,10,3.5__MountainCar-v0__next-state__H10,30,30,state_delta,velocity,27,90.0,cosine,0.013972632941150183,,,1000,3114746751092888782,0.14,,
MountainCar-v0,next-state,20,3.5__MountainCar-v0__next-state__H20,10,10,state_value,position,8,80.0,nrmse,0.005793858323523999,0.0014502187848327065,,1000,3489397394027546229,1.7999999999999998,0.005623665879040287,paired_bootstrap_ddof1
MountainCar-v0,next-state,20,3.5__MountainCar-v0__next-state__H20,10,10,state_value,position,8,80.0,pearson,0.9979375284163141,,,1000,3489397394027546229,1.7999999999999998,,
MountainCar-v0,next-state,20,3.5__MountainCar-v0__next-state__H20,10,10,state_value,position,8,80.0,cosine,0.9998967164200157,,,1000,3489397394027546229,1.7999999999999998,,
MountainCar-v0,next-state,20,3.5__MountainCar-v0__next-state__H20,10,10,state_value,velocity,8,80.0,nrmse,0.06687712674631459,0.02568894256934209,,1000,3489397394027546229,0.14,0.06175345497575635,paired_bootstrap_ddof1
MountainCar-v0,next-state,20,3.5__MountainCar-v0__next-state__H20,10,10,state_value,velocity,8,80.0,pearson,0.7755918298009813,,,1000,3489397394027546229,0.14,,
MountainCar-v0,next-state,20,3.5__MountainCar-v0__next-state__H20,10,10,state_value,velocity,8,80.0,cosine,0.9440738620781978,,,1000,3489397394027546229,0.14,,
MountainCar-v0,next-state,20,3.5__MountainCar-v0__next-state__H20,10,10,state_delta,position,8,80.0,nrmse,0.005791414389800943,0.001406251328817754,,1000,8243806157299549570,1.7999999999999998,0.005665788140357836,paired_bootstrap_ddof1
MountainCar-v0,next-state,20,3.5__MountainCar-v0__next-state__H20,10,10,state_delta,position,8,80.0,pearson,-0.25279572246920606,,,1000,8243806157299549570,1.7999999999999998,,
MountainCar-v0,next-state,20,3.5__MountainCar-v0__next-state__H20,10,10,state_delta,position,8,80.0,cosine,0.7395907479806217,,,1000,8243806157299549570,1.7999999999999998,,
MountainCar-v0,next-state,20,3.5__MountainCar-v0__next-state__H20,10,10,state_delta,velocity,8,80.0,nrmse,0.06703827735374633,0.024990359692357134,,1000,8243806157299549570,0.14,0.06305231149716463,paired_bootstrap_ddof1
MountainCar-v0,next-state,20,3.5__MountainCar-v0__next-state__H20,10,10,state_delta,velocity,8,80.0,pearson,-0.016964027350095244,,,1000,8243806157299549570,0.14,,
MountainCar-v0,next-state,20,3.5__MountainCar-v0__next-state__H20,10,10,state_delta,velocity,8,80.0,cosine,0.052168768260916695,,,1000,8243806157299549570,0.14,,
MountainCar-v0,next-state,20,3.5__MountainCar-v0__next-state__H20,20,20,state_value,position,18,90.0,nrmse,0.00442814646224768,0.0008814141728327694,,1000,15853876166633597364,1.7999999999999998,0.004303558259807796,paired_bootstrap_ddof1
MountainCar-v0,next-state,20,3.5__MountainCar-v0__next-state__H20,20,20,state_value,position,18,90.0,pearson,0.9989111621993697,,,1000,15853876166633597364,1.7999999999999998,,
MountainCar-v0,next-state,20,3.5__MountainCar-v0__next-state__H20,20,20,state_value,position,18,90.0,cosine,0.9999356141909886,,,1000,15853876166633597364,1.7999999999999998,,
MountainCar-v0,next-state,20,3.5__MountainCar-v0__next-state__H20,20,20,state_value,velocity,18,90.0,nrmse,0.044886965297671555,0.016582289725607633,,1000,15853876166633597364,0.14,0.040774978752948984,paired_bootstrap_ddof1
MountainCar-v0,next-state,20,3.5__MountainCar-v0__next-state__H20,20,20,state_value,velocity,18,90.0,pearson,0.7275148557038472,,,1000,15853876166633597364,0.14,,
MountainCar-v0,next-state,20,3.5__MountainCar-v0__next-state__H20,20,20,state_value,velocity,18,90.0,cosine,0.9570717654607701,,,1000,15853876166633597364,0.14,,
MountainCar-v0,next-state,20,3.5__MountainCar-v0__next-state__H20,20,20,state_delta,position,18,90.0,nrmse,0.004426585814416329,0.0008958596777244865,,1000,8798841412033226967,1.7999999999999998,0.004407625055933724,paired_bootstrap_ddof1
MountainCar-v0,next-state,20,3.5__MountainCar-v0__next-state__H20,20,20,state_delta,position,18,90.0,pearson,-0.01752118743710122,,,1000,8798841412033226967,1.7999999999999998,,
MountainCar-v0,next-state,20,3.5__MountainCar-v0__next-state__H20,20,20,state_delta,position,18,90.0,cosine,0.858737176901452,,,1000,8798841412033226967,1.7999999999999998,,
MountainCar-v0,next-state,20,3.5__MountainCar-v0__next-state__H20,20,20,state_delta,velocity,18,90.0,nrmse,0.04498896748555609,0.01765686205651569,,1000,8798841412033226967,0.14,0.04253278433765717,paired_bootstrap_ddof1
MountainCar-v0,next-state,20,3.5__MountainCar-v0__next-state__H20,20,20,state_delta,velocity,18,90.0,pearson,0.044925406839243516,,,1000,8798841412033226967,0.14,,
MountainCar-v0,next-state,20,3.5__MountainCar-v0__next-state__H20,20,20,state_delta,velocity,18,90.0,cosine,0.10398965006123649,,,1000,8798841412033226967,0.14,,
MountainCar-v0,next-state,20,3.5__MountainCar-v0__next-state__H20,30,30,state_value,position,27,90.0,nrmse,0.003757793984811756,0.0007523590199536956,,1000,7410201081941139292,1.7999999999999998,0.0036751130427055,paired_bootstrap_ddof1
MountainCar-v0,next-state,20,3.5__MountainCar-v0__next-state__H20,30,30,state_value,position,27,90.0,pearson,0.9992813211190696,,,1000,7410201081941139292,1.7999999999999998,,
MountainCar-v0,next-state,20,3.5__MountainCar-v0__next-state__H20,30,30,state_value,position,27,90.0,cosine,0.9999549379875141,,,1000,7410201081941139292,1.7999999999999998,,
MountainCar-v0,next-state,20,3.5__MountainCar-v0__next-state__H20,30,30,state_value,velocity,27,90.0,nrmse,0.04493096043823635,0.013573367786278611,,1000,7410201081941139292,0.14,0.042901943802854205,paired_bootstrap_ddof1
MountainCar-v0,next-state,20,3.5__MountainCar-v0__next-state__H20,30,30,state_value,velocity,27,90.0,pearson,0.7253133015900544,,,1000,7410201081941139292,0.14,,
MountainCar-v0,next-state,20,3.5__MountainCar-v0__next-state__H20,30,30,state_value,velocity,27,90.0,cosine,0.9558034167387622,,,1000,7410201081941139292,0.14,,
MountainCar-v0,next-state,20,3.5__MountainCar-v0__next-state__H20,30,30,state_delta,position,27,90.0,nrmse,0.0037558921197371367,0.000713847872769711,,1000,15286217500051433019,1.7999999999999998,0.0037212056807557174,paired_bootstrap_ddof1
MountainCar-v0,next-state,20,3.5__MountainCar-v0__next-state__H20,30,30,state_delta,position,27,90.0,pearson,0.2134978863247048,,,1000,15286217500051433019,1.7999999999999998,,
MountainCar-v0,next-state,20,3.5__MountainCar-v0__next-state__H20,30,30,state_delta,position,27,90.0,cosine,0.8970622215473398,,,1000,15286217500051433019,1.7999999999999998,,
MountainCar-v0,next-state,20,3.5__MountainCar-v0__next-state__H20,30,30,state_delta,velocity,27,90.0,nrmse,0.04503148815971293,0.012533676410991568,,1000,15286217500051433019,0.14,0.043816710723682824,paired_bootstrap_ddof1
MountainCar-v0,next-state,20,3.5__MountainCar-v0__next-state__H20,30,30,state_delta,velocity,27,90.0,pearson,0.0291658043234821,,,1000,15286217500051433019,0.14,,
MountainCar-v0,next-state,20,3.5__MountainCar-v0__next-state__H20,30,30,state_delta,velocity,27,90.0,cosine,0.019500514637739764,,,1000,15286217500051433019,0.14,,
MountainCar-v0,next-state,30,3.5__MountainCar-v0__next-state__H30,10,10,state_value,position,10,100.0,nrmse,0.002474679626959915,0.000510074098651214,,1000,13027129345204067355,1.7999999999999998,0.002413953200762196,paired_bootstrap_ddof1
MountainCar-v0,next-state,30,3.5__MountainCar-v0__next-state__H30,10,10,state_value,position,10,100.0,pearson,0.999855411865645,,,1000,13027129345204067355,1.7999999999999998,,
MountainCar-v0,next-state,30,3.5__MountainCar-v0__next-state__H30,10,10,state_value,position,10,100.0,cosine,0.9999919475326895,,,1000,13027129345204067355,1.7999999999999998,,
MountainCar-v0,next-state,30,3.5__MountainCar-v0__next-state__H30,10,10,state_value,velocity,10,100.0,nrmse,0.04329418825126582,0.02105468638654748,,1000,13027129345204067355,0.14,0.038215993810138606,paired_bootstrap_ddof1
MountainCar-v0,next-state,30,3.5__MountainCar-v0__next-state__H30,10,10,state_value,velocity,10,100.0,pearson,0.9537959977158553,,,1000,13027129345204067355,0.14,,
MountainCar-v0,next-state,30,3.5__MountainCar-v0__next-state__H30,10,10,state_value,velocity,10,100.0,cosine,0.9556620970055841,,,1000,13027129345204067355,0.14,,
MountainCar-v0,next-state,30,3.5__MountainCar-v0__next-state__H30,10,10,state_delta,position,10,100.0,nrmse,0.002478254364414977,0.0005176006257984891,,1000,4511344080198181464,1.7999999999999998,0.0024351188848774135,paired_bootstrap_ddof1
MountainCar-v0,next-state,30,3.5__MountainCar-v0__next-state__H30,10,10,state_delta,position,10,100.0,pearson,0.9689396850929894,,,1000,4511344080198181464,1.7999999999999998,,
MountainCar-v0,next-state,30,3.5__MountainCar-v0__next-state__H30,10,10,state_delta,position,10,100.0,cosine,0.954003624042127,,,1000,4511344080198181464,1.7999999999999998,,
MountainCar-v0,next-state,30,3.5__MountainCar-v0__next-state__H30,10,10,state_delta,velocity,10,100.0,nrmse,0.043336414055102676,0.021138612586587172,,1000,4511344080198181464,0.14,0.038153691352841336,paired_bootstrap_ddof1
MountainCar-v0,next-state,30,3.5__MountainCar-v0__next-state__H30,10,10,state_delta,velocity,10,100.0,pearson,0.4911996482592103,,,1000,4511344080198181464,0.14,,
MountainCar-v0,next-state,30,3.5__MountainCar-v0__next-state__H30,10,10,state_delta,velocity,10,100.0,cosine,0.11965861045156488,,,1000,4511344080198181464,0.14,,
MountainCar-v0,next-state,30,3.5__MountainCar-v0__next-state__H30,20,20,state_value,position,20,100.0,nrmse,0.004867263792136685,0.00131911699303524,,1000,7903568274271917410,1.7999999999999998,0.004656278611296135,paired_bootstrap_ddof1
MountainCar-v0,next-state,30,3.5__MountainCar-v0__next-state__H30,20,20,state_value,position,20,100.0,pearson,0.9968527274069218,,,1000,7903568274271917410,1.7999999999999998,,
MountainCar-v0,next-state,30,3.5__MountainCar-v0__next-state__H30,20,20,state_value,position,20,100.0,cosine,0.9999390723549728,,,1000,7903568274271917410,1.7999999999999998,,
MountainCar-v0,next-state,30,3.5__MountainCar-v0__next-state__H30,20,20,state_value,velocity,20,100.0,nrmse,0.044693939585205844,0.015310906056722156,,1000,7903568274271917410,0.14,0.04209538313144263,paired_bootstrap_ddof1
MountainCar-v0,next-state,30,3.5__MountainCar-v0__next-state__H30,20,20,state_value,velocity,20,100.0,pearson,0.9122992749330261,,,1000,7903568274271917410,0.14,,
MountainCar-v0,next-state,30,3.5__MountainCar-v0__next-state__H30,20,20,state_value,velocity,20,100.0,cosine,0.947879492276342,,,1000,7903568274271917410,0.14,,
MountainCar-v0,next-state,30,3.5__MountainCar-v0__next-state__H30,20,20,state_delta,position,19,95.0,nrmse,0.004744681809824308,0.001455496822576742,,1000,6337679793895591544,1.7999999999999998,0.004605391929559355,paired_bootstrap_ddof1
MountainCar-v0,next-state,30,3.5__MountainCar-v0__next-state__H30,20,20,state_delta,position,19,95.0,pearson,0.7523651218499974,,,1000,6337679793895591544,1.7999999999999998,,
MountainCar-v0,next-state,30,3.5__MountainCar-v0__next-state__H30,20,20,state_delta,position,19,95.0,cosine,0.8348289623694553,,,1000,6337679793895591544,1.7999999999999998,,
MountainCar-v0,next-state,30,3.5__MountainCar-v0__next-state__H30,20,20,state_delta,velocity,19,95.0,nrmse,0.04575981905702507,0.016520681541476723,,1000,6337679793895591544,0.14,0.04330915883893259,paired_bootstrap_ddof1
MountainCar-v0,next-state,30,3.5__MountainCar-v0__next-state__H30,20,20,state_delta,velocity,19,95.0,pearson,0.28093104325477336,,,1000,6337679793895591544,0.14,,
MountainCar-v0,next-state,30,3.5__MountainCar-v0__next-state__H30,20,20,state_delta,velocity,19,95.0,cosine,-0.014330651384929914,,,1000,6337679793895591544,0.14,,
MountainCar-v0,next-state,30,3.5__MountainCar-v0__next-state__H30,30,30,state_value,position,27,90.0,nrmse,0.005245623334539248,0.0009873793280395483,,1000,11250121902213314039,1.7999999999999998,0.0051433219243762415,paired_bootstrap_ddof1
MountainCar-v0,next-state,30,3.5__MountainCar-v0__next-state__H30,30,30,state_value,position,27,90.0,pearson,0.99680669640278,,,1000,11250121902213314039,1.7999999999999998,,
MountainCar-v0,next-state,30,3.5__MountainCar-v0__next-state__H30,30,30,state_value,position,27,90.0,cosine,0.9999301167108982,,,1000,11250121902213314039,1.7999999999999998,,
MountainCar-v0,next-state,30,3.5__MountainCar-v0__next-state__H30,30,30,state_value,velocity,27,90.0,nrmse,0.03879167985417123,0.013102932918157244,,1000,11250121902213314039,0.14,0.035801786751379024,paired_bootstrap_ddof1
MountainCar-v0,next-state,30,3.5__MountainCar-v0__next-state__H30,30,30,state_value,velocity,27,90.0,pearson,0.9297355191262706,,,1000,11250121902213314039,0.14,,
MountainCar-v0,next-state,30,3.5__MountainCar-v0__next-state__H30,30,30,state_value,velocity,27,90.0,cosine,0.9567930385663278,,,1000,11250121902213314039,0.14,,
MountainCar-v0,next-state,30,3.5__MountainCar-v0__next-state__H30,30,30,state_delta,position,26,86.66666666666667,nrmse,0.004778971496207783,0.0010380290010055082,,1000,2157980834097418649,1.7999999999999998,0.004638376925595373,paired_bootstrap_ddof1
MountainCar-v0,next-state,30,3.5__MountainCar-v0__next-state__H30,30,30,state_delta,position,26,86.66666666666667,pearson,0.7447410224768387,,,1000,2157980834097418649,1.7999999999999998,,
MountainCar-v0,next-state,30,3.5__MountainCar-v0__next-state__H30,30,30,state_delta,position,26,86.66666666666667,cosine,0.8223797639277587,,,1000,2157980834097418649,1.7999999999999998,,
MountainCar-v0,next-state,30,3.5__MountainCar-v0__next-state__H30,30,30,state_delta,velocity,26,86.66666666666667,nrmse,0.039464138315733824,0.013989078066134687,,1000,2157980834097418649,0.14,0.036152967780086025,paired_bootstrap_ddof1
MountainCar-v0,next-state,30,3.5__MountainCar-v0__next-state__H30,30,30,state_delta,velocity,26,86.66666666666667,pearson,0.33689487566887893,,,1000,2157980834097418649,0.14,,
MountainCar-v0,next-state,30,3.5__MountainCar-v0__next-state__H30,30,30,state_delta,velocity,26,86.66666666666667,cosine,0.06436701411678244,,,1000,2157980834097418649,0.14,,
MountainCar-v0,next-state,5,3.5__MountainCar-v0__next-state__H5,10,10,state_value,position,8,80.0,nrmse,0.0031008786623527157,0.0014095968916003597,,1000,10053005866887941840,1.7999999999999998,0.00279990618244234,paired_bootstrap_ddof1
MountainCar-v0,next-state,5,3.5__MountainCar-v0__next-state__H5,10,10,state_value,position,8,80.0,pearson,0.9977093598169408,,,1000,10053005866887941840,1.7999999999999998,,
MountainCar-v0,next-state,5,3.5__MountainCar-v0__next-state__H5,10,10,state_value,position,8,80.0,cosine,0.9999561235302227,,,1000,10053005866887941840,1.7999999999999998,,
MountainCar-v0,next-state,5,3.5__MountainCar-v0__next-state__H5,10,10,state_value,velocity,8,80.0,nrmse,0.005019820150843591,0.0017077048141308977,,1000,10053005866887941840,0.14,0.004712118928841972,paired_bootstrap_ddof1
MountainCar-v0,next-state,5,3.5__MountainCar-v0__next-state__H5,10,10,state_value,velocity,8,80.0,pearson,0.9978876240512042,,,1000,10053005866887941840,0.14,,
MountainCar-v0,next-state,5,3.5__MountainCar-v0__next-state__H5,10,10,state_value,velocity,8,80.0,cosine,0.9983773811454141,,,1000,10053005866887941840,0.14,,
MountainCar-v0,next-state,5,3.5__MountainCar-v0__next-state__H5,10,10,state_delta,position,9,90.0,nrmse,0.0029334032959468168,0.0013527718813790821,,1000,7272303382928475590,1.7999999999999998,0.002633523223653143,paired_bootstrap_ddof1
MountainCar-v0,next-state,5,3.5__MountainCar-v0__next-state__H5,10,10,state_delta,position,9,90.0,pearson,0.8643220276972102,,,1000,7272303382928475590,1.7999999999999998,,
MountainCar-v0,next-state,5,3.5__MountainCar-v0__next-state__H5,10,10,state_delta,position,9,90.0,cosine,0.9079896092826516,,,1000,7272303382928475590,1.7999999999999998,,
MountainCar-v0,next-state,5,3.5__MountainCar-v0__next-state__H5,10,10,state_delta,velocity,9,90.0,nrmse,0.005489633706207119,0.0014882103061836763,,1000,7272303382928475590,0.14,0.005324168017361604,paired_bootstrap_ddof1
MountainCar-v0,next-state,5,3.5__MountainCar-v0__next-state__H5,10,10,state_delta,velocity,9,90.0,pearson,0.6346106758181701,,,1000,7272303382928475590,0.14,,
MountainCar-v0,next-state,5,3.5__MountainCar-v0__next-state__H5,10,10,state_delta,velocity,9,90.0,cosine,0.6871309146534048,,,1000,7272303382928475590,0.14,,
MountainCar-v0,next-state,5,3.5__MountainCar-v0__next-state__H5,20,20,state_value,position,16,80.0,nrmse,0.003281654914470558,0.0010324814992430404,,1000,12426303138924276517,1.7999999999999998,0.0031323497664276986,paired_bootstrap_ddof1
MountainCar-v0,next-state,5,3.5__MountainCar-v0__next-state__H5,20,20,state_value,position,16,80.0,pearson,0.9977884216061204,,,1000,12426303138924276517,1.7999999999999998,,
MountainCar-v0,next-state,5,3.5__MountainCar-v0__next-state__H5,20,20,state_value,position,16,80.0,cosine,0.999955752806438,,,1000,12426303138924276517,1.7999999999999998,,
MountainCar-v0,next-state,5,3.5__MountainCar-v0__next-state__H5,20,20,state_value,velocity,16,80.0,nrmse,0.005010545256094061,0.0010942978637682914,,1000,12426303138924276517,0.14,0.004858316498218585,paired_bootstrap_ddof1
MountainCar-v0,next-state,5,3.5__MountainCar-v0__next-state__H5,20,20,state_value,velocity,16,80.0,pearson,0.9978940942451773,,,1000,12426303138924276517,0.14,,
MountainCar-v0,next-state,5,3.5__MountainCar-v0__next-state__H5,20,20,state_value,velocity,16,80.0,cosine,0.9985407084482446,,,1000,12426303138924276517,0.14,,
MountainCar-v0,next-state,5,3.5__MountainCar-v0__next-state__H5,20,20,state_delta,position,18,90.0,nrmse,0.0030946091674058556,0.0010185751372883995,,1000,13042750317864098834,1.7999999999999998,0.0029329151037631278,paired_bootstrap_ddof1
MountainCar-v0,next-state,5,3.5__MountainCar-v0__next-state__H5,20,20,state_delta,position,18,90.0,pearson,0.8412995383707059,,,1000,13042750317864098834,1.7999999999999998,,
MountainCar-v0,next-state,5,3.5__MountainCar-v0__next-state__H5,20,20,state_delta,position,18,90.0,cosine,0.9097509070410368,,,1000,13042750317864098834,1.7999999999999998,,
MountainCar-v0,next-state,5,3.5__MountainCar-v0__next-state__H5,20,20,state_delta,velocity,18,90.0,nrmse,0.005642728985937934,0.0009182494574917345,,1000,13042750317864098834,0.14,0.0055854483079415315,paired_bootstrap_ddof1
MountainCar-v0,next-state,5,3.5__MountainCar-v0__next-state__H5,20,20,state_delta,velocity,18,90.0,pearson,0.5548474312157337,,,1000,13042750317864098834,0.14,,
MountainCar-v0,next-state,5,3.5__MountainCar-v0__next-state__H5,20,20,state_delta,velocity,18,90.0,cosine,0.657236816656537,,,1000,13042750317864098834,0.14,,
MountainCar-v0,next-state,5,3.5__MountainCar-v0__next-state__H5,30,30,state_value,position,25,83.33333333333333,nrmse,0.0028941075173503005,0.0007487054618879401,,1000,12376730433799805842,1.7999999999999998,0.0027821523303864825,paired_bootstrap_ddof1
MountainCar-v0,next-state,5,3.5__MountainCar-v0__next-state__H5,30,30,state_value,position,25,83.33333333333333,pearson,0.9979176632004984,,,1000,12376730433799805842,1.7999999999999998,,
MountainCar-v0,next-state,5,3.5__MountainCar-v0__next-state__H5,30,30,state_value,position,25,83.33333333333333,cosine,0.9999577662751019,,,1000,12376730433799805842,1.7999999999999998,,
MountainCar-v0,next-state,5,3.5__MountainCar-v0__next-state__H5,30,30,state_value,velocity,25,83.33333333333333,nrmse,0.0046040691726677635,0.0007746453905895974,,1000,12376730433799805842,0.14,0.004566556836478138,paired_bootstrap_ddof1
MountainCar-v0,next-state,5,3.5__MountainCar-v0__next-state__H5,30,30,state_value,velocity,25,83.33333333333333,pearson,0.9983158243698192,,,1000,12376730433799805842,0.14,,
MountainCar-v0,next-state,5,3.5__MountainCar-v0__next-state__H5,30,30,state_value,velocity,25,83.33333333333333,cosine,0.9984969501139294,,,1000,12376730433799805842,0.14,,
MountainCar-v0,next-state,5,3.5__MountainCar-v0__next-state__H5,30,30,state_delta,position,27,90.0,nrmse,0.0027833681506704276,0.0007388295690002513,,1000,14558331457398387047,1.7999999999999998,0.0026736862812326233,paired_bootstrap_ddof1
MountainCar-v0,next-state,5,3.5__MountainCar-v0__next-state__H5,30,30,state_delta,position,27,90.0,pearson,0.8713982277806487,,,1000,14558331457398387047,1.7999999999999998,,
MountainCar-v0,next-state,5,3.5__MountainCar-v0__next-state__H5,30,30,state_delta,position,27,90.0,cosine,0.909088911686918,,,1000,14558331457398387047,1.7999999999999998,,
MountainCar-v0,next-state,5,3.5__MountainCar-v0__next-state__H5,30,30,state_delta,velocity,27,90.0,nrmse,0.005092162032227754,0.000732142766009545,,1000,14558331457398387047,0.14,0.005007823079471051,paired_bootstrap_ddof1
MountainCar-v0,next-state,5,3.5__MountainCar-v0__next-state__H5,30,30,state_delta,velocity,27,90.0,pearson,0.6768831493646615,,,1000,14558331457398387047,0.14,,
MountainCar-v0,next-state,5,3.5__MountainCar-v0__next-state__H5,30,30,state_delta,velocity,27,90.0,cosine,0.7450105077142287,,,1000,14558331457398387047,0.14,,
Pendulum-v1,last-state,10,3.5__Pendulum-v1__last-state__H10,10,10,state_value,cos(theta),10,100.0,nrmse,0.0001368349822143881,2.5419895827810348e-05,,1000,17460305173219713640,2,0.0001343169406951831,paired_bootstrap_ddof1
Pendulum-v1,last-state,10,3.5__Pendulum-v1__last-state__H10,10,10,state_value,cos(theta),10,100.0,pearson,0.7964292192365534,,,1000,17460305173219713640,2,,
Pendulum-v1,last-state,10,3.5__Pendulum-v1__last-state__H10,10,10,state_value,cos(theta),10,100.0,cosine,0.9999999629932949,,,1000,17460305173219713640,2,,
Pendulum-v1,last-state,10,3.5__Pendulum-v1__last-state__H10,10,10,state_value,sin(theta),10,100.0,nrmse,0.0036623240565156383,0.0005794621398515539,,1000,17460305173219713640,2,0.0036446228921035648,paired_bootstrap_ddof1
Pendulum-v1,last-state,10,3.5__Pendulum-v1__last-state__H10,10,10,state_value,sin(theta),10,100.0,pearson,0.8867296107079944,,,1000,17460305173219713640,2,,
Pendulum-v1,last-state,10,3.5__Pendulum-v1__last-state__H10,10,10,state_value,sin(theta),10,100.0,cosine,0.9858156955907794,,,1000,17460305173219713640,2,,
Pendulum-v1,last-state,10,3.5__Pendulum-v1__last-state__H10,10,10,state_value,angular_velocity,10,100.0,nrmse,0.009844001875205852,0.0020251676012788067,,1000,17460305173219713640,16,0.009651642865134336,paired_bootstrap_ddof1
Pendulum-v1,last-state,10,3.5__Pendulum-v1__last-state__H10,10,10,state_value,angular_velocity,10,100.0,pearson,0.027918773432397615,,,1000,17460305173219713640,16,,
Pendulum-v1,last-state,10,3.5__Pendulum-v1__last-state__H10,10,10,state_value,angular_velocity,10,100.0,cosine,0.03362360673936702,,,1000,17460305173219713640,16,,
Pendulum-v1,last-state,10,3.5__Pendulum-v1__last-state__H10,10,10,state_delta,cos(theta),10,100.0,nrmse,0.00019290312260937894,8.291633844612733e-05,,1000,10460999068114156324,2,0.00017399302485717066,paired_bootstrap_ddof1
Pendulum-v1,last-state,10,3.5__Pendulum-v1__last-state__H10,10,10,state_delta,cos(theta),10,100.0,pearson,0.47880691907643924,,,1000,10460999068114156324,2,,
Pendulum-v1,last-state,10,3.5__Pendulum-v1__last-state__H10,10,10,state_delta,cos(theta),10,100.0,cosine,0.463576934209167,,,1000,10460999068114156324,2,,
Pendulum-v1,last-state,10,3.5__Pendulum-v1__last-state__H10,10,10,state_delta,sin(theta),10,100.0,nrmse,0.0033268070157138918,0.0005259544173550644,,1000,10460999068114156324,2,0.003293790654126712,paired_bootstrap_ddof1
Pendulum-v1,last-state,10,3.5__Pendulum-v1__last-state__H10,10,10,state_delta,sin(theta),10,100.0,pearson,0.40389792711484057,,,1000,10460999068114156324,2,,
Pendulum-v1,last-state,10,3.5__Pendulum-v1__last-state__H10,10,10,state_delta,sin(theta),10,100.0,cosine,0.4096145387874713,,,1000,10460999068114156324,2,,
Pendulum-v1,last-state,10,3.5__Pendulum-v1__last-state__H10,10,10,state_delta,angular_velocity,10,100.0,nrmse,0.007707831933494699,0.0014000938575012745,,1000,10460999068114156324,16,0.007644628762631793,paired_bootstrap_ddof1
Pendulum-v1,last-state,10,3.5__Pendulum-v1__last-state__H10,10,10,state_delta,angular_velocity,10,100.0,pearson,0.6814056221147261,,,1000,10460999068114156324,16,,
Pendulum-v1,last-state,10,3.5__Pendulum-v1__last-state__H10,10,10,state_delta,angular_velocity,10,100.0,cosine,0.6827686888501261,,,1000,10460999068114156324,16,,
Pendulum-v1,last-state,10,3.5__Pendulum-v1__last-state__H10,20,20,state_value,cos(theta),19,95.0,nrmse,0.0001378895813324888,1.7301426453476826e-05,,1000,5741144324027408977,2,0.00013709908147378763,paired_bootstrap_ddof1
Pendulum-v1,last-state,10,3.5__Pendulum-v1__last-state__H10,20,20,state_value,cos(theta),19,95.0,pearson,0.7584938958441316,,,1000,5741144324027408977,2,,
Pendulum-v1,last-state,10,3.5__Pendulum-v1__last-state__H10,20,20,state_value,cos(theta),19,95.0,cosine,0.9999999637146068,,,1000,5741144324027408977,2,,
Pendulum-v1,last-state,10,3.5__Pendulum-v1__last-state__H10,20,20,state_value,sin(theta),19,95.0,nrmse,0.003201028017489973,0.0003972607507221885,,1000,5741144324027408977,2,0.003165277849899393,paired_bootstrap_ddof1
Pendulum-v1,last-state,10,3.5__Pendulum-v1__last-state__H10,20,20,state_value,sin(theta),19,95.0,pearson,0.8756224314077966,,,1000,5741144324027408977,2,,
Pendulum-v1,last-state,10,3.5__Pendulum-v1__last-state__H10,20,20,state_value,sin(theta),19,95.0,cosine,0.9900210751361976,,,1000,5741144324027408977,2,,
Pendulum-v1,last-state,10,3.5__Pendulum-v1__last-state__H10,20,20,state_value,angular_velocity,19,95.0,nrmse,0.010589278185972648,0.001187016558408458,,1000,5741144324027408977,16,0.010498891294763555,paired_bootstrap_ddof1
Pendulum-v1,last-state,10,3.5__Pendulum-v1__last-state__H10,20,20,state_value,angular_velocity,19,95.0,pearson,-0.1480344836663577,,,1000,5741144324027408977,16,,
Pendulum-v1,last-state,10,3.5__Pendulum-v1__last-state__H10,20,20,state_value,angular_velocity,19,95.0,cosine,-0.12348729502798406,,,1000,5741144324027408977,16,,
Pendulum-v1,last-state,10,3.5__Pendulum-v1__last-state__H10,20,20,state_delta,cos(theta),19,95.0,nrmse,0.011414539980340383,0.006997511179142449,,1000,14561890187565814405,2,0.008500414792238292,paired_bootstrap_ddof1
Pendulum-v1,last-state,10,3.5__Pendulum-v1__last-state__H10,20,20,state_delta,cos(theta),19,95.0,pearson,0.09054564103618232,,,1000,14561890187565814405,2,,
Pendulum-v1,last-state,10,3.5__Pendulum-v1__last-state__H10,20,20,state_delta,cos(theta),19,95.0,cosine,0.006007113744811555,,,1000,14561890187565814405,2,,
Pendulum-v1,last-state,10,3.5__Pendulum-v1__last-state__H10,20,20,state_delta,sin(theta),19,95.0,nrmse,0.0028555050024698767,0.00036994947183648417,,1000,14561890187565814405,2,0.002852592489200313,paired_bootstrap_ddof1
Pendulum-v1,last-state,10,3.5__Pendulum-v1__last-state__H10,20,20,state_delta,sin(theta),19,95.0,pearson,0.29405438295696273,,,1000,14561890187565814405,2,,
Pendulum-v1,last-state,10,3.5__Pendulum-v1__last-state__H10,20,20,state_delta,sin(theta),19,95.0,cosine,0.4291831182034247,,,1000,14561890187565814405,2,,
Pendulum-v1,last-state,10,3.5__Pendulum-v1__last-state__H10,20,20,state_delta,angular_velocity,19,95.0,nrmse,0.009331726772266834,0.0010785637499387086,,1000,14561890187565814405,16,0.009350054798415627,paired_bootstrap_ddof1
Pendulum-v1,last-state,10,3.5__Pendulum-v1__last-state__H10,20,20,state_delta,angular_velocity,19,95.0,pearson,0.5192676571684245,,,1000,14561890187565814405,16,,
Pendulum-v1,last-state,10,3.5__Pendulum-v1__last-state__H10,20,20,state_delta,angular_velocity,19,95.0,cosine,0.5283664528902048,,,1000,14561890187565814405,16,,
Pendulum-v1,last-state,10,3.5__Pendulum-v1__last-state__H10,30,30,state_value,cos(theta),29,96.66666666666667,nrmse,0.0001617857558820947,2.353760044191826e-05,,1000,15655624865798149384,2,0.00016028973025592784,paired_bootstrap_ddof1
Pendulum-v1,last-state,10,3.5__Pendulum-v1__last-state__H10,30,30,state_value,cos(theta),29,96.66666666666667,pearson,0.7228950790747725,,,1000,15655624865798149384,2,,
Pendulum-v1,last-state,10,3.5__Pendulum-v1__last-state__H10,30,30,state_value,cos(theta),29,96.66666666666667,cosine,0.9999999491217135,,,1000,15655624865798149384,2,,
Pendulum-v1,last-state,10,3.5__Pendulum-v1__last-state__H10,30,30,state_value,sin(theta),29,96.66666666666667,nrmse,0.0039265550562099,0.0006227935068589239,,1000,15655624865798149384,2,0.0038869621381185365,paired_bootstrap_ddof1
Pendulum-v1,last-state,10,3.5__Pendulum-v1__last-state__H10,30,30,state_value,sin(theta),29,96.66666666666667,pearson,0.9368002783056477,,,1000,15655624865798149384,2,,
Pendulum-v1,last-state,10,3.5__Pendulum-v1__last-state__H10,30,30,state_value,sin(theta),29,96.66666666666667,cosine,0.9829526859683925,,,1000,15655624865798149384,2,,
Pendulum-v1,last-state,10,3.5__Pendulum-v1__last-state__H10,30,30,state_value,angular_velocity,29,96.66666666666667,nrmse,0.010942130302605713,0.0009763201940344462,,1000,15655624865798149384,16,0.010934756720094417,paired_bootstrap_ddof1
Pendulum-v1,last-state,10,3.5__Pendulum-v1__last-state__H10,30,30,state_value,angular_velocity,29,96.66666666666667,pearson,0.41088290840858016,,,1000,15655624865798149384,16,,
Pendulum-v1,last-state,10,3.5__Pendulum-v1__last-state__H10,30,30,state_value,angular_velocity,29,96.66666666666667,cosine,0.5051235245717224,,,1000,15655624865798149384,16,,
Pendulum-v1,last-state,10,3.5__Pendulum-v1__last-state__H10,30,30,state_delta,cos(theta),26,86.66666666666667,nrmse,0.009758468936844539,0.006173771730300256,,1000,6963564387471750921,2,0.007509279185206733,paired_bootstrap_ddof1
Pendulum-v1,last-state,10,3.5__Pendulum-v1__last-state__H10,30,30,state_delta,cos(theta),26,86.66666666666667,pearson,0.0496406587620895,,,1000,6963564387471750921,2,,
Pendulum-v1,last-state,10,3.5__Pendulum-v1__last-state__H10,30,30,state_delta,cos(theta),26,86.66666666666667,cosine,0.007716221769430366,,,1000,6963564387471750921,2,,
Pendulum-v1,last-state,10,3.5__Pendulum-v1__last-state__H10,30,30,state_delta,sin(theta),26,86.66666666666667,nrmse,0.004009647883884395,0.0006916946148635654,,1000,6963564387471750921,2,0.0039402649313252745,paired_bootstrap_ddof1
Pendulum-v1,last-state,10,3.5__Pendulum-v1__last-state__H10,30,30,state_delta,sin(theta),26,86.66666666666667,pearson,0.4781424340291485,,,1000,6963564387471750921,2,,
Pendulum-v1,last-state,10,3.5__Pendulum-v1__last-state__H10,30,30,state_delta,sin(theta),26,86.66666666666667,cosine,0.5718501016474878,,,1000,6963564387471750921,2,,
Pendulum-v1,last-state,10,3.5__Pendulum-v1__last-state__H10,30,30,state_delta,angular_velocity,26,86.66666666666667,nrmse,0.010057989368756536,0.000984749285697628,,1000,6963564387471750921,16,0.010024680927130238,paired_bootstrap_ddof1
Pendulum-v1,last-state,10,3.5__Pendulum-v1__last-state__H10,30,30,state_delta,angular_velocity,26,86.66666666666667,pearson,0.4656983428105561,,,1000,6963564387471750921,16,,
Pendulum-v1,last-state,10,3.5__Pendulum-v1__last-state__H10,30,30,state_delta,angular_velocity,26,86.66666666666667,cosine,0.45157575614652984,,,1000,6963564387471750921,16,,
Pendulum-v1,last-state,20,3.5__Pendulum-v1__last-state__H20,10,10,state_value,cos(theta),10,100.0,nrmse,0.00013480621369910944,2.6939719382471355e-05,,1000,14145245506194656758,2,0.00013299524506760806,paired_bootstrap_ddof1
Pendulum-v1,last-state,20,3.5__Pendulum-v1__last-state__H20,10,10,state_value,cos(theta),10,100.0,pearson,0.010144272472950475,,,1000,14145245506194656758,2,,
Pendulum-v1,last-state,20,3.5__Pendulum-v1__last-state__H20,10,10,state_value,cos(theta),10,100.0,cosine,0.9999999636675979,,,1000,14145245506194656758,2,,
Pendulum-v1,last-state,20,3.5__Pendulum-v1__last-state__H20,10,10,state_value,sin(theta),10,100.0,nrmse,0.0026851744922117304,0.0006276972527365866,,1000,14145245506194656758,2,0.0026371631359398888,paired_bootstrap_ddof1
Pendulum-v1,last-state,20,3.5__Pendulum-v1__last-state__H20,10,10,state_value,sin(theta),10,100.0,pearson,0.2162579414685607,,,1000,14145245506194656758,2,,
Pendulum-v1,last-state,20,3.5__Pendulum-v1__last-state__H20,10,10,state_value,sin(theta),10,100.0,cosine,0.9933839166450463,,,1000,14145245506194656758,2,,
Pendulum-v1,last-state,20,3.5__Pendulum-v1__last-state__H20,10,10,state_value,angular_velocity,10,100.0,nrmse,0.008883718491511653,0.0023009817634737505,,1000,14145245506194656758,16,0.008650300259952866,paired_bootstrap_ddof1
Pendulum-v1,last-state,20,3.5__Pendulum-v1__last-state__H20,10,10,state_value,angular_velocity,10,100.0,pearson,-0.14771474657201966,,,1000,14145245506194656758,16,,
Pendulum-v1,last-state,20,3.5__Pendulum-v1__last-state__H20,10,10,state_value,angular_velocity,10,100.0,cosine,-0.15194531072362433,,,1000,14145245506194656758,16,,
Pendulum-v1,last-state,20,3.5__Pendulum-v1__last-state__H20,10,10,state_delta,cos(theta),9,90.0,nrmse,8.153085861898177e-05,1.3671275408679672e-05,,1000,7243320625863378304,2,7.99392795340875e-05,paired_bootstrap_ddof1
Pendulum-v1,last-state,20,3.5__Pendulum-v1__last-state__H20,10,10,state_delta,cos(theta),9,90.0,pearson,0.8696282452791909,,,1000,7243320625863378304,2,,
Pendulum-v1,last-state,20,3.5__Pendulum-v1__last-state__H20,10,10,state_delta,cos(theta),9,90.0,cosine,0.784285756607661,,,1000,7243320625863378304,2,,
Pendulum-v1,last-state,20,3.5__Pendulum-v1__last-state__H20,10,10,state_delta,sin(theta),9,90.0,nrmse,0.0033505835854775725,0.0007815133745568687,,1000,7243320625863378304,2,0.0032286099913352777,paired_bootstrap_ddof1
Pendulum-v1,last-state,20,3.5__Pendulum-v1__last-state__H20,10,10,state_delta,sin(theta),9,90.0,pearson,-0.10203763713098143,,,1000,7243320625863378304,2,,
Pendulum-v1,last-state,20,3.5__Pendulum-v1__last-state__H20,10,10,state_delta,sin(theta),9,90.0,cosine,-0.1033666271202327,,,1000,7243320625863378304,2,,
Pendulum-v1,last-state,20,3.5__Pendulum-v1__last-state__H20,10,10,state_delta,angular_velocity,9,90.0,nrmse,0.00661914344102792,0.001565555404671307,,1000,7243320625863378304,16,0.00637330436294119,paired_bootstrap_ddof1
Pendulum-v1,last-state,20,3.5__Pendulum-v1__last-state__H20,10,10,state_delta,angular_velocity,9,90.0,pearson,0.8284742010371657,,,1000,7243320625863378304,16,,
Pendulum-v1,last-state,20,3.5__Pendulum-v1__last-state__H20,10,10,state_delta,angular_velocity,9,90.0,cosine,0.8272611240002054,,,1000,7243320625863378304,16,,
Pendulum-v1,last-state,20,3.5__Pendulum-v1__last-state__H20,20,20,state_value,cos(theta),19,95.0,nrmse,0.0001180488316992916,1.7170315368374915e-05,,1000,853379788568798505,2,0.00011739319999435107,paired_bootstrap_ddof1
Pendulum-v1,last-state,20,3.5__Pendulum-v1__last-state__H20,20,20,state_value,cos(theta),19,95.0,pearson,0.16506870085531597,,,1000,853379788568798505,2,,
Pendulum-v1,last-state,20,3.5__Pendulum-v1__last-state__H20,20,20,state_value,cos(theta),19,95.0,cosine,0.9999999726801179,,,1000,853379788568798505,2,,
Pendulum-v1,last-state,20,3.5__Pendulum-v1__last-state__H20,20,20,state_value,sin(theta),19,95.0,nrmse,0.0025089366394304108,0.00037979537296557335,,1000,853379788568798505,2,0.0024907341157383404,paired_bootstrap_ddof1
Pendulum-v1,last-state,20,3.5__Pendulum-v1__last-state__H20,20,20,state_value,sin(theta),19,95.0,pearson,0.2207925381466777,,,1000,853379788568798505,2,,
Pendulum-v1,last-state,20,3.5__Pendulum-v1__last-state__H20,20,20,state_value,sin(theta),19,95.0,cosine,0.9943091650161829,,,1000,853379788568798505,2,,
Pendulum-v1,last-state,20,3.5__Pendulum-v1__last-state__H20,20,20,state_value,angular_velocity,19,95.0,nrmse,0.009542389083393728,0.001395933897859872,,1000,853379788568798505,16,0.009450161976726977,paired_bootstrap_ddof1
Pendulum-v1,last-state,20,3.5__Pendulum-v1__last-state__H20,20,20,state_value,angular_velocity,19,95.0,pearson,-0.2954844658003309,,,1000,853379788568798505,16,,
Pendulum-v1,last-state,20,3.5__Pendulum-v1__last-state__H20,20,20,state_value,angular_velocity,19,95.0,cosine,-0.30425375908511837,,,1000,853379788568798505,16,,
Pendulum-v1,last-state,20,3.5__Pendulum-v1__last-state__H20,20,20,state_delta,cos(theta),17,85.0,nrmse,0.012042277858780337,0.007328347028860496,,1000,15707454978488240039,2,0.009528131299883561,paired_bootstrap_ddof1
Pendulum-v1,last-state,20,3.5__Pendulum-v1__last-state__H20,20,20,state_delta,cos(theta),17,85.0,pearson,0.04588367162830615,,,1000,15707454978488240039,2,,
Pendulum-v1,last-state,20,3.5__Pendulum-v1__last-state__H20,20,20,state_delta,cos(theta),17,85.0,cosine,0.005525918995523878,,,1000,15707454978488240039,2,,
Pendulum-v1,last-state,20,3.5__Pendulum-v1__last-state__H20,20,20,state_delta,sin(theta),17,85.0,nrmse,0.0028887301242823604,0.0005150747456972711,,1000,15707454978488240039,2,0.0028300574535644117,paired_bootstrap_ddof1
Pendulum-v1,last-state,20,3.5__Pendulum-v1__last-state__H20,20,20,state_delta,sin(theta),17,85.0,pearson,0.13390236435474775,,,1000,15707454978488240039,2,,
Pendulum-v1,last-state,20,3.5__Pendulum-v1__last-state__H20,20,20,state_delta,sin(theta),17,85.0,cosine,0.14462036523268063,,,1000,15707454978488240039,2,,
Pendulum-v1,last-state,20,3.5__Pendulum-v1__last-state__H20,20,20,state_delta,angular_velocity,17,85.0,nrmse,0.008583796184034351,0.0013772677544260136,,1000,15707454978488240039,16,0.008425652662482797,paired_bootstrap_ddof1
Pendulum-v1,last-state,20,3.5__Pendulum-v1__last-state__H20,20,20,state_delta,angular_velocity,17,85.0,pearson,0.4233507602585608,,,1000,15707454978488240039,16,,
Pendulum-v1,last-state,20,3.5__Pendulum-v1__last-state__H20,20,20,state_delta,angular_velocity,17,85.0,cosine,0.364864693758146,,,1000,15707454978488240039,16,,
Pendulum-v1,last-state,20,3.5__Pendulum-v1__last-state__H20,30,30,state_value,cos(theta),27,90.0,nrmse,0.00011563796011063495,1.4577094653487122e-05,,1000,11617670694591764147,2,0.00011535341372422311,paired_bootstrap_ddof1
Pendulum-v1,last-state,20,3.5__Pendulum-v1__last-state__H20,30,30,state_value,cos(theta),27,90.0,pearson,0.3634596719621165,,,1000,11617670694591764147,2,,
Pendulum-v1,last-state,20,3.5__Pendulum-v1__last-state__H20,30,30,state_value,cos(theta),27,90.0,cosine,0.9999999736814014,,,1000,11617670694591764147,2,,
Pendulum-v1,last-state,20,3.5__Pendulum-v1__last-state__H20,30,30,state_value,sin(theta),27,90.0,nrmse,0.0022713602096147037,0.00031298704624651327,,1000,11617670694591764147,2,0.0022661873722683874,paired_bootstrap_ddof1
Pendulum-v1,last-state,20,3.5__Pendulum-v1__last-state__H20,30,30,state_value,sin(theta),27,90.0,pearson,0.5182453666876163,,,1000,11617670694591764147,2,,
Pendulum-v1,last-state,20,3.5__Pendulum-v1__last-state__H20,30,30,state_value,sin(theta),27,90.0,cosine,0.9952844299559691,,,1000,11617670694591764147,2,,
Pendulum-v1,last-state,20,3.5__Pendulum-v1__last-state__H20,30,30,state_value,angular_velocity,27,90.0,nrmse,0.009746771140886571,0.0010346709973787368,,1000,11617670694591764147,16,0.009762718924078496,paired_bootstrap_ddof1
Pendulum-v1,last-state,20,3.5__Pendulum-v1__last-state__H20,30,30,state_value,angular_velocity,27,90.0,pearson,-0.3142565656951097,,,1000,11617670694591764147,16,,
Pendulum-v1,last-state,20,3.5__Pendulum-v1__last-state__H20,30,30,state_value,angular_velocity,27,90.0,cosine,-0.29956339387957687,,,1000,11617670694591764147,16,,
Pendulum-v1,last-state,20,3.5__Pendulum-v1__last-state__H20,30,30,state_delta,cos(theta),22,73.33333333333333,nrmse,0.010585809729823082,0.006620037039095826,,1000,4710433648261457924,2,0.008153869772508803,paired_bootstrap_ddof1
Pendulum-v1,last-state,20,3.5__Pendulum-v1__last-state__H20,30,30,state_delta,cos(theta),22,73.33333333333333,pearson,0.011303102892908564,,,1000,4710433648261457924,2,,
Pendulum-v1,last-state,20,3.5__Pendulum-v1__last-state__H20,30,30,state_delta,cos(theta),22,73.33333333333333,cosine,0.006338177282771358,,,1000,4710433648261457924,2,,
Pendulum-v1,last-state,20,3.5__Pendulum-v1__last-state__H20,30,30,state_delta,sin(theta),22,73.33333333333333,nrmse,0.002691872486007635,0.00042673821092111046,,1000,4710433648261457924,2,0.002658276757503333,paired_bootstrap_ddof1
Pendulum-v1,last-state,20,3.5__Pendulum-v1__last-state__H20,30,30,state_delta,sin(theta),22,73.33333333333333,pearson,0.3250067782672685,,,1000,4710433648261457924,2,,
Pendulum-v1,last-state,20,3.5__Pendulum-v1__last-state__H20,30,30,state_delta,sin(theta),22,73.33333333333333,cosine,0.32251528649382594,,,1000,4710433648261457924,2,,
Pendulum-v1,last-state,20,3.5__Pendulum-v1__last-state__H20,30,30,state_delta,angular_velocity,22,73.33333333333333,nrmse,0.008975297706653413,0.001097784173120163,,1000,4710433648261457924,16,0.008887852365590166,paired_bootstrap_ddof1
Pendulum-v1,last-state,20,3.5__Pendulum-v1__last-state__H20,30,30,state_delta,angular_velocity,22,73.33333333333333,pearson,0.29855397384630716,,,1000,4710433648261457924,16,,
Pendulum-v1,last-state,20,3.5__Pendulum-v1__last-state__H20,30,30,state_delta,angular_velocity,22,73.33333333333333,cosine,0.276969328929391,,,1000,4710433648261457924,16,,
Pendulum-v1,last-state,30,3.5__Pendulum-v1__last-state__H30,10,10,state_value,cos(theta),9,90.0,nrmse,0.0001386045852633296,2.110536070233606e-05,,1000,4144804749898483476,2,0.0001379092959258382,paired_bootstrap_ddof1
Pendulum-v1,last-state,30,3.5__Pendulum-v1__last-state__H30,10,10,state_value,cos(theta),9,90.0,pearson,0.19029349807195756,,,1000,4144804749898483476,2,,
Pendulum-v1,last-state,30,3.5__Pendulum-v1__last-state__H30,10,10,state_value,cos(theta),9,90.0,cosine,0.9999999650618574,,,1000,4144804749898483476,2,,
Pendulum-v1,last-state,30,3.5__Pendulum-v1__last-state__H30,10,10,state_value,sin(theta),9,90.0,nrmse,0.00224650812101125,0.0002697798741247869,,1000,4144804749898483476,2,0.00224196799683772,paired_bootstrap_ddof1
Pendulum-v1,last-state,30,3.5__Pendulum-v1__last-state__H30,10,10,state_value,sin(theta),9,90.0,pearson,0.5547284484350898,,,1000,4144804749898483476,2,,
Pendulum-v1,last-state,30,3.5__Pendulum-v1__last-state__H30,10,10,state_value,sin(theta),9,90.0,cosine,0.9958430887291292,,,1000,4144804749898483476,2,,
Pendulum-v1,last-state,30,3.5__Pendulum-v1__last-state__H30,10,10,state_value,angular_velocity,9,90.0,nrmse,0.008412390772541474,0.0018767138114488134,,1000,4144804749898483476,16,0.008160784979892909,paired_bootstrap_ddof1
Pendulum-v1,last-state,30,3.5__Pendulum-v1__last-state__H30,10,10,state_value,angular_velocity,9,90.0,pearson,-0.14483317848406085,,,1000,4144804749898483476,16,,
Pendulum-v1,last-state,30,3.5__Pendulum-v1__last-state__H30,10,10,state_value,angular_velocity,9,90.0,cosine,-0.15774532570505542,,,1000,4144804749898483476,16,,
Pendulum-v1,last-state,30,3.5__Pendulum-v1__last-state__H30,10,10,state_delta,cos(theta),8,80.0,nrmse,0.00011654026990221446,3.314073942964234e-05,,1000,5209950780686736470,2,0.00011302607026282538,paired_bootstrap_ddof1
Pendulum-v1,last-state,30,3.5__Pendulum-v1__last-state__H30,10,10,state_delta,cos(theta),8,80.0,pearson,0.45498020396692573,,,1000,5209950780686736470,2,,
Pendulum-v1,last-state,30,3.5__Pendulum-v1__last-state__H30,10,10,state_delta,cos(theta),8,80.0,cosine,0.35444530175792205,,,1000,5209950780686736470,2,,
Pendulum-v1,last-state,30,3.5__Pendulum-v1__last-state__H30,10,10,state_delta,sin(theta),8,80.0,nrmse,0.0023948613299587846,0.0002540987719101177,,1000,5209950780686736470,2,0.0024004744146153157,paired_bootstrap_ddof1
Pendulum-v1,last-state,30,3.5__Pendulum-v1__last-state__H30,10,10,state_delta,sin(theta),8,80.0,pearson,-0.09156125828259021,,,1000,5209950780686736470,2,,
Pendulum-v1,last-state,30,3.5__Pendulum-v1__last-state__H30,10,10,state_delta,sin(theta),8,80.0,cosine,-0.20836422359110315,,,1000,5209950780686736470,2,,
Pendulum-v1,last-state,30,3.5__Pendulum-v1__last-state__H30,10,10,state_delta,angular_velocity,8,80.0,nrmse,0.008712701489432926,0.0018690225681279244,,1000,5209950780686736470,16,0.008532314667374339,paired_bootstrap_ddof1
Pendulum-v1,last-state,30,3.5__Pendulum-v1__last-state__H30,10,10,state_delta,angular_velocity,8,80.0,pearson,0.48252709554750595,,,1000,5209950780686736470,16,,
Pendulum-v1,last-state,30,3.5__Pendulum-v1__last-state__H30,10,10,state_delta,angular_velocity,8,80.0,cosine,0.5234567525046726,,,1000,5209950780686736470,16,,
Pendulum-v1,last-state,30,3.5__Pendulum-v1__last-state__H30,20,20,state_value,cos(theta),19,95.0,nrmse,0.00012117029067284829,1.2519027089896488e-05,,1000,9151818800187982416,2,0.00012076571967425031,paired_bootstrap_ddof1
Pendulum-v1,last-state,30,3.5__Pendulum-v1__last-state__H30,20,20,state_value,cos(theta),19,95.0,pearson,0.5756556576395772,,,1000,9151818800187982416,2,,
Pendulum-v1,last-state,30,3.5__Pendulum-v1__last-state__H30,20,20,state_value,cos(theta),19,95.0,cosine,0.9999999710615939,,,1000,9151818800187982416,2,,
Pendulum-v1,last-state,30,3.5__Pendulum-v1__last-state__H30,20,20,state_value,sin(theta),19,95.0,nrmse,0.0023377208912833294,0.0001854523005203286,,1000,9151818800187982416,2,0.002322121754549997,paired_bootstrap_ddof1
Pendulum-v1,last-state,30,3.5__Pendulum-v1__last-state__H30,20,20,state_value,sin(theta),19,95.0,pearson,0.7332107194227134,,,1000,9151818800187982416,2,,
Pendulum-v1,last-state,30,3.5__Pendulum-v1__last-state__H30,20,20,state_value,sin(theta),19,95.0,cosine,0.994738601289229,,,1000,9151818800187982416,2,,
Pendulum-v1,last-state,30,3.5__Pendulum-v1__last-state__H30,20,20,state_value,angular_velocity,19,95.0,nrmse,0.009422370815791871,0.001383444862132593,,1000,9151818800187982416,16,0.009286521109179121,paired_bootstrap_ddof1
Pendulum-v1,last-state,30,3.5__Pendulum-v1__last-state__H30,20,20,state_value,angular_velocity,19,95.0,pearson,-0.19486683492243437,,,1000,9151818800187982416,16,,
Pendulum-v1,last-state,30,3.5__Pendulum-v1__last-state__H30,20,20,state_value,angular_velocity,19,95.0,cosine,-0.18193798167003844,,,1000,9151818800187982416,16,,
Pendulum-v1,last-state,30,3.5__Pendulum-v1__last-state__H30,20,20,state_delta,cos(theta),18,90.0,nrmse,0.00010694382193448466,1.5827420443228192e-05,,1000,16016517382585837579,2,0.00010497445170052066,paired_bootstrap_ddof1
Pendulum-v1,last-state,30,3.5__Pendulum-v1__last-state__H30,20,20,state_delta,cos(theta),18,90.0,pearson,0.3977914766129164,,,1000,16016517382585837579,2,,
Pendulum-v1,last-state,30,3.5__Pendulum-v1__last-state__H30,20,20,state_delta,cos(theta),18,90.0,cosine,0.3638186628209205,,,1000,16016517382585837579,2,,
Pendulum-v1,last-state,30,3.5__Pendulum-v1__last-state__H30,20,20,state_delta,sin(theta),18,90.0,nrmse,0.0027957399119682715,0.00039494230032578487,,1000,16016517382585837579,2,0.0027585643980003686,paired_bootstrap_ddof1
Pendulum-v1,last-state,30,3.5__Pendulum-v1__last-state__H30,20,20,state_delta,sin(theta),18,90.0,pearson,-0.3447919680745037,,,1000,16016517382585837579,2,,
Pendulum-v1,last-state,30,3.5__Pendulum-v1__last-state__H30,20,20,state_delta,sin(theta),18,90.0,cosine,-0.34474712955397707,,,1000,16016517382585837579,2,,
Pendulum-v1,last-state,30,3.5__Pendulum-v1__last-state__H30,20,20,state_delta,angular_velocity,18,90.0,nrmse,0.009946480625556042,0.0012835255027803772,,1000,16016517382585837579,16,0.009867380248212636,paired_bootstrap_ddof1
Pendulum-v1,last-state,30,3.5__Pendulum-v1__last-state__H30,20,20,state_delta,angular_velocity,18,90.0,pearson,-0.13346105929435612,,,1000,16016517382585837579,16,,
Pendulum-v1,last-state,30,3.5__Pendulum-v1__last-state__H30,20,20,state_delta,angular_velocity,18,90.0,cosine,-0.16185913574000863,,,1000,16016517382585837579,16,,
Pendulum-v1,last-state,30,3.5__Pendulum-v1__last-state__H30,30,30,state_value,cos(theta),28,93.33333333333333,nrmse,0.00012732114062076819,1.2607435569243557e-05,,1000,16691557670958233405,2,0.00012672660328459634,paired_bootstrap_ddof1
Pendulum-v1,last-state,30,3.5__Pendulum-v1__last-state__H30,30,30,state_value,cos(theta),28,93.33333333333333,pearson,0.5558587098607092,,,1000,16691557670958233405,2,,
Pendulum-v1,last-state,30,3.5__Pendulum-v1__last-state__H30,30,30,state_value,cos(theta),28,93.33333333333333,cosine,0.9999999690145432,,,1000,16691557670958233405,2,,
Pendulum-v1,last-state,30,3.5__Pendulum-v1__last-state__H30,30,30,state_value,sin(theta),28,93.33333333333333,nrmse,0.0023824557195767505,0.0002036715339081773,,1000,16691557670958233405,2,0.0023711571380335243,paired_bootstrap_ddof1
Pendulum-v1,last-state,30,3.5__Pendulum-v1__last-state__H30,30,30,state_value,sin(theta),28,93.33333333333333,pearson,0.7306269027303876,,,1000,16691557670958233405,2,,
Pendulum-v1,last-state,30,3.5__Pendulum-v1__last-state__H30,30,30,state_value,sin(theta),28,93.33333333333333,cosine,0.9946470087353209,,,1000,16691557670958233405,2,,
Pendulum-v1,last-state,30,3.5__Pendulum-v1__last-state__H30,30,30,state_value,angular_velocity,28,93.33333333333333,nrmse,0.009506338219351674,0.0010496916405800154,,1000,16691557670958233405,16,0.009488751712922062,paired_bootstrap_ddof1
Pendulum-v1,last-state,30,3.5__Pendulum-v1__last-state__H30,30,30,state_value,angular_velocity,28,93.33333333333333,pearson,-0.1195479393600225,,,1000,16691557670958233405,16,,
Pendulum-v1,last-state,30,3.5__Pendulum-v1__last-state__H30,30,30,state_value,angular_velocity,28,93.33333333333333,cosine,-0.12084096540043754,,,1000,16691557670958233405,16,,
Pendulum-v1,last-state,30,3.5__Pendulum-v1__last-state__H30,30,30,state_delta,cos(theta),27,90.0,nrmse,0.00011294634120162419,1.3047643434738946e-05,,1000,18014376720621090033,2,0.00011212854195119317,paired_bootstrap_ddof1
Pendulum-v1,last-state,30,3.5__Pendulum-v1__last-state__H30,30,30,state_delta,cos(theta),27,90.0,pearson,0.3903687229482823,,,1000,18014376720621090033,2,,
Pendulum-v1,last-state,30,3.5__Pendulum-v1__last-state__H30,30,30,state_delta,cos(theta),27,90.0,cosine,0.38512293973834383,,,1000,18014376720621090033,2,,
Pendulum-v1,last-state,30,3.5__Pendulum-v1__last-state__H30,30,30,state_delta,sin(theta),27,90.0,nrmse,0.002892077597849375,0.00033100410730491043,,1000,18014376720621090033,2,0.0028805794915303645,paired_bootstrap_ddof1
Pendulum-v1,last-state,30,3.5__Pendulum-v1__last-state__H30,30,30,state_delta,sin(theta),27,90.0,pearson,-0.01785101308363265,,,1000,18014376720621090033,2,,
Pendulum-v1,last-state,30,3.5__Pendulum-v1__last-state__H30,30,30,state_delta,sin(theta),27,90.0,cosine,-0.04513962006172765,,,1000,18014376720621090033,2,,
Pendulum-v1,last-state,30,3.5__Pendulum-v1__last-state__H30,30,30,state_delta,angular_velocity,27,90.0,nrmse,0.01028526285668866,0.0009880635937735145,,1000,18014376720621090033,16,0.010254927605719647,paired_bootstrap_ddof1
Pendulum-v1,last-state,30,3.5__Pendulum-v1__last-state__H30,30,30,state_delta,angular_velocity,27,90.0,pearson,-0.11947236211253807,,,1000,18014376720621090033,16,,
Pendulum-v1,last-state,30,3.5__Pendulum-v1__last-state__H30,30,30,state_delta,angular_velocity,27,90.0,cosine,-0.12092155198054554,,,1000,18014376720621090033,16,,
Pendulum-v1,last-state,5,3.5__Pendulum-v1__last-state__H5,10,10,state_value,cos(theta),9,90.0,nrmse,0.00052700841696626,0.0002698930549218178,,1000,17347438934626676842,2,0.00045479865972455105,paired_bootstrap_ddof1
Pendulum-v1,last-state,5,3.5__Pendulum-v1__last-state__H5,10,10,state_value,cos(theta),9,90.0,pearson,0.9848377722565929,,,1000,17347438934626676842,2,,
Pendulum-v1,last-state,5,3.5__Pendulum-v1__last-state__H5,10,10,state_value,cos(theta),9,90.0,cosine,0.9999994900505962,,,1000,17347438934626676842,2,,
Pendulum-v1,last-state,5,3.5__Pendulum-v1__last-state__H5,10,10,state_value,sin(theta),9,90.0,nrmse,0.00508465423482612,0.00182913747962998,,1000,17347438934626676842,2,0.0047579895070163376,paired_bootstrap_ddof1
Pendulum-v1,last-state,5,3.5__Pendulum-v1__last-state__H5,10,10,state_value,sin(theta),9,90.0,pearson,0.9935834286383711,,,1000,17347438934626676842,2,,
Pendulum-v1,last-state,5,3.5__Pendulum-v1__last-state__H5,10,10,state_value,sin(theta),9,90.0,cosine,0.9891360239231124,,,1000,17347438934626676842,2,,
Pendulum-v1,last-state,5,3.5__Pendulum-v1__last-state__H5,10,10,state_value,angular_velocity,9,90.0,nrmse,0.019066730774965283,0.008017655554542969,,1000,17347438934626676842,16,0.017357263659674823,paired_bootstrap_ddof1
Pendulum-v1,last-state,5,3.5__Pendulum-v1__last-state__H5,10,10,state_value,angular_velocity,9,90.0,pearson,-0.8385260012145866,,,1000,17347438934626676842,16,,
Pendulum-v1,last-state,5,3.5__Pendulum-v1__last-state__H5,10,10,state_value,angular_velocity,9,90.0,cosine,-0.8400175585954535,,,1000,17347438934626676842,16,,
Pendulum-v1,last-state,5,3.5__Pendulum-v1__last-state__H5,10,10,state_delta,cos(theta),9,90.0,nrmse,0.0005304050037488346,0.0002460355072213194,,1000,8216479847962002863,2,0.0004812333389301595,paired_bootstrap_ddof1
Pendulum-v1,last-state,5,3.5__Pendulum-v1__last-state__H5,10,10,state_delta,cos(theta),9,90.0,pearson,0.9837745381880414,,,1000,8216479847962002863,2,,
Pendulum-v1,last-state,5,3.5__Pendulum-v1__last-state__H5,10,10,state_delta,cos(theta),9,90.0,cosine,0.9844554126732632,,,1000,8216479847962002863,2,,
Pendulum-v1,last-state,5,3.5__Pendulum-v1__last-state__H5,10,10,state_delta,sin(theta),9,90.0,nrmse,0.016636904835318902,0.007997023522482844,,1000,8216479847962002863,2,0.014579152797037134,paired_bootstrap_ddof1
Pendulum-v1,last-state,5,3.5__Pendulum-v1__last-state__H5,10,10,state_delta,sin(theta),9,90.0,pearson,0.23817786284293632,,,1000,8216479847962002863,2,,
Pendulum-v1,last-state,5,3.5__Pendulum-v1__last-state__H5,10,10,state_delta,sin(theta),9,90.0,cosine,0.3080550196191021,,,1000,8216479847962002863,2,,
Pendulum-v1,last-state,5,3.5__Pendulum-v1__last-state__H5,10,10,state_delta,angular_velocity,9,90.0,nrmse,0.01917917426113532,0.0077188771234882715,,1000,8216479847962002863,16,0.017947310305763003,paired_bootstrap_ddof1
Pendulum-v1,last-state,5,3.5__Pendulum-v1__last-state__H5,10,10,state_delta,angular_velocity,9,90.0,pearson,0.3528528457759695,,,1000,8216479847962002863,16,,
Pendulum-v1,last-state,5,3.5__Pendulum-v1__last-state__H5,10,10,state_delta,angular_velocity,9,90.0,cosine,0.325947240517008,,,1000,8216479847962002863,16,,
Pendulum-v1,last-state,5,3.5__Pendulum-v1__last-state__H5,20,20,state_value,cos(theta),18,90.0,nrmse,0.00045727877874616297,0.00016405099704875996,,1000,6640841286211848499,2,0.00043889589784429703,paired_bootstrap_ddof1
Pendulum-v1,last-state,5,3.5__Pendulum-v1__last-state__H5,20,20,state_value,cos(theta),18,90.0,pearson,0.8785313832394358,,,1000,6640841286211848499,2,,
Pendulum-v1,last-state,5,3.5__Pendulum-v1__last-state__H5,20,20,state_value,cos(theta),18,90.0,cosine,0.9999995827964634,,,1000,6640841286211848499,2,,
Pendulum-v1,last-state,5,3.5__Pendulum-v1__last-state__H5,20,20,state_value,sin(theta),18,90.0,nrmse,0.0059011822482267235,0.0017750818333313327,,1000,6640841286211848499,2,0.005729977749645095,paired_bootstrap_ddof1
Pendulum-v1,last-state,5,3.5__Pendulum-v1__last-state__H5,20,20,state_value,sin(theta),18,90.0,pearson,0.9636070088719507,,,1000,6640841286211848499,2,,
Pendulum-v1,last-state,5,3.5__Pendulum-v1__last-state__H5,20,20,state_value,sin(theta),18,90.0,cosine,0.9743904858000971,,,1000,6640841286211848499,2,,
Pendulum-v1,last-state,5,3.5__Pendulum-v1__last-state__H5,20,20,state_value,angular_velocity,18,90.0,nrmse,0.015548113395456451,0.004694872698651137,,1000,6640841286211848499,16,0.015164378165749256,paired_bootstrap_ddof1
Pendulum-v1,last-state,5,3.5__Pendulum-v1__last-state__H5,20,20,state_value,angular_velocity,18,90.0,pearson,0.18059701266978606,,,1000,6640841286211848499,16,,
Pendulum-v1,last-state,5,3.5__Pendulum-v1__last-state__H5,20,20,state_value,angular_velocity,18,90.0,cosine,0.25689168867559137,,,1000,6640841286211848499,16,,
Pendulum-v1,last-state,5,3.5__Pendulum-v1__last-state__H5,20,20,state_delta,cos(theta),18,90.0,nrmse,0.0008488827405349553,0.00036367835649509124,,1000,15624317578434121196,2,0.0007919986144514525,paired_bootstrap_ddof1
Pendulum-v1,last-state,5,3.5__Pendulum-v1__last-state__H5,20,20,state_delta,cos(theta),18,90.0,pearson,0.9433037356955312,,,1000,15624317578434121196,2,,
Pendulum-v1,last-state,5,3.5__Pendulum-v1__last-state__H5,20,20,state_delta,cos(theta),18,90.0,cosine,0.9477081512023998,,,1000,15624317578434121196,2,,
Pendulum-v1,last-state,5,3.5__Pendulum-v1__last-state__H5,20,20,state_delta,sin(theta),18,90.0,nrmse,0.014200768563215367,0.004820451708741132,,1000,15624317578434121196,2,0.013376976769156062,paired_bootstrap_ddof1
Pendulum-v1,last-state,5,3.5__Pendulum-v1__last-state__H5,20,20,state_delta,sin(theta),18,90.0,pearson,0.5831311183715261,,,1000,15624317578434121196,2,,
Pendulum-v1,last-state,5,3.5__Pendulum-v1__last-state__H5,20,20,state_delta,sin(theta),18,90.0,cosine,0.6619323412146384,,,1000,15624317578434121196,2,,
Pendulum-v1,last-state,5,3.5__Pendulum-v1__last-state__H5,20,20,state_delta,angular_velocity,18,90.0,nrmse,0.017268462399221085,0.004125951693890687,,1000,15624317578434121196,16,0.01695530686753241,paired_bootstrap_ddof1
Pendulum-v1,last-state,5,3.5__Pendulum-v1__last-state__H5,20,20,state_delta,angular_velocity,18,90.0,pearson,0.27312064181218554,,,1000,15624317578434121196,16,,
Pendulum-v1,last-state,5,3.5__Pendulum-v1__last-state__H5,20,20,state_delta,angular_velocity,18,90.0,cosine,0.2801723014451852,,,1000,15624317578434121196,16,,
Pendulum-v1,last-state,5,3.5__Pendulum-v1__last-state__H5,30,30,state_value,cos(theta),27,90.0,nrmse,0.0004575008831459352,0.00010899070161042943,,1000,1077150474761281032,2,0.0004445885655920313,paired_bootstrap_ddof1
Pendulum-v1,last-state,5,3.5__Pendulum-v1__last-state__H5,30,30,state_value,cos(theta),27,90.0,pearson,0.9203914268967185,,,1000,1077150474761281032,2,,
Pendulum-v1,last-state,5,3.5__Pendulum-v1__last-state__H5,30,30,state_value,cos(theta),27,90.0,cosine,0.9999995800764238,,,1000,1077150474761281032,2,,
Pendulum-v1,last-state,5,3.5__Pendulum-v1__last-state__H5,30,30,state_value,sin(theta),27,90.0,nrmse,0.006969514306934892,0.0012214296741702134,,1000,1077150474761281032,2,0.006858579961864434,paired_bootstrap_ddof1
Pendulum-v1,last-state,5,3.5__Pendulum-v1__last-state__H5,30,30,state_value,sin(theta),27,90.0,pearson,0.9695410550557696,,,1000,1077150474761281032,2,,
Pendulum-v1,last-state,5,3.5__Pendulum-v1__last-state__H5,30,30,state_value,sin(theta),27,90.0,cosine,0.9711408207522624,,,1000,1077150474761281032,2,,
Pendulum-v1,last-state,5,3.5__Pendulum-v1__last-state__H5,30,30,state_value,angular_velocity,27,90.0,nrmse,0.015506171579938336,0.0032554410651392876,,1000,1077150474761281032,16,0.015195349264190429,paired_bootstrap_ddof1
Pendulum-v1,last-state,5,3.5__Pendulum-v1__last-state__H5,30,30,state_value,angular_velocity,27,90.0,pearson,0.4941631056128565,,,1000,1077150474761281032,16,,
Pendulum-v1,last-state,5,3.5__Pendulum-v1__last-state__H5,30,30,state_value,angular_velocity,27,90.0,cosine,0.5952939771198897,,,1000,1077150474761281032,16,,
Pendulum-v1,last-state,5,3.5__Pendulum-v1__last-state__H5,30,30,state_delta,cos(theta),27,90.0,nrmse,0.0007326269105940235,0.00026934662343929493,,1000,11501292930639767510,2,0.0006621055297146593,paired_bootstrap_ddof1
Pendulum-v1,last-state,5,3.5__Pendulum-v1__last-state__H5,30,30,state_delta,cos(theta),27,90.0,pearson,0.8988432536246996,,,1000,11501292930639767510,2,,
Pendulum-v1,last-state,5,3.5__Pendulum-v1__last-state__H5,30,30,state_delta,cos(theta),27,90.0,cosine,0.9119325813374554,,,1000,11501292930639767510,2,,
Pendulum-v1,last-state,5,3.5__Pendulum-v1__last-state__H5,30,30,state_delta,sin(theta),27,90.0,nrmse,0.012624813508284287,0.003635374717343917,,1000,11501292930639767510,2,0.012074658866627416,paired_bootstrap_ddof1
Pendulum-v1,last-state,5,3.5__Pendulum-v1__last-state__H5,30,30,state_delta,sin(theta),27,90.0,pearson,0.5360181570179776,,,1000,11501292930639767510,2,,
Pendulum-v1,last-state,5,3.5__Pendulum-v1__last-state__H5,30,30,state_delta,sin(theta),27,90.0,cosine,0.6575315205112355,,,1000,11501292930639767510,2,,
Pendulum-v1,last-state,5,3.5__Pendulum-v1__last-state__H5,30,30,state_delta,angular_velocity,27,90.0,nrmse,0.016831877182074354,0.0030279951696257023,,1000,11501292930639767510,16,0.01645528233555323,paired_bootstrap_ddof1
Pendulum-v1,last-state,5,3.5__Pendulum-v1__last-state__H5,30,30,state_delta,angular_velocity,27,90.0,pearson,0.38598547472120487,,,1000,11501292930639767510,16,,
Pendulum-v1,last-state,5,3.5__Pendulum-v1__last-state__H5,30,30,state_delta,angular_velocity,27,90.0,cosine,0.36943178401170207,,,1000,11501292930639767510,16,,
Pendulum-v1,next-state,10,3.5__Pendulum-v1__next-state__H10,10,10,state_value,cos(theta),8,80.0,nrmse,0.00011616013378710574,2.257303897736691e-05,,1000,5953222673757621594,2,0.00011306080036606309,paired_bootstrap_ddof1
Pendulum-v1,next-state,10,3.5__Pendulum-v1__next-state__H10,10,10,state_value,cos(theta),8,80.0,pearson,0.8761803838626732,,,1000,5953222673757621594,2,,
Pendulum-v1,next-state,10,3.5__Pendulum-v1__next-state__H10,10,10,state_value,cos(theta),8,80.0,cosine,0.9999999750528199,,,1000,5953222673757621594,2,,
Pendulum-v1,next-state,10,3.5__Pendulum-v1__next-state__H10,10,10,state_value,sin(theta),8,80.0,nrmse,0.0037101672573301167,0.0007210643698997892,,1000,5953222673757621594,2,0.0036366747765513136,paired_bootstrap_ddof1
Pendulum-v1,next-state,10,3.5__Pendulum-v1__next-state__H10,10,10,state_value,sin(theta),8,80.0,pearson,0.9170960151148476,,,1000,5953222673757621594,2,,
Pendulum-v1,next-state,10,3.5__Pendulum-v1__next-state__H10,10,10,state_value,sin(theta),8,80.0,cosine,0.9852317865127586,,,1000,5953222673757621594,2,,
Pendulum-v1,next-state,10,3.5__Pendulum-v1__next-state__H10,10,10,state_value,angular_velocity,8,80.0,nrmse,0.010561473295593357,0.002292497715018983,,1000,5953222673757621594,16,0.010274720160321304,paired_bootstrap_ddof1
Pendulum-v1,next-state,10,3.5__Pendulum-v1__next-state__H10,10,10,state_value,angular_velocity,8,80.0,pearson,-0.31020702005331063,,,1000,5953222673757621594,16,,
Pendulum-v1,next-state,10,3.5__Pendulum-v1__next-state__H10,10,10,state_value,angular_velocity,8,80.0,cosine,-0.23130861010331116,,,1000,5953222673757621594,16,,
Pendulum-v1,next-state,10,3.5__Pendulum-v1__next-state__H10,10,10,state_delta,cos(theta),7,70.0,nrmse,0.0001356552984629305,3.156451164740187e-05,,1000,7891531982246107205,2,0.00013069024119921342,paired_bootstrap_ddof1
Pendulum-v1,next-state,10,3.5__Pendulum-v1__next-state__H10,10,10,state_delta,cos(theta),7,70.0,pearson,-0.01702938939957571,,,1000,7891531982246107205,2,,
Pendulum-v1,next-state,10,3.5__Pendulum-v1__next-state__H10,10,10,state_delta,cos(theta),7,70.0,cosine,0.2268444758713645,,,1000,7891531982246107205,2,,
Pendulum-v1,next-state,10,3.5__Pendulum-v1__next-state__H10,10,10,state_delta,sin(theta),7,70.0,nrmse,0.0031854128462024188,0.0007290902547168663,,1000,7891531982246107205,2,0.0030857903537946487,paired_bootstrap_ddof1
Pendulum-v1,next-state,10,3.5__Pendulum-v1__next-state__H10,10,10,state_delta,sin(theta),7,70.0,pearson,-0.13917259593031917,,,1000,7891531982246107205,2,,
Pendulum-v1,next-state,10,3.5__Pendulum-v1__next-state__H10,10,10,state_delta,sin(theta),7,70.0,cosine,0.13227469019896274,,,1000,7891531982246107205,2,,
Pendulum-v1,next-state,10,3.5__Pendulum-v1__next-state__H10,10,10,state_delta,angular_velocity,7,70.0,nrmse,0.010005357234951846,0.0026824039542282276,,1000,7891531982246107205,16,0.009633157152255118,paired_bootstrap_ddof1
Pendulum-v1,next-state,10,3.5__Pendulum-v1__next-state__H10,10,10,state_delta,angular_velocity,7,70.0,pearson,0.5272777519152894,,,1000,7891531982246107205,16,,
Pendulum-v1,next-state,10,3.5__Pendulum-v1__next-state__H10,10,10,state_delta,angular_velocity,7,70.0,cosine,0.49501723407033743,,,1000,7891531982246107205,16,,
Pendulum-v1,next-state,10,3.5__Pendulum-v1__next-state__H10,20,20,state_value,cos(theta),18,90.0,nrmse,0.00011679959973747646,1.3439934375435112e-05,,1000,5193681480044154109,2,0.00011580418739331471,paired_bootstrap_ddof1
Pendulum-v1,next-state,10,3.5__Pendulum-v1__next-state__H10,20,20,state_value,cos(theta),18,90.0,pearson,0.8486985967745727,,,1000,5193681480044154109,2,,
Pendulum-v1,next-state,10,3.5__Pendulum-v1__next-state__H10,20,20,state_value,cos(theta),18,90.0,cosine,0.9999999753842217,,,1000,5193681480044154109,2,,
Pendulum-v1,next-state,10,3.5__Pendulum-v1__next-state__H10,20,20,state_value,sin(theta),18,90.0,nrmse,0.0030477548155625313,0.00044660315457040265,,1000,5193681480044154109,2,0.00299712523884185,paired_bootstrap_ddof1
Pendulum-v1,next-state,10,3.5__Pendulum-v1__next-state__H10,20,20,state_value,sin(theta),18,90.0,pearson,0.9009756817140393,,,1000,5193681480044154109,2,,
Pendulum-v1,next-state,10,3.5__Pendulum-v1__next-state__H10,20,20,state_value,sin(theta),18,90.0,cosine,0.9910818653589687,,,1000,5193681480044154109,2,,
Pendulum-v1,next-state,10,3.5__Pendulum-v1__next-state__H10,20,20,state_value,angular_velocity,18,90.0,nrmse,0.011634061407239254,0.0011317709418882942,,1000,5193681480044154109,16,0.01154414814778874,paired_bootstrap_ddof1
Pendulum-v1,next-state,10,3.5__Pendulum-v1__next-state__H10,20,20,state_value,angular_velocity,18,90.0,pearson,-0.4864972258885575,,,1000,5193681480044154109,16,,
Pendulum-v1,next-state,10,3.5__Pendulum-v1__next-state__H10,20,20,state_value,angular_velocity,18,90.0,cosine,-0.294440949999928,,,1000,5193681480044154109,16,,
Pendulum-v1,next-state,10,3.5__Pendulum-v1__next-state__H10,20,20,state_delta,cos(theta),17,85.0,nrmse,0.00019345367648108196,5.473902515723859e-05,,1000,5236157720948263797,2,0.0001875945673510269,paired_bootstrap_ddof1
Pendulum-v1,next-state,10,3.5__Pendulum-v1__next-state__H10,20,20,state_delta,cos(theta),17,85.0,pearson,-0.2803589209290955,,,1000,5236157720948263797,2,,
Pendulum-v1,next-state,10,3.5__Pendulum-v1__next-state__H10,20,20,state_delta,cos(theta),17,85.0,cosine,-0.24093327842855283,,,1000,5236157720948263797,2,,
Pendulum-v1,next-state,10,3.5__Pendulum-v1__next-state__H10,20,20,state_delta,sin(theta),17,85.0,nrmse,0.0027415700049971707,0.00038117520836138883,,1000,5236157720948263797,2,0.0027060555351773336,paired_bootstrap_ddof1
Pendulum-v1,next-state,10,3.5__Pendulum-v1__next-state__H10,20,20,state_delta,sin(theta),17,85.0,pearson,0.02523689678632203,,,1000,5236157720948263797,2,,
Pendulum-v1,next-state,10,3.5__Pendulum-v1__next-state__H10,20,20,state_delta,sin(theta),17,85.0,cosine,0.2210965978976231,,,1000,5236157720948263797,2,,
Pendulum-v1,next-state,10,3.5__Pendulum-v1__next-state__H10,20,20,state_delta,angular_velocity,17,85.0,nrmse,0.011499723557026054,0.0011270340353768849,,1000,5236157720948263797,16,0.011396998972457257,paired_bootstrap_ddof1
Pendulum-v1,next-state,10,3.5__Pendulum-v1__next-state__H10,20,20,state_delta,angular_velocity,17,85.0,pearson,0.15671098135309033,,,1000,5236157720948263797,16,,
Pendulum-v1,next-state,10,3.5__Pendulum-v1__next-state__H10,20,20,state_delta,angular_velocity,17,85.0,cosine,0.2152568370302248,,,1000,5236157720948263797,16,,
Pendulum-v1,next-state,10,3.5__Pendulum-v1__next-state__H10,30,30,state_value,cos(theta),28,93.33333333333333,nrmse,0.00016038681106882356,2.4455901099746993e-05,,1000,4938725922280739460,2,0.00015840729018615687,paired_bootstrap_ddof1
Pendulum-v1,next-state,10,3.5__Pendulum-v1__next-state__H10,30,30,state_value,cos(theta),28,93.33333333333333,pearson,0.8340221410962322,,,1000,4938725922280739460,2,,
Pendulum-v1,next-state,10,3.5__Pendulum-v1__next-state__H10,30,30,state_value,cos(theta),28,93.33333333333333,cosine,0.9999999516608842,,,1000,4938725922280739460,2,,
Pendulum-v1,next-state,10,3.5__Pendulum-v1__next-state__H10,30,30,state_value,sin(theta),28,93.33333333333333,nrmse,0.0036972753370287646,0.000675856867288462,,1000,4938725922280739460,2,0.003638825551680716,paired_bootstrap_ddof1
Pendulum-v1,next-state,10,3.5__Pendulum-v1__next-state__H10,30,30,state_value,sin(theta),28,93.33333333333333,pearson,0.9718204197701353,,,1000,4938725922280739460,2,,
Pendulum-v1,next-state,10,3.5__Pendulum-v1__next-state__H10,30,30,state_value,sin(theta),28,93.33333333333333,cosine,0.9842162125300948,,,1000,4938725922280739460,2,,
Pendulum-v1,next-state,10,3.5__Pendulum-v1__next-state__H10,30,30,state_value,angular_velocity,28,93.33333333333333,nrmse,0.0115263205870426,0.0009458619915560783,,1000,4938725922280739460,16,0.011476586119004985,paired_bootstrap_ddof1
Pendulum-v1,next-state,10,3.5__Pendulum-v1__next-state__H10,30,30,state_value,angular_velocity,28,93.33333333333333,pearson,0.35424202953538714,,,1000,4938725922280739460,16,,
Pendulum-v1,next-state,10,3.5__Pendulum-v1__next-state__H10,30,30,state_value,angular_velocity,28,93.33333333333333,cosine,0.5077813319537755,,,1000,4938725922280739460,16,,
Pendulum-v1,next-state,10,3.5__Pendulum-v1__next-state__H10,30,30,state_delta,cos(theta),25,83.33333333333333,nrmse,0.0001798762979755971,4.153148080075115e-05,,1000,2925375784266213512,2,0.0001763515997059926,paired_bootstrap_ddof1
Pendulum-v1,next-state,10,3.5__Pendulum-v1__next-state__H10,30,30,state_delta,cos(theta),25,83.33333333333333,pearson,-0.15681418236367975,,,1000,2925375784266213512,2,,
Pendulum-v1,next-state,10,3.5__Pendulum-v1__next-state__H10,30,30,state_delta,cos(theta),25,83.33333333333333,cosine,-0.18887460515309645,,,1000,2925375784266213512,2,,
Pendulum-v1,next-state,10,3.5__Pendulum-v1__next-state__H10,30,30,state_delta,sin(theta),25,83.33333333333333,nrmse,0.0027847670201497257,0.00035354767837662013,,1000,2925375784266213512,2,0.0027656414540280444,paired_bootstrap_ddof1
Pendulum-v1,next-state,10,3.5__Pendulum-v1__next-state__H10,30,30,state_delta,sin(theta),25,83.33333333333333,pearson,0.037034960921123315,,,1000,2925375784266213512,2,,
Pendulum-v1,next-state,10,3.5__Pendulum-v1__next-state__H10,30,30,state_delta,sin(theta),25,83.33333333333333,cosine,0.20178314087537366,,,1000,2925375784266213512,2,,
Pendulum-v1,next-state,10,3.5__Pendulum-v1__next-state__H10,30,30,state_delta,angular_velocity,25,83.33333333333333,nrmse,0.011385065003737179,0.000980020515681208,,1000,2925375784266213512,16,0.011344982906889976,paired_bootstrap_ddof1
Pendulum-v1,next-state,10,3.5__Pendulum-v1__next-state__H10,30,30,state_delta,angular_velocity,25,83.33333333333333,pearson,-0.11984857703023362,,,1000,2925375784266213512,16,,
Pendulum-v1,next-state,10,3.5__Pendulum-v1__next-state__H10,30,30,state_delta,angular_velocity,25,83.33333333333333,cosine,-0.15090565734117822,,,1000,2925375784266213512,16,,
Pendulum-v1,next-state,20,3.5__Pendulum-v1__next-state__H20,10,10,state_value,cos(theta),10,100.0,nrmse,0.0001420726319286085,3.111225594387887e-05,,1000,12116326551635463731,2,0.00013863068670028221,paired_bootstrap_ddof1
Pendulum-v1,next-state,20,3.5__Pendulum-v1__next-state__H20,10,10,state_value,cos(theta),10,100.0,pearson,0.1778162030475752,,,1000,12116326551635463731,2,,
Pendulum-v1,next-state,20,3.5__Pendulum-v1__next-state__H20,10,10,state_value,cos(theta),10,100.0,cosine,0.9999999604272943,,,1000,12116326551635463731,2,,
Pendulum-v1,next-state,20,3.5__Pendulum-v1__next-state__H20,10,10,state_value,sin(theta),10,100.0,nrmse,0.003039544040884455,0.0007291048960768864,,1000,12116326551635463731,2,0.002948636423734689,paired_bootstrap_ddof1
Pendulum-v1,next-state,20,3.5__Pendulum-v1__next-state__H20,10,10,state_value,sin(theta),10,100.0,pearson,0.06288876144327107,,,1000,12116326551635463731,2,,
Pendulum-v1,next-state,20,3.5__Pendulum-v1__next-state__H20,10,10,state_value,sin(theta),10,100.0,cosine,0.9913445536172165,,,1000,12116326551635463731,2,,
Pendulum-v1,next-state,20,3.5__Pendulum-v1__next-state__H20,10,10,state_value,angular_velocity,10,100.0,nrmse,0.008987181907309872,0.002262786078894476,,1000,12116326551635463731,16,0.008751904946776018,paired_bootstrap_ddof1
Pendulum-v1,next-state,20,3.5__Pendulum-v1__next-state__H20,10,10,state_value,angular_velocity,10,100.0,pearson,-0.15183432368742,,,1000,12116326551635463731,16,,
Pendulum-v1,next-state,20,3.5__Pendulum-v1__next-state__H20,10,10,state_value,angular_velocity,10,100.0,cosine,-0.15662172797081783,,,1000,12116326551635463731,16,,
Pendulum-v1,next-state,20,3.5__Pendulum-v1__next-state__H20,10,10,state_delta,cos(theta),10,100.0,nrmse,0.00014453654710402754,2.6764149273268042e-05,,1000,16239389658067438901,2,0.00014065503013100723,paired_bootstrap_ddof1
Pendulum-v1,next-state,20,3.5__Pendulum-v1__next-state__H20,10,10,state_delta,cos(theta),10,100.0,pearson,-0.1680542289533211,,,1000,16239389658067438901,2,,
Pendulum-v1,next-state,20,3.5__Pendulum-v1__next-state__H20,10,10,state_delta,cos(theta),10,100.0,cosine,-0.19269007477669567,,,1000,16239389658067438901,2,,
Pendulum-v1,next-state,20,3.5__Pendulum-v1__next-state__H20,10,10,state_delta,sin(theta),10,100.0,nrmse,0.0030674619622907697,0.000714870389742928,,1000,16239389658067438901,2,0.002941977065959023,paired_bootstrap_ddof1
Pendulum-v1,next-state,20,3.5__Pendulum-v1__next-state__H20,10,10,state_delta,sin(theta),10,100.0,pearson,-0.2722589705982966,,,1000,16239389658067438901,2,,
Pendulum-v1,next-state,20,3.5__Pendulum-v1__next-state__H20,10,10,state_delta,sin(theta),10,100.0,cosine,-0.24317638304860587,,,1000,16239389658067438901,2,,
Pendulum-v1,next-state,20,3.5__Pendulum-v1__next-state__H20,10,10,state_delta,angular_velocity,10,100.0,nrmse,0.008985594640882598,0.0021900675173412132,,1000,16239389658067438901,16,0.008648731780516715,paired_bootstrap_ddof1
Pendulum-v1,next-state,20,3.5__Pendulum-v1__next-state__H20,10,10,state_delta,angular_velocity,10,100.0,pearson,-0.5119955664812159,,,1000,16239389658067438901,16,,
Pendulum-v1,next-state,20,3.5__Pendulum-v1__next-state__H20,10,10,state_delta,angular_velocity,10,100.0,cosine,-0.5158953856684434,,,1000,16239389658067438901,16,,
Pendulum-v1,next-state,20,3.5__Pendulum-v1__next-state__H20,20,20,state_value,cos(theta),19,95.0,nrmse,0.00013788445625315923,1.7284902246249862e-05,,1000,10683480827675355531,2,0.00013633944791276463,paired_bootstrap_ddof1
Pendulum-v1,next-state,20,3.5__Pendulum-v1__next-state__H20,20,20,state_value,cos(theta),19,95.0,pearson,0.2796250579790307,,,1000,10683480827675355531,2,,
Pendulum-v1,next-state,20,3.5__Pendulum-v1__next-state__H20,20,20,state_value,cos(theta),19,95.0,cosine,0.9999999620858472,,,1000,10683480827675355531,2,,
Pendulum-v1,next-state,20,3.5__Pendulum-v1__next-state__H20,20,20,state_value,sin(theta),19,95.0,nrmse,0.002914373726592044,0.0004082912046350121,,1000,10683480827675355531,2,0.0028748532685712314,paired_bootstrap_ddof1
Pendulum-v1,next-state,20,3.5__Pendulum-v1__next-state__H20,20,20,state_value,sin(theta),19,95.0,pearson,0.42672716473282357,,,1000,10683480827675355531,2,,
Pendulum-v1,next-state,20,3.5__Pendulum-v1__next-state__H20,20,20,state_value,sin(theta),19,95.0,cosine,0.9921911752870664,,,1000,10683480827675355531,2,,
Pendulum-v1,next-state,20,3.5__Pendulum-v1__next-state__H20,20,20,state_value,angular_velocity,19,95.0,nrmse,0.00925327131595211,0.0013405107377466967,,1000,10683480827675355531,16,0.009110008810153607,paired_bootstrap_ddof1
Pendulum-v1,next-state,20,3.5__Pendulum-v1__next-state__H20,20,20,state_value,angular_velocity,19,95.0,pearson,-0.05243908881752813,,,1000,10683480827675355531,16,,
Pendulum-v1,next-state,20,3.5__Pendulum-v1__next-state__H20,20,20,state_value,angular_velocity,19,95.0,cosine,-0.08961537354755227,,,1000,10683480827675355531,16,,
Pendulum-v1,next-state,20,3.5__Pendulum-v1__next-state__H20,20,20,state_delta,cos(theta),18,90.0,nrmse,0.00014094495141811147,1.685502867674358e-05,,1000,9135548330066742393,2,0.00014038404233767996,paired_bootstrap_ddof1
Pendulum-v1,next-state,20,3.5__Pendulum-v1__next-state__H20,20,20,state_delta,cos(theta),18,90.0,pearson,-0.2751057160383283,,,1000,9135548330066742393,2,,
Pendulum-v1,next-state,20,3.5__Pendulum-v1__next-state__H20,20,20,state_delta,cos(theta),18,90.0,cosine,-0.1982072793347701,,,1000,9135548330066742393,2,,
Pendulum-v1,next-state,20,3.5__Pendulum-v1__next-state__H20,20,20,state_delta,sin(theta),18,90.0,nrmse,0.0029366416970966185,0.0004397474237611689,,1000,9135548330066742393,2,0.0029106983296140116,paired_bootstrap_ddof1
Pendulum-v1,next-state,20,3.5__Pendulum-v1__next-state__H20,20,20,state_delta,sin(theta),18,90.0,pearson,-0.03018766130524976,,,1000,9135548330066742393,2,,
Pendulum-v1,next-state,20,3.5__Pendulum-v1__next-state__H20,20,20,state_delta,sin(theta),18,90.0,cosine,-0.039806951657305495,,,1000,9135548330066742393,2,,
Pendulum-v1,next-state,20,3.5__Pendulum-v1__next-state__H20,20,20,state_delta,angular_velocity,18,90.0,nrmse,0.009313014308780428,0.0014022469949015036,,1000,9135548330066742393,16,0.009202524773767895,paired_bootstrap_ddof1
Pendulum-v1,next-state,20,3.5__Pendulum-v1__next-state__H20,20,20,state_delta,angular_velocity,18,90.0,pearson,0.15580386031031435,,,1000,9135548330066742393,16,,
Pendulum-v1,next-state,20,3.5__Pendulum-v1__next-state__H20,20,20,state_delta,angular_velocity,18,90.0,cosine,0.22390505879169215,,,1000,9135548330066742393,16,,
Pendulum-v1,next-state,20,3.5__Pendulum-v1__next-state__H20,30,30,state_value,cos(theta),27,90.0,nrmse,0.00012730586585345537,1.5229317626213472e-05,,1000,7839497777295483537,2,0.00012709783564994836,paired_bootstrap_ddof1
Pendulum-v1,next-state,20,3.5__Pendulum-v1__next-state__H20,30,30,state_value,cos(theta),27,90.0,pearson,0.4818281351942191,,,1000,7839497777295483537,2,,
Pendulum-v1,next-state,20,3.5__Pendulum-v1__next-state__H20,30,30,state_value,cos(theta),27,90.0,cosine,0.9999999676163478,,,1000,7839497777295483537,2,,
Pendulum-v1,next-state,20,3.5__Pendulum-v1__next-state__H20,30,30,state_value,sin(theta),27,90.0,nrmse,0.0027588414735194534,0.00035535650781493304,,1000,7839497777295483537,2,0.0027535880509830077,paired_bootstrap_ddof1
Pendulum-v1,next-state,20,3.5__Pendulum-v1__next-state__H20,30,30,state_value,sin(theta),27,90.0,pearson,0.5696348431160415,,,1000,7839497777295483537,2,,
Pendulum-v1,next-state,20,3.5__Pendulum-v1__next-state__H20,30,30,state_value,sin(theta),27,90.0,cosine,0.9923634714658388,,,1000,7839497777295483537,2,,
Pendulum-v1,next-state,20,3.5__Pendulum-v1__next-state__H20,30,30,state_value,angular_velocity,27,90.0,nrmse,0.009182080598111443,0.0011564886949509694,,1000,7839497777295483537,16,0.009161127973375689,paired_bootstrap_ddof1
Pendulum-v1,next-state,20,3.5__Pendulum-v1__next-state__H20,30,30,state_value,angular_velocity,27,90.0,pearson,-0.08428003390869222,,,1000,7839497777295483537,16,,
Pendulum-v1,next-state,20,3.5__Pendulum-v1__next-state__H20,30,30,state_value,angular_velocity,27,90.0,cosine,-0.086496104800029,,,1000,7839497777295483537,16,,
Pendulum-v1,next-state,20,3.5__Pendulum-v1__next-state__H20,30,30,state_delta,cos(theta),24,80.0,nrmse,0.00013399335031068378,1.3896267136952104e-05,,1000,165140268689336072,2,0.00013329363640771354,paired_bootstrap_ddof1
Pendulum-v1,next-state,20,3.5__Pendulum-v1__next-state__H20,30,30,state_delta,cos(theta),24,80.0,pearson,-0.2217498102441593,,,1000,165140268689336072,2,,
Pendulum-v1,next-state,20,3.5__Pendulum-v1__next-state__H20,30,30,state_delta,cos(theta),24,80.0,cosine,-0.19744724065073047,,,1000,165140268689336072,2,,
Pendulum-v1,next-state,20,3.5__Pendulum-v1__next-state__H20,30,30,state_delta,sin(theta),24,80.0,nrmse,0.002881018035174484,0.0003483341482117729,,1000,165140268689336072,2,0.002861506457432544,paired_bootstrap_ddof1
Pendulum-v1,next-state,20,3.5__Pendulum-v1__next-state__H20,30,30,state_delta,sin(theta),24,80.0,pearson,-0.04768482749743997,,,1000,165140268689336072,2,,
Pendulum-v1,next-state,20,3.5__Pendulum-v1__next-state__H20,30,30,state_delta,sin(theta),24,80.0,cosine,-0.048294263636456496,,,1000,165140268689336072,2,,
Pendulum-v1,next-state,20,3.5__Pendulum-v1__next-state__H20,30,30,state_delta,angular_velocity,24,80.0,nrmse,0.009520376239163648,0.0011423658617646599,,1000,165140268689336072,16,0.009457203301835608,paired_bootstrap_ddof1
Pendulum-v1,next-state,20,3.5__Pendulum-v1__next-state__H20,30,30,state_delta,angular_velocity,24,80.0,pearson,0.06718543886754787,,,1000,165140268689336072,16,,
Pendulum-v1,next-state,20,3.5__Pendulum-v1__next-state__H20,30,30,state_delta,angular_velocity,24,80.0,cosine,0.09977919178808721,,,1000,165140268689336072,16,,
Pendulum-v1,next-state,30,3.5__Pendulum-v1__next-state__H30,10,10,state_value,cos(theta),10,100.0,nrmse,0.0001682369848793351,2.6783470554355173e-05,,1000,4829124328093509611,2,0.00016656338942505424,paired_bootstrap_ddof1
Pendulum-v1,next-state,30,3.5__Pendulum-v1__next-state__H30,10,10,state_value,cos(theta),10,100.0,pearson,0.15046690836707405,,,1000,4829124328093509611,2,,
Pendulum-v1,next-state,30,3.5__Pendulum-v1__next-state__H30,10,10,state_value,cos(theta),10,100.0,cosine,0.9999999444520763,,,1000,4829124328093509611,2,,
Pendulum-v1,next-state,30,3.5__Pendulum-v1__next-state__H30,10,10,state_value,sin(theta),10,100.0,nrmse,0.013124068756888955,0.006528155227355795,,1000,4829124328093509611,2,0.011440877061571993,paired_bootstrap_ddof1
Pendulum-v1,next-state,30,3.5__Pendulum-v1__next-state__H30,10,10,state_value,sin(theta),10,100.0,pearson,-0.4710010991088142,,,1000,4829124328093509611,2,,
Pendulum-v1,next-state,30,3.5__Pendulum-v1__next-state__H30,10,10,state_value,sin(theta),10,100.0,cosine,0.8452334976589575,,,1000,4829124328093509611,2,,
Pendulum-v1,next-state,30,3.5__Pendulum-v1__next-state__H30,10,10,state_value,angular_velocity,10,100.0,nrmse,0.009836690374529946,0.0020440283885805443,,1000,4829124328093509611,16,0.009677340542995926,paired_bootstrap_ddof1
Pendulum-v1,next-state,30,3.5__Pendulum-v1__next-state__H30,10,10,state_value,angular_velocity,10,100.0,pearson,-0.31193546533777483,,,1000,4829124328093509611,16,,
Pendulum-v1,next-state,30,3.5__Pendulum-v1__next-state__H30,10,10,state_value,angular_velocity,10,100.0,cosine,-0.31377403224256384,,,1000,4829124328093509611,16,,
Pendulum-v1,next-state,30,3.5__Pendulum-v1__next-state__H30,10,10,state_delta,cos(theta),10,100.0,nrmse,0.00020482438511497684,3.9567024384066796e-05,,1000,16253003865376948748,2,0.00020083409254789718,paired_bootstrap_ddof1
Pendulum-v1,next-state,30,3.5__Pendulum-v1__next-state__H30,10,10,state_delta,cos(theta),10,100.0,pearson,-0.6081249291335225,,,1000,16253003865376948748,2,,
Pendulum-v1,next-state,30,3.5__Pendulum-v1__next-state__H30,10,10,state_delta,cos(theta),10,100.0,cosine,-0.4757458299967488,,,1000,16253003865376948748,2,,
Pendulum-v1,next-state,30,3.5__Pendulum-v1__next-state__H30,10,10,state_delta,sin(theta),10,100.0,nrmse,0.013131917260617304,0.006351575772536736,,1000,16253003865376948748,2,0.011362522110323655,paired_bootstrap_ddof1
Pendulum-v1,next-state,30,3.5__Pendulum-v1__next-state__H30,10,10,state_delta,sin(theta),10,100.0,pearson,-0.3699382876383658,,,1000,16253003865376948748,2,,
Pendulum-v1,next-state,30,3.5__Pendulum-v1__next-state__H30,10,10,state_delta,sin(theta),10,100.0,cosine,-0.36706710486838706,,,1000,16253003865376948748,2,,
Pendulum-v1,next-state,30,3.5__Pendulum-v1__next-state__H30,10,10,state_delta,angular_velocity,10,100.0,nrmse,0.009834189846264454,0.0021302793047070392,,1000,16253003865376948748,16,0.009606310587367219,paired_bootstrap_ddof1
Pendulum-v1,next-state,30,3.5__Pendulum-v1__next-state__H30,10,10,state_delta,angular_velocity,10,100.0,pearson,0.5107871621202646,,,1000,16253003865376948748,16,,
Pendulum-v1,next-state,30,3.5__Pendulum-v1__next-state__H30,10,10,state_delta,angular_velocity,10,100.0,cosine,0.4890174505309355,,,1000,16253003865376948748,16,,
Pendulum-v1,next-state,30,3.5__Pendulum-v1__next-state__H30,20,20,state_value,cos(theta),17,85.0,nrmse,0.00015311629327207984,2.0817499350524333e-05,,1000,16256090088454604074,2,0.00015115554370303822,paired_bootstrap_ddof1
Pendulum-v1,next-state,30,3.5__Pendulum-v1__next-state__H30,20,20,state_value,cos(theta),17,85.0,pearson,0.5453477954101495,,,1000,16256090088454604074,2,,
Pendulum-v1,next-state,30,3.5__Pendulum-v1__next-state__H30,20,20,state_value,cos(theta),17,85.0,cosine,0.9999999551263856,,,1000,16256090088454604074,2,,
Pendulum-v1,next-state,30,3.5__Pendulum-v1__next-state__H30,20,20,state_value,sin(theta),17,85.0,nrmse,0.01019518613137029,0.005008791335545938,,1000,16256090088454604074,2,0.00912873365114623,paired_bootstrap_ddof1
Pendulum-v1,next-state,30,3.5__Pendulum-v1__next-state__H30,20,20,state_value,sin(theta),17,85.0,pearson,-0.1005309332701289,,,1000,16256090088454604074,2,,
Pendulum-v1,next-state,30,3.5__Pendulum-v1__next-state__H30,20,20,state_value,sin(theta),17,85.0,cosine,0.9002023307720379,,,1000,16256090088454604074,2,,
Pendulum-v1,next-state,30,3.5__Pendulum-v1__next-state__H30,20,20,state_value,angular_velocity,17,85.0,nrmse,0.010980745269688683,0.0013324516598737762,,1000,16256090088454604074,16,0.010838199886363854,paired_bootstrap_ddof1
Pendulum-v1,next-state,30,3.5__Pendulum-v1__next-state__H30,20,20,state_value,angular_velocity,17,85.0,pearson,-0.37850938866069345,,,1000,16256090088454604074,16,,
Pendulum-v1,next-state,30,3.5__Pendulum-v1__next-state__H30,20,20,state_value,angular_velocity,17,85.0,cosine,-0.37916960771204183,,,1000,16256090088454604074,16,,
Pendulum-v1,next-state,30,3.5__Pendulum-v1__next-state__H30,20,20,state_delta,cos(theta),17,85.0,nrmse,0.0001757848967469422,2.981530793881525e-05,,1000,2723491147845779085,2,0.00017345935551876985,paired_bootstrap_ddof1
Pendulum-v1,next-state,30,3.5__Pendulum-v1__next-state__H30,20,20,state_delta,cos(theta),17,85.0,pearson,-0.4234362049104333,,,1000,2723491147845779085,2,,
Pendulum-v1,next-state,30,3.5__Pendulum-v1__next-state__H30,20,20,state_delta,cos(theta),17,85.0,cosine,-0.34884149840328305,,,1000,2723491147845779085,2,,
Pendulum-v1,next-state,30,3.5__Pendulum-v1__next-state__H30,20,20,state_delta,sin(theta),17,85.0,nrmse,0.010204074220044978,0.004919327928647344,,1000,2723491147845779085,2,0.008761363034190289,paired_bootstrap_ddof1
Pendulum-v1,next-state,30,3.5__Pendulum-v1__next-state__H30,20,20,state_delta,sin(theta),17,85.0,pearson,-0.28546816227176125,,,1000,2723491147845779085,2,,
Pendulum-v1,next-state,30,3.5__Pendulum-v1__next-state__H30,20,20,state_delta,sin(theta),17,85.0,cosine,-0.2854713239872453,,,1000,2723491147845779085,2,,
Pendulum-v1,next-state,30,3.5__Pendulum-v1__next-state__H30,20,20,state_delta,angular_velocity,17,85.0,nrmse,0.010978717611191846,0.0013117210454085114,,1000,2723491147845779085,16,0.01087735903144302,paired_bootstrap_ddof1
Pendulum-v1,next-state,30,3.5__Pendulum-v1__next-state__H30,20,20,state_delta,angular_velocity,17,85.0,pearson,0.2580624115231397,,,1000,2723491147845779085,16,,
Pendulum-v1,next-state,30,3.5__Pendulum-v1__next-state__H30,20,20,state_delta,angular_velocity,17,85.0,cosine,0.25432176954416374,,,1000,2723491147845779085,16,,
Pendulum-v1,next-state,30,3.5__Pendulum-v1__next-state__H30,30,30,state_value,cos(theta),26,86.66666666666667,nrmse,0.00014373240885530043,1.7129528371703156e-05,,1000,10924855217345135982,2,0.00014220237756314106,paired_bootstrap_ddof1
Pendulum-v1,next-state,30,3.5__Pendulum-v1__next-state__H30,30,30,state_value,cos(theta),26,86.66666666666667,pearson,0.5567435012735641,,,1000,10924855217345135982,2,,
Pendulum-v1,next-state,30,3.5__Pendulum-v1__next-state__H30,30,30,state_value,cos(theta),26,86.66666666666667,cosine,0.9999999606199698,,,1000,10924855217345135982,2,,
Pendulum-v1,next-state,30,3.5__Pendulum-v1__next-state__H30,30,30,state_value,sin(theta),26,86.66666666666667,nrmse,0.00837286331569535,0.0038663895888876518,,1000,10924855217345135982,2,0.007450406274789791,paired_bootstrap_ddof1
Pendulum-v1,next-state,30,3.5__Pendulum-v1__next-state__H30,30,30,state_value,sin(theta),26,86.66666666666667,pearson,-0.0027995088829136663,,,1000,10924855217345135982,2,,
Pendulum-v1,next-state,30,3.5__Pendulum-v1__next-state__H30,30,30,state_value,sin(theta),26,86.66666666666667,cosine,0.9329996046145582,,,1000,10924855217345135982,2,,
Pendulum-v1,next-state,30,3.5__Pendulum-v1__next-state__H30,30,30,state_value,angular_velocity,26,86.66666666666667,nrmse,0.010066362132376485,0.0010960955867592998,,1000,10924855217345135982,16,0.00998773485093816,paired_bootstrap_ddof1
Pendulum-v1,next-state,30,3.5__Pendulum-v1__next-state__H30,30,30,state_value,angular_velocity,26,86.66666666666667,pearson,-0.2507748135298288,,,1000,10924855217345135982,16,,
Pendulum-v1,next-state,30,3.5__Pendulum-v1__next-state__H30,30,30,state_value,angular_velocity,26,86.66666666666667,cosine,-0.2501675570293748,,,1000,10924855217345135982,16,,
Pendulum-v1,next-state,30,3.5__Pendulum-v1__next-state__H30,30,30,state_delta,cos(theta),26,86.66666666666667,nrmse,0.0001581821515184421,2.2404147926037255e-05,,1000,1252493085722110533,2,0.00015696289019995874,paired_bootstrap_ddof1
Pendulum-v1,next-state,30,3.5__Pendulum-v1__next-state__H30,30,30,state_delta,cos(theta),26,86.66666666666667,pearson,-0.3226927653671641,,,1000,1252493085722110533,2,,
Pendulum-v1,next-state,30,3.5__Pendulum-v1__next-state__H30,30,30,state_delta,cos(theta),26,86.66666666666667,cosine,-0.30269942573210773,,,1000,1252493085722110533,2,,
Pendulum-v1,next-state,30,3.5__Pendulum-v1__next-state__H30,30,30,state_delta,sin(theta),26,86.66666666666667,nrmse,0.008380713467895184,0.003784960202151971,,1000,1252493085722110533,2,0.007489575321921243,paired_bootstrap_ddof1
Pendulum-v1,next-state,30,3.5__Pendulum-v1__next-state__H30,30,30,state_delta,sin(theta),26,86.66666666666667,pearson,-0.24680598050579144,,,1000,1252493085722110533,2,,
Pendulum-v1,next-state,30,3.5__Pendulum-v1__next-state__H30,30,30,state_delta,sin(theta),26,86.66666666666667,cosine,-0.23846284051075917,,,1000,1252493085722110533,2,,
Pendulum-v1,next-state,30,3.5__Pendulum-v1__next-state__H30,30,30,state_delta,angular_velocity,26,86.66666666666667,nrmse,0.010065026101407692,0.001076201344064954,,1000,1252493085722110533,16,0.010067219071176714,paired_bootstrap_ddof1
Pendulum-v1,next-state,30,3.5__Pendulum-v1__next-state__H30,30,30,state_delta,angular_velocity,26,86.66666666666667,pearson,0.24427548633744955,,,1000,1252493085722110533,16,,
Pendulum-v1,next-state,30,3.5__Pendulum-v1__next-state__H30,30,30,state_delta,angular_velocity,26,86.66666666666667,cosine,0.24448782931198687,,,1000,1252493085722110533,16,,
Pendulum-v1,next-state,5,3.5__Pendulum-v1__next-state__H5,10,10,state_value,cos(theta),8,80.0,nrmse,0.0005629807919910956,0.00020218481722325763,,1000,2966042056514673596,2,0.0005262875577871983,paired_bootstrap_ddof1
Pendulum-v1,next-state,5,3.5__Pendulum-v1__next-state__H5,10,10,state_value,cos(theta),8,80.0,pearson,0.817202796887434,,,1000,2966042056514673596,2,,
Pendulum-v1,next-state,5,3.5__Pendulum-v1__next-state__H5,10,10,state_value,cos(theta),8,80.0,cosine,0.9999995419201071,,,1000,2966042056514673596,2,,
Pendulum-v1,next-state,5,3.5__Pendulum-v1__next-state__H5,10,10,state_value,sin(theta),8,80.0,nrmse,0.008106811097176867,0.0029267963919922843,,1000,2966042056514673596,2,0.007586057799710473,paired_bootstrap_ddof1
Pendulum-v1,next-state,5,3.5__Pendulum-v1__next-state__H5,10,10,state_value,sin(theta),8,80.0,pearson,0.9940147785549378,,,1000,2966042056514673596,2,,
Pendulum-v1,next-state,5,3.5__Pendulum-v1__next-state__H5,10,10,state_value,sin(theta),8,80.0,cosine,0.9768679064564009,,,1000,2966042056514673596,2,,
Pendulum-v1,next-state,5,3.5__Pendulum-v1__next-state__H5,10,10,state_value,angular_velocity,8,80.0,nrmse,0.008727251706656261,0.001687304347777941,,1000,2966042056514673596,16,0.008559391960159517,paired_bootstrap_ddof1
Pendulum-v1,next-state,5,3.5__Pendulum-v1__next-state__H5,10,10,state_value,angular_velocity,8,80.0,pearson,0.9116575389163205,,,1000,2966042056514673596,16,,
Pendulum-v1,next-state,5,3.5__Pendulum-v1__next-state__H5,10,10,state_value,angular_velocity,8,80.0,cosine,0.9183808887300373,,,1000,2966042056514673596,16,,
Pendulum-v1,next-state,5,3.5__Pendulum-v1__next-state__H5,10,10,state_delta,cos(theta),8,80.0,nrmse,0.0005596566254360557,0.00020365696201892755,,1000,2841872178463186515,2,0.0005114920067082885,paired_bootstrap_ddof1
Pendulum-v1,next-state,5,3.5__Pendulum-v1__next-state__H5,10,10,state_delta,cos(theta),8,80.0,pearson,,,constant_vector,1000,2841872178463186515,2,,
Pendulum-v1,next-state,5,3.5__Pendulum-v1__next-state__H5,10,10,state_delta,cos(theta),8,80.0,cosine,,,zero_norm_vector,1000,2841872178463186515,2,,
Pendulum-v1,next-state,5,3.5__Pendulum-v1__next-state__H5,10,10,state_delta,sin(theta),8,80.0,nrmse,0.007981847528883331,0.002931744340054186,,1000,2841872178463186515,2,0.007269530265278577,paired_bootstrap_ddof1
Pendulum-v1,next-state,5,3.5__Pendulum-v1__next-state__H5,10,10,state_delta,sin(theta),8,80.0,pearson,0.5871177366187273,,,1000,2841872178463186515,2,,
Pendulum-v1,next-state,5,3.5__Pendulum-v1__next-state__H5,10,10,state_delta,sin(theta),8,80.0,cosine,0.5464014176911025,,,1000,2841872178463186515,2,,
Pendulum-v1,next-state,5,3.5__Pendulum-v1__next-state__H5,10,10,state_delta,angular_velocity,8,80.0,nrmse,0.008700426956893102,0.0016558471387549964,,1000,2841872178463186515,16,0.008475097041189088,paired_bootstrap_ddof1
Pendulum-v1,next-state,5,3.5__Pendulum-v1__next-state__H5,10,10,state_delta,angular_velocity,8,80.0,pearson,0.14191444742039022,,,1000,2841872178463186515,16,,
Pendulum-v1,next-state,5,3.5__Pendulum-v1__next-state__H5,10,10,state_delta,angular_velocity,8,80.0,cosine,0.12994702145427434,,,1000,2841872178463186515,16,,
Pendulum-v1,next-state,5,3.5__Pendulum-v1__next-state__H5,20,20,state_value,cos(theta),16,80.0,nrmse,0.00040661387717709274,0.00014170999656266332,,1000,4146590996510975253,2,0.00038570036357117083,paired_bootstrap_ddof1
Pendulum-v1,next-state,5,3.5__Pendulum-v1__next-state__H5,20,20,state_value,cos(theta),16,80.0,pearson,0.8028963014119463,,,1000,4146590996510975253,2,,
Pendulum-v1,next-state,5,3.5__Pendulum-v1__next-state__H5,20,20,state_value,cos(theta),16,80.0,cosine,0.999999694946764,,,1000,4146590996510975253,2,,
Pendulum-v1,next-state,5,3.5__Pendulum-v1__next-state__H5,20,20,state_value,sin(theta),16,80.0,nrmse,0.00594871341220113,0.0020152114188258393,,1000,4146590996510975253,2,0.005653688970093123,paired_bootstrap_ddof1
Pendulum-v1,next-state,5,3.5__Pendulum-v1__next-state__H5,20,20,state_value,sin(theta),16,80.0,pearson,0.9910682476240505,,,1000,4146590996510975253,2,,
Pendulum-v1,next-state,5,3.5__Pendulum-v1__next-state__H5,20,20,state_value,sin(theta),16,80.0,cosine,0.9769043004053897,,,1000,4146590996510975253,2,,
Pendulum-v1,next-state,5,3.5__Pendulum-v1__next-state__H5,20,20,state_value,angular_velocity,16,80.0,nrmse,0.009206020894171106,0.0012013777824789586,,1000,4146590996510975253,16,0.009164308030561818,paired_bootstrap_ddof1
Pendulum-v1,next-state,5,3.5__Pendulum-v1__next-state__H5,20,20,state_value,angular_velocity,16,80.0,pearson,0.7436591454006325,,,1000,4146590996510975253,16,,
Pendulum-v1,next-state,5,3.5__Pendulum-v1__next-state__H5,20,20,state_value,angular_velocity,16,80.0,cosine,0.7889482270878813,,,1000,4146590996510975253,16,,
Pendulum-v1,next-state,5,3.5__Pendulum-v1__next-state__H5,20,20,state_delta,cos(theta),15,75.0,nrmse,0.00041400359749283816,0.00015060164128903863,,1000,1537405518917975871,2,0.00038233815773998906,paired_bootstrap_ddof1
Pendulum-v1,next-state,5,3.5__Pendulum-v1__next-state__H5,20,20,state_delta,cos(theta),15,75.0,pearson,0.1500767615773595,,,1000,1537405518917975871,2,,
Pendulum-v1,next-state,5,3.5__Pendulum-v1__next-state__H5,20,20,state_delta,cos(theta),15,75.0,cosine,0.06801462020856047,,,1000,1537405518917975871,2,,
Pendulum-v1,next-state,5,3.5__Pendulum-v1__next-state__H5,20,20,state_delta,sin(theta),15,75.0,nrmse,0.005997824779471051,0.002126066223114005,,1000,1537405518917975871,2,0.005556958098833755,paired_bootstrap_ddof1
Pendulum-v1,next-state,5,3.5__Pendulum-v1__next-state__H5,20,20,state_delta,sin(theta),15,75.0,pearson,0.15722498634542353,,,1000,1537405518917975871,2,,
Pendulum-v1,next-state,5,3.5__Pendulum-v1__next-state__H5,20,20,state_delta,sin(theta),15,75.0,cosine,0.279005427961502,,,1000,1537405518917975871,2,,
Pendulum-v1,next-state,5,3.5__Pendulum-v1__next-state__H5,20,20,state_delta,angular_velocity,15,75.0,nrmse,0.009347541250039018,0.0012125987064348892,,1000,1537405518917975871,16,0.009256122865895005,paired_bootstrap_ddof1
Pendulum-v1,next-state,5,3.5__Pendulum-v1__next-state__H5,20,20,state_delta,angular_velocity,15,75.0,pearson,0.4193740891221319,,,1000,1537405518917975871,16,,
Pendulum-v1,next-state,5,3.5__Pendulum-v1__next-state__H5,20,20,state_delta,angular_velocity,15,75.0,cosine,0.40604510212790884,,,1000,1537405518917975871,16,,
Pendulum-v1,next-state,5,3.5__Pendulum-v1__next-state__H5,30,30,state_value,cos(theta),23,76.66666666666667,nrmse,0.0005261868747007507,0.00012384221169863194,,1000,12933532892842577262,2,0.0005145427038240846,paired_bootstrap_ddof1
Pendulum-v1,next-state,5,3.5__Pendulum-v1__next-state__H5,30,30,state_value,cos(theta),23,76.66666666666667,pearson,0.9678346492976208,,,1000,12933532892842577262,2,,
Pendulum-v1,next-state,5,3.5__Pendulum-v1__next-state__H5,30,30,state_value,cos(theta),23,76.66666666666667,cosine,0.9999995365296632,,,1000,12933532892842577262,2,,
Pendulum-v1,next-state,5,3.5__Pendulum-v1__next-state__H5,30,30,state_value,sin(theta),23,76.66666666666667,nrmse,0.009692621216547284,0.003095252621162342,,1000,12933532892842577262,2,0.009232904207336409,paired_bootstrap_ddof1
Pendulum-v1,next-state,5,3.5__Pendulum-v1__next-state__H5,30,30,state_value,sin(theta),23,76.66666666666667,pearson,0.9722920679309416,,,1000,12933532892842577262,2,,
Pendulum-v1,next-state,5,3.5__Pendulum-v1__next-state__H5,30,30,state_value,sin(theta),23,76.66666666666667,cosine,0.9577763756554798,,,1000,12933532892842577262,2,,
Pendulum-v1,next-state,5,3.5__Pendulum-v1__next-state__H5,30,30,state_value,angular_velocity,23,76.66666666666667,nrmse,0.009025710896577208,0.0010194372409648212,,1000,12933532892842577262,16,0.008989851376019502,paired_bootstrap_ddof1
Pendulum-v1,next-state,5,3.5__Pendulum-v1__next-state__H5,30,30,state_value,angular_velocity,23,76.66666666666667,pearson,0.7700509173709736,,,1000,12933532892842577262,16,,
Pendulum-v1,next-state,5,3.5__Pendulum-v1__next-state__H5,30,30,state_value,angular_velocity,23,76.66666666666667,cosine,0.8308413541168307,,,1000,12933532892842577262,16,,
Pendulum-v1,next-state,5,3.5__Pendulum-v1__next-state__H5,30,30,state_delta,cos(theta),22,73.33333333333333,nrmse,0.0005318304215432211,0.0001289730555280263,,1000,716322265984456552,2,0.0005092624840854,paired_bootstrap_ddof1
Pendulum-v1,next-state,5,3.5__Pendulum-v1__next-state__H5,30,30,state_delta,cos(theta),22,73.33333333333333,pearson,-0.3437539424955589,,,1000,716322265984456552,2,,
Pendulum-v1,next-state,5,3.5__Pendulum-v1__next-state__H5,30,30,state_delta,cos(theta),22,73.33333333333333,cosine,-0.40770969128400264,,,1000,716322265984456552,2,,
Pendulum-v1,next-state,5,3.5__Pendulum-v1__next-state__H5,30,30,state_delta,sin(theta),22,73.33333333333333,nrmse,0.00984824177977471,0.003259594290791414,,1000,716322265984456552,2,0.00941595133099754,paired_bootstrap_ddof1
Pendulum-v1,next-state,5,3.5__Pendulum-v1__next-state__H5,30,30,state_delta,sin(theta),22,73.33333333333333,pearson,-0.3376049328027345,,,1000,716322265984456552,2,,
Pendulum-v1,next-state,5,3.5__Pendulum-v1__next-state__H5,30,30,state_delta,sin(theta),22,73.33333333333333,cosine,-0.3791543327303906,,,1000,716322265984456552,2,,
Pendulum-v1,next-state,5,3.5__Pendulum-v1__next-state__H5,30,30,state_delta,angular_velocity,22,73.33333333333333,nrmse,0.009116409621939483,0.001055347293850865,,1000,716322265984456552,16,0.009095515788953863,paired_bootstrap_ddof1
Pendulum-v1,next-state,5,3.5__Pendulum-v1__next-state__H5,30,30,state_delta,angular_velocity,22,73.33333333333333,pearson,0.3976493979741358,,,1000,716322265984456552,16,,
Pendulum-v1,next-state,5,3.5__Pendulum-v1__next-state__H5,30,30,state_delta,angular_velocity,22,73.33333333333333,cosine,0.40303262805473855,,,1000,716322265984456552,16,,
